scene_id,filename,exposure_index,entropy,saturated_ratio,dark_ratio,mean_luma,quality_score
Scene4_t000,1P0A2006.dng,0,0.02414536084199924,0.9990691915263543,0.0,0.999727725982666,-1.9739930222107094
Scene4_t000,1P0A2007.dng,1,0.13356663794011187,0.9925692601573939,0.0,0.9970472455024719,-1.8515718823746758
Scene4_t000,1P0A2008.dng,2,0.1934258052667082,0.9821530700951684,0.0,0.9942317008972168,-1.7708803349236286
Scene4_t000,1P0A2009.dng,3,0.3136250369311115,0.9303423545021962,0.0,0.983467698097229,-1.5470596720732808
Scene4_t000,1P0A2010.dng,4,0.533317389226306,0.7317741695644217,0.0,0.9447383284568787,-0.9302309499025373
Scene4_t000,1P0A2011.dng,5,0.7028241415009062,0.4650982567715959,1.4298133235724744e-06,0.87030428647995,-0.22737380185560913
Scene4_t000,1P0A2012.dng,6,0.8192622133085938,0.31338648426061494,5.719253294289898e-05,0.7528189420700073,0.19243205225442106
Scene4_t000,1P0A2013.dng,7,0.8733505729608464,0.2405260569180088,0.0008979227672035139,0.6159313917160034,0.3914005363576253
Scene4_t000,1P0A2014.dng,8,0.8876469013559256,0.19914868914714495,0.008307215409956076,0.4830772578716278,0.48104230765167966
Scene4_t000,1P0A2015.dng,9,0.8711134518472303,0.16231383830527085,0.023892180636896045,0.37717393040657043,0.5225935945997926
Scene4_t000,1P0A2016.dng,10,0.8258517505690173,0.11886324121522694,0.13705332631771597,0.28875112533569336,0.4510719418208474
Scene4_t000,1P0A2017.dng,11,0.7700131273414919,0.022735461658125913,0.3252367770863836,0.22061346471309662,0.39930542693885646
Scene4_t000,1P0A2018.dng,12,0.6788696149578722,0.0,0.5323795525256223,0.16019874811172485,0.14649006243224993
Scene4_t000,1P0A2019.dng,13,0.5689877720202283,0.0,0.6827816160322109,0.10874997824430466,-0.11379384401198256
Scene4_t000,1P0A2020.dng,14,0.46403162349955557,0.0,0.73431494784041,0.049819689244031906,-0.2702833243408544
Scene4_t001,1P0A2021.dng,0,0.0394894628409279,0.998324258784773,0.0,0.9994817972183228,-1.9571590547286182
Scene4_t001,1P0A2022.dng,1,0.1648005201203901,0.9848482682101025,0.0,0.9953917264938354,-1.8048960162998149
Scene4_t001,1P0A2023.dng,2,0.2207645656068246,0.9617653619143485,0.0,0.9918380975723267,-1.7027661582218723
Scene4_t001,1P0A2024.dng,3,0.33704523070477715,0.882100452964861,0.0,0.9787098169326782,-1.4271556752249448
Scene4_t001,1P0A2025.dng,4,0.5511301347042501,0.6991758556002928,0.0,0.9362349510192871,-0.8472215764963356
Scene4_t001,1P0A2026.dng,5,0.7110282353360833,0.4635612074487555,0.0,0.8603169918060303,-0.21609417956142773
Scene4_t001,1P0A2027.dng,6,0.8258880938091732,0.3132849675146413,7.720991947291362e-05,0.7418053150177002,0.19924094886041765
Scene4_t001,1P0A2028.dng,7,0.8767280935663444,0.24126527040629575,0.0013511735907759882,0.6096720695495605,0.39284637916297693
Scene4_t001,1P0A2029.dng,8,0.88905777396212,0.1996348256771596,0.008284338396778916,0.4808620512485504,0.48150378421102197
Scene4_t001,1P0A2030.dng,9,0.8747073411587216,0.1608211131954612,0.03342331625183016,0.37592610716819763,0.519641798515969
Scene4_t001,1P0A2031.dng,10,0.8277741084417924,0.11659126784407028,0.1403704932284041,0.2890966534614563,0.4542210795252478
Scene4_t001,1P0A2032.dng,11,0.7746567236247206,0.02850618823206442,0.31369675375183015,0.22102893888950348,0.40394759340876163
Scene4_t001,1P0A2033.dng,12,0.6800954993305747,0.0,0.5392955595717424,0.1599043756723404,0.14079993975883232
Scene4_t001,1P0A2034.dng,13,0.5675532132196834,0.0,0.6880733551427526,0.10706304758787155,-0.12052014192306915
Scene4_t001,1P0A2035.dng,14,0.41441889081904115,0.0,0.8024727191617862,0.07051605731248856,-0.38805382834274504
Scene4_t002,1P0A2036.dng,0,0.04022911933504063,0.9983943196376281,0.0,0.9994619488716125,-1.9565595199402157
Scene4_t002,1P0A2037.dng,1,0.16732604034034815,0.9849426358894583,0.0,0.9953056573867798,-1.8025592314385683
Scene4_t002,1P0A2038.dng,2,0.2214846860643394,0.960355565977306,0.0,0.9917035698890686,-1.6992264458902726
Scene4_t002,1P0A2039.dng,3,0.3374400604697899,0.8867645040263543,0.0,0.9786701202392578,-1.4360889475829186
Scene4_t002,1P0A2040.dng,4,0.548140151322256,0.7054041224377745,0.0,0.9367547035217285,-0.862668093553293
Scene4_t002,1P0A2041.dng,5,0.710573724066944,0.4623072611639824,1.1438506588579795e-05,0.8601168990135193,-0.21405223676760943
Scene4_t002,1P0A2042.dng,6,0.8241288030172711,0.3183136209736457,6.577141288433382e-05,0.7442834973335266,0.1874357896570954
Scene4_t002,1P0A2043.dng,7,0.8775686487879643,0.2406404419838946,0.0014426816434846266,0.6118300557136536,0.3948450831766905
Scene4_t002,1P0A2044.dng,8,0.8900799273058468,0.1983308359260615,0.008297206716691069,0.4823665916919708,0.48512104873703277
Scene4_t002,1P0A2045.dng,9,0.874914976285015,0.161744772602489,0.030791029923133234,0.3759528696537018,0.5206344011569038
Scene4_t002,1P0A2046.dng,10,0.8288845753006768,0.11689581808199122,0.14277829886530014,0.2894599735736847,0.45231464027139423
Scene4_t002,1P0A2047.dng,11,0.7772076447325122,0.025570781478770132,0.3102094390556369,0.22082895040512085,0.4158566427193351
Scene4_t002,1P0A2048.dng,12,0.6809437282152748,0.0,0.5470665949853587,0.1585875004529953,0.13387713322991612
Scene4_t002,1P0A2049.dng,13,0.5697020546510011,0.0,0.6904311173133236,0.10629308968782425,-0.12072906266232253
Scene4_t002,1P0A2050.dng,14,0.44721961032789787,0.0,0.7687820278184481,0.05152227357029915,-0.3215624174905502
Scene4_t003,1P0A2051.dng,0,0.039789739601848007,0.9983700128111274,0.0,0.9994623064994812,-1.9569502860204067
Scene4_t003,1P0A2052.dng,1,0.17315895966807016,0.9863238355600292,0.0,0.9951622486114502,-1.7994887114519882
Scene4_t003,1P0A2053.dng,2,0.22094807229151828,0.9599023151537335,0.0,0.9916823506355286,-1.6988565580159487
Scene4_t003,1P0A2054.dng,3,0.33626486866874683,0.8841107704978038,0.0,0.9784533381462097,-1.4319566723268609
Scene4_t003,1P0A2055.dng,4,0.5506527117904414,0.6994575288250366,0.0,0.935401201248169,-0.8482623458596319
Scene4_t003,1P0A2056.dng,5,0.7120469066611058,0.46158091599560763,1.286831991215227e-05,0.8590201139450073,-0.2111277936500216
Scene4_t003,1P0A2057.dng,6,0.824198690236376,0.31636335560029283,5.57627196193265e-05,0.7457709312438965,0.19141621631617106
Scene4_t003,1P0A2058.dng,7,0.8787701993826091,0.23995127196193264,0.0015184617496339678,0.6117584109306335,0.39734919370910987
Scene4_t003,1P0A2059.dng,8,0.8938154503585017,0.19642632457906295,0.008570301061493412,0.4833587110042572,0.4923925001388824
Scene4_t003,1P0A2060.dng,9,0.8762437491098872,0.1593455458455344,0.031097009974377744,0.3762580454349518,0.5264556474444407
Scene4_t003,1P0A2061.dng,10,0.833603643506573,0.112491993045388,0.14153293146046853,0.2891431152820587,0.4670867259553285
Scene4_t003,1P0A2062.dng,11,0.7721524955887242,0.024371168100292825,0.3363978998901903,0.21858905255794525,0.38701225949794826
Scene4_t003,1P0A2063.dng,12,0.682623512941517,1.4298133235724744e-06,0.5342411694729137,0.15857599675655365,0.1483794838419562
Scene4_t003,1P0A2064.dng,13,0.5715036570777976,0.0,0.6792785733894583,0.10648556798696518,-0.1077749163116607
Scene4_t003,1P0A2065.dng,14,0.479083922029914,0.0,0.7483628637445096,0.06987553089857101,-0.26927894171459554
Scene4_t004,1P0A2066.dng,0,0.04074889215033853,0.998324258784773,0.0,0.9994454979896545,-1.9558996254192076
Scene4_t004,1P0A2067.dng,1,0.16885907675686893,0.9838874336566618,0.0,0.9951784610748291,-1.7989157905564546
Scene4_t004,1P0A2068.dng,2,0.2289754928706456,0.967161477397511,0.0,0.991519033908844,-1.7053474619243765
Scene4_t004,1P0A2069.dng,3,0.3363896973748984,0.8828096403733529,0.0,0.9783799052238464,-1.4292295833718074
Scene4_t004,1P0A2070.dng,4,0.5481613567317918,0.7065722799231332,0.0,0.9361405372619629,-0.8649832031144746
Scene4_t004,1P0A2071.dng,5,0.7089555048162239,0.46660670982796487,1.0008693265007321e-05,0.861185610294342,-0.22426792353297081
Scene4_t004,1P0A2072.dng,6,0.8245538492730836,0.32182238286969256,8.292917276720352e-05,0.7442632913589478,0.1808261543609313
Scene4_t004,1P0A2073.dng,7,0.8794741866356198,0.24109798224743778,0.0015584965226939972,0.6123753786087036,0.39571972561805024
Scene4_t004,1P0A2074.dng,8,0.8938817035779213,0.19692675924231332,0.008716142020497804,0.4827921986579895,0.4913120430727968
Scene4_t004,1P0A2075.dng,9,0.8798372791671383,0.1588679881954612,0.019868685944363106,0.3794805109500885,0.5422326168318528
Scene4_t004,1P0A2076.dng,10,0.8351583288305613,0.11124090638726208,0.14340169747437775,0.2880019545555115,0.46927481858165937
Scene4_t004,1P0A2077.dng,11,0.7731609195485494,0.025140407668374817,0.3388400210468521,0.21753713488578796,0.3840400831649476
Scene4_t004,1P0A2078.dng,12,0.6837098582438081,1.4298133235724744e-06,0.5249144971632503,0.1574966460466385,0.15879250145391066
Scene4_t004,1P0A2079.dng,13,0.5717976957329998,0.0,0.6766491466874085,0.10601513832807541,-0.10485145095440873
Scene4_t004,1P0A2080.dng,14,0.4269971664307671,0.0,0.7757051839311859,0.07666800171136856,-0.3487080175004188
Scene4_t005,1P0A2081.dng,0,0.0422447862431378,0.9982770749450952,0.0,0.9994261860847473,-1.9543093636470525
Scene4_t005,1P0A2082.dng,1,0.16909528544263613,0.9841805453879942,0.0,0.9951318502426147,-1.7992658053333521
Scene4_t005,1P0A2083.dng,2,0.22188782212288488,0.9572828971449487,0.0,0.991434633731842,-1.6926779721670127
Scene4_t005,1P0A2084.dng,3,0.34462093664338506,0.8754689787701317,0.0,0.9770482778549194,-1.4063170208968785
Scene4_t005,1P0A2085.dng,4,0.5463552773570048,0.7094762307833089,0.0,0.9362549781799316,-0.872597184209613
Scene4_t005,1P0A2086.dng,5,0.7085622409367897,0.4672772922767203,0.0,0.8610106110572815,-0.225992343616651
Scene4_t005,1P0A2087.dng,6,0.8255732628797913,0.32401428669472915,7.149066617862372e-05,0.7438464760780334,0.17747319882415435
Scene4_t005,1P0A2088.dng,7,0.880396659330557,0.2397468086566618,0.0015956716691068813,0.6133607029914856,0.3993073703481265
Scene4_t005,1P0A2089.dng,8,0.8956678479228324,0.19543975338579794,0.009232304630307468,0.4833679497241974,0.49555603652092906
Scene4_t005,1P0A2090.dng,9,0.8820332141741664,0.15710359855417277,0.021278481881405565,0.3799824118614197,0.5465475351844152
Scene4_t005,1P0A2091.dng,10,0.8383056877058777,0.10790086246339678,0.14381634333821378,0.2886268198490143,0.47868761944087024
Scene4_t005,1P0A2092.dng,11,0.7747875774621248,0.021238447108345535,0.33397722593338214,0.21661780774593353,0.39833345731205155
Scene4_t005,1P0A2093.dng,12,0.6837815135046711,1.4298133235724744e-06,0.536437362737921,0.1556662768125534,0.14734129114010297
Scene4_t005,1P0A2094.dng,13,0.5710330759887126,0.0,0.6848705732979502,0.10382398217916489,-0.11383749730923765
Scene4_t005,1P0A2095.dng,14,0.47873053437092916,0.0,0.7471518118594437,0.0714227557182312,-0.2684212774885145
Scene4_t006,1P0A2096.dng,0,0.042665216830198194,0.9981526811859444,0.0,0.9994158148765564,-1.9536401455416905
Scene4_t006,1P0A2097.dng,1,0.17461881797721096,0.9852500457540263,0.0,0.9950080513954163,-1.7958812735308416
Scene4_t006,1P0A2098.dng,2,0.22661036228123793,0.9615508899158126,0.0,0.9913575053215027,-1.6964914175503873
Scene4_t006,1P0A2099.dng,3,0.33457161067242,0.8829183061859444,0.0,0.9781500101089478,-1.4312650016994688
Scene4_t006,1P0A2100.dng,4,0.5449275716691802,0.713195175237921,0.0,0.9364623427391052,-0.8814627788066618
Scene4_t006,1P0A2101.dng,5,0.7085445203393397,0.47483385569180087,0.0,0.8604374527931213,-0.24112319104426205
Scene4_t006,1P0A2102.dng,6,0.8241915399231,0.32159647236456806,7.006085285505125e-05,0.747154712677002,0.18092853434110884
Scene4_t006,1P0A2103.dng,7,0.8811440263136259,0.24092783446193264,0.0016700219619326501,0.6139060854911804,0.39761833542782793
Scene4_t006,1P0A2104.dng,8,0.8992059109456739,0.19423156112737922,0.00971415172035139,0.48567917943000793,0.5010286369705641
Scene4_t006,1P0A2105.dng,9,0.8833641576461699,0.154908835102489,0.023320255307467057,0.37882184982299805,0.5502262321337249
Scene4_t006,1P0A2106.dng,10,0.8403326417513356,0.10689427388360176,0.14581236273792095,0.28731459379196167,0.48073173124621105
Scene4_t006,1P0A2107.dng,11,0.7802021270123365,0.021065439696193265,0.3208329520497804,0.2171841561794281,0.4172382955701695
Scene4_t006,1P0A2108.dng,12,0.6855644723010033,4.289439970717423e-06,0.5312442807467057,0.15583284199237823,0.1543116126743561
Scene4_t006,1P0A2109.dng,13,0.5709085364563843,0.0,0.6873884745607614,0.10236328840255737,-0.11647993810437707
Scene4_t006,1P0A2110.dng,14,0.4135612136148904,0.0,0.7845986228038068,0.07255446910858154,-0.37103740918891637
Scene4_t007,1P0A2111.dng,0,0.042278153788464536,0.9982198824121523,0.0,0.9994175434112549,-1.9541616110358402
Scene4_t007,1P0A2112.dng,1,0.16969394028439014,0.9836643827781845,0.0,0.995045006275177,-1.7976348252719787
Scene4_t007,1P0A2113.dng,2,0.22057383228063893,0.957683244875549,0.0,0.9914186000823975,-1.694792657470459
Scene4_t007,1P0A2114.dng,3,0.33476822711239024,0.8861439650439239,0.0,0.9781900644302368,-1.4375197029754576
Scene4_t007,1P0A2115.dng,4,0.5496961932951263,0.7051753523060029,0.0,0.9346981644630432,-0.8606545113168795
Scene4_t007,1P0A2116.dng,5,0.7069969349319365,0.47097478953147875,1.4298133235724744e-06,0.8616794943809509,-0.2349540739443446
Scene4_t007,1P0A2117.dng,6,0.8245053620403704,0.3194646206991215,8.006954612005857e-05,0.7481399774551392,0.1854960510960073
Scene4_t007,1P0A2118.dng,7,0.8836348097322838,0.24170279328330893,0.001784407027818448,0.6114982962608337,0.3984448161378475
Scene4_t007,1P0A2119.dng,8,0.8996013370569335,0.19391843200951683,0.010523426061493412,0.4843866527080536,0.5012410469764065
Scene4_t007,1P0A2120.dng,9,0.8850414131760955,0.15336320689970717,0.025682306918008786,0.3785286545753479,0.5526326924586724
Scene4_t007,1P0A2121.dng,10,0.8411508767303728,0.10663976711200586,0.14748953376647145,0.2874743938446045,0.48038180873988967
Scene4_t007,1P0A2122.dng,11,0.7812539391541486,0.023516139732796485,0.313921234443631,0.21621763706207275,0.42030042524492467
Scene4_t007,1P0A2123.dng,12,0.6858104476049584,1.4298133235724744e-06,0.5279371225292826,0.15382860600948334,0.1578704654490286
Scene4_t007,1P0A2124.dng,13,0.5732122919427752,0.0,0.6825385477672035,0.10205556452274323,-0.10932625582442823
Scene4_t007,1P0A2125.dng,14,0.4134263126513283,0.0,0.7961743914714495,0.06698211282491684,-0.38274807882012124
Scene4_t008,1P0A2126.dng,0,0.04304398856686467,0.9980211383601757,0.0,0.9994031190872192,-1.9529982881534866
Scene4_t008,1P0A2127.dng,1,0.17673109585254984,0.9853901674597365,0.0,0.9948911666870117,-1.7940492390669232
Scene4_t008,1P0A2128.dng,2,0.22185922006485034,0.9557515670754027,0.0,0.9912315011024475,-1.689643914085955
Scene4_t008,1P0A2129.dng,3,0.3355319534644984,0.8858580023792094,0.0,0.977977991104126,-1.4361840512939206
Scene4_t008,1P0A2130.dng,4,0.542494052182497,0.7176905083272328,0.0,0.9362726211547852,-0.8928869644719686
Scene4_t008,1P0A2131.dng,5,0.7068413084471173,0.472084324670571,1.1438506588579795e-05,0.8612851500511169,-0.2373387794006132
Scene4_t008,1P0A2132.dng,6,0.8247014457888127,0.32090873215592974,6.291178623718887e-05,0.7483767867088318,0.182821069690716
Scene4_t008,1P0A2133.dng,7,0.8844233727702896,0.24411774798682284,0.0018473188140556368,0.6126672625541687,0.39434055798258827
Scene4_t008,1P0A2134.dng,8,0.9010460662622926,0.19280460743045388,0.010473382595168374,0.48439934849739075,0.5049634688062163
Scene4_t008,1P0A2135.dng,9,0.8868536959677672,0.15164600109809664,0.027694054264275257,0.3774346709251404,0.5558676395072987
Scene4_t008,1P0A2136.dng,10,0.8421095389184283,0.10270635065885798,0.14530191938140558,0.28595730662345886,0.4913949182193068
Scene4_t008,1P0A2137.dng,11,0.7824661438647327,0.02091673911054173,0.3117035939787701,0.2147759199142456,0.42892907166487915
Scene4_t008,1P0A2138.dng,12,0.6858941889395048,1.4298133235724744e-06,0.5293540675329429,0.15289446711540222,0.15653726177991478
Scene4_t008,1P0A2139.dng,13,0.572772818013539,0.0,0.6831347799231332,0.10143167525529861,-0.11036196190959424
Scene4_t008,1P0A2140.dng,14,0.44681634252203056,0.0,0.7694726276537335,0.04751911386847496,-0.3226562851317029
Scene4_t009,1P0A2141.dng,0,0.04372426202908898,0.9978938849743777,0.0,0.9993855357170105,-1.9520635079196664
Scene4_t009,1P0A2142.dng,1,0.173709848781174,0.9838230920571011,0.0,0.994880199432373,-1.7939363353330282
Scene4_t009,1P0A2143.dng,2,0.22324166390902114,0.9551467560395315,0.0,0.9910683035850525,-1.6870518481700418
Scene4_t009,1P0A2144.dng,3,0.3391789753184331,0.8872120355966325,0.0,0.9777205586433411,-1.435245095874832
Scene4_t009,1P0A2145.dng,4,0.544474459857061,0.7104899684297218,0.0,0.9359588623046875,-0.8765054770023826
Scene4_t009,1P0A2146.dng,5,0.7095857718303158,0.4739788273243045,4.289439970717423e-06,0.8595489263534546,-0.23837617225826396
Scene4_t009,1P0A2147.dng,6,0.825954726175943,0.3207157073572474,7.863973279648609e-05,0.7471463680267334,0.1844446717286517
Scene4_t009,1P0A2148.dng,7,0.8845971032893661,0.24236193722547583,0.0017672492679355783,0.613965630531311,0.3981059795704789
Scene4_t009,1P0A2149.dng,8,0.9032588411788616,0.1922741466874085,0.010546303074670572,0.48416683077812195,0.508164244729374
Scene4_t009,1P0A2150.dng,9,0.8905818829427459,0.14746951637994143,0.033230291453147875,0.37793344259262085,0.5624125587297151
Scene4_t009,1P0A2151.dng,10,0.8446009348781138,0.10042293878111273,0.14556786465959004,0.28532031178474426,0.4981871926562983
Scene4_t009,1P0A2152.dng,11,0.7839276451206865,0.019146630215959005,0.32429881954612005,0.21323463320732117,0.42133556514264836
Scene4_t009,1P0A2153.dng,12,0.6874784775968565,5.719253294289898e-06,0.512952678898243,0.15210650861263275,0.17451436019202493
Scene4_t009,1P0A2154.dng,13,0.5720030125135794,0.0,0.6794472913616398,0.09972982853651047,-0.1074442788480604
Scene4_t009,1P0A2155.dng,14,0.47953501418411837,0.0,0.7379023494692533,0.05701276287436485,-0.2583673352851349
Scene4_t010,1P0A2156.dng,0,0.04409771986137433,0.9981126464128843,0.0,0.9993832111358643,-1.9521275729643943
Scene4_t010,1P0A2157.dng,1,0.17397074163306128,0.9835828834187409,0.0,0.9948346018791199,-1.7931950252044204
Scene4_t010,1P0A2158.dng,2,0.22701909008448481,0.9600052617130308,0.0,0.9910725355148315,-1.6929914333415768
Scene4_t010,1P0A2159.dng,3,0.3351915935409647,0.8801344596449487,0.0,0.9776414632797241,-1.4250773257489326
Scene4_t010,1P0A2160.dng,4,0.5437133170956896,0.7149266791727672,0.0,0.9356383681297302,-0.8861400412498448
Scene4_t010,1P0A2161.dng,5,0.7075914188457647,0.474422069454612,2.859626647144949e-06,0.8607242107391357,-0.24125557969010647
Scene4_t010,1P0A2162.dng,6,0.8312132564117204,0.3149621385431918,9.007823938506589e-05,0.7403446435928345,0.20119890108595168
Scene4_t010,1P0A2163.dng,7,0.8858134730487084,0.2405675215043924,0.0018887834004392386,0.6157162189483643,0.40278964663948436
Scene4_t010,1P0A2164.dng,8,0.9070825997639413,0.18900988286969253,0.011222604776720352,0.4862060844898224,0.5178402292478359
Scene4_t010,1P0A2165.dng,9,0.8913423534169647,0.14478718658491949,0.037538318997071746,0.37627875804901123,0.5642296612500539
Scene4_t010,1P0A2166.dng,10,0.8475975902025984,0.0978850201317716,0.14645434892020498,0.28490325808525085,0.5053732010188503
Scene4_t010,1P0A2167.dng,11,0.7830093174393824,0.016232670662518302,0.3331007503660322,0.21127019822597504,0.41744322574831355
Scene4_t010,1P0A2168.dng,12,0.6863719520434343,0.0,0.5255150187591509,0.15057627856731415,0.1608569332842834
Scene4_t010,1P0A2169.dng,13,0.572845854239223,0.0,0.6687294106881405,0.09841618686914444,-0.09588355644891755
Scene4_t010,1P0A2170.dng,14,0.47049315998785757,0.0,0.7482398997986823,0.07123613357543945,-0.27774673981082476
Scene4_t011,1P0A2171.dng,0,0.04534255735683133,0.9980154191068814,0.0,0.9993595480918884,-1.9506882808569315
Scene4_t011,1P0A2172.dng,1,0.17693008273079222,0.9840790286420205,0.0,0.9947512149810791,-1.7912279745532487
Scene4_t011,1P0A2173.dng,2,0.23030098871302265,0.9664951843887262,0.0,0.9909485578536987,-1.7026893800644296
Scene4_t011,1P0A2174.dng,3,0.3390969021370304,0.8869146344253295,0.0,0.9775875806808472,-1.4347323667136285
Scene4_t011,1P0A2175.dng,4,0.5447764656154122,0.7148737760797951,0.0,0.9351693391799927,-0.884971086544178
Scene4_t011,1P0A2176.dng,5,0.7069296750796159,0.47409178257686674,1.4298133235724744e-06,0.8610633611679077,-0.24125531988744114
Scene4_t011,1P0A2177.dng,6,0.8273213282902045,0.3225086932650073,0.00010723599926793558,0.7464324831962585,0.182196705760922
Scene4_t011,1P0A2178.dng,7,0.8875835911578432,0.24331562271229867,0.001993159773060029,0.613622784614563,0.39895918596018587
Scene4_t011,1P0A2179.dng,8,0.907323297336072,0.1889755673499268,0.011833135065885798,0.4833924174308777,0.5175390275703327
Scene4_t011,1P0A2180.dng,9,0.8934486913342082,0.14204766425695461,0.04611576912518302,0.37347307801246643,0.563237593695116
Scene4_t011,1P0A2181.dng,10,0.8488218862387047,0.09713436813689605,0.1500789256954612,0.2833607792854309,0.5044742242694514
Scene4_t011,1P0A2182.dng,11,0.7840471274884712,0.01912804264275256,0.3159387010431918,0.210660919547081,0.42985234115977417
Scene4_t011,1P0A2183.dng,12,0.6874381480917608,0.0,0.5242138886346999,0.14847207069396973,0.16322425945706098
Scene4_t011,1P0A2184.dng,13,0.5730514868772094,0.0,0.668156055545388,0.09698907285928726,-0.09510456866817862
Scene4_t011,1P0A2185.dng,14,0.4797698738304333,0.0,0.7393564696193266,0.0559198297560215,-0.25958659578889326
Scene4_t012,1P0A2186.dng,0,0.046667200730252795,0.9977937980417276,0.0,0.9993327260017395,-1.9489203953532024
Scene4_t012,1P0A2187.dng,1,0.17333618083733365,0.9821287632686676,0.0,0.9947219491004944,-1.7909213457000015
Scene4_t012,1P0A2188.dng,2,0.22961821232857874,0.9659375571925329,0.0,0.9908642172813416,-1.702256902056487
Scene4_t012,1P0A2189.dng,3,0.3355549583515855,0.8788290400805271,0.0,0.9773882031440735,-1.4221031218094686
Scene4_t012,1P0A2190.dng,4,0.5436493385409882,0.7135883739019033,0.0,0.9353159666061401,-0.8835274092628185
Scene4_t012,1P0A2191.dng,5,0.7081581073418195,0.47225447245607616,0.0,0.8603207468986511,-0.23635083757033282
Scene4_t012,1P0A2192.dng,6,0.8275277089241267,0.3212733345534407,8.292917276720352e-05,0.7475661635398865,0.18489811064447814
Scene4_t012,1P0A2193.dng,7,0.8883791793317256,0.241220946193265,0.0020803783857979504,0.6137086153030396,0.40385690855939765
Scene4_t012,1P0A2194.dng,8,0.9092503501456435,0.18713682741581258,0.012209175969985359,0.48465216159820557,0.5227675193440329
Scene4_t012,1P0A2195.dng,9,0.8962781966353419,0.13814999313689605,0.047835834553440704,0.3736123740673065,0.5721423758081092
Scene4_t012,1P0A2196.dng,10,0.8556624892227976,0.09270194683382138,0.1489622414897511,0.2832021117210388,0.5212963540654038
Scene4_t012,1P0A2197.dng,11,0.7893062542136442,0.01301845031112738,0.3142815474011713,0.20935538411140442,0.44898780619021816
Scene4_t012,1P0A2198.dng,12,0.6841487528822929,2.859626647144949e-06,0.5378743251281113,0.1458916962146759,0.14626870850088736
Scene4_t012,1P0A2199.dng,13,0.5684997145039203,0.0,0.6831505078696926,0.0952073484659195,-0.11465079336577222
Scene4_t012,1P0A2200.dng,14,0.4686015402727323,0.0,0.7529582837664714,0.06847193837165833,-0.28435674349373913
Scene4_t013,1P0A2201.dng,0,0.04765608767508592,0.9977437545754027,0.0,0.9993103742599487,-1.9478314214757193
Scene4_t013,1P0A2202.dng,1,0.17712028985626987,0.9813337870607614,0.0,0.9944939017295837,-1.7855472842652529
Scene4_t013,1P0A2203.dng,2,0.22911868132415583,0.9550724057467057,0.0,0.9905701875686646,-1.6810261301692555
Scene4_t013,1P0A2204.dng,3,0.34011364657664445,0.8774507000366032,0.0,0.9767630100250244,-1.414787753496562
Scene4_t013,1P0A2205.dng,4,0.5500273839897902,0.7021498673133236,0.0,0.9337542653083801,-0.854272350636857
Scene4_t013,1P0A2206.dng,5,0.7108501361793456,0.46653950860175697,4.289439970717423e-06,0.8585623502731323,-0.2222331704641391
Scene4_t013,1P0A2207.dng,6,0.8302062567875781,0.3164991878660322,9.436767935578331e-05,0.7446703910827637,0.1971135133761579
Scene4_t013,1P0A2208.dng,7,0.8911141067909761,0.23631096724011713,0.002290560944363104,0.6118379235267639,0.4162016113663788
Scene4_t013,1P0A2209.dng,8,0.9134398480139921,0.18215821742313323,0.013044186950951683,0.4802967309951782,0.536079226216774
Scene4_t013,1P0A2210.dng,9,0.8992354019244683,0.13322142661054173,0.05063683885431918,0.3698365092277527,0.5821557098490656
Scene4_t013,1P0A2211.dng,10,0.8486630791854421,0.08842251555636896,0.14648008556002928,0.27830249071121216,0.5253379625126751
Scene4_t013,1P0A2212.dng,11,0.7831575671414139,0.013068493777452415,0.3220840387079063,0.20490704476833344,0.43493654087860284
Scene4_t013,1P0A2213.dng,12,0.6803736979802775,0.0,0.5235189993594437,0.14240533113479614,0.1568546986208338
Scene4_t013,1P0A2214.dng,13,0.5636158819997786,0.0,0.678908251738653,0.09135899692773819,-0.11529236973887436
Scene4_t013,1P0A2215.dng,14,0.43277769672005456,0.0,0.7843155197657394,0.041030868887901306,-0.35153782304568487
Scene4_t014,1P0A2216.dng,0,0.0494438244387767,0.9978080961749634,0.0,0.9992637634277344,-1.94617236791115
Scene4_t014,1P0A2217.dng,1,0.18598124015415987,0.9819571856698389,0.0,0.9942179918289185,-1.777933131185518
Scene4_t014,1P0A2218.dng,2,0.23420409349430193,0.9520755170204978,0.0,0.9900943636894226,-1.6699469405466936
Scene4_t014,1P0A2219.dng,3,0.3511120062802245,0.8750371751464129,0.0,0.9756481051445007,-1.3989623440126013
Scene4_t014,1P0A2220.dng,4,0.5572588796666824,0.6923098920204978,0.0,0.9319077134132385,-0.8273609043743131
Scene4_t014,1P0A2221.dng,5,0.7182987358019932,0.45624342285871156,1.4298133235724744e-06,0.8547583818435669,-0.19418953972875347
Scene4_t014,1P0A2222.dng,6,0.8356986390258224,0.3115548933931186,0.00014441114568081992,0.7377087473869324,0.21244444109390442
Scene4_t014,1P0A2223.dng,7,0.8954005594206915,0.23129375228770133,0.0026980577415812593,0.6030684113502502,0.4301149971037076
Scene4_t014,1P0A2224.dng,8,0.9157453031398601,0.17698944225841873,0.014030758144216691,0.47306016087532043,0.547735660478806
Scene4_t014,1P0A2225.dng,9,0.9010669316994033,0.12619818356515372,0.05489911237188873,0.3630470633506775,0.5937714521972072
Scene4_t014,1P0A2226.dng,10,0.847338425204327,0.08539989019033675,0.14806002928257686,0.2730478346347809,0.5284786155410766
Scene4_t014,1P0A2227.dng,11,0.7819005435692783,0.00781821925329429,0.329860793374817,0.1987442970275879,0.4364033116878727
Scene4_t014,1P0A2228.dng,12,0.6697935309563423,0.0,0.5323094916727672,0.13398194313049316,0.1374840392835751
Scene4_t014,1P0A2229.dng,13,0.5549171034209788,0.0,0.688978426976574,0.08735672384500504,-0.1340613235555952
Scene4_t014,1P0A2230.dng,14,0.3909350310855069,0.0,0.7900976848462665,0.05917975679039955,-0.3991626537607596
Scene4_t015,1P0A2231.dng,0,0.053757815891291624,0.9974106080710102,0.0,0.9991649985313416,-1.9410634002507288
Scene4_t015,1P0A2232.dng,1,0.19012939889944286,0.9796766334187409,0.0,0.9938057065010071,-1.769223867938039
Scene4_t015,1P0A2233.dng,2,0.23691058019744862,0.9379990048499268,0.0,0.9895077347755432,-1.639087429502405
Scene4_t015,1P0A2234.dng,3,0.3602583161037699,0.8667113721632503,0.0,0.9744172692298889,-1.3731644282227307
Scene4_t015,1P0A2235.dng,4,0.568115881292494,0.668858093887262,0.0,0.9283499717712402,-0.76960030648203
Scene4_t015,1P0A2236.dng,5,0.7293342723619857,0.4378989179172767,2.859626647144949e-06,0.8487019538879395,-0.14646642309921487
Scene4_t015,1P0A2237.dng,6,0.8413496891106911,0.30020503523060027,0.00012725338579795022,0.7314983010292053,0.2408123652636926
Scene4_t015,1P0A2238.dng,7,0.9008641588044339,0.22369286465959004,0.0030126166727672036,0.5938977003097534,0.45046581281248665
Scene4_t015,1P0A2239.dng,8,0.9179878637920902,0.17017495195827234,0.014529762994143484,0.46367913484573364,0.563108196881402
Scene4_t015,1P0A2240.dng,9,0.9020359078538261,0.11758498810395315,0.06640339037335286,0.3540284037590027,0.6004625412725669
Scene4_t015,1P0A2241.dng,10,0.8477719545508143,0.07835948938506589,0.1508581739568082,0.2645021378993988,0.5401948018238744
Scene4_t015,1P0A2242.dng,11,0.7794881556604555,0.00361742770863836,0.3321599331991215,0.19065752625465393,0.4400933670440572
Scene4_t015,1P0A2243.dng,12,0.6619826007749883,0.0,0.5456939741947291,0.12971623241901398,0.11628862658025918
Scene4_t015,1P0A2244.dng,13,0.5463661444888827,0.0,0.68743994784041,0.08189018070697784,-0.1410738033515273
Scene4_t015,1P0A2245.dng,14,0.44741520465490825,0.0,0.7567916132869692,0.04406089335680008,-0.30937640863206095
Scene4_t016,1P0A2246.dng,0,0.05823995299195103,0.9973562751647145,0.0,0.9990543723106384,-1.936472597337478
Scene4_t016,1P0A2247.dng,1,0.19604102236375806,0.9740588968704246,0.0,0.9931508302688599,-1.752076771377091
Scene4_t016,1P0A2248.dng,2,0.25316495834645075,0.9498364293557833,0.0,0.9886412024497986,-1.6465079003651157
Scene4_t016,1P0A2249.dng,3,0.37573758926936707,0.8606918580710102,0.0,0.9727487564086914,-1.3456461268726534
Scene4_t016,1P0A2250.dng,4,0.5806636071924325,0.6470448618228404,0.0,0.9250952005386353,-0.7134261164532483
Scene4_t016,1P0A2251.dng,5,0.7415796585877794,0.41747117496339675,5.719253294289898e-06,0.8413212895393372,-0.09336841059230838
Scene4_t016,1P0A2252.dng,6,0.8496907364155966,0.2885849423499268,0.00016585834553440703,0.7209580540657043,0.2723549933702085
Scene4_t016,1P0A2253.dng,7,0.9057255239695114,0.21310223737188871,0.003427262536603221,0.5834121704101562,0.47609378668913077
Scene4_t016,1P0A2254.dng,8,0.9219723837998897,0.16015196056002928,0.015622140373352855,0.4528242349624634,0.5860463223064782
Scene4_t016,1P0A2255.dng,9,0.9008883350510932,0.10955801610541728,0.07427737234626647,0.34334173798561096,0.6074949304939923
Scene4_t016,1P0A2256.dng,10,0.8444195685228038,0.06071702278550512,0.16341193493777453,0.2533339858055115,0.559573588014019
Scene4_t016,1P0A2257.dng,11,0.765802291807256,0.0025136118228404098,0.3509433908308931,0.18235981464385986,0.40983167733068204
Scene4_t016,1P0A2258.dng,12,0.6457371279876084,0.0,0.5676187316983895,0.1199127659201622,0.0781183962892189
Scene4_t016,1P0A2259.dng,13,0.5309633695156784,0.0,0.7032694111456809,0.07576245069503784,-0.17230604163000252
Scene4_t016,1P0A2260.dng,14,0.4401168589219901,0.0,0.7626209622071742,0.048389460891485214,-0.32250410328518414
Scene4_t017,1P0A2261.dng,0,0.06607234000548791,0.9969244715409956,0.0,0.9989011883735657,-1.9277766030765033
Scene4_t017,1P0A2262.dng,1,0.2041816866572734,0.9740303006039531,0.0,0.9926981329917908,-1.7438789145506328
Scene4_t017,1P0A2263.dng,2,0.2634351855354209,0.9493359946925329,0.0,0.98776775598526,-1.635236803849645
Scene4_t017,1P0A2264.dng,3,0.3920160314347198,0.856749862737921,0.0,0.9709805250167847,-1.321483694041122
Scene4_t017,1P0A2265.dng,4,0.5967578502397091,0.6228166750549048,0.0,0.9206170439720154,-0.6488754998701005
Scene4_t017,1P0A2266.dng,5,0.7579792048429126,0.39471569591874084,1.0008693265007321e-05,0.8304716944694519,-0.031462195687834094
Scene4_t017,1P0A2267.dng,6,0.857278915965205,0.27901377196193267,0.0002287701317715959,0.7104080319404602,0.2990226019095681
Scene4_t017,1P0A2268.dng,7,0.911059295707108,0.20272608208272327,0.0037847158674963396,0.5732351541519165,0.5018224156741652
Scene4_t017,1P0A2269.dng,8,0.9244940463733288,0.14880782165080528,0.016291293008784773,0.44253307580947876,0.6105871100629335
Scene4_t017,1P0A2270.dng,9,0.8999870699686104,0.09936344710834553,0.06967194363103953,0.33268219232559204,0.6315882321208798
Scene4_t017,1P0A2271.dng,10,0.8384916216355035,0.06735421623352855,0.17686790812591507,0.2440413385629654,0.5269152810425313
Scene4_t017,1P0A2272.dng,11,0.7567569097640939,0.0008750457540263543,0.37150124679721813,0.17363683879375458,0.3835055714588231
Scene4_t017,1P0A2273.dng,12,0.6366100468575255,0.0,0.580532805636896,0.11420733481645584,0.056077241220629515
Scene4_t017,1P0A2274.dng,13,0.519091107028492,0.0,0.7104699510431918,0.06988273561000824,-0.19137884401469973
Scene4_t017,1P0A2275.dng,14,0.4093587012938704,0.0,0.7817747414897511,0.03160173073410988,-0.3724160401958807
Scene4_t018,1P0A2276.dng,0,0.07223626785997296,0.9966513771961932,0.0,0.9987662434577942,-1.9210664865324134
Scene4_t018,1P0A2277.dng,1,0.21270514084879957,0.9731466759699854,0.0,0.9921922087669373,-1.7335882110911711
Scene4_t018,1P0A2278.dng,2,0.2708820916028525,0.939660447931918,0.0,0.9869044423103333,-1.6084388042609836
Scene4_t018,1P0A2279.dng,3,0.4103483257416362,0.8435884310944363,0.0,0.9677886366844177,-1.2768285364472363
Scene4_t018,1P0A2280.dng,4,0.6108106661694139,0.5999410916910688,0.0,0.9167914986610413,-0.5890715172127237
Scene4_t018,1P0A2281.dng,5,0.7629359060981454,0.38477849331991215,1.572794655929722e-05,0.8280661702156067,-0.006636808488238167
Scene4_t018,1P0A2282.dng,6,0.8638434412888011,0.27109832540263545,0.00026451546486090774,0.7014555931091309,0.3213822750186693
Scene4_t018,1P0A2283.dng,7,0.9162306783229877,0.19540400805270863,0.0040849766654465595,0.5629428625106812,0.5213376855521238
Scene4_t018,1P0A2284.dng,8,0.9259567220791888,0.13991295296486092,0.017227820735724743,0.4332634508609772,0.6289029954137423
Scene4_t018,1P0A2285.dng,9,0.8970696361250218,0.09318665355051245,0.07672378294289897,0.323697030544281,0.633972546081098
Scene4_t018,1P0A2286.dng,10,0.8366496547587111,0.046490380215959005,0.187115380215959,0.23570667207241058,0.5565535141108341
Scene4_t018,1P0A2287.dng,11,0.7448031010435312,0.00017443722547584188,0.38535184846266474,0.1653222143650055,0.3591023781299148
Scene4_t018,1P0A2288.dng,12,0.62802172238431,0.0,0.5939630421852123,0.10851921141147614,0.034058680199097635
Scene4_t018,1P0A2289.dng,13,0.5081211824158643,0.0,0.7195950196742313,0.06566047668457031,-0.211473837258367
Scene4_t018,1P0A2290.dng,14,0.33936056154884736,0.0,0.8395806643484627,0.03637951239943504,-0.5002201027996154
Scene4_t019,1P0A2291.dng,0,0.07803922558368308,0.9962453102122987,0.0,0.9986289143562317,-1.9144513948409143
Scene4_t019,1P0A2292.dng,1,0.21512849737060377,0.9676090089677891,0.0,0.9918118119239807,-1.7200895205649744
Scene4_t019,1P0A2293.dng,2,0.2766835495103075,0.9387711040446559,0.0,0.9864254593849182,-1.6008586585790043
Scene4_t019,1P0A2294.dng,3,0.4156173955781048,0.8411706167642753,0.0,0.9670284986495972,-1.2667238379504457
Scene4_t019,1P0A2295.dng,4,0.6189582334477945,0.5854613721632503,0.0,0.9140800833702087,-0.5519645108787061
Scene4_t019,1P0A2296.dng,5,0.769915965993444,0.375030026079795,3.288570644216691e-05,0.823493480682373,0.01982302812741182
Scene4_t019,1P0A2297.dng,6,0.8688429700389473,0.2655106149341142,0.00028882229136163983,0.6958893537521362,0.33753291787935724
Scene4_t019,1P0A2298.dng,7,0.9199044388404576,0.19006365528916544,0.00445529831625183,0.5560329556465149,0.5353218299458748
Scene4_t019,1P0A2299.dng,8,0.9277265797419814,0.13368897556734993,0.017905552251098095,0.42652174830436707,0.6424430763561834
Scene4_t019,1P0A2300.dng,9,0.8918365104207583,0.09024123810395315,0.08271756039531479,0.3170388638973236,0.6286364738175372
Scene4_t019,1P0A2301.dng,10,0.8333183239324804,0.046198698297950216,0.1852809297218155,0.23168708384037018,0.5556399976147645
Scene4_t019,1P0A2302.dng,11,0.7356763812146204,8.292917276720352e-05,0.40163313277818447,0.15882062911987305,0.33387739009090156
Scene4_t019,1P0A2303.dng,12,0.6223241082210866,0.0,0.6046508967789166,0.10471202433109283,0.017673211442170045
Scene4_t019,1P0A2304.dng,13,0.5025304316564193,0.0,0.7217969321925329,0.06269863992929459,-0.21926650053611363
Scene4_t019,1P0A2305.dng,14,0.34268317554332267,0.0,0.8151994875549048,0.04162302613258362,-0.4725163120115821
Scene4_t020,1P0A2306.dng,0,0.0807402799664684,0.9960694431734992,0.0,0.9985681176185608,-1.91139860638053
Scene4_t020,1P0A2307.dng,1,0.2239388665894407,0.9706859672401171,0.0,0.9914953112602234,-1.7174330678907936
Scene4_t020,1P0A2308.dng,2,0.28095281520444254,0.9425586795387995,0.0,0.9860581755638123,-1.6041645438731564
Scene4_t020,1P0A2309.dng,3,0.4165516289832096,0.8417454017203514,0.0,0.9672311544418335,-1.2669391744574932
Scene4_t020,1P0A2310.dng,4,0.6206652612810344,0.5827976299414348,0.0,0.9137260317802429,-0.5449299986018352
Scene4_t020,1P0A2311.dng,5,0.7727262995209079,0.3717428852489019,3.574533308931186e-05,0.8217438459396362,0.02920478369001472
Scene4_t020,1P0A2312.dng,6,0.8714315221780391,0.2623221312225476,0.00030026079795021963,0.6942577362060547,0.3464869989349937
Scene4_t020,1P0A2313.dng,7,0.9226046309629434,0.18642764000732065,0.00474412060761347,0.5513585209846497,0.5450052303406887
Scene4_t020,1P0A2314.dng,8,0.9298754313338896,0.12880473325402636,0.017709667825768667,0.42590051889419556,0.6545562970000682
Scene4_t020,1P0A2315.dng,9,0.8964745032594754,0.08511249771229869,0.08189684754758418,0.31492677330970764,0.6443526602872939
Scene4_t020,1P0A2316.dng,10,0.8337261649959049,0.04028356057833089,0.1831004644033675,0.23011162877082825,0.5700585794358757
Scene4_t020,1P0A2317.dng,11,0.7439427297407781,2.859626647144949e-05,0.39092240117130306,0.1584741622209549,0.3529631360365322
Scene4_t020,1P0A2318.dng,12,0.6173983784869173,0.0,0.6052642866947291,0.10108701884746552,0.012134091792188162
Scene4_t020,1P0A2319.dng,13,0.4972463934106476,0.0,0.7307304058382138,0.06028957664966583,-0.23348401242756622
Scene4_t020,1P0A2320.dng,14,0.34102371119269154,0.0,0.847960800237921,0.030713848769664764,-0.5069370890452294
Scene4_t021,1P0A2321.dng,0,0.08219377913666116,0.9959807947474377,0.0,0.998532772064209,-1.9097678103582143
Scene4_t021,1P0A2322.dng,1,0.22215732159971396,0.9682938895497804,0.0,0.991402804851532,-1.7144304574998468
Scene4_t021,1P0A2323.dng,2,0.2787931034555079,0.9368937591508053,0.0,0.9859572649002075,-1.5949944148461026
Scene4_t021,1P0A2324.dng,3,0.41488116647245116,0.841402246522694,0.0,0.9668893814086914,-1.2679233265729368
Scene4_t021,1P0A2325.dng,4,0.6207117248861811,0.5826417802891655,0.0,0.913409411907196,-0.5445718356921498
Scene4_t021,1P0A2326.dng,5,0.7725753211868538,0.3708606904282577,3.7175146412884335e-05,0.821874737739563,0.030816765183925506
Scene4_t021,1P0A2327.dng,6,0.8725409215082064,0.2637505147327965,0.00032599743777452417,0.6950851082801819,0.3447138946048389
Scene4_t021,1P0A2328.dng,7,0.9244771730488722,0.18778453285139093,0.004658331808199121,0.5550145506858826,0.5442497755378913
Scene4_t021,1P0A2329.dng,8,0.9321961135684734,0.1262525164714495,0.017742553532210836,0.4260891377925873,0.6619485270933636
Scene4_t021,1P0A2330.dng,9,0.8966107958403748,0.08598754346632503,0.08301067212664714,0.31684279441833496,0.6416250367810776
Scene4_t021,1P0A2331.dng,10,0.8361753007694652,0.03139441114568082,0.1879990048499268,0.22766336798667908,0.5853874736281768
Scene4_t021,1P0A2332.dng,11,0.7435342664163707,2.287701317715959e-05,0.38834873718887264,0.15681657195091248,0.3551397752011437
Scene4_t021,1P0A2333.dng,12,0.6203315308358024,0.0,0.6009290926976574,0.10116821527481079,0.019402438138145017
Scene4_t021,1P0A2334.dng,13,0.49690277422044704,0.0,0.7309005536237189,0.06024014204740524,-0.23399777940327182
Scene4_t021,1P0A2335.dng,14,0.3384899805491814,0.0,0.8448824121522694,0.032187920063734055,-0.5063924316030881
Scene4_t022,1P0A2336.dng,0,0.08433284207228894,0.9959450494143485,0.0,0.9984879493713379,-1.907557256756408
Scene4_t022,1P0A2337.dng,1,0.21906556140841663,0.9667468315336749,0.0,0.991401195526123,-1.7144281016589331
Scene4_t022,1P0A2338.dng,2,0.2753423373347617,0.9257026102672035,0.0,0.9859145283699036,-1.5760628831996453
Scene4_t022,1P0A2339.dng,3,0.4194441066979182,0.8373944797767203,0.0,0.9662024974822998,-1.2553448528555224
Scene4_t022,1P0A2340.dng,4,0.6170584100211784,0.5875875045754027,0.0,0.9144234657287598,-0.5581165991296269
Scene4_t022,1P0A2341.dng,5,0.7696528919805168,0.3770045982796486,3.7175146412884335e-05,0.8243858814239502,0.015606520274806688
Scene4_t022,1P0A2342.dng,6,0.8728598151032927,0.26413656433016103,0.0003288570644216691,0.6965343356132507,0.344257829378549
Scene4_t022,1P0A2343.dng,7,0.9267413085035981,0.1850793260431918,0.004746980234260615,0.5564419031143188,0.5518356761829539
Scene4_t022,1P0A2344.dng,8,0.9341801156789828,0.12597227306002928,0.01768107155929722,0.42839759588241577,0.6645544979996271
Scene4_t022,1P0A2345.dng,9,0.9024023559448082,0.08127344893850659,0.0781664645863836,0.3176087737083435,0.6616889934814114
Scene4_t022,1P0A2346.dng,10,0.8365879917546811,0.04183061859443631,0.18032948618228403,0.22851039469242096,0.5725972683835244
Scene4_t022,1P0A2347.dng,11,0.7455630282779282,7.149066617862372e-06,0.3810881451317716,0.15606026351451874,0.3644605850129209
Scene4_t022,1P0A2348.dng,12,0.6239692609045208,0.0,0.5942575837298683,0.09901938587427139,0.029711677174652507
Scene4_t022,1P0A2349.dng,13,0.49818076125328353,0.0,0.7238272671120058,0.05967491865158081,-0.2256465058587223
Scene4_t022,1P0A2350.dng,14,0.3747942868399443,0.0,0.8206914005307467,0.0236941147595644,-0.4458971136908024
Scene4_t023,1P0A2351.dng,0,0.0837408741131674,0.9960508556002928,0.0,0.9984962940216064,-1.9083608370874183
Scene4_t023,1P0A2352.dng,1,0.2218256682679332,0.9654485610358712,0.0,0.9911792278289795,-1.7090714538038092
Scene4_t023,1P0A2353.dng,2,0.27726939279748297,0.9384794221266471,0.0,0.985977828502655,-1.5996894514558113
Scene4_t023,1P0A2354.dng,3,0.4135891463916322,0.8399953102122987,0.0,0.9668944478034973,-1.2664014740329652
Scene4_t023,1P0A2355.dng,4,0.6177803341365878,0.586419347090044,1.4298133235724744e-06,0.913928747177124,-0.5550597898568237
Scene4_t023,1P0A2356.dng,5,0.770025416923217,0.37592651903367497,3.574533308931186e-05,0.8240035772323608,0.018136633522777775
Scene4_t023,1P0A2357.dng,6,0.8735666570811897,0.2651688895497804,0.00033171669106881406,0.6975262761116028,0.34289716129056014
Scene4_t023,1P0A2358.dng,7,0.9277731897903354,0.18270297629941434,0.004728392661054173,0.558189868927002,0.5576388445304525
Scene4_t023,1P0A2359.dng,8,0.937215163667267,0.12271944774890191,0.01802422675695461,0.4281463325023651,0.6737520414125086
Scene4_t023,1P0A2360.dng,9,0.9006569388517548,0.0791844916727672,0.08044558702415813,0.315369188785553,0.6618423684820622
Scene4_t023,1P0A2361.dng,10,0.8399975511721627,0.03335611502562225,0.17915417963030747,0.22858832776546478,0.5941311414906107
Scene4_t023,1P0A2362.dng,11,0.7439186774106681,8.578879941434847e-06,0.387497998261347,0.1550959348678589,0.3564035213894382
Scene4_t023,1P0A2363.dng,12,0.6238276937625913,0.0,0.5958360976390923,0.09899035841226578,0.027991596123498996
Scene4_t023,1P0A2364.dng,13,0.4974921402376045,0.0,0.7298653687774525,0.05863649398088455,-0.23237322853984793
Scene4_t023,1P0A2365.dng,14,0.3492722102920046,0.0,0.8426347456076134,0.02575645036995411,-0.4933625353156088
Scene4_t024,1P0A2366.dng,0,0.08498794942606916,0.9960151102672035,0.0,0.9984660744667053,-1.9070422711083377
Scene4_t024,1P0A2367.dng,1,0.22597553129673828,0.9686170273609077,0.0,0.9910567998886108,-1.7112585234250772
Scene4_t024,1P0A2368.dng,2,0.27886002265194176,0.9369266448572474,0.0,0.9856714010238647,-1.594993267062553
Scene4_t024,1P0A2369.dng,3,0.40979374252144063,0.8403570529831625,0.0,0.9669098258018494,-1.2709203634448845
Scene4_t024,1P0A2370.dng,4,0.6162214654688557,0.5919155495058566,0.0,0.9142770767211914,-0.5676096335428574
Scene4_t024,1P0A2371.dng,5,0.7701369756086256,0.3763483139641288,3.574533308931186e-05,0.8240485787391663,0.017404602347278638
Scene4_t024,1P0A2372.dng,6,0.874778286179293,0.2650416361639824,0.00035888314421669105,0.6978851556777954,0.3443361307071115
Scene4_t024,1P0A2373.dng,7,0.9303198041629634,0.17990769125183015,0.004844207540263543,0.5587048530578613,0.5656602141190397
Scene4_t024,1P0A2374.dng,8,0.9379479528006083,0.11847147236456808,0.016136873169838944,0.42925265431404114,0.6848681349016332
Scene4_t024,1P0A2375.dng,9,0.9055305434250931,0.07688964128843338,0.0743274158125915,0.3165934383869171,0.6774238450356348
Scene4_t024,1P0A2376.dng,10,0.8419282301763261,0.03147448069180088,0.17704520497803808,0.22783496975898743,0.6019340638146863
Scene4_t024,1P0A2377.dng,11,0.7465899619499207,1.4298133235724744e-06,0.3763854891105417,0.15356747806072235,0.3702016132127318
Scene4_t024,1P0A2378.dng,12,0.6211571536220246,0.0,0.5980766151171303,0.09729218482971191,0.023080538504894332
Scene4_t024,1P0A2379.dng,13,0.4954830547147743,0.0,0.7258819088579795,0.05691162869334221,-0.23039885414320527
Scene4_t024,1P0A2380.dng,14,0.40821213745808915,0.0,0.783915172035139,0.03729989752173424,-0.3757030345770499
Scene4_t025,1P0A2381.dng,0,0.08485301446194429,0.9958907165080527,0.0,0.9984585642814636,-1.906928418554161
Scene4_t025,1P0A2382.dng,1,0.2285333126165006,0.9664880353221084,0.0,0.9907140135765076,-1.7044427580277162
Scene4_t025,1P0A2383.dng,2,0.2800149589475274,0.9401237074487555,0.0,0.9854730367660522,-1.6002324559499836
Scene4_t025,1P0A2384.dng,3,0.41000276063165164,0.8415452278550513,0.0,0.9669346809387207,-1.2730876950784509
Scene4_t025,1P0A2385.dng,4,0.6172835757226058,0.5924031158491947,1.4298133235724744e-06,0.9133798480033875,-0.5675240857891072
Scene4_t025,1P0A2386.dng,5,0.7691551279359166,0.38012302113836016,4.0034773060029284e-05,0.8246752023696899,0.008869050886136208
Scene4_t025,1P0A2387.dng,6,0.8752652824368187,0.2666959301793558,0.0003789005307467057,0.6989852786064148,0.34149452154736043
Scene4_t025,1P0A2388.dng,7,0.9313568826212203,0.17852220214128844,0.004940005032942899,0.5604726672172546,0.5693724733057005
Scene4_t025,1P0A2389.dng,8,0.9398634496826976,0.11679716096266471,0.014854330618594437,0.43043577671051025,0.6914147971387739
Scene4_t025,1P0A2390.dng,9,0.9067163860194647,0.07581156204245974,0.07155786740483162,0.3175608813762665,0.6835353945297136
Scene4_t025,1P0A2391.dng,10,0.8397623738108895,0.03979170479502196,0.17600144125183015,0.22513113915920258,0.5841775229690154
Scene4_t025,1P0A2392.dng,11,0.7475748151192794,1.4298133235724744e-06,0.3733099606515373,0.15226668119430542,0.3742619948410949
Scene4_t025,1P0A2393.dng,12,0.6216773369847588,0.0,0.5990932123901903,0.09569873660802841,0.02258412459456849
Scene4_t025,1P0A2394.dng,13,0.4947066808036238,0.0,0.725843303898243,0.05593129247426987,-0.23113662309461924
Scene4_t025,1P0A2395.dng,14,0.3974730817299541,0.0,0.7861957242862372,0.03927679732441902,-0.3887226425562831
Scene4_t026,1P0A2396.dng,0,0.08635156214737592,0.9957505948023426,0.0,0.9984060525894165,-1.9051496274573094
Scene4_t026,1P0A2397.dng,1,0.22311840868867006,0.9661305819912153,0.0,0.9909345507621765,-1.7091427552937604
Scene4_t026,1P0A2398.dng,2,0.2782650644725202,0.9279059525988287,0.0,0.9852041006088257,-1.5775468407251372
Scene4_t026,1P0A2399.dng,3,0.40543312657851,0.8401154145314788,0.0,0.9664523005485535,-1.2747977024844475
Scene4_t026,1P0A2400.dng,4,0.615528288925108,0.5953857064421669,2.859626647144949e-06,0.9132102131843567,-0.575245983585873
Scene4_t026,1P0A2401.dng,5,0.7684132469920022,0.38321284773060027,3.288570644216691e-05,0.8251098990440369,0.00195466582435949
Scene4_t026,1P0A2402.dng,6,0.8755487679357565,0.26796846403733526,0.00041607567715959003,0.7006276249885559,0.33919576418392644
Scene4_t026,1P0A2403.dng,7,0.93365774328453,0.17779728678623719,0.005094424871888726,0.5616084933280945,0.5729687448401669
Scene4_t026,1P0A2404.dng,8,0.9418529618208203,0.11529871659956076,0.01325579932284041,0.4322088956832886,0.6979997292988585
Scene4_t026,1P0A2405.dng,9,0.907933774242207,0.07325505581991215,0.06563987005856516,0.31797152757644653,0.6957837925438175
Scene4_t026,1P0A2406.dng,10,0.8437742746912038,0.03623575905929722,0.178938277818448,0.22571900486946106,0.5923644787541613
Scene4_t026,1P0A2407.dng,11,0.7487164752867662,1.4298133235724744e-06,0.37604662335285505,0.15261191129684448,0.372666992307264
Scene4_t026,1P0A2408.dng,12,0.6219694198529578,0.0,0.5962235770497804,0.09482330083847046,0.025745842803177488
Scene4_t026,1P0A2409.dng,13,0.4962258750267363,0.0,0.7252842468887262,0.05552485212683678,-0.22905837186198985
Scene4_t026,1P0A2410.dng,14,0.394645280556124,0.0,0.8090512902635432,0.027711162343621254,-0.41440600970741914
Scene4_t027,1P0A2411.dng,0,0.09256117217974107,0.9955060967240117,0.0,0.99823397397995,-1.8984510212682824
Scene4_t027,1P0A2412.dng,1,0.22360827533477162,0.9644562705893118,0.0,0.9907301664352417,-1.705304265843852
Scene4_t027,1P0A2413.dng,2,0.2805706328446857,0.9370410299231332,0.0,0.9850565791130066,-1.5935114270015807
Scene4_t027,1P0A2414.dng,3,0.4063159947732096,0.8384782782759883,0.0,0.965904951095581,-1.270640561778767
Scene4_t027,1P0A2415.dng,4,0.6122344210360436,0.6009119349377745,2.859626647144949e-06,0.9135384559631348,-0.5895923084661525
Scene4_t027,1P0A2416.dng,5,0.7675010423875825,0.3864842606149341,3.574533308931186e-05,0.8252780437469482,-0.005503224175375023
Scene4_t027,1P0A2417.dng,6,0.8766986149330329,0.2682815931551977,0.0004275141837481698,0.7012467980384827,0.3397079144388894
Scene4_t027,1P0A2418.dng,7,0.9353374383285241,0.1775627974011713,0.005426141562957541,0.5629945397377014,0.574785701963224
Scene4_t027,1P0A2419.dng,8,0.9449904620037819,0.11382314924963396,0.012116238103953148,0.43512359261512756,0.7052279254005608
Scene4_t027,1P0A2420.dng,9,0.9092410545932826,0.07188529465592972,0.05748421486090776,0.3182976245880127,0.7079862504205156
Scene4_t027,1P0A2421.dng,10,0.8475695679702586,0.030384962939238654,0.1760143095717423,0.2266032099723816,0.610785332520039
Scene4_t027,1P0A2422.dng,11,0.7471002019588959,1.4298133235724744e-06,0.37239345031112736,0.1492874026298523,0.3747038920211214
Scene4_t027,1P0A2423.dng,12,0.6279518468883554,0.0,0.5816023060029283,0.09366262704133987,0.04634954088542709
Scene4_t027,1P0A2424.dng,13,0.49687199260027287,0.0,0.7238873192715959,0.05443315580487251,-0.22701532667132301
Scene4_t027,1P0A2425.dng,14,0.34251410127656245,0.0,0.8166864934114202,0.036206770688295364,-0.47417239213485773
Scene4_t028,1P0A2426.dng,0,0.09282253549489299,0.9954789302708639,0.0,0.9982097148895264,-1.8981353250468347
Scene4_t028,1P0A2427.dng,1,0.2260664139401982,0.9576603678623719,0.0,0.9901838898658752,-1.6892543217845455
Scene4_t028,1P0A2428.dng,2,0.28267827923002237,0.9257026102672035,0.0,0.9842203259468079,-1.5687269413043845
Scene4_t028,1P0A2429.dng,3,0.4158746307450992,0.8339586383601757,0.0,0.9635401368141174,-1.2520426459752523
Scene4_t028,1P0A2430.dng,4,0.6135812327719273,0.6007489362188873,2.859626647144949e-06,0.912257194519043,-0.5879194992924943
Scene4_t028,1P0A2431.dng,5,0.7685719124835095,0.38598239613836016,3.574533308931186e-05,0.8239427208900452,-0.003428625126300102
Scene4_t028,1P0A2432.dng,6,0.8789492912751207,0.26762101939970717,0.0004632595168374817,0.6995564699172974,0.34324399295886887
Scene4_t028,1P0A2433.dng,7,0.9378227622701292,0.1759413890922401,0.005805042093704246,0.5615249872207642,0.5801349419919447
Scene4_t028,1P0A2434.dng,8,0.9458572613001026,0.11088345305636896,0.010507698114934114,0.43450728058815,0.7135826570724306
Scene4_t028,1P0A2435.dng,9,0.9127442702294397,0.06887267798316252,0.056072989110541725,0.3175639510154724,0.7189259251525729
Scene4_t028,1P0A2436.dng,10,0.8479494552453163,0.029198217880673498,0.17969464906661786,0.2242235541343689,0.6098583704173515
Scene4_t028,1P0A2437.dng,11,0.7465660122035718,8.578879941434847e-06,0.38037466828330896,0.14935770630836487,0.36617418616037994
Scene4_t028,1P0A2438.dng,12,0.6245266797612746,0.0,0.5921085743045388,0.0932711660861969,0.032418105456735846
Scene4_t028,1P0A2439.dng,13,0.49236820021417943,0.0,0.7260191709370425,0.05308474227786064,-0.23365097072286306
Scene4_t028,1P0A2440.dng,14,0.37457890159009927,0.0,0.7953479593704246,0.0384303480386734,-0.4207690577803253
Scene4_t029,1P0A2441.dng,0,0.09894548944196277,0.994979925420937,0.0,0.9979894757270813,-1.8910143613999113
Scene4_t029,1P0A2442.dng,1,0.22987372151955904,0.9537727054355783,0.0,0.9894852638244629,-1.6776716893515977
Scene4_t029,1P0A2443.dng,2,0.28423109546924075,0.9157453902818448,0.0,0.9833928346633911,-1.5472596850944487
Scene4_t029,1P0A2444.dng,3,0.41030418481934183,0.8338900073206442,0.0,0.963432252407074,-1.2574758298219466
Scene4_t029,1P0A2445.dng,4,0.6156554039071138,0.598910196284773,1.4298133235724744e-06,0.9104562401771545,-0.5821664184757559
Scene4_t029,1P0A2446.dng,5,0.7753352550698276,0.3817544381405564,5.2903092972181553e-05,0.818175196647644,0.01177347569574266
Scene4_t029,1P0A2447.dng,6,0.8814016185470097,0.267183496522694,0.000617679355783309,0.6976075172424316,0.34641694614583834
Scene4_t029,1P0A2448.dng,7,0.9406230463230736,0.17108145360541727,0.006209679264275256,0.5598846077919006,0.5922504598479638
Scene4_t029,1P0A2449.dng,8,0.948285987375541,0.10779791590409957,0.010787941526354318,0.43322187662124634,0.7219022140409876
Scene4_t029,1P0A2450.dng,9,0.9129446546619664,0.06606595442898976,0.06214254666910688,0.31556686758995056,0.71867019913488
Scene4_t029,1P0A2451.dng,10,0.8455710650548196,0.025347730600292825,0.18688661008418742,0.22063064575195312,0.6079889937700466
Scene4_t029,1P0A2452.dng,11,0.7466518013536222,0.0,0.37341719665080525,0.1463407278060913,0.37323460470281694
Scene4_t029,1P0A2453.dng,12,0.6210015443793664,0.0,0.593178074670571,0.09045836329460144,0.027823469708795345
Scene4_t029,1P0A2454.dng,13,0.49669942566998826,0.0,0.7225733208272328,0.05313214659690857,-0.22587389515724454
Scene4_t029,1P0A2455.dng,14,0.3268129814629573,0.0,0.8630896550146413,0.024351345375180244,-0.536276673551684
Scene4_t030,1P0A2456.dng,0,0.3270064906645133,0.9491472593338214,0.0,0.9836682081222534,-1.5712880280031294
Scene4_t030,1P0A2457.dng,1,0.6214000830677264,0.1378397236456808,0.0,0.9210883975028992,0.3457206357763648
Scene4_t030,1P0A2458.dng,2,0.6776981615068721,0.11111937225475842,7.149066617862372e-06,0.8810461163520813,0.4554522679307374
Scene4_t030,1P0A2459.dng,3,0.7407296856397839,0.02077375777818448,3.574533308931186e-05,0.7814251780509949,0.6991464247503256
Scene4_t030,1P0A2460.dng,4,0.7705937075953067,1.4298133235724744e-06,0.0001672881588579795,0.576242983341217,0.7704235598098015
Scene4_t030,1P0A2461.dng,5,0.7388020384047953,0.0,0.0008807650073206442,0.37005648016929626,0.7379212733974747
Scene4_t030,1P0A2462.dng,6,0.6827562216473884,0.0,0.006185372437774524,0.21212877333164215,0.6765708492096139
Scene4_t030,1P0A2463.dng,7,0.5859329939831096,0.0,0.016266986182284043,0.10606147348880768,0.5696660078008255
Scene4_t030,1P0A2464.dng,8,0.45405090341720944,0.0,0.11456808199121522,0.04789452254772186,0.33948282142599423
Scene4_t030,1P0A2465.dng,9,0.31469627061763505,0.0,0.8823992839494875,0.023267704993486404,-0.5677030133318525
Scene4_t030,1P0A2466.dng,10,0.22261698640580146,0.0,0.9956633761896047,0.01069731917232275,-0.7730463897838031
Scene4_t030,1P0A2467.dng,11,0.11714813552826797,0.0,1.0,0.005061713978648186,-0.882851864471732
Scene4_t030,1P0A2468.dng,12,0.010558542948884416,0.0,1.0,0.003962970804423094,-0.9894414570511156
Scene4_t030,1P0A2469.dng,13,-0.0,0.0,1.0,0.003921568859368563,-1.0
Scene4_t030,1P0A2470.dng,14,-0.0,0.0,1.0,0.003921568859368563,-1.0
Scene4_t031,1P0A2471.dng,0,0.3301805170435302,0.9484709576317716,0.0,0.9834097623825073,-1.566761398220013
Scene4_t031,1P0A2472.dng,1,0.623718617437522,0.13734357842240116,1.4298133235724744e-06,0.9207152724266052,0.3490300307793961
Scene4_t031,1P0A2473.dng,2,0.6749229082514602,0.11307249725475842,1.1438506588579795e-05,0.8829734325408936,0.44876647523535473
Scene4_t031,1P0A2474.dng,3,0.7443877914275852,0.018646195552708637,3.7175146412884335e-05,0.7774484753608704,0.707058225175755
Scene4_t031,1P0A2475.dng,4,0.7713258813074778,1.4298133235724744e-06,0.0001844459187408492,0.5736991167068481,0.7711385757620898
Scene4_t031,1P0A2476.dng,5,0.7398979471223801,0.0,0.000889343887262079,0.368480384349823,0.7390086032351181
Scene4_t031,1P0A2477.dng,6,0.6829942530563347,0.0,0.006050969985358712,0.21170389652252197,0.676943283070976
Scene4_t031,1P0A2478.dng,7,0.5861474813882444,0.0,0.016515773700585653,0.10546138882637024,0.5696317076876587
Scene4_t031,1P0A2479.dng,8,0.45119863913348734,0.0,0.11198440931551977,0.047721706330776215,0.33921422981796756
Scene4_t031,1P0A2480.dng,9,0.3143198604969811,0.0,0.885287506863104,0.023181091994047165,-0.5709676463661228
Scene4_t031,1P0A2481.dng,10,0.22268610454791524,0.0,0.9963697039714495,0.010618557222187519,-0.7736835994235343
Scene4_t031,1P0A2482.dng,11,0.1246523107739491,0.0,1.0,0.0052361744455993176,-0.8753476892260509
Scene4_t031,1P0A2483.dng,12,0.010106345143115272,0.0,1.0,0.00396081805229187,-0.9898936548568847
Scene4_t031,1P0A2484.dng,13,-0.0,0.0,1.0,0.003921568859368563,-1.0
Scene4_t031,1P0A2485.dng,14,-0.0,0.0,1.0,0.003921568859368563,-1.0
Scene4_t032,1P0A2486.dng,0,0.33134108068715445,0.9462676153001464,0.0,0.9832375049591064,-1.5611941499131383
Scene4_t032,1P0A2487.dng,1,0.624221354657952,0.13771818951317716,5.719253294289898e-06,0.9205871224403381,0.3487792563783034
Scene4_t032,1P0A2488.dng,2,0.6739776408436119,0.11275221907027819,8.578879941434847e-06,0.8822513818740845,0.4484646238231141
Scene4_t032,1P0A2489.dng,3,0.7418126809940773,0.020836669564421668,3.4315519765739386e-05,0.7807326912879944,0.7001050263454682
Scene4_t032,1P0A2490.dng,4,0.7703284610425247,1.4298133235724744e-06,0.00018873535871156662,0.5726585388183594,0.770136866057166
Scene4_t032,1P0A2491.dng,5,0.7385654704978089,0.0,0.0009036420204978038,0.367441326379776,0.7376618284773111
Scene4_t032,1P0A2492.dng,6,0.6829371883124509,0.0,0.006262582357247437,0.21116803586483002,0.6766746059552035
Scene4_t032,1P0A2493.dng,7,0.5868235529856967,0.0,0.016488607247437774,0.10557916015386581,0.5703349457382589
Scene4_t032,1P0A2494.dng,8,0.45198223180144864,0.0,0.11338133693265007,0.04779423773288727,0.3386008948687986
Scene4_t032,1P0A2495.dng,9,0.3142964838155143,0.0,0.8800772671120058,0.02333066612482071,-0.5657807832964916
Scene4_t032,1P0A2496.dng,10,0.22064529874836764,0.0,0.9963182306918009,0.010477427393198013,-0.7756729319434332
Scene4_t032,1P0A2497.dng,11,0.125484766866944,0.0,1.0,0.005253825802356005,-0.874515233133056
Scene4_t032,1P0A2498.dng,12,0.010182084625131368,0.0,1.0,0.003961176611483097,-0.9898179153748686
Scene4_t032,1P0A2499.dng,13,-0.0,0.0,1.0,0.003921568859368563,-1.0
Scene4_t032,1P0A2500.dng,14,-0.0,0.0,1.0,0.003921568859368563,-1.0
Scene4_t033,1P0A2501.dng,0,0.3284842203058198,0.9482807924597365,0.0,0.9834522604942322,-1.5680773646136532
Scene4_t033,1P0A2502.dng,1,0.6215534938807572,0.13910510843704246,5.719253294289898e-06,0.921275794506073,0.343337557753378
Scene4_t033,1P0A2503.dng,2,0.6730737676581586,0.11295096312225476,8.578879941434847e-06,0.8827301859855652,0.44716326253370764
Scene4_t033,1P0A2504.dng,3,0.7408649753585989,0.020687968978770132,3.0026079795021963e-05,0.7810207009315491,0.6994590113212635
Scene4_t033,1P0A2505.dng,4,0.7696920896353469,1.4298133235724744e-06,0.0001844459187408492,0.5738837718963623,0.7695047840899588
Scene4_t033,1P0A2506.dng,5,0.7390327351038152,0.0,0.0008836246339677891,0.3688085377216339,0.7381491104698474
Scene4_t033,1P0A2507.dng,6,0.6824507204835576,0.0,0.0061582059846266475,0.21195147931575775,0.6762925144989309
Scene4_t033,1P0A2508.dng,7,0.5852295126035705,0.0,0.016381371248169838,0.10592794418334961,0.5688481413554006
Scene4_t033,1P0A2509.dng,8,0.45421384335520115,0.0,0.10434348691434846,0.04820505157113075,0.3498703564408527
Scene4_t033,1P0A2510.dng,9,0.3149723809694836,0.0,0.8829040080527086,0.023183317855000496,-0.5679316270832251
Scene4_t033,1P0A2511.dng,10,0.22206911587874814,0.0,0.9959521984809663,0.010697530582547188,-0.7738830826022182
Scene4_t033,1P0A2512.dng,11,0.11764467503310688,0.0,1.0,0.005073948297649622,-0.8823553249668932
Scene4_t033,1P0A2513.dng,12,0.011079545001008924,0.0,1.0,0.003965483047068119,-0.9889204549989911
Scene4_t033,1P0A2514.dng,13,-0.0,0.0,1.0,0.003921568859368563,-1.0
Scene4_t033,1P0A2515.dng,14,-0.0,0.0,1.0,0.003921568859368563,-1.0
Scene4_t034,1P0A2516.dng,0,0.32880529836787237,0.9486868594436311,0.0,0.9834129214286804,-1.5685684205193897
Scene4_t034,1P0A2517.dng,1,0.6214294651590417,0.13928240528916544,7.149066617862372e-06,0.9213033318519592,0.342857505514093
Scene4_t034,1P0A2518.dng,2,0.6730483421303822,0.11396899020863836,1.0008693265007321e-05,0.8838735818862915,0.44510035301984047
Scene4_t034,1P0A2519.dng,3,0.7402672932694958,0.02021327095534407,3.7175146412884335e-05,0.7804094552993774,0.6998035762123948
Scene4_t034,1P0A2520.dng,4,0.7692044085011541,1.4298133235724744e-06,0.00017443722547584188,0.5744113922119141,0.7690271116490311
Scene4_t034,1P0A2521.dng,5,0.7376038537615649,0.0,0.0008164234077598829,0.3689076900482178,0.736787430353805
Scene4_t034,1P0A2522.dng,6,0.6818561570474365,0.0,0.006145337664714495,0.2121986448764801,0.675710819382722
Scene4_t034,1P0A2523.dng,7,0.5825525484818939,0.0,0.016724526445827233,0.10413819551467896,0.5658280220360666
Scene4_t034,1P0A2524.dng,8,0.45506346384049057,0.0,0.11286374450951683,0.0481196753680706,0.3421997193309737
Scene4_t034,1P0A2525.dng,9,0.3145761023966459,0.0,0.8811510569180088,0.02324887365102768,-0.5665749545213629
Scene4_t034,1P0A2526.dng,10,0.22400116335212866,0.0,0.9946667963030746,0.010931586846709251,-0.770665632950946
Scene4_t034,1P0A2527.dng,11,0.10932059614979807,0.0,1.0,0.004927090369164944,-0.890679403850202
Scene4_t034,1P0A2528.dng,12,0.011079545001008924,0.0,1.0,0.003965483047068119,-0.9889204549989911
Scene4_t034,1P0A2529.dng,13,-0.0,0.0,1.0,0.003921568859368563,-1.0
Scene4_t034,1P0A2530.dng,14,-0.0,0.0,1.0,0.003921568859368563,-1.0
Scene4_t035,1P0A2531.dng,0,0.3269654721441145,0.9530535093338214,0.0,0.9837028384208679,-1.5791415465235283
Scene4_t035,1P0A2532.dng,1,0.6205212648441312,0.1403290286420205,2.859626647144949e-06,0.9216123819351196,0.33986034793344305
Scene4_t035,1P0A2533.dng,2,0.6753190658719348,0.1115983597181552,7.149066617862372e-06,0.8804404139518738,0.45211519736900657
Scene4_t035,1P0A2534.dng,3,0.7377239322254872,0.021793214677891654,3.7175146412884335e-05,0.7826523780822754,0.694100327723291
Scene4_t035,1P0A2535.dng,4,0.7679348677120549,0.0,0.00018301610541727673,0.5652828812599182,0.7677518516066376
Scene4_t035,1P0A2536.dng,5,0.7365913448474574,0.0,0.0008350109809663251,0.3680182695388794,0.7357563338664911
Scene4_t035,1P0A2537.dng,6,0.6816738575202734,0.0,0.006178223371156662,0.21241474151611328,0.6754956341491167
Scene4_t035,1P0A2538.dng,7,0.5872981258288501,0.0,0.01623124084919473,0.1064307764172554,0.5710668849796554
Scene4_t035,1P0A2539.dng,8,0.458197251091884,0.0,0.10949224469253294,0.04821948707103729,0.34870500639935104
Scene4_t035,1P0A2540.dng,9,0.3146394184673071,0.0,0.8781026949121523,0.023342574015259743,-0.5634632764448453
Scene4_t035,1P0A2541.dng,10,0.22389727369604878,0.0,0.9949713465409956,0.01080502849072218,-0.7710740728449468
Scene4_t035,1P0A2542.dng,11,0.12733879607503687,0.0,1.0,0.005294471513479948,-0.8726612039249632
Scene4_t035,1P0A2543.dng,12,0.010527596817020332,0.0,1.0,0.003962578717619181,-0.9894724031829797
Scene4_t035,1P0A2544.dng,13,-0.0,0.0,1.0,0.003921568859368563,-1.0
Scene4_t035,1P0A2545.dng,14,-0.0,0.0,1.0,0.003921568859368563,-1.0
Scene4_t036,1P0A2546.dng,0,0.33702971534591736,0.9493388543191801,0.0,0.9827772974967957,-1.5616479932924427
Scene4_t036,1P0A2547.dng,1,0.6178665473406678,0.14139709919472915,4.289439970717423e-06,0.9224621057510376,0.3350680595112388
Scene4_t036,1P0A2548.dng,2,0.6718188534356501,0.11418632183382138,7.149066617862372e-06,0.8839506506919861,0.44343906070138944
Scene4_t036,1P0A2549.dng,3,0.7378946828210353,0.022277921394582723,3.574533308931186e-05,0.7830884456634521,0.6933030946987805
Scene4_t036,1P0A2550.dng,4,0.7681107912248523,0.0,0.00017157759882869693,0.5755109190940857,0.7679392136260236
Scene4_t036,1P0A2551.dng,5,0.7349107177093586,0.0,0.0008779053806734992,0.36602482199668884,0.7340328123286851
Scene4_t036,1P0A2552.dng,6,0.681427038890468,0.0,0.0061238904648609075,0.21249818801879883,0.675303148425607
Scene4_t036,1P0A2553.dng,7,0.5874732717383692,0.0,0.016292722822108346,0.10634785145521164,0.5711805489162608
Scene4_t036,1P0A2554.dng,8,0.45784744934770855,0.0,0.10679132732430453,0.048028819262981415,0.351056122023404
Scene4_t036,1P0A2555.dng,9,0.3141544063168666,0.0,0.8869603884516838,0.023134689778089523,-0.5728059821348173
Scene4_t036,1P0A2556.dng,10,0.2229302966506152,0.0,0.9955103861639825,0.01098118256777525,-0.7725800895133672
Scene4_t036,1P0A2557.dng,11,0.11068314632249236,0.0,1.0,0.004949893336743116,-0.8893168536775077
Scene4_t036,1P0A2558.dng,12,0.010782672916120678,0.0,1.0,0.003964047413319349,-0.9892173270838793
Scene4_t036,1P0A2559.dng,13,-0.0,0.0,1.0,0.003921568859368563,-1.0
Scene4_t036,1P0A2560.dng,14,-0.0,0.0,1.0,0.003921568859368563,-1.0
Scene4_t037,1P0A2561.dng,0,0.3389379799711264,0.9446061722181552,0.0,0.9825210571289062,-1.5502743644651842
Scene4_t037,1P0A2562.dng,1,0.6200593732283117,0.14085662975841873,7.149066617862372e-06,0.9218348860740662,0.3383389646448564
Scene4_t037,1P0A2563.dng,2,0.6706876382122976,0.11465530060395315,1.1438506588579795e-05,0.8847634196281433,0.4413655984978027
Scene4_t037,1P0A2564.dng,3,0.7378743395798376,0.02082666087115666,4.0034773060029284e-05,0.7811117768287659,0.6961809830644643
Scene4_t037,1P0A2565.dng,4,0.7687307566475965,1.4298133235724744e-06,0.00016299871888726208,0.577495813369751,0.7685648983020621
Scene4_t037,1P0A2566.dng,5,0.7369151133149382,0.0,0.0008264321010248902,0.37088409066200256,0.7360886812139134
Scene4_t037,1P0A2567.dng,6,0.6807192325161544,0.0,0.006143907851390923,0.21264170110225677,0.6745753246647634
Scene4_t037,1P0A2568.dng,7,0.5886726695153515,0.0,0.01632417871522694,0.10644591599702835,0.5723484908001245
Scene4_t037,1P0A2569.dng,8,0.4585416758931743,0.0,0.11027864202049781,0.04802124202251434,0.3482630338726765
Scene4_t037,1P0A2570.dng,9,0.3142621364727826,0.0,0.8810952941983895,0.02328459545969963,-0.5668331577256069
Scene4_t037,1P0A2571.dng,10,0.22133614410482066,0.0,0.9952730371522694,0.010611530393362045,-0.7739368930474488
Scene4_t037,1P0A2572.dng,11,0.12252001202367535,0.0,1.0,0.005177559331059456,-0.8774799879763246
Scene4_t037,1P0A2573.dng,12,0.010782672916120678,0.0,1.0,0.003964047413319349,-0.9892173270838793
Scene4_t037,1P0A2574.dng,13,-0.0,0.0,1.0,0.003921568859368563,-1.0
Scene4_t037,1P0A2575.dng,14,-0.0,0.0,1.0,0.003921568859368563,-1.0
Scene4_t038,1P0A2576.dng,0,0.32624777451439974,0.9538341874084919,0.0,0.9837833046913147,-1.5814206003025841
Scene4_t038,1P0A2577.dng,1,0.616805924176581,0.14323011987554904,4.289439970717423e-06,0.9229959845542908,0.3303413949855122
Scene4_t038,1P0A2578.dng,2,0.6694462101207102,0.11511998993411421,1.1438506588579795e-05,0.8847031593322754,0.43919479174589315
Scene4_t038,1P0A2579.dng,3,0.7369710728421268,0.022326535047584188,4.0034773060029284e-05,0.7831608653068542,0.6922779679738984
Scene4_t038,1P0A2580.dng,4,0.7684938341728187,1.4298133235724744e-06,0.00017157759882869693,0.5778620839118958,0.7683193969473429
Scene4_t038,1P0A2581.dng,5,0.7375150848720831,0.0,0.0007406433016105417,0.37164920568466187,0.7367744415704726
Scene4_t038,1P0A2582.dng,6,0.6806690339419192,0.0,0.006189661877745242,0.21302899718284607,0.674479372064174
Scene4_t038,1P0A2583.dng,7,0.5890717374131803,0.0,0.016528642020497804,0.1064581573009491,0.5725430953926826
Scene4_t038,1P0A2584.dng,8,0.45774238275282836,0.0,0.10753911969253294,0.04826662316918373,0.3502032630602954
Scene4_t038,1P0A2585.dng,9,0.31374031850685763,0.0,0.8811124519582724,0.023276451975107193,-0.5673721334514148
Scene4_t038,1P0A2586.dng,10,0.2217715613181271,0.0,0.9955046669106882,0.01071937195956707,-0.7737331055925611
Scene4_t038,1P0A2587.dng,11,0.12762205426972897,0.0,1.0,0.005301199853420258,-0.872377945730271
Scene4_t038,1P0A2588.dng,12,0.011227158262837943,0.0,1.0,0.00396620063111186,-0.9887728417371621
Scene4_t038,1P0A2589.dng,13,-0.0,0.0,1.0,0.003921568859368563,-1.0
Scene4_t038,1P0A2590.dng,14,-0.0,0.0,1.0,0.003921568859368563,-1.0
Scene4_t039,1P0A2591.dng,0,0.3241074541319777,0.9550137834004392,0.0,0.9839342832565308,-1.5859201126689007
Scene4_t039,1P0A2592.dng,1,0.6244338366368714,0.13849314833455345,2.859626647144949e-06,0.9202975630760193,0.3474446803411173
Scene4_t039,1P0A2593.dng,2,0.6703466146276217,0.1146267043374817,8.578879941434847e-06,0.8842118382453918,0.44108462707271684
Scene4_t039,1P0A2594.dng,3,0.7378592574341125,0.02107544838945827,3.860495973645681e-05,0.7818319201469421,0.6956697556954594
Scene4_t039,1P0A2595.dng,4,0.7679534081571558,1.4298133235724744e-06,0.00017157759882869693,0.5769950747489929,0.76777897093168
Scene4_t039,1P0A2596.dng,5,0.7372042044928553,0.0,0.0007435029282576867,0.37119409441947937,0.7364607015645976
Scene4_t039,1P0A2597.dng,6,0.6808502295352642,0.0,0.006215398517569546,0.21290883421897888,0.6746348310176946
Scene4_t039,1P0A2598.dng,7,0.5844108670868233,0.0,0.016790297858711566,0.10540351271629333,0.5676205692281118
Scene4_t039,1P0A2599.dng,8,0.45671137885179003,0.0,0.10228598554172767,0.04847991466522217,0.35442539331006234
Scene4_t039,1P0A2600.dng,9,0.3153810178733453,0.0,0.8737088785688141,0.02344638854265213,-0.5583278606954687
Scene4_t039,1P0A2601.dng,10,0.2233881548164599,0.0,0.9952658880856515,0.010829535312950611,-0.7718777332691916
Scene4_t039,1P0A2602.dng,11,0.12044753876366487,0.0,1.0,0.005126503761857748,-0.8795524612363351
Scene4_t039,1P0A2603.dng,12,0.011197349615723343,0.0,1.0,0.00396580807864666,-0.9888026503842766
Scene4_t039,1P0A2604.dng,13,-0.0,0.0,1.0,0.003921568859368563,-1.0
Scene4_t039,1P0A2605.dng,14,-0.0,0.0,1.0,0.003921568859368563,-1.0
Scene4_t040,1P0A2606.dng,0,0.3382629327500601,0.9460745905014641,0.0,0.9825897216796875,-1.5538862482528681
Scene4_t040,1P0A2607.dng,1,0.6291814146415803,0.13863469985358712,2.859626647144949e-06,0.9201233983039856,0.3519091553077589
Scene4_t040,1P0A2608.dng,2,0.669442400843873,0.11504135020131771,1.4298133235724744e-05,0.8852466940879822,0.4393454023080018
Scene4_t040,1P0A2609.dng,3,0.7369180630905102,0.02167596998535871,3.7175146412884335e-05,0.7835512757301331,0.6935289479733799
Scene4_t040,1P0A2610.dng,4,0.7680680455877004,1.4298133235724744e-06,0.00018158629209370425,0.5772613286972046,0.7678835996689595
Scene4_t040,1P0A2611.dng,5,0.7355887747593516,0.0,0.0007406433016105417,0.3689453601837158,0.7348481314577411
Scene4_t040,1P0A2612.dng,6,0.6805006056325501,0.0,0.006278310303806735,0.21236552298069,0.6742222953287433
Scene4_t040,1P0A2613.dng,7,0.586708967145583,0.0,0.016558668100292825,0.1061956062912941,0.5701502990452901
Scene4_t040,1P0A2614.dng,8,0.45522810610142417,0.0,0.11431786465959004,0.048078350722789764,0.3409102414418341
Scene4_t040,1P0A2615.dng,9,0.31334686817739166,0.0,0.8938763954978038,0.02292289026081562,-0.5805295273204122
Scene4_t040,1P0A2616.dng,10,0.2225582799081325,0.0,0.9948984260614934,0.010748036205768585,-0.7723401461533609
Scene4_t040,1P0A2617.dng,11,0.1282224891876149,0.0,1.0,0.005316483788192272,-0.8717775108123851
Scene4_t040,1P0A2618.dng,12,0.011666810227632026,0.0,1.0,0.003968353848904371,-0.988333189772368
Scene4_t040,1P0A2619.dng,13,-0.0,0.0,1.0,0.003921568859368563,-1.0
Scene4_t040,1P0A2620.dng,14,-0.0,0.0,1.0,0.003921568859368563,-1.0
Scene4_t041,1P0A2621.dng,0,0.32474646487940534,0.9540886941800878,0.0,0.9838660955429077,-1.5834309234807702
Scene4_t041,1P0A2622.dng,1,0.6175808756577302,0.1434360129941435,7.149066617862372e-06,0.922703206539154,0.3307017006028254
Scene4_t041,1P0A2623.dng,2,0.6694260538958118,0.11477969436310395,1.0008693265007321e-05,0.8842090964317322,0.43985665647633887
Scene4_t041,1P0A2624.dng,3,0.739210725209865,0.01824155838213763,4.146458638360176e-05,0.7791107296943665,0.702686143859206
Scene4_t041,1P0A2625.dng,4,0.7680920315826395,1.4298133235724744e-06,0.00017729685212298683,0.57794588804245,0.7679118751038694
Scene4_t041,1P0A2626.dng,5,0.7359894279300334,0.0,0.0007735290080527087,0.3696957230567932,0.7352158989219807
Scene4_t041,1P0A2627.dng,6,0.6804589626560088,0.0,0.006274020863836017,0.21263419091701508,0.6741849417921728
Scene4_t041,1P0A2628.dng,7,0.5865740746421532,0.0,0.016572966233528552,0.10612673312425613,0.5700011084086246
Scene4_t041,1P0A2629.dng,8,0.4561346714244931,0.0,0.10205149615666179,0.04835008829832077,0.3540831752678313
Scene4_t041,1P0A2630.dng,9,0.3107851292777468,0.0,0.902648300237921,0.022642135620117188,-0.5918631709601742
Scene4_t041,1P0A2631.dng,10,0.21537253815021068,0.0,0.9967671920754027,0.010285262949764729,-0.7813946539251919
Scene4_t041,1P0A2632.dng,11,0.1261538172361178,0.0,1.0,0.005270334426313639,-0.8738461827638822
Scene4_t041,1P0A2633.dng,12,0.011227158262837943,0.0,1.0,0.00396620063111186,-0.9887728417371621
Scene4_t041,1P0A2634.dng,13,-0.0,0.0,1.0,0.003921568859368563,-1.0
Scene4_t041,1P0A2635.dng,14,-0.0,0.0,1.0,0.003921568859368563,-1.0
Scene4_t042,1P0A2636.dng,0,0.3317274502392649,0.9504498192715959,0.0,0.9832582473754883,-1.569172188303927
Scene4_t042,1P0A2637.dng,1,0.6155010109988973,0.14644005078696926,4.289439970717423e-06,0.9237028360366821,0.3226166199849881
Scene4_t042,1P0A2638.dng,2,0.6696493617950668,0.11436218887262078,8.578879941434847e-06,0.8837480545043945,0.44091640516988384
Scene4_t042,1P0A2639.dng,3,0.7372025573968254,0.021806082997803806,4.289439970717423e-05,0.7833772301673889,0.6935474970015106
Scene4_t042,1P0A2640.dng,4,0.7680685444631841,1.4298133235724744e-06,0.0001672881588579795,0.5771592259407043,0.7678983966776789
Scene4_t042,1P0A2641.dng,5,0.7355093832738666,0.0,0.0007749588213762811,0.3687449097633362,0.7347344244524904
Scene4_t042,1P0A2642.dng,6,0.6806821329052111,0.0,0.006366958729868228,0.21256932616233826,0.6743151741753428
Scene4_t042,1P0A2643.dng,7,0.5849249537225567,0.0,0.01672881588579795,0.10514703392982483,0.5681961378367587
Scene4_t042,1P0A2644.dng,8,0.45873955684493367,0.0,0.10816251830161054,0.048162296414375305,0.3505770385433231
Scene4_t042,1P0A2645.dng,9,0.31411452363425196,0.0,0.8813755376098097,0.02326570637524128,-0.5672610139755577
Scene4_t042,1P0A2646.dng,10,0.22182717874450028,0.0,0.9961066183199122,0.010666893795132637,-0.7742794395754119
Scene4_t042,1P0A2647.dng,11,0.12363872477051926,0.0,1.0,0.0052208323031663895,-0.8763612752294807
Scene4_t042,1P0A2648.dng,12,0.010602580402351132,0.0,1.0,0.003962937276810408,-0.9893974195976488
Scene4_t042,1P0A2649.dng,13,-0.0,0.0,1.0,0.003921568859368563,-1.0
Scene4_t042,1P0A2650.dng,14,-0.0,0.0,1.0,0.003921568859368563,-1.0
Scene4_t043,1P0A2651.dng,0,0.3367034106607382,0.9496691411969254,0.0,0.9828475117683411,-1.5626348717331124
Scene4_t043,1P0A2652.dng,1,0.6160398699512899,0.1455592857796486,7.149066617862372e-06,0.9232686161994934,0.3249141493253748
Scene4_t043,1P0A2653.dng,2,0.6741134429225273,0.11079623444363104,8.578879941434847e-06,0.8789125680923462,0.45251239515532377
Scene4_t043,1P0A2654.dng,3,0.7371286801435859,0.02102254529648609,3.860495973645681e-05,0.7823343276977539,0.6950449845908773
Scene4_t043,1P0A2655.dng,4,0.7677687182384453,0.0,0.00017157759882869693,0.5763635635375977,0.7675971406396166
Scene4_t043,1P0A2656.dng,5,0.7363447227283834,0.0,0.000780678074670571,0.3708701431751251,0.7355640446537128
Scene4_t043,1P0A2657.dng,6,0.6811164276744344,0.0,0.006351230783308931,0.2127957046031952,0.6747651968911255
Scene4_t043,1P0A2658.dng,7,0.587173653842578,0.0,0.01649146687408492,0.10610507428646088,0.5706821869684932
Scene4_t043,1P0A2659.dng,8,0.4571587236181618,0.0,0.10721312225475842,0.04814445599913597,0.34994560136340336
Scene4_t043,1P0A2660.dng,9,0.3147340702312585,0.0,0.8814355897693997,0.023170817643404007,-0.5667015195381413
Scene4_t043,1P0A2661.dng,10,0.2225476186558077,0.0,0.9950714334736457,0.010744155384600163,-0.7725238148178379
Scene4_t043,1P0A2662.dng,11,0.12763015197231675,0.0,1.0,0.005299822427332401,-0.8723698480276832
Scene4_t043,1P0A2663.dng,12,0.011520782607867163,0.0,1.0,0.003967635799199343,-0.9884792173921328
Scene4_t043,1P0A2664.dng,13,-0.0,0.0,1.0,0.003921568859368563,-1.0
Scene4_t043,1P0A2665.dng,14,-0.0,0.0,1.0,0.003921568859368563,-1.0
Scene4_t044,1P0A2666.dng,0,0.3237231623648636,0.9556643484626647,0.0,0.9839648008346558,-1.5876055345604658
Scene4_t044,1P0A2667.dng,1,0.6333250814944613,0.13612251784407028,4.289439970717423e-06,0.917052149772644,0.36107575636635003
Scene4_t044,1P0A2668.dng,2,0.6681301875436467,0.11509997254758418,5.719253294289898e-06,0.8845821619033813,0.43792452319518405
Scene4_t044,1P0A2669.dng,3,0.7367795038341066,0.021442910413616397,4.432421303074671e-05,0.782897412776947,0.693849358793843
Scene4_t044,1P0A2670.dng,4,0.7672113384344273,0.0,0.00018015647877013178,0.5742382407188416,0.7670311819556572
Scene4_t044,1P0A2671.dng,5,0.7357655187007927,0.0,0.0007849675146412885,0.3698570728302002,0.7349805511861514
Scene4_t044,1P0A2672.dng,6,0.6806448834602878,0.0,0.006379827049780381,0.21233239769935608,0.6742650564105075
Scene4_t044,1P0A2673.dng,7,0.5875655833323445,0.0,0.01649718612737921,0.10619194805622101,0.5710683972049654
Scene4_t044,1P0A2674.dng,8,0.45700068441757774,0.0,0.10604353495607613,0.04803617671132088,0.3509571494615016
Scene4_t044,1P0A2675.dng,9,0.3131952945883785,0.0,0.8834287495424598,0.02322862669825554,-0.5702334549540813
Scene4_t044,1P0A2676.dng,10,0.2226436961452299,0.0,0.9946968223828697,0.010737523436546326,-0.7720531262376398
Scene4_t044,1P0A2677.dng,11,0.12900911527755132,0.0,1.0,0.005336604546755552,-0.8709908847224487
Scene4_t044,1P0A2678.dng,12,0.010558542948884416,0.0,1.0,0.003962970804423094,-0.9894414570511156
Scene4_t044,1P0A2679.dng,13,-0.0,0.0,1.0,0.003921568859368563,-1.0
Scene4_t044,1P0A2680.dng,14,-0.0,0.0,1.0,0.003921568859368563,-1.0
Scene4_t045,1P0A2681.dng,0,0.33062388647078733,0.9512948389458272,0.0,0.983231246471405,-1.5719657914208671
Scene4_t045,1P0A2682.dng,1,0.620256972528447,0.14318293603587115,7.149066617862372e-06,0.921832799911499,0.33388395139008686
Scene4_t045,1P0A2683.dng,2,0.6687126116140069,0.11478827324304539,8.578879941434847e-06,0.8839617371559143,0.43912748624797465
Scene4_t045,1P0A2684.dng,3,0.7365237232223105,0.021407165080527087,4.0034773060029284e-05,0.7827170491218567,0.6936693582881963
Scene4_t045,1P0A2685.dng,4,0.7669740970271826,0.0,0.0001787266654465593,0.5752316117286682,0.766795370361736
Scene4_t045,1P0A2686.dng,5,0.7338368235817776,0.0,0.0008393004209370425,0.3671938478946686,0.7329975231608405
Scene4_t045,1P0A2687.dng,6,0.6782394894666578,0.0,0.006449887902635432,0.20983189344406128,0.6717896015640223
Scene4_t045,1P0A2688.dng,7,0.5876431060135651,0.0,0.016585834553440704,0.10580853372812271,0.5710572714601243
Scene4_t045,1P0A2689.dng,8,0.4556739767220157,0.0,0.10762204886530015,0.047910090535879135,0.34805192785671557
Scene4_t045,1P0A2690.dng,9,0.31494448971447225,0.0,0.8818445163799414,0.023186897858977318,-0.5669000266654691
Scene4_t045,1P0A2691.dng,10,0.21805020240070944,0.0,0.9963925809846267,0.010419237427413464,-0.7783423785839172
Scene4_t045,1P0A2692.dng,11,0.12417394589512411,0.0,1.0,0.0052138385362923145,-0.8758260541048759
Scene4_t045,1P0A2693.dng,12,0.011225923488170326,0.0,1.0,0.0039653596468269825,-0.9887740765118297
Scene4_t045,1P0A2694.dng,13,-0.0,0.0,1.0,0.003921568859368563,-1.0
Scene4_t045,1P0A2695.dng,14,-0.0,0.0,1.0,0.003921568859368563,-1.0
Scene4_t046,1P0A2696.dng,0,0.32656978118095953,0.953559663250366,0.0,0.9837082624435425,-1.5805495453197724
Scene4_t046,1P0A2697.dng,1,0.6174118797111028,0.14515750823572474,8.578879941434847e-06,0.9227201342582703,0.3270882843597119
Scene4_t046,1P0A2698.dng,2,0.6674955108852079,0.11516574396046853,1.1438506588579795e-05,0.8844796419143677,0.43715258445768224
Scene4_t046,1P0A2699.dng,3,0.7362591560217479,0.022439490300146414,3.4315519765739386e-05,0.7836663126945496,0.6913458599016893
Scene4_t046,1P0A2700.dng,4,0.7661675210832142,0.0,0.00018730554538799415,0.5781899690628052,0.7659802155378261
Scene4_t046,1P0A2701.dng,5,0.7359543050810788,0.0,0.0007949762079062958,0.3710460662841797,0.7351593288731726
Scene4_t046,1P0A2702.dng,6,0.6809996364287467,0.0,0.006324064330161054,0.21270188689231873,0.6746755720985856
Scene4_t046,1P0A2703.dng,7,0.5873530560208464,0.0,0.016460010980966326,0.10618278384208679,0.5708930450398801
Scene4_t046,1P0A2704.dng,8,0.4404750061590996,0.0,0.11790669610175696,0.046626560389995575,0.32256831005734266
Scene4_t046,1P0A2705.dng,9,0.31345241509202604,0.0,0.8809937774524158,0.023287920281291008,-0.5675413623603898
Scene4_t046,1P0A2706.dng,10,0.22246830276715787,0.0,0.9949384608345534,0.0107827577739954,-0.7724701580673955
Scene4_t046,1P0A2707.dng,11,0.12562590661209788,0.0,1.0,0.005254785064607859,-0.8743740933879021
Scene4_t046,1P0A2708.dng,12,0.010857099444802797,0.0,1.0,0.0039644064381718636,-0.9891429005551972
Scene4_t046,1P0A2709.dng,13,-0.0,0.0,1.0,0.003921568859368563,-1.0
Scene4_t046,1P0A2710.dng,14,-0.0,0.0,1.0,0.003921568859368563,-1.0
Scene4_t047,1P0A2711.dng,0,0.33610922838167384,0.9499822703147877,0.0,0.9828920960426331,-1.5638553122479015
Scene4_t047,1P0A2712.dng,1,0.6191336297236123,0.14366192349926793,7.149066617862372e-06,0.9221906065940857,0.3318026336584586
Scene4_t047,1P0A2713.dng,2,0.6677045140005644,0.11512713900073207,1.0008693265007321e-05,0.8844380974769592,0.43744022730583526
Scene4_t047,1P0A2714.dng,3,0.7362300803982857,0.020499233620058566,3.4315519765739386e-05,0.781735897064209,0.6951972976384029
Scene4_t047,1P0A2715.dng,4,0.766705750820203,0.0,0.00018730554538799415,0.5764536261558533,0.7665184452748149
Scene4_t047,1P0A2716.dng,5,0.7352784115471345,0.0,0.0007992656478770132,0.36987611651420593,0.7344791458992574
Scene4_t047,1P0A2717.dng,6,0.6804553229694921,0.0,0.006299757503660322,0.2125989943742752,0.6741555654658318
Scene4_t047,1P0A2718.dng,7,0.5871937768669269,0.0,0.016241249542459736,0.10642750561237335,0.5709525273244671
Scene4_t047,1P0A2719.dng,8,0.4500558983832769,0.0,0.11231326637994143,0.04742496833205223,0.3377426320033355
Scene4_t047,1P0A2720.dng,9,0.3139882545957041,0.0,0.8770503523060029,0.02337467484176159,-0.5630620977102988
Scene4_t047,1P0A2721.dng,10,0.2221698470338535,0.0,0.9956447886163983,0.010828262194991112,-0.7734749415825448
Scene4_t047,1P0A2722.dng,11,0.12850994665710727,0.0,1.0,0.005329321138560772,-0.8714900533428928
Scene4_t047,1P0A2723.dng,12,0.010903544976311866,0.0,1.0,0.003964630886912346,-0.9890964550236881
Scene4_t047,1P0A2724.dng,13,-0.0,0.0,1.0,0.003921568859368563,-1.0
Scene4_t047,1P0A2725.dng,14,-0.0,0.0,1.0,0.003921568859368563,-1.0
Scene4_t048,1P0A2726.dng,0,0.32497986804292617,0.9555714105966325,0.0,0.983849823474884,-1.586162953150339
Scene4_t048,1P0A2727.dng,1,0.6177796125692454,0.14668740849194728,5.719253294289898e-06,0.9228323698043823,0.32439907633205656
Scene4_t048,1P0A2728.dng,2,0.6677176439432319,0.11446656524524158,1.1438506588579795e-05,0.8836908340454102,0.43877307494616014
Scene4_t048,1P0A2729.dng,3,0.7355695557417443,0.02209633510248902,3.4315519765739386e-05,0.7840719223022461,0.6913425700170005
Scene4_t048,1P0A2730.dng,4,0.7661536079423853,1.4298133235724744e-06,0.00018301610541727673,0.577951967716217,0.7659677322103209
Scene4_t048,1P0A2731.dng,5,0.7346390656127219,0.0,0.0008149935944363104,0.36871716380119324,0.7338240720182856
Scene4_t048,1P0A2732.dng,6,0.680813127866547,0.0,0.006282599743777453,0.21285079419612885,0.6745305281227696
Scene4_t048,1P0A2733.dng,7,0.5875417946126458,0.0,0.016518633327232798,0.10621463507413864,0.571023161285413
Scene4_t048,1P0A2734.dng,8,0.4567479699879208,0.0,0.10699865025622254,0.04797891527414322,0.3497493197316982
Scene4_t048,1P0A2735.dng,9,0.3130433045925275,0.0,0.8816657897144948,0.023300591856241226,-0.5686224851219673
Scene4_t048,1P0A2736.dng,10,0.223608694980791,0.0,0.9950142409407028,0.01083068922162056,-0.7714055459599118
Scene4_t048,1P0A2737.dng,11,0.12554758064162672,0.0,1.0,0.00525482464581728,-0.8744524193583733
Scene4_t048,1P0A2738.dng,12,0.009925850499362381,0.0,1.0,0.003959965892136097,-0.9900741495006377
Scene4_t048,1P0A2739.dng,13,-0.0,0.0,1.0,0.003921568859368563,-1.0
Scene4_t048,1P0A2740.dng,14,-0.0,0.0,1.0,0.003921568859368563,-1.0
Scene4_t049,1P0A2741.dng,0,0.32336182080464143,0.9557229708089312,0.0,0.984053909778595,-1.588084120813221
Scene4_t049,1P0A2742.dng,1,0.6182706772008822,0.14566509196559296,2.859626647144949e-06,0.9227238893508911,0.3269376336430492
Scene4_t049,1P0A2743.dng,2,0.666046096637499,0.11559325814421668,8.578879941434847e-06,0.8853458762168884,0.43485100146912425
Scene4_t049,1P0A2744.dng,3,0.7365718332362601,0.019735713305270863,3.7175146412884335e-05,0.7803303003311157,0.6970632314793055
Scene4_t049,1P0A2745.dng,4,0.7664221352307089,1.4298133235724744e-06,0.0001901651720351391,0.5778771042823792,0.7662291104320266
Scene4_t049,1P0A2746.dng,5,0.7349152130362766,0.0,0.0008006954612005857,0.37104272842407227,0.7341145175750761
Scene4_t049,1P0A2747.dng,6,0.6801093743321454,0.0,0.006264012170571011,0.2124561369419098,0.6738453621615743
Scene4_t049,1P0A2748.dng,7,0.5841949980030867,0.0,0.01636421348828697,0.10619626939296722,0.5678307845147997
Scene4_t049,1P0A2749.dng,8,0.4557468666831102,0.0,0.10200574213030747,0.04839441180229187,0.3537411245528027
Scene4_t049,1P0A2750.dng,9,0.3140329472322896,0.0,0.8838433954062958,0.023143647238612175,-0.5698104481740062
Scene4_t049,1P0A2751.dng,10,0.22290677617371296,0.0,0.9953416681918009,0.010844527743756771,-0.7724348920180879
Scene4_t049,1P0A2752.dng,11,0.12348329057173196,0.0,1.0,0.005204612389206886,-0.876516709428268
Scene4_t049,1P0A2753.dng,12,0.012029654043981486,0.0,1.0,0.003970148041844368,-0.9879703459560185
Scene4_t049,1P0A2754.dng,13,-0.0,0.0,1.0,0.003921568859368563,-1.0
Scene4_t049,1P0A2755.dng,14,-0.0,0.0,1.0,0.003921568859368563,-1.0
Scene4_t050,1P0A2756.dng,0,0.025315688677480436,0.9991092262994143,0.0,0.9997692704200745,-1.9729027639213483
Scene4_t050,1P0A2757.dng,1,0.14311575748055289,0.9920387994143485,0.0,0.996483564376831,-1.8409618413481441
Scene4_t050,1P0A2758.dng,2,0.174886181103034,0.9793949601939971,0.0,0.9935535192489624,-1.7839037392849602
Scene4_t050,1P0A2759.dng,3,0.22300463231695233,0.9224597936493412,0.0,0.9839118123054504,-1.62191495498173
Scene4_t050,1P0A2760.dng,4,0.3328074001548975,0.8262862600658858,0.0,0.9554075002670288,-1.319765119976874
Scene4_t050,1P0A2761.dng,5,0.5005656446189884,0.7725167002196194,0.0,0.9112117290496826,-1.0444677558202504
Scene4_t050,1P0A2762.dng,6,0.6806336434018802,0.5559914897510981,3.7175146412884335e-05,0.8429679870605469,-0.431386511246729
Scene4_t050,1P0A2763.dng,7,0.8320902444008718,0.3778925123535871,0.0007978358345534407,0.7423535585403442,0.07550738385914409
Scene4_t050,1P0A2764.dng,8,0.9254296706083808,0.22528281707540262,0.012626681460468522,0.6149277091026306,0.462237354997107
Scene4_t050,1P0A2765.dng,9,0.9575594998352168,0.12197451500732065,0.05481475338579795,0.47874176502227783,0.6587957164347775
Scene4_t050,1P0A2766.dng,10,0.9414101309171501,0.04898540446559297,0.1428955435578331,0.3502750098705292,0.7005437784281311
Scene4_t050,1P0A2767.dng,11,0.8766309963553349,0.012084782210834553,0.1930777017752562,0.2350063920021057,0.6593837301584097
Scene4_t050,1P0A2768.dng,12,0.7701712168833269,2.4306826500732065e-05,0.3303211932650073,0.1460542380809784,0.43980140996531814
Scene4_t050,1P0A2769.dng,13,0.6476303041214975,0.0,0.5478158171669106,0.08408301323652267,0.09981448695458683
Scene4_t050,1P0A2770.dng,14,0.5288918458132053,0.0,0.6839969573572474,0.05089487507939339,-0.15510511154404216
Scene4_t051,1P0A2771.dng,0,0.06207468390111821,0.9973877310578331,0.0,0.9991248846054077,-1.932700778214548
Scene4_t051,1P0A2772.dng,1,0.1771337358178104,0.9804372941068814,0.0,0.9935698509216309,-1.7837408523959524
Scene4_t051,1P0A2773.dng,2,0.203797152002289,0.9585368434297218,0.0,0.9894858598709106,-1.7132765348571546
Scene4_t051,1P0A2774.dng,3,0.27909631022317954,0.8748570186676428,0.0,0.9756153225898743,-1.470617727112106
Scene4_t051,1P0A2775.dng,4,0.4224878269257754,0.8127530769582724,0.0,0.9413483142852783,-1.2030183269907693
Scene4_t051,1P0A2776.dng,5,0.6044387886582339,0.6396055431002928,1.4298133235724744e-06,0.8878126740455627,-0.6747737273556754
Scene4_t051,1P0A2777.dng,6,0.7701370875996388,0.44427159590043924,0.00021876143850658859,0.8026889562606812,-0.11862486563974624
Scene4_t051,1P0A2778.dng,7,0.890864715232044,0.28370641928989754,0.0022233597181551975,0.6895233988761902,0.32122851693409377
Scene4_t051,1P0A2779.dng,8,0.9520862334463956,0.1635735038433382,0.013028459004392387,0.5595614314079285,0.6119107667553269
Scene4_t051,1P0A2780.dng,9,0.9609211271303526,0.08776480142752562,0.05046526125549048,0.4294787347316742,0.7349262630198109
Scene4_t051,1P0A2781.dng,10,0.9283599716966005,0.02854479319180088,0.1518404557101025,0.3078638017177582,0.7194299296028962
Scene4_t051,1P0A2782.dng,11,0.8541361694061451,0.0050915652452415815,0.20609472227306003,0.20627427101135254,0.637858316642602
Scene4_t051,1P0A2783.dng,12,0.7357328417534025,0.0,0.40403521916178625,0.12497187405824661,0.3316976225916162
Scene4_t051,1P0A2784.dng,13,0.6225757087404674,0.0,0.579890819454612,0.07429083436727524,0.042684889285855454
Scene4_t051,1P0A2785.dng,14,0.45315746642658306,0.0,0.8115720511530015,0.036107245832681656,-0.3584145847264184
Scene4_t052,1P0A2786.dng,0,0.06278722838620306,0.9974392043374817,0.0,0.9991093873977661,-1.9320911802887604
Scene4_t052,1P0A2787.dng,1,0.17844344521482308,0.9814152864202049,0.0,0.9933854937553406,-1.7843871276255867
Scene4_t052,1P0A2788.dng,2,0.2066715119882813,0.9606172218155198,0.0,0.9891455769538879,-1.7145629316427582
Scene4_t052,1P0A2789.dng,3,0.2788726046771016,0.8743379964311859,0.0,0.9756643176078796,-1.4698033881852703
Scene4_t052,1P0A2790.dng,4,0.42267817296067034,0.8118766013909224,0.0,0.9412698745727539,-1.2010750298211745
Scene4_t052,1P0A2791.dng,5,0.6153143727802617,0.6249299391471449,2.859626647144949e-06,0.8841006755828857,-0.6345483651406753
Scene4_t052,1P0A2792.dng,6,0.7721983394890944,0.4385895177525622,0.00023019994509516838,0.8022564649581909,-0.10521089596112516
Scene4_t052,1P0A2793.dng,7,0.8931184599305112,0.27729370653367497,0.002323446650805271,0.6884855031967163,0.336207600212356
Scene4_t052,1P0A2794.dng,8,0.9533192110760935,0.15923545021961932,0.011178280563689604,0.5586978793144226,0.6236700300731652
Scene4_t052,1P0A2795.dng,9,0.9613188248386351,0.08506817349926793,0.050935669838945825,0.42710891366004944,0.7402468080011534
Scene4_t052,1P0A2796.dng,10,0.9244397299277274,0.0278527635431918,0.15337321559297218,0.30153688788414,0.7153609872483717
Scene4_t052,1P0A2797.dng,11,0.8521933580548648,0.004053520772327965,0.21279053806734993,0.20391954481601715,0.631295778442859
Scene4_t052,1P0A2798.dng,12,0.739917661776827,0.0,0.3857407576866764,0.12623707950115204,0.3541769040901506
Scene4_t052,1P0A2799.dng,13,0.6219225412975679,0.0,0.5790357910871157,0.07334992289543152,0.042886750210452185
Scene4_t052,1P0A2800.dng,14,0.5102825631018666,0.0,0.7074945095168375,0.04204732924699783,-0.19721194641497086
Scene4_t053,1P0A2801.dng,0,0.0649674266517103,0.9973262490849195,0.0,0.9990726113319397,-1.9296850715181286
Scene4_t053,1P0A2802.dng,1,0.18028620123115077,0.9730994921303074,0.0,0.9929970502853394,-1.765912783029464
Scene4_t053,1P0A2803.dng,2,0.21127396106536112,0.9639443974194729,0.0,0.9884922504425049,-1.7166148337735847
Scene4_t053,1P0A2804.dng,3,0.27928471310674446,0.8788848028001464,0.0,0.9757072925567627,-1.4784848924935483
Scene4_t053,1P0A2805.dng,4,0.42356820189430494,0.8118294175512445,0.0,0.9406006336212158,-1.200090633208184
Scene4_t053,1P0A2806.dng,5,0.6159761025997627,0.6225178440702782,2.859626647144949e-06,0.8844021558761597,-0.6290624451674409
Scene4_t053,1P0A2807.dng,6,0.7768058472512087,0.4377387788250366,0.000223050878477306,0.7994847893714905,-0.09889476127734177
Scene4_t053,1P0A2808.dng,7,0.8963402180860682,0.27823023426061494,0.0025136118228404098,0.6842754483222961,0.3373661377419979
Scene4_t053,1P0A2809.dng,8,0.9542581212114172,0.15633006954612005,0.011059606057833089,0.5557031631469727,0.630538376061344
Scene4_t053,1P0A2810.dng,9,0.9612257142745504,0.08191972456076135,0.04800455252562225,0.4233414828777313,0.7493817126274054
Scene4_t053,1P0A2811.dng,10,0.9243310975158499,0.02754678349194729,0.1528170182101025,0.3007924258708954,0.7164205123218528
Scene4_t053,1P0A2812.dng,11,0.851461897682822,0.004037792825768668,0.2102726368045388,0.20181453227996826,0.6331136752267459
Scene4_t053,1P0A2813.dng,12,0.7418772149146888,0.0,0.3707005513360176,0.12557047605514526,0.37117666357867124
Scene4_t053,1P0A2814.dng,13,0.6200707612343616,0.0,0.5766322748901903,0.07245319336652756,0.043438486344171245
Scene4_t053,1P0A2815.dng,14,0.5039994805935256,0.0,0.7083266608711567,0.03690904378890991,-0.20432718027763108
Scene4_t054,1P0A2816.dng,0,0.07057998587882897,0.9972890739385066,0.0,0.9989739060401917,-1.9239981619981843
Scene4_t054,1P0A2817.dng,1,0.17934694690929362,0.9733983231149341,0.0,0.993103563785553,-1.7674496993205746
Scene4_t054,1P0A2818.dng,2,0.20938501882723942,0.959201706625183,0.0,0.9888361096382141,-1.7090183944231265
Scene4_t054,1P0A2819.dng,3,0.2820504388669299,0.8739390785139092,0.0,0.975277841091156,-1.4658277181608885
Scene4_t054,1P0A2820.dng,4,0.4314188581770723,0.8101493868960469,0.0,0.9398610591888428,-1.1888799156150214
Scene4_t054,1P0A2821.dng,5,0.6163024942371729,0.6223090913250366,1.4298133235724744e-06,0.8846525549888611,-0.628317118226224
Scene4_t054,1P0A2822.dng,6,0.781402633626998,0.43413278962298685,0.0002344893850658858,0.7970138788223267,-0.08709743500404156
Scene4_t054,1P0A2823.dng,7,0.8986434597410111,0.26479141883235724,0.0025479273426061494,0.6821701526641846,0.36651269473369047
Scene4_t054,1P0A2824.dng,8,0.9557610641641989,0.15868354227672035,0.01076506451317716,0.5488396286964417,0.6276289150975811
Scene4_t054,1P0A2825.dng,9,0.9623088893622824,0.08026971998535871,0.06492496339677892,0.41914916038513184,0.7368444859947861
Scene4_t054,1P0A2826.dng,10,0.9235254403810299,0.024308256314055636,0.15295999954245973,0.2969793379306793,0.7219489282104589
Scene4_t054,1P0A2827.dng,11,0.8429860728671505,0.0022019125183016107,0.21322520131771597,0.19393298029899597,0.6253570465128314
Scene4_t054,1P0A2828.dng,12,0.7382683224198842,0.0,0.3758564581808199,0.12275554239749908,0.36241186423906424
Scene4_t054,1P0A2829.dng,13,0.6152056666504173,0.0,0.5827561653550513,0.07025279849767685,0.03244950129536606
Scene4_t054,1P0A2830.dng,14,0.46495845388750345,0.0,0.7361937225475842,0.047269489616155624,-0.27123526866008074
Scene4_t055,1P0A2831.dng,0,0.06981161443406794,0.9972104342057101,0.0,0.9989762306213379,-1.9246092539773523
Scene4_t055,1P0A2832.dng,1,0.1812959640975121,0.9763537472547584,0.0,0.9929173588752747,-1.7714115304120048
Scene4_t055,1P0A2833.dng,2,0.2132420828720459,0.9628834759333821,0.0,0.9883644580841064,-1.7125248689947183
Scene4_t055,1P0A2834.dng,3,0.2860072961865672,0.8688889778550513,0.0,0.9746881723403931,-1.4517706595235353
Scene4_t055,1P0A2835.dng,4,0.43979127414638475,0.8061244623901903,0.0,0.938449501991272,-1.1724576506339959
Scene4_t055,1P0A2836.dng,5,0.6266726387746888,0.6081939741947291,7.149066617862372e-06,0.8816792964935303,-0.5897224586813873
Scene4_t055,1P0A2837.dng,6,0.7895857008381791,0.416774855874817,0.00025307695827232794,0.7933218479156494,-0.04421708786972718
Scene4_t055,1P0A2838.dng,7,0.9043411198366168,0.2539834599194729,0.002715215501464129,0.6762613654136658,0.39365898449620684
Scene4_t055,1P0A2839.dng,8,0.9581854219483337,0.1482873696010249,0.010274638543191801,0.5431707501411438,0.6513360442030921
Scene4_t055,1P0A2840.dng,9,0.9620616290842778,0.07533257457906296,0.056060120790629574,0.41175881028175354,0.7553363591355223
Scene4_t055,1P0A2841.dng,10,0.9206374343073089,0.02065365345900439,0.1542811470534407,0.29003578424453735,0.7250489803358595
Scene4_t055,1P0A2842.dng,11,0.8398069849636132,0.0019173796669106882,0.2119612463396779,0.1911349892616272,0.6240109792901138
Scene4_t055,1P0A2843.dng,12,0.7257158931618168,0.0,0.4113816000183016,0.11667411774396896,0.31433429314351524
Scene4_t055,1P0A2844.dng,13,0.6036654688513062,0.0,0.6038830870241582,0.06660636514425278,-0.00021761817285192997
Scene4_t055,1P0A2845.dng,14,0.4776628409217798,0.0,0.7240789142569546,0.04538070410490036,-0.2464160733351748
Scene4_t056,1P0A2846.dng,0,0.08057163547682084,0.9966041933565154,0.0,0.9987748265266418,-1.91263675123621
Scene4_t056,1P0A2847.dng,1,0.1848960292657203,0.9694377402086384,0.0,0.9923006296157837,-1.7539794511515565
Scene4_t056,1P0A2848.dng,2,0.21932526486022735,0.9606844230417276,0.0,0.987662672996521,-1.702043581223228
Scene4_t056,1P0A2849.dng,3,0.29724014864752246,0.8605717537518301,0.0,0.9730477333068848,-1.4239033588561378
Scene4_t056,1P0A2850.dng,4,0.45534662553769467,0.8000434663250366,0.0,0.9358353614807129,-1.1447403071123787
Scene4_t056,1P0A2851.dng,5,0.6443654970247104,0.5869355096998536,1.1438506588579795e-05,0.8768616318702698,-0.5295169608815855
Scene4_t056,1P0A2852.dng,6,0.8049712381358591,0.3987806551976574,0.0003031204245973646,0.7838312387466431,0.007106807315947022
Scene4_t056,1P0A2853.dng,7,0.9140389649086836,0.23917202370058566,0.003354342057101025,0.6632327437400818,0.4323405754504113
Scene4_t056,1P0A2854.dng,8,0.9621523920587056,0.13648855005490484,0.010015842331625183,0.5298258662223816,0.6791594496172707
Scene4_t056,1P0A2855.dng,9,0.9590093104134476,0.06496070872986823,0.05238978998901903,0.3955313265323639,0.7766981029646921
Scene4_t056,1P0A2856.dng,10,0.9160630591623216,0.01924957677525622,0.15575528459004392,0.2773649990558624,0.7218086210217651
Scene4_t056,1P0A2857.dng,11,0.8335392943757953,0.0007163364751098097,0.2250097227306003,0.18165194988250732,0.6070968986949754
Scene4_t056,1P0A2858.dng,12,0.7100071020180014,0.0,0.4218135180270864,0.10788455605506897,0.28819358399091505
Scene4_t056,1P0A2859.dng,13,0.5849792199412748,0.0,0.6108777338030746,0.06113988906145096,-0.025898513861799866
Scene4_t056,1P0A2860.dng,14,0.43158348234298977,0.0,0.7669833226573939,0.04049695283174515,-0.3353998403144041
Scene4_t057,1P0A2861.dng,0,0.08379637171220082,0.9963296691983895,0.0,0.9986401796340942,-1.9088629666845782
Scene4_t057,1P0A2862.dng,1,0.1929509386367474,0.9700625686310396,0.0,0.991568922996521,-1.7471741986253317
Scene4_t057,1P0A2863.dng,2,0.23031422740031718,0.9510431918008785,0.0,0.9864857792854309,-1.6717721562014398
Scene4_t057,1P0A2864.dng,3,0.3102171632489783,0.8519356812774525,0.0,0.971219539642334,-1.3936541993059266
Scene4_t057,1P0A2865.dng,4,0.47980253631326625,0.7843426862188873,0.0,0.9318663477897644,-1.0888828361245082
Scene4_t057,1P0A2866.dng,5,0.6668418247024769,0.5543586429355783,3.288570644216691e-05,0.8697790503501892,-0.441908346875122
Scene4_t057,1P0A2867.dng,6,0.8248837120367511,0.3662366741398243,0.00036603221083455345,0.7707929611206055,0.09204433154626798
Scene4_t057,1P0A2868.dng,7,0.9263635749405945,0.21574596220717424,0.004370939330161054,0.6466001272201538,0.490500711196085
Scene4_t057,1P0A2869.dng,8,0.9666338774880496,0.11959530563689605,0.009855703239385066,0.5096250772476196,0.7175875629748725
Scene4_t057,1P0A2870.dng,9,0.9584670194371903,0.04601568219253294,0.08430751281112737,0.3723393976688385,0.782128142240997
Scene4_t057,1P0A2871.dng,10,0.9077840490999092,0.01267243548682284,0.16099983986090777,0.26041895151138306,0.7214393382653557
Scene4_t057,1P0A2872.dng,11,0.813117943696403,0.000391768850658858,0.24891620150073207,0.16648291051387787,0.5634182044943532
Scene4_t057,1P0A2873.dng,12,0.6836626485410542,0.0,0.4642861228038067,0.09553418308496475,0.21937652573724747
Scene4_t057,1P0A2874.dng,13,0.5604056097230565,0.0,0.6440894376830161,0.05472252517938614,-0.08368382795995954
Scene4_t057,1P0A2875.dng,14,0.3860985800647692,0.0,0.8509262330710102,0.025522924959659576,-0.464827653006241
Scene4_t058,1P0A2876.dng,0,0.09678874498229013,0.9951600818997072,0.0,0.9981997013092041,-1.8935314188171242
Scene4_t058,1P0A2877.dng,1,0.19911403341831624,0.9595820369692533,0.0,0.9905651807785034,-1.7200500405201904
Scene4_t058,1P0A2878.dng,2,0.2433301762334504,0.9376487005856515,0.0,0.9849540591239929,-1.6319672249378527
Scene4_t058,1P0A2879.dng,3,0.3312715958283445,0.8426347456076134,0.0,0.9684193730354309,-1.3539978953868823
Scene4_t058,1P0A2880.dng,4,0.5186820279947095,0.7554390098828697,0.0,0.9258966445922852,-0.9921959917710299
Scene4_t058,1P0A2881.dng,5,0.7012124051664689,0.5071433473645681,6.863103953147877e-05,0.8579769134521484,-0.31314292060219884
Scene4_t058,1P0A2882.dng,6,0.8489547963935323,0.32563855463030744,0.00044181231698389457,0.753714919090271,0.19723587481593355
Scene4_t058,1P0A2883.dng,7,0.9405748255791184,0.19169936173133237,0.005877962573206442,0.6219751834869385,0.5512981395432471
Scene4_t058,1P0A2884.dng,8,0.9715655119169255,0.10269777177891655,0.02509036420204978,0.4820404350757599,0.7410796041570427
Scene4_t058,1P0A2885.dng,9,0.9540450106801194,0.036784807375549046,0.07062133967789165,0.3530932366847992,0.8098540562511296
Scene4_t058,1P0A2886.dng,10,0.8899108617231501,0.009422469802342607,0.168353369784041,0.23843877017498016,0.7027125523344239
Scene4_t058,1P0A2887.dng,11,0.7918327121794106,7.435029282576867e-05,0.25804269994509516,0.15041469037532806,0.533641311648664
Scene4_t058,1P0A2888.dng,12,0.6669942317430914,0.0,0.4779694363103953,0.08842607587575912,0.18902479543269607
Scene4_t058,1P0A2889.dng,13,0.5371481110892893,0.0,0.6688895497803806,0.048009779304265976,-0.13174143869109134
Scene4_t058,1P0A2890.dng,14,0.4100149559809001,0.0,0.77840038204612,0.03255271911621094,-0.36838542606521996
Scene4_t059,1P0A2891.dng,0,0.10134126485574577,0.9944437454245973,0.0,0.9979545474052429,-1.887546225993449
Scene4_t059,1P0A2892.dng,1,0.21027323073658108,0.9512962687591509,0.0,0.9893173575401306,-1.6923193067817206
Scene4_t059,1P0A2893.dng,2,0.2534399184657161,0.9145529259699854,0.0,0.9833430051803589,-1.5756659334742547
Scene4_t059,1P0A2894.dng,3,0.35378473942881394,0.8364936973828697,0.0,0.965535044670105,-1.3192026553369254
Scene4_t059,1P0A2895.dng,4,0.5549300258522631,0.7041344482064422,0.0,0.9202329516410828,-0.8533388705606213
Scene4_t059,1P0A2896.dng,5,0.7313892445687551,0.4645334805087848,9.436767935578331e-05,0.8463326096534729,-0.19777208412817027
Scene4_t059,1P0A2897.dng,6,0.870721327876382,0.2857024386896047,0.0005233116764275256,0.735599160194397,0.29879313882074504
Scene4_t059,1P0A2898.dng,7,0.9523169574810251,0.16927988881771597,0.007233425603953148,0.5982125401496887,0.6065237542416401
Scene4_t059,1P0A2899.dng,8,0.9728410754809287,0.0858073869875549,0.021297069454612006,0.4605901539325714,0.7799292320512069
Scene4_t059,1P0A2900.dng,9,0.9489920212281897,0.03037066480600293,0.06349515007320644,0.3339424729347229,0.8247555415429775
Scene4_t059,1P0A2901.dng,10,0.8762106858035688,0.005907988653001464,0.17441577827598828,0.22059135138988495,0.6899789302215775
Scene4_t059,1P0A2902.dng,11,0.7691352844609196,1.286831991215227e-05,0.30458741306734993,0.13691949844360352,0.4645221347537454
Scene4_t059,1P0A2903.dng,12,0.6442583041068604,0.0,0.5080441297584187,0.0784514993429184,0.13621417434844163
Scene4_t059,1P0A2904.dng,13,0.514720600257951,0.0,0.6931048682284041,0.043313056230545044,-0.17838426797045315
Scene4_t059,1P0A2905.dng,14,0.4104390845590787,0.0,0.7846315085102489,0.02665385976433754,-0.3741924239511702
Scene4_t060,1P0A2906.dng,0,0.10600675163132509,0.9930225109809663,0.0,0.9976938962936401,-1.8800382703306076
Scene4_t060,1P0A2907.dng,1,0.22157313208438598,0.9514678463579795,0.0,0.9883480668067932,-1.6813625606315732
Scene4_t060,1P0A2908.dng,2,0.2587804185591341,0.8986233757320644,0.0,0.9821906089782715,-1.5384663329049948
Scene4_t060,1P0A2909.dng,3,0.36614993990012284,0.8358316938140556,0.0,0.9635605216026306,-1.3055134477279884
Scene4_t060,1P0A2910.dng,4,0.5720566355160316,0.6735521710285505,0.0,0.916304349899292,-0.7750477065410694
Scene4_t060,1P0A2911.dng,5,0.7467925746574292,0.44412003568814057,0.00011581487920937043,0.8395516872406006,-0.1415633115980613
Scene4_t060,1P0A2912.dng,6,0.8806591710942006,0.27406518804904834,0.0005733551427525623,0.7258440852165222,0.3319554398533513
Scene4_t060,1P0A2913.dng,7,0.9568178780275591,0.15550220763177158,0.0077467285871156664,0.586901068687439,0.6380667341769003
Scene4_t060,1P0A2914.dng,8,0.9728407238240706,0.08159658674963396,0.020048842423133234,0.45044660568237305,0.7895987079016694
Scene4_t060,1P0A2915.dng,9,0.9444352345661616,0.028988035322108346,0.0665149158125915,0.32395973801612854,0.8199442481093534
Scene4_t060,1P0A2916.dng,10,0.8690726823261019,0.004781295754026354,0.18025227626281112,0.21316704154014587,0.679257814555238
Scene4_t060,1P0A2917.dng,11,0.7578986005708619,1.4298133235724744e-06,0.3239327873352855,0.12999345362186432,0.4339629536089292
Scene4_t060,1P0A2918.dng,12,0.6303384935537081,0.0,0.5351877058931186,0.07468515634536743,0.09515078766058949
Scene4_t060,1P0A2919.dng,13,0.505439459814376,0.0,0.7042545525256223,0.041314177215099335,-0.1988150927112463
Scene4_t060,1P0A2920.dng,14,0.33166577709640255,0.0,0.8582997803806734,0.021955758333206177,-0.5266340032842709
Scene4_t061,1P0A2921.dng,0,0.1077211444683843,0.9926507595168375,0.0,0.997594952583313,-1.8775803745652906
Scene4_t061,1P0A2922.dng,1,0.223361152282837,0.9509688415080527,0.0,0.9881916046142578,-1.6785765307332685
Scene4_t061,1P0A2923.dng,2,0.2639033852721107,0.9016216942715959,0.0,0.9819604158401489,-1.5393400032710811
Scene4_t061,1P0A2924.dng,3,0.3695614846406442,0.8356029236822841,0.0,0.9631236791610718,-1.3016443627239238
Scene4_t061,1P0A2925.dng,4,0.5768024028793048,0.6685892889824304,0.0,0.914871871471405,-0.760376175085556
Scene4_t061,1P0A2926.dng,5,0.7502105112170707,0.43730125594802344,0.00012010431918008785,0.8380019068717957,-0.12451210499815624
Scene4_t061,1P0A2927.dng,6,0.882667666656874,0.26517603861639827,0.0005790743960468522,0.7238069772720337,0.3517365150280306
Scene4_t061,1P0A2928.dng,7,0.9575196426551588,0.15269119463762812,0.008102752104685213,0.5844148993492126,0.6440345012752173
Scene4_t061,1P0A2929.dng,8,0.9727183914216689,0.07749874176427525,0.02355331487920937,0.44555333256721497,0.794167593013909
Scene4_t061,1P0A2930.dng,9,0.942708085536118,0.029489899798682283,0.06720122620790629,0.32141754031181335,0.8165270597308472
Scene4_t061,1P0A2931.dng,10,0.8694677048943256,0.0038476276537335284,0.17791310166544655,0.2132628709077835,0.6838593479214119
Scene4_t061,1P0A2932.dng,11,0.7620081021678965,1.4298133235724744e-06,0.30804899112371886,0.1307271122932434,0.4539562514175305
Scene4_t061,1P0A2933.dng,12,0.6369468109856752,0.0,0.5196570735724744,0.07585590332746506,0.11728973741320081
Scene4_t061,1P0A2934.dng,13,0.49966568431376157,0.0,0.7127862486273792,0.040973324328660965,-0.2131205643136176
Scene4_t061,1P0A2935.dng,14,0.3287443106253761,0.0,0.8734457929172768,0.020306963473558426,-0.5447014822919006
Scene4_t062,1P0A2936.dng,0,0.10680098150611071,0.9931311767935578,0.0,0.9975833296775818,-1.879461372081005
Scene4_t062,1P0A2937.dng,1,0.2247066023737137,0.9541558954062958,0.0,0.9881722927093506,-1.6836051884388779
Scene4_t062,1P0A2938.dng,2,0.2646632117112763,0.9005064398792094,0.0,0.9818530082702637,-1.5363496680471425
Scene4_t062,1P0A2939.dng,3,0.3718430995614619,0.833706991215227,0.0,0.9629254937171936,-1.295570882868992
Scene4_t062,1P0A2940.dng,4,0.5737816597458587,0.6697431483345534,1.4298133235724744e-06,0.9157596230506897,-0.7657060667365717
Scene4_t062,1P0A2941.dng,5,0.749098168234003,0.4409930339494876,0.00011438506588579795,0.8386303782463074,-0.13300228473085796
Scene4_t062,1P0A2942.dng,6,0.8837504484737811,0.2629340913250366,0.000587653275988287,0.7225656509399414,0.35729461254771966
Scene4_t062,1P0A2943.dng,7,0.957341650488653,0.15278985175695461,0.007722421760614934,0.5853582620620728,0.6440395252141289
Scene4_t062,1P0A2944.dng,8,0.9726797130680028,0.07648786374450951,0.021710285505124452,0.44835636019706726,0.7979937000738594
Scene4_t062,1P0A2945.dng,9,0.9410840514858264,0.028743537243777453,0.06943316480600292,0.32108601927757263,0.8141638121922686
Scene4_t062,1P0A2946.dng,10,0.8671443329724239,0.0037361022144948757,0.17623736045021962,0.21198917925357819,0.6834347680932145
Scene4_t062,1P0A2947.dng,11,0.7635276591951593,0.0,0.3051836452232797,0.13218502700328827,0.4583440139718796
Scene4_t062,1P0A2948.dng,12,0.6333579934483071,0.0,0.5288135980966325,0.07543904334306717,0.10454439535167459
Scene4_t062,1P0A2949.dng,13,0.5031446705573583,0.0,0.7115122849560761,0.04181612282991409,-0.20836761439871776
Scene4_t062,1P0A2950.dng,14,0.3585624980691223,0.0,0.850171291636164,0.01642906293272972,-0.4916087935670417
Scene4_t063,1P0A2951.dng,0,0.10711141122167654,0.992642180636896,0.0,0.9975997805595398,-1.8781729500521156
Scene4_t063,1P0A2952.dng,1,0.22578321084983297,0.9532393850658858,0.0,0.9880707263946533,-1.6806955592819386
Scene4_t063,1P0A2953.dng,2,0.2643411481764204,0.9012842583272328,0.0,0.9819230437278748,-1.5382273684780452
Scene4_t063,1P0A2954.dng,3,0.37339641267399315,0.8327604547950219,0.0,0.9627517461776733,-1.2921244969160508
Scene4_t063,1P0A2955.dng,4,0.5730187000712417,0.6705352649158126,1.4298133235724744e-06,0.916015088558197,-0.7680532595737072
Scene4_t063,1P0A2956.dng,5,0.7508308394203984,0.43794324213030744,0.00011867450585651538,0.8376482725143433,-0.12517431934607298
Scene4_t063,1P0A2957.dng,6,0.8818706992310614,0.26952267112005857,0.000587653275988287,0.724787175655365,0.342237703714956
Scene4_t063,1P0A2958.dng,7,0.9574328936357239,0.15282845671669107,0.00779534224011713,0.5851232409477234,0.6439806379622246
Scene4_t063,1P0A2959.dng,8,0.9733595314628535,0.08069294472913617,0.023284509974377744,0.4490225613117218,0.7886891320302034
Scene4_t063,1P0A2960.dng,9,0.9437044016109091,0.030529374084919472,0.06644914439970717,0.3237021267414093,0.816196509041363
Scene4_t063,1P0A2961.dng,10,0.8672960798547188,0.0044867542093704246,0.17650616535505123,0.21257014572620392,0.6818164060809266
Scene4_t063,1P0A2962.dng,11,0.7614367489592078,1.4298133235724744e-06,0.3075199601939971,0.13124211132526398,0.45391392913856354
Scene4_t063,1P0A2963.dng,12,0.6336704711444247,0.0,0.5301390350475842,0.07622291147708893,0.10353143609684046
Scene4_t063,1P0A2964.dng,13,0.501495402559949,0.0,0.7133767615300146,0.04172341898083687,-0.21188135897006566
Scene4_t063,1P0A2965.dng,14,0.33046378111227004,0.0,0.8922792940153733,0.017756981775164604,-0.5618155129031033
Scene4_t064,1P0A2966.dng,0,0.1056580415685403,0.9931812202598829,0.0,0.9976491928100586,-1.8807043989512255
Scene4_t064,1P0A2967.dng,1,0.22373897519527247,0.9509574030014641,0.0,0.9881380200386047,-1.6781758308076558
Scene4_t064,1P0A2968.dng,2,0.27174530102369965,0.891738824579063,0.0,0.9805716276168823,-1.5117323481344263
Scene4_t064,1P0A2969.dng,3,0.3706351234795314,0.8356343795754027,0.0,0.9628545045852661,-1.3006336356712738
Scene4_t064,1P0A2970.dng,4,0.5733242082214929,0.6682632915446559,1.4298133235724744e-06,0.9159746170043945,-0.7632038046811426
Scene4_t064,1P0A2971.dng,5,0.7490721320811798,0.4398048590775988,0.00010294655929721816,0.838604748249054,-0.130640532633315
Scene4_t064,1P0A2972.dng,6,0.8813540252623566,0.2668460605783309,0.0005776445827232797,0.7251400947570801,0.34708425952297156
Scene4_t064,1P0A2973.dng,7,0.9569736302218866,0.15018473188140558,0.0076566503477306005,0.5870901346206665,0.6489475161113449
Scene4_t064,1P0A2974.dng,8,0.9727585368435385,0.07801919381405564,0.022549585926061492,0.4481026530265808,0.7941705632893657
Scene4_t064,1P0A2975.dng,9,0.9406752800420461,0.03038210331259151,0.06754009196559298,0.32151514291763306,0.8123709814512702
Scene4_t064,1P0A2976.dng,10,0.8675865042552966,0.006731561127379209,0.17725824716325037,0.21383748948574066,0.6768651348372878
Scene4_t064,1P0A2977.dng,11,0.7603442167468746,1.4298133235724744e-06,0.31313197748901905,0.13132764399051666,0.4472093796312084
Scene4_t064,1P0A2978.dng,12,0.6334967792717413,0.0,0.531942029648609,0.07651744037866592,0.10155474962313227
Scene4_t064,1P0A2979.dng,13,0.5000926608921573,0.0,0.7194649066617862,0.04178756847977638,-0.21937224576962888
Scene4_t064,1P0A2980.dng,14,0.38356875513367084,0.0,0.8060200860175696,0.0286276713013649,-0.42245133088389875
Scene4_t065,1P0A2981.dng,0,0.10661464488780423,0.9928509333821376,0.0,0.9976049661636353,-1.879087221876471
Scene4_t065,1P0A2982.dng,1,0.22122645317756887,0.943292173773792,0.0,0.9882080554962158,-1.6653578943700151
Scene4_t065,1P0A2983.dng,2,0.26357192392263595,0.901584519125183,0.0,0.9819328188896179,-1.53959711432773
Scene4_t065,1P0A2984.dng,3,0.3690259168290872,0.8371142363653001,0.0,0.963010847568512,-1.305202555901513
Scene4_t065,1P0A2985.dng,4,0.5730272119179793,0.667684217148609,0.0,0.9160735607147217,-0.7623412223792387
Scene4_t065,1P0A2986.dng,5,0.7503623247079374,0.43803903962298685,0.00010294655929721816,0.8376743793487549,-0.1258187010973335
Scene4_t065,1P0A2987.dng,6,0.8814682112363699,0.2691123146961933,0.0005776445827232797,0.7248179316520691,0.34266593726126
Scene4_t065,1P0A2988.dng,7,0.9570063120552383,0.14966285001830162,0.007636632961200585,0.5856184959411621,0.6500439790574346
Scene4_t065,1P0A2989.dng,8,0.972466520778184,0.0774858734443631,0.022342262994143484,0.4482232332229614,0.7951525108953144
Scene4_t065,1P0A2990.dng,9,0.9406830898621966,0.03248821833821376,0.06659212573206442,0.322271466255188,0.8091145274537047
Scene4_t065,1P0A2991.dng,10,0.8686699541651696,0.0050572497254758415,0.17759282348096633,0.2142491191625595,0.6809626312332515
Scene4_t065,1P0A2992.dng,11,0.7619541942001752,2.859626647144949e-06,0.3192787449670571,0.13323791325092316,0.4426697299798238
Scene4_t065,1P0A2993.dng,12,0.6318953378262084,0.0,0.5334762193448024,0.07633458822965622,0.09841911848140605
Scene4_t065,1P0A2994.dng,13,0.5011369209058201,0.0,0.7206530815336749,0.041769787669181824,-0.21951616062785484
Scene4_t065,1P0A2995.dng,14,0.35754609759550415,0.0,0.8537343864385066,0.0167156383395195,-0.4961882888430025
Scene4_t066,1P0A2996.dng,0,0.1057671901094524,0.9930997209004392,0.0,0.9976454377174377,-1.880432251691426
Scene4_t066,1P0A2997.dng,1,0.22153150048083664,0.9469296188689604,0.0,0.9882361888885498,-1.6723277372570842
Scene4_t066,1P0A2998.dng,2,0.26710354307058953,0.9048158972364568,0.0,0.9819381237030029,-1.5425282514023242
Scene4_t066,1P0A2999.dng,3,0.36981835468252167,0.8369197817532943,0.0,0.9630126357078552,-1.304021208824067
Scene4_t066,1P0A3000.dng,4,0.5730405349916712,0.6667462596083455,0.0,0.9159573316574097,-0.7604519842250199
Scene4_t066,1P0A3001.dng,5,0.7495103748313547,0.4388897785505124,9.865711932650073e-05,0.8382694125175476,-0.1283678393889966
Scene4_t066,1P0A3002.dng,6,0.8809516395029724,0.2704706373535871,0.0005919427159590044,0.7252220511436462,0.33941842207983913
Scene4_t066,1P0A3003.dng,7,0.9569631505893881,0.15385649249633968,0.007576580801610542,0.5858433246612549,0.6416735847950982
Scene4_t066,1P0A3004.dng,8,0.9720568046224474,0.07997231881405564,0.022232167368228403,0.44305485486984253,0.7898799996261077
Scene4_t066,1P0A3005.dng,9,0.9419553896690744,0.034085319820644215,0.06568705389824304,0.32248279452323914,0.808097696129543
Scene4_t066,1P0A3006.dng,10,0.8627304306240574,0.006591439421669107,0.18014218063689605,0.2112305462360382,0.6694053711438231
Scene4_t066,1P0A3007.dng,11,0.7649699172341566,0.0,0.31053829612005857,0.13443411886692047,0.45443162111409807
Scene4_t066,1P0A3008.dng,12,0.6356189669841912,0.0,0.5297501258235725,0.0775211974978447,0.10586884116061868
Scene4_t066,1P0A3009.dng,13,0.5050776871314705,0.0,0.7148251624267935,0.04296259209513664,-0.209747475295323
Scene4_t066,1P0A3010.dng,14,0.33424645435446276,0.0,0.8950574213030746,0.016468361020088196,-0.5608109669486119
Scene4_t067,1P0A3011.dng,0,0.1048606698465233,0.9931998078330894,0.0,0.9976754188537598,-1.8815389458196554
Scene4_t067,1P0A3012.dng,1,0.22424995874722015,0.9548936790812591,0.0,0.988293468952179,-1.685537399415298
Scene4_t067,1P0A3013.dng,2,0.26900005399635846,0.9084304653184481,0.0,0.9820016026496887,-1.5478608766405377
Scene4_t067,1P0A3014.dng,3,0.37864461893978735,0.8294204108711567,0.0,0.9621106386184692,-1.280196202802526
Scene4_t067,1P0A3015.dng,4,0.5737069246214563,0.6673496408308931,1.4298133235724744e-06,0.9154645204544067,-0.7609937868536535
Scene4_t067,1P0A3016.dng,5,0.7478621210972057,0.4411717606149341,8.864842606149341e-05,0.8389227986335754,-0.134570048558724
Scene4_t067,1P0A3017.dng,6,0.8797476020001482,0.27158446193265007,0.0005747849560761347,0.7263915538787842,0.33600389317877194
Scene4_t067,1P0A3018.dng,7,0.9564751551224536,0.1546757755307467,0.00754083546852123,0.5872157216072083,0.639582768592439
Scene4_t067,1P0A3019.dng,8,0.9724817997143509,0.08277761255490483,0.022769777177891654,0.45049458742141724,0.7841567974266496
Scene4_t067,1P0A3020.dng,9,0.941086759479737,0.03465152589677892,0.06695100887628111,0.32397961616516113,0.804832698809898
Scene4_t067,1P0A3021.dng,10,0.8678744511691873,0.0075479845351390925,0.17739979868228403,0.21605107188224792,0.675378683416625
Scene4_t067,1P0A3022.dng,11,0.7650131698813892,1.4298133235724744e-06,0.31778887948389456,0.1352861523628235,0.44722143077084753
Scene4_t067,1P0A3023.dng,12,0.6374367184068241,0.0,0.5261956099011713,0.07849444448947906,0.11124110850565283
Scene4_t067,1P0A3024.dng,13,0.5022012283560342,0.0,0.7184268621888726,0.04270966723561287,-0.21622563383283844
Scene4_t067,1P0A3025.dng,14,0.37942318224106625,0.0,0.8325030883967789,0.019478904083371162,-0.45307990615571264
Scene4_t068,1P0A3026.dng,0,0.10490570351234711,0.9930882823938506,0.0,0.9976846575737,-1.8812708612753541
Scene4_t068,1P0A3027.dng,1,0.21996186862605724,0.9434680408125915,0.0,0.98834228515625,-1.6669742129991258
Scene4_t068,1P0A3028.dng,2,0.26858750169492485,0.8970176953696926,0.0,0.9813855290412903,-1.5254478890444603
Scene4_t068,1P0A3029.dng,3,0.3719693756500622,0.8322199853587116,0.0,0.9633438587188721,-1.292470595067361
Scene4_t068,1P0A3030.dng,4,0.5717225957833365,0.6732318928440703,2.859626647144949e-06,0.9159401059150696,-0.7747440495314512
Scene4_t068,1P0A3031.dng,5,0.7475749807013115,0.44213688460834555,9.007823938506589e-05,0.8387997150421143,-0.1367888667547647
Scene4_t068,1P0A3032.dng,6,0.878817419254021,0.2735247186127379,0.0005733551427525623,0.7269985675811768,0.3311946268857926
Scene4_t068,1P0A3033.dng,7,0.9558048760099901,0.1544212687591508,0.007436459095900439,0.5877141356468201,0.6395258793957881
Scene4_t068,1P0A3034.dng,8,0.9720731530228404,0.08414880353221084,0.02308004666910688,0.4511853754520416,0.7806954992893118
Scene4_t068,1P0A3035.dng,9,0.93979888401066,0.03661037015007321,0.06713402498169839,0.32462140917778015,0.7994441187288152
Scene4_t068,1P0A3036.dng,10,0.8693917171620658,0.005989488012445096,0.17649615666178622,0.21760886907577515,0.6809165844753894
Scene4_t068,1P0A3037.dng,11,0.7644930879082739,0.0,0.3024198160688141,0.13490410149097443,0.4620732718394598
Scene4_t068,1P0A3038.dng,12,0.6403666514271061,0.0,0.5219690817166911,0.0797894224524498,0.11839756971041504
Scene4_t068,1P0A3039.dng,13,0.5045807224695433,0.0,0.7191818036237189,0.04298379272222519,-0.21460108115417553
Scene4_t068,1P0A3040.dng,14,0.3425735120108437,0.0,0.8565897236456809,0.023860638961195946,-0.5140162116348372
Scene4_t069,1P0A3041.dng,0,0.11327873217939069,0.9919015373352855,0.0,0.9973900318145752,-1.8705243424911804
Scene4_t069,1P0A3042.dng,1,0.2241887902330459,0.9542230966325037,0.0,0.9882578253746033,-1.6842574030319615
Scene4_t069,1P0A3043.dng,2,0.26786459966163706,0.9094413433382138,0.0,0.9822036623954773,-1.5510180870147905
Scene4_t069,1P0A3044.dng,3,0.3700168508905868,0.8333652658308931,0.0,0.963452160358429,-1.2967136807711994
Scene4_t069,1P0A3045.dng,4,0.5711689769817272,0.6758827667459737,1.4298133235724744e-06,0.9163392782211304,-0.7805979863235438
Scene4_t069,1P0A3046.dng,5,0.745958063263372,0.4455355508784773,8.149935944363104e-05,0.8395149111747742,-0.14519453785302622
Scene4_t069,1P0A3047.dng,6,0.8782561383112606,0.2735504552525622,0.0005805042093704246,0.7269954085350037,0.3305747235967657
Scene4_t069,1P0A3048.dng,7,0.9552915887398039,0.15694774890190336,0.007392134882869692,0.5885454416275024,0.6340039560531275
Scene4_t069,1P0A3049.dng,8,0.9716413463258213,0.08477649158125915,0.023736330984626648,0.45189425349235535,0.7783520321786763
Scene4_t069,1P0A3050.dng,9,0.9376073054690109,0.03749685441068814,0.07058702415812591,0.32153961062431335,0.7920265724895088
Scene4_t069,1P0A3051.dng,10,0.8666219787697131,0.008453056368960469,0.17705521367130309,0.21602369844913483,0.6726606523604891
Scene4_t069,1P0A3052.dng,11,0.7653963565711596,0.0,0.30896836109077597,0.13674581050872803,0.4564279954803836
Scene4_t069,1P0A3053.dng,12,0.6426655023584397,0.0,0.5212184297218155,0.0803527683019638,0.12144707263662413
Scene4_t069,1P0A3054.dng,13,0.5087546058780499,0.0,0.7148766357064422,0.04460858926177025,-0.20612202982839234
Scene4_t069,1P0A3055.dng,14,0.35949277707743155,0.0,0.867799460102489,0.016963930800557137,-0.5083066830250574
Scene4_t070,1P0A3056.dng,0,0.1054343520596193,0.9927937408491947,0.0,0.9977146983146667,-1.8801531296387701
Scene4_t070,1P0A3057.dng,1,0.22253610856171332,0.9513405929721815,0.0,0.9883095026016235,-1.6801450773826498
Scene4_t070,1P0A3058.dng,2,0.26201848947875706,0.8994612463396779,0.0,0.9822086691856384,-1.5369040032005987
Scene4_t070,1P0A3059.dng,3,0.3687349539418769,0.8364079085834554,0.0,0.963154137134552,-1.3040808632250338
Scene4_t070,1P0A3060.dng,4,0.5703964135549764,0.6740826317715959,1.4298133235724744e-06,0.916424572467804,-0.777770279801539
Scene4_t070,1P0A3061.dng,5,0.7462417623625861,0.4433865414531479,8.578879941434847e-05,0.8390365242958069,-0.140617109343124
Scene4_t070,1P0A3062.dng,6,0.8824649408509904,0.2709953788433382,0.0006191091691068814,0.7213200330734253,0.3398550739952071
Scene4_t070,1P0A3063.dng,7,0.9547481293526605,0.15605983482796487,0.0075665721083455345,0.5898597240447998,0.6350618875883852
Scene4_t070,1P0A3064.dng,8,0.9712610259501444,0.08230434434480234,0.023184423041727673,0.4524114727973938,0.7834679142188121
Scene4_t070,1P0A3065.dng,9,0.9387207932925214,0.039139709919472916,0.06922298224743778,0.32511693239212036,0.7912183912061379
Scene4_t070,1P0A3066.dng,10,0.8671984538310762,0.010381874542459736,0.17933147648243045,0.21696723997592926,0.6671032282637263
Scene4_t070,1P0A3067.dng,11,0.7682656009940694,2.859626647144949e-06,0.3084593475475842,0.1391502320766449,0.4598005341931909
Scene4_t070,1P0A3068.dng,12,0.6428701126231638,0.0,0.5194783469070278,0.08088095486164093,0.12339176571613608
Scene4_t070,1P0A3069.dng,13,0.5098514489115379,0.0,0.7131708684114202,0.04494985193014145,-0.2033194194998823
Scene4_t070,1P0A3070.dng,14,0.32951773618863417,0.0,0.8888477420387995,0.018280252814292908,-0.5593300058501653
Scene4_t071,1P0A3071.dng,0,0.11027493952613623,0.9926750663433382,0.0,0.9975137114524841,-1.8750751931605403
Scene4_t071,1P0A3072.dng,1,0.22109148956655378,0.9475658857979502,0.0,0.9883278012275696,-1.6740402820293467
Scene4_t071,1P0A3073.dng,2,0.265656276606891,0.9051790698206442,0.0,0.9822307229042053,-1.5447018630343974
Scene4_t071,1P0A3074.dng,3,0.37260029348806906,0.832663227489019,0.0,0.9630647897720337,-1.292726161489969
Scene4_t071,1P0A3075.dng,4,0.5691236450899703,0.6762974126098097,0.0,0.9167455434799194,-0.7834711801296491
Scene4_t071,1P0A3076.dng,5,0.7429998436457356,0.4483608620058565,7.578010614934114e-05,0.8405333757400513,-0.15379766047212678
Scene4_t071,1P0A3077.dng,6,0.8765393675375677,0.27860770497803805,0.0005633464494875549,0.7276670932769775,0.318760611132004
Scene4_t071,1P0A3078.dng,7,0.9548468280167629,0.1539437111090776,0.007312065336749634,0.5863362550735474,0.639647340461858
Scene4_t071,1P0A3079.dng,8,0.9709163388864176,0.0874388039897511,0.024000846449487554,0.4540146589279175,0.7720378844574279
Scene4_t071,1P0A3080.dng,9,0.9400596438121791,0.041122860999267936,0.06812917505490483,0.32875460386276245,0.7896847467587385
Scene4_t071,1P0A3081.dng,10,0.8700578293055317,0.010715021046852123,0.16534361273792095,0.22113832831382751,0.6832841744739064
Scene4_t071,1P0A3082.dng,11,0.7701610774608931,1.4298133235724744e-06,0.29821616489751096,0.13986323773860931,0.471942052936735
Scene4_t071,1P0A3083.dng,12,0.6467341520026259,0.0,0.5150402063506588,0.08245078474283218,0.13169394565196701
Scene4_t071,1P0A3084.dng,13,0.5127778313598508,0.0,0.710592914989019,0.045871801674366,-0.19781508362916822
Scene4_t071,1P0A3085.dng,14,0.3512331461096844,0.0,0.8416982178806734,0.02700994536280632,-0.490465071770989
Scene4_t072,1P0A3086.dng,0,0.11177078861200072,0.9920430888543191,0.0,0.9974576830863953,-1.8723153890966375
Scene4_t072,1P0A3087.dng,1,0.22395080996901667,0.9531807627196194,0.0,0.9882587194442749,-1.6824107154702221
Scene4_t072,1P0A3088.dng,2,0.2627440042577869,0.907089300420937,0.0,0.9825294613838196,-1.5514345965840872
Scene4_t072,1P0A3089.dng,3,0.36918064936911826,0.832248581625183,0.0,0.9639597535133362,-1.2953165138812477
Scene4_t072,1P0A3090.dng,4,0.5682488047128265,0.6758241443997072,0.0,0.9166959524154663,-0.7833994840865879
Scene4_t072,1P0A3091.dng,5,0.7426586229169085,0.4510903756405564,8.006954612005857e-05,0.840557873249054,-0.15960219791032426
Scene4_t072,1P0A3092.dng,6,0.8759226011000216,0.28140299002562225,0.0005747849560761347,0.7280063629150391,0.312541836092701
Scene4_t072,1P0A3093.dng,7,0.9527707812101845,0.1591224949670571,0.0070404008052708635,0.5920212864875793,0.6274853904707994
Scene4_t072,1P0A3094.dng,8,0.9702836303484267,0.08245018530380674,0.02475435807101025,0.4535481929779053,0.780628901669803
Scene4_t072,1P0A3095.dng,9,0.9389306172610451,0.04235536008418741,0.07003797584187409,0.3274017572402954,0.7841819212507962
Scene4_t072,1P0A3096.dng,10,0.8657778904230209,0.007239144857247437,0.16875228770131773,0.21829868853092194,0.6825473130072084
Scene4_t072,1P0A3097.dng,11,0.7688922383888348,5.719253294289898e-06,0.3105054104136164,0.1406872272491455,0.4583753894686298
Scene4_t072,1P0A3098.dng,12,0.6424228873168218,0.0,0.5200345442898975,0.081461600959301,0.12238834302692436
Scene4_t072,1P0A3099.dng,13,0.5117050349991114,0.0,0.7128076958272328,0.04592481255531311,-0.20110266082812145
Scene4_t072,1P0A3100.dng,14,0.3481816598582417,0.0,0.8778810738469985,0.017363054677844048,-0.5296994139887569
Scene4_t073,1P0A3101.dng,0,0.10552894943067472,0.9927737234626647,0.0,0.9977284669876099,-1.8800184974946546
Scene4_t073,1P0A3102.dng,1,0.22149760327291562,0.9516494326500732,0.0,0.9884362816810608,-1.6818012620272307
Scene4_t073,1P0A3103.dng,2,0.271082173023532,0.8980443013360175,0.0,0.9812279939651489,-1.525006429648503
Scene4_t073,1P0A3104.dng,3,0.3727642757800076,0.8315136575768668,0.0,0.9635646939277649,-1.290263039373726
Scene4_t073,1P0A3105.dng,4,0.5696643562758218,0.6756268301610542,1.4298133235724744e-06,0.9166940450668335,-0.7815907338596102
Scene4_t073,1P0A3106.dng,5,0.7440258809264167,0.45037832860541727,8.721861273792094e-05,0.8395640254020691,-0.1568179948971557
Scene4_t073,1P0A3107.dng,6,0.8760128729903321,0.27997031707540265,0.0005404694363103953,0.7282313108444214,0.3155317694032164
Scene4_t073,1P0A3108.dng,7,0.9524129266865726,0.15731807055270863,0.006781604593704246,0.5918458700180054,0.6309951809874511
Scene4_t073,1P0A3109.dng,8,0.9695190285040846,0.08458060715592972,0.0222064307284041,0.4498262107372284,0.7781513834638211
Scene4_t073,1P0A3110.dng,9,0.939083099116818,0.04373370012811127,0.0686038730783309,0.3299073874950409,0.7830118257822645
Scene4_t073,1P0A3111.dng,10,0.8676823573506653,0.012370744875549048,0.16909973233894582,0.22192423045635223,0.6738411352606214
Scene4_t073,1P0A3112.dng,11,0.7680349517229661,1.4298133235724744e-06,0.301303131863104,0.1398482471704483,0.466728960233215
Scene4_t073,1P0A3113.dng,12,0.6469212305250932,0.0,0.5184903459004392,0.08373516798019409,0.12843088462465402
Scene4_t073,1P0A3114.dng,13,0.5124416673542973,0.0,0.7133696124633968,0.0468706451356411,-0.2009279451090995
Scene4_t073,1P0A3115.dng,14,0.3497802123327081,0.0,0.8749370882137628,0.018042899668216705,-0.5251568758810548
Scene4_t074,1P0A3116.dng,0,0.104741635954683,0.9933356400988287,0.0,0.9977515339851379,-1.8819296442429745
Scene4_t074,1P0A3117.dng,1,0.2194463899548232,0.9490657599743777,0.0,0.9886070489883423,-1.6786851299939323
Scene4_t074,1P0A3118.dng,2,0.2688210875346441,0.9155852511896047,0.0,0.9824352860450745,-1.5623494148445651
Scene4_t074,1P0A3119.dng,3,0.3730083312053316,0.8312534315519766,0.0,0.9635757803916931,-1.2894985318986216
Scene4_t074,1P0A3120.dng,4,0.5698786604252253,0.6744057695827232,0.0,0.9166920185089111,-0.7789328787402212
Scene4_t074,1P0A3121.dng,5,0.7443857548620084,0.45016242679355783,7.863973279648609e-05,0.8394815325737,-0.15601773845790373
Scene4_t074,1P0A3122.dng,6,0.8769804552261362,0.2823781227122987,0.0005747849560761347,0.7261388301849365,0.3116494248454627
Scene4_t074,1P0A3123.dng,7,0.9517845519417794,0.15853484169106882,0.006411282942898975,0.5904496312141418,0.6283035856167428
Scene4_t074,1P0A3124.dng,8,0.9683732051674607,0.08571730874816984,0.021625926519033674,0.45234328508377075,0.7753126611520873
Scene4_t074,1P0A3125.dng,9,0.9354160128626836,0.04572828971449488,0.07165652452415813,0.325483113527298,0.7723029089095357
Scene4_t074,1P0A3126.dng,10,0.8701509932039705,0.008352969436310396,0.16811745058565153,0.2238396406173706,0.6853276037456981
Scene4_t074,1P0A3127.dng,11,0.7667455112479643,2.859626647144949e-06,0.30586423636530014,0.1397382766008377,0.4608755556293699
Scene4_t074,1P0A3128.dng,12,0.6428583390015957,0.0,0.5303778138726208,0.08405356109142303,0.11248052512897488
Scene4_t074,1P0A3129.dng,13,0.5087913923441455,0.0,0.7212464540629575,0.0465177446603775,-0.212455061718812
Scene4_t074,1P0A3130.dng,14,0.37873317682965923,0.0,0.8108757320644217,0.031779851764440536,-0.4321425552347624
Scene4_t075,1P0A3131.dng,0,0.34505076152058467,0.9473800100658858,0.0,0.9820137619972229,-1.549709258611187
Scene4_t075,1P0A3132.dng,1,0.6335743093141857,0.13669587298682284,5.719253294289898e-06,0.9184679388999939,0.3601768440872457
Scene4_t075,1P0A3133.dng,2,0.6684297564485302,0.11046737737920936,1.4298133235724744e-05,0.8794485926628113,0.44748070355687575
Scene4_t075,1P0A3134.dng,3,0.7399985680805844,0.015870927891654465,4.289439970717423e-05,0.7710190415382385,0.7082138178975683
Scene4_t075,1P0A3135.dng,4,0.7643499788650342,0.0,0.0002016036786237189,0.5673407912254333,0.7641483751864104
Scene4_t075,1P0A3136.dng,5,0.7345756620531435,0.0,0.0010895177525622256,0.3644331097602844,0.7334861443005812
Scene4_t075,1P0A3137.dng,6,0.6740858091066635,0.0,0.006502790995607613,0.20968234539031982,0.6675830181110559
Scene4_t075,1P0A3138.dng,7,0.5727855397731277,0.0,0.017154900256222547,0.10455937683582306,0.5556306395169052
Scene4_t075,1P0A3139.dng,8,0.43846384858361553,0.0,0.10209867999633968,0.04730270430445671,0.33636516858727583
Scene4_t075,1P0A3140.dng,9,0.3096313264995602,0.0,0.9018147190702782,0.022824564948678017,-0.5921833925707181
Scene4_t075,1P0A3141.dng,10,0.21641380221722936,0.0,0.9966942715959004,0.010432565584778786,-0.780280469378671
Scene4_t075,1P0A3142.dng,11,0.10840887906715552,0.0,1.0,0.0049174013547599316,-0.8915911209328444
Scene4_t075,1P0A3143.dng,12,0.009417658872549067,0.0,1.0,0.003957588225603104,-0.9905823411274509
Scene4_t075,1P0A3144.dng,13,-0.0,0.0,1.0,0.003921568859368563,-1.0
Scene4_t075,1P0A3145.dng,14,-0.0,0.0,1.0,0.003921568859368563,-1.0
Scene4_t076,1P0A3146.dng,0,0.33196776837213776,0.9538013017020498,0.0,0.9833542108535767,-1.5756348350319618
Scene4_t076,1P0A3147.dng,1,0.6252615985288554,0.1425009150805271,2.859626647144949e-06,0.9204966425895691,0.3402569087411541
Scene4_t076,1P0A3148.dng,2,0.671895293151371,0.10620224423499268,1.7157759882869693e-05,0.8735691905021667,0.4594736469215027
Scene4_t076,1P0A3149.dng,3,0.7353413268617208,0.019775748078330893,4.146458638360176e-05,0.7795460820198059,0.6957483661186754
Scene4_t076,1P0A3150.dng,4,0.7632388555189458,0.0,0.00018730554538799415,0.5734903812408447,0.7630515499735577
Scene4_t076,1P0A3151.dng,5,0.7320828903341374,0.0,0.0009765625,0.3648597300052643,0.7311063278341374
Scene4_t076,1P0A3152.dng,6,0.6729992358298869,0.0,0.006365528916544656,0.21128414571285248,0.6666337069133422
Scene4_t076,1P0A3153.dng,7,0.573126373816398,0.0,0.016731675512445095,0.10546232759952545,0.5563946983039528
Scene4_t076,1P0A3154.dng,8,0.4427801755123377,0.0,0.1006788753660322,0.04775065928697586,0.3421013001463055
Scene4_t076,1P0A3155.dng,9,0.3090392165449446,0.0,0.8992710811676428,0.022992931306362152,-0.5902318646226982
Scene4_t076,1P0A3156.dng,10,0.21988175438182012,0.0,0.9950642844070278,0.010643252171576023,-0.7751825300252077
Scene4_t076,1P0A3157.dng,11,0.1268921553639617,0.0,1.0,0.005299548152834177,-0.8731078446360383
Scene4_t076,1P0A3158.dng,12,0.008843341812220185,0.0,1.0,0.003954941872507334,-0.9911566581877798
Scene4_t076,1P0A3159.dng,13,-0.0,0.0,1.0,0.003921568859368563,-1.0
Scene4_t076,1P0A3160.dng,14,-0.0,0.0,1.0,0.003921568859368563,-1.0
Scene4_t077,1P0A3161.dng,0,0.3282347997073555,0.9550623970534406,0.0,0.98370760679245,-1.5818899943995257
Scene4_t077,1P0A3162.dng,1,0.6237723850310103,0.1466345053989751,2.859626647144949e-06,0.921369731426239,0.33050051460641294
Scene4_t077,1P0A3163.dng,2,0.6639188199571131,0.11354004621156662,1.7157759882869693e-05,0.8829642534255981,0.43682156977409703
Scene4_t077,1P0A3164.dng,3,0.7325853275921167,0.02201626555636896,3.860495973645681e-05,0.7823221683502197,0.6885141915196422
Scene4_t077,1P0A3165.dng,4,0.7628838515602898,0.0,0.00018158629209370425,0.5736848711967468,0.7627022652681961
Scene4_t077,1P0A3166.dng,5,0.7320300026727917,0.0,0.0008779053806734992,0.3680403530597687,0.7311520972921183
Scene4_t077,1P0A3167.dng,6,0.673140712068175,0.0,0.006342651903367497,0.2116953283548355,0.6667980601648076
Scene4_t077,1P0A3168.dng,7,0.5743210535441577,0.0,0.01699476116398243,0.10559430718421936,0.5573262923801753
Scene4_t077,1P0A3169.dng,8,0.44520675871448673,0.0,0.10226596815519766,0.04781528562307358,0.34294079055928905
Scene4_t077,1P0A3170.dng,9,0.3068549290228056,0.0,0.9126298270497804,0.022666186094284058,-0.6057748980269748
Scene4_t077,1P0A3171.dng,10,0.21833833236946334,0.0,0.9966242107430454,0.010562276467680931,-0.7782858783735821
Scene4_t077,1P0A3172.dng,11,0.1258158714412149,0.0,1.0,0.00526141794398427,-0.8741841285587851
Scene4_t077,1P0A3173.dng,12,0.010257673068601968,0.0,1.0,0.003961535636335611,-0.9897423269313981
Scene4_t077,1P0A3174.dng,13,-0.0,0.0,1.0,0.003921568859368563,-1.0
Scene4_t077,1P0A3175.dng,14,-0.0,0.0,1.0,0.003921568859368563,-1.0
Scene4_t078,1P0A3176.dng,0,0.34185791382328196,0.9520669381405563,0.0,0.98273104429245,-1.5622759624578306
Scene4_t078,1P0A3177.dng,1,0.6206004969136302,0.1506608597181552,5.719253294289898e-06,0.9228019714355469,0.31927305822402546
Scene4_t078,1P0A3178.dng,2,0.6632278062631193,0.1137230623169839,1.4298133235724744e-05,0.8833122253417969,0.43576738349591576
Scene4_t078,1P0A3179.dng,3,0.7315433071630227,0.022117782302342605,4.0034773060029284e-05,0.7826544046401978,0.6872677077852775
Scene4_t078,1P0A3180.dng,4,0.7628588277629799,0.0,0.00017729685212298683,0.5765008926391602,0.7626815309108569
Scene4_t078,1P0A3181.dng,5,0.7318692166596057,0.0,0.0008393004209370425,0.37068772315979004,0.7310299162386686
Scene4_t078,1P0A3182.dng,6,0.6724771210492059,0.0,0.006334073023426061,0.21274299919605255,0.6661430480257798
Scene4_t078,1P0A3183.dng,7,0.5732909979782722,0.0,0.016751692898975108,0.10604634135961533,0.556539305079297
Scene4_t078,1P0A3184.dng,8,0.4501202696062973,0.0,0.09948927068081992,0.04803294688463211,0.3506309989254774
Scene4_t078,1P0A3185.dng,9,0.3086894616899092,0.0,0.89449121522694,0.02313033677637577,-0.5858017535370308
Scene4_t078,1P0A3186.dng,10,0.22243036769028224,0.0,0.9951472135797951,0.010847567580640316,-0.7727168458895128
Scene4_t078,1P0A3187.dng,11,0.13035639519838907,0.0,1.0,0.005363106727600098,-0.869643604801611
Scene4_t078,1P0A3188.dng,12,0.011049490823607068,0.0,1.0,0.003965090494602919,-0.9889505091763929
Scene4_t078,1P0A3189.dng,13,-0.0,0.0,1.0,0.003921568859368563,-1.0
Scene4_t078,1P0A3190.dng,14,-0.0,0.0,1.0,0.003921568859368563,-1.0
Scene4_t079,1P0A3191.dng,0,0.32106828608707827,0.9564836314970717,0.0,0.9840596318244934,-1.591898976907065
Scene4_t079,1P0A3192.dng,1,0.622945841181486,0.14804430133601756,5.719253294289898e-06,0.9215480089187622,0.3268515192561566
Scene4_t079,1P0A3193.dng,2,0.6670424949428201,0.10891174048316252,1.286831991215227e-05,0.8770586848258972,0.4492061456565829
Scene4_t079,1P0A3194.dng,3,0.732027257550629,0.02024043740849195,4.432421303074671e-05,0.7810596823692322,0.6915020585206143
Scene4_t079,1P0A3195.dng,4,0.7609205929169105,0.0,0.00018158629209370425,0.5749569535255432,0.7607390066248167
Scene4_t079,1P0A3196.dng,5,0.731236032634897,0.0,0.0007749588213762811,0.36910176277160645,0.7304610738135208
Scene4_t079,1P0A3197.dng,6,0.6728249965467633,0.0,0.006306906570278184,0.21264630556106567,0.6665180899764851
Scene4_t079,1P0A3198.dng,7,0.5691646106159125,0.0,0.017060532576866766,0.10350538045167923,0.5521040780390457
Scene4_t079,1P0A3199.dng,8,0.4454808298921166,0.0,0.10310812820278184,0.047942422330379486,0.34237270168933476
Scene4_t079,1P0A3200.dng,9,0.308235148382303,0.0,0.8929813323572474,0.023192552849650383,-0.5847461839749444
Scene4_t079,1P0A3201.dng,10,0.22381833158235886,0.0,0.9949184434480234,0.010908693075180054,-0.7711001118656645
Scene4_t079,1P0A3202.dng,11,0.12986998869441294,0.0,1.0,0.0053651523776352406,-0.8701300113055871
Scene4_t079,1P0A3203.dng,12,0.010782672916120678,0.0,1.0,0.003964047413319349,-0.9892173270838793
Scene4_t079,1P0A3204.dng,13,-0.0,0.0,1.0,0.003921568859368563,-1.0
Scene4_t079,1P0A3205.dng,14,-0.0,0.0,1.0,0.003921568859368563,-1.0
Scene4_t080,1P0A3206.dng,0,0.3162695146369246,0.9581965478587116,0.0,0.9842845797538757,-1.6001235810804986
Scene4_t080,1P0A3207.dng,1,0.6205647174419325,0.15087247209004392,5.719253294289898e-06,0.922571063041687,0.3188140540085504
Scene4_t080,1P0A3208.dng,2,0.6621058777793772,0.11421348828696926,1.4298133235724744e-05,0.8841480612754822,0.433664603072203
Scene4_t080,1P0A3209.dng,3,0.7309190449935198,0.020544987646412886,3.7175146412884335e-05,0.7824472188949585,0.6897918945542811
Scene4_t080,1P0A3210.dng,4,0.7609052074094613,0.0,0.00017729685212298683,0.5769952535629272,0.7607279105573383
Scene4_t080,1P0A3211.dng,5,0.731176764059541,0.0,0.0007606606881405564,0.3710002601146698,0.7304161033714005
Scene4_t080,1P0A3212.dng,6,0.6724867231588676,0.0,0.006422721449487555,0.21304406225681305,0.6660640017093801
Scene4_t080,1P0A3213.dng,7,0.5778669263859694,0.0,0.016758841965592974,0.10616454482078552,0.5611080844203764
Scene4_t080,1P0A3214.dng,8,0.43023707898972624,0.0,0.10594773746339678,0.046933263540267944,0.3242893415263295
Scene4_t080,1P0A3215.dng,9,0.30822496096404306,0.0,0.8981515373352855,0.023113688454031944,-0.5899265763712425
Scene4_t080,1P0A3216.dng,10,0.22208929078214604,0.0,0.9947583043557833,0.011047953739762306,-0.7726690135736373
Scene4_t080,1P0A3217.dng,11,0.1249398340126329,0.0,1.0,0.00523354159668088,-0.8750601659873671
Scene4_t080,1P0A3218.dng,12,0.009262832377763843,0.0,1.0,0.003956870641559362,-0.9907371676222362
Scene4_t080,1P0A3219.dng,13,-0.0,0.0,1.0,0.003921568859368563,-1.0
Scene4_t080,1P0A3220.dng,14,-0.0,0.0,1.0,0.003921568859368563,-1.0
Scene4_t081,1P0A3221.dng,0,0.34159982853314824,0.9532737005856515,0.0,0.9828940033912659,-1.5649475726381548
Scene4_t081,1P0A3222.dng,1,0.6193027035273365,0.15196056002928257,5.719253294289898e-06,0.9229740500450134,0.3153758642154771
Scene4_t081,1P0A3223.dng,2,0.6623653243195889,0.11354719527818448,1.1438506588579795e-05,0.8833031058311462,0.43525949525663143
Scene4_t081,1P0A3224.dng,3,0.7299084420549603,0.020703696925329428,3.860495973645681e-05,0.782494843006134,0.688462443244565
Scene4_t081,1P0A3225.dng,4,0.7608026525389612,0.0,0.00018158629209370425,0.5770775079727173,0.7606210662468674
Scene4_t081,1P0A3226.dng,5,0.7308475995472938,0.0,0.000756371248169839,0.3710492253303528,0.730091228299124
Scene4_t081,1P0A3227.dng,6,0.672010642259665,0.0,0.006372677983162519,0.21221458911895752,0.6656379642765025
Scene4_t081,1P0A3228.dng,7,0.575355281264524,0.0,0.016730245699121522,0.10597839951515198,0.5586250355654024
Scene4_t081,1P0A3229.dng,8,0.4264727960756019,0.0,0.10755913707906296,0.04610857367515564,0.31891365899653895
Scene4_t081,1P0A3230.dng,9,0.30658342133813465,0.0,0.9040009036420205,0.022994432598352432,-0.5974174823038858
Scene4_t081,1P0A3231.dng,10,0.22142410263981072,0.0,0.99515722227306,0.010798922739923,-0.7737331196332493
Scene4_t081,1P0A3232.dng,11,0.12656042946252968,0.0,1.0,0.0052699497900903225,-0.8734395705374703
Scene4_t081,1P0A3233.dng,12,0.01130076304029769,0.0,1.0,0.0039665596559643745,-0.9886992369597023
Scene4_t081,1P0A3234.dng,13,-0.0,0.0,1.0,0.003921568859368563,-1.0
Scene4_t081,1P0A3235.dng,14,-0.0,0.0,1.0,0.003921568859368563,-1.0
Scene4_t082,1P0A3236.dng,0,0.3196044837941859,0.9564578948572474,1.4298133235724744e-06,0.9840312004089355,-1.5933127357336325
Scene4_t082,1P0A3237.dng,1,0.6203812506675326,0.15102260248901903,7.149066617862372e-06,0.922482967376709,0.31832889662287667
Scene4_t082,1P0A3238.dng,2,0.6612439563563363,0.1143564696193265,1.286831991215227e-05,0.8839904069900513,0.4325181487977711
Scene4_t082,1P0A3239.dng,3,0.7310480854706518,0.018819202964860907,4.432421303074671e-05,0.7797322273254395,0.6933653553278992
Scene4_t082,1P0A3240.dng,4,0.760504135053428,0.0,0.00018730554538799415,0.5770535469055176,0.7603168295080399
Scene4_t082,1P0A3241.dng,5,0.7305969580657087,0.0,0.0007849675146412885,0.3708796501159668,0.7298119905510674
Scene4_t082,1P0A3242.dng,6,0.6716141111607414,0.0,0.00641414256954612,0.212372288107872,0.6651999685911953
Scene4_t082,1P0A3243.dng,7,0.5752357565791979,0.0,0.016921840684480233,0.10587023943662643,0.5583139158947177
Scene4_t082,1P0A3244.dng,8,0.4451311081430328,0.0,0.10283360404465593,0.047836266458034515,0.3422975040983769
Scene4_t082,1P0A3245.dng,9,0.298559750532556,0.0,0.9401637422218155,0.022192198783159256,-0.6416039916892595
Scene4_t082,1P0A3246.dng,10,0.22061555212823,0.0,0.9951986868594437,0.010746235959231853,-0.7745831347312137
Scene4_t082,1P0A3247.dng,11,0.12434115701070605,0.0,1.0,0.005225690081715584,-0.875658842989294
Scene4_t082,1P0A3248.dng,12,0.010182084625131368,0.0,1.0,0.003961176611483097,-0.9898179153748686
Scene4_t082,1P0A3249.dng,13,-0.0,0.0,1.0,0.003921568859368563,-1.0
Scene4_t082,1P0A3250.dng,14,-0.0,0.0,1.0,0.003921568859368563,-1.0
Scene4_t083,1P0A3251.dng,0,0.33462112019124324,0.9535253477306003,0.0,0.9832577705383301,-1.5724295752699573
Scene4_t083,1P0A3252.dng,1,0.619743475538937,0.15217932146778917,7.149066617862372e-06,0.9228039383888245,0.31537768353674084
Scene4_t083,1P0A3253.dng,2,0.6604068694434007,0.11501561356149341,1.1438506588579795e-05,0.8847061991691589,0.43036420381382523
Scene4_t083,1P0A3254.dng,3,0.7287835498481001,0.021743171211566617,4.0034773060029284e-05,0.7834504842758179,0.6852571726519069
Scene4_t083,1P0A3255.dng,4,0.7602354244300171,0.0,0.00018873535871156662,0.5760974884033203,0.7600466890713056
Scene4_t083,1P0A3256.dng,5,0.7305306154620257,0.0,0.0008049849011713031,0.3694104850292206,0.7297256305608544
Scene4_t083,1P0A3257.dng,6,0.6715208697108777,0.0,0.006312625823572475,0.2125358134508133,0.6652082438873052
Scene4_t083,1P0A3258.dng,7,0.5753434549980784,0.0,0.016673053166178623,0.10604308545589447,0.5586704018318998
Scene4_t083,1P0A3259.dng,8,0.42583250143144397,0.0,0.106642626738653,0.04645460471510887,0.319189874692791
Scene4_t083,1P0A3260.dng,9,0.3021231935927911,0.0,0.9285179127013177,0.02246890217065811,-0.6263947191085266
Scene4_t083,1P0A3261.dng,10,0.22288517185985326,0.0,0.9946939627562226,0.010870357975363731,-0.7718087908963693
Scene4_t083,1P0A3262.dng,11,0.12526350886320528,0.0,1.0,0.005246939603239298,-0.8747364911367947
Scene4_t083,1P0A3263.dng,12,0.00907365909572703,0.0,1.0,0.003955760505050421,-0.990926340904273
Scene4_t083,1P0A3264.dng,13,-0.0,0.0,1.0,0.003921568859368563,-1.0
Scene4_t083,1P0A3265.dng,14,-0.0,0.0,1.0,0.003921568859368563,-1.0
Scene4_t084,1P0A3266.dng,0,0.31390795591760207,0.9574573343704246,0.0,0.9843294024467468,-1.601006712823247
Scene4_t084,1P0A3267.dng,1,0.6188306346214876,0.15232230280014641,5.719253294289898e-06,0.9230044484138489,0.31418030976790046
Scene4_t084,1P0A3268.dng,2,0.6587746231723473,0.11563043329062958,1.1438506588579795e-05,0.8856156468391418,0.4275023180844995
Scene4_t084,1P0A3269.dng,3,0.7328504312667212,0.016178337756222547,3.860495973645681e-05,0.7750892639160156,0.7004551507945396
Scene4_t084,1P0A3270.dng,4,0.7597528373777379,0.0,0.0001787266654465593,0.5765738487243652,0.7595741107122913
Scene4_t084,1P0A3271.dng,5,0.7297026237727374,0.0,0.0007964060212298683,0.3698277473449707,0.7289062177515075
Scene4_t084,1P0A3272.dng,6,0.670934653617642,0.0,0.006305476756954612,0.21294333040714264,0.6646291768606875
Scene4_t084,1P0A3273.dng,7,0.5757968790758166,0.0,0.016630158766471448,0.10611360520124435,0.5591667203093451
Scene4_t084,1P0A3274.dng,8,0.44555570813714773,0.0,0.09726734077598828,0.04807256907224655,0.3482883673611594
Scene4_t084,1P0A3275.dng,9,0.30362663603910167,0.0,0.9243199807833089,0.0225390512496233,-0.6206933447442072
Scene4_t084,1P0A3276.dng,10,0.2169240395036453,0.0,0.9967914989019033,0.010423216037452221,-0.779867459398258
Scene4_t084,1P0A3277.dng,11,0.12619417002418967,0.0,1.0,0.0052765365689992905,-0.8738058299758104
Scene4_t084,1P0A3278.dng,12,0.011123488357449002,0.0,1.0,0.003965449519455433,-0.988876511642551
Scene4_t084,1P0A3279.dng,13,-0.0,0.0,1.0,0.003921568859368563,-1.0
Scene4_t084,1P0A3280.dng,14,-0.0,0.0,1.0,0.003921568859368563,-1.0
Scene4_t085,1P0A3281.dng,0,0.322170472384304,0.9586183427891655,0.0,0.9838562607765198,-1.595066213194027
Scene4_t085,1P0A3282.dng,1,0.6182902280888039,0.15329600567349927,4.289439970717423e-06,0.9232179522514343,0.3116939273018346
Scene4_t085,1P0A3283.dng,2,0.66018042437074,0.1142578125,1.1438506588579795e-05,0.8838998079299927,0.4316533608641514
Scene4_t085,1P0A3284.dng,3,0.7278487970533496,0.02154299734626647,3.7175146412884335e-05,0.7838897109031677,0.6847256272144038
Scene4_t085,1P0A3285.dng,4,0.7594614467584623,0.0,0.00018587573206442167,0.5765685439109802,0.7592755710263979
Scene4_t085,1P0A3286.dng,5,0.7291840426384342,0.0,0.0007334942349926794,0.3718903064727783,0.7284505484034415
Scene4_t085,1P0A3287.dng,6,0.6710085883525244,0.0,0.006384116489751098,0.21310396492481232,0.6646244718627733
Scene4_t085,1P0A3288.dng,7,0.5731654089065555,0.0,0.016667333912884334,0.10612232983112335,0.5564980749936712
Scene4_t085,1P0A3289.dng,8,0.44639796683666716,0.0,0.09650382046120058,0.04819684475660324,0.34989414637546656
Scene4_t085,1P0A3290.dng,9,0.30732345404640443,0.0,0.8956822497254758,0.023242473602294922,-0.5883587956790715
Scene4_t085,1P0A3291.dng,10,0.22295973853648246,0.0,0.9946696559297218,0.010873046703636646,-0.7717099173932394
Scene4_t085,1P0A3292.dng,11,0.11866822662964976,0.0,1.0,0.005105513148009777,-0.8813317733703503
Scene4_t085,1P0A3293.dng,12,0.01130076304029769,0.0,1.0,0.0039665596559643745,-0.9886992369597023
Scene4_t085,1P0A3294.dng,13,-0.0,0.0,1.0,0.003921568859368563,-1.0
Scene4_t085,1P0A3295.dng,14,-0.0,0.0,1.0,0.003921568859368563,-1.0
Scene4_t086,1P0A3296.dng,0,0.311078098357724,0.9575660001830161,0.0,0.9844264984130859,-1.6040539020083082
Scene4_t086,1P0A3297.dng,1,0.615911430008049,0.15500463259516836,4.289439970717423e-06,0.9239881634712219,0.3058978753777416
Scene4_t086,1P0A3298.dng,2,0.659827516505779,0.11464100247071743,1.1438506588579795e-05,0.884209156036377,0.43053407305775554
Scene4_t086,1P0A3299.dng,3,0.7296408010220831,0.018840650164714496,4.432421303074671e-05,0.7804001569747925,0.6919151764796233
Scene4_t086,1P0A3300.dng,4,0.7595238660109351,0.0,0.00017729685212298683,0.578175961971283,0.7593465691588122
Scene4_t086,1P0A3301.dng,5,0.7290102852432487,0.0,0.0007906867679355784,0.37109020352363586,0.7282195984753131
Scene4_t086,1P0A3302.dng,6,0.6708652508026753,0.0,0.006352660596632503,0.21295066177845,0.6645125902060428
Scene4_t086,1P0A3303.dng,7,0.576296250061705,0.0,0.01652578239385066,0.10649504512548447,0.5597704676678544
Scene4_t086,1P0A3304.dng,8,0.44707586774683505,0.0,0.09709862280380674,0.04821556806564331,0.3499772449430283
Scene4_t086,1P0A3305.dng,9,0.3031468508360061,0.0,0.9215675901354319,0.02267957106232643,-0.6184207392994258
Scene4_t086,1P0A3306.dng,10,0.21920824006709289,0.0,0.9964454840775988,0.010643460787832737,-0.777237244010506
Scene4_t086,1P0A3307.dng,11,0.12628804318021594,0.0,1.0,0.005279316566884518,-0.8737119568197841
Scene4_t086,1P0A3308.dng,12,0.010182084625131368,0.0,1.0,0.003961176611483097,-0.9898179153748686
Scene4_t086,1P0A3309.dng,13,-0.0,0.0,1.0,0.003921568859368563,-1.0
Scene4_t086,1P0A3310.dng,14,-0.0,0.0,1.0,0.003921568859368563,-1.0
Scene4_t087,1P0A3311.dng,0,0.3267451573577689,0.9574644834370425,0.0,0.9836214184761047,-1.588183809516316
Scene4_t087,1P0A3312.dng,1,0.6139222595470435,0.15620996522693997,4.289439970717423e-06,0.9240185618400574,0.30149803965319283
Scene4_t087,1P0A3313.dng,2,0.6594746772769992,0.11482115894948755,1.0008693265007321e-05,0.8846331834793091,0.42982235068475905
Scene4_t087,1P0A3314.dng,3,0.7282117274646274,0.020896721724011712,3.860495973645681e-05,0.7833237051963806,0.6863796790568675
Scene4_t087,1P0A3315.dng,4,0.7583505916384742,0.0,0.00018015647877013178,0.5741361975669861,0.7581704351597041
Scene4_t087,1P0A3316.dng,5,0.7286449126331598,0.0,0.0007306346083455344,0.37064623832702637,0.7279142780248142
Scene4_t087,1P0A3317.dng,6,0.671085770101344,0.0,0.006431300329428989,0.21343813836574554,0.664654469771915
Scene4_t087,1P0A3318.dng,7,0.5788530299202719,0.0,0.016651605966325037,0.10644793510437012,0.5622014239539468
Scene4_t087,1P0A3319.dng,8,0.44485285547804976,0.0,0.09345974789531479,0.048450447618961334,0.35139310758273495
Scene4_t087,1P0A3320.dng,9,0.30497100380192665,0.0,0.9025038890922401,0.02317040227353573,-0.5975328852903135
Scene4_t087,1P0A3321.dng,10,0.22290074857475298,0.0,0.9946725155563689,0.010965066961944103,-0.771771766981616
Scene4_t087,1P0A3322.dng,11,0.1281674018231983,0.0,1.0,0.005312948953360319,-0.8718325981768017
Scene4_t087,1P0A3323.dng,12,0.01130076304029769,0.0,1.0,0.0039665596559643745,-0.9886992369597023
Scene4_t087,1P0A3324.dng,13,-0.0,0.0,1.0,0.003921568859368563,-1.0
Scene4_t087,1P0A3325.dng,14,-0.0,0.0,1.0,0.003921568859368563,-1.0
Scene4_t088,1P0A3326.dng,0,0.3468814796908726,0.9524458386713031,0.0,0.982676088809967,-1.5580101976517335
Scene4_t088,1P0A3327.dng,1,0.614091665880808,0.1563643850658858,4.289439970717423e-06,0.9241621494293213,0.3013586063090657
Scene4_t088,1P0A3328.dng,2,0.6577185840569758,0.11588351024890191,1.4298133235724744e-05,0.8857957124710083,0.42593726542593624
Scene4_t088,1P0A3329.dng,3,0.7277160067565056,0.020836669564421668,3.860495973645681e-05,0.7830755114555359,0.6860040626679258
Scene4_t088,1P0A3330.dng,4,0.7590802160113349,0.0,0.00017443722547584188,0.5794293880462646,0.7589057787858591
Scene4_t088,1P0A3331.dng,5,0.7288486371584115,0.0,0.0007649501281112738,0.3707227110862732,0.7280836870303002
Scene4_t088,1P0A3332.dng,6,0.6682681928268301,0.0,0.006242564970717423,0.21320122480392456,0.6620256278561127
Scene4_t088,1P0A3333.dng,7,0.5715664513476243,0.0,0.016684491672767202,0.10612840950489044,0.5548819596748571
Scene4_t088,1P0A3334.dng,8,0.44536433183047547,0.0,0.09977237371888727,0.048109374940395355,0.3455919581115882
Scene4_t088,1P0A3335.dng,9,0.30542821853070423,0.0,0.8994669655929722,0.023224612697958946,-0.594038747062268
Scene4_t088,1P0A3336.dng,10,0.22299379793362317,0.0,0.9943622460651538,0.010893614031374454,-0.7713684481315306
Scene4_t088,1P0A3337.dng,11,0.13269935596012256,0.0,1.0,0.005460972897708416,-0.8673006440398774
Scene4_t088,1P0A3338.dng,12,0.01130076304029769,0.0,1.0,0.0039665596559643745,-0.9886992369597023
Scene4_t088,1P0A3339.dng,13,-0.0,0.0,1.0,0.003921568859368563,-1.0
Scene4_t088,1P0A3340.dng,14,-0.0,0.0,1.0,0.003921568859368563,-1.0
Scene4_t089,1P0A3341.dng,0,0.3101941022278873,0.9582823366581259,0.0,0.9844678640365601,-1.6063705710883645
Scene4_t089,1P0A3342.dng,1,0.6148110140065977,0.15481303760980966,2.859626647144949e-06,0.9236509203910828,0.3051820791603312
Scene4_t089,1P0A3343.dng,2,0.6577360124960041,0.1156447314238653,1.4298133235724744e-05,0.8854913711547852,0.4264322515150378
Scene4_t089,1P0A3344.dng,3,0.7266727933181214,0.022093475475841874,4.575402635431918e-05,0.7845463156700134,0.6824400883400833
Scene4_t089,1P0A3345.dng,4,0.7587363584146776,0.0,0.0001672881588579795,0.5781914591789246,0.7585690702558195
Scene4_t089,1P0A3346.dng,5,0.7282592468443448,0.0,0.0007906867679355784,0.3704201877117157,0.7274685600764093
Scene4_t089,1P0A3347.dng,6,0.668538373918528,0.0,0.006404133876281113,0.2131650447845459,0.6621342400422469
Scene4_t089,1P0A3348.dng,7,0.5692339298475605,0.0,0.017166338762811127,0.1036088615655899,0.5520675910847493
Scene4_t089,1P0A3349.dng,8,0.4406692183081647,0.0,0.09633367267569547,0.048445604741573334,0.3443355456324692
Scene4_t089,1P0A3350.dng,9,0.30491974854749143,0.0,0.8978083821376281,0.023300400003790855,-0.5928886335901367
Scene4_t089,1P0A3351.dng,10,0.2217129710341718,0.0,0.9950256794472914,0.011090267449617386,-0.7733127084131195
Scene4_t089,1P0A3352.dng,11,0.12492099223164939,0.0,1.0,0.005229256581515074,-0.8750790077683506
Scene4_t089,1P0A3353.dng,12,0.011151960890115572,0.0,1.0,0.003965000621974468,-0.9888480391098844
Scene4_t089,1P0A3354.dng,13,-0.0,0.0,1.0,0.003921568859368563,-1.0
Scene4_t089,1P0A3355.dng,14,-0.0,0.0,1.0,0.003921568859368563,-1.0
Scene4_t090,1P0A3356.dng,0,0.021297257919251657,0.9989876921669106,0.0,0.999799370765686,-1.9766781264145696
Scene4_t090,1P0A3357.dng,1,0.13210060382857094,0.9932784475658858,0.0,0.9971175193786621,-1.8544562913032006
Scene4_t090,1P0A3358.dng,2,0.16463987902964006,0.9861279511346999,0.0,0.994585394859314,-1.8076160232397598
Scene4_t090,1P0A3359.dng,3,0.2227595189137438,0.9091539508601757,0.0,0.9848477244377136,-1.5955483828066077
Scene4_t090,1P0A3360.dng,4,0.34028134423201184,0.8255170204978038,0.0,0.9572404623031616,-1.3107526967635958
Scene4_t090,1P0A3361.dng,5,0.5100826464643938,0.7361050741215227,0.0,0.9116708040237427,-0.9621275017786516
Scene4_t090,1P0A3362.dng,6,0.684436998045567,0.5379672629941434,1.1438506588579795e-05,0.8395239114761353,-0.39150896644930844
Scene4_t090,1P0A3363.dng,7,0.824565525679327,0.3678795296486091,0.0007477923682284041,0.7366921305656433,0.08805867401388036
Scene4_t090,1P0A3364.dng,8,0.9071060642841944,0.2440476871339678,0.0032513954978038067,0.6129429936408997,0.415759294518455
Scene4_t090,1P0A3365.dng,9,0.9323730858518595,0.14551067212664714,0.026045479502196194,0.4774530529975891,0.6153062620963691
Scene4_t090,1P0A3366.dng,10,0.9123552096541874,0.08949773517569547,0.14176027177891654,0.35386326909065247,0.5915994675238798
Scene4_t090,1P0A3367.dng,11,0.8638814206146093,0.043856664073938505,0.198469527818448,0.2532847821712494,0.5776985646482842
Scene4_t090,1P0A3368.dng,12,0.7676543195460231,2.573663982430454e-05,0.3722090043923865,0.16920241713523865,0.395393841873988
Scene4_t090,1P0A3369.dng,13,0.6518403110480256,0.0,0.5605954886530015,0.10385971516370773,0.09124482239502418
Scene4_t090,1P0A3370.dng,14,0.5475628884286209,0.0,0.6819923590775988,0.06391357630491257,-0.13442947064897792
Scene4_t091,1P0A3371.dng,0,0.05829170533944135,0.9972361708455344,0.0,0.9992237687110901,-1.9361806363516274
Scene4_t091,1P0A3372.dng,1,0.16883396277956145,0.9788101665446559,0.0,0.9941686987876892,-1.7887863703097504
Scene4_t091,1P0A3373.dng,2,0.20401973964877257,0.9639872918191801,0.0,0.9902421236038208,-1.7239548439895875
Scene4_t091,1P0A3374.dng,3,0.2838929216545086,0.8723090913250366,0.0,0.9771757125854492,-1.4607252609955648
Scene4_t091,1P0A3375.dng,4,0.4377261154419121,0.8014632709553441,0.0,0.9421120285987854,-1.165200426468776
Scene4_t091,1P0A3376.dng,5,0.6165154198640982,0.6025490711932651,0.0,0.8852059841156006,-0.5885827225224319
Scene4_t091,1P0A3377.dng,6,0.7748339080114746,0.416547515556369,0.0001172446925329429,0.7931978702545166,-0.058378367793796355
Scene4_t091,1P0A3378.dng,7,0.8781988733182245,0.2961529442715959,0.002151869051976574,0.6803197264671326,0.2837411157230562
Scene4_t091,1P0A3379.dng,8,0.9285361444654086,0.18599726619692533,0.004240826317715959,0.5557742118835449,0.5523007857538419
Scene4_t091,1P0A3380.dng,9,0.9338077783886074,0.12296108620058566,0.028533354685212297,0.4327068328857422,0.6593522513022237
Scene4_t091,1P0A3381.dng,10,0.8996781439943762,0.07818505215959004,0.1481000640556369,0.3178650736808777,0.5952079756195592
Scene4_t091,1P0A3382.dng,11,0.8431288814393196,0.012329280289165447,0.2095405723828697,0.22832870483398438,0.608929748478119
Scene4_t091,1P0A3383.dng,12,0.7424256299945129,0.0,0.38892352214494874,0.15152767300605774,0.35350210784956415
Scene4_t091,1P0A3384.dng,13,0.6279565948610604,0.0,0.5949739202049781,0.09587301313877106,0.03298267465608229
Scene4_t091,1P0A3385.dng,14,0.49150006200707763,0.0,0.7528410390739385,0.04104985296726227,-0.2613409770668609
Scene4_t092,1P0A3386.dng,0,0.06537397834474334,0.9969530678074671,0.0,0.9991190433502197,-1.9285321572701908
Scene4_t092,1P0A3387.dng,1,0.17392748010906878,0.9814567510065886,0.0,0.9939768314361572,-1.7889860219041083
Scene4_t092,1P0A3388.dng,2,0.20801683159614356,0.9606415286420205,0.0,0.9898923635482788,-1.7132662256878974
Scene4_t092,1P0A3389.dng,3,0.29364210169892574,0.8671102900805271,0.0,0.9759329557418823,-1.4405784784621285
Scene4_t092,1P0A3390.dng,4,0.4459888396250291,0.79777149295388,0.0,0.9404939413070679,-1.1495541462827308
Scene4_t092,1P0A3391.dng,5,0.6263622460700805,0.5895677960285505,0.0,0.8824756741523743,-0.5527733459870204
Scene4_t092,1P0A3392.dng,6,0.7769223463218978,0.416045651079795,0.00010008693265007321,0.7916401028633118,-0.05526904277034229
Scene4_t092,1P0A3393.dng,7,0.8805176215143575,0.2906724698023426,0.0022405174780380675,0.6746490597724915,0.2969321644316342
Scene4_t092,1P0A3394.dng,8,0.9283823352973231,0.1858485656112738,0.004366649890190337,0.5509533286094666,0.5523185541845851
Scene4_t092,1P0A3395.dng,9,0.9319826526093025,0.12496854410688141,0.030732407576866766,0.42759430408477783,0.6513131568186729
Scene4_t092,1P0A3396.dng,10,0.8990046339124795,0.07798058885431917,0.1484060441068814,0.3141464591026306,0.5946374120969597
Scene4_t092,1P0A3397.dng,11,0.8358958522304666,0.011379884242313324,0.220693116306735,0.22465035319328308,0.592442967439105
Scene4_t092,1P0A3398.dng,12,0.7340799540311351,0.0,0.434560303806735,0.1503017246723175,0.29951965022440014
Scene4_t092,1P0A3399.dng,13,0.6188518785863785,0.0,0.6122975384333821,0.09308934211730957,0.006554340152996385
Scene4_t092,1P0A3400.dng,14,0.4562457583227748,0.0,0.7653547652818448,0.05870195850729942,-0.30910900695906995
Scene4_t093,1P0A3401.dng,0,0.06904044769951798,0.9967114293557833,0.0,0.9990463256835938,-1.9243824110120487
Scene4_t093,1P0A3402.dng,1,0.17687216750483684,0.9811379026354319,0.0,0.9937755465507507,-1.785403637766027
Scene4_t093,1P0A3403.dng,2,0.21220263683142973,0.9593303898243045,0.0,0.9895642399787903,-1.7064581428171792
Scene4_t093,1P0A3404.dng,3,0.29817825980426166,0.8662238058199122,0.0,0.9757704734802246,-1.4342693518355627
Scene4_t093,1P0A3405.dng,4,0.46243761535984296,0.7903664897510981,0.0,0.9388112425804138,-1.1182953641423534
Scene4_t093,1P0A3406.dng,5,0.6383101795010784,0.5759631222547584,0.0,0.8789533376693726,-0.5136160650084385
Scene4_t093,1P0A3407.dng,6,0.7861916872941781,0.4065974446376281,0.00011295525256222548,0.7845829725265503,-0.02711615723364031
Scene4_t093,1P0A3408.dng,7,0.8893680646158983,0.2798173270497804,0.0027766974743777453,0.6597079634666443,0.3269567130419598
Scene4_t093,1P0A3409.dng,8,0.9295259512505305,0.17920565290995608,0.004788444820644217,0.5382672548294067,0.5663262006099742
Scene4_t093,1P0A3410.dng,9,0.930513000713721,0.12127104685212299,0.028849343429721817,0.4200676381587982,0.6591215635797533
Scene4_t093,1P0A3411.dng,10,0.8954159755198172,0.07708695552708639,0.15062082494509516,0.3095901608467102,0.5906212395205492
Scene4_t093,1P0A3412.dng,11,0.8253346008530009,0.007986937225475842,0.2365783423316252,0.21525117754936218,0.572782384070424
Scene4_t093,1P0A3413.dng,12,0.7304848714392334,0.0,0.4127699487554905,0.14687462151050568,0.31771492268374285
Scene4_t093,1P0A3414.dng,13,0.6137291910143287,0.0,0.6059620355966325,0.09138135612010956,0.0077671554176961255
Scene4_t093,1P0A3415.dng,14,0.49192079452332294,0.0,0.7401914806002928,0.04047944024205208,-0.2482706860769699
Scene4_t094,1P0A3416.dng,0,0.06791119789185981,0.9968015075951684,0.0,0.9990465044975281,-1.925691817298477
Scene4_t094,1P0A3417.dng,1,0.18470075584291337,0.9782482499084919,0.0,0.9931773543357849,-1.7717957439740704
Scene4_t094,1P0A3418.dng,2,0.2248691200567936,0.9611133670387995,0.0,0.9885767102241516,-1.6973576140208053
Scene4_t094,1P0A3419.dng,3,0.31388886639978997,0.8644222410322109,0.0,0.9744813442230225,-1.4149556156646317
Scene4_t094,1P0A3420.dng,4,0.4868178655448906,0.771899020863836,0.0,0.935279130935669,-1.0569801761827815
Scene4_t094,1P0A3421.dng,5,0.6659297359134079,0.5416904968887262,1.4298133235724744e-06,0.8683863282203674,-0.41745268767736804
Scene4_t094,1P0A3422.dng,6,0.8017149427175707,0.38155426427525624,0.0001558496522693997,0.7733085751533508,0.038450564514788836
Scene4_t094,1P0A3423.dng,7,0.8950976328246861,0.26206333501098095,0.0030312042459736455,0.6496562957763672,0.3679397585567506
Scene4_t094,1P0A3424.dng,8,0.9315551423284989,0.17080692944729137,0.005822199853587116,0.5194094181060791,0.584119083580329
Scene4_t094,1P0A3425.dng,9,0.9255795405056553,0.11557038113103953,0.03633441617862372,0.4005008041858673,0.6581043620649525
Scene4_t094,1P0A3426.dng,10,0.8886806727738638,0.07306632046120058,0.15460285505124452,0.2920430302619934,0.5879451768002181
Scene4_t094,1P0A3427.dng,11,0.8212658772978838,0.0049814696193265,0.24548464952415813,0.2095041275024414,0.5658182885350727
Scene4_t094,1P0A3428.dng,12,0.7160130860382234,0.0,0.4434480234260615,0.13917547464370728,0.27256506261216196
Scene4_t094,1P0A3429.dng,13,0.5949305340515433,0.0,0.6322748901903368,0.0856962725520134,-0.0373443561387935
Scene4_t094,1P0A3430.dng,14,0.42919071131906383,0.0,0.7940382503660323,0.047565460205078125,-0.3648475390469684
Scene4_t095,1P0A3431.dng,0,0.0777826136749262,0.9962238630124451,0.0,0.9988487958908081,-1.914665112349964
Scene4_t095,1P0A3432.dng,1,0.1934017205085592,0.9677920250732065,0.0,0.9922302961349487,-1.7421823296378538
Scene4_t095,1P0A3433.dng,2,0.23865634558991436,0.9507543695095169,0.0,0.9873485565185547,-1.6628523934291193
Scene4_t095,1P0A3434.dng,3,0.33737401375978254,0.8536057032393851,0.0,0.9719186425209045,-1.3698373927189877
Scene4_t095,1P0A3435.dng,4,0.5165006609346053,0.7354416407393851,0.0,0.930012047290802,-0.9543826205441649
Scene4_t095,1P0A3436.dng,5,0.6852539131972329,0.5141894674231332,0.0,0.8614726066589355,-0.34312502164903347
Scene4_t095,1P0A3437.dng,6,0.8198746303010648,0.34954503340043924,0.00021447199853587116,0.7586410045623779,0.12057009150165042
Scene4_t095,1P0A3438.dng,7,0.9044684435242247,0.24231618319912152,0.003568814055636896,0.6297879815101624,0.4162672630703448
Scene4_t095,1P0A3439.dng,8,0.9331286612596879,0.16229811035871156,0.007161934937774524,0.5035448670387268,0.6013705056044902
Scene4_t095,1P0A3440.dng,9,0.922940646651023,0.10835554310029283,0.045919884699853586,0.38189589977264404,0.6603096757505837
Scene4_t095,1P0A3441.dng,10,0.8807467075385473,0.06244566709370425,0.15713505444729137,0.281021386384964,0.5987203189038475
Scene4_t095,1P0A3442.dng,11,0.7964686958614831,0.0007191961017569546,0.2848030861090776,0.19190874695777893,0.5102272175488916
Scene4_t095,1P0A3443.dng,12,0.6947373861557482,0.0,0.4735541727672035,0.12733085453510284,0.22118321338854469
Scene4_t095,1P0A3444.dng,13,0.5687305700438308,0.0,0.6594313346449487,0.07696892321109772,-0.09070076460111798
Scene4_t095,1P0A3445.dng,14,0.44200171786466147,0.0,0.7785705298316252,0.03203973174095154,-0.33656881196696375
Scene4_t096,1P0A3446.dng,0,0.08881561094188169,0.9954460445644217,0.0,0.9985625147819519,-1.9020764781869617
Scene4_t096,1P0A3447.dng,1,0.20453304916543213,0.9627404946010248,0.0,0.9912018179893494,-1.7209479400366177
Scene4_t096,1P0A3448.dng,2,0.25944872095206545,0.9365763405929722,0.0,0.9853574633598328,-1.613703960233879
Scene4_t096,1P0A3449.dng,3,0.35926842812539256,0.8420842674780381,0.0,0.9690025448799133,-1.3249001068306836
Scene4_t096,1P0A3450.dng,4,0.5513874180136525,0.6880133029831625,0.0,0.9231239557266235,-0.8246391879526725
Scene4_t096,1P0A3451.dng,5,0.7198000561798987,0.4669327072657394,8.578879941434847e-06,0.8455493450164795,-0.21407393723152146
Scene4_t096,1P0A3452.dng,6,0.8415164780883029,0.3235481675512445,0.00030740986456808197,0.7360774278640747,0.1941127331212458
Scene4_t096,1P0A3453.dng,7,0.9139136132303582,0.21444769170937042,0.004202221357979502,0.6062278747558594,0.4808160084536379
Scene4_t096,1P0A3454.dng,8,0.9347865904844921,0.14950557055270863,0.010956659498535871,0.47792747616767883,0.624818789880539
Scene4_t096,1P0A3455.dng,9,0.9150512656362095,0.09724875320278184,0.052402658308931184,0.36219969391822815,0.6681511009217147
Scene4_t096,1P0A3456.dng,10,0.8629154843860403,0.04737829428989751,0.16642455161054173,0.25770726799964905,0.6017343441957036
Scene4_t096,1P0A3457.dng,11,0.7834079775239786,1.4298133235724744e-05,0.3115949281661786,0.18144625425338745,0.47178445309132855
Scene4_t096,1P0A3458.dng,12,0.6692593324100627,0.0,0.521761758784773,0.11687784641981125,0.1474975736252897
Scene4_t096,1P0A3459.dng,13,0.5389889291164387,0.0,0.689068505215959,0.06783745437860489,-0.15007957609952027
Scene4_t096,1P0A3460.dng,14,0.4237757547766179,0.0,0.7871822954795022,0.02958573028445244,-0.36340654070288436
Scene4_t097,1P0A3461.dng,0,0.09582246188802812,0.9945438323572474,0.0,0.9982718825340271,-1.8932652028264667
Scene4_t097,1P0A3462.dng,1,0.2201229600018586,0.9486639824304539,0.0,0.9897859692573547,-1.6772050048590492
Scene4_t097,1P0A3463.dng,2,0.27778256085316577,0.9315391082540263,0.0,0.9839690923690796,-1.5852956556548867
Scene4_t097,1P0A3464.dng,3,0.3859512087384404,0.8331636621522694,0.0,0.9653213024139404,-1.2803761155660984
Scene4_t097,1P0A3465.dng,4,0.5844306373301831,0.6316228953147877,0.0,0.9148774147033691,-0.6788151532993922
Scene4_t097,1P0A3466.dng,5,0.7435449458532081,0.43523803532210836,3.145589311859444e-05,0.8333600163459778,-0.12696258068412725
Scene4_t097,1P0A3467.dng,6,0.8578148649692756,0.2951949693448023,0.0004146458638360176,0.7173603773117065,0.26701028041583497
Scene4_t097,1P0A3468.dng,7,0.9211620457064427,0.1992659338396779,0.004994337939238653,0.5829447507858276,0.5176358400878482
Scene4_t097,1P0A3469.dng,8,0.9352942454011057,0.14012313552342606,0.015592114293557833,0.45677947998046875,0.6394558600606959
Scene4_t097,1P0A3470.dng,9,0.9100774500488039,0.09473800100658858,0.05567407119326501,0.34375521540641785,0.6649273768423618
Scene4_t097,1P0A3471.dng,10,0.8510540027278489,0.021754609718155196,0.17532227992313323,0.2448098063468933,0.6322225033684054
Scene4_t097,1P0A3472.dng,11,0.7614852324757146,0.0,0.3664854616581259,0.1679065078496933,0.39499977081758875
Scene4_t097,1P0A3473.dng,12,0.6464186719066765,0.0,0.5619967057101025,0.10821326822042465,0.08442196619657394
Scene4_t097,1P0A3474.dng,13,0.5212329865200823,0.0,0.707178520772328,0.06282894313335419,-0.1859455342522457
Scene4_t097,1P0A3475.dng,14,0.40004092834380195,0.0,0.8024183862554904,0.02566809020936489,-0.4023774579116885
Scene4_t098,1P0A3476.dng,0,0.10273655313670857,0.993923293374817,0.0,0.9979865550994873,-1.8851100336129254
Scene4_t098,1P0A3477.dng,1,0.23132025605553053,0.9545719710834554,0.0,0.9891944527626038,-1.6778236861113802
Scene4_t098,1P0A3478.dng,2,0.29408144578418066,0.9038807993228404,0.0,0.9816624522209167,-1.5136801528615
Scene4_t098,1P0A3479.dng,3,0.4080608138520617,0.8242659338396779,0.0,0.9619566798210144,-1.240471053827294
Scene4_t098,1P0A3480.dng,4,0.6005906378891355,0.6058161946376281,0.0,0.9107579588890076,-0.6110417513861208
Scene4_t098,1P0A3481.dng,5,0.7611875464515274,0.40816309022694,5.719253294289898e-05,0.8215931057929993,-0.05519582653529542
Scene4_t098,1P0A3482.dng,6,0.8649813474782955,0.28279705801610544,0.0004932855966325037,0.7059345245361328,0.29889394584945206
Scene4_t098,1P0A3483.dng,7,0.923338945696198,0.19527532485358712,0.005787884333821376,0.5717621445655823,0.5270004116552024
Scene4_t098,1P0A3484.dng,8,0.9338764630669343,0.13961841142020498,0.01787266654465593,0.44669580459594727,0.6367669736818684
Scene4_t098,1P0A3485.dng,9,0.9043302873830155,0.09260614934114202,0.062296966508052706,0.33577486872673035,0.6568210221926787
Scene4_t098,1P0A3486.dng,10,0.8447953068582101,0.021437191160322108,0.1817907553989751,0.24055293202400208,0.6201301691385908
Scene4_t098,1P0A3487.dng,11,0.7533505594780585,0.0,0.38075213900073207,0.16414275765419006,0.37259842047732644
Scene4_t098,1P0A3488.dng,12,0.6371813720380826,0.0,0.5693016219802343,0.10454029589891434,0.0678797500578483
Scene4_t098,1P0A3489.dng,13,0.5147526995253435,0.0,0.7143261575768668,0.06171039491891861,-0.19957345805152327
Scene4_t098,1P0A3490.dng,14,0.4063476924195767,0.0,0.79093555545388,0.02804545685648918,-0.38458786303430326
Scene4_t099,1P0A3491.dng,0,0.10339491611667859,0.9932770177525623,0.0,0.9979518055915833,-1.883159119388446
Scene4_t099,1P0A3492.dng,1,0.23436514568916889,0.9498064032759883,0.0,0.9888697862625122,-1.6652476608628077
Scene4_t099,1P0A3493.dng,2,0.2930299156196817,0.9165317876098097,0.0,0.9825067520141602,-1.5400336595999375
Scene4_t099,1P0A3494.dng,3,0.40986631706781107,0.8230934869143485,0.0,0.9624785780906677,-1.2363206567608858
Scene4_t099,1P0A3495.dng,4,0.6068145019706137,0.596944202964861,0.0,0.9090707302093506,-0.5870739039591082
Scene4_t099,1P0A3496.dng,5,0.7609861805527405,0.40733379849926793,4.7183839677891656e-05,0.8222054839134216,-0.05372860028547327
Scene4_t099,1P0A3497.dng,6,0.868011825918523,0.2768547538433382,0.0005204520497803807,0.6991638541221619,0.3137818661820662
Scene4_t099,1P0A3498.dng,7,0.9219492499022508,0.19284893164348463,0.006149627104685212,0.5686576962471008,0.5301017595105963
Scene4_t099,1P0A3499.dng,8,0.9317701053440556,0.14196902452415813,0.019281032668374817,0.4439714252948761,0.6285510236273646
Scene4_t099,1P0A3500.dng,9,0.904471193792958,0.09570169518667643,0.06061550603953148,0.3348275423049927,0.6524522973800737
Scene4_t099,1P0A3501.dng,10,0.842583051407704,0.021287060761347,0.17707952049780382,0.24095770716667175,0.6229294093872061
Scene4_t099,1P0A3502.dng,11,0.7515287280581949,0.0,0.3898400324853587,0.16511861979961395,0.3616886955728362
Scene4_t099,1P0A3503.dng,12,0.6364050873031553,0.0,0.5745890716508053,0.1048588678240776,0.061816015652349954
Scene4_t099,1P0A3504.dng,13,0.5052624336077431,0.0,0.721097753477306,0.06011497229337692,-0.21583531986956284
Scene4_t099,1P0A3505.dng,14,0.35871682932975657,0.0,0.8363249794106882,0.02780005894601345,-0.4776081500809316
