scene_id,filename,frame_index,exposure_time_us,sensor_gain_code,isp_gain_code,hdr_mode,time_index,exposure_index,iso,aperture,exposure_product,applied_log_exposure,target_log_exposure,acceptable_min_log_exposure,acceptable_max_log_exposure,hdr_benefit_if_static,hdr_enable_if_static,hdr_ratio_class,hdr_anchor_log_exposure,label_confidence,label_source,hdr_label_mask,hdr_ratio_mask,target_ev_mask
SIHDR_001,SIHDR_001_e00.jpg,0,15000000.000000,32,1024,SDR,0,0,100,14.0,15000000.0,17.194602975157967,9.380821783948145,9.380821783948145,9.380821783948145,0.75,1,,,0.55,sihdr_reference_heuristic,1,0,1
SIHDR_001,SIHDR_001_e01.jpg,1,8000000.000000,32,1024,SDR,0,1,100,14.0,8000000.0,16.28771237954945,9.380821783948145,9.380821783948145,9.380821783948145,0.75,1,,,0.55,sihdr_reference_heuristic,1,0,1
SIHDR_001,SIHDR_001_e02.jpg,2,6000000.000000,32,1024,SDR,0,2,100,14.0,6000000.0,15.872674880270605,9.380821783948145,9.380821783948145,9.380821783948145,0.75,1,,,0.55,sihdr_reference_heuristic,1,0,1
SIHDR_001,SIHDR_001_e03.jpg,3,4000000.000000,32,1024,SDR,0,3,100,14.0,4000000.0,15.287712379549449,9.380821783948145,9.380821783948145,9.380821783948145,0.75,1,,,0.55,sihdr_reference_heuristic,1,0,1
SIHDR_001,SIHDR_001_e04.jpg,4,2000000.000000,32,1024,SDR,0,4,100,14.0,2000000.0,14.287712379549449,9.380821783948145,9.380821783948145,9.380821783948145,0.75,1,,,0.55,sihdr_reference_heuristic,1,0,1
SIHDR_001,SIHDR_001_e05.jpg,5,1000000.000000,32,1024,SDR,0,5,100,14.0,1000000.0,13.287712379549449,9.380821783948145,9.380821783948145,9.380821783948145,0.75,1,,,0.55,sihdr_reference_heuristic,1,0,1
SIHDR_001,SIHDR_001_e06.jpg,6,500000.000000,32,1024,SDR,0,6,100,14.0,500000.0,12.287712379549449,9.380821783948145,9.380821783948145,9.380821783948145,0.75,1,,,0.55,sihdr_reference_heuristic,1,0,1
SIHDR_001,SIHDR_001_e07.jpg,7,250000.000000,32,1024,SDR,0,7,100,14.0,250000.0,11.287712379549449,9.380821783948145,9.380821783948145,9.380821783948145,0.75,1,,,0.55,sihdr_reference_heuristic,1,0,1
SIHDR_001,SIHDR_001_e08.jpg,8,125000.000000,32,1024,SDR,0,8,100,14.0,125000.0,10.287712379549449,9.380821783948145,9.380821783948145,9.380821783948145,0.75,1,,,0.55,sihdr_reference_heuristic,1,0,1
SIHDR_001,SIHDR_001_e09.jpg,9,66666.666667,32,1024,SDR,0,9,100,14.0,66666.666667,9.380821783948145,9.380821783948145,9.380821783948145,9.380821783948145,0.75,1,,,0.55,sihdr_reference_heuristic,1,0,1
SIHDR_001,SIHDR_001_e10.jpg,10,33333.333333,32,1024,SDR,0,10,100,14.0,33333.333333,8.380821783926503,9.380821783948145,9.380821783948145,9.380821783948145,0.75,1,,,0.55,sihdr_reference_heuristic,1,0,1
SIHDR_001,SIHDR_001_e11.jpg,11,16666.666667,32,1024,SDR,0,11,100,14.0,16666.666667,7.380821783969785,9.380821783948145,9.380821783948145,9.380821783948145,0.75,1,,,0.55,sihdr_reference_heuristic,1,0,1
SIHDR_001,SIHDR_001_e12.jpg,12,8000.000000,32,1024,SDR,0,12,100,14.0,8000.0,6.321928094887363,9.380821783948145,9.380821783948145,9.380821783948145,0.75,1,,,0.55,sihdr_reference_heuristic,1,0,1
SIHDR_001,SIHDR_001_e13.jpg,13,4000.000000,32,1024,SDR,0,13,100,14.0,4000.0,5.321928094887363,9.380821783948145,9.380821783948145,9.380821783948145,0.75,1,,,0.55,sihdr_reference_heuristic,1,0,1
SIHDR_001,SIHDR_001_e14.jpg,14,2000.000000,32,1024,SDR,0,14,100,14.0,2000.0,4.321928094887363,9.380821783948145,9.380821783948145,9.380821783948145,0.75,1,,,0.55,sihdr_reference_heuristic,1,0,1
SIHDR_002,SIHDR_002_e00.jpg,15,15000000.000000,32,1024,SDR,1,0,100,14.0,15000000.0,17.194602975157967,9.380821783948145,9.380821783948145,10.287712379549449,0.25,0,,,0.55,sihdr_reference_heuristic,1,0,1
SIHDR_002,SIHDR_002_e01.jpg,16,8000000.000000,32,1024,SDR,1,1,100,14.0,8000000.0,16.28771237954945,9.380821783948145,9.380821783948145,10.287712379549449,0.25,0,,,0.55,sihdr_reference_heuristic,1,0,1
SIHDR_002,SIHDR_002_e02.jpg,17,6000000.000000,32,1024,SDR,1,2,100,14.0,6000000.0,15.872674880270605,9.380821783948145,9.380821783948145,10.287712379549449,0.25,0,,,0.55,sihdr_reference_heuristic,1,0,1
SIHDR_002,SIHDR_002_e03.jpg,18,4000000.000000,32,1024,SDR,1,3,100,14.0,4000000.0,15.287712379549449,9.380821783948145,9.380821783948145,10.287712379549449,0.25,0,,,0.55,sihdr_reference_heuristic,1,0,1
SIHDR_002,SIHDR_002_e04.jpg,19,2000000.000000,32,1024,SDR,1,4,100,14.0,2000000.0,14.287712379549449,9.380821783948145,9.380821783948145,10.287712379549449,0.25,0,,,0.55,sihdr_reference_heuristic,1,0,1
SIHDR_002,SIHDR_002_e05.jpg,20,1000000.000000,32,1024,SDR,1,5,100,14.0,1000000.0,13.287712379549449,9.380821783948145,9.380821783948145,10.287712379549449,0.25,0,,,0.55,sihdr_reference_heuristic,1,0,1
SIHDR_002,SIHDR_002_e06.jpg,21,500000.000000,32,1024,SDR,1,6,100,14.0,500000.0,12.287712379549449,9.380821783948145,9.380821783948145,10.287712379549449,0.25,0,,,0.55,sihdr_reference_heuristic,1,0,1
SIHDR_002,SIHDR_002_e07.jpg,22,250000.000000,32,1024,SDR,1,7,100,14.0,250000.0,11.287712379549449,9.380821783948145,9.380821783948145,10.287712379549449,0.25,0,,,0.55,sihdr_reference_heuristic,1,0,1
SIHDR_002,SIHDR_002_e08.jpg,23,125000.000000,32,1024,SDR,1,8,100,14.0,125000.0,10.287712379549449,9.380821783948145,9.380821783948145,10.287712379549449,0.25,0,,,0.55,sihdr_reference_heuristic,1,0,1
SIHDR_002,SIHDR_002_e09.jpg,24,66666.666667,32,1024,SDR,1,9,100,14.0,66666.666667,9.380821783948145,9.380821783948145,9.380821783948145,10.287712379549449,0.25,0,,,0.55,sihdr_reference_heuristic,1,0,1
SIHDR_002,SIHDR_002_e10.jpg,25,33333.333333,32,1024,SDR,1,10,100,14.0,33333.333333,8.380821783926503,9.380821783948145,9.380821783948145,10.287712379549449,0.25,0,,,0.55,sihdr_reference_heuristic,1,0,1
SIHDR_002,SIHDR_002_e11.jpg,26,16666.666667,32,1024,SDR,1,11,100,14.0,16666.666667,7.380821783969785,9.380821783948145,9.380821783948145,10.287712379549449,0.25,0,,,0.55,sihdr_reference_heuristic,1,0,1
SIHDR_002,SIHDR_002_e12.jpg,27,8000.000000,32,1024,SDR,1,12,100,14.0,8000.0,6.321928094887363,9.380821783948145,9.380821783948145,10.287712379549449,0.25,0,,,0.55,sihdr_reference_heuristic,1,0,1
SIHDR_002,SIHDR_002_e13.jpg,28,4000.000000,32,1024,SDR,1,13,100,14.0,4000.0,5.321928094887363,9.380821783948145,9.380821783948145,10.287712379549449,0.25,0,,,0.55,sihdr_reference_heuristic,1,0,1
SIHDR_002,SIHDR_002_e14.jpg,29,2000.000000,32,1024,SDR,1,14,100,14.0,2000.0,4.321928094887363,9.380821783948145,9.380821783948145,10.287712379549449,0.25,0,,,0.55,sihdr_reference_heuristic,1,0,1
SIHDR_003,SIHDR_003_e00.jpg,30,15000000.000000,32,1024,SDR,2,0,100,14.0,15000000.0,17.194602975157967,12.287712379549449,12.287712379549449,12.287712379549449,0.75,1,,,0.55,sihdr_reference_heuristic,1,0,1
SIHDR_003,SIHDR_003_e01.jpg,31,8000000.000000,32,1024,SDR,2,1,100,14.0,8000000.0,16.28771237954945,12.287712379549449,12.287712379549449,12.287712379549449,0.75,1,,,0.55,sihdr_reference_heuristic,1,0,1
SIHDR_003,SIHDR_003_e02.jpg,32,6000000.000000,32,1024,SDR,2,2,100,14.0,6000000.0,15.872674880270605,12.287712379549449,12.287712379549449,12.287712379549449,0.75,1,,,0.55,sihdr_reference_heuristic,1,0,1
SIHDR_003,SIHDR_003_e03.jpg,33,4000000.000000,32,1024,SDR,2,3,100,14.0,4000000.0,15.287712379549449,12.287712379549449,12.287712379549449,12.287712379549449,0.75,1,,,0.55,sihdr_reference_heuristic,1,0,1
SIHDR_003,SIHDR_003_e04.jpg,34,2000000.000000,32,1024,SDR,2,4,100,14.0,2000000.0,14.287712379549449,12.287712379549449,12.287712379549449,12.287712379549449,0.75,1,,,0.55,sihdr_reference_heuristic,1,0,1
SIHDR_003,SIHDR_003_e05.jpg,35,1000000.000000,32,1024,SDR,2,5,100,14.0,1000000.0,13.287712379549449,12.287712379549449,12.287712379549449,12.287712379549449,0.75,1,,,0.55,sihdr_reference_heuristic,1,0,1
SIHDR_003,SIHDR_003_e06.jpg,36,500000.000000,32,1024,SDR,2,6,100,14.0,500000.0,12.287712379549449,12.287712379549449,12.287712379549449,12.287712379549449,0.75,1,,,0.55,sihdr_reference_heuristic,1,0,1
SIHDR_003,SIHDR_003_e07.jpg,37,250000.000000,32,1024,SDR,2,7,100,14.0,250000.0,11.287712379549449,12.287712379549449,12.287712379549449,12.287712379549449,0.75,1,,,0.55,sihdr_reference_heuristic,1,0,1
SIHDR_003,SIHDR_003_e08.jpg,38,125000.000000,32,1024,SDR,2,8,100,14.0,125000.0,10.287712379549449,12.287712379549449,12.287712379549449,12.287712379549449,0.75,1,,,0.55,sihdr_reference_heuristic,1,0,1
SIHDR_003,SIHDR_003_e09.jpg,39,66666.666667,32,1024,SDR,2,9,100,14.0,66666.666667,9.380821783948145,12.287712379549449,12.287712379549449,12.287712379549449,0.75,1,,,0.55,sihdr_reference_heuristic,1,0,1
SIHDR_003,SIHDR_003_e10.jpg,40,33333.333333,32,1024,SDR,2,10,100,14.0,33333.333333,8.380821783926503,12.287712379549449,12.287712379549449,12.287712379549449,0.75,1,,,0.55,sihdr_reference_heuristic,1,0,1
SIHDR_003,SIHDR_003_e11.jpg,41,16666.666667,32,1024,SDR,2,11,100,14.0,16666.666667,7.380821783969785,12.287712379549449,12.287712379549449,12.287712379549449,0.75,1,,,0.55,sihdr_reference_heuristic,1,0,1
SIHDR_003,SIHDR_003_e12.jpg,42,8000.000000,32,1024,SDR,2,12,100,14.0,8000.0,6.321928094887363,12.287712379549449,12.287712379549449,12.287712379549449,0.75,1,,,0.55,sihdr_reference_heuristic,1,0,1
SIHDR_003,SIHDR_003_e13.jpg,43,4000.000000,32,1024,SDR,2,13,100,14.0,4000.0,5.321928094887363,12.287712379549449,12.287712379549449,12.287712379549449,0.75,1,,,0.55,sihdr_reference_heuristic,1,0,1
SIHDR_003,SIHDR_003_e14.jpg,44,2000.000000,32,1024,SDR,2,14,100,14.0,2000.0,4.321928094887363,12.287712379549449,12.287712379549449,12.287712379549449,0.75,1,,,0.55,sihdr_reference_heuristic,1,0,1
SIHDR_004,SIHDR_004_e00.jpg,45,15000000.000000,32,1024,SDR,3,0,100,14.0,15000000.0,17.194602975157967,11.287712379549449,11.287712379549449,11.287712379549449,0.75,1,,,0.55,sihdr_reference_heuristic,1,0,1
SIHDR_004,SIHDR_004_e01.jpg,46,8000000.000000,32,1024,SDR,3,1,100,14.0,8000000.0,16.28771237954945,11.287712379549449,11.287712379549449,11.287712379549449,0.75,1,,,0.55,sihdr_reference_heuristic,1,0,1
SIHDR_004,SIHDR_004_e02.jpg,47,6000000.000000,32,1024,SDR,3,2,100,14.0,6000000.0,15.872674880270605,11.287712379549449,11.287712379549449,11.287712379549449,0.75,1,,,0.55,sihdr_reference_heuristic,1,0,1
SIHDR_004,SIHDR_004_e03.jpg,48,4000000.000000,32,1024,SDR,3,3,100,14.0,4000000.0,15.287712379549449,11.287712379549449,11.287712379549449,11.287712379549449,0.75,1,,,0.55,sihdr_reference_heuristic,1,0,1
SIHDR_004,SIHDR_004_e04.jpg,49,2000000.000000,32,1024,SDR,3,4,100,14.0,2000000.0,14.287712379549449,11.287712379549449,11.287712379549449,11.287712379549449,0.75,1,,,0.55,sihdr_reference_heuristic,1,0,1
SIHDR_004,SIHDR_004_e05.jpg,50,1000000.000000,32,1024,SDR,3,5,100,14.0,1000000.0,13.287712379549449,11.287712379549449,11.287712379549449,11.287712379549449,0.75,1,,,0.55,sihdr_reference_heuristic,1,0,1
SIHDR_004,SIHDR_004_e06.jpg,51,500000.000000,32,1024,SDR,3,6,100,14.0,500000.0,12.287712379549449,11.287712379549449,11.287712379549449,11.287712379549449,0.75,1,,,0.55,sihdr_reference_heuristic,1,0,1
SIHDR_004,SIHDR_004_e07.jpg,52,250000.000000,32,1024,SDR,3,7,100,14.0,250000.0,11.287712379549449,11.287712379549449,11.287712379549449,11.287712379549449,0.75,1,,,0.55,sihdr_reference_heuristic,1,0,1
SIHDR_004,SIHDR_004_e08.jpg,53,125000.000000,32,1024,SDR,3,8,100,14.0,125000.0,10.287712379549449,11.287712379549449,11.287712379549449,11.287712379549449,0.75,1,,,0.55,sihdr_reference_heuristic,1,0,1
SIHDR_004,SIHDR_004_e09.jpg,54,66666.666667,32,1024,SDR,3,9,100,14.0,66666.666667,9.380821783948145,11.287712379549449,11.287712379549449,11.287712379549449,0.75,1,,,0.55,sihdr_reference_heuristic,1,0,1
SIHDR_004,SIHDR_004_e10.jpg,55,33333.333333,32,1024,SDR,3,10,100,14.0,33333.333333,8.380821783926503,11.287712379549449,11.287712379549449,11.287712379549449,0.75,1,,,0.55,sihdr_reference_heuristic,1,0,1
SIHDR_004,SIHDR_004_e11.jpg,56,16666.666667,32,1024,SDR,3,11,100,14.0,16666.666667,7.380821783969785,11.287712379549449,11.287712379549449,11.287712379549449,0.75,1,,,0.55,sihdr_reference_heuristic,1,0,1
SIHDR_004,SIHDR_004_e12.jpg,57,8000.000000,32,1024,SDR,3,12,100,14.0,8000.0,6.321928094887363,11.287712379549449,11.287712379549449,11.287712379549449,0.75,1,,,0.55,sihdr_reference_heuristic,1,0,1
SIHDR_004,SIHDR_004_e13.jpg,58,4000.000000,32,1024,SDR,3,13,100,14.0,4000.0,5.321928094887363,11.287712379549449,11.287712379549449,11.287712379549449,0.75,1,,,0.55,sihdr_reference_heuristic,1,0,1
SIHDR_004,SIHDR_004_e14.jpg,59,2000.000000,32,1024,SDR,3,14,100,14.0,2000.0,4.321928094887363,11.287712379549449,11.287712379549449,11.287712379549449,0.75,1,,,0.55,sihdr_reference_heuristic,1,0,1
SIHDR_005,SIHDR_005_e00.jpg,60,15000000.000000,32,1024,SDR,4,0,100,14.0,15000000.0,17.194602975157967,11.287712379549449,11.287712379549449,11.287712379549449,0.75,1,,,0.55,sihdr_reference_heuristic,1,0,1
SIHDR_005,SIHDR_005_e01.jpg,61,8000000.000000,32,1024,SDR,4,1,100,14.0,8000000.0,16.28771237954945,11.287712379549449,11.287712379549449,11.287712379549449,0.75,1,,,0.55,sihdr_reference_heuristic,1,0,1
SIHDR_005,SIHDR_005_e02.jpg,62,6000000.000000,32,1024,SDR,4,2,100,14.0,6000000.0,15.872674880270605,11.287712379549449,11.287712379549449,11.287712379549449,0.75,1,,,0.55,sihdr_reference_heuristic,1,0,1
SIHDR_005,SIHDR_005_e03.jpg,63,4000000.000000,32,1024,SDR,4,3,100,14.0,4000000.0,15.287712379549449,11.287712379549449,11.287712379549449,11.287712379549449,0.75,1,,,0.55,sihdr_reference_heuristic,1,0,1
SIHDR_005,SIHDR_005_e04.jpg,64,2000000.000000,32,1024,SDR,4,4,100,14.0,2000000.0,14.287712379549449,11.287712379549449,11.287712379549449,11.287712379549449,0.75,1,,,0.55,sihdr_reference_heuristic,1,0,1
SIHDR_005,SIHDR_005_e05.jpg,65,1000000.000000,32,1024,SDR,4,5,100,14.0,1000000.0,13.287712379549449,11.287712379549449,11.287712379549449,11.287712379549449,0.75,1,,,0.55,sihdr_reference_heuristic,1,0,1
SIHDR_005,SIHDR_005_e06.jpg,66,500000.000000,32,1024,SDR,4,6,100,14.0,500000.0,12.287712379549449,11.287712379549449,11.287712379549449,11.287712379549449,0.75,1,,,0.55,sihdr_reference_heuristic,1,0,1
SIHDR_005,SIHDR_005_e07.jpg,67,250000.000000,32,1024,SDR,4,7,100,14.0,250000.0,11.287712379549449,11.287712379549449,11.287712379549449,11.287712379549449,0.75,1,,,0.55,sihdr_reference_heuristic,1,0,1
SIHDR_005,SIHDR_005_e08.jpg,68,125000.000000,32,1024,SDR,4,8,100,14.0,125000.0,10.287712379549449,11.287712379549449,11.287712379549449,11.287712379549449,0.75,1,,,0.55,sihdr_reference_heuristic,1,0,1
SIHDR_005,SIHDR_005_e09.jpg,69,66666.666667,32,1024,SDR,4,9,100,14.0,66666.666667,9.380821783948145,11.287712379549449,11.287712379549449,11.287712379549449,0.75,1,,,0.55,sihdr_reference_heuristic,1,0,1
SIHDR_005,SIHDR_005_e10.jpg,70,33333.333333,32,1024,SDR,4,10,100,14.0,33333.333333,8.380821783926503,11.287712379549449,11.287712379549449,11.287712379549449,0.75,1,,,0.55,sihdr_reference_heuristic,1,0,1
SIHDR_005,SIHDR_005_e11.jpg,71,16666.666667,32,1024,SDR,4,11,100,14.0,16666.666667,7.380821783969785,11.287712379549449,11.287712379549449,11.287712379549449,0.75,1,,,0.55,sihdr_reference_heuristic,1,0,1
SIHDR_005,SIHDR_005_e12.jpg,72,8000.000000,32,1024,SDR,4,12,100,14.0,8000.0,6.321928094887363,11.287712379549449,11.287712379549449,11.287712379549449,0.75,1,,,0.55,sihdr_reference_heuristic,1,0,1
SIHDR_005,SIHDR_005_e13.jpg,73,4000.000000,32,1024,SDR,4,13,100,14.0,4000.0,5.321928094887363,11.287712379549449,11.287712379549449,11.287712379549449,0.75,1,,,0.55,sihdr_reference_heuristic,1,0,1
SIHDR_005,SIHDR_005_e14.jpg,74,2000.000000,32,1024,SDR,4,14,100,14.0,2000.0,4.321928094887363,11.287712379549449,11.287712379549449,11.287712379549449,0.75,1,,,0.55,sihdr_reference_heuristic,1,0,1
SIHDR_006,SIHDR_006_e00.jpg,75,15000000.000000,32,1024,SDR,5,0,100,14.0,15000000.0,17.194602975157967,11.287712379549449,11.287712379549449,11.287712379549449,0.75,1,,,0.55,sihdr_reference_heuristic,1,0,1
SIHDR_006,SIHDR_006_e01.jpg,76,8000000.000000,32,1024,SDR,5,1,100,14.0,8000000.0,16.28771237954945,11.287712379549449,11.287712379549449,11.287712379549449,0.75,1,,,0.55,sihdr_reference_heuristic,1,0,1
SIHDR_006,SIHDR_006_e02.jpg,77,6000000.000000,32,1024,SDR,5,2,100,14.0,6000000.0,15.872674880270605,11.287712379549449,11.287712379549449,11.287712379549449,0.75,1,,,0.55,sihdr_reference_heuristic,1,0,1
SIHDR_006,SIHDR_006_e03.jpg,78,4000000.000000,32,1024,SDR,5,3,100,14.0,4000000.0,15.287712379549449,11.287712379549449,11.287712379549449,11.287712379549449,0.75,1,,,0.55,sihdr_reference_heuristic,1,0,1
SIHDR_006,SIHDR_006_e04.jpg,79,2000000.000000,32,1024,SDR,5,4,100,14.0,2000000.0,14.287712379549449,11.287712379549449,11.287712379549449,11.287712379549449,0.75,1,,,0.55,sihdr_reference_heuristic,1,0,1
SIHDR_006,SIHDR_006_e05.jpg,80,1000000.000000,32,1024,SDR,5,5,100,14.0,1000000.0,13.287712379549449,11.287712379549449,11.287712379549449,11.287712379549449,0.75,1,,,0.55,sihdr_reference_heuristic,1,0,1
SIHDR_006,SIHDR_006_e06.jpg,81,500000.000000,32,1024,SDR,5,6,100,14.0,500000.0,12.287712379549449,11.287712379549449,11.287712379549449,11.287712379549449,0.75,1,,,0.55,sihdr_reference_heuristic,1,0,1
SIHDR_006,SIHDR_006_e07.jpg,82,250000.000000,32,1024,SDR,5,7,100,14.0,250000.0,11.287712379549449,11.287712379549449,11.287712379549449,11.287712379549449,0.75,1,,,0.55,sihdr_reference_heuristic,1,0,1
SIHDR_006,SIHDR_006_e08.jpg,83,125000.000000,32,1024,SDR,5,8,100,14.0,125000.0,10.287712379549449,11.287712379549449,11.287712379549449,11.287712379549449,0.75,1,,,0.55,sihdr_reference_heuristic,1,0,1
SIHDR_006,SIHDR_006_e09.jpg,84,66666.666667,32,1024,SDR,5,9,100,14.0,66666.666667,9.380821783948145,11.287712379549449,11.287712379549449,11.287712379549449,0.75,1,,,0.55,sihdr_reference_heuristic,1,0,1
SIHDR_006,SIHDR_006_e10.jpg,85,33333.333333,32,1024,SDR,5,10,100,14.0,33333.333333,8.380821783926503,11.287712379549449,11.287712379549449,11.287712379549449,0.75,1,,,0.55,sihdr_reference_heuristic,1,0,1
SIHDR_006,SIHDR_006_e11.jpg,86,16666.666667,32,1024,SDR,5,11,100,14.0,16666.666667,7.380821783969785,11.287712379549449,11.287712379549449,11.287712379549449,0.75,1,,,0.55,sihdr_reference_heuristic,1,0,1
SIHDR_006,SIHDR_006_e12.jpg,87,8000.000000,32,1024,SDR,5,12,100,14.0,8000.0,6.321928094887363,11.287712379549449,11.287712379549449,11.287712379549449,0.75,1,,,0.55,sihdr_reference_heuristic,1,0,1
SIHDR_006,SIHDR_006_e13.jpg,88,4000.000000,32,1024,SDR,5,13,100,14.0,4000.0,5.321928094887363,11.287712379549449,11.287712379549449,11.287712379549449,0.75,1,,,0.55,sihdr_reference_heuristic,1,0,1
SIHDR_006,SIHDR_006_e14.jpg,89,2000.000000,32,1024,SDR,5,14,100,14.0,2000.0,4.321928094887363,11.287712379549449,11.287712379549449,11.287712379549449,0.75,1,,,0.55,sihdr_reference_heuristic,1,0,1
SIHDR_007,SIHDR_007_e00.jpg,90,15000000.000000,32,1024,SDR,6,0,100,14.0,15000000.0,17.194602975157967,13.287712379549449,12.287712379549449,13.287712379549449,0.75,1,,,0.55,sihdr_reference_heuristic,1,0,1
SIHDR_007,SIHDR_007_e01.jpg,91,8000000.000000,32,1024,SDR,6,1,100,14.0,8000000.0,16.28771237954945,13.287712379549449,12.287712379549449,13.287712379549449,0.75,1,,,0.55,sihdr_reference_heuristic,1,0,1
SIHDR_007,SIHDR_007_e02.jpg,92,6000000.000000,32,1024,SDR,6,2,100,14.0,6000000.0,15.872674880270605,13.287712379549449,12.287712379549449,13.287712379549449,0.75,1,,,0.55,sihdr_reference_heuristic,1,0,1
SIHDR_007,SIHDR_007_e03.jpg,93,4000000.000000,32,1024,SDR,6,3,100,14.0,4000000.0,15.287712379549449,13.287712379549449,12.287712379549449,13.287712379549449,0.75,1,,,0.55,sihdr_reference_heuristic,1,0,1
SIHDR_007,SIHDR_007_e04.jpg,94,2000000.000000,32,1024,SDR,6,4,100,14.0,2000000.0,14.287712379549449,13.287712379549449,12.287712379549449,13.287712379549449,0.75,1,,,0.55,sihdr_reference_heuristic,1,0,1
SIHDR_007,SIHDR_007_e05.jpg,95,1000000.000000,32,1024,SDR,6,5,100,14.0,1000000.0,13.287712379549449,13.287712379549449,12.287712379549449,13.287712379549449,0.75,1,,,0.55,sihdr_reference_heuristic,1,0,1
SIHDR_007,SIHDR_007_e06.jpg,96,500000.000000,32,1024,SDR,6,6,100,14.0,500000.0,12.287712379549449,13.287712379549449,12.287712379549449,13.287712379549449,0.75,1,,,0.55,sihdr_reference_heuristic,1,0,1
SIHDR_007,SIHDR_007_e07.jpg,97,250000.000000,32,1024,SDR,6,7,100,14.0,250000.0,11.287712379549449,13.287712379549449,12.287712379549449,13.287712379549449,0.75,1,,,0.55,sihdr_reference_heuristic,1,0,1
SIHDR_007,SIHDR_007_e08.jpg,98,125000.000000,32,1024,SDR,6,8,100,14.0,125000.0,10.287712379549449,13.287712379549449,12.287712379549449,13.287712379549449,0.75,1,,,0.55,sihdr_reference_heuristic,1,0,1
SIHDR_007,SIHDR_007_e09.jpg,99,66666.666667,32,1024,SDR,6,9,100,14.0,66666.666667,9.380821783948145,13.287712379549449,12.287712379549449,13.287712379549449,0.75,1,,,0.55,sihdr_reference_heuristic,1,0,1
SIHDR_007,SIHDR_007_e10.jpg,100,33333.333333,32,1024,SDR,6,10,100,14.0,33333.333333,8.380821783926503,13.287712379549449,12.287712379549449,13.287712379549449,0.75,1,,,0.55,sihdr_reference_heuristic,1,0,1
SIHDR_007,SIHDR_007_e11.jpg,101,16666.666667,32,1024,SDR,6,11,100,14.0,16666.666667,7.380821783969785,13.287712379549449,12.287712379549449,13.287712379549449,0.75,1,,,0.55,sihdr_reference_heuristic,1,0,1
SIHDR_007,SIHDR_007_e12.jpg,102,8000.000000,32,1024,SDR,6,12,100,14.0,8000.0,6.321928094887363,13.287712379549449,12.287712379549449,13.287712379549449,0.75,1,,,0.55,sihdr_reference_heuristic,1,0,1
SIHDR_007,SIHDR_007_e13.jpg,103,4000.000000,32,1024,SDR,6,13,100,14.0,4000.0,5.321928094887363,13.287712379549449,12.287712379549449,13.287712379549449,0.75,1,,,0.55,sihdr_reference_heuristic,1,0,1
SIHDR_007,SIHDR_007_e14.jpg,104,2000.000000,32,1024,SDR,6,14,100,14.0,2000.0,4.321928094887363,13.287712379549449,12.287712379549449,13.287712379549449,0.75,1,,,0.55,sihdr_reference_heuristic,1,0,1
SIHDR_008,SIHDR_008_e00.jpg,105,15000000.000000,32,1024,SDR,7,0,100,14.0,15000000.0,17.194602975157967,7.380821783969785,7.380821783969785,7.380821783969785,0.75,1,,,0.55,sihdr_reference_heuristic,1,0,1
SIHDR_008,SIHDR_008_e01.jpg,106,8000000.000000,32,1024,SDR,7,1,100,14.0,8000000.0,16.28771237954945,7.380821783969785,7.380821783969785,7.380821783969785,0.75,1,,,0.55,sihdr_reference_heuristic,1,0,1
SIHDR_008,SIHDR_008_e02.jpg,107,6000000.000000,32,1024,SDR,7,2,100,14.0,6000000.0,15.872674880270605,7.380821783969785,7.380821783969785,7.380821783969785,0.75,1,,,0.55,sihdr_reference_heuristic,1,0,1
SIHDR_008,SIHDR_008_e03.jpg,108,4000000.000000,32,1024,SDR,7,3,100,14.0,4000000.0,15.287712379549449,7.380821783969785,7.380821783969785,7.380821783969785,0.75,1,,,0.55,sihdr_reference_heuristic,1,0,1
SIHDR_008,SIHDR_008_e04.jpg,109,2000000.000000,32,1024,SDR,7,4,100,14.0,2000000.0,14.287712379549449,7.380821783969785,7.380821783969785,7.380821783969785,0.75,1,,,0.55,sihdr_reference_heuristic,1,0,1
SIHDR_008,SIHDR_008_e05.jpg,110,1000000.000000,32,1024,SDR,7,5,100,14.0,1000000.0,13.287712379549449,7.380821783969785,7.380821783969785,7.380821783969785,0.75,1,,,0.55,sihdr_reference_heuristic,1,0,1
SIHDR_008,SIHDR_008_e06.jpg,111,500000.000000,32,1024,SDR,7,6,100,14.0,500000.0,12.287712379549449,7.380821783969785,7.380821783969785,7.380821783969785,0.75,1,,,0.55,sihdr_reference_heuristic,1,0,1
SIHDR_008,SIHDR_008_e07.jpg,112,250000.000000,32,1024,SDR,7,7,100,14.0,250000.0,11.287712379549449,7.380821783969785,7.380821783969785,7.380821783969785,0.75,1,,,0.55,sihdr_reference_heuristic,1,0,1
SIHDR_008,SIHDR_008_e08.jpg,113,125000.000000,32,1024,SDR,7,8,100,14.0,125000.0,10.287712379549449,7.380821783969785,7.380821783969785,7.380821783969785,0.75,1,,,0.55,sihdr_reference_heuristic,1,0,1
SIHDR_008,SIHDR_008_e09.jpg,114,66666.666667,32,1024,SDR,7,9,100,14.0,66666.666667,9.380821783948145,7.380821783969785,7.380821783969785,7.380821783969785,0.75,1,,,0.55,sihdr_reference_heuristic,1,0,1
SIHDR_008,SIHDR_008_e10.jpg,115,33333.333333,32,1024,SDR,7,10,100,14.0,33333.333333,8.380821783926503,7.380821783969785,7.380821783969785,7.380821783969785,0.75,1,,,0.55,sihdr_reference_heuristic,1,0,1
SIHDR_008,SIHDR_008_e11.jpg,116,16666.666667,32,1024,SDR,7,11,100,14.0,16666.666667,7.380821783969785,7.380821783969785,7.380821783969785,7.380821783969785,0.75,1,,,0.55,sihdr_reference_heuristic,1,0,1
SIHDR_008,SIHDR_008_e12.jpg,117,8000.000000,32,1024,SDR,7,12,100,14.0,8000.0,6.321928094887363,7.380821783969785,7.380821783969785,7.380821783969785,0.75,1,,,0.55,sihdr_reference_heuristic,1,0,1
SIHDR_008,SIHDR_008_e13.jpg,118,4000.000000,32,1024,SDR,7,13,100,14.0,4000.0,5.321928094887363,7.380821783969785,7.380821783969785,7.380821783969785,0.75,1,,,0.55,sihdr_reference_heuristic,1,0,1
SIHDR_008,SIHDR_008_e14.jpg,119,2000.000000,32,1024,SDR,7,14,100,14.0,2000.0,4.321928094887363,7.380821783969785,7.380821783969785,7.380821783969785,0.75,1,,,0.55,sihdr_reference_heuristic,1,0,1
SIHDR_009,SIHDR_009_e00.jpg,120,15000000.000000,32,1024,SDR,8,0,100,14.0,15000000.0,17.194602975157967,12.287712379549449,10.287712379549449,12.287712379549449,0.75,1,,,0.55,sihdr_reference_heuristic,1,0,1
SIHDR_009,SIHDR_009_e01.jpg,121,8000000.000000,32,1024,SDR,8,1,100,14.0,8000000.0,16.28771237954945,12.287712379549449,10.287712379549449,12.287712379549449,0.75,1,,,0.55,sihdr_reference_heuristic,1,0,1
SIHDR_009,SIHDR_009_e02.jpg,122,6000000.000000,32,1024,SDR,8,2,100,14.0,6000000.0,15.872674880270605,12.287712379549449,10.287712379549449,12.287712379549449,0.75,1,,,0.55,sihdr_reference_heuristic,1,0,1
SIHDR_009,SIHDR_009_e03.jpg,123,4000000.000000,32,1024,SDR,8,3,100,14.0,4000000.0,15.287712379549449,12.287712379549449,10.287712379549449,12.287712379549449,0.75,1,,,0.55,sihdr_reference_heuristic,1,0,1
SIHDR_009,SIHDR_009_e04.jpg,124,2000000.000000,32,1024,SDR,8,4,100,14.0,2000000.0,14.287712379549449,12.287712379549449,10.287712379549449,12.287712379549449,0.75,1,,,0.55,sihdr_reference_heuristic,1,0,1
SIHDR_009,SIHDR_009_e05.jpg,125,1000000.000000,32,1024,SDR,8,5,100,14.0,1000000.0,13.287712379549449,12.287712379549449,10.287712379549449,12.287712379549449,0.75,1,,,0.55,sihdr_reference_heuristic,1,0,1
SIHDR_009,SIHDR_009_e06.jpg,126,500000.000000,32,1024,SDR,8,6,100,14.0,500000.0,12.287712379549449,12.287712379549449,10.287712379549449,12.287712379549449,0.75,1,,,0.55,sihdr_reference_heuristic,1,0,1
SIHDR_009,SIHDR_009_e07.jpg,127,250000.000000,32,1024,SDR,8,7,100,14.0,250000.0,11.287712379549449,12.287712379549449,10.287712379549449,12.287712379549449,0.75,1,,,0.55,sihdr_reference_heuristic,1,0,1
SIHDR_009,SIHDR_009_e08.jpg,128,125000.000000,32,1024,SDR,8,8,100,14.0,125000.0,10.287712379549449,12.287712379549449,10.287712379549449,12.287712379549449,0.75,1,,,0.55,sihdr_reference_heuristic,1,0,1
SIHDR_009,SIHDR_009_e09.jpg,129,66666.666667,32,1024,SDR,8,9,100,14.0,66666.666667,9.380821783948145,12.287712379549449,10.287712379549449,12.287712379549449,0.75,1,,,0.55,sihdr_reference_heuristic,1,0,1
SIHDR_009,SIHDR_009_e10.jpg,130,33333.333333,32,1024,SDR,8,10,100,14.0,33333.333333,8.380821783926503,12.287712379549449,10.287712379549449,12.287712379549449,0.75,1,,,0.55,sihdr_reference_heuristic,1,0,1
SIHDR_009,SIHDR_009_e11.jpg,131,16666.666667,32,1024,SDR,8,11,100,14.0,16666.666667,7.380821783969785,12.287712379549449,10.287712379549449,12.287712379549449,0.75,1,,,0.55,sihdr_reference_heuristic,1,0,1
SIHDR_009,SIHDR_009_e12.jpg,132,8000.000000,32,1024,SDR,8,12,100,14.0,8000.0,6.321928094887363,12.287712379549449,10.287712379549449,12.287712379549449,0.75,1,,,0.55,sihdr_reference_heuristic,1,0,1
SIHDR_009,SIHDR_009_e13.jpg,133,4000.000000,32,1024,SDR,8,13,100,14.0,4000.0,5.321928094887363,12.287712379549449,10.287712379549449,12.287712379549449,0.75,1,,,0.55,sihdr_reference_heuristic,1,0,1
SIHDR_009,SIHDR_009_e14.jpg,134,2000.000000,32,1024,SDR,8,14,100,14.0,2000.0,4.321928094887363,12.287712379549449,10.287712379549449,12.287712379549449,0.75,1,,,0.55,sihdr_reference_heuristic,1,0,1
SIHDR_010,SIHDR_010_e00.jpg,135,15000000.000000,32,1024,SDR,9,0,100,14.0,15000000.0,17.194602975157967,12.287712379549449,11.287712379549449,12.287712379549449,0.5,,,,0.55,sihdr_reference_heuristic,0,0,1
SIHDR_010,SIHDR_010_e01.jpg,136,8000000.000000,32,1024,SDR,9,1,100,14.0,8000000.0,16.28771237954945,12.287712379549449,11.287712379549449,12.287712379549449,0.5,,,,0.55,sihdr_reference_heuristic,0,0,1
SIHDR_010,SIHDR_010_e02.jpg,137,6000000.000000,32,1024,SDR,9,2,100,14.0,6000000.0,15.872674880270605,12.287712379549449,11.287712379549449,12.287712379549449,0.5,,,,0.55,sihdr_reference_heuristic,0,0,1
SIHDR_010,SIHDR_010_e03.jpg,138,4000000.000000,32,1024,SDR,9,3,100,14.0,4000000.0,15.287712379549449,12.287712379549449,11.287712379549449,12.287712379549449,0.5,,,,0.55,sihdr_reference_heuristic,0,0,1
SIHDR_010,SIHDR_010_e04.jpg,139,2000000.000000,32,1024,SDR,9,4,100,14.0,2000000.0,14.287712379549449,12.287712379549449,11.287712379549449,12.287712379549449,0.5,,,,0.55,sihdr_reference_heuristic,0,0,1
SIHDR_010,SIHDR_010_e05.jpg,140,1000000.000000,32,1024,SDR,9,5,100,14.0,1000000.0,13.287712379549449,12.287712379549449,11.287712379549449,12.287712379549449,0.5,,,,0.55,sihdr_reference_heuristic,0,0,1
SIHDR_010,SIHDR_010_e06.jpg,141,500000.000000,32,1024,SDR,9,6,100,14.0,500000.0,12.287712379549449,12.287712379549449,11.287712379549449,12.287712379549449,0.5,,,,0.55,sihdr_reference_heuristic,0,0,1
SIHDR_010,SIHDR_010_e07.jpg,142,250000.000000,32,1024,SDR,9,7,100,14.0,250000.0,11.287712379549449,12.287712379549449,11.287712379549449,12.287712379549449,0.5,,,,0.55,sihdr_reference_heuristic,0,0,1
SIHDR_010,SIHDR_010_e08.jpg,143,125000.000000,32,1024,SDR,9,8,100,14.0,125000.0,10.287712379549449,12.287712379549449,11.287712379549449,12.287712379549449,0.5,,,,0.55,sihdr_reference_heuristic,0,0,1
SIHDR_010,SIHDR_010_e09.jpg,144,66666.666667,32,1024,SDR,9,9,100,14.0,66666.666667,9.380821783948145,12.287712379549449,11.287712379549449,12.287712379549449,0.5,,,,0.55,sihdr_reference_heuristic,0,0,1
SIHDR_010,SIHDR_010_e10.jpg,145,33333.333333,32,1024,SDR,9,10,100,14.0,33333.333333,8.380821783926503,12.287712379549449,11.287712379549449,12.287712379549449,0.5,,,,0.55,sihdr_reference_heuristic,0,0,1
SIHDR_010,SIHDR_010_e11.jpg,146,16666.666667,32,1024,SDR,9,11,100,14.0,16666.666667,7.380821783969785,12.287712379549449,11.287712379549449,12.287712379549449,0.5,,,,0.55,sihdr_reference_heuristic,0,0,1
SIHDR_010,SIHDR_010_e12.jpg,147,8000.000000,32,1024,SDR,9,12,100,14.0,8000.0,6.321928094887363,12.287712379549449,11.287712379549449,12.287712379549449,0.5,,,,0.55,sihdr_reference_heuristic,0,0,1
SIHDR_010,SIHDR_010_e13.jpg,148,4000.000000,32,1024,SDR,9,13,100,14.0,4000.0,5.321928094887363,12.287712379549449,11.287712379549449,12.287712379549449,0.5,,,,0.55,sihdr_reference_heuristic,0,0,1
SIHDR_010,SIHDR_010_e14.jpg,149,2000.000000,32,1024,SDR,9,14,100,14.0,2000.0,4.321928094887363,12.287712379549449,11.287712379549449,12.287712379549449,0.5,,,,0.55,sihdr_reference_heuristic,0,0,1
SIHDR_011,SIHDR_011_e00.jpg,150,15000000.000000,32,1024,SDR,10,0,100,14.0,15000000.0,17.194602975157967,10.287712379549449,8.380821783926503,10.287712379549449,0.5,,,,0.55,sihdr_reference_heuristic,0,0,1
SIHDR_011,SIHDR_011_e01.jpg,151,8000000.000000,32,1024,SDR,10,1,100,14.0,8000000.0,16.28771237954945,10.287712379549449,8.380821783926503,10.287712379549449,0.5,,,,0.55,sihdr_reference_heuristic,0,0,1
SIHDR_011,SIHDR_011_e02.jpg,152,6000000.000000,32,1024,SDR,10,2,100,14.0,6000000.0,15.872674880270605,10.287712379549449,8.380821783926503,10.287712379549449,0.5,,,,0.55,sihdr_reference_heuristic,0,0,1
SIHDR_011,SIHDR_011_e03.jpg,153,4000000.000000,32,1024,SDR,10,3,100,14.0,4000000.0,15.287712379549449,10.287712379549449,8.380821783926503,10.287712379549449,0.5,,,,0.55,sihdr_reference_heuristic,0,0,1
SIHDR_011,SIHDR_011_e04.jpg,154,2000000.000000,32,1024,SDR,10,4,100,14.0,2000000.0,14.287712379549449,10.287712379549449,8.380821783926503,10.287712379549449,0.5,,,,0.55,sihdr_reference_heuristic,0,0,1
SIHDR_011,SIHDR_011_e05.jpg,155,1000000.000000,32,1024,SDR,10,5,100,14.0,1000000.0,13.287712379549449,10.287712379549449,8.380821783926503,10.287712379549449,0.5,,,,0.55,sihdr_reference_heuristic,0,0,1
SIHDR_011,SIHDR_011_e06.jpg,156,500000.000000,32,1024,SDR,10,6,100,14.0,500000.0,12.287712379549449,10.287712379549449,8.380821783926503,10.287712379549449,0.5,,,,0.55,sihdr_reference_heuristic,0,0,1
SIHDR_011,SIHDR_011_e07.jpg,157,250000.000000,32,1024,SDR,10,7,100,14.0,250000.0,11.287712379549449,10.287712379549449,8.380821783926503,10.287712379549449,0.5,,,,0.55,sihdr_reference_heuristic,0,0,1
SIHDR_011,SIHDR_011_e08.jpg,158,125000.000000,32,1024,SDR,10,8,100,14.0,125000.0,10.287712379549449,10.287712379549449,8.380821783926503,10.287712379549449,0.5,,,,0.55,sihdr_reference_heuristic,0,0,1
SIHDR_011,SIHDR_011_e09.jpg,159,66666.666667,32,1024,SDR,10,9,100,14.0,66666.666667,9.380821783948145,10.287712379549449,8.380821783926503,10.287712379549449,0.5,,,,0.55,sihdr_reference_heuristic,0,0,1
SIHDR_011,SIHDR_011_e10.jpg,160,33333.333333,32,1024,SDR,10,10,100,14.0,33333.333333,8.380821783926503,10.287712379549449,8.380821783926503,10.287712379549449,0.5,,,,0.55,sihdr_reference_heuristic,0,0,1
SIHDR_011,SIHDR_011_e11.jpg,161,16666.666667,32,1024,SDR,10,11,100,14.0,16666.666667,7.380821783969785,10.287712379549449,8.380821783926503,10.287712379549449,0.5,,,,0.55,sihdr_reference_heuristic,0,0,1
SIHDR_011,SIHDR_011_e12.jpg,162,8000.000000,32,1024,SDR,10,12,100,14.0,8000.0,6.321928094887363,10.287712379549449,8.380821783926503,10.287712379549449,0.5,,,,0.55,sihdr_reference_heuristic,0,0,1
SIHDR_011,SIHDR_011_e13.jpg,163,4000.000000,32,1024,SDR,10,13,100,14.0,4000.0,5.321928094887363,10.287712379549449,8.380821783926503,10.287712379549449,0.5,,,,0.55,sihdr_reference_heuristic,0,0,1
SIHDR_011,SIHDR_011_e14.jpg,164,2000.000000,32,1024,SDR,10,14,100,14.0,2000.0,4.321928094887363,10.287712379549449,8.380821783926503,10.287712379549449,0.5,,,,0.55,sihdr_reference_heuristic,0,0,1
SIHDR_012,SIHDR_012_e00.jpg,165,15000000.000000,32,1024,SDR,11,0,100,14.0,15000000.0,17.194602975157967,11.287712379549449,11.287712379549449,11.287712379549449,0.75,1,,,0.55,sihdr_reference_heuristic,1,0,1
SIHDR_012,SIHDR_012_e01.jpg,166,8000000.000000,32,1024,SDR,11,1,100,14.0,8000000.0,16.28771237954945,11.287712379549449,11.287712379549449,11.287712379549449,0.75,1,,,0.55,sihdr_reference_heuristic,1,0,1
SIHDR_012,SIHDR_012_e02.jpg,167,6000000.000000,32,1024,SDR,11,2,100,14.0,6000000.0,15.872674880270605,11.287712379549449,11.287712379549449,11.287712379549449,0.75,1,,,0.55,sihdr_reference_heuristic,1,0,1
SIHDR_012,SIHDR_012_e03.jpg,168,4000000.000000,32,1024,SDR,11,3,100,14.0,4000000.0,15.287712379549449,11.287712379549449,11.287712379549449,11.287712379549449,0.75,1,,,0.55,sihdr_reference_heuristic,1,0,1
SIHDR_012,SIHDR_012_e04.jpg,169,2000000.000000,32,1024,SDR,11,4,100,14.0,2000000.0,14.287712379549449,11.287712379549449,11.287712379549449,11.287712379549449,0.75,1,,,0.55,sihdr_reference_heuristic,1,0,1
SIHDR_012,SIHDR_012_e05.jpg,170,1000000.000000,32,1024,SDR,11,5,100,14.0,1000000.0,13.287712379549449,11.287712379549449,11.287712379549449,11.287712379549449,0.75,1,,,0.55,sihdr_reference_heuristic,1,0,1
SIHDR_012,SIHDR_012_e06.jpg,171,500000.000000,32,1024,SDR,11,6,100,14.0,500000.0,12.287712379549449,11.287712379549449,11.287712379549449,11.287712379549449,0.75,1,,,0.55,sihdr_reference_heuristic,1,0,1
SIHDR_012,SIHDR_012_e07.jpg,172,250000.000000,32,1024,SDR,11,7,100,14.0,250000.0,11.287712379549449,11.287712379549449,11.287712379549449,11.287712379549449,0.75,1,,,0.55,sihdr_reference_heuristic,1,0,1
SIHDR_012,SIHDR_012_e08.jpg,173,125000.000000,32,1024,SDR,11,8,100,14.0,125000.0,10.287712379549449,11.287712379549449,11.287712379549449,11.287712379549449,0.75,1,,,0.55,sihdr_reference_heuristic,1,0,1
SIHDR_012,SIHDR_012_e09.jpg,174,66666.666667,32,1024,SDR,11,9,100,14.0,66666.666667,9.380821783948145,11.287712379549449,11.287712379549449,11.287712379549449,0.75,1,,,0.55,sihdr_reference_heuristic,1,0,1
SIHDR_012,SIHDR_012_e10.jpg,175,33333.333333,32,1024,SDR,11,10,100,14.0,33333.333333,8.380821783926503,11.287712379549449,11.287712379549449,11.287712379549449,0.75,1,,,0.55,sihdr_reference_heuristic,1,0,1
SIHDR_012,SIHDR_012_e11.jpg,176,16666.666667,32,1024,SDR,11,11,100,14.0,16666.666667,7.380821783969785,11.287712379549449,11.287712379549449,11.287712379549449,0.75,1,,,0.55,sihdr_reference_heuristic,1,0,1
SIHDR_012,SIHDR_012_e12.jpg,177,8000.000000,32,1024,SDR,11,12,100,14.0,8000.0,6.321928094887363,11.287712379549449,11.287712379549449,11.287712379549449,0.75,1,,,0.55,sihdr_reference_heuristic,1,0,1
SIHDR_012,SIHDR_012_e13.jpg,178,4000.000000,32,1024,SDR,11,13,100,14.0,4000.0,5.321928094887363,11.287712379549449,11.287712379549449,11.287712379549449,0.75,1,,,0.55,sihdr_reference_heuristic,1,0,1
SIHDR_012,SIHDR_012_e14.jpg,179,2000.000000,32,1024,SDR,11,14,100,14.0,2000.0,4.321928094887363,11.287712379549449,11.287712379549449,11.287712379549449,0.75,1,,,0.55,sihdr_reference_heuristic,1,0,1
SIHDR_013,SIHDR_013_e00.jpg,180,15000000.000000,32,1024,SDR,12,0,100,14.0,15000000.0,17.194602975157967,11.287712379549449,11.287712379549449,11.287712379549449,0.5,,,,0.55,sihdr_reference_heuristic,0,0,1
SIHDR_013,SIHDR_013_e01.jpg,181,8000000.000000,32,1024,SDR,12,1,100,14.0,8000000.0,16.28771237954945,11.287712379549449,11.287712379549449,11.287712379549449,0.5,,,,0.55,sihdr_reference_heuristic,0,0,1
SIHDR_013,SIHDR_013_e02.jpg,182,6000000.000000,32,1024,SDR,12,2,100,14.0,6000000.0,15.872674880270605,11.287712379549449,11.287712379549449,11.287712379549449,0.5,,,,0.55,sihdr_reference_heuristic,0,0,1
SIHDR_013,SIHDR_013_e03.jpg,183,4000000.000000,32,1024,SDR,12,3,100,14.0,4000000.0,15.287712379549449,11.287712379549449,11.287712379549449,11.287712379549449,0.5,,,,0.55,sihdr_reference_heuristic,0,0,1
SIHDR_013,SIHDR_013_e04.jpg,184,2000000.000000,32,1024,SDR,12,4,100,14.0,2000000.0,14.287712379549449,11.287712379549449,11.287712379549449,11.287712379549449,0.5,,,,0.55,sihdr_reference_heuristic,0,0,1
SIHDR_013,SIHDR_013_e05.jpg,185,1000000.000000,32,1024,SDR,12,5,100,14.0,1000000.0,13.287712379549449,11.287712379549449,11.287712379549449,11.287712379549449,0.5,,,,0.55,sihdr_reference_heuristic,0,0,1
SIHDR_013,SIHDR_013_e06.jpg,186,500000.000000,32,1024,SDR,12,6,100,14.0,500000.0,12.287712379549449,11.287712379549449,11.287712379549449,11.287712379549449,0.5,,,,0.55,sihdr_reference_heuristic,0,0,1
SIHDR_013,SIHDR_013_e07.jpg,187,250000.000000,32,1024,SDR,12,7,100,14.0,250000.0,11.287712379549449,11.287712379549449,11.287712379549449,11.287712379549449,0.5,,,,0.55,sihdr_reference_heuristic,0,0,1
SIHDR_013,SIHDR_013_e08.jpg,188,125000.000000,32,1024,SDR,12,8,100,14.0,125000.0,10.287712379549449,11.287712379549449,11.287712379549449,11.287712379549449,0.5,,,,0.55,sihdr_reference_heuristic,0,0,1
SIHDR_013,SIHDR_013_e09.jpg,189,66666.666667,32,1024,SDR,12,9,100,14.0,66666.666667,9.380821783948145,11.287712379549449,11.287712379549449,11.287712379549449,0.5,,,,0.55,sihdr_reference_heuristic,0,0,1
SIHDR_013,SIHDR_013_e10.jpg,190,33333.333333,32,1024,SDR,12,10,100,14.0,33333.333333,8.380821783926503,11.287712379549449,11.287712379549449,11.287712379549449,0.5,,,,0.55,sihdr_reference_heuristic,0,0,1
SIHDR_013,SIHDR_013_e11.jpg,191,16666.666667,32,1024,SDR,12,11,100,14.0,16666.666667,7.380821783969785,11.287712379549449,11.287712379549449,11.287712379549449,0.5,,,,0.55,sihdr_reference_heuristic,0,0,1
SIHDR_013,SIHDR_013_e12.jpg,192,8000.000000,32,1024,SDR,12,12,100,14.0,8000.0,6.321928094887363,11.287712379549449,11.287712379549449,11.287712379549449,0.5,,,,0.55,sihdr_reference_heuristic,0,0,1
SIHDR_013,SIHDR_013_e13.jpg,193,4000.000000,32,1024,SDR,12,13,100,14.0,4000.0,5.321928094887363,11.287712379549449,11.287712379549449,11.287712379549449,0.5,,,,0.55,sihdr_reference_heuristic,0,0,1
SIHDR_013,SIHDR_013_e14.jpg,194,2000.000000,32,1024,SDR,12,14,100,14.0,2000.0,4.321928094887363,11.287712379549449,11.287712379549449,11.287712379549449,0.5,,,,0.55,sihdr_reference_heuristic,0,0,1
SIHDR_014,SIHDR_014_e00.jpg,195,15000000.000000,32,1024,SDR,13,0,100,14.0,15000000.0,17.194602975157967,10.287712379549449,10.287712379549449,10.287712379549449,0.75,1,,,0.55,sihdr_reference_heuristic,1,0,1
SIHDR_014,SIHDR_014_e01.jpg,196,8000000.000000,32,1024,SDR,13,1,100,14.0,8000000.0,16.28771237954945,10.287712379549449,10.287712379549449,10.287712379549449,0.75,1,,,0.55,sihdr_reference_heuristic,1,0,1
SIHDR_014,SIHDR_014_e02.jpg,197,6000000.000000,32,1024,SDR,13,2,100,14.0,6000000.0,15.872674880270605,10.287712379549449,10.287712379549449,10.287712379549449,0.75,1,,,0.55,sihdr_reference_heuristic,1,0,1
SIHDR_014,SIHDR_014_e03.jpg,198,4000000.000000,32,1024,SDR,13,3,100,14.0,4000000.0,15.287712379549449,10.287712379549449,10.287712379549449,10.287712379549449,0.75,1,,,0.55,sihdr_reference_heuristic,1,0,1
SIHDR_014,SIHDR_014_e04.jpg,199,2000000.000000,32,1024,SDR,13,4,100,14.0,2000000.0,14.287712379549449,10.287712379549449,10.287712379549449,10.287712379549449,0.75,1,,,0.55,sihdr_reference_heuristic,1,0,1
SIHDR_014,SIHDR_014_e05.jpg,200,1000000.000000,32,1024,SDR,13,5,100,14.0,1000000.0,13.287712379549449,10.287712379549449,10.287712379549449,10.287712379549449,0.75,1,,,0.55,sihdr_reference_heuristic,1,0,1
SIHDR_014,SIHDR_014_e06.jpg,201,500000.000000,32,1024,SDR,13,6,100,14.0,500000.0,12.287712379549449,10.287712379549449,10.287712379549449,10.287712379549449,0.75,1,,,0.55,sihdr_reference_heuristic,1,0,1
SIHDR_014,SIHDR_014_e07.jpg,202,250000.000000,32,1024,SDR,13,7,100,14.0,250000.0,11.287712379549449,10.287712379549449,10.287712379549449,10.287712379549449,0.75,1,,,0.55,sihdr_reference_heuristic,1,0,1
SIHDR_014,SIHDR_014_e08.jpg,203,125000.000000,32,1024,SDR,13,8,100,14.0,125000.0,10.287712379549449,10.287712379549449,10.287712379549449,10.287712379549449,0.75,1,,,0.55,sihdr_reference_heuristic,1,0,1
SIHDR_014,SIHDR_014_e09.jpg,204,66666.666667,32,1024,SDR,13,9,100,14.0,66666.666667,9.380821783948145,10.287712379549449,10.287712379549449,10.287712379549449,0.75,1,,,0.55,sihdr_reference_heuristic,1,0,1
SIHDR_014,SIHDR_014_e10.jpg,205,33333.333333,32,1024,SDR,13,10,100,14.0,33333.333333,8.380821783926503,10.287712379549449,10.287712379549449,10.287712379549449,0.75,1,,,0.55,sihdr_reference_heuristic,1,0,1
SIHDR_014,SIHDR_014_e11.jpg,206,16666.666667,32,1024,SDR,13,11,100,14.0,16666.666667,7.380821783969785,10.287712379549449,10.287712379549449,10.287712379549449,0.75,1,,,0.55,sihdr_reference_heuristic,1,0,1
SIHDR_014,SIHDR_014_e12.jpg,207,8000.000000,32,1024,SDR,13,12,100,14.0,8000.0,6.321928094887363,10.287712379549449,10.287712379549449,10.287712379549449,0.75,1,,,0.55,sihdr_reference_heuristic,1,0,1
SIHDR_014,SIHDR_014_e13.jpg,208,4000.000000,32,1024,SDR,13,13,100,14.0,4000.0,5.321928094887363,10.287712379549449,10.287712379549449,10.287712379549449,0.75,1,,,0.55,sihdr_reference_heuristic,1,0,1
SIHDR_014,SIHDR_014_e14.jpg,209,2000.000000,32,1024,SDR,13,14,100,14.0,2000.0,4.321928094887363,10.287712379549449,10.287712379549449,10.287712379549449,0.75,1,,,0.55,sihdr_reference_heuristic,1,0,1
SIHDR_015,SIHDR_015_e00.jpg,210,15000000.000000,32,1024,SDR,14,0,100,14.0,15000000.0,17.194602975157967,10.287712379549449,10.287712379549449,10.287712379549449,0.75,1,,,0.55,sihdr_reference_heuristic,1,0,1
SIHDR_015,SIHDR_015_e01.jpg,211,8000000.000000,32,1024,SDR,14,1,100,14.0,8000000.0,16.28771237954945,10.287712379549449,10.287712379549449,10.287712379549449,0.75,1,,,0.55,sihdr_reference_heuristic,1,0,1
SIHDR_015,SIHDR_015_e02.jpg,212,6000000.000000,32,1024,SDR,14,2,100,14.0,6000000.0,15.872674880270605,10.287712379549449,10.287712379549449,10.287712379549449,0.75,1,,,0.55,sihdr_reference_heuristic,1,0,1
SIHDR_015,SIHDR_015_e03.jpg,213,4000000.000000,32,1024,SDR,14,3,100,14.0,4000000.0,15.287712379549449,10.287712379549449,10.287712379549449,10.287712379549449,0.75,1,,,0.55,sihdr_reference_heuristic,1,0,1
SIHDR_015,SIHDR_015_e04.jpg,214,2000000.000000,32,1024,SDR,14,4,100,14.0,2000000.0,14.287712379549449,10.287712379549449,10.287712379549449,10.287712379549449,0.75,1,,,0.55,sihdr_reference_heuristic,1,0,1
SIHDR_015,SIHDR_015_e05.jpg,215,1000000.000000,32,1024,SDR,14,5,100,14.0,1000000.0,13.287712379549449,10.287712379549449,10.287712379549449,10.287712379549449,0.75,1,,,0.55,sihdr_reference_heuristic,1,0,1
SIHDR_015,SIHDR_015_e06.jpg,216,500000.000000,32,1024,SDR,14,6,100,14.0,500000.0,12.287712379549449,10.287712379549449,10.287712379549449,10.287712379549449,0.75,1,,,0.55,sihdr_reference_heuristic,1,0,1
SIHDR_015,SIHDR_015_e07.jpg,217,250000.000000,32,1024,SDR,14,7,100,14.0,250000.0,11.287712379549449,10.287712379549449,10.287712379549449,10.287712379549449,0.75,1,,,0.55,sihdr_reference_heuristic,1,0,1
SIHDR_015,SIHDR_015_e08.jpg,218,125000.000000,32,1024,SDR,14,8,100,14.0,125000.0,10.287712379549449,10.287712379549449,10.287712379549449,10.287712379549449,0.75,1,,,0.55,sihdr_reference_heuristic,1,0,1
SIHDR_015,SIHDR_015_e09.jpg,219,66666.666667,32,1024,SDR,14,9,100,14.0,66666.666667,9.380821783948145,10.287712379549449,10.287712379549449,10.287712379549449,0.75,1,,,0.55,sihdr_reference_heuristic,1,0,1
SIHDR_015,SIHDR_015_e10.jpg,220,33333.333333,32,1024,SDR,14,10,100,14.0,33333.333333,8.380821783926503,10.287712379549449,10.287712379549449,10.287712379549449,0.75,1,,,0.55,sihdr_reference_heuristic,1,0,1
SIHDR_015,SIHDR_015_e11.jpg,221,16666.666667,32,1024,SDR,14,11,100,14.0,16666.666667,7.380821783969785,10.287712379549449,10.287712379549449,10.287712379549449,0.75,1,,,0.55,sihdr_reference_heuristic,1,0,1
SIHDR_015,SIHDR_015_e12.jpg,222,8000.000000,32,1024,SDR,14,12,100,14.0,8000.0,6.321928094887363,10.287712379549449,10.287712379549449,10.287712379549449,0.75,1,,,0.55,sihdr_reference_heuristic,1,0,1
SIHDR_015,SIHDR_015_e13.jpg,223,4000.000000,32,1024,SDR,14,13,100,14.0,4000.0,5.321928094887363,10.287712379549449,10.287712379549449,10.287712379549449,0.75,1,,,0.55,sihdr_reference_heuristic,1,0,1
SIHDR_015,SIHDR_015_e14.jpg,224,2000.000000,32,1024,SDR,14,14,100,14.0,2000.0,4.321928094887363,10.287712379549449,10.287712379549449,10.287712379549449,0.75,1,,,0.55,sihdr_reference_heuristic,1,0,1
SIHDR_018,SIHDR_018_e00.jpg,225,15000000.000000,32,1024,SDR,15,0,100,14.0,15000000.0,17.194602975157967,13.287712379549449,13.287712379549449,13.287712379549449,0.75,1,,,0.55,sihdr_reference_heuristic,1,0,1
SIHDR_018,SIHDR_018_e01.jpg,226,8000000.000000,32,1024,SDR,15,1,100,14.0,8000000.0,16.28771237954945,13.287712379549449,13.287712379549449,13.287712379549449,0.75,1,,,0.55,sihdr_reference_heuristic,1,0,1
SIHDR_018,SIHDR_018_e02.jpg,227,6000000.000000,32,1024,SDR,15,2,100,14.0,6000000.0,15.872674880270605,13.287712379549449,13.287712379549449,13.287712379549449,0.75,1,,,0.55,sihdr_reference_heuristic,1,0,1
SIHDR_018,SIHDR_018_e03.jpg,228,4000000.000000,32,1024,SDR,15,3,100,14.0,4000000.0,15.287712379549449,13.287712379549449,13.287712379549449,13.287712379549449,0.75,1,,,0.55,sihdr_reference_heuristic,1,0,1
SIHDR_018,SIHDR_018_e04.jpg,229,2000000.000000,32,1024,SDR,15,4,100,14.0,2000000.0,14.287712379549449,13.287712379549449,13.287712379549449,13.287712379549449,0.75,1,,,0.55,sihdr_reference_heuristic,1,0,1
SIHDR_018,SIHDR_018_e05.jpg,230,1000000.000000,32,1024,SDR,15,5,100,14.0,1000000.0,13.287712379549449,13.287712379549449,13.287712379549449,13.287712379549449,0.75,1,,,0.55,sihdr_reference_heuristic,1,0,1
SIHDR_018,SIHDR_018_e06.jpg,231,500000.000000,32,1024,SDR,15,6,100,14.0,500000.0,12.287712379549449,13.287712379549449,13.287712379549449,13.287712379549449,0.75,1,,,0.55,sihdr_reference_heuristic,1,0,1
SIHDR_018,SIHDR_018_e07.jpg,232,250000.000000,32,1024,SDR,15,7,100,14.0,250000.0,11.287712379549449,13.287712379549449,13.287712379549449,13.287712379549449,0.75,1,,,0.55,sihdr_reference_heuristic,1,0,1
SIHDR_018,SIHDR_018_e08.jpg,233,125000.000000,32,1024,SDR,15,8,100,14.0,125000.0,10.287712379549449,13.287712379549449,13.287712379549449,13.287712379549449,0.75,1,,,0.55,sihdr_reference_heuristic,1,0,1
SIHDR_018,SIHDR_018_e09.jpg,234,66666.666667,32,1024,SDR,15,9,100,14.0,66666.666667,9.380821783948145,13.287712379549449,13.287712379549449,13.287712379549449,0.75,1,,,0.55,sihdr_reference_heuristic,1,0,1
SIHDR_018,SIHDR_018_e10.jpg,235,33333.333333,32,1024,SDR,15,10,100,14.0,33333.333333,8.380821783926503,13.287712379549449,13.287712379549449,13.287712379549449,0.75,1,,,0.55,sihdr_reference_heuristic,1,0,1
SIHDR_018,SIHDR_018_e11.jpg,236,16666.666667,32,1024,SDR,15,11,100,14.0,16666.666667,7.380821783969785,13.287712379549449,13.287712379549449,13.287712379549449,0.75,1,,,0.55,sihdr_reference_heuristic,1,0,1
SIHDR_018,SIHDR_018_e12.jpg,237,8000.000000,32,1024,SDR,15,12,100,14.0,8000.0,6.321928094887363,13.287712379549449,13.287712379549449,13.287712379549449,0.75,1,,,0.55,sihdr_reference_heuristic,1,0,1
SIHDR_018,SIHDR_018_e13.jpg,238,4000.000000,32,1024,SDR,15,13,100,14.0,4000.0,5.321928094887363,13.287712379549449,13.287712379549449,13.287712379549449,0.75,1,,,0.55,sihdr_reference_heuristic,1,0,1
SIHDR_018,SIHDR_018_e14.jpg,239,2000.000000,32,1024,SDR,15,14,100,14.0,2000.0,4.321928094887363,13.287712379549449,13.287712379549449,13.287712379549449,0.75,1,,,0.55,sihdr_reference_heuristic,1,0,1
SIHDR_019,SIHDR_019_e00.jpg,240,15000000.000000,32,1024,SDR,16,0,100,14.0,15000000.0,17.194602975157967,17.194602975157967,15.287712379549449,17.194602975157967,0.75,1,,,0.55,sihdr_reference_heuristic,1,0,0
SIHDR_019,SIHDR_019_e01.jpg,241,8000000.000000,32,1024,SDR,16,1,100,14.0,8000000.0,16.28771237954945,17.194602975157967,15.287712379549449,17.194602975157967,0.75,1,,,0.55,sihdr_reference_heuristic,1,0,0
SIHDR_019,SIHDR_019_e02.jpg,242,6000000.000000,32,1024,SDR,16,2,100,14.0,6000000.0,15.872674880270605,17.194602975157967,15.287712379549449,17.194602975157967,0.75,1,,,0.55,sihdr_reference_heuristic,1,0,0
SIHDR_019,SIHDR_019_e03.jpg,243,4000000.000000,32,1024,SDR,16,3,100,14.0,4000000.0,15.287712379549449,17.194602975157967,15.287712379549449,17.194602975157967,0.75,1,,,0.55,sihdr_reference_heuristic,1,0,0
SIHDR_019,SIHDR_019_e04.jpg,244,2000000.000000,32,1024,SDR,16,4,100,14.0,2000000.0,14.287712379549449,17.194602975157967,15.287712379549449,17.194602975157967,0.75,1,,,0.55,sihdr_reference_heuristic,1,0,0
SIHDR_019,SIHDR_019_e05.jpg,245,1000000.000000,32,1024,SDR,16,5,100,14.0,1000000.0,13.287712379549449,17.194602975157967,15.287712379549449,17.194602975157967,0.75,1,,,0.55,sihdr_reference_heuristic,1,0,0
SIHDR_019,SIHDR_019_e06.jpg,246,500000.000000,32,1024,SDR,16,6,100,14.0,500000.0,12.287712379549449,17.194602975157967,15.287712379549449,17.194602975157967,0.75,1,,,0.55,sihdr_reference_heuristic,1,0,0
SIHDR_019,SIHDR_019_e07.jpg,247,250000.000000,32,1024,SDR,16,7,100,14.0,250000.0,11.287712379549449,17.194602975157967,15.287712379549449,17.194602975157967,0.75,1,,,0.55,sihdr_reference_heuristic,1,0,0
SIHDR_019,SIHDR_019_e08.jpg,248,125000.000000,32,1024,SDR,16,8,100,14.0,125000.0,10.287712379549449,17.194602975157967,15.287712379549449,17.194602975157967,0.75,1,,,0.55,sihdr_reference_heuristic,1,0,0
SIHDR_019,SIHDR_019_e09.jpg,249,66666.666667,32,1024,SDR,16,9,100,14.0,66666.666667,9.380821783948145,17.194602975157967,15.287712379549449,17.194602975157967,0.75,1,,,0.55,sihdr_reference_heuristic,1,0,0
SIHDR_019,SIHDR_019_e10.jpg,250,33333.333333,32,1024,SDR,16,10,100,14.0,33333.333333,8.380821783926503,17.194602975157967,15.287712379549449,17.194602975157967,0.75,1,,,0.55,sihdr_reference_heuristic,1,0,0
SIHDR_019,SIHDR_019_e11.jpg,251,16666.666667,32,1024,SDR,16,11,100,14.0,16666.666667,7.380821783969785,17.194602975157967,15.287712379549449,17.194602975157967,0.75,1,,,0.55,sihdr_reference_heuristic,1,0,0
SIHDR_019,SIHDR_019_e12.jpg,252,8000.000000,32,1024,SDR,16,12,100,14.0,8000.0,6.321928094887363,17.194602975157967,15.287712379549449,17.194602975157967,0.75,1,,,0.55,sihdr_reference_heuristic,1,0,0
SIHDR_019,SIHDR_019_e13.jpg,253,4000.000000,32,1024,SDR,16,13,100,14.0,4000.0,5.321928094887363,17.194602975157967,15.287712379549449,17.194602975157967,0.75,1,,,0.55,sihdr_reference_heuristic,1,0,0
SIHDR_019,SIHDR_019_e14.jpg,254,2000.000000,32,1024,SDR,16,14,100,14.0,2000.0,4.321928094887363,17.194602975157967,15.287712379549449,17.194602975157967,0.75,1,,,0.55,sihdr_reference_heuristic,1,0,0
SIHDR_020,SIHDR_020_e00.jpg,255,15000000.000000,32,1024,SDR,17,0,100,14.0,15000000.0,17.194602975157967,17.194602975157967,15.287712379549449,17.194602975157967,0.75,1,,,0.55,sihdr_reference_heuristic,1,0,0
SIHDR_020,SIHDR_020_e01.jpg,256,8000000.000000,32,1024,SDR,17,1,100,14.0,8000000.0,16.28771237954945,17.194602975157967,15.287712379549449,17.194602975157967,0.75,1,,,0.55,sihdr_reference_heuristic,1,0,0
SIHDR_020,SIHDR_020_e02.jpg,257,6000000.000000,32,1024,SDR,17,2,100,14.0,6000000.0,15.872674880270605,17.194602975157967,15.287712379549449,17.194602975157967,0.75,1,,,0.55,sihdr_reference_heuristic,1,0,0
SIHDR_020,SIHDR_020_e03.jpg,258,4000000.000000,32,1024,SDR,17,3,100,14.0,4000000.0,15.287712379549449,17.194602975157967,15.287712379549449,17.194602975157967,0.75,1,,,0.55,sihdr_reference_heuristic,1,0,0
SIHDR_020,SIHDR_020_e04.jpg,259,2000000.000000,32,1024,SDR,17,4,100,14.0,2000000.0,14.287712379549449,17.194602975157967,15.287712379549449,17.194602975157967,0.75,1,,,0.55,sihdr_reference_heuristic,1,0,0
SIHDR_020,SIHDR_020_e05.jpg,260,1000000.000000,32,1024,SDR,17,5,100,14.0,1000000.0,13.287712379549449,17.194602975157967,15.287712379549449,17.194602975157967,0.75,1,,,0.55,sihdr_reference_heuristic,1,0,0
SIHDR_020,SIHDR_020_e06.jpg,261,500000.000000,32,1024,SDR,17,6,100,14.0,500000.0,12.287712379549449,17.194602975157967,15.287712379549449,17.194602975157967,0.75,1,,,0.55,sihdr_reference_heuristic,1,0,0
SIHDR_020,SIHDR_020_e07.jpg,262,250000.000000,32,1024,SDR,17,7,100,14.0,250000.0,11.287712379549449,17.194602975157967,15.287712379549449,17.194602975157967,0.75,1,,,0.55,sihdr_reference_heuristic,1,0,0
SIHDR_020,SIHDR_020_e08.jpg,263,125000.000000,32,1024,SDR,17,8,100,14.0,125000.0,10.287712379549449,17.194602975157967,15.287712379549449,17.194602975157967,0.75,1,,,0.55,sihdr_reference_heuristic,1,0,0
SIHDR_020,SIHDR_020_e09.jpg,264,66666.666667,32,1024,SDR,17,9,100,14.0,66666.666667,9.380821783948145,17.194602975157967,15.287712379549449,17.194602975157967,0.75,1,,,0.55,sihdr_reference_heuristic,1,0,0
SIHDR_020,SIHDR_020_e10.jpg,265,33333.333333,32,1024,SDR,17,10,100,14.0,33333.333333,8.380821783926503,17.194602975157967,15.287712379549449,17.194602975157967,0.75,1,,,0.55,sihdr_reference_heuristic,1,0,0
SIHDR_020,SIHDR_020_e11.jpg,266,16666.666667,32,1024,SDR,17,11,100,14.0,16666.666667,7.380821783969785,17.194602975157967,15.287712379549449,17.194602975157967,0.75,1,,,0.55,sihdr_reference_heuristic,1,0,0
SIHDR_020,SIHDR_020_e12.jpg,267,8000.000000,32,1024,SDR,17,12,100,14.0,8000.0,6.321928094887363,17.194602975157967,15.287712379549449,17.194602975157967,0.75,1,,,0.55,sihdr_reference_heuristic,1,0,0
SIHDR_020,SIHDR_020_e13.jpg,268,4000.000000,32,1024,SDR,17,13,100,14.0,4000.0,5.321928094887363,17.194602975157967,15.287712379549449,17.194602975157967,0.75,1,,,0.55,sihdr_reference_heuristic,1,0,0
SIHDR_020,SIHDR_020_e14.jpg,269,2000.000000,32,1024,SDR,17,14,100,14.0,2000.0,4.321928094887363,17.194602975157967,15.287712379549449,17.194602975157967,0.75,1,,,0.55,sihdr_reference_heuristic,1,0,0
SIHDR_021,SIHDR_021_e00.jpg,270,15000000.000000,32,1024,SDR,18,0,100,14.0,15000000.0,17.194602975157967,17.194602975157967,15.287712379549449,17.194602975157967,0.75,1,,,0.55,sihdr_reference_heuristic,1,0,0
SIHDR_021,SIHDR_021_e01.jpg,271,8000000.000000,32,1024,SDR,18,1,100,14.0,8000000.0,16.28771237954945,17.194602975157967,15.287712379549449,17.194602975157967,0.75,1,,,0.55,sihdr_reference_heuristic,1,0,0
SIHDR_021,SIHDR_021_e02.jpg,272,6000000.000000,32,1024,SDR,18,2,100,14.0,6000000.0,15.872674880270605,17.194602975157967,15.287712379549449,17.194602975157967,0.75,1,,,0.55,sihdr_reference_heuristic,1,0,0
SIHDR_021,SIHDR_021_e03.jpg,273,4000000.000000,32,1024,SDR,18,3,100,14.0,4000000.0,15.287712379549449,17.194602975157967,15.287712379549449,17.194602975157967,0.75,1,,,0.55,sihdr_reference_heuristic,1,0,0
SIHDR_021,SIHDR_021_e04.jpg,274,2000000.000000,32,1024,SDR,18,4,100,14.0,2000000.0,14.287712379549449,17.194602975157967,15.287712379549449,17.194602975157967,0.75,1,,,0.55,sihdr_reference_heuristic,1,0,0
SIHDR_021,SIHDR_021_e05.jpg,275,1000000.000000,32,1024,SDR,18,5,100,14.0,1000000.0,13.287712379549449,17.194602975157967,15.287712379549449,17.194602975157967,0.75,1,,,0.55,sihdr_reference_heuristic,1,0,0
SIHDR_021,SIHDR_021_e06.jpg,276,500000.000000,32,1024,SDR,18,6,100,14.0,500000.0,12.287712379549449,17.194602975157967,15.287712379549449,17.194602975157967,0.75,1,,,0.55,sihdr_reference_heuristic,1,0,0
SIHDR_021,SIHDR_021_e07.jpg,277,250000.000000,32,1024,SDR,18,7,100,14.0,250000.0,11.287712379549449,17.194602975157967,15.287712379549449,17.194602975157967,0.75,1,,,0.55,sihdr_reference_heuristic,1,0,0
SIHDR_021,SIHDR_021_e08.jpg,278,125000.000000,32,1024,SDR,18,8,100,14.0,125000.0,10.287712379549449,17.194602975157967,15.287712379549449,17.194602975157967,0.75,1,,,0.55,sihdr_reference_heuristic,1,0,0
SIHDR_021,SIHDR_021_e09.jpg,279,66666.666667,32,1024,SDR,18,9,100,14.0,66666.666667,9.380821783948145,17.194602975157967,15.287712379549449,17.194602975157967,0.75,1,,,0.55,sihdr_reference_heuristic,1,0,0
SIHDR_021,SIHDR_021_e10.jpg,280,33333.333333,32,1024,SDR,18,10,100,14.0,33333.333333,8.380821783926503,17.194602975157967,15.287712379549449,17.194602975157967,0.75,1,,,0.55,sihdr_reference_heuristic,1,0,0
SIHDR_021,SIHDR_021_e11.jpg,281,16666.666667,32,1024,SDR,18,11,100,14.0,16666.666667,7.380821783969785,17.194602975157967,15.287712379549449,17.194602975157967,0.75,1,,,0.55,sihdr_reference_heuristic,1,0,0
SIHDR_021,SIHDR_021_e12.jpg,282,8000.000000,32,1024,SDR,18,12,100,14.0,8000.0,6.321928094887363,17.194602975157967,15.287712379549449,17.194602975157967,0.75,1,,,0.55,sihdr_reference_heuristic,1,0,0
SIHDR_021,SIHDR_021_e13.jpg,283,4000.000000,32,1024,SDR,18,13,100,14.0,4000.0,5.321928094887363,17.194602975157967,15.287712379549449,17.194602975157967,0.75,1,,,0.55,sihdr_reference_heuristic,1,0,0
SIHDR_021,SIHDR_021_e14.jpg,284,2000.000000,32,1024,SDR,18,14,100,14.0,2000.0,4.321928094887363,17.194602975157967,15.287712379549449,17.194602975157967,0.75,1,,,0.55,sihdr_reference_heuristic,1,0,0
SIHDR_022,SIHDR_022_e00.jpg,285,15000000.000000,32,1024,SDR,19,0,100,14.0,15000000.0,17.194602975157967,12.287712379549449,11.287712379549449,12.287712379549449,0.75,1,,,0.55,sihdr_reference_heuristic,1,0,1
SIHDR_022,SIHDR_022_e01.jpg,286,8000000.000000,32,1024,SDR,19,1,100,14.0,8000000.0,16.28771237954945,12.287712379549449,11.287712379549449,12.287712379549449,0.75,1,,,0.55,sihdr_reference_heuristic,1,0,1
SIHDR_022,SIHDR_022_e02.jpg,287,6000000.000000,32,1024,SDR,19,2,100,14.0,6000000.0,15.872674880270605,12.287712379549449,11.287712379549449,12.287712379549449,0.75,1,,,0.55,sihdr_reference_heuristic,1,0,1
SIHDR_022,SIHDR_022_e03.jpg,288,4000000.000000,32,1024,SDR,19,3,100,14.0,4000000.0,15.287712379549449,12.287712379549449,11.287712379549449,12.287712379549449,0.75,1,,,0.55,sihdr_reference_heuristic,1,0,1
SIHDR_022,SIHDR_022_e04.jpg,289,2000000.000000,32,1024,SDR,19,4,100,14.0,2000000.0,14.287712379549449,12.287712379549449,11.287712379549449,12.287712379549449,0.75,1,,,0.55,sihdr_reference_heuristic,1,0,1
SIHDR_022,SIHDR_022_e05.jpg,290,1000000.000000,32,1024,SDR,19,5,100,14.0,1000000.0,13.287712379549449,12.287712379549449,11.287712379549449,12.287712379549449,0.75,1,,,0.55,sihdr_reference_heuristic,1,0,1
SIHDR_022,SIHDR_022_e06.jpg,291,500000.000000,32,1024,SDR,19,6,100,14.0,500000.0,12.287712379549449,12.287712379549449,11.287712379549449,12.287712379549449,0.75,1,,,0.55,sihdr_reference_heuristic,1,0,1
SIHDR_022,SIHDR_022_e07.jpg,292,250000.000000,32,1024,SDR,19,7,100,14.0,250000.0,11.287712379549449,12.287712379549449,11.287712379549449,12.287712379549449,0.75,1,,,0.55,sihdr_reference_heuristic,1,0,1
SIHDR_022,SIHDR_022_e08.jpg,293,125000.000000,32,1024,SDR,19,8,100,14.0,125000.0,10.287712379549449,12.287712379549449,11.287712379549449,12.287712379549449,0.75,1,,,0.55,sihdr_reference_heuristic,1,0,1
SIHDR_022,SIHDR_022_e09.jpg,294,66666.666667,32,1024,SDR,19,9,100,14.0,66666.666667,9.380821783948145,12.287712379549449,11.287712379549449,12.287712379549449,0.75,1,,,0.55,sihdr_reference_heuristic,1,0,1
SIHDR_022,SIHDR_022_e10.jpg,295,33333.333333,32,1024,SDR,19,10,100,14.0,33333.333333,8.380821783926503,12.287712379549449,11.287712379549449,12.287712379549449,0.75,1,,,0.55,sihdr_reference_heuristic,1,0,1
SIHDR_022,SIHDR_022_e11.jpg,296,16666.666667,32,1024,SDR,19,11,100,14.0,16666.666667,7.380821783969785,12.287712379549449,11.287712379549449,12.287712379549449,0.75,1,,,0.55,sihdr_reference_heuristic,1,0,1
SIHDR_022,SIHDR_022_e12.jpg,297,8000.000000,32,1024,SDR,19,12,100,14.0,8000.0,6.321928094887363,12.287712379549449,11.287712379549449,12.287712379549449,0.75,1,,,0.55,sihdr_reference_heuristic,1,0,1
SIHDR_022,SIHDR_022_e13.jpg,298,4000.000000,32,1024,SDR,19,13,100,14.0,4000.0,5.321928094887363,12.287712379549449,11.287712379549449,12.287712379549449,0.75,1,,,0.55,sihdr_reference_heuristic,1,0,1
SIHDR_022,SIHDR_022_e14.jpg,299,2000.000000,32,1024,SDR,19,14,100,14.0,2000.0,4.321928094887363,12.287712379549449,11.287712379549449,12.287712379549449,0.75,1,,,0.55,sihdr_reference_heuristic,1,0,1
SIHDR_023,SIHDR_023_e00.jpg,300,15000000.000000,32,1024,SDR,20,0,100,14.0,15000000.0,17.194602975157967,17.194602975157967,17.194602975157967,17.194602975157967,0.75,1,,,0.55,sihdr_reference_heuristic,1,0,0
SIHDR_023,SIHDR_023_e01.jpg,301,8000000.000000,32,1024,SDR,20,1,100,14.0,8000000.0,16.28771237954945,17.194602975157967,17.194602975157967,17.194602975157967,0.75,1,,,0.55,sihdr_reference_heuristic,1,0,0
SIHDR_023,SIHDR_023_e02.jpg,302,6000000.000000,32,1024,SDR,20,2,100,14.0,6000000.0,15.872674880270605,17.194602975157967,17.194602975157967,17.194602975157967,0.75,1,,,0.55,sihdr_reference_heuristic,1,0,0
SIHDR_023,SIHDR_023_e03.jpg,303,4000000.000000,32,1024,SDR,20,3,100,14.0,4000000.0,15.287712379549449,17.194602975157967,17.194602975157967,17.194602975157967,0.75,1,,,0.55,sihdr_reference_heuristic,1,0,0
SIHDR_023,SIHDR_023_e04.jpg,304,2000000.000000,32,1024,SDR,20,4,100,14.0,2000000.0,14.287712379549449,17.194602975157967,17.194602975157967,17.194602975157967,0.75,1,,,0.55,sihdr_reference_heuristic,1,0,0
SIHDR_023,SIHDR_023_e05.jpg,305,1000000.000000,32,1024,SDR,20,5,100,14.0,1000000.0,13.287712379549449,17.194602975157967,17.194602975157967,17.194602975157967,0.75,1,,,0.55,sihdr_reference_heuristic,1,0,0
SIHDR_023,SIHDR_023_e06.jpg,306,500000.000000,32,1024,SDR,20,6,100,14.0,500000.0,12.287712379549449,17.194602975157967,17.194602975157967,17.194602975157967,0.75,1,,,0.55,sihdr_reference_heuristic,1,0,0
SIHDR_023,SIHDR_023_e07.jpg,307,250000.000000,32,1024,SDR,20,7,100,14.0,250000.0,11.287712379549449,17.194602975157967,17.194602975157967,17.194602975157967,0.75,1,,,0.55,sihdr_reference_heuristic,1,0,0
SIHDR_023,SIHDR_023_e08.jpg,308,125000.000000,32,1024,SDR,20,8,100,14.0,125000.0,10.287712379549449,17.194602975157967,17.194602975157967,17.194602975157967,0.75,1,,,0.55,sihdr_reference_heuristic,1,0,0
SIHDR_023,SIHDR_023_e09.jpg,309,66666.666667,32,1024,SDR,20,9,100,14.0,66666.666667,9.380821783948145,17.194602975157967,17.194602975157967,17.194602975157967,0.75,1,,,0.55,sihdr_reference_heuristic,1,0,0
SIHDR_023,SIHDR_023_e10.jpg,310,33333.333333,32,1024,SDR,20,10,100,14.0,33333.333333,8.380821783926503,17.194602975157967,17.194602975157967,17.194602975157967,0.75,1,,,0.55,sihdr_reference_heuristic,1,0,0
SIHDR_023,SIHDR_023_e11.jpg,311,16666.666667,32,1024,SDR,20,11,100,14.0,16666.666667,7.380821783969785,17.194602975157967,17.194602975157967,17.194602975157967,0.75,1,,,0.55,sihdr_reference_heuristic,1,0,0
SIHDR_023,SIHDR_023_e12.jpg,312,8000.000000,32,1024,SDR,20,12,100,14.0,8000.0,6.321928094887363,17.194602975157967,17.194602975157967,17.194602975157967,0.75,1,,,0.55,sihdr_reference_heuristic,1,0,0
SIHDR_023,SIHDR_023_e13.jpg,313,4000.000000,32,1024,SDR,20,13,100,14.0,4000.0,5.321928094887363,17.194602975157967,17.194602975157967,17.194602975157967,0.75,1,,,0.55,sihdr_reference_heuristic,1,0,0
SIHDR_023,SIHDR_023_e14.jpg,314,2000.000000,32,1024,SDR,20,14,100,14.0,2000.0,4.321928094887363,17.194602975157967,17.194602975157967,17.194602975157967,0.75,1,,,0.55,sihdr_reference_heuristic,1,0,0
SIHDR_025,SIHDR_025_e00.jpg,315,15000000.000000,32,1024,SDR,21,0,100,14.0,15000000.0,17.194602975157967,17.194602975157967,17.194602975157967,17.194602975157967,0.75,1,,,0.55,sihdr_reference_heuristic,1,0,0
SIHDR_025,SIHDR_025_e01.jpg,316,8000000.000000,32,1024,SDR,21,1,100,14.0,8000000.0,16.28771237954945,17.194602975157967,17.194602975157967,17.194602975157967,0.75,1,,,0.55,sihdr_reference_heuristic,1,0,0
SIHDR_025,SIHDR_025_e02.jpg,317,6000000.000000,32,1024,SDR,21,2,100,14.0,6000000.0,15.872674880270605,17.194602975157967,17.194602975157967,17.194602975157967,0.75,1,,,0.55,sihdr_reference_heuristic,1,0,0
SIHDR_025,SIHDR_025_e03.jpg,318,4000000.000000,32,1024,SDR,21,3,100,14.0,4000000.0,15.287712379549449,17.194602975157967,17.194602975157967,17.194602975157967,0.75,1,,,0.55,sihdr_reference_heuristic,1,0,0
SIHDR_025,SIHDR_025_e04.jpg,319,2000000.000000,32,1024,SDR,21,4,100,14.0,2000000.0,14.287712379549449,17.194602975157967,17.194602975157967,17.194602975157967,0.75,1,,,0.55,sihdr_reference_heuristic,1,0,0
SIHDR_025,SIHDR_025_e05.jpg,320,1000000.000000,32,1024,SDR,21,5,100,14.0,1000000.0,13.287712379549449,17.194602975157967,17.194602975157967,17.194602975157967,0.75,1,,,0.55,sihdr_reference_heuristic,1,0,0
SIHDR_025,SIHDR_025_e06.jpg,321,500000.000000,32,1024,SDR,21,6,100,14.0,500000.0,12.287712379549449,17.194602975157967,17.194602975157967,17.194602975157967,0.75,1,,,0.55,sihdr_reference_heuristic,1,0,0
SIHDR_025,SIHDR_025_e07.jpg,322,250000.000000,32,1024,SDR,21,7,100,14.0,250000.0,11.287712379549449,17.194602975157967,17.194602975157967,17.194602975157967,0.75,1,,,0.55,sihdr_reference_heuristic,1,0,0
SIHDR_025,SIHDR_025_e08.jpg,323,125000.000000,32,1024,SDR,21,8,100,14.0,125000.0,10.287712379549449,17.194602975157967,17.194602975157967,17.194602975157967,0.75,1,,,0.55,sihdr_reference_heuristic,1,0,0
SIHDR_025,SIHDR_025_e09.jpg,324,66666.666667,32,1024,SDR,21,9,100,14.0,66666.666667,9.380821783948145,17.194602975157967,17.194602975157967,17.194602975157967,0.75,1,,,0.55,sihdr_reference_heuristic,1,0,0
SIHDR_025,SIHDR_025_e10.jpg,325,33333.333333,32,1024,SDR,21,10,100,14.0,33333.333333,8.380821783926503,17.194602975157967,17.194602975157967,17.194602975157967,0.75,1,,,0.55,sihdr_reference_heuristic,1,0,0
SIHDR_025,SIHDR_025_e11.jpg,326,16666.666667,32,1024,SDR,21,11,100,14.0,16666.666667,7.380821783969785,17.194602975157967,17.194602975157967,17.194602975157967,0.75,1,,,0.55,sihdr_reference_heuristic,1,0,0
SIHDR_025,SIHDR_025_e12.jpg,327,8000.000000,32,1024,SDR,21,12,100,14.0,8000.0,6.321928094887363,17.194602975157967,17.194602975157967,17.194602975157967,0.75,1,,,0.55,sihdr_reference_heuristic,1,0,0
SIHDR_025,SIHDR_025_e13.jpg,328,4000.000000,32,1024,SDR,21,13,100,14.0,4000.0,5.321928094887363,17.194602975157967,17.194602975157967,17.194602975157967,0.75,1,,,0.55,sihdr_reference_heuristic,1,0,0
SIHDR_025,SIHDR_025_e14.jpg,329,2000.000000,32,1024,SDR,21,14,100,14.0,2000.0,4.321928094887363,17.194602975157967,17.194602975157967,17.194602975157967,0.75,1,,,0.55,sihdr_reference_heuristic,1,0,0
SIHDR_027,SIHDR_027_e00.jpg,330,15000000.000000,32,1024,SDR,22,0,100,14.0,15000000.0,17.194602975157967,17.194602975157967,17.194602975157967,17.194602975157967,0.75,1,,,0.55,sihdr_reference_heuristic,1,0,0
SIHDR_027,SIHDR_027_e01.jpg,331,8000000.000000,32,1024,SDR,22,1,100,14.0,8000000.0,16.28771237954945,17.194602975157967,17.194602975157967,17.194602975157967,0.75,1,,,0.55,sihdr_reference_heuristic,1,0,0
SIHDR_027,SIHDR_027_e02.jpg,332,6000000.000000,32,1024,SDR,22,2,100,14.0,6000000.0,15.872674880270605,17.194602975157967,17.194602975157967,17.194602975157967,0.75,1,,,0.55,sihdr_reference_heuristic,1,0,0
SIHDR_027,SIHDR_027_e03.jpg,333,4000000.000000,32,1024,SDR,22,3,100,14.0,4000000.0,15.287712379549449,17.194602975157967,17.194602975157967,17.194602975157967,0.75,1,,,0.55,sihdr_reference_heuristic,1,0,0
SIHDR_027,SIHDR_027_e04.jpg,334,2000000.000000,32,1024,SDR,22,4,100,14.0,2000000.0,14.287712379549449,17.194602975157967,17.194602975157967,17.194602975157967,0.75,1,,,0.55,sihdr_reference_heuristic,1,0,0
SIHDR_027,SIHDR_027_e05.jpg,335,1000000.000000,32,1024,SDR,22,5,100,14.0,1000000.0,13.287712379549449,17.194602975157967,17.194602975157967,17.194602975157967,0.75,1,,,0.55,sihdr_reference_heuristic,1,0,0
SIHDR_027,SIHDR_027_e06.jpg,336,500000.000000,32,1024,SDR,22,6,100,14.0,500000.0,12.287712379549449,17.194602975157967,17.194602975157967,17.194602975157967,0.75,1,,,0.55,sihdr_reference_heuristic,1,0,0
SIHDR_027,SIHDR_027_e07.jpg,337,250000.000000,32,1024,SDR,22,7,100,14.0,250000.0,11.287712379549449,17.194602975157967,17.194602975157967,17.194602975157967,0.75,1,,,0.55,sihdr_reference_heuristic,1,0,0
SIHDR_027,SIHDR_027_e08.jpg,338,125000.000000,32,1024,SDR,22,8,100,14.0,125000.0,10.287712379549449,17.194602975157967,17.194602975157967,17.194602975157967,0.75,1,,,0.55,sihdr_reference_heuristic,1,0,0
SIHDR_027,SIHDR_027_e09.jpg,339,66666.666667,32,1024,SDR,22,9,100,14.0,66666.666667,9.380821783948145,17.194602975157967,17.194602975157967,17.194602975157967,0.75,1,,,0.55,sihdr_reference_heuristic,1,0,0
SIHDR_027,SIHDR_027_e10.jpg,340,33333.333333,32,1024,SDR,22,10,100,14.0,33333.333333,8.380821783926503,17.194602975157967,17.194602975157967,17.194602975157967,0.75,1,,,0.55,sihdr_reference_heuristic,1,0,0
SIHDR_027,SIHDR_027_e11.jpg,341,16666.666667,32,1024,SDR,22,11,100,14.0,16666.666667,7.380821783969785,17.194602975157967,17.194602975157967,17.194602975157967,0.75,1,,,0.55,sihdr_reference_heuristic,1,0,0
SIHDR_027,SIHDR_027_e12.jpg,342,8000.000000,32,1024,SDR,22,12,100,14.0,8000.0,6.321928094887363,17.194602975157967,17.194602975157967,17.194602975157967,0.75,1,,,0.55,sihdr_reference_heuristic,1,0,0
SIHDR_027,SIHDR_027_e13.jpg,343,4000.000000,32,1024,SDR,22,13,100,14.0,4000.0,5.321928094887363,17.194602975157967,17.194602975157967,17.194602975157967,0.75,1,,,0.55,sihdr_reference_heuristic,1,0,0
SIHDR_027,SIHDR_027_e14.jpg,344,2000.000000,32,1024,SDR,22,14,100,14.0,2000.0,4.321928094887363,17.194602975157967,17.194602975157967,17.194602975157967,0.75,1,,,0.55,sihdr_reference_heuristic,1,0,0
SIHDR_028,SIHDR_028_e00.jpg,345,15000000.000000,32,1024,SDR,23,0,100,14.0,15000000.0,17.194602975157967,17.194602975157967,17.194602975157967,17.194602975157967,0.25,0,,,0.55,sihdr_reference_heuristic,1,0,0
SIHDR_028,SIHDR_028_e01.jpg,346,8000000.000000,32,1024,SDR,23,1,100,14.0,8000000.0,16.28771237954945,17.194602975157967,17.194602975157967,17.194602975157967,0.25,0,,,0.55,sihdr_reference_heuristic,1,0,0
SIHDR_028,SIHDR_028_e02.jpg,347,6000000.000000,32,1024,SDR,23,2,100,14.0,6000000.0,15.872674880270605,17.194602975157967,17.194602975157967,17.194602975157967,0.25,0,,,0.55,sihdr_reference_heuristic,1,0,0
SIHDR_028,SIHDR_028_e03.jpg,348,4000000.000000,32,1024,SDR,23,3,100,14.0,4000000.0,15.287712379549449,17.194602975157967,17.194602975157967,17.194602975157967,0.25,0,,,0.55,sihdr_reference_heuristic,1,0,0
SIHDR_028,SIHDR_028_e04.jpg,349,2000000.000000,32,1024,SDR,23,4,100,14.0,2000000.0,14.287712379549449,17.194602975157967,17.194602975157967,17.194602975157967,0.25,0,,,0.55,sihdr_reference_heuristic,1,0,0
SIHDR_028,SIHDR_028_e05.jpg,350,1000000.000000,32,1024,SDR,23,5,100,14.0,1000000.0,13.287712379549449,17.194602975157967,17.194602975157967,17.194602975157967,0.25,0,,,0.55,sihdr_reference_heuristic,1,0,0
SIHDR_028,SIHDR_028_e06.jpg,351,500000.000000,32,1024,SDR,23,6,100,14.0,500000.0,12.287712379549449,17.194602975157967,17.194602975157967,17.194602975157967,0.25,0,,,0.55,sihdr_reference_heuristic,1,0,0
SIHDR_028,SIHDR_028_e07.jpg,352,250000.000000,32,1024,SDR,23,7,100,14.0,250000.0,11.287712379549449,17.194602975157967,17.194602975157967,17.194602975157967,0.25,0,,,0.55,sihdr_reference_heuristic,1,0,0
SIHDR_028,SIHDR_028_e08.jpg,353,125000.000000,32,1024,SDR,23,8,100,14.0,125000.0,10.287712379549449,17.194602975157967,17.194602975157967,17.194602975157967,0.25,0,,,0.55,sihdr_reference_heuristic,1,0,0
SIHDR_028,SIHDR_028_e09.jpg,354,66666.666667,32,1024,SDR,23,9,100,14.0,66666.666667,9.380821783948145,17.194602975157967,17.194602975157967,17.194602975157967,0.25,0,,,0.55,sihdr_reference_heuristic,1,0,0
SIHDR_028,SIHDR_028_e10.jpg,355,33333.333333,32,1024,SDR,23,10,100,14.0,33333.333333,8.380821783926503,17.194602975157967,17.194602975157967,17.194602975157967,0.25,0,,,0.55,sihdr_reference_heuristic,1,0,0
SIHDR_028,SIHDR_028_e11.jpg,356,16666.666667,32,1024,SDR,23,11,100,14.0,16666.666667,7.380821783969785,17.194602975157967,17.194602975157967,17.194602975157967,0.25,0,,,0.55,sihdr_reference_heuristic,1,0,0
SIHDR_028,SIHDR_028_e12.jpg,357,8000.000000,32,1024,SDR,23,12,100,14.0,8000.0,6.321928094887363,17.194602975157967,17.194602975157967,17.194602975157967,0.25,0,,,0.55,sihdr_reference_heuristic,1,0,0
SIHDR_028,SIHDR_028_e13.jpg,358,4000.000000,32,1024,SDR,23,13,100,14.0,4000.0,5.321928094887363,17.194602975157967,17.194602975157967,17.194602975157967,0.25,0,,,0.55,sihdr_reference_heuristic,1,0,0
SIHDR_028,SIHDR_028_e14.jpg,359,2000.000000,32,1024,SDR,23,14,100,14.0,2000.0,4.321928094887363,17.194602975157967,17.194602975157967,17.194602975157967,0.25,0,,,0.55,sihdr_reference_heuristic,1,0,0
SIHDR_029,SIHDR_029_e00.jpg,360,15000000.000000,32,1024,SDR,24,0,100,14.0,15000000.0,17.194602975157967,8.380821783926503,7.380821783969785,8.380821783926503,0.25,0,,,0.55,sihdr_reference_heuristic,1,0,1
SIHDR_029,SIHDR_029_e01.jpg,361,8000000.000000,32,1024,SDR,24,1,100,14.0,8000000.0,16.28771237954945,8.380821783926503,7.380821783969785,8.380821783926503,0.25,0,,,0.55,sihdr_reference_heuristic,1,0,1
SIHDR_029,SIHDR_029_e02.jpg,362,6000000.000000,32,1024,SDR,24,2,100,14.0,6000000.0,15.872674880270605,8.380821783926503,7.380821783969785,8.380821783926503,0.25,0,,,0.55,sihdr_reference_heuristic,1,0,1
SIHDR_029,SIHDR_029_e03.jpg,363,4000000.000000,32,1024,SDR,24,3,100,14.0,4000000.0,15.287712379549449,8.380821783926503,7.380821783969785,8.380821783926503,0.25,0,,,0.55,sihdr_reference_heuristic,1,0,1
SIHDR_029,SIHDR_029_e04.jpg,364,2000000.000000,32,1024,SDR,24,4,100,14.0,2000000.0,14.287712379549449,8.380821783926503,7.380821783969785,8.380821783926503,0.25,0,,,0.55,sihdr_reference_heuristic,1,0,1
SIHDR_029,SIHDR_029_e05.jpg,365,1000000.000000,32,1024,SDR,24,5,100,14.0,1000000.0,13.287712379549449,8.380821783926503,7.380821783969785,8.380821783926503,0.25,0,,,0.55,sihdr_reference_heuristic,1,0,1
SIHDR_029,SIHDR_029_e06.jpg,366,500000.000000,32,1024,SDR,24,6,100,14.0,500000.0,12.287712379549449,8.380821783926503,7.380821783969785,8.380821783926503,0.25,0,,,0.55,sihdr_reference_heuristic,1,0,1
SIHDR_029,SIHDR_029_e07.jpg,367,250000.000000,32,1024,SDR,24,7,100,14.0,250000.0,11.287712379549449,8.380821783926503,7.380821783969785,8.380821783926503,0.25,0,,,0.55,sihdr_reference_heuristic,1,0,1
SIHDR_029,SIHDR_029_e08.jpg,368,125000.000000,32,1024,SDR,24,8,100,14.0,125000.0,10.287712379549449,8.380821783926503,7.380821783969785,8.380821783926503,0.25,0,,,0.55,sihdr_reference_heuristic,1,0,1
SIHDR_029,SIHDR_029_e09.jpg,369,66666.666667,32,1024,SDR,24,9,100,14.0,66666.666667,9.380821783948145,8.380821783926503,7.380821783969785,8.380821783926503,0.25,0,,,0.55,sihdr_reference_heuristic,1,0,1
SIHDR_029,SIHDR_029_e10.jpg,370,33333.333333,32,1024,SDR,24,10,100,14.0,33333.333333,8.380821783926503,8.380821783926503,7.380821783969785,8.380821783926503,0.25,0,,,0.55,sihdr_reference_heuristic,1,0,1
SIHDR_029,SIHDR_029_e11.jpg,371,16666.666667,32,1024,SDR,24,11,100,14.0,16666.666667,7.380821783969785,8.380821783926503,7.380821783969785,8.380821783926503,0.25,0,,,0.55,sihdr_reference_heuristic,1,0,1
SIHDR_029,SIHDR_029_e12.jpg,372,8000.000000,32,1024,SDR,24,12,100,14.0,8000.0,6.321928094887363,8.380821783926503,7.380821783969785,8.380821783926503,0.25,0,,,0.55,sihdr_reference_heuristic,1,0,1
SIHDR_029,SIHDR_029_e13.jpg,373,4000.000000,32,1024,SDR,24,13,100,14.0,4000.0,5.321928094887363,8.380821783926503,7.380821783969785,8.380821783926503,0.25,0,,,0.55,sihdr_reference_heuristic,1,0,1
SIHDR_029,SIHDR_029_e14.jpg,374,2000.000000,32,1024,SDR,24,14,100,14.0,2000.0,4.321928094887363,8.380821783926503,7.380821783969785,8.380821783926503,0.25,0,,,0.55,sihdr_reference_heuristic,1,0,1
SIHDR_030,SIHDR_030_e00.jpg,375,15000000.000000,32,1024,SDR,25,0,100,14.0,15000000.0,17.194602975157967,8.380821783926503,7.380821783969785,8.380821783926503,0.5,,,,0.55,sihdr_reference_heuristic,0,0,1
SIHDR_030,SIHDR_030_e01.jpg,376,8000000.000000,32,1024,SDR,25,1,100,14.0,8000000.0,16.28771237954945,8.380821783926503,7.380821783969785,8.380821783926503,0.5,,,,0.55,sihdr_reference_heuristic,0,0,1
SIHDR_030,SIHDR_030_e02.jpg,377,6000000.000000,32,1024,SDR,25,2,100,14.0,6000000.0,15.872674880270605,8.380821783926503,7.380821783969785,8.380821783926503,0.5,,,,0.55,sihdr_reference_heuristic,0,0,1
SIHDR_030,SIHDR_030_e03.jpg,378,4000000.000000,32,1024,SDR,25,3,100,14.0,4000000.0,15.287712379549449,8.380821783926503,7.380821783969785,8.380821783926503,0.5,,,,0.55,sihdr_reference_heuristic,0,0,1
SIHDR_030,SIHDR_030_e04.jpg,379,2000000.000000,32,1024,SDR,25,4,100,14.0,2000000.0,14.287712379549449,8.380821783926503,7.380821783969785,8.380821783926503,0.5,,,,0.55,sihdr_reference_heuristic,0,0,1
SIHDR_030,SIHDR_030_e05.jpg,380,1000000.000000,32,1024,SDR,25,5,100,14.0,1000000.0,13.287712379549449,8.380821783926503,7.380821783969785,8.380821783926503,0.5,,,,0.55,sihdr_reference_heuristic,0,0,1
SIHDR_030,SIHDR_030_e06.jpg,381,500000.000000,32,1024,SDR,25,6,100,14.0,500000.0,12.287712379549449,8.380821783926503,7.380821783969785,8.380821783926503,0.5,,,,0.55,sihdr_reference_heuristic,0,0,1
SIHDR_030,SIHDR_030_e07.jpg,382,250000.000000,32,1024,SDR,25,7,100,14.0,250000.0,11.287712379549449,8.380821783926503,7.380821783969785,8.380821783926503,0.5,,,,0.55,sihdr_reference_heuristic,0,0,1
SIHDR_030,SIHDR_030_e08.jpg,383,125000.000000,32,1024,SDR,25,8,100,14.0,125000.0,10.287712379549449,8.380821783926503,7.380821783969785,8.380821783926503,0.5,,,,0.55,sihdr_reference_heuristic,0,0,1
SIHDR_030,SIHDR_030_e09.jpg,384,66666.666667,32,1024,SDR,25,9,100,14.0,66666.666667,9.380821783948145,8.380821783926503,7.380821783969785,8.380821783926503,0.5,,,,0.55,sihdr_reference_heuristic,0,0,1
SIHDR_030,SIHDR_030_e10.jpg,385,33333.333333,32,1024,SDR,25,10,100,14.0,33333.333333,8.380821783926503,8.380821783926503,7.380821783969785,8.380821783926503,0.5,,,,0.55,sihdr_reference_heuristic,0,0,1
SIHDR_030,SIHDR_030_e11.jpg,386,16666.666667,32,1024,SDR,25,11,100,14.0,16666.666667,7.380821783969785,8.380821783926503,7.380821783969785,8.380821783926503,0.5,,,,0.55,sihdr_reference_heuristic,0,0,1
SIHDR_030,SIHDR_030_e12.jpg,387,8000.000000,32,1024,SDR,25,12,100,14.0,8000.0,6.321928094887363,8.380821783926503,7.380821783969785,8.380821783926503,0.5,,,,0.55,sihdr_reference_heuristic,0,0,1
SIHDR_030,SIHDR_030_e13.jpg,388,4000.000000,32,1024,SDR,25,13,100,14.0,4000.0,5.321928094887363,8.380821783926503,7.380821783969785,8.380821783926503,0.5,,,,0.55,sihdr_reference_heuristic,0,0,1
SIHDR_030,SIHDR_030_e14.jpg,389,2000.000000,32,1024,SDR,25,14,100,14.0,2000.0,4.321928094887363,8.380821783926503,7.380821783969785,8.380821783926503,0.5,,,,0.55,sihdr_reference_heuristic,0,0,1
SIHDR_031,SIHDR_031_e00.jpg,390,15000000.000000,32,1024,SDR,26,0,100,14.0,15000000.0,17.194602975157967,7.380821783969785,5.321928094887363,7.380821783969785,0.75,1,,,0.55,sihdr_reference_heuristic,1,0,1
SIHDR_031,SIHDR_031_e01.jpg,391,8000000.000000,32,1024,SDR,26,1,100,14.0,8000000.0,16.28771237954945,7.380821783969785,5.321928094887363,7.380821783969785,0.75,1,,,0.55,sihdr_reference_heuristic,1,0,1
SIHDR_031,SIHDR_031_e02.jpg,392,6000000.000000,32,1024,SDR,26,2,100,14.0,6000000.0,15.872674880270605,7.380821783969785,5.321928094887363,7.380821783969785,0.75,1,,,0.55,sihdr_reference_heuristic,1,0,1
SIHDR_031,SIHDR_031_e03.jpg,393,4000000.000000,32,1024,SDR,26,3,100,14.0,4000000.0,15.287712379549449,7.380821783969785,5.321928094887363,7.380821783969785,0.75,1,,,0.55,sihdr_reference_heuristic,1,0,1
SIHDR_031,SIHDR_031_e04.jpg,394,2000000.000000,32,1024,SDR,26,4,100,14.0,2000000.0,14.287712379549449,7.380821783969785,5.321928094887363,7.380821783969785,0.75,1,,,0.55,sihdr_reference_heuristic,1,0,1
SIHDR_031,SIHDR_031_e05.jpg,395,1000000.000000,32,1024,SDR,26,5,100,14.0,1000000.0,13.287712379549449,7.380821783969785,5.321928094887363,7.380821783969785,0.75,1,,,0.55,sihdr_reference_heuristic,1,0,1
SIHDR_031,SIHDR_031_e06.jpg,396,500000.000000,32,1024,SDR,26,6,100,14.0,500000.0,12.287712379549449,7.380821783969785,5.321928094887363,7.380821783969785,0.75,1,,,0.55,sihdr_reference_heuristic,1,0,1
SIHDR_031,SIHDR_031_e07.jpg,397,250000.000000,32,1024,SDR,26,7,100,14.0,250000.0,11.287712379549449,7.380821783969785,5.321928094887363,7.380821783969785,0.75,1,,,0.55,sihdr_reference_heuristic,1,0,1
SIHDR_031,SIHDR_031_e08.jpg,398,125000.000000,32,1024,SDR,26,8,100,14.0,125000.0,10.287712379549449,7.380821783969785,5.321928094887363,7.380821783969785,0.75,1,,,0.55,sihdr_reference_heuristic,1,0,1
SIHDR_031,SIHDR_031_e09.jpg,399,66666.666667,32,1024,SDR,26,9,100,14.0,66666.666667,9.380821783948145,7.380821783969785,5.321928094887363,7.380821783969785,0.75,1,,,0.55,sihdr_reference_heuristic,1,0,1
SIHDR_031,SIHDR_031_e10.jpg,400,33333.333333,32,1024,SDR,26,10,100,14.0,33333.333333,8.380821783926503,7.380821783969785,5.321928094887363,7.380821783969785,0.75,1,,,0.55,sihdr_reference_heuristic,1,0,1
SIHDR_031,SIHDR_031_e11.jpg,401,16666.666667,32,1024,SDR,26,11,100,14.0,16666.666667,7.380821783969785,7.380821783969785,5.321928094887363,7.380821783969785,0.75,1,,,0.55,sihdr_reference_heuristic,1,0,1
SIHDR_031,SIHDR_031_e12.jpg,402,8000.000000,32,1024,SDR,26,12,100,14.0,8000.0,6.321928094887363,7.380821783969785,5.321928094887363,7.380821783969785,0.75,1,,,0.55,sihdr_reference_heuristic,1,0,1
SIHDR_031,SIHDR_031_e13.jpg,403,4000.000000,32,1024,SDR,26,13,100,14.0,4000.0,5.321928094887363,7.380821783969785,5.321928094887363,7.380821783969785,0.75,1,,,0.55,sihdr_reference_heuristic,1,0,1
SIHDR_031,SIHDR_031_e14.jpg,404,2000.000000,32,1024,SDR,26,14,100,14.0,2000.0,4.321928094887363,7.380821783969785,5.321928094887363,7.380821783969785,0.75,1,,,0.55,sihdr_reference_heuristic,1,0,1
SIHDR_032,SIHDR_032_e00.jpg,405,15000000.000000,32,1024,SDR,27,0,100,14.0,15000000.0,17.194602975157967,6.321928094887363,6.321928094887363,6.321928094887363,0.75,1,,,0.55,sihdr_reference_heuristic,1,0,1
SIHDR_032,SIHDR_032_e01.jpg,406,8000000.000000,32,1024,SDR,27,1,100,14.0,8000000.0,16.28771237954945,6.321928094887363,6.321928094887363,6.321928094887363,0.75,1,,,0.55,sihdr_reference_heuristic,1,0,1
SIHDR_032,SIHDR_032_e02.jpg,407,6000000.000000,32,1024,SDR,27,2,100,14.0,6000000.0,15.872674880270605,6.321928094887363,6.321928094887363,6.321928094887363,0.75,1,,,0.55,sihdr_reference_heuristic,1,0,1
SIHDR_032,SIHDR_032_e03.jpg,408,4000000.000000,32,1024,SDR,27,3,100,14.0,4000000.0,15.287712379549449,6.321928094887363,6.321928094887363,6.321928094887363,0.75,1,,,0.55,sihdr_reference_heuristic,1,0,1
SIHDR_032,SIHDR_032_e04.jpg,409,2000000.000000,32,1024,SDR,27,4,100,14.0,2000000.0,14.287712379549449,6.321928094887363,6.321928094887363,6.321928094887363,0.75,1,,,0.55,sihdr_reference_heuristic,1,0,1
SIHDR_032,SIHDR_032_e05.jpg,410,1000000.000000,32,1024,SDR,27,5,100,14.0,1000000.0,13.287712379549449,6.321928094887363,6.321928094887363,6.321928094887363,0.75,1,,,0.55,sihdr_reference_heuristic,1,0,1
SIHDR_032,SIHDR_032_e06.jpg,411,500000.000000,32,1024,SDR,27,6,100,14.0,500000.0,12.287712379549449,6.321928094887363,6.321928094887363,6.321928094887363,0.75,1,,,0.55,sihdr_reference_heuristic,1,0,1
SIHDR_032,SIHDR_032_e07.jpg,412,250000.000000,32,1024,SDR,27,7,100,14.0,250000.0,11.287712379549449,6.321928094887363,6.321928094887363,6.321928094887363,0.75,1,,,0.55,sihdr_reference_heuristic,1,0,1
SIHDR_032,SIHDR_032_e08.jpg,413,125000.000000,32,1024,SDR,27,8,100,14.0,125000.0,10.287712379549449,6.321928094887363,6.321928094887363,6.321928094887363,0.75,1,,,0.55,sihdr_reference_heuristic,1,0,1
SIHDR_032,SIHDR_032_e09.jpg,414,66666.666667,32,1024,SDR,27,9,100,14.0,66666.666667,9.380821783948145,6.321928094887363,6.321928094887363,6.321928094887363,0.75,1,,,0.55,sihdr_reference_heuristic,1,0,1
SIHDR_032,SIHDR_032_e10.jpg,415,33333.333333,32,1024,SDR,27,10,100,14.0,33333.333333,8.380821783926503,6.321928094887363,6.321928094887363,6.321928094887363,0.75,1,,,0.55,sihdr_reference_heuristic,1,0,1
SIHDR_032,SIHDR_032_e11.jpg,416,16666.666667,32,1024,SDR,27,11,100,14.0,16666.666667,7.380821783969785,6.321928094887363,6.321928094887363,6.321928094887363,0.75,1,,,0.55,sihdr_reference_heuristic,1,0,1
SIHDR_032,SIHDR_032_e12.jpg,417,8000.000000,32,1024,SDR,27,12,100,14.0,8000.0,6.321928094887363,6.321928094887363,6.321928094887363,6.321928094887363,0.75,1,,,0.55,sihdr_reference_heuristic,1,0,1
SIHDR_032,SIHDR_032_e13.jpg,418,4000.000000,32,1024,SDR,27,13,100,14.0,4000.0,5.321928094887363,6.321928094887363,6.321928094887363,6.321928094887363,0.75,1,,,0.55,sihdr_reference_heuristic,1,0,1
SIHDR_032,SIHDR_032_e14.jpg,419,2000.000000,32,1024,SDR,27,14,100,14.0,2000.0,4.321928094887363,6.321928094887363,6.321928094887363,6.321928094887363,0.75,1,,,0.55,sihdr_reference_heuristic,1,0,1
SIHDR_033,SIHDR_033_e00.jpg,420,15000000.000000,32,1024,SDR,28,0,100,14.0,15000000.0,17.194602975157967,7.380821783969785,6.321928094887363,7.380821783969785,0.75,1,,,0.55,sihdr_reference_heuristic,1,0,1
SIHDR_033,SIHDR_033_e01.jpg,421,8000000.000000,32,1024,SDR,28,1,100,14.0,8000000.0,16.28771237954945,7.380821783969785,6.321928094887363,7.380821783969785,0.75,1,,,0.55,sihdr_reference_heuristic,1,0,1
SIHDR_033,SIHDR_033_e02.jpg,422,6000000.000000,32,1024,SDR,28,2,100,14.0,6000000.0,15.872674880270605,7.380821783969785,6.321928094887363,7.380821783969785,0.75,1,,,0.55,sihdr_reference_heuristic,1,0,1
SIHDR_033,SIHDR_033_e03.jpg,423,4000000.000000,32,1024,SDR,28,3,100,14.0,4000000.0,15.287712379549449,7.380821783969785,6.321928094887363,7.380821783969785,0.75,1,,,0.55,sihdr_reference_heuristic,1,0,1
SIHDR_033,SIHDR_033_e04.jpg,424,2000000.000000,32,1024,SDR,28,4,100,14.0,2000000.0,14.287712379549449,7.380821783969785,6.321928094887363,7.380821783969785,0.75,1,,,0.55,sihdr_reference_heuristic,1,0,1
SIHDR_033,SIHDR_033_e05.jpg,425,1000000.000000,32,1024,SDR,28,5,100,14.0,1000000.0,13.287712379549449,7.380821783969785,6.321928094887363,7.380821783969785,0.75,1,,,0.55,sihdr_reference_heuristic,1,0,1
SIHDR_033,SIHDR_033_e06.jpg,426,500000.000000,32,1024,SDR,28,6,100,14.0,500000.0,12.287712379549449,7.380821783969785,6.321928094887363,7.380821783969785,0.75,1,,,0.55,sihdr_reference_heuristic,1,0,1
SIHDR_033,SIHDR_033_e07.jpg,427,250000.000000,32,1024,SDR,28,7,100,14.0,250000.0,11.287712379549449,7.380821783969785,6.321928094887363,7.380821783969785,0.75,1,,,0.55,sihdr_reference_heuristic,1,0,1
SIHDR_033,SIHDR_033_e08.jpg,428,125000.000000,32,1024,SDR,28,8,100,14.0,125000.0,10.287712379549449,7.380821783969785,6.321928094887363,7.380821783969785,0.75,1,,,0.55,sihdr_reference_heuristic,1,0,1
SIHDR_033,SIHDR_033_e09.jpg,429,66666.666667,32,1024,SDR,28,9,100,14.0,66666.666667,9.380821783948145,7.380821783969785,6.321928094887363,7.380821783969785,0.75,1,,,0.55,sihdr_reference_heuristic,1,0,1
SIHDR_033,SIHDR_033_e10.jpg,430,33333.333333,32,1024,SDR,28,10,100,14.0,33333.333333,8.380821783926503,7.380821783969785,6.321928094887363,7.380821783969785,0.75,1,,,0.55,sihdr_reference_heuristic,1,0,1
SIHDR_033,SIHDR_033_e11.jpg,431,16666.666667,32,1024,SDR,28,11,100,14.0,16666.666667,7.380821783969785,7.380821783969785,6.321928094887363,7.380821783969785,0.75,1,,,0.55,sihdr_reference_heuristic,1,0,1
SIHDR_033,SIHDR_033_e12.jpg,432,8000.000000,32,1024,SDR,28,12,100,14.0,8000.0,6.321928094887363,7.380821783969785,6.321928094887363,7.380821783969785,0.75,1,,,0.55,sihdr_reference_heuristic,1,0,1
SIHDR_033,SIHDR_033_e13.jpg,433,4000.000000,32,1024,SDR,28,13,100,14.0,4000.0,5.321928094887363,7.380821783969785,6.321928094887363,7.380821783969785,0.75,1,,,0.55,sihdr_reference_heuristic,1,0,1
SIHDR_033,SIHDR_033_e14.jpg,434,2000.000000,32,1024,SDR,28,14,100,14.0,2000.0,4.321928094887363,7.380821783969785,6.321928094887363,7.380821783969785,0.75,1,,,0.55,sihdr_reference_heuristic,1,0,1
SIHDR_034,SIHDR_034_e00.jpg,435,15000000.000000,32,1024,SDR,29,0,100,14.0,15000000.0,17.194602975157967,7.380821783969785,7.380821783969785,7.380821783969785,0.75,1,,,0.55,sihdr_reference_heuristic,1,0,1
SIHDR_034,SIHDR_034_e01.jpg,436,8000000.000000,32,1024,SDR,29,1,100,14.0,8000000.0,16.28771237954945,7.380821783969785,7.380821783969785,7.380821783969785,0.75,1,,,0.55,sihdr_reference_heuristic,1,0,1
SIHDR_034,SIHDR_034_e02.jpg,437,6000000.000000,32,1024,SDR,29,2,100,14.0,6000000.0,15.872674880270605,7.380821783969785,7.380821783969785,7.380821783969785,0.75,1,,,0.55,sihdr_reference_heuristic,1,0,1
SIHDR_034,SIHDR_034_e03.jpg,438,4000000.000000,32,1024,SDR,29,3,100,14.0,4000000.0,15.287712379549449,7.380821783969785,7.380821783969785,7.380821783969785,0.75,1,,,0.55,sihdr_reference_heuristic,1,0,1
SIHDR_034,SIHDR_034_e04.jpg,439,2000000.000000,32,1024,SDR,29,4,100,14.0,2000000.0,14.287712379549449,7.380821783969785,7.380821783969785,7.380821783969785,0.75,1,,,0.55,sihdr_reference_heuristic,1,0,1
SIHDR_034,SIHDR_034_e05.jpg,440,1000000.000000,32,1024,SDR,29,5,100,14.0,1000000.0,13.287712379549449,7.380821783969785,7.380821783969785,7.380821783969785,0.75,1,,,0.55,sihdr_reference_heuristic,1,0,1
SIHDR_034,SIHDR_034_e06.jpg,441,500000.000000,32,1024,SDR,29,6,100,14.0,500000.0,12.287712379549449,7.380821783969785,7.380821783969785,7.380821783969785,0.75,1,,,0.55,sihdr_reference_heuristic,1,0,1
SIHDR_034,SIHDR_034_e07.jpg,442,250000.000000,32,1024,SDR,29,7,100,14.0,250000.0,11.287712379549449,7.380821783969785,7.380821783969785,7.380821783969785,0.75,1,,,0.55,sihdr_reference_heuristic,1,0,1
SIHDR_034,SIHDR_034_e08.jpg,443,125000.000000,32,1024,SDR,29,8,100,14.0,125000.0,10.287712379549449,7.380821783969785,7.380821783969785,7.380821783969785,0.75,1,,,0.55,sihdr_reference_heuristic,1,0,1
SIHDR_034,SIHDR_034_e09.jpg,444,66666.666667,32,1024,SDR,29,9,100,14.0,66666.666667,9.380821783948145,7.380821783969785,7.380821783969785,7.380821783969785,0.75,1,,,0.55,sihdr_reference_heuristic,1,0,1
SIHDR_034,SIHDR_034_e10.jpg,445,33333.333333,32,1024,SDR,29,10,100,14.0,33333.333333,8.380821783926503,7.380821783969785,7.380821783969785,7.380821783969785,0.75,1,,,0.55,sihdr_reference_heuristic,1,0,1
SIHDR_034,SIHDR_034_e11.jpg,446,16666.666667,32,1024,SDR,29,11,100,14.0,16666.666667,7.380821783969785,7.380821783969785,7.380821783969785,7.380821783969785,0.75,1,,,0.55,sihdr_reference_heuristic,1,0,1
SIHDR_034,SIHDR_034_e12.jpg,447,8000.000000,32,1024,SDR,29,12,100,14.0,8000.0,6.321928094887363,7.380821783969785,7.380821783969785,7.380821783969785,0.75,1,,,0.55,sihdr_reference_heuristic,1,0,1
SIHDR_034,SIHDR_034_e13.jpg,448,4000.000000,32,1024,SDR,29,13,100,14.0,4000.0,5.321928094887363,7.380821783969785,7.380821783969785,7.380821783969785,0.75,1,,,0.55,sihdr_reference_heuristic,1,0,1
SIHDR_034,SIHDR_034_e14.jpg,449,2000.000000,32,1024,SDR,29,14,100,14.0,2000.0,4.321928094887363,7.380821783969785,7.380821783969785,7.380821783969785,0.75,1,,,0.55,sihdr_reference_heuristic,1,0,1
SIHDR_035,SIHDR_035_e00.jpg,450,15000000.000000,32,1024,SDR,30,0,100,14.0,15000000.0,17.194602975157967,8.380821783926503,7.380821783969785,8.380821783926503,0.5,,,,0.55,sihdr_reference_heuristic,0,0,1
SIHDR_035,SIHDR_035_e01.jpg,451,8000000.000000,32,1024,SDR,30,1,100,14.0,8000000.0,16.28771237954945,8.380821783926503,7.380821783969785,8.380821783926503,0.5,,,,0.55,sihdr_reference_heuristic,0,0,1
SIHDR_035,SIHDR_035_e02.jpg,452,6000000.000000,32,1024,SDR,30,2,100,14.0,6000000.0,15.872674880270605,8.380821783926503,7.380821783969785,8.380821783926503,0.5,,,,0.55,sihdr_reference_heuristic,0,0,1
SIHDR_035,SIHDR_035_e03.jpg,453,4000000.000000,32,1024,SDR,30,3,100,14.0,4000000.0,15.287712379549449,8.380821783926503,7.380821783969785,8.380821783926503,0.5,,,,0.55,sihdr_reference_heuristic,0,0,1
SIHDR_035,SIHDR_035_e04.jpg,454,2000000.000000,32,1024,SDR,30,4,100,14.0,2000000.0,14.287712379549449,8.380821783926503,7.380821783969785,8.380821783926503,0.5,,,,0.55,sihdr_reference_heuristic,0,0,1
SIHDR_035,SIHDR_035_e05.jpg,455,1000000.000000,32,1024,SDR,30,5,100,14.0,1000000.0,13.287712379549449,8.380821783926503,7.380821783969785,8.380821783926503,0.5,,,,0.55,sihdr_reference_heuristic,0,0,1
SIHDR_035,SIHDR_035_e06.jpg,456,500000.000000,32,1024,SDR,30,6,100,14.0,500000.0,12.287712379549449,8.380821783926503,7.380821783969785,8.380821783926503,0.5,,,,0.55,sihdr_reference_heuristic,0,0,1
SIHDR_035,SIHDR_035_e07.jpg,457,250000.000000,32,1024,SDR,30,7,100,14.0,250000.0,11.287712379549449,8.380821783926503,7.380821783969785,8.380821783926503,0.5,,,,0.55,sihdr_reference_heuristic,0,0,1
SIHDR_035,SIHDR_035_e08.jpg,458,125000.000000,32,1024,SDR,30,8,100,14.0,125000.0,10.287712379549449,8.380821783926503,7.380821783969785,8.380821783926503,0.5,,,,0.55,sihdr_reference_heuristic,0,0,1
SIHDR_035,SIHDR_035_e09.jpg,459,66666.666667,32,1024,SDR,30,9,100,14.0,66666.666667,9.380821783948145,8.380821783926503,7.380821783969785,8.380821783926503,0.5,,,,0.55,sihdr_reference_heuristic,0,0,1
SIHDR_035,SIHDR_035_e10.jpg,460,33333.333333,32,1024,SDR,30,10,100,14.0,33333.333333,8.380821783926503,8.380821783926503,7.380821783969785,8.380821783926503,0.5,,,,0.55,sihdr_reference_heuristic,0,0,1
SIHDR_035,SIHDR_035_e11.jpg,461,16666.666667,32,1024,SDR,30,11,100,14.0,16666.666667,7.380821783969785,8.380821783926503,7.380821783969785,8.380821783926503,0.5,,,,0.55,sihdr_reference_heuristic,0,0,1
SIHDR_035,SIHDR_035_e12.jpg,462,8000.000000,32,1024,SDR,30,12,100,14.0,8000.0,6.321928094887363,8.380821783926503,7.380821783969785,8.380821783926503,0.5,,,,0.55,sihdr_reference_heuristic,0,0,1
SIHDR_035,SIHDR_035_e13.jpg,463,4000.000000,32,1024,SDR,30,13,100,14.0,4000.0,5.321928094887363,8.380821783926503,7.380821783969785,8.380821783926503,0.5,,,,0.55,sihdr_reference_heuristic,0,0,1
SIHDR_035,SIHDR_035_e14.jpg,464,2000.000000,32,1024,SDR,30,14,100,14.0,2000.0,4.321928094887363,8.380821783926503,7.380821783969785,8.380821783926503,0.5,,,,0.55,sihdr_reference_heuristic,0,0,1
SIHDR_036,SIHDR_036_e00.jpg,465,15000000.000000,32,1024,SDR,31,0,100,14.0,15000000.0,17.194602975157967,7.380821783969785,7.380821783969785,7.380821783969785,0.75,1,,,0.55,sihdr_reference_heuristic,1,0,1
SIHDR_036,SIHDR_036_e01.jpg,466,8000000.000000,32,1024,SDR,31,1,100,14.0,8000000.0,16.28771237954945,7.380821783969785,7.380821783969785,7.380821783969785,0.75,1,,,0.55,sihdr_reference_heuristic,1,0,1
SIHDR_036,SIHDR_036_e02.jpg,467,6000000.000000,32,1024,SDR,31,2,100,14.0,6000000.0,15.872674880270605,7.380821783969785,7.380821783969785,7.380821783969785,0.75,1,,,0.55,sihdr_reference_heuristic,1,0,1
SIHDR_036,SIHDR_036_e03.jpg,468,4000000.000000,32,1024,SDR,31,3,100,14.0,4000000.0,15.287712379549449,7.380821783969785,7.380821783969785,7.380821783969785,0.75,1,,,0.55,sihdr_reference_heuristic,1,0,1
SIHDR_036,SIHDR_036_e04.jpg,469,2000000.000000,32,1024,SDR,31,4,100,14.0,2000000.0,14.287712379549449,7.380821783969785,7.380821783969785,7.380821783969785,0.75,1,,,0.55,sihdr_reference_heuristic,1,0,1
SIHDR_036,SIHDR_036_e05.jpg,470,1000000.000000,32,1024,SDR,31,5,100,14.0,1000000.0,13.287712379549449,7.380821783969785,7.380821783969785,7.380821783969785,0.75,1,,,0.55,sihdr_reference_heuristic,1,0,1
SIHDR_036,SIHDR_036_e06.jpg,471,500000.000000,32,1024,SDR,31,6,100,14.0,500000.0,12.287712379549449,7.380821783969785,7.380821783969785,7.380821783969785,0.75,1,,,0.55,sihdr_reference_heuristic,1,0,1
SIHDR_036,SIHDR_036_e07.jpg,472,250000.000000,32,1024,SDR,31,7,100,14.0,250000.0,11.287712379549449,7.380821783969785,7.380821783969785,7.380821783969785,0.75,1,,,0.55,sihdr_reference_heuristic,1,0,1
SIHDR_036,SIHDR_036_e08.jpg,473,125000.000000,32,1024,SDR,31,8,100,14.0,125000.0,10.287712379549449,7.380821783969785,7.380821783969785,7.380821783969785,0.75,1,,,0.55,sihdr_reference_heuristic,1,0,1
SIHDR_036,SIHDR_036_e09.jpg,474,66666.666667,32,1024,SDR,31,9,100,14.0,66666.666667,9.380821783948145,7.380821783969785,7.380821783969785,7.380821783969785,0.75,1,,,0.55,sihdr_reference_heuristic,1,0,1
SIHDR_036,SIHDR_036_e10.jpg,475,33333.333333,32,1024,SDR,31,10,100,14.0,33333.333333,8.380821783926503,7.380821783969785,7.380821783969785,7.380821783969785,0.75,1,,,0.55,sihdr_reference_heuristic,1,0,1
SIHDR_036,SIHDR_036_e11.jpg,476,16666.666667,32,1024,SDR,31,11,100,14.0,16666.666667,7.380821783969785,7.380821783969785,7.380821783969785,7.380821783969785,0.75,1,,,0.55,sihdr_reference_heuristic,1,0,1
SIHDR_036,SIHDR_036_e12.jpg,477,8000.000000,32,1024,SDR,31,12,100,14.0,8000.0,6.321928094887363,7.380821783969785,7.380821783969785,7.380821783969785,0.75,1,,,0.55,sihdr_reference_heuristic,1,0,1
SIHDR_036,SIHDR_036_e13.jpg,478,4000.000000,32,1024,SDR,31,13,100,14.0,4000.0,5.321928094887363,7.380821783969785,7.380821783969785,7.380821783969785,0.75,1,,,0.55,sihdr_reference_heuristic,1,0,1
SIHDR_036,SIHDR_036_e14.jpg,479,2000.000000,32,1024,SDR,31,14,100,14.0,2000.0,4.321928094887363,7.380821783969785,7.380821783969785,7.380821783969785,0.75,1,,,0.55,sihdr_reference_heuristic,1,0,1
SIHDR_037,SIHDR_037_e00.jpg,480,15000000.000000,32,1024,SDR,32,0,100,14.0,15000000.0,17.194602975157967,7.380821783969785,7.380821783969785,7.380821783969785,0.75,1,,,0.55,sihdr_reference_heuristic,1,0,1
SIHDR_037,SIHDR_037_e01.jpg,481,8000000.000000,32,1024,SDR,32,1,100,14.0,8000000.0,16.28771237954945,7.380821783969785,7.380821783969785,7.380821783969785,0.75,1,,,0.55,sihdr_reference_heuristic,1,0,1
SIHDR_037,SIHDR_037_e02.jpg,482,6000000.000000,32,1024,SDR,32,2,100,14.0,6000000.0,15.872674880270605,7.380821783969785,7.380821783969785,7.380821783969785,0.75,1,,,0.55,sihdr_reference_heuristic,1,0,1
SIHDR_037,SIHDR_037_e03.jpg,483,4000000.000000,32,1024,SDR,32,3,100,14.0,4000000.0,15.287712379549449,7.380821783969785,7.380821783969785,7.380821783969785,0.75,1,,,0.55,sihdr_reference_heuristic,1,0,1
SIHDR_037,SIHDR_037_e04.jpg,484,2000000.000000,32,1024,SDR,32,4,100,14.0,2000000.0,14.287712379549449,7.380821783969785,7.380821783969785,7.380821783969785,0.75,1,,,0.55,sihdr_reference_heuristic,1,0,1
SIHDR_037,SIHDR_037_e05.jpg,485,1000000.000000,32,1024,SDR,32,5,100,14.0,1000000.0,13.287712379549449,7.380821783969785,7.380821783969785,7.380821783969785,0.75,1,,,0.55,sihdr_reference_heuristic,1,0,1
SIHDR_037,SIHDR_037_e06.jpg,486,500000.000000,32,1024,SDR,32,6,100,14.0,500000.0,12.287712379549449,7.380821783969785,7.380821783969785,7.380821783969785,0.75,1,,,0.55,sihdr_reference_heuristic,1,0,1
SIHDR_037,SIHDR_037_e07.jpg,487,250000.000000,32,1024,SDR,32,7,100,14.0,250000.0,11.287712379549449,7.380821783969785,7.380821783969785,7.380821783969785,0.75,1,,,0.55,sihdr_reference_heuristic,1,0,1
SIHDR_037,SIHDR_037_e08.jpg,488,125000.000000,32,1024,SDR,32,8,100,14.0,125000.0,10.287712379549449,7.380821783969785,7.380821783969785,7.380821783969785,0.75,1,,,0.55,sihdr_reference_heuristic,1,0,1
SIHDR_037,SIHDR_037_e09.jpg,489,66666.666667,32,1024,SDR,32,9,100,14.0,66666.666667,9.380821783948145,7.380821783969785,7.380821783969785,7.380821783969785,0.75,1,,,0.55,sihdr_reference_heuristic,1,0,1
SIHDR_037,SIHDR_037_e10.jpg,490,33333.333333,32,1024,SDR,32,10,100,14.0,33333.333333,8.380821783926503,7.380821783969785,7.380821783969785,7.380821783969785,0.75,1,,,0.55,sihdr_reference_heuristic,1,0,1
SIHDR_037,SIHDR_037_e11.jpg,491,16666.666667,32,1024,SDR,32,11,100,14.0,16666.666667,7.380821783969785,7.380821783969785,7.380821783969785,7.380821783969785,0.75,1,,,0.55,sihdr_reference_heuristic,1,0,1
SIHDR_037,SIHDR_037_e12.jpg,492,8000.000000,32,1024,SDR,32,12,100,14.0,8000.0,6.321928094887363,7.380821783969785,7.380821783969785,7.380821783969785,0.75,1,,,0.55,sihdr_reference_heuristic,1,0,1
SIHDR_037,SIHDR_037_e13.jpg,493,4000.000000,32,1024,SDR,32,13,100,14.0,4000.0,5.321928094887363,7.380821783969785,7.380821783969785,7.380821783969785,0.75,1,,,0.55,sihdr_reference_heuristic,1,0,1
SIHDR_037,SIHDR_037_e14.jpg,494,2000.000000,32,1024,SDR,32,14,100,14.0,2000.0,4.321928094887363,7.380821783969785,7.380821783969785,7.380821783969785,0.75,1,,,0.55,sihdr_reference_heuristic,1,0,1
SIHDR_038,SIHDR_038_e00.jpg,495,15000000.000000,32,1024,SDR,33,0,100,14.0,15000000.0,17.194602975157967,7.380821783969785,6.321928094887363,7.380821783969785,0.75,1,,,0.55,sihdr_reference_heuristic,1,0,1
SIHDR_038,SIHDR_038_e01.jpg,496,8000000.000000,32,1024,SDR,33,1,100,14.0,8000000.0,16.28771237954945,7.380821783969785,6.321928094887363,7.380821783969785,0.75,1,,,0.55,sihdr_reference_heuristic,1,0,1
SIHDR_038,SIHDR_038_e02.jpg,497,6000000.000000,32,1024,SDR,33,2,100,14.0,6000000.0,15.872674880270605,7.380821783969785,6.321928094887363,7.380821783969785,0.75,1,,,0.55,sihdr_reference_heuristic,1,0,1
SIHDR_038,SIHDR_038_e03.jpg,498,4000000.000000,32,1024,SDR,33,3,100,14.0,4000000.0,15.287712379549449,7.380821783969785,6.321928094887363,7.380821783969785,0.75,1,,,0.55,sihdr_reference_heuristic,1,0,1
SIHDR_038,SIHDR_038_e04.jpg,499,2000000.000000,32,1024,SDR,33,4,100,14.0,2000000.0,14.287712379549449,7.380821783969785,6.321928094887363,7.380821783969785,0.75,1,,,0.55,sihdr_reference_heuristic,1,0,1
SIHDR_038,SIHDR_038_e05.jpg,500,1000000.000000,32,1024,SDR,33,5,100,14.0,1000000.0,13.287712379549449,7.380821783969785,6.321928094887363,7.380821783969785,0.75,1,,,0.55,sihdr_reference_heuristic,1,0,1
SIHDR_038,SIHDR_038_e06.jpg,501,500000.000000,32,1024,SDR,33,6,100,14.0,500000.0,12.287712379549449,7.380821783969785,6.321928094887363,7.380821783969785,0.75,1,,,0.55,sihdr_reference_heuristic,1,0,1
SIHDR_038,SIHDR_038_e07.jpg,502,250000.000000,32,1024,SDR,33,7,100,14.0,250000.0,11.287712379549449,7.380821783969785,6.321928094887363,7.380821783969785,0.75,1,,,0.55,sihdr_reference_heuristic,1,0,1
SIHDR_038,SIHDR_038_e08.jpg,503,125000.000000,32,1024,SDR,33,8,100,14.0,125000.0,10.287712379549449,7.380821783969785,6.321928094887363,7.380821783969785,0.75,1,,,0.55,sihdr_reference_heuristic,1,0,1
SIHDR_038,SIHDR_038_e09.jpg,504,66666.666667,32,1024,SDR,33,9,100,14.0,66666.666667,9.380821783948145,7.380821783969785,6.321928094887363,7.380821783969785,0.75,1,,,0.55,sihdr_reference_heuristic,1,0,1
SIHDR_038,SIHDR_038_e10.jpg,505,33333.333333,32,1024,SDR,33,10,100,14.0,33333.333333,8.380821783926503,7.380821783969785,6.321928094887363,7.380821783969785,0.75,1,,,0.55,sihdr_reference_heuristic,1,0,1
SIHDR_038,SIHDR_038_e11.jpg,506,16666.666667,32,1024,SDR,33,11,100,14.0,16666.666667,7.380821783969785,7.380821783969785,6.321928094887363,7.380821783969785,0.75,1,,,0.55,sihdr_reference_heuristic,1,0,1
SIHDR_038,SIHDR_038_e12.jpg,507,8000.000000,32,1024,SDR,33,12,100,14.0,8000.0,6.321928094887363,7.380821783969785,6.321928094887363,7.380821783969785,0.75,1,,,0.55,sihdr_reference_heuristic,1,0,1
SIHDR_038,SIHDR_038_e13.jpg,508,4000.000000,32,1024,SDR,33,13,100,14.0,4000.0,5.321928094887363,7.380821783969785,6.321928094887363,7.380821783969785,0.75,1,,,0.55,sihdr_reference_heuristic,1,0,1
SIHDR_038,SIHDR_038_e14.jpg,509,2000.000000,32,1024,SDR,33,14,100,14.0,2000.0,4.321928094887363,7.380821783969785,6.321928094887363,7.380821783969785,0.75,1,,,0.55,sihdr_reference_heuristic,1,0,1
SIHDR_039,SIHDR_039_e00.jpg,510,15000000.000000,32,1024,SDR,34,0,100,14.0,15000000.0,17.194602975157967,7.380821783969785,7.380821783969785,7.380821783969785,0.75,1,,,0.55,sihdr_reference_heuristic,1,0,1
SIHDR_039,SIHDR_039_e01.jpg,511,8000000.000000,32,1024,SDR,34,1,100,14.0,8000000.0,16.28771237954945,7.380821783969785,7.380821783969785,7.380821783969785,0.75,1,,,0.55,sihdr_reference_heuristic,1,0,1
SIHDR_039,SIHDR_039_e02.jpg,512,6000000.000000,32,1024,SDR,34,2,100,14.0,6000000.0,15.872674880270605,7.380821783969785,7.380821783969785,7.380821783969785,0.75,1,,,0.55,sihdr_reference_heuristic,1,0,1
SIHDR_039,SIHDR_039_e03.jpg,513,4000000.000000,32,1024,SDR,34,3,100,14.0,4000000.0,15.287712379549449,7.380821783969785,7.380821783969785,7.380821783969785,0.75,1,,,0.55,sihdr_reference_heuristic,1,0,1
SIHDR_039,SIHDR_039_e04.jpg,514,2000000.000000,32,1024,SDR,34,4,100,14.0,2000000.0,14.287712379549449,7.380821783969785,7.380821783969785,7.380821783969785,0.75,1,,,0.55,sihdr_reference_heuristic,1,0,1
SIHDR_039,SIHDR_039_e05.jpg,515,1000000.000000,32,1024,SDR,34,5,100,14.0,1000000.0,13.287712379549449,7.380821783969785,7.380821783969785,7.380821783969785,0.75,1,,,0.55,sihdr_reference_heuristic,1,0,1
SIHDR_039,SIHDR_039_e06.jpg,516,500000.000000,32,1024,SDR,34,6,100,14.0,500000.0,12.287712379549449,7.380821783969785,7.380821783969785,7.380821783969785,0.75,1,,,0.55,sihdr_reference_heuristic,1,0,1
SIHDR_039,SIHDR_039_e07.jpg,517,250000.000000,32,1024,SDR,34,7,100,14.0,250000.0,11.287712379549449,7.380821783969785,7.380821783969785,7.380821783969785,0.75,1,,,0.55,sihdr_reference_heuristic,1,0,1
SIHDR_039,SIHDR_039_e08.jpg,518,125000.000000,32,1024,SDR,34,8,100,14.0,125000.0,10.287712379549449,7.380821783969785,7.380821783969785,7.380821783969785,0.75,1,,,0.55,sihdr_reference_heuristic,1,0,1
SIHDR_039,SIHDR_039_e09.jpg,519,66666.666667,32,1024,SDR,34,9,100,14.0,66666.666667,9.380821783948145,7.380821783969785,7.380821783969785,7.380821783969785,0.75,1,,,0.55,sihdr_reference_heuristic,1,0,1
SIHDR_039,SIHDR_039_e10.jpg,520,33333.333333,32,1024,SDR,34,10,100,14.0,33333.333333,8.380821783926503,7.380821783969785,7.380821783969785,7.380821783969785,0.75,1,,,0.55,sihdr_reference_heuristic,1,0,1
SIHDR_039,SIHDR_039_e11.jpg,521,16666.666667,32,1024,SDR,34,11,100,14.0,16666.666667,7.380821783969785,7.380821783969785,7.380821783969785,7.380821783969785,0.75,1,,,0.55,sihdr_reference_heuristic,1,0,1
SIHDR_039,SIHDR_039_e12.jpg,522,8000.000000,32,1024,SDR,34,12,100,14.0,8000.0,6.321928094887363,7.380821783969785,7.380821783969785,7.380821783969785,0.75,1,,,0.55,sihdr_reference_heuristic,1,0,1
SIHDR_039,SIHDR_039_e13.jpg,523,4000.000000,32,1024,SDR,34,13,100,14.0,4000.0,5.321928094887363,7.380821783969785,7.380821783969785,7.380821783969785,0.75,1,,,0.55,sihdr_reference_heuristic,1,0,1
SIHDR_039,SIHDR_039_e14.jpg,524,2000.000000,32,1024,SDR,34,14,100,14.0,2000.0,4.321928094887363,7.380821783969785,7.380821783969785,7.380821783969785,0.75,1,,,0.55,sihdr_reference_heuristic,1,0,1
SIHDR_040,SIHDR_040_e00.jpg,525,15000000.000000,32,1024,SDR,35,0,100,14.0,15000000.0,17.194602975157967,7.380821783969785,7.380821783969785,7.380821783969785,0.75,1,,,0.55,sihdr_reference_heuristic,1,0,1
SIHDR_040,SIHDR_040_e01.jpg,526,8000000.000000,32,1024,SDR,35,1,100,14.0,8000000.0,16.28771237954945,7.380821783969785,7.380821783969785,7.380821783969785,0.75,1,,,0.55,sihdr_reference_heuristic,1,0,1
SIHDR_040,SIHDR_040_e02.jpg,527,6000000.000000,32,1024,SDR,35,2,100,14.0,6000000.0,15.872674880270605,7.380821783969785,7.380821783969785,7.380821783969785,0.75,1,,,0.55,sihdr_reference_heuristic,1,0,1
SIHDR_040,SIHDR_040_e03.jpg,528,4000000.000000,32,1024,SDR,35,3,100,14.0,4000000.0,15.287712379549449,7.380821783969785,7.380821783969785,7.380821783969785,0.75,1,,,0.55,sihdr_reference_heuristic,1,0,1
SIHDR_040,SIHDR_040_e04.jpg,529,2000000.000000,32,1024,SDR,35,4,100,14.0,2000000.0,14.287712379549449,7.380821783969785,7.380821783969785,7.380821783969785,0.75,1,,,0.55,sihdr_reference_heuristic,1,0,1
SIHDR_040,SIHDR_040_e05.jpg,530,1000000.000000,32,1024,SDR,35,5,100,14.0,1000000.0,13.287712379549449,7.380821783969785,7.380821783969785,7.380821783969785,0.75,1,,,0.55,sihdr_reference_heuristic,1,0,1
SIHDR_040,SIHDR_040_e06.jpg,531,500000.000000,32,1024,SDR,35,6,100,14.0,500000.0,12.287712379549449,7.380821783969785,7.380821783969785,7.380821783969785,0.75,1,,,0.55,sihdr_reference_heuristic,1,0,1
SIHDR_040,SIHDR_040_e07.jpg,532,250000.000000,32,1024,SDR,35,7,100,14.0,250000.0,11.287712379549449,7.380821783969785,7.380821783969785,7.380821783969785,0.75,1,,,0.55,sihdr_reference_heuristic,1,0,1
SIHDR_040,SIHDR_040_e08.jpg,533,125000.000000,32,1024,SDR,35,8,100,14.0,125000.0,10.287712379549449,7.380821783969785,7.380821783969785,7.380821783969785,0.75,1,,,0.55,sihdr_reference_heuristic,1,0,1
SIHDR_040,SIHDR_040_e09.jpg,534,66666.666667,32,1024,SDR,35,9,100,14.0,66666.666667,9.380821783948145,7.380821783969785,7.380821783969785,7.380821783969785,0.75,1,,,0.55,sihdr_reference_heuristic,1,0,1
SIHDR_040,SIHDR_040_e10.jpg,535,33333.333333,32,1024,SDR,35,10,100,14.0,33333.333333,8.380821783926503,7.380821783969785,7.380821783969785,7.380821783969785,0.75,1,,,0.55,sihdr_reference_heuristic,1,0,1
SIHDR_040,SIHDR_040_e11.jpg,536,16666.666667,32,1024,SDR,35,11,100,14.0,16666.666667,7.380821783969785,7.380821783969785,7.380821783969785,7.380821783969785,0.75,1,,,0.55,sihdr_reference_heuristic,1,0,1
SIHDR_040,SIHDR_040_e12.jpg,537,8000.000000,32,1024,SDR,35,12,100,14.0,8000.0,6.321928094887363,7.380821783969785,7.380821783969785,7.380821783969785,0.75,1,,,0.55,sihdr_reference_heuristic,1,0,1
SIHDR_040,SIHDR_040_e13.jpg,538,4000.000000,32,1024,SDR,35,13,100,14.0,4000.0,5.321928094887363,7.380821783969785,7.380821783969785,7.380821783969785,0.75,1,,,0.55,sihdr_reference_heuristic,1,0,1
SIHDR_040,SIHDR_040_e14.jpg,539,2000.000000,32,1024,SDR,35,14,100,14.0,2000.0,4.321928094887363,7.380821783969785,7.380821783969785,7.380821783969785,0.75,1,,,0.55,sihdr_reference_heuristic,1,0,1
SIHDR_041,SIHDR_041_e00.jpg,540,15000000.000000,32,1024,SDR,36,0,100,14.0,15000000.0,17.194602975157967,9.380821783948145,9.380821783948145,9.380821783948145,0.75,1,,,0.55,sihdr_reference_heuristic,1,0,1
SIHDR_041,SIHDR_041_e01.jpg,541,8000000.000000,32,1024,SDR,36,1,100,14.0,8000000.0,16.28771237954945,9.380821783948145,9.380821783948145,9.380821783948145,0.75,1,,,0.55,sihdr_reference_heuristic,1,0,1
SIHDR_041,SIHDR_041_e02.jpg,542,6000000.000000,32,1024,SDR,36,2,100,14.0,6000000.0,15.872674880270605,9.380821783948145,9.380821783948145,9.380821783948145,0.75,1,,,0.55,sihdr_reference_heuristic,1,0,1
SIHDR_041,SIHDR_041_e03.jpg,543,4000000.000000,32,1024,SDR,36,3,100,14.0,4000000.0,15.287712379549449,9.380821783948145,9.380821783948145,9.380821783948145,0.75,1,,,0.55,sihdr_reference_heuristic,1,0,1
SIHDR_041,SIHDR_041_e04.jpg,544,2000000.000000,32,1024,SDR,36,4,100,14.0,2000000.0,14.287712379549449,9.380821783948145,9.380821783948145,9.380821783948145,0.75,1,,,0.55,sihdr_reference_heuristic,1,0,1
SIHDR_041,SIHDR_041_e05.jpg,545,1000000.000000,32,1024,SDR,36,5,100,14.0,1000000.0,13.287712379549449,9.380821783948145,9.380821783948145,9.380821783948145,0.75,1,,,0.55,sihdr_reference_heuristic,1,0,1
SIHDR_041,SIHDR_041_e06.jpg,546,500000.000000,32,1024,SDR,36,6,100,14.0,500000.0,12.287712379549449,9.380821783948145,9.380821783948145,9.380821783948145,0.75,1,,,0.55,sihdr_reference_heuristic,1,0,1
SIHDR_041,SIHDR_041_e07.jpg,547,250000.000000,32,1024,SDR,36,7,100,14.0,250000.0,11.287712379549449,9.380821783948145,9.380821783948145,9.380821783948145,0.75,1,,,0.55,sihdr_reference_heuristic,1,0,1
SIHDR_041,SIHDR_041_e08.jpg,548,125000.000000,32,1024,SDR,36,8,100,14.0,125000.0,10.287712379549449,9.380821783948145,9.380821783948145,9.380821783948145,0.75,1,,,0.55,sihdr_reference_heuristic,1,0,1
SIHDR_041,SIHDR_041_e09.jpg,549,66666.666667,32,1024,SDR,36,9,100,14.0,66666.666667,9.380821783948145,9.380821783948145,9.380821783948145,9.380821783948145,0.75,1,,,0.55,sihdr_reference_heuristic,1,0,1
SIHDR_041,SIHDR_041_e10.jpg,550,33333.333333,32,1024,SDR,36,10,100,14.0,33333.333333,8.380821783926503,9.380821783948145,9.380821783948145,9.380821783948145,0.75,1,,,0.55,sihdr_reference_heuristic,1,0,1
SIHDR_041,SIHDR_041_e11.jpg,551,16666.666667,32,1024,SDR,36,11,100,14.0,16666.666667,7.380821783969785,9.380821783948145,9.380821783948145,9.380821783948145,0.75,1,,,0.55,sihdr_reference_heuristic,1,0,1
SIHDR_041,SIHDR_041_e12.jpg,552,8000.000000,32,1024,SDR,36,12,100,14.0,8000.0,6.321928094887363,9.380821783948145,9.380821783948145,9.380821783948145,0.75,1,,,0.55,sihdr_reference_heuristic,1,0,1
SIHDR_041,SIHDR_041_e13.jpg,553,4000.000000,32,1024,SDR,36,13,100,14.0,4000.0,5.321928094887363,9.380821783948145,9.380821783948145,9.380821783948145,0.75,1,,,0.55,sihdr_reference_heuristic,1,0,1
SIHDR_041,SIHDR_041_e14.jpg,554,2000.000000,32,1024,SDR,36,14,100,14.0,2000.0,4.321928094887363,9.380821783948145,9.380821783948145,9.380821783948145,0.75,1,,,0.55,sihdr_reference_heuristic,1,0,1
SIHDR_042,SIHDR_042_e00.jpg,555,15000000.000000,32,1024,SDR,37,0,100,14.0,15000000.0,17.194602975157967,10.287712379549449,9.380821783948145,10.287712379549449,0.75,1,,,0.55,sihdr_reference_heuristic,1,0,1
SIHDR_042,SIHDR_042_e01.jpg,556,8000000.000000,32,1024,SDR,37,1,100,14.0,8000000.0,16.28771237954945,10.287712379549449,9.380821783948145,10.287712379549449,0.75,1,,,0.55,sihdr_reference_heuristic,1,0,1
SIHDR_042,SIHDR_042_e02.jpg,557,6000000.000000,32,1024,SDR,37,2,100,14.0,6000000.0,15.872674880270605,10.287712379549449,9.380821783948145,10.287712379549449,0.75,1,,,0.55,sihdr_reference_heuristic,1,0,1
SIHDR_042,SIHDR_042_e03.jpg,558,4000000.000000,32,1024,SDR,37,3,100,14.0,4000000.0,15.287712379549449,10.287712379549449,9.380821783948145,10.287712379549449,0.75,1,,,0.55,sihdr_reference_heuristic,1,0,1
SIHDR_042,SIHDR_042_e04.jpg,559,2000000.000000,32,1024,SDR,37,4,100,14.0,2000000.0,14.287712379549449,10.287712379549449,9.380821783948145,10.287712379549449,0.75,1,,,0.55,sihdr_reference_heuristic,1,0,1
SIHDR_042,SIHDR_042_e05.jpg,560,1000000.000000,32,1024,SDR,37,5,100,14.0,1000000.0,13.287712379549449,10.287712379549449,9.380821783948145,10.287712379549449,0.75,1,,,0.55,sihdr_reference_heuristic,1,0,1
SIHDR_042,SIHDR_042_e06.jpg,561,500000.000000,32,1024,SDR,37,6,100,14.0,500000.0,12.287712379549449,10.287712379549449,9.380821783948145,10.287712379549449,0.75,1,,,0.55,sihdr_reference_heuristic,1,0,1
SIHDR_042,SIHDR_042_e07.jpg,562,250000.000000,32,1024,SDR,37,7,100,14.0,250000.0,11.287712379549449,10.287712379549449,9.380821783948145,10.287712379549449,0.75,1,,,0.55,sihdr_reference_heuristic,1,0,1
SIHDR_042,SIHDR_042_e08.jpg,563,125000.000000,32,1024,SDR,37,8,100,14.0,125000.0,10.287712379549449,10.287712379549449,9.380821783948145,10.287712379549449,0.75,1,,,0.55,sihdr_reference_heuristic,1,0,1
SIHDR_042,SIHDR_042_e09.jpg,564,66666.666667,32,1024,SDR,37,9,100,14.0,66666.666667,9.380821783948145,10.287712379549449,9.380821783948145,10.287712379549449,0.75,1,,,0.55,sihdr_reference_heuristic,1,0,1
SIHDR_042,SIHDR_042_e10.jpg,565,33333.333333,32,1024,SDR,37,10,100,14.0,33333.333333,8.380821783926503,10.287712379549449,9.380821783948145,10.287712379549449,0.75,1,,,0.55,sihdr_reference_heuristic,1,0,1
SIHDR_042,SIHDR_042_e11.jpg,566,16666.666667,32,1024,SDR,37,11,100,14.0,16666.666667,7.380821783969785,10.287712379549449,9.380821783948145,10.287712379549449,0.75,1,,,0.55,sihdr_reference_heuristic,1,0,1
SIHDR_042,SIHDR_042_e12.jpg,567,8000.000000,32,1024,SDR,37,12,100,14.0,8000.0,6.321928094887363,10.287712379549449,9.380821783948145,10.287712379549449,0.75,1,,,0.55,sihdr_reference_heuristic,1,0,1
SIHDR_042,SIHDR_042_e13.jpg,568,4000.000000,32,1024,SDR,37,13,100,14.0,4000.0,5.321928094887363,10.287712379549449,9.380821783948145,10.287712379549449,0.75,1,,,0.55,sihdr_reference_heuristic,1,0,1
SIHDR_042,SIHDR_042_e14.jpg,569,2000.000000,32,1024,SDR,37,14,100,14.0,2000.0,4.321928094887363,10.287712379549449,9.380821783948145,10.287712379549449,0.75,1,,,0.55,sihdr_reference_heuristic,1,0,1
SIHDR_043,SIHDR_043_e00.jpg,570,15000000.000000,32,1024,SDR,38,0,100,14.0,15000000.0,17.194602975157967,11.287712379549449,10.287712379549449,11.287712379549449,0.75,1,,,0.55,sihdr_reference_heuristic,1,0,1
SIHDR_043,SIHDR_043_e01.jpg,571,8000000.000000,32,1024,SDR,38,1,100,14.0,8000000.0,16.28771237954945,11.287712379549449,10.287712379549449,11.287712379549449,0.75,1,,,0.55,sihdr_reference_heuristic,1,0,1
SIHDR_043,SIHDR_043_e02.jpg,572,6000000.000000,32,1024,SDR,38,2,100,14.0,6000000.0,15.872674880270605,11.287712379549449,10.287712379549449,11.287712379549449,0.75,1,,,0.55,sihdr_reference_heuristic,1,0,1
SIHDR_043,SIHDR_043_e03.jpg,573,4000000.000000,32,1024,SDR,38,3,100,14.0,4000000.0,15.287712379549449,11.287712379549449,10.287712379549449,11.287712379549449,0.75,1,,,0.55,sihdr_reference_heuristic,1,0,1
SIHDR_043,SIHDR_043_e04.jpg,574,2000000.000000,32,1024,SDR,38,4,100,14.0,2000000.0,14.287712379549449,11.287712379549449,10.287712379549449,11.287712379549449,0.75,1,,,0.55,sihdr_reference_heuristic,1,0,1
SIHDR_043,SIHDR_043_e05.jpg,575,1000000.000000,32,1024,SDR,38,5,100,14.0,1000000.0,13.287712379549449,11.287712379549449,10.287712379549449,11.287712379549449,0.75,1,,,0.55,sihdr_reference_heuristic,1,0,1
SIHDR_043,SIHDR_043_e06.jpg,576,500000.000000,32,1024,SDR,38,6,100,14.0,500000.0,12.287712379549449,11.287712379549449,10.287712379549449,11.287712379549449,0.75,1,,,0.55,sihdr_reference_heuristic,1,0,1
SIHDR_043,SIHDR_043_e07.jpg,577,250000.000000,32,1024,SDR,38,7,100,14.0,250000.0,11.287712379549449,11.287712379549449,10.287712379549449,11.287712379549449,0.75,1,,,0.55,sihdr_reference_heuristic,1,0,1
SIHDR_043,SIHDR_043_e08.jpg,578,125000.000000,32,1024,SDR,38,8,100,14.0,125000.0,10.287712379549449,11.287712379549449,10.287712379549449,11.287712379549449,0.75,1,,,0.55,sihdr_reference_heuristic,1,0,1
SIHDR_043,SIHDR_043_e09.jpg,579,66666.666667,32,1024,SDR,38,9,100,14.0,66666.666667,9.380821783948145,11.287712379549449,10.287712379549449,11.287712379549449,0.75,1,,,0.55,sihdr_reference_heuristic,1,0,1
SIHDR_043,SIHDR_043_e10.jpg,580,33333.333333,32,1024,SDR,38,10,100,14.0,33333.333333,8.380821783926503,11.287712379549449,10.287712379549449,11.287712379549449,0.75,1,,,0.55,sihdr_reference_heuristic,1,0,1
SIHDR_043,SIHDR_043_e11.jpg,581,16666.666667,32,1024,SDR,38,11,100,14.0,16666.666667,7.380821783969785,11.287712379549449,10.287712379549449,11.287712379549449,0.75,1,,,0.55,sihdr_reference_heuristic,1,0,1
SIHDR_043,SIHDR_043_e12.jpg,582,8000.000000,32,1024,SDR,38,12,100,14.0,8000.0,6.321928094887363,11.287712379549449,10.287712379549449,11.287712379549449,0.75,1,,,0.55,sihdr_reference_heuristic,1,0,1
SIHDR_043,SIHDR_043_e13.jpg,583,4000.000000,32,1024,SDR,38,13,100,14.0,4000.0,5.321928094887363,11.287712379549449,10.287712379549449,11.287712379549449,0.75,1,,,0.55,sihdr_reference_heuristic,1,0,1
SIHDR_043,SIHDR_043_e14.jpg,584,2000.000000,32,1024,SDR,38,14,100,14.0,2000.0,4.321928094887363,11.287712379549449,10.287712379549449,11.287712379549449,0.75,1,,,0.55,sihdr_reference_heuristic,1,0,1
SIHDR_044,SIHDR_044_e00.jpg,585,15000000.000000,32,1024,SDR,39,0,100,14.0,15000000.0,17.194602975157967,9.380821783948145,8.380821783926503,9.380821783948145,0.75,1,,,0.55,sihdr_reference_heuristic,1,0,1
SIHDR_044,SIHDR_044_e01.jpg,586,8000000.000000,32,1024,SDR,39,1,100,14.0,8000000.0,16.28771237954945,9.380821783948145,8.380821783926503,9.380821783948145,0.75,1,,,0.55,sihdr_reference_heuristic,1,0,1
SIHDR_044,SIHDR_044_e02.jpg,587,6000000.000000,32,1024,SDR,39,2,100,14.0,6000000.0,15.872674880270605,9.380821783948145,8.380821783926503,9.380821783948145,0.75,1,,,0.55,sihdr_reference_heuristic,1,0,1
SIHDR_044,SIHDR_044_e03.jpg,588,4000000.000000,32,1024,SDR,39,3,100,14.0,4000000.0,15.287712379549449,9.380821783948145,8.380821783926503,9.380821783948145,0.75,1,,,0.55,sihdr_reference_heuristic,1,0,1
SIHDR_044,SIHDR_044_e04.jpg,589,2000000.000000,32,1024,SDR,39,4,100,14.0,2000000.0,14.287712379549449,9.380821783948145,8.380821783926503,9.380821783948145,0.75,1,,,0.55,sihdr_reference_heuristic,1,0,1
SIHDR_044,SIHDR_044_e05.jpg,590,1000000.000000,32,1024,SDR,39,5,100,14.0,1000000.0,13.287712379549449,9.380821783948145,8.380821783926503,9.380821783948145,0.75,1,,,0.55,sihdr_reference_heuristic,1,0,1
SIHDR_044,SIHDR_044_e06.jpg,591,500000.000000,32,1024,SDR,39,6,100,14.0,500000.0,12.287712379549449,9.380821783948145,8.380821783926503,9.380821783948145,0.75,1,,,0.55,sihdr_reference_heuristic,1,0,1
SIHDR_044,SIHDR_044_e07.jpg,592,250000.000000,32,1024,SDR,39,7,100,14.0,250000.0,11.287712379549449,9.380821783948145,8.380821783926503,9.380821783948145,0.75,1,,,0.55,sihdr_reference_heuristic,1,0,1
SIHDR_044,SIHDR_044_e08.jpg,593,125000.000000,32,1024,SDR,39,8,100,14.0,125000.0,10.287712379549449,9.380821783948145,8.380821783926503,9.380821783948145,0.75,1,,,0.55,sihdr_reference_heuristic,1,0,1
SIHDR_044,SIHDR_044_e09.jpg,594,66666.666667,32,1024,SDR,39,9,100,14.0,66666.666667,9.380821783948145,9.380821783948145,8.380821783926503,9.380821783948145,0.75,1,,,0.55,sihdr_reference_heuristic,1,0,1
SIHDR_044,SIHDR_044_e10.jpg,595,33333.333333,32,1024,SDR,39,10,100,14.0,33333.333333,8.380821783926503,9.380821783948145,8.380821783926503,9.380821783948145,0.75,1,,,0.55,sihdr_reference_heuristic,1,0,1
SIHDR_044,SIHDR_044_e11.jpg,596,16666.666667,32,1024,SDR,39,11,100,14.0,16666.666667,7.380821783969785,9.380821783948145,8.380821783926503,9.380821783948145,0.75,1,,,0.55,sihdr_reference_heuristic,1,0,1
SIHDR_044,SIHDR_044_e12.jpg,597,8000.000000,32,1024,SDR,39,12,100,14.0,8000.0,6.321928094887363,9.380821783948145,8.380821783926503,9.380821783948145,0.75,1,,,0.55,sihdr_reference_heuristic,1,0,1
SIHDR_044,SIHDR_044_e13.jpg,598,4000.000000,32,1024,SDR,39,13,100,14.0,4000.0,5.321928094887363,9.380821783948145,8.380821783926503,9.380821783948145,0.75,1,,,0.55,sihdr_reference_heuristic,1,0,1
SIHDR_044,SIHDR_044_e14.jpg,599,2000.000000,32,1024,SDR,39,14,100,14.0,2000.0,4.321928094887363,9.380821783948145,8.380821783926503,9.380821783948145,0.75,1,,,0.55,sihdr_reference_heuristic,1,0,1
SIHDR_045,SIHDR_045_e00.jpg,600,15000000.000000,32,1024,SDR,40,0,100,14.0,15000000.0,17.194602975157967,7.380821783969785,6.321928094887363,7.380821783969785,0.75,1,,,0.55,sihdr_reference_heuristic,1,0,1
SIHDR_045,SIHDR_045_e01.jpg,601,8000000.000000,32,1024,SDR,40,1,100,14.0,8000000.0,16.28771237954945,7.380821783969785,6.321928094887363,7.380821783969785,0.75,1,,,0.55,sihdr_reference_heuristic,1,0,1
SIHDR_045,SIHDR_045_e02.jpg,602,6000000.000000,32,1024,SDR,40,2,100,14.0,6000000.0,15.872674880270605,7.380821783969785,6.321928094887363,7.380821783969785,0.75,1,,,0.55,sihdr_reference_heuristic,1,0,1
SIHDR_045,SIHDR_045_e03.jpg,603,4000000.000000,32,1024,SDR,40,3,100,14.0,4000000.0,15.287712379549449,7.380821783969785,6.321928094887363,7.380821783969785,0.75,1,,,0.55,sihdr_reference_heuristic,1,0,1
SIHDR_045,SIHDR_045_e04.jpg,604,2000000.000000,32,1024,SDR,40,4,100,14.0,2000000.0,14.287712379549449,7.380821783969785,6.321928094887363,7.380821783969785,0.75,1,,,0.55,sihdr_reference_heuristic,1,0,1
SIHDR_045,SIHDR_045_e05.jpg,605,1000000.000000,32,1024,SDR,40,5,100,14.0,1000000.0,13.287712379549449,7.380821783969785,6.321928094887363,7.380821783969785,0.75,1,,,0.55,sihdr_reference_heuristic,1,0,1
SIHDR_045,SIHDR_045_e06.jpg,606,500000.000000,32,1024,SDR,40,6,100,14.0,500000.0,12.287712379549449,7.380821783969785,6.321928094887363,7.380821783969785,0.75,1,,,0.55,sihdr_reference_heuristic,1,0,1
SIHDR_045,SIHDR_045_e07.jpg,607,250000.000000,32,1024,SDR,40,7,100,14.0,250000.0,11.287712379549449,7.380821783969785,6.321928094887363,7.380821783969785,0.75,1,,,0.55,sihdr_reference_heuristic,1,0,1
SIHDR_045,SIHDR_045_e08.jpg,608,125000.000000,32,1024,SDR,40,8,100,14.0,125000.0,10.287712379549449,7.380821783969785,6.321928094887363,7.380821783969785,0.75,1,,,0.55,sihdr_reference_heuristic,1,0,1
SIHDR_045,SIHDR_045_e09.jpg,609,66666.666667,32,1024,SDR,40,9,100,14.0,66666.666667,9.380821783948145,7.380821783969785,6.321928094887363,7.380821783969785,0.75,1,,,0.55,sihdr_reference_heuristic,1,0,1
SIHDR_045,SIHDR_045_e10.jpg,610,33333.333333,32,1024,SDR,40,10,100,14.0,33333.333333,8.380821783926503,7.380821783969785,6.321928094887363,7.380821783969785,0.75,1,,,0.55,sihdr_reference_heuristic,1,0,1
SIHDR_045,SIHDR_045_e11.jpg,611,16666.666667,32,1024,SDR,40,11,100,14.0,16666.666667,7.380821783969785,7.380821783969785,6.321928094887363,7.380821783969785,0.75,1,,,0.55,sihdr_reference_heuristic,1,0,1
SIHDR_045,SIHDR_045_e12.jpg,612,8000.000000,32,1024,SDR,40,12,100,14.0,8000.0,6.321928094887363,7.380821783969785,6.321928094887363,7.380821783969785,0.75,1,,,0.55,sihdr_reference_heuristic,1,0,1
SIHDR_045,SIHDR_045_e13.jpg,613,4000.000000,32,1024,SDR,40,13,100,14.0,4000.0,5.321928094887363,7.380821783969785,6.321928094887363,7.380821783969785,0.75,1,,,0.55,sihdr_reference_heuristic,1,0,1
SIHDR_045,SIHDR_045_e14.jpg,614,2000.000000,32,1024,SDR,40,14,100,14.0,2000.0,4.321928094887363,7.380821783969785,6.321928094887363,7.380821783969785,0.75,1,,,0.55,sihdr_reference_heuristic,1,0,1
SIHDR_046,SIHDR_046_e00.jpg,615,15000000.000000,32,1024,SDR,41,0,100,14.0,15000000.0,17.194602975157967,5.321928094887363,4.321928094887363,6.321928094887363,0.75,1,,,0.55,sihdr_reference_heuristic,1,0,1
SIHDR_046,SIHDR_046_e01.jpg,616,8000000.000000,32,1024,SDR,41,1,100,14.0,8000000.0,16.28771237954945,5.321928094887363,4.321928094887363,6.321928094887363,0.75,1,,,0.55,sihdr_reference_heuristic,1,0,1
SIHDR_046,SIHDR_046_e02.jpg,617,6000000.000000,32,1024,SDR,41,2,100,14.0,6000000.0,15.872674880270605,5.321928094887363,4.321928094887363,6.321928094887363,0.75,1,,,0.55,sihdr_reference_heuristic,1,0,1
SIHDR_046,SIHDR_046_e03.jpg,618,4000000.000000,32,1024,SDR,41,3,100,14.0,4000000.0,15.287712379549449,5.321928094887363,4.321928094887363,6.321928094887363,0.75,1,,,0.55,sihdr_reference_heuristic,1,0,1
SIHDR_046,SIHDR_046_e04.jpg,619,2000000.000000,32,1024,SDR,41,4,100,14.0,2000000.0,14.287712379549449,5.321928094887363,4.321928094887363,6.321928094887363,0.75,1,,,0.55,sihdr_reference_heuristic,1,0,1
SIHDR_046,SIHDR_046_e05.jpg,620,1000000.000000,32,1024,SDR,41,5,100,14.0,1000000.0,13.287712379549449,5.321928094887363,4.321928094887363,6.321928094887363,0.75,1,,,0.55,sihdr_reference_heuristic,1,0,1
SIHDR_046,SIHDR_046_e06.jpg,621,500000.000000,32,1024,SDR,41,6,100,14.0,500000.0,12.287712379549449,5.321928094887363,4.321928094887363,6.321928094887363,0.75,1,,,0.55,sihdr_reference_heuristic,1,0,1
SIHDR_046,SIHDR_046_e07.jpg,622,250000.000000,32,1024,SDR,41,7,100,14.0,250000.0,11.287712379549449,5.321928094887363,4.321928094887363,6.321928094887363,0.75,1,,,0.55,sihdr_reference_heuristic,1,0,1
SIHDR_046,SIHDR_046_e08.jpg,623,125000.000000,32,1024,SDR,41,8,100,14.0,125000.0,10.287712379549449,5.321928094887363,4.321928094887363,6.321928094887363,0.75,1,,,0.55,sihdr_reference_heuristic,1,0,1
SIHDR_046,SIHDR_046_e09.jpg,624,66666.666667,32,1024,SDR,41,9,100,14.0,66666.666667,9.380821783948145,5.321928094887363,4.321928094887363,6.321928094887363,0.75,1,,,0.55,sihdr_reference_heuristic,1,0,1
SIHDR_046,SIHDR_046_e10.jpg,625,33333.333333,32,1024,SDR,41,10,100,14.0,33333.333333,8.380821783926503,5.321928094887363,4.321928094887363,6.321928094887363,0.75,1,,,0.55,sihdr_reference_heuristic,1,0,1
SIHDR_046,SIHDR_046_e11.jpg,626,16666.666667,32,1024,SDR,41,11,100,14.0,16666.666667,7.380821783969785,5.321928094887363,4.321928094887363,6.321928094887363,0.75,1,,,0.55,sihdr_reference_heuristic,1,0,1
SIHDR_046,SIHDR_046_e12.jpg,627,8000.000000,32,1024,SDR,41,12,100,14.0,8000.0,6.321928094887363,5.321928094887363,4.321928094887363,6.321928094887363,0.75,1,,,0.55,sihdr_reference_heuristic,1,0,1
SIHDR_046,SIHDR_046_e13.jpg,628,4000.000000,32,1024,SDR,41,13,100,14.0,4000.0,5.321928094887363,5.321928094887363,4.321928094887363,6.321928094887363,0.75,1,,,0.55,sihdr_reference_heuristic,1,0,1
SIHDR_046,SIHDR_046_e14.jpg,629,2000.000000,32,1024,SDR,41,14,100,14.0,2000.0,4.321928094887363,5.321928094887363,4.321928094887363,6.321928094887363,0.75,1,,,0.55,sihdr_reference_heuristic,1,0,1
SIHDR_047,SIHDR_047_e00.jpg,630,15000000.000000,32,1024,SDR,42,0,100,14.0,15000000.0,17.194602975157967,9.380821783948145,9.380821783948145,9.380821783948145,0.75,1,,,0.55,sihdr_reference_heuristic,1,0,1
SIHDR_047,SIHDR_047_e01.jpg,631,8000000.000000,32,1024,SDR,42,1,100,14.0,8000000.0,16.28771237954945,9.380821783948145,9.380821783948145,9.380821783948145,0.75,1,,,0.55,sihdr_reference_heuristic,1,0,1
SIHDR_047,SIHDR_047_e02.jpg,632,6000000.000000,32,1024,SDR,42,2,100,14.0,6000000.0,15.872674880270605,9.380821783948145,9.380821783948145,9.380821783948145,0.75,1,,,0.55,sihdr_reference_heuristic,1,0,1
SIHDR_047,SIHDR_047_e03.jpg,633,4000000.000000,32,1024,SDR,42,3,100,14.0,4000000.0,15.287712379549449,9.380821783948145,9.380821783948145,9.380821783948145,0.75,1,,,0.55,sihdr_reference_heuristic,1,0,1
SIHDR_047,SIHDR_047_e04.jpg,634,2000000.000000,32,1024,SDR,42,4,100,14.0,2000000.0,14.287712379549449,9.380821783948145,9.380821783948145,9.380821783948145,0.75,1,,,0.55,sihdr_reference_heuristic,1,0,1
SIHDR_047,SIHDR_047_e05.jpg,635,1000000.000000,32,1024,SDR,42,5,100,14.0,1000000.0,13.287712379549449,9.380821783948145,9.380821783948145,9.380821783948145,0.75,1,,,0.55,sihdr_reference_heuristic,1,0,1
SIHDR_047,SIHDR_047_e06.jpg,636,500000.000000,32,1024,SDR,42,6,100,14.0,500000.0,12.287712379549449,9.380821783948145,9.380821783948145,9.380821783948145,0.75,1,,,0.55,sihdr_reference_heuristic,1,0,1
SIHDR_047,SIHDR_047_e07.jpg,637,250000.000000,32,1024,SDR,42,7,100,14.0,250000.0,11.287712379549449,9.380821783948145,9.380821783948145,9.380821783948145,0.75,1,,,0.55,sihdr_reference_heuristic,1,0,1
SIHDR_047,SIHDR_047_e08.jpg,638,125000.000000,32,1024,SDR,42,8,100,14.0,125000.0,10.287712379549449,9.380821783948145,9.380821783948145,9.380821783948145,0.75,1,,,0.55,sihdr_reference_heuristic,1,0,1
SIHDR_047,SIHDR_047_e09.jpg,639,66666.666667,32,1024,SDR,42,9,100,14.0,66666.666667,9.380821783948145,9.380821783948145,9.380821783948145,9.380821783948145,0.75,1,,,0.55,sihdr_reference_heuristic,1,0,1
SIHDR_047,SIHDR_047_e10.jpg,640,33333.333333,32,1024,SDR,42,10,100,14.0,33333.333333,8.380821783926503,9.380821783948145,9.380821783948145,9.380821783948145,0.75,1,,,0.55,sihdr_reference_heuristic,1,0,1
SIHDR_047,SIHDR_047_e11.jpg,641,16666.666667,32,1024,SDR,42,11,100,14.0,16666.666667,7.380821783969785,9.380821783948145,9.380821783948145,9.380821783948145,0.75,1,,,0.55,sihdr_reference_heuristic,1,0,1
SIHDR_047,SIHDR_047_e12.jpg,642,8000.000000,32,1024,SDR,42,12,100,14.0,8000.0,6.321928094887363,9.380821783948145,9.380821783948145,9.380821783948145,0.75,1,,,0.55,sihdr_reference_heuristic,1,0,1
SIHDR_047,SIHDR_047_e13.jpg,643,4000.000000,32,1024,SDR,42,13,100,14.0,4000.0,5.321928094887363,9.380821783948145,9.380821783948145,9.380821783948145,0.75,1,,,0.55,sihdr_reference_heuristic,1,0,1
SIHDR_047,SIHDR_047_e14.jpg,644,2000.000000,32,1024,SDR,42,14,100,14.0,2000.0,4.321928094887363,9.380821783948145,9.380821783948145,9.380821783948145,0.75,1,,,0.55,sihdr_reference_heuristic,1,0,1
SIHDR_049,SIHDR_049_e00.jpg,645,15000000.000000,32,1024,SDR,43,0,100,14.0,15000000.0,17.194602975157967,11.287712379549449,11.287712379549449,11.287712379549449,0.5,,,,0.55,sihdr_reference_heuristic,0,0,1
SIHDR_049,SIHDR_049_e01.jpg,646,8000000.000000,32,1024,SDR,43,1,100,14.0,8000000.0,16.28771237954945,11.287712379549449,11.287712379549449,11.287712379549449,0.5,,,,0.55,sihdr_reference_heuristic,0,0,1
SIHDR_049,SIHDR_049_e02.jpg,647,6000000.000000,32,1024,SDR,43,2,100,14.0,6000000.0,15.872674880270605,11.287712379549449,11.287712379549449,11.287712379549449,0.5,,,,0.55,sihdr_reference_heuristic,0,0,1
SIHDR_049,SIHDR_049_e03.jpg,648,4000000.000000,32,1024,SDR,43,3,100,14.0,4000000.0,15.287712379549449,11.287712379549449,11.287712379549449,11.287712379549449,0.5,,,,0.55,sihdr_reference_heuristic,0,0,1
SIHDR_049,SIHDR_049_e04.jpg,649,2000000.000000,32,1024,SDR,43,4,100,14.0,2000000.0,14.287712379549449,11.287712379549449,11.287712379549449,11.287712379549449,0.5,,,,0.55,sihdr_reference_heuristic,0,0,1
SIHDR_049,SIHDR_049_e05.jpg,650,1000000.000000,32,1024,SDR,43,5,100,14.0,1000000.0,13.287712379549449,11.287712379549449,11.287712379549449,11.287712379549449,0.5,,,,0.55,sihdr_reference_heuristic,0,0,1
SIHDR_049,SIHDR_049_e06.jpg,651,500000.000000,32,1024,SDR,43,6,100,14.0,500000.0,12.287712379549449,11.287712379549449,11.287712379549449,11.287712379549449,0.5,,,,0.55,sihdr_reference_heuristic,0,0,1
SIHDR_049,SIHDR_049_e07.jpg,652,250000.000000,32,1024,SDR,43,7,100,14.0,250000.0,11.287712379549449,11.287712379549449,11.287712379549449,11.287712379549449,0.5,,,,0.55,sihdr_reference_heuristic,0,0,1
SIHDR_049,SIHDR_049_e08.jpg,653,125000.000000,32,1024,SDR,43,8,100,14.0,125000.0,10.287712379549449,11.287712379549449,11.287712379549449,11.287712379549449,0.5,,,,0.55,sihdr_reference_heuristic,0,0,1
SIHDR_049,SIHDR_049_e09.jpg,654,66666.666667,32,1024,SDR,43,9,100,14.0,66666.666667,9.380821783948145,11.287712379549449,11.287712379549449,11.287712379549449,0.5,,,,0.55,sihdr_reference_heuristic,0,0,1
SIHDR_049,SIHDR_049_e10.jpg,655,33333.333333,32,1024,SDR,43,10,100,14.0,33333.333333,8.380821783926503,11.287712379549449,11.287712379549449,11.287712379549449,0.5,,,,0.55,sihdr_reference_heuristic,0,0,1
SIHDR_049,SIHDR_049_e11.jpg,656,16666.666667,32,1024,SDR,43,11,100,14.0,16666.666667,7.380821783969785,11.287712379549449,11.287712379549449,11.287712379549449,0.5,,,,0.55,sihdr_reference_heuristic,0,0,1
SIHDR_049,SIHDR_049_e12.jpg,657,8000.000000,32,1024,SDR,43,12,100,14.0,8000.0,6.321928094887363,11.287712379549449,11.287712379549449,11.287712379549449,0.5,,,,0.55,sihdr_reference_heuristic,0,0,1
SIHDR_049,SIHDR_049_e13.jpg,658,4000.000000,32,1024,SDR,43,13,100,14.0,4000.0,5.321928094887363,11.287712379549449,11.287712379549449,11.287712379549449,0.5,,,,0.55,sihdr_reference_heuristic,0,0,1
SIHDR_049,SIHDR_049_e14.jpg,659,2000.000000,32,1024,SDR,43,14,100,14.0,2000.0,4.321928094887363,11.287712379549449,11.287712379549449,11.287712379549449,0.5,,,,0.55,sihdr_reference_heuristic,0,0,1
SIHDR_050,SIHDR_050_e00.jpg,660,15000000.000000,32,1024,SDR,44,0,100,14.0,15000000.0,17.194602975157967,13.287712379549449,12.287712379549449,13.287712379549449,0.5,,,,0.55,sihdr_reference_heuristic,0,0,1
SIHDR_050,SIHDR_050_e01.jpg,661,8000000.000000,32,1024,SDR,44,1,100,14.0,8000000.0,16.28771237954945,13.287712379549449,12.287712379549449,13.287712379549449,0.5,,,,0.55,sihdr_reference_heuristic,0,0,1
SIHDR_050,SIHDR_050_e02.jpg,662,6000000.000000,32,1024,SDR,44,2,100,14.0,6000000.0,15.872674880270605,13.287712379549449,12.287712379549449,13.287712379549449,0.5,,,,0.55,sihdr_reference_heuristic,0,0,1
SIHDR_050,SIHDR_050_e03.jpg,663,4000000.000000,32,1024,SDR,44,3,100,14.0,4000000.0,15.287712379549449,13.287712379549449,12.287712379549449,13.287712379549449,0.5,,,,0.55,sihdr_reference_heuristic,0,0,1
SIHDR_050,SIHDR_050_e04.jpg,664,2000000.000000,32,1024,SDR,44,4,100,14.0,2000000.0,14.287712379549449,13.287712379549449,12.287712379549449,13.287712379549449,0.5,,,,0.55,sihdr_reference_heuristic,0,0,1
SIHDR_050,SIHDR_050_e05.jpg,665,1000000.000000,32,1024,SDR,44,5,100,14.0,1000000.0,13.287712379549449,13.287712379549449,12.287712379549449,13.287712379549449,0.5,,,,0.55,sihdr_reference_heuristic,0,0,1
SIHDR_050,SIHDR_050_e06.jpg,666,500000.000000,32,1024,SDR,44,6,100,14.0,500000.0,12.287712379549449,13.287712379549449,12.287712379549449,13.287712379549449,0.5,,,,0.55,sihdr_reference_heuristic,0,0,1
SIHDR_050,SIHDR_050_e07.jpg,667,250000.000000,32,1024,SDR,44,7,100,14.0,250000.0,11.287712379549449,13.287712379549449,12.287712379549449,13.287712379549449,0.5,,,,0.55,sihdr_reference_heuristic,0,0,1
SIHDR_050,SIHDR_050_e08.jpg,668,125000.000000,32,1024,SDR,44,8,100,14.0,125000.0,10.287712379549449,13.287712379549449,12.287712379549449,13.287712379549449,0.5,,,,0.55,sihdr_reference_heuristic,0,0,1
SIHDR_050,SIHDR_050_e09.jpg,669,66666.666667,32,1024,SDR,44,9,100,14.0,66666.666667,9.380821783948145,13.287712379549449,12.287712379549449,13.287712379549449,0.5,,,,0.55,sihdr_reference_heuristic,0,0,1
SIHDR_050,SIHDR_050_e10.jpg,670,33333.333333,32,1024,SDR,44,10,100,14.0,33333.333333,8.380821783926503,13.287712379549449,12.287712379549449,13.287712379549449,0.5,,,,0.55,sihdr_reference_heuristic,0,0,1
SIHDR_050,SIHDR_050_e11.jpg,671,16666.666667,32,1024,SDR,44,11,100,14.0,16666.666667,7.380821783969785,13.287712379549449,12.287712379549449,13.287712379549449,0.5,,,,0.55,sihdr_reference_heuristic,0,0,1
SIHDR_050,SIHDR_050_e12.jpg,672,8000.000000,32,1024,SDR,44,12,100,14.0,8000.0,6.321928094887363,13.287712379549449,12.287712379549449,13.287712379549449,0.5,,,,0.55,sihdr_reference_heuristic,0,0,1
SIHDR_050,SIHDR_050_e13.jpg,673,4000.000000,32,1024,SDR,44,13,100,14.0,4000.0,5.321928094887363,13.287712379549449,12.287712379549449,13.287712379549449,0.5,,,,0.55,sihdr_reference_heuristic,0,0,1
SIHDR_050,SIHDR_050_e14.jpg,674,2000.000000,32,1024,SDR,44,14,100,14.0,2000.0,4.321928094887363,13.287712379549449,12.287712379549449,13.287712379549449,0.5,,,,0.55,sihdr_reference_heuristic,0,0,1
SIHDR_051,SIHDR_051_e00.jpg,675,15000000.000000,32,1024,SDR,45,0,100,14.0,15000000.0,17.194602975157967,11.287712379549449,9.380821783948145,11.287712379549449,0.75,1,,,0.55,sihdr_reference_heuristic,1,0,1
SIHDR_051,SIHDR_051_e01.jpg,676,8000000.000000,32,1024,SDR,45,1,100,14.0,8000000.0,16.28771237954945,11.287712379549449,9.380821783948145,11.287712379549449,0.75,1,,,0.55,sihdr_reference_heuristic,1,0,1
SIHDR_051,SIHDR_051_e02.jpg,677,6000000.000000,32,1024,SDR,45,2,100,14.0,6000000.0,15.872674880270605,11.287712379549449,9.380821783948145,11.287712379549449,0.75,1,,,0.55,sihdr_reference_heuristic,1,0,1
SIHDR_051,SIHDR_051_e03.jpg,678,4000000.000000,32,1024,SDR,45,3,100,14.0,4000000.0,15.287712379549449,11.287712379549449,9.380821783948145,11.287712379549449,0.75,1,,,0.55,sihdr_reference_heuristic,1,0,1
SIHDR_051,SIHDR_051_e04.jpg,679,2000000.000000,32,1024,SDR,45,4,100,14.0,2000000.0,14.287712379549449,11.287712379549449,9.380821783948145,11.287712379549449,0.75,1,,,0.55,sihdr_reference_heuristic,1,0,1
SIHDR_051,SIHDR_051_e05.jpg,680,1000000.000000,32,1024,SDR,45,5,100,14.0,1000000.0,13.287712379549449,11.287712379549449,9.380821783948145,11.287712379549449,0.75,1,,,0.55,sihdr_reference_heuristic,1,0,1
SIHDR_051,SIHDR_051_e06.jpg,681,500000.000000,32,1024,SDR,45,6,100,14.0,500000.0,12.287712379549449,11.287712379549449,9.380821783948145,11.287712379549449,0.75,1,,,0.55,sihdr_reference_heuristic,1,0,1
SIHDR_051,SIHDR_051_e07.jpg,682,250000.000000,32,1024,SDR,45,7,100,14.0,250000.0,11.287712379549449,11.287712379549449,9.380821783948145,11.287712379549449,0.75,1,,,0.55,sihdr_reference_heuristic,1,0,1
SIHDR_051,SIHDR_051_e08.jpg,683,125000.000000,32,1024,SDR,45,8,100,14.0,125000.0,10.287712379549449,11.287712379549449,9.380821783948145,11.287712379549449,0.75,1,,,0.55,sihdr_reference_heuristic,1,0,1
SIHDR_051,SIHDR_051_e09.jpg,684,66666.666667,32,1024,SDR,45,9,100,14.0,66666.666667,9.380821783948145,11.287712379549449,9.380821783948145,11.287712379549449,0.75,1,,,0.55,sihdr_reference_heuristic,1,0,1
SIHDR_051,SIHDR_051_e10.jpg,685,33333.333333,32,1024,SDR,45,10,100,14.0,33333.333333,8.380821783926503,11.287712379549449,9.380821783948145,11.287712379549449,0.75,1,,,0.55,sihdr_reference_heuristic,1,0,1
SIHDR_051,SIHDR_051_e11.jpg,686,16666.666667,32,1024,SDR,45,11,100,14.0,16666.666667,7.380821783969785,11.287712379549449,9.380821783948145,11.287712379549449,0.75,1,,,0.55,sihdr_reference_heuristic,1,0,1
SIHDR_051,SIHDR_051_e12.jpg,687,8000.000000,32,1024,SDR,45,12,100,14.0,8000.0,6.321928094887363,11.287712379549449,9.380821783948145,11.287712379549449,0.75,1,,,0.55,sihdr_reference_heuristic,1,0,1
SIHDR_051,SIHDR_051_e13.jpg,688,4000.000000,32,1024,SDR,45,13,100,14.0,4000.0,5.321928094887363,11.287712379549449,9.380821783948145,11.287712379549449,0.75,1,,,0.55,sihdr_reference_heuristic,1,0,1
SIHDR_051,SIHDR_051_e14.jpg,689,2000.000000,32,1024,SDR,45,14,100,14.0,2000.0,4.321928094887363,11.287712379549449,9.380821783948145,11.287712379549449,0.75,1,,,0.55,sihdr_reference_heuristic,1,0,1
SIHDR_052,SIHDR_052_e00.jpg,690,15000000.000000,32,1024,SDR,46,0,100,14.0,15000000.0,17.194602975157967,10.287712379549449,9.380821783948145,10.287712379549449,0.5,,,,0.55,sihdr_reference_heuristic,0,0,1
SIHDR_052,SIHDR_052_e01.jpg,691,8000000.000000,32,1024,SDR,46,1,100,14.0,8000000.0,16.28771237954945,10.287712379549449,9.380821783948145,10.287712379549449,0.5,,,,0.55,sihdr_reference_heuristic,0,0,1
SIHDR_052,SIHDR_052_e02.jpg,692,6000000.000000,32,1024,SDR,46,2,100,14.0,6000000.0,15.872674880270605,10.287712379549449,9.380821783948145,10.287712379549449,0.5,,,,0.55,sihdr_reference_heuristic,0,0,1
SIHDR_052,SIHDR_052_e03.jpg,693,4000000.000000,32,1024,SDR,46,3,100,14.0,4000000.0,15.287712379549449,10.287712379549449,9.380821783948145,10.287712379549449,0.5,,,,0.55,sihdr_reference_heuristic,0,0,1
SIHDR_052,SIHDR_052_e04.jpg,694,2000000.000000,32,1024,SDR,46,4,100,14.0,2000000.0,14.287712379549449,10.287712379549449,9.380821783948145,10.287712379549449,0.5,,,,0.55,sihdr_reference_heuristic,0,0,1
SIHDR_052,SIHDR_052_e05.jpg,695,1000000.000000,32,1024,SDR,46,5,100,14.0,1000000.0,13.287712379549449,10.287712379549449,9.380821783948145,10.287712379549449,0.5,,,,0.55,sihdr_reference_heuristic,0,0,1
SIHDR_052,SIHDR_052_e06.jpg,696,500000.000000,32,1024,SDR,46,6,100,14.0,500000.0,12.287712379549449,10.287712379549449,9.380821783948145,10.287712379549449,0.5,,,,0.55,sihdr_reference_heuristic,0,0,1
SIHDR_052,SIHDR_052_e07.jpg,697,250000.000000,32,1024,SDR,46,7,100,14.0,250000.0,11.287712379549449,10.287712379549449,9.380821783948145,10.287712379549449,0.5,,,,0.55,sihdr_reference_heuristic,0,0,1
SIHDR_052,SIHDR_052_e08.jpg,698,125000.000000,32,1024,SDR,46,8,100,14.0,125000.0,10.287712379549449,10.287712379549449,9.380821783948145,10.287712379549449,0.5,,,,0.55,sihdr_reference_heuristic,0,0,1
SIHDR_052,SIHDR_052_e09.jpg,699,66666.666667,32,1024,SDR,46,9,100,14.0,66666.666667,9.380821783948145,10.287712379549449,9.380821783948145,10.287712379549449,0.5,,,,0.55,sihdr_reference_heuristic,0,0,1
SIHDR_052,SIHDR_052_e10.jpg,700,33333.333333,32,1024,SDR,46,10,100,14.0,33333.333333,8.380821783926503,10.287712379549449,9.380821783948145,10.287712379549449,0.5,,,,0.55,sihdr_reference_heuristic,0,0,1
SIHDR_052,SIHDR_052_e11.jpg,701,16666.666667,32,1024,SDR,46,11,100,14.0,16666.666667,7.380821783969785,10.287712379549449,9.380821783948145,10.287712379549449,0.5,,,,0.55,sihdr_reference_heuristic,0,0,1
SIHDR_052,SIHDR_052_e12.jpg,702,8000.000000,32,1024,SDR,46,12,100,14.0,8000.0,6.321928094887363,10.287712379549449,9.380821783948145,10.287712379549449,0.5,,,,0.55,sihdr_reference_heuristic,0,0,1
SIHDR_052,SIHDR_052_e13.jpg,703,4000.000000,32,1024,SDR,46,13,100,14.0,4000.0,5.321928094887363,10.287712379549449,9.380821783948145,10.287712379549449,0.5,,,,0.55,sihdr_reference_heuristic,0,0,1
SIHDR_052,SIHDR_052_e14.jpg,704,2000.000000,32,1024,SDR,46,14,100,14.0,2000.0,4.321928094887363,10.287712379549449,9.380821783948145,10.287712379549449,0.5,,,,0.55,sihdr_reference_heuristic,0,0,1
SIHDR_053,SIHDR_053_e00.jpg,705,15000000.000000,32,1024,SDR,47,0,100,14.0,15000000.0,17.194602975157967,8.380821783926503,7.380821783969785,8.380821783926503,0.5,,,,0.55,sihdr_reference_heuristic,0,0,1
SIHDR_053,SIHDR_053_e01.jpg,706,8000000.000000,32,1024,SDR,47,1,100,14.0,8000000.0,16.28771237954945,8.380821783926503,7.380821783969785,8.380821783926503,0.5,,,,0.55,sihdr_reference_heuristic,0,0,1
SIHDR_053,SIHDR_053_e02.jpg,707,6000000.000000,32,1024,SDR,47,2,100,14.0,6000000.0,15.872674880270605,8.380821783926503,7.380821783969785,8.380821783926503,0.5,,,,0.55,sihdr_reference_heuristic,0,0,1
SIHDR_053,SIHDR_053_e03.jpg,708,4000000.000000,32,1024,SDR,47,3,100,14.0,4000000.0,15.287712379549449,8.380821783926503,7.380821783969785,8.380821783926503,0.5,,,,0.55,sihdr_reference_heuristic,0,0,1
SIHDR_053,SIHDR_053_e04.jpg,709,2000000.000000,32,1024,SDR,47,4,100,14.0,2000000.0,14.287712379549449,8.380821783926503,7.380821783969785,8.380821783926503,0.5,,,,0.55,sihdr_reference_heuristic,0,0,1
SIHDR_053,SIHDR_053_e05.jpg,710,1000000.000000,32,1024,SDR,47,5,100,14.0,1000000.0,13.287712379549449,8.380821783926503,7.380821783969785,8.380821783926503,0.5,,,,0.55,sihdr_reference_heuristic,0,0,1
SIHDR_053,SIHDR_053_e06.jpg,711,500000.000000,32,1024,SDR,47,6,100,14.0,500000.0,12.287712379549449,8.380821783926503,7.380821783969785,8.380821783926503,0.5,,,,0.55,sihdr_reference_heuristic,0,0,1
SIHDR_053,SIHDR_053_e07.jpg,712,250000.000000,32,1024,SDR,47,7,100,14.0,250000.0,11.287712379549449,8.380821783926503,7.380821783969785,8.380821783926503,0.5,,,,0.55,sihdr_reference_heuristic,0,0,1
SIHDR_053,SIHDR_053_e08.jpg,713,125000.000000,32,1024,SDR,47,8,100,14.0,125000.0,10.287712379549449,8.380821783926503,7.380821783969785,8.380821783926503,0.5,,,,0.55,sihdr_reference_heuristic,0,0,1
SIHDR_053,SIHDR_053_e09.jpg,714,66666.666667,32,1024,SDR,47,9,100,14.0,66666.666667,9.380821783948145,8.380821783926503,7.380821783969785,8.380821783926503,0.5,,,,0.55,sihdr_reference_heuristic,0,0,1
SIHDR_053,SIHDR_053_e10.jpg,715,33333.333333,32,1024,SDR,47,10,100,14.0,33333.333333,8.380821783926503,8.380821783926503,7.380821783969785,8.380821783926503,0.5,,,,0.55,sihdr_reference_heuristic,0,0,1
SIHDR_053,SIHDR_053_e11.jpg,716,16666.666667,32,1024,SDR,47,11,100,14.0,16666.666667,7.380821783969785,8.380821783926503,7.380821783969785,8.380821783926503,0.5,,,,0.55,sihdr_reference_heuristic,0,0,1
SIHDR_053,SIHDR_053_e12.jpg,717,8000.000000,32,1024,SDR,47,12,100,14.0,8000.0,6.321928094887363,8.380821783926503,7.380821783969785,8.380821783926503,0.5,,,,0.55,sihdr_reference_heuristic,0,0,1
SIHDR_053,SIHDR_053_e13.jpg,718,4000.000000,32,1024,SDR,47,13,100,14.0,4000.0,5.321928094887363,8.380821783926503,7.380821783969785,8.380821783926503,0.5,,,,0.55,sihdr_reference_heuristic,0,0,1
SIHDR_053,SIHDR_053_e14.jpg,719,2000.000000,32,1024,SDR,47,14,100,14.0,2000.0,4.321928094887363,8.380821783926503,7.380821783969785,8.380821783926503,0.5,,,,0.55,sihdr_reference_heuristic,0,0,1
SIHDR_054,SIHDR_054_e00.jpg,720,15000000.000000,32,1024,SDR,48,0,100,14.0,15000000.0,17.194602975157967,10.287712379549449,9.380821783948145,11.287712379549449,0.75,1,,,0.55,sihdr_reference_heuristic,1,0,1
SIHDR_054,SIHDR_054_e01.jpg,721,8000000.000000,32,1024,SDR,48,1,100,14.0,8000000.0,16.28771237954945,10.287712379549449,9.380821783948145,11.287712379549449,0.75,1,,,0.55,sihdr_reference_heuristic,1,0,1
SIHDR_054,SIHDR_054_e02.jpg,722,6000000.000000,32,1024,SDR,48,2,100,14.0,6000000.0,15.872674880270605,10.287712379549449,9.380821783948145,11.287712379549449,0.75,1,,,0.55,sihdr_reference_heuristic,1,0,1
SIHDR_054,SIHDR_054_e03.jpg,723,4000000.000000,32,1024,SDR,48,3,100,14.0,4000000.0,15.287712379549449,10.287712379549449,9.380821783948145,11.287712379549449,0.75,1,,,0.55,sihdr_reference_heuristic,1,0,1
SIHDR_054,SIHDR_054_e04.jpg,724,2000000.000000,32,1024,SDR,48,4,100,14.0,2000000.0,14.287712379549449,10.287712379549449,9.380821783948145,11.287712379549449,0.75,1,,,0.55,sihdr_reference_heuristic,1,0,1
SIHDR_054,SIHDR_054_e05.jpg,725,1000000.000000,32,1024,SDR,48,5,100,14.0,1000000.0,13.287712379549449,10.287712379549449,9.380821783948145,11.287712379549449,0.75,1,,,0.55,sihdr_reference_heuristic,1,0,1
SIHDR_054,SIHDR_054_e06.jpg,726,500000.000000,32,1024,SDR,48,6,100,14.0,500000.0,12.287712379549449,10.287712379549449,9.380821783948145,11.287712379549449,0.75,1,,,0.55,sihdr_reference_heuristic,1,0,1
SIHDR_054,SIHDR_054_e07.jpg,727,250000.000000,32,1024,SDR,48,7,100,14.0,250000.0,11.287712379549449,10.287712379549449,9.380821783948145,11.287712379549449,0.75,1,,,0.55,sihdr_reference_heuristic,1,0,1
SIHDR_054,SIHDR_054_e08.jpg,728,125000.000000,32,1024,SDR,48,8,100,14.0,125000.0,10.287712379549449,10.287712379549449,9.380821783948145,11.287712379549449,0.75,1,,,0.55,sihdr_reference_heuristic,1,0,1
SIHDR_054,SIHDR_054_e09.jpg,729,66666.666667,32,1024,SDR,48,9,100,14.0,66666.666667,9.380821783948145,10.287712379549449,9.380821783948145,11.287712379549449,0.75,1,,,0.55,sihdr_reference_heuristic,1,0,1
SIHDR_054,SIHDR_054_e10.jpg,730,33333.333333,32,1024,SDR,48,10,100,14.0,33333.333333,8.380821783926503,10.287712379549449,9.380821783948145,11.287712379549449,0.75,1,,,0.55,sihdr_reference_heuristic,1,0,1
SIHDR_054,SIHDR_054_e11.jpg,731,16666.666667,32,1024,SDR,48,11,100,14.0,16666.666667,7.380821783969785,10.287712379549449,9.380821783948145,11.287712379549449,0.75,1,,,0.55,sihdr_reference_heuristic,1,0,1
SIHDR_054,SIHDR_054_e12.jpg,732,8000.000000,32,1024,SDR,48,12,100,14.0,8000.0,6.321928094887363,10.287712379549449,9.380821783948145,11.287712379549449,0.75,1,,,0.55,sihdr_reference_heuristic,1,0,1
SIHDR_054,SIHDR_054_e13.jpg,733,4000.000000,32,1024,SDR,48,13,100,14.0,4000.0,5.321928094887363,10.287712379549449,9.380821783948145,11.287712379549449,0.75,1,,,0.55,sihdr_reference_heuristic,1,0,1
SIHDR_054,SIHDR_054_e14.jpg,734,2000.000000,32,1024,SDR,48,14,100,14.0,2000.0,4.321928094887363,10.287712379549449,9.380821783948145,11.287712379549449,0.75,1,,,0.55,sihdr_reference_heuristic,1,0,1
SIHDR_055,SIHDR_055_e00.jpg,735,15000000.000000,32,1024,SDR,49,0,100,14.0,15000000.0,17.194602975157967,9.380821783948145,8.380821783926503,9.380821783948145,0.75,1,,,0.55,sihdr_reference_heuristic,1,0,1
SIHDR_055,SIHDR_055_e01.jpg,736,8000000.000000,32,1024,SDR,49,1,100,14.0,8000000.0,16.28771237954945,9.380821783948145,8.380821783926503,9.380821783948145,0.75,1,,,0.55,sihdr_reference_heuristic,1,0,1
SIHDR_055,SIHDR_055_e02.jpg,737,6000000.000000,32,1024,SDR,49,2,100,14.0,6000000.0,15.872674880270605,9.380821783948145,8.380821783926503,9.380821783948145,0.75,1,,,0.55,sihdr_reference_heuristic,1,0,1
SIHDR_055,SIHDR_055_e03.jpg,738,4000000.000000,32,1024,SDR,49,3,100,14.0,4000000.0,15.287712379549449,9.380821783948145,8.380821783926503,9.380821783948145,0.75,1,,,0.55,sihdr_reference_heuristic,1,0,1
SIHDR_055,SIHDR_055_e04.jpg,739,2000000.000000,32,1024,SDR,49,4,100,14.0,2000000.0,14.287712379549449,9.380821783948145,8.380821783926503,9.380821783948145,0.75,1,,,0.55,sihdr_reference_heuristic,1,0,1
SIHDR_055,SIHDR_055_e05.jpg,740,1000000.000000,32,1024,SDR,49,5,100,14.0,1000000.0,13.287712379549449,9.380821783948145,8.380821783926503,9.380821783948145,0.75,1,,,0.55,sihdr_reference_heuristic,1,0,1
SIHDR_055,SIHDR_055_e06.jpg,741,500000.000000,32,1024,SDR,49,6,100,14.0,500000.0,12.287712379549449,9.380821783948145,8.380821783926503,9.380821783948145,0.75,1,,,0.55,sihdr_reference_heuristic,1,0,1
SIHDR_055,SIHDR_055_e07.jpg,742,250000.000000,32,1024,SDR,49,7,100,14.0,250000.0,11.287712379549449,9.380821783948145,8.380821783926503,9.380821783948145,0.75,1,,,0.55,sihdr_reference_heuristic,1,0,1
SIHDR_055,SIHDR_055_e08.jpg,743,125000.000000,32,1024,SDR,49,8,100,14.0,125000.0,10.287712379549449,9.380821783948145,8.380821783926503,9.380821783948145,0.75,1,,,0.55,sihdr_reference_heuristic,1,0,1
SIHDR_055,SIHDR_055_e09.jpg,744,66666.666667,32,1024,SDR,49,9,100,14.0,66666.666667,9.380821783948145,9.380821783948145,8.380821783926503,9.380821783948145,0.75,1,,,0.55,sihdr_reference_heuristic,1,0,1
SIHDR_055,SIHDR_055_e10.jpg,745,33333.333333,32,1024,SDR,49,10,100,14.0,33333.333333,8.380821783926503,9.380821783948145,8.380821783926503,9.380821783948145,0.75,1,,,0.55,sihdr_reference_heuristic,1,0,1
SIHDR_055,SIHDR_055_e11.jpg,746,16666.666667,32,1024,SDR,49,11,100,14.0,16666.666667,7.380821783969785,9.380821783948145,8.380821783926503,9.380821783948145,0.75,1,,,0.55,sihdr_reference_heuristic,1,0,1
SIHDR_055,SIHDR_055_e12.jpg,747,8000.000000,32,1024,SDR,49,12,100,14.0,8000.0,6.321928094887363,9.380821783948145,8.380821783926503,9.380821783948145,0.75,1,,,0.55,sihdr_reference_heuristic,1,0,1
SIHDR_055,SIHDR_055_e13.jpg,748,4000.000000,32,1024,SDR,49,13,100,14.0,4000.0,5.321928094887363,9.380821783948145,8.380821783926503,9.380821783948145,0.75,1,,,0.55,sihdr_reference_heuristic,1,0,1
SIHDR_055,SIHDR_055_e14.jpg,749,2000.000000,32,1024,SDR,49,14,100,14.0,2000.0,4.321928094887363,9.380821783948145,8.380821783926503,9.380821783948145,0.75,1,,,0.55,sihdr_reference_heuristic,1,0,1
SIHDR_056,SIHDR_056_e00.jpg,750,15000000.000000,32,1024,SDR,50,0,100,14.0,15000000.0,17.194602975157967,8.380821783926503,8.380821783926503,8.380821783926503,0.75,1,,,0.55,sihdr_reference_heuristic,1,0,1
SIHDR_056,SIHDR_056_e01.jpg,751,8000000.000000,32,1024,SDR,50,1,100,14.0,8000000.0,16.28771237954945,8.380821783926503,8.380821783926503,8.380821783926503,0.75,1,,,0.55,sihdr_reference_heuristic,1,0,1
SIHDR_056,SIHDR_056_e02.jpg,752,6000000.000000,32,1024,SDR,50,2,100,14.0,6000000.0,15.872674880270605,8.380821783926503,8.380821783926503,8.380821783926503,0.75,1,,,0.55,sihdr_reference_heuristic,1,0,1
SIHDR_056,SIHDR_056_e03.jpg,753,4000000.000000,32,1024,SDR,50,3,100,14.0,4000000.0,15.287712379549449,8.380821783926503,8.380821783926503,8.380821783926503,0.75,1,,,0.55,sihdr_reference_heuristic,1,0,1
SIHDR_056,SIHDR_056_e04.jpg,754,2000000.000000,32,1024,SDR,50,4,100,14.0,2000000.0,14.287712379549449,8.380821783926503,8.380821783926503,8.380821783926503,0.75,1,,,0.55,sihdr_reference_heuristic,1,0,1
SIHDR_056,SIHDR_056_e05.jpg,755,1000000.000000,32,1024,SDR,50,5,100,14.0,1000000.0,13.287712379549449,8.380821783926503,8.380821783926503,8.380821783926503,0.75,1,,,0.55,sihdr_reference_heuristic,1,0,1
SIHDR_056,SIHDR_056_e06.jpg,756,500000.000000,32,1024,SDR,50,6,100,14.0,500000.0,12.287712379549449,8.380821783926503,8.380821783926503,8.380821783926503,0.75,1,,,0.55,sihdr_reference_heuristic,1,0,1
SIHDR_056,SIHDR_056_e07.jpg,757,250000.000000,32,1024,SDR,50,7,100,14.0,250000.0,11.287712379549449,8.380821783926503,8.380821783926503,8.380821783926503,0.75,1,,,0.55,sihdr_reference_heuristic,1,0,1
SIHDR_056,SIHDR_056_e08.jpg,758,125000.000000,32,1024,SDR,50,8,100,14.0,125000.0,10.287712379549449,8.380821783926503,8.380821783926503,8.380821783926503,0.75,1,,,0.55,sihdr_reference_heuristic,1,0,1
SIHDR_056,SIHDR_056_e09.jpg,759,66666.666667,32,1024,SDR,50,9,100,14.0,66666.666667,9.380821783948145,8.380821783926503,8.380821783926503,8.380821783926503,0.75,1,,,0.55,sihdr_reference_heuristic,1,0,1
SIHDR_056,SIHDR_056_e10.jpg,760,33333.333333,32,1024,SDR,50,10,100,14.0,33333.333333,8.380821783926503,8.380821783926503,8.380821783926503,8.380821783926503,0.75,1,,,0.55,sihdr_reference_heuristic,1,0,1
SIHDR_056,SIHDR_056_e11.jpg,761,16666.666667,32,1024,SDR,50,11,100,14.0,16666.666667,7.380821783969785,8.380821783926503,8.380821783926503,8.380821783926503,0.75,1,,,0.55,sihdr_reference_heuristic,1,0,1
SIHDR_056,SIHDR_056_e12.jpg,762,8000.000000,32,1024,SDR,50,12,100,14.0,8000.0,6.321928094887363,8.380821783926503,8.380821783926503,8.380821783926503,0.75,1,,,0.55,sihdr_reference_heuristic,1,0,1
SIHDR_056,SIHDR_056_e13.jpg,763,4000.000000,32,1024,SDR,50,13,100,14.0,4000.0,5.321928094887363,8.380821783926503,8.380821783926503,8.380821783926503,0.75,1,,,0.55,sihdr_reference_heuristic,1,0,1
SIHDR_056,SIHDR_056_e14.jpg,764,2000.000000,32,1024,SDR,50,14,100,14.0,2000.0,4.321928094887363,8.380821783926503,8.380821783926503,8.380821783926503,0.75,1,,,0.55,sihdr_reference_heuristic,1,0,1
SIHDR_057,SIHDR_057_e00.jpg,765,15000000.000000,32,1024,SDR,51,0,100,14.0,15000000.0,17.194602975157967,10.287712379549449,9.380821783948145,10.287712379549449,0.5,,,,0.55,sihdr_reference_heuristic,0,0,1
SIHDR_057,SIHDR_057_e01.jpg,766,8000000.000000,32,1024,SDR,51,1,100,14.0,8000000.0,16.28771237954945,10.287712379549449,9.380821783948145,10.287712379549449,0.5,,,,0.55,sihdr_reference_heuristic,0,0,1
SIHDR_057,SIHDR_057_e02.jpg,767,6000000.000000,32,1024,SDR,51,2,100,14.0,6000000.0,15.872674880270605,10.287712379549449,9.380821783948145,10.287712379549449,0.5,,,,0.55,sihdr_reference_heuristic,0,0,1
SIHDR_057,SIHDR_057_e03.jpg,768,4000000.000000,32,1024,SDR,51,3,100,14.0,4000000.0,15.287712379549449,10.287712379549449,9.380821783948145,10.287712379549449,0.5,,,,0.55,sihdr_reference_heuristic,0,0,1
SIHDR_057,SIHDR_057_e04.jpg,769,2000000.000000,32,1024,SDR,51,4,100,14.0,2000000.0,14.287712379549449,10.287712379549449,9.380821783948145,10.287712379549449,0.5,,,,0.55,sihdr_reference_heuristic,0,0,1
SIHDR_057,SIHDR_057_e05.jpg,770,1000000.000000,32,1024,SDR,51,5,100,14.0,1000000.0,13.287712379549449,10.287712379549449,9.380821783948145,10.287712379549449,0.5,,,,0.55,sihdr_reference_heuristic,0,0,1
SIHDR_057,SIHDR_057_e06.jpg,771,500000.000000,32,1024,SDR,51,6,100,14.0,500000.0,12.287712379549449,10.287712379549449,9.380821783948145,10.287712379549449,0.5,,,,0.55,sihdr_reference_heuristic,0,0,1
SIHDR_057,SIHDR_057_e07.jpg,772,250000.000000,32,1024,SDR,51,7,100,14.0,250000.0,11.287712379549449,10.287712379549449,9.380821783948145,10.287712379549449,0.5,,,,0.55,sihdr_reference_heuristic,0,0,1
SIHDR_057,SIHDR_057_e08.jpg,773,125000.000000,32,1024,SDR,51,8,100,14.0,125000.0,10.287712379549449,10.287712379549449,9.380821783948145,10.287712379549449,0.5,,,,0.55,sihdr_reference_heuristic,0,0,1
SIHDR_057,SIHDR_057_e09.jpg,774,66666.666667,32,1024,SDR,51,9,100,14.0,66666.666667,9.380821783948145,10.287712379549449,9.380821783948145,10.287712379549449,0.5,,,,0.55,sihdr_reference_heuristic,0,0,1
SIHDR_057,SIHDR_057_e10.jpg,775,33333.333333,32,1024,SDR,51,10,100,14.0,33333.333333,8.380821783926503,10.287712379549449,9.380821783948145,10.287712379549449,0.5,,,,0.55,sihdr_reference_heuristic,0,0,1
SIHDR_057,SIHDR_057_e11.jpg,776,16666.666667,32,1024,SDR,51,11,100,14.0,16666.666667,7.380821783969785,10.287712379549449,9.380821783948145,10.287712379549449,0.5,,,,0.55,sihdr_reference_heuristic,0,0,1
SIHDR_057,SIHDR_057_e12.jpg,777,8000.000000,32,1024,SDR,51,12,100,14.0,8000.0,6.321928094887363,10.287712379549449,9.380821783948145,10.287712379549449,0.5,,,,0.55,sihdr_reference_heuristic,0,0,1
SIHDR_057,SIHDR_057_e13.jpg,778,4000.000000,32,1024,SDR,51,13,100,14.0,4000.0,5.321928094887363,10.287712379549449,9.380821783948145,10.287712379549449,0.5,,,,0.55,sihdr_reference_heuristic,0,0,1
SIHDR_057,SIHDR_057_e14.jpg,779,2000.000000,32,1024,SDR,51,14,100,14.0,2000.0,4.321928094887363,10.287712379549449,9.380821783948145,10.287712379549449,0.5,,,,0.55,sihdr_reference_heuristic,0,0,1
SIHDR_058,SIHDR_058_e00.jpg,780,15000000.000000,32,1024,SDR,52,0,100,14.0,15000000.0,17.194602975157967,7.380821783969785,7.380821783969785,7.380821783969785,0.75,1,,,0.55,sihdr_reference_heuristic,1,0,1
SIHDR_058,SIHDR_058_e01.jpg,781,8000000.000000,32,1024,SDR,52,1,100,14.0,8000000.0,16.28771237954945,7.380821783969785,7.380821783969785,7.380821783969785,0.75,1,,,0.55,sihdr_reference_heuristic,1,0,1
SIHDR_058,SIHDR_058_e02.jpg,782,6000000.000000,32,1024,SDR,52,2,100,14.0,6000000.0,15.872674880270605,7.380821783969785,7.380821783969785,7.380821783969785,0.75,1,,,0.55,sihdr_reference_heuristic,1,0,1
SIHDR_058,SIHDR_058_e03.jpg,783,4000000.000000,32,1024,SDR,52,3,100,14.0,4000000.0,15.287712379549449,7.380821783969785,7.380821783969785,7.380821783969785,0.75,1,,,0.55,sihdr_reference_heuristic,1,0,1
SIHDR_058,SIHDR_058_e04.jpg,784,2000000.000000,32,1024,SDR,52,4,100,14.0,2000000.0,14.287712379549449,7.380821783969785,7.380821783969785,7.380821783969785,0.75,1,,,0.55,sihdr_reference_heuristic,1,0,1
SIHDR_058,SIHDR_058_e05.jpg,785,1000000.000000,32,1024,SDR,52,5,100,14.0,1000000.0,13.287712379549449,7.380821783969785,7.380821783969785,7.380821783969785,0.75,1,,,0.55,sihdr_reference_heuristic,1,0,1
SIHDR_058,SIHDR_058_e06.jpg,786,500000.000000,32,1024,SDR,52,6,100,14.0,500000.0,12.287712379549449,7.380821783969785,7.380821783969785,7.380821783969785,0.75,1,,,0.55,sihdr_reference_heuristic,1,0,1
SIHDR_058,SIHDR_058_e07.jpg,787,250000.000000,32,1024,SDR,52,7,100,14.0,250000.0,11.287712379549449,7.380821783969785,7.380821783969785,7.380821783969785,0.75,1,,,0.55,sihdr_reference_heuristic,1,0,1
SIHDR_058,SIHDR_058_e08.jpg,788,125000.000000,32,1024,SDR,52,8,100,14.0,125000.0,10.287712379549449,7.380821783969785,7.380821783969785,7.380821783969785,0.75,1,,,0.55,sihdr_reference_heuristic,1,0,1
SIHDR_058,SIHDR_058_e09.jpg,789,66666.666667,32,1024,SDR,52,9,100,14.0,66666.666667,9.380821783948145,7.380821783969785,7.380821783969785,7.380821783969785,0.75,1,,,0.55,sihdr_reference_heuristic,1,0,1
SIHDR_058,SIHDR_058_e10.jpg,790,33333.333333,32,1024,SDR,52,10,100,14.0,33333.333333,8.380821783926503,7.380821783969785,7.380821783969785,7.380821783969785,0.75,1,,,0.55,sihdr_reference_heuristic,1,0,1
SIHDR_058,SIHDR_058_e11.jpg,791,16666.666667,32,1024,SDR,52,11,100,14.0,16666.666667,7.380821783969785,7.380821783969785,7.380821783969785,7.380821783969785,0.75,1,,,0.55,sihdr_reference_heuristic,1,0,1
SIHDR_058,SIHDR_058_e12.jpg,792,8000.000000,32,1024,SDR,52,12,100,14.0,8000.0,6.321928094887363,7.380821783969785,7.380821783969785,7.380821783969785,0.75,1,,,0.55,sihdr_reference_heuristic,1,0,1
SIHDR_058,SIHDR_058_e13.jpg,793,4000.000000,32,1024,SDR,52,13,100,14.0,4000.0,5.321928094887363,7.380821783969785,7.380821783969785,7.380821783969785,0.75,1,,,0.55,sihdr_reference_heuristic,1,0,1
SIHDR_058,SIHDR_058_e14.jpg,794,2000.000000,32,1024,SDR,52,14,100,14.0,2000.0,4.321928094887363,7.380821783969785,7.380821783969785,7.380821783969785,0.75,1,,,0.55,sihdr_reference_heuristic,1,0,1
SIHDR_059,SIHDR_059_e00.jpg,795,15000000.000000,32,1024,SDR,53,0,100,14.0,15000000.0,17.194602975157967,7.380821783969785,7.380821783969785,7.380821783969785,0.75,1,,,0.55,sihdr_reference_heuristic,1,0,1
SIHDR_059,SIHDR_059_e01.jpg,796,8000000.000000,32,1024,SDR,53,1,100,14.0,8000000.0,16.28771237954945,7.380821783969785,7.380821783969785,7.380821783969785,0.75,1,,,0.55,sihdr_reference_heuristic,1,0,1
SIHDR_059,SIHDR_059_e02.jpg,797,6000000.000000,32,1024,SDR,53,2,100,14.0,6000000.0,15.872674880270605,7.380821783969785,7.380821783969785,7.380821783969785,0.75,1,,,0.55,sihdr_reference_heuristic,1,0,1
SIHDR_059,SIHDR_059_e03.jpg,798,4000000.000000,32,1024,SDR,53,3,100,14.0,4000000.0,15.287712379549449,7.380821783969785,7.380821783969785,7.380821783969785,0.75,1,,,0.55,sihdr_reference_heuristic,1,0,1
SIHDR_059,SIHDR_059_e04.jpg,799,2000000.000000,32,1024,SDR,53,4,100,14.0,2000000.0,14.287712379549449,7.380821783969785,7.380821783969785,7.380821783969785,0.75,1,,,0.55,sihdr_reference_heuristic,1,0,1
SIHDR_059,SIHDR_059_e05.jpg,800,1000000.000000,32,1024,SDR,53,5,100,14.0,1000000.0,13.287712379549449,7.380821783969785,7.380821783969785,7.380821783969785,0.75,1,,,0.55,sihdr_reference_heuristic,1,0,1
SIHDR_059,SIHDR_059_e06.jpg,801,500000.000000,32,1024,SDR,53,6,100,14.0,500000.0,12.287712379549449,7.380821783969785,7.380821783969785,7.380821783969785,0.75,1,,,0.55,sihdr_reference_heuristic,1,0,1
SIHDR_059,SIHDR_059_e07.jpg,802,250000.000000,32,1024,SDR,53,7,100,14.0,250000.0,11.287712379549449,7.380821783969785,7.380821783969785,7.380821783969785,0.75,1,,,0.55,sihdr_reference_heuristic,1,0,1
SIHDR_059,SIHDR_059_e08.jpg,803,125000.000000,32,1024,SDR,53,8,100,14.0,125000.0,10.287712379549449,7.380821783969785,7.380821783969785,7.380821783969785,0.75,1,,,0.55,sihdr_reference_heuristic,1,0,1
SIHDR_059,SIHDR_059_e09.jpg,804,66666.666667,32,1024,SDR,53,9,100,14.0,66666.666667,9.380821783948145,7.380821783969785,7.380821783969785,7.380821783969785,0.75,1,,,0.55,sihdr_reference_heuristic,1,0,1
SIHDR_059,SIHDR_059_e10.jpg,805,33333.333333,32,1024,SDR,53,10,100,14.0,33333.333333,8.380821783926503,7.380821783969785,7.380821783969785,7.380821783969785,0.75,1,,,0.55,sihdr_reference_heuristic,1,0,1
SIHDR_059,SIHDR_059_e11.jpg,806,16666.666667,32,1024,SDR,53,11,100,14.0,16666.666667,7.380821783969785,7.380821783969785,7.380821783969785,7.380821783969785,0.75,1,,,0.55,sihdr_reference_heuristic,1,0,1
SIHDR_059,SIHDR_059_e12.jpg,807,8000.000000,32,1024,SDR,53,12,100,14.0,8000.0,6.321928094887363,7.380821783969785,7.380821783969785,7.380821783969785,0.75,1,,,0.55,sihdr_reference_heuristic,1,0,1
SIHDR_059,SIHDR_059_e13.jpg,808,4000.000000,32,1024,SDR,53,13,100,14.0,4000.0,5.321928094887363,7.380821783969785,7.380821783969785,7.380821783969785,0.75,1,,,0.55,sihdr_reference_heuristic,1,0,1
SIHDR_059,SIHDR_059_e14.jpg,809,2000.000000,32,1024,SDR,53,14,100,14.0,2000.0,4.321928094887363,7.380821783969785,7.380821783969785,7.380821783969785,0.75,1,,,0.55,sihdr_reference_heuristic,1,0,1
SIHDR_060,SIHDR_060_e00.jpg,810,15000000.000000,32,1024,SDR,54,0,100,14.0,15000000.0,17.194602975157967,11.287712379549449,8.380821783926503,12.287712379549449,0.75,1,,,0.55,sihdr_reference_heuristic,1,0,1
SIHDR_060,SIHDR_060_e01.jpg,811,8000000.000000,32,1024,SDR,54,1,100,14.0,8000000.0,16.28771237954945,11.287712379549449,8.380821783926503,12.287712379549449,0.75,1,,,0.55,sihdr_reference_heuristic,1,0,1
SIHDR_060,SIHDR_060_e02.jpg,812,6000000.000000,32,1024,SDR,54,2,100,14.0,6000000.0,15.872674880270605,11.287712379549449,8.380821783926503,12.287712379549449,0.75,1,,,0.55,sihdr_reference_heuristic,1,0,1
SIHDR_060,SIHDR_060_e03.jpg,813,4000000.000000,32,1024,SDR,54,3,100,14.0,4000000.0,15.287712379549449,11.287712379549449,8.380821783926503,12.287712379549449,0.75,1,,,0.55,sihdr_reference_heuristic,1,0,1
SIHDR_060,SIHDR_060_e04.jpg,814,2000000.000000,32,1024,SDR,54,4,100,14.0,2000000.0,14.287712379549449,11.287712379549449,8.380821783926503,12.287712379549449,0.75,1,,,0.55,sihdr_reference_heuristic,1,0,1
SIHDR_060,SIHDR_060_e05.jpg,815,1000000.000000,32,1024,SDR,54,5,100,14.0,1000000.0,13.287712379549449,11.287712379549449,8.380821783926503,12.287712379549449,0.75,1,,,0.55,sihdr_reference_heuristic,1,0,1
SIHDR_060,SIHDR_060_e06.jpg,816,500000.000000,32,1024,SDR,54,6,100,14.0,500000.0,12.287712379549449,11.287712379549449,8.380821783926503,12.287712379549449,0.75,1,,,0.55,sihdr_reference_heuristic,1,0,1
SIHDR_060,SIHDR_060_e07.jpg,817,250000.000000,32,1024,SDR,54,7,100,14.0,250000.0,11.287712379549449,11.287712379549449,8.380821783926503,12.287712379549449,0.75,1,,,0.55,sihdr_reference_heuristic,1,0,1
SIHDR_060,SIHDR_060_e08.jpg,818,125000.000000,32,1024,SDR,54,8,100,14.0,125000.0,10.287712379549449,11.287712379549449,8.380821783926503,12.287712379549449,0.75,1,,,0.55,sihdr_reference_heuristic,1,0,1
SIHDR_060,SIHDR_060_e09.jpg,819,66666.666667,32,1024,SDR,54,9,100,14.0,66666.666667,9.380821783948145,11.287712379549449,8.380821783926503,12.287712379549449,0.75,1,,,0.55,sihdr_reference_heuristic,1,0,1
SIHDR_060,SIHDR_060_e10.jpg,820,33333.333333,32,1024,SDR,54,10,100,14.0,33333.333333,8.380821783926503,11.287712379549449,8.380821783926503,12.287712379549449,0.75,1,,,0.55,sihdr_reference_heuristic,1,0,1
SIHDR_060,SIHDR_060_e11.jpg,821,16666.666667,32,1024,SDR,54,11,100,14.0,16666.666667,7.380821783969785,11.287712379549449,8.380821783926503,12.287712379549449,0.75,1,,,0.55,sihdr_reference_heuristic,1,0,1
SIHDR_060,SIHDR_060_e12.jpg,822,8000.000000,32,1024,SDR,54,12,100,14.0,8000.0,6.321928094887363,11.287712379549449,8.380821783926503,12.287712379549449,0.75,1,,,0.55,sihdr_reference_heuristic,1,0,1
SIHDR_060,SIHDR_060_e13.jpg,823,4000.000000,32,1024,SDR,54,13,100,14.0,4000.0,5.321928094887363,11.287712379549449,8.380821783926503,12.287712379549449,0.75,1,,,0.55,sihdr_reference_heuristic,1,0,1
SIHDR_060,SIHDR_060_e14.jpg,824,2000.000000,32,1024,SDR,54,14,100,14.0,2000.0,4.321928094887363,11.287712379549449,8.380821783926503,12.287712379549449,0.75,1,,,0.55,sihdr_reference_heuristic,1,0,1
SIHDR_061,SIHDR_061_e00.jpg,825,15000000.000000,32,1024,SDR,55,0,100,14.0,15000000.0,17.194602975157967,11.287712379549449,8.380821783926503,11.287712379549449,0.75,1,,,0.55,sihdr_reference_heuristic,1,0,1
SIHDR_061,SIHDR_061_e01.jpg,826,8000000.000000,32,1024,SDR,55,1,100,14.0,8000000.0,16.28771237954945,11.287712379549449,8.380821783926503,11.287712379549449,0.75,1,,,0.55,sihdr_reference_heuristic,1,0,1
SIHDR_061,SIHDR_061_e02.jpg,827,6000000.000000,32,1024,SDR,55,2,100,14.0,6000000.0,15.872674880270605,11.287712379549449,8.380821783926503,11.287712379549449,0.75,1,,,0.55,sihdr_reference_heuristic,1,0,1
SIHDR_061,SIHDR_061_e03.jpg,828,4000000.000000,32,1024,SDR,55,3,100,14.0,4000000.0,15.287712379549449,11.287712379549449,8.380821783926503,11.287712379549449,0.75,1,,,0.55,sihdr_reference_heuristic,1,0,1
SIHDR_061,SIHDR_061_e04.jpg,829,2000000.000000,32,1024,SDR,55,4,100,14.0,2000000.0,14.287712379549449,11.287712379549449,8.380821783926503,11.287712379549449,0.75,1,,,0.55,sihdr_reference_heuristic,1,0,1
SIHDR_061,SIHDR_061_e05.jpg,830,1000000.000000,32,1024,SDR,55,5,100,14.0,1000000.0,13.287712379549449,11.287712379549449,8.380821783926503,11.287712379549449,0.75,1,,,0.55,sihdr_reference_heuristic,1,0,1
SIHDR_061,SIHDR_061_e06.jpg,831,500000.000000,32,1024,SDR,55,6,100,14.0,500000.0,12.287712379549449,11.287712379549449,8.380821783926503,11.287712379549449,0.75,1,,,0.55,sihdr_reference_heuristic,1,0,1
SIHDR_061,SIHDR_061_e07.jpg,832,250000.000000,32,1024,SDR,55,7,100,14.0,250000.0,11.287712379549449,11.287712379549449,8.380821783926503,11.287712379549449,0.75,1,,,0.55,sihdr_reference_heuristic,1,0,1
SIHDR_061,SIHDR_061_e08.jpg,833,125000.000000,32,1024,SDR,55,8,100,14.0,125000.0,10.287712379549449,11.287712379549449,8.380821783926503,11.287712379549449,0.75,1,,,0.55,sihdr_reference_heuristic,1,0,1
SIHDR_061,SIHDR_061_e09.jpg,834,66666.666667,32,1024,SDR,55,9,100,14.0,66666.666667,9.380821783948145,11.287712379549449,8.380821783926503,11.287712379549449,0.75,1,,,0.55,sihdr_reference_heuristic,1,0,1
SIHDR_061,SIHDR_061_e10.jpg,835,33333.333333,32,1024,SDR,55,10,100,14.0,33333.333333,8.380821783926503,11.287712379549449,8.380821783926503,11.287712379549449,0.75,1,,,0.55,sihdr_reference_heuristic,1,0,1
SIHDR_061,SIHDR_061_e11.jpg,836,16666.666667,32,1024,SDR,55,11,100,14.0,16666.666667,7.380821783969785,11.287712379549449,8.380821783926503,11.287712379549449,0.75,1,,,0.55,sihdr_reference_heuristic,1,0,1
SIHDR_061,SIHDR_061_e12.jpg,837,8000.000000,32,1024,SDR,55,12,100,14.0,8000.0,6.321928094887363,11.287712379549449,8.380821783926503,11.287712379549449,0.75,1,,,0.55,sihdr_reference_heuristic,1,0,1
SIHDR_061,SIHDR_061_e13.jpg,838,4000.000000,32,1024,SDR,55,13,100,14.0,4000.0,5.321928094887363,11.287712379549449,8.380821783926503,11.287712379549449,0.75,1,,,0.55,sihdr_reference_heuristic,1,0,1
SIHDR_061,SIHDR_061_e14.jpg,839,2000.000000,32,1024,SDR,55,14,100,14.0,2000.0,4.321928094887363,11.287712379549449,8.380821783926503,11.287712379549449,0.75,1,,,0.55,sihdr_reference_heuristic,1,0,1
SIHDR_062,SIHDR_062_e00.jpg,840,15000000.000000,32,1024,SDR,56,0,100,14.0,15000000.0,17.194602975157967,11.287712379549449,9.380821783948145,11.287712379549449,0.75,1,,,0.55,sihdr_reference_heuristic,1,0,1
SIHDR_062,SIHDR_062_e01.jpg,841,8000000.000000,32,1024,SDR,56,1,100,14.0,8000000.0,16.28771237954945,11.287712379549449,9.380821783948145,11.287712379549449,0.75,1,,,0.55,sihdr_reference_heuristic,1,0,1
SIHDR_062,SIHDR_062_e02.jpg,842,6000000.000000,32,1024,SDR,56,2,100,14.0,6000000.0,15.872674880270605,11.287712379549449,9.380821783948145,11.287712379549449,0.75,1,,,0.55,sihdr_reference_heuristic,1,0,1
SIHDR_062,SIHDR_062_e03.jpg,843,4000000.000000,32,1024,SDR,56,3,100,14.0,4000000.0,15.287712379549449,11.287712379549449,9.380821783948145,11.287712379549449,0.75,1,,,0.55,sihdr_reference_heuristic,1,0,1
SIHDR_062,SIHDR_062_e04.jpg,844,2000000.000000,32,1024,SDR,56,4,100,14.0,2000000.0,14.287712379549449,11.287712379549449,9.380821783948145,11.287712379549449,0.75,1,,,0.55,sihdr_reference_heuristic,1,0,1
SIHDR_062,SIHDR_062_e05.jpg,845,1000000.000000,32,1024,SDR,56,5,100,14.0,1000000.0,13.287712379549449,11.287712379549449,9.380821783948145,11.287712379549449,0.75,1,,,0.55,sihdr_reference_heuristic,1,0,1
SIHDR_062,SIHDR_062_e06.jpg,846,500000.000000,32,1024,SDR,56,6,100,14.0,500000.0,12.287712379549449,11.287712379549449,9.380821783948145,11.287712379549449,0.75,1,,,0.55,sihdr_reference_heuristic,1,0,1
SIHDR_062,SIHDR_062_e07.jpg,847,250000.000000,32,1024,SDR,56,7,100,14.0,250000.0,11.287712379549449,11.287712379549449,9.380821783948145,11.287712379549449,0.75,1,,,0.55,sihdr_reference_heuristic,1,0,1
SIHDR_062,SIHDR_062_e08.jpg,848,125000.000000,32,1024,SDR,56,8,100,14.0,125000.0,10.287712379549449,11.287712379549449,9.380821783948145,11.287712379549449,0.75,1,,,0.55,sihdr_reference_heuristic,1,0,1
SIHDR_062,SIHDR_062_e09.jpg,849,66666.666667,32,1024,SDR,56,9,100,14.0,66666.666667,9.380821783948145,11.287712379549449,9.380821783948145,11.287712379549449,0.75,1,,,0.55,sihdr_reference_heuristic,1,0,1
SIHDR_062,SIHDR_062_e10.jpg,850,33333.333333,32,1024,SDR,56,10,100,14.0,33333.333333,8.380821783926503,11.287712379549449,9.380821783948145,11.287712379549449,0.75,1,,,0.55,sihdr_reference_heuristic,1,0,1
SIHDR_062,SIHDR_062_e11.jpg,851,16666.666667,32,1024,SDR,56,11,100,14.0,16666.666667,7.380821783969785,11.287712379549449,9.380821783948145,11.287712379549449,0.75,1,,,0.55,sihdr_reference_heuristic,1,0,1
SIHDR_062,SIHDR_062_e12.jpg,852,8000.000000,32,1024,SDR,56,12,100,14.0,8000.0,6.321928094887363,11.287712379549449,9.380821783948145,11.287712379549449,0.75,1,,,0.55,sihdr_reference_heuristic,1,0,1
SIHDR_062,SIHDR_062_e13.jpg,853,4000.000000,32,1024,SDR,56,13,100,14.0,4000.0,5.321928094887363,11.287712379549449,9.380821783948145,11.287712379549449,0.75,1,,,0.55,sihdr_reference_heuristic,1,0,1
SIHDR_062,SIHDR_062_e14.jpg,854,2000.000000,32,1024,SDR,56,14,100,14.0,2000.0,4.321928094887363,11.287712379549449,9.380821783948145,11.287712379549449,0.75,1,,,0.55,sihdr_reference_heuristic,1,0,1
SIHDR_063,SIHDR_063_e00.jpg,855,15000000.000000,32,1024,SDR,57,0,100,14.0,15000000.0,17.194602975157967,17.194602975157967,15.872674880270605,17.194602975157967,0.5,,,,0.55,sihdr_reference_heuristic,0,0,0
SIHDR_063,SIHDR_063_e01.jpg,856,8000000.000000,32,1024,SDR,57,1,100,14.0,8000000.0,16.28771237954945,17.194602975157967,15.872674880270605,17.194602975157967,0.5,,,,0.55,sihdr_reference_heuristic,0,0,0
SIHDR_063,SIHDR_063_e02.jpg,857,6000000.000000,32,1024,SDR,57,2,100,14.0,6000000.0,15.872674880270605,17.194602975157967,15.872674880270605,17.194602975157967,0.5,,,,0.55,sihdr_reference_heuristic,0,0,0
SIHDR_063,SIHDR_063_e03.jpg,858,4000000.000000,32,1024,SDR,57,3,100,14.0,4000000.0,15.287712379549449,17.194602975157967,15.872674880270605,17.194602975157967,0.5,,,,0.55,sihdr_reference_heuristic,0,0,0
SIHDR_063,SIHDR_063_e04.jpg,859,2000000.000000,32,1024,SDR,57,4,100,14.0,2000000.0,14.287712379549449,17.194602975157967,15.872674880270605,17.194602975157967,0.5,,,,0.55,sihdr_reference_heuristic,0,0,0
SIHDR_063,SIHDR_063_e05.jpg,860,1000000.000000,32,1024,SDR,57,5,100,14.0,1000000.0,13.287712379549449,17.194602975157967,15.872674880270605,17.194602975157967,0.5,,,,0.55,sihdr_reference_heuristic,0,0,0
SIHDR_063,SIHDR_063_e06.jpg,861,500000.000000,32,1024,SDR,57,6,100,14.0,500000.0,12.287712379549449,17.194602975157967,15.872674880270605,17.194602975157967,0.5,,,,0.55,sihdr_reference_heuristic,0,0,0
SIHDR_063,SIHDR_063_e07.jpg,862,250000.000000,32,1024,SDR,57,7,100,14.0,250000.0,11.287712379549449,17.194602975157967,15.872674880270605,17.194602975157967,0.5,,,,0.55,sihdr_reference_heuristic,0,0,0
SIHDR_063,SIHDR_063_e08.jpg,863,125000.000000,32,1024,SDR,57,8,100,14.0,125000.0,10.287712379549449,17.194602975157967,15.872674880270605,17.194602975157967,0.5,,,,0.55,sihdr_reference_heuristic,0,0,0
SIHDR_063,SIHDR_063_e09.jpg,864,66666.666667,32,1024,SDR,57,9,100,14.0,66666.666667,9.380821783948145,17.194602975157967,15.872674880270605,17.194602975157967,0.5,,,,0.55,sihdr_reference_heuristic,0,0,0
SIHDR_063,SIHDR_063_e10.jpg,865,33333.333333,32,1024,SDR,57,10,100,14.0,33333.333333,8.380821783926503,17.194602975157967,15.872674880270605,17.194602975157967,0.5,,,,0.55,sihdr_reference_heuristic,0,0,0
SIHDR_063,SIHDR_063_e11.jpg,866,16666.666667,32,1024,SDR,57,11,100,14.0,16666.666667,7.380821783969785,17.194602975157967,15.872674880270605,17.194602975157967,0.5,,,,0.55,sihdr_reference_heuristic,0,0,0
SIHDR_063,SIHDR_063_e12.jpg,867,8000.000000,32,1024,SDR,57,12,100,14.0,8000.0,6.321928094887363,17.194602975157967,15.872674880270605,17.194602975157967,0.5,,,,0.55,sihdr_reference_heuristic,0,0,0
SIHDR_063,SIHDR_063_e13.jpg,868,4000.000000,32,1024,SDR,57,13,100,14.0,4000.0,5.321928094887363,17.194602975157967,15.872674880270605,17.194602975157967,0.5,,,,0.55,sihdr_reference_heuristic,0,0,0
SIHDR_063,SIHDR_063_e14.jpg,869,2000.000000,32,1024,SDR,57,14,100,14.0,2000.0,4.321928094887363,17.194602975157967,15.872674880270605,17.194602975157967,0.5,,,,0.55,sihdr_reference_heuristic,0,0,0
SIHDR_064,SIHDR_064_e00.jpg,870,15000000.000000,32,1024,SDR,58,0,100,14.0,15000000.0,17.194602975157967,17.194602975157967,16.28771237954945,17.194602975157967,0.5,,,,0.55,sihdr_reference_heuristic,0,0,0
SIHDR_064,SIHDR_064_e01.jpg,871,8000000.000000,32,1024,SDR,58,1,100,14.0,8000000.0,16.28771237954945,17.194602975157967,16.28771237954945,17.194602975157967,0.5,,,,0.55,sihdr_reference_heuristic,0,0,0
SIHDR_064,SIHDR_064_e02.jpg,872,6000000.000000,32,1024,SDR,58,2,100,14.0,6000000.0,15.872674880270605,17.194602975157967,16.28771237954945,17.194602975157967,0.5,,,,0.55,sihdr_reference_heuristic,0,0,0
SIHDR_064,SIHDR_064_e03.jpg,873,4000000.000000,32,1024,SDR,58,3,100,14.0,4000000.0,15.287712379549449,17.194602975157967,16.28771237954945,17.194602975157967,0.5,,,,0.55,sihdr_reference_heuristic,0,0,0
SIHDR_064,SIHDR_064_e04.jpg,874,2000000.000000,32,1024,SDR,58,4,100,14.0,2000000.0,14.287712379549449,17.194602975157967,16.28771237954945,17.194602975157967,0.5,,,,0.55,sihdr_reference_heuristic,0,0,0
SIHDR_064,SIHDR_064_e05.jpg,875,1000000.000000,32,1024,SDR,58,5,100,14.0,1000000.0,13.287712379549449,17.194602975157967,16.28771237954945,17.194602975157967,0.5,,,,0.55,sihdr_reference_heuristic,0,0,0
SIHDR_064,SIHDR_064_e06.jpg,876,500000.000000,32,1024,SDR,58,6,100,14.0,500000.0,12.287712379549449,17.194602975157967,16.28771237954945,17.194602975157967,0.5,,,,0.55,sihdr_reference_heuristic,0,0,0
SIHDR_064,SIHDR_064_e07.jpg,877,250000.000000,32,1024,SDR,58,7,100,14.0,250000.0,11.287712379549449,17.194602975157967,16.28771237954945,17.194602975157967,0.5,,,,0.55,sihdr_reference_heuristic,0,0,0
SIHDR_064,SIHDR_064_e08.jpg,878,125000.000000,32,1024,SDR,58,8,100,14.0,125000.0,10.287712379549449,17.194602975157967,16.28771237954945,17.194602975157967,0.5,,,,0.55,sihdr_reference_heuristic,0,0,0
SIHDR_064,SIHDR_064_e09.jpg,879,66666.666667,32,1024,SDR,58,9,100,14.0,66666.666667,9.380821783948145,17.194602975157967,16.28771237954945,17.194602975157967,0.5,,,,0.55,sihdr_reference_heuristic,0,0,0
SIHDR_064,SIHDR_064_e10.jpg,880,33333.333333,32,1024,SDR,58,10,100,14.0,33333.333333,8.380821783926503,17.194602975157967,16.28771237954945,17.194602975157967,0.5,,,,0.55,sihdr_reference_heuristic,0,0,0
SIHDR_064,SIHDR_064_e11.jpg,881,16666.666667,32,1024,SDR,58,11,100,14.0,16666.666667,7.380821783969785,17.194602975157967,16.28771237954945,17.194602975157967,0.5,,,,0.55,sihdr_reference_heuristic,0,0,0
SIHDR_064,SIHDR_064_e12.jpg,882,8000.000000,32,1024,SDR,58,12,100,14.0,8000.0,6.321928094887363,17.194602975157967,16.28771237954945,17.194602975157967,0.5,,,,0.55,sihdr_reference_heuristic,0,0,0
SIHDR_064,SIHDR_064_e13.jpg,883,4000.000000,32,1024,SDR,58,13,100,14.0,4000.0,5.321928094887363,17.194602975157967,16.28771237954945,17.194602975157967,0.5,,,,0.55,sihdr_reference_heuristic,0,0,0
SIHDR_064,SIHDR_064_e14.jpg,884,2000.000000,32,1024,SDR,58,14,100,14.0,2000.0,4.321928094887363,17.194602975157967,16.28771237954945,17.194602975157967,0.5,,,,0.55,sihdr_reference_heuristic,0,0,0
SIHDR_066,SIHDR_066_e00.jpg,885,15000000.000000,32,1024,SDR,59,0,100,14.0,15000000.0,17.194602975157967,17.194602975157967,16.28771237954945,17.194602975157967,0.75,1,,,0.55,sihdr_reference_heuristic,1,0,0
SIHDR_066,SIHDR_066_e01.jpg,886,8000000.000000,32,1024,SDR,59,1,100,14.0,8000000.0,16.28771237954945,17.194602975157967,16.28771237954945,17.194602975157967,0.75,1,,,0.55,sihdr_reference_heuristic,1,0,0
SIHDR_066,SIHDR_066_e02.jpg,887,6000000.000000,32,1024,SDR,59,2,100,14.0,6000000.0,15.872674880270605,17.194602975157967,16.28771237954945,17.194602975157967,0.75,1,,,0.55,sihdr_reference_heuristic,1,0,0
SIHDR_066,SIHDR_066_e03.jpg,888,4000000.000000,32,1024,SDR,59,3,100,14.0,4000000.0,15.287712379549449,17.194602975157967,16.28771237954945,17.194602975157967,0.75,1,,,0.55,sihdr_reference_heuristic,1,0,0
SIHDR_066,SIHDR_066_e04.jpg,889,2000000.000000,32,1024,SDR,59,4,100,14.0,2000000.0,14.287712379549449,17.194602975157967,16.28771237954945,17.194602975157967,0.75,1,,,0.55,sihdr_reference_heuristic,1,0,0
SIHDR_066,SIHDR_066_e05.jpg,890,1000000.000000,32,1024,SDR,59,5,100,14.0,1000000.0,13.287712379549449,17.194602975157967,16.28771237954945,17.194602975157967,0.75,1,,,0.55,sihdr_reference_heuristic,1,0,0
SIHDR_066,SIHDR_066_e06.jpg,891,500000.000000,32,1024,SDR,59,6,100,14.0,500000.0,12.287712379549449,17.194602975157967,16.28771237954945,17.194602975157967,0.75,1,,,0.55,sihdr_reference_heuristic,1,0,0
SIHDR_066,SIHDR_066_e07.jpg,892,250000.000000,32,1024,SDR,59,7,100,14.0,250000.0,11.287712379549449,17.194602975157967,16.28771237954945,17.194602975157967,0.75,1,,,0.55,sihdr_reference_heuristic,1,0,0
SIHDR_066,SIHDR_066_e08.jpg,893,125000.000000,32,1024,SDR,59,8,100,14.0,125000.0,10.287712379549449,17.194602975157967,16.28771237954945,17.194602975157967,0.75,1,,,0.55,sihdr_reference_heuristic,1,0,0
SIHDR_066,SIHDR_066_e09.jpg,894,66666.666667,32,1024,SDR,59,9,100,14.0,66666.666667,9.380821783948145,17.194602975157967,16.28771237954945,17.194602975157967,0.75,1,,,0.55,sihdr_reference_heuristic,1,0,0
SIHDR_066,SIHDR_066_e10.jpg,895,33333.333333,32,1024,SDR,59,10,100,14.0,33333.333333,8.380821783926503,17.194602975157967,16.28771237954945,17.194602975157967,0.75,1,,,0.55,sihdr_reference_heuristic,1,0,0
SIHDR_066,SIHDR_066_e11.jpg,896,16666.666667,32,1024,SDR,59,11,100,14.0,16666.666667,7.380821783969785,17.194602975157967,16.28771237954945,17.194602975157967,0.75,1,,,0.55,sihdr_reference_heuristic,1,0,0
SIHDR_066,SIHDR_066_e12.jpg,897,8000.000000,32,1024,SDR,59,12,100,14.0,8000.0,6.321928094887363,17.194602975157967,16.28771237954945,17.194602975157967,0.75,1,,,0.55,sihdr_reference_heuristic,1,0,0
SIHDR_066,SIHDR_066_e13.jpg,898,4000.000000,32,1024,SDR,59,13,100,14.0,4000.0,5.321928094887363,17.194602975157967,16.28771237954945,17.194602975157967,0.75,1,,,0.55,sihdr_reference_heuristic,1,0,0
SIHDR_066,SIHDR_066_e14.jpg,899,2000.000000,32,1024,SDR,59,14,100,14.0,2000.0,4.321928094887363,17.194602975157967,16.28771237954945,17.194602975157967,0.75,1,,,0.55,sihdr_reference_heuristic,1,0,0
SIHDR_067,SIHDR_067_e00.jpg,900,15000000.000000,32,1024,SDR,60,0,100,14.0,15000000.0,17.194602975157967,9.380821783948145,9.380821783948145,9.380821783948145,0.75,1,,,0.55,sihdr_reference_heuristic,1,0,1
SIHDR_067,SIHDR_067_e01.jpg,901,8000000.000000,32,1024,SDR,60,1,100,14.0,8000000.0,16.28771237954945,9.380821783948145,9.380821783948145,9.380821783948145,0.75,1,,,0.55,sihdr_reference_heuristic,1,0,1
SIHDR_067,SIHDR_067_e02.jpg,902,6000000.000000,32,1024,SDR,60,2,100,14.0,6000000.0,15.872674880270605,9.380821783948145,9.380821783948145,9.380821783948145,0.75,1,,,0.55,sihdr_reference_heuristic,1,0,1
SIHDR_067,SIHDR_067_e03.jpg,903,4000000.000000,32,1024,SDR,60,3,100,14.0,4000000.0,15.287712379549449,9.380821783948145,9.380821783948145,9.380821783948145,0.75,1,,,0.55,sihdr_reference_heuristic,1,0,1
SIHDR_067,SIHDR_067_e04.jpg,904,2000000.000000,32,1024,SDR,60,4,100,14.0,2000000.0,14.287712379549449,9.380821783948145,9.380821783948145,9.380821783948145,0.75,1,,,0.55,sihdr_reference_heuristic,1,0,1
SIHDR_067,SIHDR_067_e05.jpg,905,1000000.000000,32,1024,SDR,60,5,100,14.0,1000000.0,13.287712379549449,9.380821783948145,9.380821783948145,9.380821783948145,0.75,1,,,0.55,sihdr_reference_heuristic,1,0,1
SIHDR_067,SIHDR_067_e06.jpg,906,500000.000000,32,1024,SDR,60,6,100,14.0,500000.0,12.287712379549449,9.380821783948145,9.380821783948145,9.380821783948145,0.75,1,,,0.55,sihdr_reference_heuristic,1,0,1
SIHDR_067,SIHDR_067_e07.jpg,907,250000.000000,32,1024,SDR,60,7,100,14.0,250000.0,11.287712379549449,9.380821783948145,9.380821783948145,9.380821783948145,0.75,1,,,0.55,sihdr_reference_heuristic,1,0,1
SIHDR_067,SIHDR_067_e08.jpg,908,125000.000000,32,1024,SDR,60,8,100,14.0,125000.0,10.287712379549449,9.380821783948145,9.380821783948145,9.380821783948145,0.75,1,,,0.55,sihdr_reference_heuristic,1,0,1
SIHDR_067,SIHDR_067_e09.jpg,909,66666.666667,32,1024,SDR,60,9,100,14.0,66666.666667,9.380821783948145,9.380821783948145,9.380821783948145,9.380821783948145,0.75,1,,,0.55,sihdr_reference_heuristic,1,0,1
SIHDR_067,SIHDR_067_e10.jpg,910,33333.333333,32,1024,SDR,60,10,100,14.0,33333.333333,8.380821783926503,9.380821783948145,9.380821783948145,9.380821783948145,0.75,1,,,0.55,sihdr_reference_heuristic,1,0,1
SIHDR_067,SIHDR_067_e11.jpg,911,16666.666667,32,1024,SDR,60,11,100,14.0,16666.666667,7.380821783969785,9.380821783948145,9.380821783948145,9.380821783948145,0.75,1,,,0.55,sihdr_reference_heuristic,1,0,1
SIHDR_067,SIHDR_067_e12.jpg,912,8000.000000,32,1024,SDR,60,12,100,14.0,8000.0,6.321928094887363,9.380821783948145,9.380821783948145,9.380821783948145,0.75,1,,,0.55,sihdr_reference_heuristic,1,0,1
SIHDR_067,SIHDR_067_e13.jpg,913,4000.000000,32,1024,SDR,60,13,100,14.0,4000.0,5.321928094887363,9.380821783948145,9.380821783948145,9.380821783948145,0.75,1,,,0.55,sihdr_reference_heuristic,1,0,1
SIHDR_067,SIHDR_067_e14.jpg,914,2000.000000,32,1024,SDR,60,14,100,14.0,2000.0,4.321928094887363,9.380821783948145,9.380821783948145,9.380821783948145,0.75,1,,,0.55,sihdr_reference_heuristic,1,0,1
SIHDR_068,SIHDR_068_e00.jpg,915,15000000.000000,32,1024,SDR,61,0,100,14.0,15000000.0,17.194602975157967,9.380821783948145,9.380821783948145,9.380821783948145,0.75,1,,,0.55,sihdr_reference_heuristic,1,0,1
SIHDR_068,SIHDR_068_e01.jpg,916,8000000.000000,32,1024,SDR,61,1,100,14.0,8000000.0,16.28771237954945,9.380821783948145,9.380821783948145,9.380821783948145,0.75,1,,,0.55,sihdr_reference_heuristic,1,0,1
SIHDR_068,SIHDR_068_e02.jpg,917,6000000.000000,32,1024,SDR,61,2,100,14.0,6000000.0,15.872674880270605,9.380821783948145,9.380821783948145,9.380821783948145,0.75,1,,,0.55,sihdr_reference_heuristic,1,0,1
SIHDR_068,SIHDR_068_e03.jpg,918,4000000.000000,32,1024,SDR,61,3,100,14.0,4000000.0,15.287712379549449,9.380821783948145,9.380821783948145,9.380821783948145,0.75,1,,,0.55,sihdr_reference_heuristic,1,0,1
SIHDR_068,SIHDR_068_e04.jpg,919,2000000.000000,32,1024,SDR,61,4,100,14.0,2000000.0,14.287712379549449,9.380821783948145,9.380821783948145,9.380821783948145,0.75,1,,,0.55,sihdr_reference_heuristic,1,0,1
SIHDR_068,SIHDR_068_e05.jpg,920,1000000.000000,32,1024,SDR,61,5,100,14.0,1000000.0,13.287712379549449,9.380821783948145,9.380821783948145,9.380821783948145,0.75,1,,,0.55,sihdr_reference_heuristic,1,0,1
SIHDR_068,SIHDR_068_e06.jpg,921,500000.000000,32,1024,SDR,61,6,100,14.0,500000.0,12.287712379549449,9.380821783948145,9.380821783948145,9.380821783948145,0.75,1,,,0.55,sihdr_reference_heuristic,1,0,1
SIHDR_068,SIHDR_068_e07.jpg,922,250000.000000,32,1024,SDR,61,7,100,14.0,250000.0,11.287712379549449,9.380821783948145,9.380821783948145,9.380821783948145,0.75,1,,,0.55,sihdr_reference_heuristic,1,0,1
SIHDR_068,SIHDR_068_e08.jpg,923,125000.000000,32,1024,SDR,61,8,100,14.0,125000.0,10.287712379549449,9.380821783948145,9.380821783948145,9.380821783948145,0.75,1,,,0.55,sihdr_reference_heuristic,1,0,1
SIHDR_068,SIHDR_068_e09.jpg,924,66666.666667,32,1024,SDR,61,9,100,14.0,66666.666667,9.380821783948145,9.380821783948145,9.380821783948145,9.380821783948145,0.75,1,,,0.55,sihdr_reference_heuristic,1,0,1
SIHDR_068,SIHDR_068_e10.jpg,925,33333.333333,32,1024,SDR,61,10,100,14.0,33333.333333,8.380821783926503,9.380821783948145,9.380821783948145,9.380821783948145,0.75,1,,,0.55,sihdr_reference_heuristic,1,0,1
SIHDR_068,SIHDR_068_e11.jpg,926,16666.666667,32,1024,SDR,61,11,100,14.0,16666.666667,7.380821783969785,9.380821783948145,9.380821783948145,9.380821783948145,0.75,1,,,0.55,sihdr_reference_heuristic,1,0,1
SIHDR_068,SIHDR_068_e12.jpg,927,8000.000000,32,1024,SDR,61,12,100,14.0,8000.0,6.321928094887363,9.380821783948145,9.380821783948145,9.380821783948145,0.75,1,,,0.55,sihdr_reference_heuristic,1,0,1
SIHDR_068,SIHDR_068_e13.jpg,928,4000.000000,32,1024,SDR,61,13,100,14.0,4000.0,5.321928094887363,9.380821783948145,9.380821783948145,9.380821783948145,0.75,1,,,0.55,sihdr_reference_heuristic,1,0,1
SIHDR_068,SIHDR_068_e14.jpg,929,2000.000000,32,1024,SDR,61,14,100,14.0,2000.0,4.321928094887363,9.380821783948145,9.380821783948145,9.380821783948145,0.75,1,,,0.55,sihdr_reference_heuristic,1,0,1
SIHDR_069,SIHDR_069_e00.jpg,930,15000000.000000,32,1024,SDR,62,0,100,14.0,15000000.0,17.194602975157967,12.287712379549449,10.287712379549449,12.287712379549449,0.75,1,,,0.55,sihdr_reference_heuristic,1,0,1
SIHDR_069,SIHDR_069_e01.jpg,931,8000000.000000,32,1024,SDR,62,1,100,14.0,8000000.0,16.28771237954945,12.287712379549449,10.287712379549449,12.287712379549449,0.75,1,,,0.55,sihdr_reference_heuristic,1,0,1
SIHDR_069,SIHDR_069_e02.jpg,932,6000000.000000,32,1024,SDR,62,2,100,14.0,6000000.0,15.872674880270605,12.287712379549449,10.287712379549449,12.287712379549449,0.75,1,,,0.55,sihdr_reference_heuristic,1,0,1
SIHDR_069,SIHDR_069_e03.jpg,933,4000000.000000,32,1024,SDR,62,3,100,14.0,4000000.0,15.287712379549449,12.287712379549449,10.287712379549449,12.287712379549449,0.75,1,,,0.55,sihdr_reference_heuristic,1,0,1
SIHDR_069,SIHDR_069_e04.jpg,934,2000000.000000,32,1024,SDR,62,4,100,14.0,2000000.0,14.287712379549449,12.287712379549449,10.287712379549449,12.287712379549449,0.75,1,,,0.55,sihdr_reference_heuristic,1,0,1
SIHDR_069,SIHDR_069_e05.jpg,935,1000000.000000,32,1024,SDR,62,5,100,14.0,1000000.0,13.287712379549449,12.287712379549449,10.287712379549449,12.287712379549449,0.75,1,,,0.55,sihdr_reference_heuristic,1,0,1
SIHDR_069,SIHDR_069_e06.jpg,936,500000.000000,32,1024,SDR,62,6,100,14.0,500000.0,12.287712379549449,12.287712379549449,10.287712379549449,12.287712379549449,0.75,1,,,0.55,sihdr_reference_heuristic,1,0,1
SIHDR_069,SIHDR_069_e07.jpg,937,250000.000000,32,1024,SDR,62,7,100,14.0,250000.0,11.287712379549449,12.287712379549449,10.287712379549449,12.287712379549449,0.75,1,,,0.55,sihdr_reference_heuristic,1,0,1
SIHDR_069,SIHDR_069_e08.jpg,938,125000.000000,32,1024,SDR,62,8,100,14.0,125000.0,10.287712379549449,12.287712379549449,10.287712379549449,12.287712379549449,0.75,1,,,0.55,sihdr_reference_heuristic,1,0,1
SIHDR_069,SIHDR_069_e09.jpg,939,66666.666667,32,1024,SDR,62,9,100,14.0,66666.666667,9.380821783948145,12.287712379549449,10.287712379549449,12.287712379549449,0.75,1,,,0.55,sihdr_reference_heuristic,1,0,1
SIHDR_069,SIHDR_069_e10.jpg,940,33333.333333,32,1024,SDR,62,10,100,14.0,33333.333333,8.380821783926503,12.287712379549449,10.287712379549449,12.287712379549449,0.75,1,,,0.55,sihdr_reference_heuristic,1,0,1
SIHDR_069,SIHDR_069_e11.jpg,941,16666.666667,32,1024,SDR,62,11,100,14.0,16666.666667,7.380821783969785,12.287712379549449,10.287712379549449,12.287712379549449,0.75,1,,,0.55,sihdr_reference_heuristic,1,0,1
SIHDR_069,SIHDR_069_e12.jpg,942,8000.000000,32,1024,SDR,62,12,100,14.0,8000.0,6.321928094887363,12.287712379549449,10.287712379549449,12.287712379549449,0.75,1,,,0.55,sihdr_reference_heuristic,1,0,1
SIHDR_069,SIHDR_069_e13.jpg,943,4000.000000,32,1024,SDR,62,13,100,14.0,4000.0,5.321928094887363,12.287712379549449,10.287712379549449,12.287712379549449,0.75,1,,,0.55,sihdr_reference_heuristic,1,0,1
SIHDR_069,SIHDR_069_e14.jpg,944,2000.000000,32,1024,SDR,62,14,100,14.0,2000.0,4.321928094887363,12.287712379549449,10.287712379549449,12.287712379549449,0.75,1,,,0.55,sihdr_reference_heuristic,1,0,1
SIHDR_070,SIHDR_070_e00.jpg,945,15000000.000000,32,1024,SDR,63,0,100,14.0,15000000.0,17.194602975157967,12.287712379549449,10.287712379549449,12.287712379549449,0.75,1,,,0.55,sihdr_reference_heuristic,1,0,1
SIHDR_070,SIHDR_070_e01.jpg,946,8000000.000000,32,1024,SDR,63,1,100,14.0,8000000.0,16.28771237954945,12.287712379549449,10.287712379549449,12.287712379549449,0.75,1,,,0.55,sihdr_reference_heuristic,1,0,1
SIHDR_070,SIHDR_070_e02.jpg,947,6000000.000000,32,1024,SDR,63,2,100,14.0,6000000.0,15.872674880270605,12.287712379549449,10.287712379549449,12.287712379549449,0.75,1,,,0.55,sihdr_reference_heuristic,1,0,1
SIHDR_070,SIHDR_070_e03.jpg,948,4000000.000000,32,1024,SDR,63,3,100,14.0,4000000.0,15.287712379549449,12.287712379549449,10.287712379549449,12.287712379549449,0.75,1,,,0.55,sihdr_reference_heuristic,1,0,1
SIHDR_070,SIHDR_070_e04.jpg,949,2000000.000000,32,1024,SDR,63,4,100,14.0,2000000.0,14.287712379549449,12.287712379549449,10.287712379549449,12.287712379549449,0.75,1,,,0.55,sihdr_reference_heuristic,1,0,1
SIHDR_070,SIHDR_070_e05.jpg,950,1000000.000000,32,1024,SDR,63,5,100,14.0,1000000.0,13.287712379549449,12.287712379549449,10.287712379549449,12.287712379549449,0.75,1,,,0.55,sihdr_reference_heuristic,1,0,1
SIHDR_070,SIHDR_070_e06.jpg,951,500000.000000,32,1024,SDR,63,6,100,14.0,500000.0,12.287712379549449,12.287712379549449,10.287712379549449,12.287712379549449,0.75,1,,,0.55,sihdr_reference_heuristic,1,0,1
SIHDR_070,SIHDR_070_e07.jpg,952,250000.000000,32,1024,SDR,63,7,100,14.0,250000.0,11.287712379549449,12.287712379549449,10.287712379549449,12.287712379549449,0.75,1,,,0.55,sihdr_reference_heuristic,1,0,1
SIHDR_070,SIHDR_070_e08.jpg,953,125000.000000,32,1024,SDR,63,8,100,14.0,125000.0,10.287712379549449,12.287712379549449,10.287712379549449,12.287712379549449,0.75,1,,,0.55,sihdr_reference_heuristic,1,0,1
SIHDR_070,SIHDR_070_e09.jpg,954,66666.666667,32,1024,SDR,63,9,100,14.0,66666.666667,9.380821783948145,12.287712379549449,10.287712379549449,12.287712379549449,0.75,1,,,0.55,sihdr_reference_heuristic,1,0,1
SIHDR_070,SIHDR_070_e10.jpg,955,33333.333333,32,1024,SDR,63,10,100,14.0,33333.333333,8.380821783926503,12.287712379549449,10.287712379549449,12.287712379549449,0.75,1,,,0.55,sihdr_reference_heuristic,1,0,1
SIHDR_070,SIHDR_070_e11.jpg,956,16666.666667,32,1024,SDR,63,11,100,14.0,16666.666667,7.380821783969785,12.287712379549449,10.287712379549449,12.287712379549449,0.75,1,,,0.55,sihdr_reference_heuristic,1,0,1
SIHDR_070,SIHDR_070_e12.jpg,957,8000.000000,32,1024,SDR,63,12,100,14.0,8000.0,6.321928094887363,12.287712379549449,10.287712379549449,12.287712379549449,0.75,1,,,0.55,sihdr_reference_heuristic,1,0,1
SIHDR_070,SIHDR_070_e13.jpg,958,4000.000000,32,1024,SDR,63,13,100,14.0,4000.0,5.321928094887363,12.287712379549449,10.287712379549449,12.287712379549449,0.75,1,,,0.55,sihdr_reference_heuristic,1,0,1
SIHDR_070,SIHDR_070_e14.jpg,959,2000.000000,32,1024,SDR,63,14,100,14.0,2000.0,4.321928094887363,12.287712379549449,10.287712379549449,12.287712379549449,0.75,1,,,0.55,sihdr_reference_heuristic,1,0,1
SIHDR_071,SIHDR_071_e00.jpg,960,15000000.000000,32,1024,SDR,64,0,100,14.0,15000000.0,17.194602975157967,11.287712379549449,10.287712379549449,11.287712379549449,0.75,1,,,0.55,sihdr_reference_heuristic,1,0,1
SIHDR_071,SIHDR_071_e01.jpg,961,8000000.000000,32,1024,SDR,64,1,100,14.0,8000000.0,16.28771237954945,11.287712379549449,10.287712379549449,11.287712379549449,0.75,1,,,0.55,sihdr_reference_heuristic,1,0,1
SIHDR_071,SIHDR_071_e02.jpg,962,6000000.000000,32,1024,SDR,64,2,100,14.0,6000000.0,15.872674880270605,11.287712379549449,10.287712379549449,11.287712379549449,0.75,1,,,0.55,sihdr_reference_heuristic,1,0,1
SIHDR_071,SIHDR_071_e03.jpg,963,4000000.000000,32,1024,SDR,64,3,100,14.0,4000000.0,15.287712379549449,11.287712379549449,10.287712379549449,11.287712379549449,0.75,1,,,0.55,sihdr_reference_heuristic,1,0,1
SIHDR_071,SIHDR_071_e04.jpg,964,2000000.000000,32,1024,SDR,64,4,100,14.0,2000000.0,14.287712379549449,11.287712379549449,10.287712379549449,11.287712379549449,0.75,1,,,0.55,sihdr_reference_heuristic,1,0,1
SIHDR_071,SIHDR_071_e05.jpg,965,1000000.000000,32,1024,SDR,64,5,100,14.0,1000000.0,13.287712379549449,11.287712379549449,10.287712379549449,11.287712379549449,0.75,1,,,0.55,sihdr_reference_heuristic,1,0,1
SIHDR_071,SIHDR_071_e06.jpg,966,500000.000000,32,1024,SDR,64,6,100,14.0,500000.0,12.287712379549449,11.287712379549449,10.287712379549449,11.287712379549449,0.75,1,,,0.55,sihdr_reference_heuristic,1,0,1
SIHDR_071,SIHDR_071_e07.jpg,967,250000.000000,32,1024,SDR,64,7,100,14.0,250000.0,11.287712379549449,11.287712379549449,10.287712379549449,11.287712379549449,0.75,1,,,0.55,sihdr_reference_heuristic,1,0,1
SIHDR_071,SIHDR_071_e08.jpg,968,125000.000000,32,1024,SDR,64,8,100,14.0,125000.0,10.287712379549449,11.287712379549449,10.287712379549449,11.287712379549449,0.75,1,,,0.55,sihdr_reference_heuristic,1,0,1
SIHDR_071,SIHDR_071_e09.jpg,969,66666.666667,32,1024,SDR,64,9,100,14.0,66666.666667,9.380821783948145,11.287712379549449,10.287712379549449,11.287712379549449,0.75,1,,,0.55,sihdr_reference_heuristic,1,0,1
SIHDR_071,SIHDR_071_e10.jpg,970,33333.333333,32,1024,SDR,64,10,100,14.0,33333.333333,8.380821783926503,11.287712379549449,10.287712379549449,11.287712379549449,0.75,1,,,0.55,sihdr_reference_heuristic,1,0,1
SIHDR_071,SIHDR_071_e11.jpg,971,16666.666667,32,1024,SDR,64,11,100,14.0,16666.666667,7.380821783969785,11.287712379549449,10.287712379549449,11.287712379549449,0.75,1,,,0.55,sihdr_reference_heuristic,1,0,1
SIHDR_071,SIHDR_071_e12.jpg,972,8000.000000,32,1024,SDR,64,12,100,14.0,8000.0,6.321928094887363,11.287712379549449,10.287712379549449,11.287712379549449,0.75,1,,,0.55,sihdr_reference_heuristic,1,0,1
SIHDR_071,SIHDR_071_e13.jpg,973,4000.000000,32,1024,SDR,64,13,100,14.0,4000.0,5.321928094887363,11.287712379549449,10.287712379549449,11.287712379549449,0.75,1,,,0.55,sihdr_reference_heuristic,1,0,1
SIHDR_071,SIHDR_071_e14.jpg,974,2000.000000,32,1024,SDR,64,14,100,14.0,2000.0,4.321928094887363,11.287712379549449,10.287712379549449,11.287712379549449,0.75,1,,,0.55,sihdr_reference_heuristic,1,0,1
SIHDR_072,SIHDR_072_e00.jpg,975,15000000.000000,32,1024,SDR,65,0,100,14.0,15000000.0,17.194602975157967,9.380821783948145,8.380821783926503,9.380821783948145,0.75,1,,,0.55,sihdr_reference_heuristic,1,0,1
SIHDR_072,SIHDR_072_e01.jpg,976,8000000.000000,32,1024,SDR,65,1,100,14.0,8000000.0,16.28771237954945,9.380821783948145,8.380821783926503,9.380821783948145,0.75,1,,,0.55,sihdr_reference_heuristic,1,0,1
SIHDR_072,SIHDR_072_e02.jpg,977,6000000.000000,32,1024,SDR,65,2,100,14.0,6000000.0,15.872674880270605,9.380821783948145,8.380821783926503,9.380821783948145,0.75,1,,,0.55,sihdr_reference_heuristic,1,0,1
SIHDR_072,SIHDR_072_e03.jpg,978,4000000.000000,32,1024,SDR,65,3,100,14.0,4000000.0,15.287712379549449,9.380821783948145,8.380821783926503,9.380821783948145,0.75,1,,,0.55,sihdr_reference_heuristic,1,0,1
SIHDR_072,SIHDR_072_e04.jpg,979,2000000.000000,32,1024,SDR,65,4,100,14.0,2000000.0,14.287712379549449,9.380821783948145,8.380821783926503,9.380821783948145,0.75,1,,,0.55,sihdr_reference_heuristic,1,0,1
SIHDR_072,SIHDR_072_e05.jpg,980,1000000.000000,32,1024,SDR,65,5,100,14.0,1000000.0,13.287712379549449,9.380821783948145,8.380821783926503,9.380821783948145,0.75,1,,,0.55,sihdr_reference_heuristic,1,0,1
SIHDR_072,SIHDR_072_e06.jpg,981,500000.000000,32,1024,SDR,65,6,100,14.0,500000.0,12.287712379549449,9.380821783948145,8.380821783926503,9.380821783948145,0.75,1,,,0.55,sihdr_reference_heuristic,1,0,1
SIHDR_072,SIHDR_072_e07.jpg,982,250000.000000,32,1024,SDR,65,7,100,14.0,250000.0,11.287712379549449,9.380821783948145,8.380821783926503,9.380821783948145,0.75,1,,,0.55,sihdr_reference_heuristic,1,0,1
SIHDR_072,SIHDR_072_e08.jpg,983,125000.000000,32,1024,SDR,65,8,100,14.0,125000.0,10.287712379549449,9.380821783948145,8.380821783926503,9.380821783948145,0.75,1,,,0.55,sihdr_reference_heuristic,1,0,1
SIHDR_072,SIHDR_072_e09.jpg,984,66666.666667,32,1024,SDR,65,9,100,14.0,66666.666667,9.380821783948145,9.380821783948145,8.380821783926503,9.380821783948145,0.75,1,,,0.55,sihdr_reference_heuristic,1,0,1
SIHDR_072,SIHDR_072_e10.jpg,985,33333.333333,32,1024,SDR,65,10,100,14.0,33333.333333,8.380821783926503,9.380821783948145,8.380821783926503,9.380821783948145,0.75,1,,,0.55,sihdr_reference_heuristic,1,0,1
SIHDR_072,SIHDR_072_e11.jpg,986,16666.666667,32,1024,SDR,65,11,100,14.0,16666.666667,7.380821783969785,9.380821783948145,8.380821783926503,9.380821783948145,0.75,1,,,0.55,sihdr_reference_heuristic,1,0,1
SIHDR_072,SIHDR_072_e12.jpg,987,8000.000000,32,1024,SDR,65,12,100,14.0,8000.0,6.321928094887363,9.380821783948145,8.380821783926503,9.380821783948145,0.75,1,,,0.55,sihdr_reference_heuristic,1,0,1
SIHDR_072,SIHDR_072_e13.jpg,988,4000.000000,32,1024,SDR,65,13,100,14.0,4000.0,5.321928094887363,9.380821783948145,8.380821783926503,9.380821783948145,0.75,1,,,0.55,sihdr_reference_heuristic,1,0,1
SIHDR_072,SIHDR_072_e14.jpg,989,2000.000000,32,1024,SDR,65,14,100,14.0,2000.0,4.321928094887363,9.380821783948145,8.380821783926503,9.380821783948145,0.75,1,,,0.55,sihdr_reference_heuristic,1,0,1
SIHDR_073,SIHDR_073_e00.jpg,990,15000000.000000,32,1024,SDR,66,0,100,14.0,15000000.0,17.194602975157967,11.287712379549449,10.287712379549449,11.287712379549449,0.75,1,,,0.55,sihdr_reference_heuristic,1,0,1
SIHDR_073,SIHDR_073_e01.jpg,991,8000000.000000,32,1024,SDR,66,1,100,14.0,8000000.0,16.28771237954945,11.287712379549449,10.287712379549449,11.287712379549449,0.75,1,,,0.55,sihdr_reference_heuristic,1,0,1
SIHDR_073,SIHDR_073_e02.jpg,992,6000000.000000,32,1024,SDR,66,2,100,14.0,6000000.0,15.872674880270605,11.287712379549449,10.287712379549449,11.287712379549449,0.75,1,,,0.55,sihdr_reference_heuristic,1,0,1
SIHDR_073,SIHDR_073_e03.jpg,993,4000000.000000,32,1024,SDR,66,3,100,14.0,4000000.0,15.287712379549449,11.287712379549449,10.287712379549449,11.287712379549449,0.75,1,,,0.55,sihdr_reference_heuristic,1,0,1
SIHDR_073,SIHDR_073_e04.jpg,994,2000000.000000,32,1024,SDR,66,4,100,14.0,2000000.0,14.287712379549449,11.287712379549449,10.287712379549449,11.287712379549449,0.75,1,,,0.55,sihdr_reference_heuristic,1,0,1
SIHDR_073,SIHDR_073_e05.jpg,995,1000000.000000,32,1024,SDR,66,5,100,14.0,1000000.0,13.287712379549449,11.287712379549449,10.287712379549449,11.287712379549449,0.75,1,,,0.55,sihdr_reference_heuristic,1,0,1
SIHDR_073,SIHDR_073_e06.jpg,996,500000.000000,32,1024,SDR,66,6,100,14.0,500000.0,12.287712379549449,11.287712379549449,10.287712379549449,11.287712379549449,0.75,1,,,0.55,sihdr_reference_heuristic,1,0,1
SIHDR_073,SIHDR_073_e07.jpg,997,250000.000000,32,1024,SDR,66,7,100,14.0,250000.0,11.287712379549449,11.287712379549449,10.287712379549449,11.287712379549449,0.75,1,,,0.55,sihdr_reference_heuristic,1,0,1
SIHDR_073,SIHDR_073_e08.jpg,998,125000.000000,32,1024,SDR,66,8,100,14.0,125000.0,10.287712379549449,11.287712379549449,10.287712379549449,11.287712379549449,0.75,1,,,0.55,sihdr_reference_heuristic,1,0,1
SIHDR_073,SIHDR_073_e09.jpg,999,66666.666667,32,1024,SDR,66,9,100,14.0,66666.666667,9.380821783948145,11.287712379549449,10.287712379549449,11.287712379549449,0.75,1,,,0.55,sihdr_reference_heuristic,1,0,1
SIHDR_073,SIHDR_073_e10.jpg,1000,33333.333333,32,1024,SDR,66,10,100,14.0,33333.333333,8.380821783926503,11.287712379549449,10.287712379549449,11.287712379549449,0.75,1,,,0.55,sihdr_reference_heuristic,1,0,1
SIHDR_073,SIHDR_073_e11.jpg,1001,16666.666667,32,1024,SDR,66,11,100,14.0,16666.666667,7.380821783969785,11.287712379549449,10.287712379549449,11.287712379549449,0.75,1,,,0.55,sihdr_reference_heuristic,1,0,1
SIHDR_073,SIHDR_073_e12.jpg,1002,8000.000000,32,1024,SDR,66,12,100,14.0,8000.0,6.321928094887363,11.287712379549449,10.287712379549449,11.287712379549449,0.75,1,,,0.55,sihdr_reference_heuristic,1,0,1
SIHDR_073,SIHDR_073_e13.jpg,1003,4000.000000,32,1024,SDR,66,13,100,14.0,4000.0,5.321928094887363,11.287712379549449,10.287712379549449,11.287712379549449,0.75,1,,,0.55,sihdr_reference_heuristic,1,0,1
SIHDR_073,SIHDR_073_e14.jpg,1004,2000.000000,32,1024,SDR,66,14,100,14.0,2000.0,4.321928094887363,11.287712379549449,10.287712379549449,11.287712379549449,0.75,1,,,0.55,sihdr_reference_heuristic,1,0,1
SIHDR_074,SIHDR_074_e00.jpg,1005,15000000.000000,32,1024,SDR,67,0,100,14.0,15000000.0,17.194602975157967,13.287712379549449,10.287712379549449,13.287712379549449,0.75,1,,,0.55,sihdr_reference_heuristic,1,0,1
SIHDR_074,SIHDR_074_e01.jpg,1006,8000000.000000,32,1024,SDR,67,1,100,14.0,8000000.0,16.28771237954945,13.287712379549449,10.287712379549449,13.287712379549449,0.75,1,,,0.55,sihdr_reference_heuristic,1,0,1
SIHDR_074,SIHDR_074_e02.jpg,1007,6000000.000000,32,1024,SDR,67,2,100,14.0,6000000.0,15.872674880270605,13.287712379549449,10.287712379549449,13.287712379549449,0.75,1,,,0.55,sihdr_reference_heuristic,1,0,1
SIHDR_074,SIHDR_074_e03.jpg,1008,4000000.000000,32,1024,SDR,67,3,100,14.0,4000000.0,15.287712379549449,13.287712379549449,10.287712379549449,13.287712379549449,0.75,1,,,0.55,sihdr_reference_heuristic,1,0,1
SIHDR_074,SIHDR_074_e04.jpg,1009,2000000.000000,32,1024,SDR,67,4,100,14.0,2000000.0,14.287712379549449,13.287712379549449,10.287712379549449,13.287712379549449,0.75,1,,,0.55,sihdr_reference_heuristic,1,0,1
SIHDR_074,SIHDR_074_e05.jpg,1010,1000000.000000,32,1024,SDR,67,5,100,14.0,1000000.0,13.287712379549449,13.287712379549449,10.287712379549449,13.287712379549449,0.75,1,,,0.55,sihdr_reference_heuristic,1,0,1
SIHDR_074,SIHDR_074_e06.jpg,1011,500000.000000,32,1024,SDR,67,6,100,14.0,500000.0,12.287712379549449,13.287712379549449,10.287712379549449,13.287712379549449,0.75,1,,,0.55,sihdr_reference_heuristic,1,0,1
SIHDR_074,SIHDR_074_e07.jpg,1012,250000.000000,32,1024,SDR,67,7,100,14.0,250000.0,11.287712379549449,13.287712379549449,10.287712379549449,13.287712379549449,0.75,1,,,0.55,sihdr_reference_heuristic,1,0,1
SIHDR_074,SIHDR_074_e08.jpg,1013,125000.000000,32,1024,SDR,67,8,100,14.0,125000.0,10.287712379549449,13.287712379549449,10.287712379549449,13.287712379549449,0.75,1,,,0.55,sihdr_reference_heuristic,1,0,1
SIHDR_074,SIHDR_074_e09.jpg,1014,66666.666667,32,1024,SDR,67,9,100,14.0,66666.666667,9.380821783948145,13.287712379549449,10.287712379549449,13.287712379549449,0.75,1,,,0.55,sihdr_reference_heuristic,1,0,1
SIHDR_074,SIHDR_074_e10.jpg,1015,33333.333333,32,1024,SDR,67,10,100,14.0,33333.333333,8.380821783926503,13.287712379549449,10.287712379549449,13.287712379549449,0.75,1,,,0.55,sihdr_reference_heuristic,1,0,1
SIHDR_074,SIHDR_074_e11.jpg,1016,16666.666667,32,1024,SDR,67,11,100,14.0,16666.666667,7.380821783969785,13.287712379549449,10.287712379549449,13.287712379549449,0.75,1,,,0.55,sihdr_reference_heuristic,1,0,1
SIHDR_074,SIHDR_074_e12.jpg,1017,8000.000000,32,1024,SDR,67,12,100,14.0,8000.0,6.321928094887363,13.287712379549449,10.287712379549449,13.287712379549449,0.75,1,,,0.55,sihdr_reference_heuristic,1,0,1
SIHDR_074,SIHDR_074_e13.jpg,1018,4000.000000,32,1024,SDR,67,13,100,14.0,4000.0,5.321928094887363,13.287712379549449,10.287712379549449,13.287712379549449,0.75,1,,,0.55,sihdr_reference_heuristic,1,0,1
SIHDR_074,SIHDR_074_e14.jpg,1019,2000.000000,32,1024,SDR,67,14,100,14.0,2000.0,4.321928094887363,13.287712379549449,10.287712379549449,13.287712379549449,0.75,1,,,0.55,sihdr_reference_heuristic,1,0,1
SIHDR_075,SIHDR_075_e00.jpg,1020,15000000.000000,32,1024,SDR,68,0,100,14.0,15000000.0,17.194602975157967,9.380821783948145,9.380821783948145,9.380821783948145,0.75,1,,,0.55,sihdr_reference_heuristic,1,0,1
SIHDR_075,SIHDR_075_e01.jpg,1021,8000000.000000,32,1024,SDR,68,1,100,14.0,8000000.0,16.28771237954945,9.380821783948145,9.380821783948145,9.380821783948145,0.75,1,,,0.55,sihdr_reference_heuristic,1,0,1
SIHDR_075,SIHDR_075_e02.jpg,1022,6000000.000000,32,1024,SDR,68,2,100,14.0,6000000.0,15.872674880270605,9.380821783948145,9.380821783948145,9.380821783948145,0.75,1,,,0.55,sihdr_reference_heuristic,1,0,1
SIHDR_075,SIHDR_075_e03.jpg,1023,4000000.000000,32,1024,SDR,68,3,100,14.0,4000000.0,15.287712379549449,9.380821783948145,9.380821783948145,9.380821783948145,0.75,1,,,0.55,sihdr_reference_heuristic,1,0,1
SIHDR_075,SIHDR_075_e04.jpg,1024,2000000.000000,32,1024,SDR,68,4,100,14.0,2000000.0,14.287712379549449,9.380821783948145,9.380821783948145,9.380821783948145,0.75,1,,,0.55,sihdr_reference_heuristic,1,0,1
SIHDR_075,SIHDR_075_e05.jpg,1025,1000000.000000,32,1024,SDR,68,5,100,14.0,1000000.0,13.287712379549449,9.380821783948145,9.380821783948145,9.380821783948145,0.75,1,,,0.55,sihdr_reference_heuristic,1,0,1
SIHDR_075,SIHDR_075_e06.jpg,1026,500000.000000,32,1024,SDR,68,6,100,14.0,500000.0,12.287712379549449,9.380821783948145,9.380821783948145,9.380821783948145,0.75,1,,,0.55,sihdr_reference_heuristic,1,0,1
SIHDR_075,SIHDR_075_e07.jpg,1027,250000.000000,32,1024,SDR,68,7,100,14.0,250000.0,11.287712379549449,9.380821783948145,9.380821783948145,9.380821783948145,0.75,1,,,0.55,sihdr_reference_heuristic,1,0,1
SIHDR_075,SIHDR_075_e08.jpg,1028,125000.000000,32,1024,SDR,68,8,100,14.0,125000.0,10.287712379549449,9.380821783948145,9.380821783948145,9.380821783948145,0.75,1,,,0.55,sihdr_reference_heuristic,1,0,1
SIHDR_075,SIHDR_075_e09.jpg,1029,66666.666667,32,1024,SDR,68,9,100,14.0,66666.666667,9.380821783948145,9.380821783948145,9.380821783948145,9.380821783948145,0.75,1,,,0.55,sihdr_reference_heuristic,1,0,1
SIHDR_075,SIHDR_075_e10.jpg,1030,33333.333333,32,1024,SDR,68,10,100,14.0,33333.333333,8.380821783926503,9.380821783948145,9.380821783948145,9.380821783948145,0.75,1,,,0.55,sihdr_reference_heuristic,1,0,1
SIHDR_075,SIHDR_075_e11.jpg,1031,16666.666667,32,1024,SDR,68,11,100,14.0,16666.666667,7.380821783969785,9.380821783948145,9.380821783948145,9.380821783948145,0.75,1,,,0.55,sihdr_reference_heuristic,1,0,1
SIHDR_075,SIHDR_075_e12.jpg,1032,8000.000000,32,1024,SDR,68,12,100,14.0,8000.0,6.321928094887363,9.380821783948145,9.380821783948145,9.380821783948145,0.75,1,,,0.55,sihdr_reference_heuristic,1,0,1
SIHDR_075,SIHDR_075_e13.jpg,1033,4000.000000,32,1024,SDR,68,13,100,14.0,4000.0,5.321928094887363,9.380821783948145,9.380821783948145,9.380821783948145,0.75,1,,,0.55,sihdr_reference_heuristic,1,0,1
SIHDR_075,SIHDR_075_e14.jpg,1034,2000.000000,32,1024,SDR,68,14,100,14.0,2000.0,4.321928094887363,9.380821783948145,9.380821783948145,9.380821783948145,0.75,1,,,0.55,sihdr_reference_heuristic,1,0,1
SIHDR_076,SIHDR_076_e00.jpg,1035,15000000.000000,32,1024,SDR,69,0,100,14.0,15000000.0,17.194602975157967,17.194602975157967,15.287712379549449,17.194602975157967,0.75,1,,,0.55,sihdr_reference_heuristic,1,0,0
SIHDR_076,SIHDR_076_e01.jpg,1036,8000000.000000,32,1024,SDR,69,1,100,14.0,8000000.0,16.28771237954945,17.194602975157967,15.287712379549449,17.194602975157967,0.75,1,,,0.55,sihdr_reference_heuristic,1,0,0
SIHDR_076,SIHDR_076_e02.jpg,1037,6000000.000000,32,1024,SDR,69,2,100,14.0,6000000.0,15.872674880270605,17.194602975157967,15.287712379549449,17.194602975157967,0.75,1,,,0.55,sihdr_reference_heuristic,1,0,0
SIHDR_076,SIHDR_076_e03.jpg,1038,4000000.000000,32,1024,SDR,69,3,100,14.0,4000000.0,15.287712379549449,17.194602975157967,15.287712379549449,17.194602975157967,0.75,1,,,0.55,sihdr_reference_heuristic,1,0,0
SIHDR_076,SIHDR_076_e04.jpg,1039,2000000.000000,32,1024,SDR,69,4,100,14.0,2000000.0,14.287712379549449,17.194602975157967,15.287712379549449,17.194602975157967,0.75,1,,,0.55,sihdr_reference_heuristic,1,0,0
SIHDR_076,SIHDR_076_e05.jpg,1040,1000000.000000,32,1024,SDR,69,5,100,14.0,1000000.0,13.287712379549449,17.194602975157967,15.287712379549449,17.194602975157967,0.75,1,,,0.55,sihdr_reference_heuristic,1,0,0
SIHDR_076,SIHDR_076_e06.jpg,1041,500000.000000,32,1024,SDR,69,6,100,14.0,500000.0,12.287712379549449,17.194602975157967,15.287712379549449,17.194602975157967,0.75,1,,,0.55,sihdr_reference_heuristic,1,0,0
SIHDR_076,SIHDR_076_e07.jpg,1042,250000.000000,32,1024,SDR,69,7,100,14.0,250000.0,11.287712379549449,17.194602975157967,15.287712379549449,17.194602975157967,0.75,1,,,0.55,sihdr_reference_heuristic,1,0,0
SIHDR_076,SIHDR_076_e08.jpg,1043,125000.000000,32,1024,SDR,69,8,100,14.0,125000.0,10.287712379549449,17.194602975157967,15.287712379549449,17.194602975157967,0.75,1,,,0.55,sihdr_reference_heuristic,1,0,0
SIHDR_076,SIHDR_076_e09.jpg,1044,66666.666667,32,1024,SDR,69,9,100,14.0,66666.666667,9.380821783948145,17.194602975157967,15.287712379549449,17.194602975157967,0.75,1,,,0.55,sihdr_reference_heuristic,1,0,0
SIHDR_076,SIHDR_076_e10.jpg,1045,33333.333333,32,1024,SDR,69,10,100,14.0,33333.333333,8.380821783926503,17.194602975157967,15.287712379549449,17.194602975157967,0.75,1,,,0.55,sihdr_reference_heuristic,1,0,0
SIHDR_076,SIHDR_076_e11.jpg,1046,16666.666667,32,1024,SDR,69,11,100,14.0,16666.666667,7.380821783969785,17.194602975157967,15.287712379549449,17.194602975157967,0.75,1,,,0.55,sihdr_reference_heuristic,1,0,0
SIHDR_076,SIHDR_076_e12.jpg,1047,8000.000000,32,1024,SDR,69,12,100,14.0,8000.0,6.321928094887363,17.194602975157967,15.287712379549449,17.194602975157967,0.75,1,,,0.55,sihdr_reference_heuristic,1,0,0
SIHDR_076,SIHDR_076_e13.jpg,1048,4000.000000,32,1024,SDR,69,13,100,14.0,4000.0,5.321928094887363,17.194602975157967,15.287712379549449,17.194602975157967,0.75,1,,,0.55,sihdr_reference_heuristic,1,0,0
SIHDR_076,SIHDR_076_e14.jpg,1049,2000.000000,32,1024,SDR,69,14,100,14.0,2000.0,4.321928094887363,17.194602975157967,15.287712379549449,17.194602975157967,0.75,1,,,0.55,sihdr_reference_heuristic,1,0,0
SIHDR_077,SIHDR_077_e00.jpg,1050,15000000.000000,32,1024,SDR,70,0,100,14.0,15000000.0,17.194602975157967,11.287712379549449,11.287712379549449,11.287712379549449,0.75,1,,,0.55,sihdr_reference_heuristic,1,0,1
SIHDR_077,SIHDR_077_e01.jpg,1051,8000000.000000,32,1024,SDR,70,1,100,14.0,8000000.0,16.28771237954945,11.287712379549449,11.287712379549449,11.287712379549449,0.75,1,,,0.55,sihdr_reference_heuristic,1,0,1
SIHDR_077,SIHDR_077_e02.jpg,1052,6000000.000000,32,1024,SDR,70,2,100,14.0,6000000.0,15.872674880270605,11.287712379549449,11.287712379549449,11.287712379549449,0.75,1,,,0.55,sihdr_reference_heuristic,1,0,1
SIHDR_077,SIHDR_077_e03.jpg,1053,4000000.000000,32,1024,SDR,70,3,100,14.0,4000000.0,15.287712379549449,11.287712379549449,11.287712379549449,11.287712379549449,0.75,1,,,0.55,sihdr_reference_heuristic,1,0,1
SIHDR_077,SIHDR_077_e04.jpg,1054,2000000.000000,32,1024,SDR,70,4,100,14.0,2000000.0,14.287712379549449,11.287712379549449,11.287712379549449,11.287712379549449,0.75,1,,,0.55,sihdr_reference_heuristic,1,0,1
SIHDR_077,SIHDR_077_e05.jpg,1055,1000000.000000,32,1024,SDR,70,5,100,14.0,1000000.0,13.287712379549449,11.287712379549449,11.287712379549449,11.287712379549449,0.75,1,,,0.55,sihdr_reference_heuristic,1,0,1
SIHDR_077,SIHDR_077_e06.jpg,1056,500000.000000,32,1024,SDR,70,6,100,14.0,500000.0,12.287712379549449,11.287712379549449,11.287712379549449,11.287712379549449,0.75,1,,,0.55,sihdr_reference_heuristic,1,0,1
SIHDR_077,SIHDR_077_e07.jpg,1057,250000.000000,32,1024,SDR,70,7,100,14.0,250000.0,11.287712379549449,11.287712379549449,11.287712379549449,11.287712379549449,0.75,1,,,0.55,sihdr_reference_heuristic,1,0,1
SIHDR_077,SIHDR_077_e08.jpg,1058,125000.000000,32,1024,SDR,70,8,100,14.0,125000.0,10.287712379549449,11.287712379549449,11.287712379549449,11.287712379549449,0.75,1,,,0.55,sihdr_reference_heuristic,1,0,1
SIHDR_077,SIHDR_077_e09.jpg,1059,66666.666667,32,1024,SDR,70,9,100,14.0,66666.666667,9.380821783948145,11.287712379549449,11.287712379549449,11.287712379549449,0.75,1,,,0.55,sihdr_reference_heuristic,1,0,1
SIHDR_077,SIHDR_077_e10.jpg,1060,33333.333333,32,1024,SDR,70,10,100,14.0,33333.333333,8.380821783926503,11.287712379549449,11.287712379549449,11.287712379549449,0.75,1,,,0.55,sihdr_reference_heuristic,1,0,1
SIHDR_077,SIHDR_077_e11.jpg,1061,16666.666667,32,1024,SDR,70,11,100,14.0,16666.666667,7.380821783969785,11.287712379549449,11.287712379549449,11.287712379549449,0.75,1,,,0.55,sihdr_reference_heuristic,1,0,1
SIHDR_077,SIHDR_077_e12.jpg,1062,8000.000000,32,1024,SDR,70,12,100,14.0,8000.0,6.321928094887363,11.287712379549449,11.287712379549449,11.287712379549449,0.75,1,,,0.55,sihdr_reference_heuristic,1,0,1
SIHDR_077,SIHDR_077_e13.jpg,1063,4000.000000,32,1024,SDR,70,13,100,14.0,4000.0,5.321928094887363,11.287712379549449,11.287712379549449,11.287712379549449,0.75,1,,,0.55,sihdr_reference_heuristic,1,0,1
SIHDR_077,SIHDR_077_e14.jpg,1064,2000.000000,32,1024,SDR,70,14,100,14.0,2000.0,4.321928094887363,11.287712379549449,11.287712379549449,11.287712379549449,0.75,1,,,0.55,sihdr_reference_heuristic,1,0,1
SIHDR_078,SIHDR_078_e00.jpg,1065,15000000.000000,32,1024,SDR,71,0,100,14.0,15000000.0,17.194602975157967,11.287712379549449,11.287712379549449,11.287712379549449,0.75,1,,,0.55,sihdr_reference_heuristic,1,0,1
SIHDR_078,SIHDR_078_e01.jpg,1066,8000000.000000,32,1024,SDR,71,1,100,14.0,8000000.0,16.28771237954945,11.287712379549449,11.287712379549449,11.287712379549449,0.75,1,,,0.55,sihdr_reference_heuristic,1,0,1
SIHDR_078,SIHDR_078_e02.jpg,1067,6000000.000000,32,1024,SDR,71,2,100,14.0,6000000.0,15.872674880270605,11.287712379549449,11.287712379549449,11.287712379549449,0.75,1,,,0.55,sihdr_reference_heuristic,1,0,1
SIHDR_078,SIHDR_078_e03.jpg,1068,4000000.000000,32,1024,SDR,71,3,100,14.0,4000000.0,15.287712379549449,11.287712379549449,11.287712379549449,11.287712379549449,0.75,1,,,0.55,sihdr_reference_heuristic,1,0,1
SIHDR_078,SIHDR_078_e04.jpg,1069,2000000.000000,32,1024,SDR,71,4,100,14.0,2000000.0,14.287712379549449,11.287712379549449,11.287712379549449,11.287712379549449,0.75,1,,,0.55,sihdr_reference_heuristic,1,0,1
SIHDR_078,SIHDR_078_e05.jpg,1070,1000000.000000,32,1024,SDR,71,5,100,14.0,1000000.0,13.287712379549449,11.287712379549449,11.287712379549449,11.287712379549449,0.75,1,,,0.55,sihdr_reference_heuristic,1,0,1
SIHDR_078,SIHDR_078_e06.jpg,1071,500000.000000,32,1024,SDR,71,6,100,14.0,500000.0,12.287712379549449,11.287712379549449,11.287712379549449,11.287712379549449,0.75,1,,,0.55,sihdr_reference_heuristic,1,0,1
SIHDR_078,SIHDR_078_e07.jpg,1072,250000.000000,32,1024,SDR,71,7,100,14.0,250000.0,11.287712379549449,11.287712379549449,11.287712379549449,11.287712379549449,0.75,1,,,0.55,sihdr_reference_heuristic,1,0,1
SIHDR_078,SIHDR_078_e08.jpg,1073,125000.000000,32,1024,SDR,71,8,100,14.0,125000.0,10.287712379549449,11.287712379549449,11.287712379549449,11.287712379549449,0.75,1,,,0.55,sihdr_reference_heuristic,1,0,1
SIHDR_078,SIHDR_078_e09.jpg,1074,66666.666667,32,1024,SDR,71,9,100,14.0,66666.666667,9.380821783948145,11.287712379549449,11.287712379549449,11.287712379549449,0.75,1,,,0.55,sihdr_reference_heuristic,1,0,1
SIHDR_078,SIHDR_078_e10.jpg,1075,33333.333333,32,1024,SDR,71,10,100,14.0,33333.333333,8.380821783926503,11.287712379549449,11.287712379549449,11.287712379549449,0.75,1,,,0.55,sihdr_reference_heuristic,1,0,1
SIHDR_078,SIHDR_078_e11.jpg,1076,16666.666667,32,1024,SDR,71,11,100,14.0,16666.666667,7.380821783969785,11.287712379549449,11.287712379549449,11.287712379549449,0.75,1,,,0.55,sihdr_reference_heuristic,1,0,1
SIHDR_078,SIHDR_078_e12.jpg,1077,8000.000000,32,1024,SDR,71,12,100,14.0,8000.0,6.321928094887363,11.287712379549449,11.287712379549449,11.287712379549449,0.75,1,,,0.55,sihdr_reference_heuristic,1,0,1
SIHDR_078,SIHDR_078_e13.jpg,1078,4000.000000,32,1024,SDR,71,13,100,14.0,4000.0,5.321928094887363,11.287712379549449,11.287712379549449,11.287712379549449,0.75,1,,,0.55,sihdr_reference_heuristic,1,0,1
SIHDR_078,SIHDR_078_e14.jpg,1079,2000.000000,32,1024,SDR,71,14,100,14.0,2000.0,4.321928094887363,11.287712379549449,11.287712379549449,11.287712379549449,0.75,1,,,0.55,sihdr_reference_heuristic,1,0,1
SIHDR_079,SIHDR_079_e00.jpg,1080,15000000.000000,32,1024,SDR,72,0,100,14.0,15000000.0,17.194602975157967,10.287712379549449,10.287712379549449,10.287712379549449,0.75,1,,,0.55,sihdr_reference_heuristic,1,0,1
SIHDR_079,SIHDR_079_e01.jpg,1081,8000000.000000,32,1024,SDR,72,1,100,14.0,8000000.0,16.28771237954945,10.287712379549449,10.287712379549449,10.287712379549449,0.75,1,,,0.55,sihdr_reference_heuristic,1,0,1
SIHDR_079,SIHDR_079_e02.jpg,1082,6000000.000000,32,1024,SDR,72,2,100,14.0,6000000.0,15.872674880270605,10.287712379549449,10.287712379549449,10.287712379549449,0.75,1,,,0.55,sihdr_reference_heuristic,1,0,1
SIHDR_079,SIHDR_079_e03.jpg,1083,4000000.000000,32,1024,SDR,72,3,100,14.0,4000000.0,15.287712379549449,10.287712379549449,10.287712379549449,10.287712379549449,0.75,1,,,0.55,sihdr_reference_heuristic,1,0,1
SIHDR_079,SIHDR_079_e04.jpg,1084,2000000.000000,32,1024,SDR,72,4,100,14.0,2000000.0,14.287712379549449,10.287712379549449,10.287712379549449,10.287712379549449,0.75,1,,,0.55,sihdr_reference_heuristic,1,0,1
SIHDR_079,SIHDR_079_e05.jpg,1085,1000000.000000,32,1024,SDR,72,5,100,14.0,1000000.0,13.287712379549449,10.287712379549449,10.287712379549449,10.287712379549449,0.75,1,,,0.55,sihdr_reference_heuristic,1,0,1
SIHDR_079,SIHDR_079_e06.jpg,1086,500000.000000,32,1024,SDR,72,6,100,14.0,500000.0,12.287712379549449,10.287712379549449,10.287712379549449,10.287712379549449,0.75,1,,,0.55,sihdr_reference_heuristic,1,0,1
SIHDR_079,SIHDR_079_e07.jpg,1087,250000.000000,32,1024,SDR,72,7,100,14.0,250000.0,11.287712379549449,10.287712379549449,10.287712379549449,10.287712379549449,0.75,1,,,0.55,sihdr_reference_heuristic,1,0,1
SIHDR_079,SIHDR_079_e08.jpg,1088,125000.000000,32,1024,SDR,72,8,100,14.0,125000.0,10.287712379549449,10.287712379549449,10.287712379549449,10.287712379549449,0.75,1,,,0.55,sihdr_reference_heuristic,1,0,1
SIHDR_079,SIHDR_079_e09.jpg,1089,66666.666667,32,1024,SDR,72,9,100,14.0,66666.666667,9.380821783948145,10.287712379549449,10.287712379549449,10.287712379549449,0.75,1,,,0.55,sihdr_reference_heuristic,1,0,1
SIHDR_079,SIHDR_079_e10.jpg,1090,33333.333333,32,1024,SDR,72,10,100,14.0,33333.333333,8.380821783926503,10.287712379549449,10.287712379549449,10.287712379549449,0.75,1,,,0.55,sihdr_reference_heuristic,1,0,1
SIHDR_079,SIHDR_079_e11.jpg,1091,16666.666667,32,1024,SDR,72,11,100,14.0,16666.666667,7.380821783969785,10.287712379549449,10.287712379549449,10.287712379549449,0.75,1,,,0.55,sihdr_reference_heuristic,1,0,1
SIHDR_079,SIHDR_079_e12.jpg,1092,8000.000000,32,1024,SDR,72,12,100,14.0,8000.0,6.321928094887363,10.287712379549449,10.287712379549449,10.287712379549449,0.75,1,,,0.55,sihdr_reference_heuristic,1,0,1
SIHDR_079,SIHDR_079_e13.jpg,1093,4000.000000,32,1024,SDR,72,13,100,14.0,4000.0,5.321928094887363,10.287712379549449,10.287712379549449,10.287712379549449,0.75,1,,,0.55,sihdr_reference_heuristic,1,0,1
SIHDR_079,SIHDR_079_e14.jpg,1094,2000.000000,32,1024,SDR,72,14,100,14.0,2000.0,4.321928094887363,10.287712379549449,10.287712379549449,10.287712379549449,0.75,1,,,0.55,sihdr_reference_heuristic,1,0,1
SIHDR_080,SIHDR_080_e00.jpg,1095,15000000.000000,32,1024,SDR,73,0,100,14.0,15000000.0,17.194602975157967,9.380821783948145,9.380821783948145,9.380821783948145,0.75,1,,,0.55,sihdr_reference_heuristic,1,0,1
SIHDR_080,SIHDR_080_e01.jpg,1096,8000000.000000,32,1024,SDR,73,1,100,14.0,8000000.0,16.28771237954945,9.380821783948145,9.380821783948145,9.380821783948145,0.75,1,,,0.55,sihdr_reference_heuristic,1,0,1
SIHDR_080,SIHDR_080_e02.jpg,1097,6000000.000000,32,1024,SDR,73,2,100,14.0,6000000.0,15.872674880270605,9.380821783948145,9.380821783948145,9.380821783948145,0.75,1,,,0.55,sihdr_reference_heuristic,1,0,1
SIHDR_080,SIHDR_080_e03.jpg,1098,4000000.000000,32,1024,SDR,73,3,100,14.0,4000000.0,15.287712379549449,9.380821783948145,9.380821783948145,9.380821783948145,0.75,1,,,0.55,sihdr_reference_heuristic,1,0,1
SIHDR_080,SIHDR_080_e04.jpg,1099,2000000.000000,32,1024,SDR,73,4,100,14.0,2000000.0,14.287712379549449,9.380821783948145,9.380821783948145,9.380821783948145,0.75,1,,,0.55,sihdr_reference_heuristic,1,0,1
SIHDR_080,SIHDR_080_e05.jpg,1100,1000000.000000,32,1024,SDR,73,5,100,14.0,1000000.0,13.287712379549449,9.380821783948145,9.380821783948145,9.380821783948145,0.75,1,,,0.55,sihdr_reference_heuristic,1,0,1
SIHDR_080,SIHDR_080_e06.jpg,1101,500000.000000,32,1024,SDR,73,6,100,14.0,500000.0,12.287712379549449,9.380821783948145,9.380821783948145,9.380821783948145,0.75,1,,,0.55,sihdr_reference_heuristic,1,0,1
SIHDR_080,SIHDR_080_e07.jpg,1102,250000.000000,32,1024,SDR,73,7,100,14.0,250000.0,11.287712379549449,9.380821783948145,9.380821783948145,9.380821783948145,0.75,1,,,0.55,sihdr_reference_heuristic,1,0,1
SIHDR_080,SIHDR_080_e08.jpg,1103,125000.000000,32,1024,SDR,73,8,100,14.0,125000.0,10.287712379549449,9.380821783948145,9.380821783948145,9.380821783948145,0.75,1,,,0.55,sihdr_reference_heuristic,1,0,1
SIHDR_080,SIHDR_080_e09.jpg,1104,66666.666667,32,1024,SDR,73,9,100,14.0,66666.666667,9.380821783948145,9.380821783948145,9.380821783948145,9.380821783948145,0.75,1,,,0.55,sihdr_reference_heuristic,1,0,1
SIHDR_080,SIHDR_080_e10.jpg,1105,33333.333333,32,1024,SDR,73,10,100,14.0,33333.333333,8.380821783926503,9.380821783948145,9.380821783948145,9.380821783948145,0.75,1,,,0.55,sihdr_reference_heuristic,1,0,1
SIHDR_080,SIHDR_080_e11.jpg,1106,16666.666667,32,1024,SDR,73,11,100,14.0,16666.666667,7.380821783969785,9.380821783948145,9.380821783948145,9.380821783948145,0.75,1,,,0.55,sihdr_reference_heuristic,1,0,1
SIHDR_080,SIHDR_080_e12.jpg,1107,8000.000000,32,1024,SDR,73,12,100,14.0,8000.0,6.321928094887363,9.380821783948145,9.380821783948145,9.380821783948145,0.75,1,,,0.55,sihdr_reference_heuristic,1,0,1
SIHDR_080,SIHDR_080_e13.jpg,1108,4000.000000,32,1024,SDR,73,13,100,14.0,4000.0,5.321928094887363,9.380821783948145,9.380821783948145,9.380821783948145,0.75,1,,,0.55,sihdr_reference_heuristic,1,0,1
SIHDR_080,SIHDR_080_e14.jpg,1109,2000.000000,32,1024,SDR,73,14,100,14.0,2000.0,4.321928094887363,9.380821783948145,9.380821783948145,9.380821783948145,0.75,1,,,0.55,sihdr_reference_heuristic,1,0,1
SIHDR_081,SIHDR_081_e00.jpg,1110,15000000.000000,32,1024,SDR,74,0,100,14.0,15000000.0,17.194602975157967,10.287712379549449,10.287712379549449,10.287712379549449,0.75,1,,,0.55,sihdr_reference_heuristic,1,0,1
SIHDR_081,SIHDR_081_e01.jpg,1111,8000000.000000,32,1024,SDR,74,1,100,14.0,8000000.0,16.28771237954945,10.287712379549449,10.287712379549449,10.287712379549449,0.75,1,,,0.55,sihdr_reference_heuristic,1,0,1
SIHDR_081,SIHDR_081_e02.jpg,1112,6000000.000000,32,1024,SDR,74,2,100,14.0,6000000.0,15.872674880270605,10.287712379549449,10.287712379549449,10.287712379549449,0.75,1,,,0.55,sihdr_reference_heuristic,1,0,1
SIHDR_081,SIHDR_081_e03.jpg,1113,4000000.000000,32,1024,SDR,74,3,100,14.0,4000000.0,15.287712379549449,10.287712379549449,10.287712379549449,10.287712379549449,0.75,1,,,0.55,sihdr_reference_heuristic,1,0,1
SIHDR_081,SIHDR_081_e04.jpg,1114,2000000.000000,32,1024,SDR,74,4,100,14.0,2000000.0,14.287712379549449,10.287712379549449,10.287712379549449,10.287712379549449,0.75,1,,,0.55,sihdr_reference_heuristic,1,0,1
SIHDR_081,SIHDR_081_e05.jpg,1115,1000000.000000,32,1024,SDR,74,5,100,14.0,1000000.0,13.287712379549449,10.287712379549449,10.287712379549449,10.287712379549449,0.75,1,,,0.55,sihdr_reference_heuristic,1,0,1
SIHDR_081,SIHDR_081_e06.jpg,1116,500000.000000,32,1024,SDR,74,6,100,14.0,500000.0,12.287712379549449,10.287712379549449,10.287712379549449,10.287712379549449,0.75,1,,,0.55,sihdr_reference_heuristic,1,0,1
SIHDR_081,SIHDR_081_e07.jpg,1117,250000.000000,32,1024,SDR,74,7,100,14.0,250000.0,11.287712379549449,10.287712379549449,10.287712379549449,10.287712379549449,0.75,1,,,0.55,sihdr_reference_heuristic,1,0,1
SIHDR_081,SIHDR_081_e08.jpg,1118,125000.000000,32,1024,SDR,74,8,100,14.0,125000.0,10.287712379549449,10.287712379549449,10.287712379549449,10.287712379549449,0.75,1,,,0.55,sihdr_reference_heuristic,1,0,1
SIHDR_081,SIHDR_081_e09.jpg,1119,66666.666667,32,1024,SDR,74,9,100,14.0,66666.666667,9.380821783948145,10.287712379549449,10.287712379549449,10.287712379549449,0.75,1,,,0.55,sihdr_reference_heuristic,1,0,1
SIHDR_081,SIHDR_081_e10.jpg,1120,33333.333333,32,1024,SDR,74,10,100,14.0,33333.333333,8.380821783926503,10.287712379549449,10.287712379549449,10.287712379549449,0.75,1,,,0.55,sihdr_reference_heuristic,1,0,1
SIHDR_081,SIHDR_081_e11.jpg,1121,16666.666667,32,1024,SDR,74,11,100,14.0,16666.666667,7.380821783969785,10.287712379549449,10.287712379549449,10.287712379549449,0.75,1,,,0.55,sihdr_reference_heuristic,1,0,1
SIHDR_081,SIHDR_081_e12.jpg,1122,8000.000000,32,1024,SDR,74,12,100,14.0,8000.0,6.321928094887363,10.287712379549449,10.287712379549449,10.287712379549449,0.75,1,,,0.55,sihdr_reference_heuristic,1,0,1
SIHDR_081,SIHDR_081_e13.jpg,1123,4000.000000,32,1024,SDR,74,13,100,14.0,4000.0,5.321928094887363,10.287712379549449,10.287712379549449,10.287712379549449,0.75,1,,,0.55,sihdr_reference_heuristic,1,0,1
SIHDR_081,SIHDR_081_e14.jpg,1124,2000.000000,32,1024,SDR,74,14,100,14.0,2000.0,4.321928094887363,10.287712379549449,10.287712379549449,10.287712379549449,0.75,1,,,0.55,sihdr_reference_heuristic,1,0,1
SIHDR_082,SIHDR_082_e00.jpg,1125,15000000.000000,32,1024,SDR,75,0,100,14.0,15000000.0,17.194602975157967,14.287712379549449,12.287712379549449,14.287712379549449,0.75,1,,,0.55,sihdr_reference_heuristic,1,0,1
SIHDR_082,SIHDR_082_e01.jpg,1126,8000000.000000,32,1024,SDR,75,1,100,14.0,8000000.0,16.28771237954945,14.287712379549449,12.287712379549449,14.287712379549449,0.75,1,,,0.55,sihdr_reference_heuristic,1,0,1
SIHDR_082,SIHDR_082_e02.jpg,1127,6000000.000000,32,1024,SDR,75,2,100,14.0,6000000.0,15.872674880270605,14.287712379549449,12.287712379549449,14.287712379549449,0.75,1,,,0.55,sihdr_reference_heuristic,1,0,1
SIHDR_082,SIHDR_082_e03.jpg,1128,4000000.000000,32,1024,SDR,75,3,100,14.0,4000000.0,15.287712379549449,14.287712379549449,12.287712379549449,14.287712379549449,0.75,1,,,0.55,sihdr_reference_heuristic,1,0,1
SIHDR_082,SIHDR_082_e04.jpg,1129,2000000.000000,32,1024,SDR,75,4,100,14.0,2000000.0,14.287712379549449,14.287712379549449,12.287712379549449,14.287712379549449,0.75,1,,,0.55,sihdr_reference_heuristic,1,0,1
SIHDR_082,SIHDR_082_e05.jpg,1130,1000000.000000,32,1024,SDR,75,5,100,14.0,1000000.0,13.287712379549449,14.287712379549449,12.287712379549449,14.287712379549449,0.75,1,,,0.55,sihdr_reference_heuristic,1,0,1
SIHDR_082,SIHDR_082_e06.jpg,1131,500000.000000,32,1024,SDR,75,6,100,14.0,500000.0,12.287712379549449,14.287712379549449,12.287712379549449,14.287712379549449,0.75,1,,,0.55,sihdr_reference_heuristic,1,0,1
SIHDR_082,SIHDR_082_e07.jpg,1132,250000.000000,32,1024,SDR,75,7,100,14.0,250000.0,11.287712379549449,14.287712379549449,12.287712379549449,14.287712379549449,0.75,1,,,0.55,sihdr_reference_heuristic,1,0,1
SIHDR_082,SIHDR_082_e08.jpg,1133,125000.000000,32,1024,SDR,75,8,100,14.0,125000.0,10.287712379549449,14.287712379549449,12.287712379549449,14.287712379549449,0.75,1,,,0.55,sihdr_reference_heuristic,1,0,1
SIHDR_082,SIHDR_082_e09.jpg,1134,66666.666667,32,1024,SDR,75,9,100,14.0,66666.666667,9.380821783948145,14.287712379549449,12.287712379549449,14.287712379549449,0.75,1,,,0.55,sihdr_reference_heuristic,1,0,1
SIHDR_082,SIHDR_082_e10.jpg,1135,33333.333333,32,1024,SDR,75,10,100,14.0,33333.333333,8.380821783926503,14.287712379549449,12.287712379549449,14.287712379549449,0.75,1,,,0.55,sihdr_reference_heuristic,1,0,1
SIHDR_082,SIHDR_082_e11.jpg,1136,16666.666667,32,1024,SDR,75,11,100,14.0,16666.666667,7.380821783969785,14.287712379549449,12.287712379549449,14.287712379549449,0.75,1,,,0.55,sihdr_reference_heuristic,1,0,1
SIHDR_082,SIHDR_082_e12.jpg,1137,8000.000000,32,1024,SDR,75,12,100,14.0,8000.0,6.321928094887363,14.287712379549449,12.287712379549449,14.287712379549449,0.75,1,,,0.55,sihdr_reference_heuristic,1,0,1
SIHDR_082,SIHDR_082_e13.jpg,1138,4000.000000,32,1024,SDR,75,13,100,14.0,4000.0,5.321928094887363,14.287712379549449,12.287712379549449,14.287712379549449,0.75,1,,,0.55,sihdr_reference_heuristic,1,0,1
SIHDR_082,SIHDR_082_e14.jpg,1139,2000.000000,32,1024,SDR,75,14,100,14.0,2000.0,4.321928094887363,14.287712379549449,12.287712379549449,14.287712379549449,0.75,1,,,0.55,sihdr_reference_heuristic,1,0,1
SIHDR_083,SIHDR_083_e00.jpg,1140,15000000.000000,32,1024,SDR,76,0,100,14.0,15000000.0,17.194602975157967,12.287712379549449,10.287712379549449,12.287712379549449,0.75,1,,,0.55,sihdr_reference_heuristic,1,0,1
SIHDR_083,SIHDR_083_e01.jpg,1141,8000000.000000,32,1024,SDR,76,1,100,14.0,8000000.0,16.28771237954945,12.287712379549449,10.287712379549449,12.287712379549449,0.75,1,,,0.55,sihdr_reference_heuristic,1,0,1
SIHDR_083,SIHDR_083_e02.jpg,1142,6000000.000000,32,1024,SDR,76,2,100,14.0,6000000.0,15.872674880270605,12.287712379549449,10.287712379549449,12.287712379549449,0.75,1,,,0.55,sihdr_reference_heuristic,1,0,1
SIHDR_083,SIHDR_083_e03.jpg,1143,4000000.000000,32,1024,SDR,76,3,100,14.0,4000000.0,15.287712379549449,12.287712379549449,10.287712379549449,12.287712379549449,0.75,1,,,0.55,sihdr_reference_heuristic,1,0,1
SIHDR_083,SIHDR_083_e04.jpg,1144,2000000.000000,32,1024,SDR,76,4,100,14.0,2000000.0,14.287712379549449,12.287712379549449,10.287712379549449,12.287712379549449,0.75,1,,,0.55,sihdr_reference_heuristic,1,0,1
SIHDR_083,SIHDR_083_e05.jpg,1145,1000000.000000,32,1024,SDR,76,5,100,14.0,1000000.0,13.287712379549449,12.287712379549449,10.287712379549449,12.287712379549449,0.75,1,,,0.55,sihdr_reference_heuristic,1,0,1
SIHDR_083,SIHDR_083_e06.jpg,1146,500000.000000,32,1024,SDR,76,6,100,14.0,500000.0,12.287712379549449,12.287712379549449,10.287712379549449,12.287712379549449,0.75,1,,,0.55,sihdr_reference_heuristic,1,0,1
SIHDR_083,SIHDR_083_e07.jpg,1147,250000.000000,32,1024,SDR,76,7,100,14.0,250000.0,11.287712379549449,12.287712379549449,10.287712379549449,12.287712379549449,0.75,1,,,0.55,sihdr_reference_heuristic,1,0,1
SIHDR_083,SIHDR_083_e08.jpg,1148,125000.000000,32,1024,SDR,76,8,100,14.0,125000.0,10.287712379549449,12.287712379549449,10.287712379549449,12.287712379549449,0.75,1,,,0.55,sihdr_reference_heuristic,1,0,1
SIHDR_083,SIHDR_083_e09.jpg,1149,66666.666667,32,1024,SDR,76,9,100,14.0,66666.666667,9.380821783948145,12.287712379549449,10.287712379549449,12.287712379549449,0.75,1,,,0.55,sihdr_reference_heuristic,1,0,1
SIHDR_083,SIHDR_083_e10.jpg,1150,33333.333333,32,1024,SDR,76,10,100,14.0,33333.333333,8.380821783926503,12.287712379549449,10.287712379549449,12.287712379549449,0.75,1,,,0.55,sihdr_reference_heuristic,1,0,1
SIHDR_083,SIHDR_083_e11.jpg,1151,16666.666667,32,1024,SDR,76,11,100,14.0,16666.666667,7.380821783969785,12.287712379549449,10.287712379549449,12.287712379549449,0.75,1,,,0.55,sihdr_reference_heuristic,1,0,1
SIHDR_083,SIHDR_083_e12.jpg,1152,8000.000000,32,1024,SDR,76,12,100,14.0,8000.0,6.321928094887363,12.287712379549449,10.287712379549449,12.287712379549449,0.75,1,,,0.55,sihdr_reference_heuristic,1,0,1
SIHDR_083,SIHDR_083_e13.jpg,1153,4000.000000,32,1024,SDR,76,13,100,14.0,4000.0,5.321928094887363,12.287712379549449,10.287712379549449,12.287712379549449,0.75,1,,,0.55,sihdr_reference_heuristic,1,0,1
SIHDR_083,SIHDR_083_e14.jpg,1154,2000.000000,32,1024,SDR,76,14,100,14.0,2000.0,4.321928094887363,12.287712379549449,10.287712379549449,12.287712379549449,0.75,1,,,0.55,sihdr_reference_heuristic,1,0,1
SIHDR_084,SIHDR_084_e00.jpg,1155,15000000.000000,32,1024,SDR,77,0,100,14.0,15000000.0,17.194602975157967,8.380821783926503,8.380821783926503,8.380821783926503,0.75,1,,,0.55,sihdr_reference_heuristic,1,0,1
SIHDR_084,SIHDR_084_e01.jpg,1156,8000000.000000,32,1024,SDR,77,1,100,14.0,8000000.0,16.28771237954945,8.380821783926503,8.380821783926503,8.380821783926503,0.75,1,,,0.55,sihdr_reference_heuristic,1,0,1
SIHDR_084,SIHDR_084_e02.jpg,1157,6000000.000000,32,1024,SDR,77,2,100,14.0,6000000.0,15.872674880270605,8.380821783926503,8.380821783926503,8.380821783926503,0.75,1,,,0.55,sihdr_reference_heuristic,1,0,1
SIHDR_084,SIHDR_084_e03.jpg,1158,4000000.000000,32,1024,SDR,77,3,100,14.0,4000000.0,15.287712379549449,8.380821783926503,8.380821783926503,8.380821783926503,0.75,1,,,0.55,sihdr_reference_heuristic,1,0,1
SIHDR_084,SIHDR_084_e04.jpg,1159,2000000.000000,32,1024,SDR,77,4,100,14.0,2000000.0,14.287712379549449,8.380821783926503,8.380821783926503,8.380821783926503,0.75,1,,,0.55,sihdr_reference_heuristic,1,0,1
SIHDR_084,SIHDR_084_e05.jpg,1160,1000000.000000,32,1024,SDR,77,5,100,14.0,1000000.0,13.287712379549449,8.380821783926503,8.380821783926503,8.380821783926503,0.75,1,,,0.55,sihdr_reference_heuristic,1,0,1
SIHDR_084,SIHDR_084_e06.jpg,1161,500000.000000,32,1024,SDR,77,6,100,14.0,500000.0,12.287712379549449,8.380821783926503,8.380821783926503,8.380821783926503,0.75,1,,,0.55,sihdr_reference_heuristic,1,0,1
SIHDR_084,SIHDR_084_e07.jpg,1162,250000.000000,32,1024,SDR,77,7,100,14.0,250000.0,11.287712379549449,8.380821783926503,8.380821783926503,8.380821783926503,0.75,1,,,0.55,sihdr_reference_heuristic,1,0,1
SIHDR_084,SIHDR_084_e08.jpg,1163,125000.000000,32,1024,SDR,77,8,100,14.0,125000.0,10.287712379549449,8.380821783926503,8.380821783926503,8.380821783926503,0.75,1,,,0.55,sihdr_reference_heuristic,1,0,1
SIHDR_084,SIHDR_084_e09.jpg,1164,66666.666667,32,1024,SDR,77,9,100,14.0,66666.666667,9.380821783948145,8.380821783926503,8.380821783926503,8.380821783926503,0.75,1,,,0.55,sihdr_reference_heuristic,1,0,1
SIHDR_084,SIHDR_084_e10.jpg,1165,33333.333333,32,1024,SDR,77,10,100,14.0,33333.333333,8.380821783926503,8.380821783926503,8.380821783926503,8.380821783926503,0.75,1,,,0.55,sihdr_reference_heuristic,1,0,1
SIHDR_084,SIHDR_084_e11.jpg,1166,16666.666667,32,1024,SDR,77,11,100,14.0,16666.666667,7.380821783969785,8.380821783926503,8.380821783926503,8.380821783926503,0.75,1,,,0.55,sihdr_reference_heuristic,1,0,1
SIHDR_084,SIHDR_084_e12.jpg,1167,8000.000000,32,1024,SDR,77,12,100,14.0,8000.0,6.321928094887363,8.380821783926503,8.380821783926503,8.380821783926503,0.75,1,,,0.55,sihdr_reference_heuristic,1,0,1
SIHDR_084,SIHDR_084_e13.jpg,1168,4000.000000,32,1024,SDR,77,13,100,14.0,4000.0,5.321928094887363,8.380821783926503,8.380821783926503,8.380821783926503,0.75,1,,,0.55,sihdr_reference_heuristic,1,0,1
SIHDR_084,SIHDR_084_e14.jpg,1169,2000.000000,32,1024,SDR,77,14,100,14.0,2000.0,4.321928094887363,8.380821783926503,8.380821783926503,8.380821783926503,0.75,1,,,0.55,sihdr_reference_heuristic,1,0,1
SIHDR_085,SIHDR_085_e00.jpg,1170,15000000.000000,32,1024,SDR,78,0,100,14.0,15000000.0,17.194602975157967,13.287712379549449,11.287712379549449,13.287712379549449,0.75,1,,,0.55,sihdr_reference_heuristic,1,0,1
SIHDR_085,SIHDR_085_e01.jpg,1171,8000000.000000,32,1024,SDR,78,1,100,14.0,8000000.0,16.28771237954945,13.287712379549449,11.287712379549449,13.287712379549449,0.75,1,,,0.55,sihdr_reference_heuristic,1,0,1
SIHDR_085,SIHDR_085_e02.jpg,1172,6000000.000000,32,1024,SDR,78,2,100,14.0,6000000.0,15.872674880270605,13.287712379549449,11.287712379549449,13.287712379549449,0.75,1,,,0.55,sihdr_reference_heuristic,1,0,1
SIHDR_085,SIHDR_085_e03.jpg,1173,4000000.000000,32,1024,SDR,78,3,100,14.0,4000000.0,15.287712379549449,13.287712379549449,11.287712379549449,13.287712379549449,0.75,1,,,0.55,sihdr_reference_heuristic,1,0,1
SIHDR_085,SIHDR_085_e04.jpg,1174,2000000.000000,32,1024,SDR,78,4,100,14.0,2000000.0,14.287712379549449,13.287712379549449,11.287712379549449,13.287712379549449,0.75,1,,,0.55,sihdr_reference_heuristic,1,0,1
SIHDR_085,SIHDR_085_e05.jpg,1175,1000000.000000,32,1024,SDR,78,5,100,14.0,1000000.0,13.287712379549449,13.287712379549449,11.287712379549449,13.287712379549449,0.75,1,,,0.55,sihdr_reference_heuristic,1,0,1
SIHDR_085,SIHDR_085_e06.jpg,1176,500000.000000,32,1024,SDR,78,6,100,14.0,500000.0,12.287712379549449,13.287712379549449,11.287712379549449,13.287712379549449,0.75,1,,,0.55,sihdr_reference_heuristic,1,0,1
SIHDR_085,SIHDR_085_e07.jpg,1177,250000.000000,32,1024,SDR,78,7,100,14.0,250000.0,11.287712379549449,13.287712379549449,11.287712379549449,13.287712379549449,0.75,1,,,0.55,sihdr_reference_heuristic,1,0,1
SIHDR_085,SIHDR_085_e08.jpg,1178,125000.000000,32,1024,SDR,78,8,100,14.0,125000.0,10.287712379549449,13.287712379549449,11.287712379549449,13.287712379549449,0.75,1,,,0.55,sihdr_reference_heuristic,1,0,1
SIHDR_085,SIHDR_085_e09.jpg,1179,66666.666667,32,1024,SDR,78,9,100,14.0,66666.666667,9.380821783948145,13.287712379549449,11.287712379549449,13.287712379549449,0.75,1,,,0.55,sihdr_reference_heuristic,1,0,1
SIHDR_085,SIHDR_085_e10.jpg,1180,33333.333333,32,1024,SDR,78,10,100,14.0,33333.333333,8.380821783926503,13.287712379549449,11.287712379549449,13.287712379549449,0.75,1,,,0.55,sihdr_reference_heuristic,1,0,1
SIHDR_085,SIHDR_085_e11.jpg,1181,16666.666667,32,1024,SDR,78,11,100,14.0,16666.666667,7.380821783969785,13.287712379549449,11.287712379549449,13.287712379549449,0.75,1,,,0.55,sihdr_reference_heuristic,1,0,1
SIHDR_085,SIHDR_085_e12.jpg,1182,8000.000000,32,1024,SDR,78,12,100,14.0,8000.0,6.321928094887363,13.287712379549449,11.287712379549449,13.287712379549449,0.75,1,,,0.55,sihdr_reference_heuristic,1,0,1
SIHDR_085,SIHDR_085_e13.jpg,1183,4000.000000,32,1024,SDR,78,13,100,14.0,4000.0,5.321928094887363,13.287712379549449,11.287712379549449,13.287712379549449,0.75,1,,,0.55,sihdr_reference_heuristic,1,0,1
SIHDR_085,SIHDR_085_e14.jpg,1184,2000.000000,32,1024,SDR,78,14,100,14.0,2000.0,4.321928094887363,13.287712379549449,11.287712379549449,13.287712379549449,0.75,1,,,0.55,sihdr_reference_heuristic,1,0,1
SIHDR_086,SIHDR_086_e00.jpg,1185,15000000.000000,32,1024,SDR,79,0,100,14.0,15000000.0,17.194602975157967,9.380821783948145,9.380821783948145,9.380821783948145,0.75,1,,,0.55,sihdr_reference_heuristic,1,0,1
SIHDR_086,SIHDR_086_e01.jpg,1186,8000000.000000,32,1024,SDR,79,1,100,14.0,8000000.0,16.28771237954945,9.380821783948145,9.380821783948145,9.380821783948145,0.75,1,,,0.55,sihdr_reference_heuristic,1,0,1
SIHDR_086,SIHDR_086_e02.jpg,1187,6000000.000000,32,1024,SDR,79,2,100,14.0,6000000.0,15.872674880270605,9.380821783948145,9.380821783948145,9.380821783948145,0.75,1,,,0.55,sihdr_reference_heuristic,1,0,1
SIHDR_086,SIHDR_086_e03.jpg,1188,4000000.000000,32,1024,SDR,79,3,100,14.0,4000000.0,15.287712379549449,9.380821783948145,9.380821783948145,9.380821783948145,0.75,1,,,0.55,sihdr_reference_heuristic,1,0,1
SIHDR_086,SIHDR_086_e04.jpg,1189,2000000.000000,32,1024,SDR,79,4,100,14.0,2000000.0,14.287712379549449,9.380821783948145,9.380821783948145,9.380821783948145,0.75,1,,,0.55,sihdr_reference_heuristic,1,0,1
SIHDR_086,SIHDR_086_e05.jpg,1190,1000000.000000,32,1024,SDR,79,5,100,14.0,1000000.0,13.287712379549449,9.380821783948145,9.380821783948145,9.380821783948145,0.75,1,,,0.55,sihdr_reference_heuristic,1,0,1
SIHDR_086,SIHDR_086_e06.jpg,1191,500000.000000,32,1024,SDR,79,6,100,14.0,500000.0,12.287712379549449,9.380821783948145,9.380821783948145,9.380821783948145,0.75,1,,,0.55,sihdr_reference_heuristic,1,0,1
SIHDR_086,SIHDR_086_e07.jpg,1192,250000.000000,32,1024,SDR,79,7,100,14.0,250000.0,11.287712379549449,9.380821783948145,9.380821783948145,9.380821783948145,0.75,1,,,0.55,sihdr_reference_heuristic,1,0,1
SIHDR_086,SIHDR_086_e08.jpg,1193,125000.000000,32,1024,SDR,79,8,100,14.0,125000.0,10.287712379549449,9.380821783948145,9.380821783948145,9.380821783948145,0.75,1,,,0.55,sihdr_reference_heuristic,1,0,1
SIHDR_086,SIHDR_086_e09.jpg,1194,66666.666667,32,1024,SDR,79,9,100,14.0,66666.666667,9.380821783948145,9.380821783948145,9.380821783948145,9.380821783948145,0.75,1,,,0.55,sihdr_reference_heuristic,1,0,1
SIHDR_086,SIHDR_086_e10.jpg,1195,33333.333333,32,1024,SDR,79,10,100,14.0,33333.333333,8.380821783926503,9.380821783948145,9.380821783948145,9.380821783948145,0.75,1,,,0.55,sihdr_reference_heuristic,1,0,1
SIHDR_086,SIHDR_086_e11.jpg,1196,16666.666667,32,1024,SDR,79,11,100,14.0,16666.666667,7.380821783969785,9.380821783948145,9.380821783948145,9.380821783948145,0.75,1,,,0.55,sihdr_reference_heuristic,1,0,1
SIHDR_086,SIHDR_086_e12.jpg,1197,8000.000000,32,1024,SDR,79,12,100,14.0,8000.0,6.321928094887363,9.380821783948145,9.380821783948145,9.380821783948145,0.75,1,,,0.55,sihdr_reference_heuristic,1,0,1
SIHDR_086,SIHDR_086_e13.jpg,1198,4000.000000,32,1024,SDR,79,13,100,14.0,4000.0,5.321928094887363,9.380821783948145,9.380821783948145,9.380821783948145,0.75,1,,,0.55,sihdr_reference_heuristic,1,0,1
SIHDR_086,SIHDR_086_e14.jpg,1199,2000.000000,32,1024,SDR,79,14,100,14.0,2000.0,4.321928094887363,9.380821783948145,9.380821783948145,9.380821783948145,0.75,1,,,0.55,sihdr_reference_heuristic,1,0,1
SIHDR_087,SIHDR_087_e00.jpg,1200,15000000.000000,32,1024,SDR,80,0,100,14.0,15000000.0,17.194602975157967,8.380821783926503,8.380821783926503,8.380821783926503,0.75,1,,,0.55,sihdr_reference_heuristic,1,0,1
SIHDR_087,SIHDR_087_e01.jpg,1201,8000000.000000,32,1024,SDR,80,1,100,14.0,8000000.0,16.28771237954945,8.380821783926503,8.380821783926503,8.380821783926503,0.75,1,,,0.55,sihdr_reference_heuristic,1,0,1
SIHDR_087,SIHDR_087_e02.jpg,1202,6000000.000000,32,1024,SDR,80,2,100,14.0,6000000.0,15.872674880270605,8.380821783926503,8.380821783926503,8.380821783926503,0.75,1,,,0.55,sihdr_reference_heuristic,1,0,1
SIHDR_087,SIHDR_087_e03.jpg,1203,4000000.000000,32,1024,SDR,80,3,100,14.0,4000000.0,15.287712379549449,8.380821783926503,8.380821783926503,8.380821783926503,0.75,1,,,0.55,sihdr_reference_heuristic,1,0,1
SIHDR_087,SIHDR_087_e04.jpg,1204,2000000.000000,32,1024,SDR,80,4,100,14.0,2000000.0,14.287712379549449,8.380821783926503,8.380821783926503,8.380821783926503,0.75,1,,,0.55,sihdr_reference_heuristic,1,0,1
SIHDR_087,SIHDR_087_e05.jpg,1205,1000000.000000,32,1024,SDR,80,5,100,14.0,1000000.0,13.287712379549449,8.380821783926503,8.380821783926503,8.380821783926503,0.75,1,,,0.55,sihdr_reference_heuristic,1,0,1
SIHDR_087,SIHDR_087_e06.jpg,1206,500000.000000,32,1024,SDR,80,6,100,14.0,500000.0,12.287712379549449,8.380821783926503,8.380821783926503,8.380821783926503,0.75,1,,,0.55,sihdr_reference_heuristic,1,0,1
SIHDR_087,SIHDR_087_e07.jpg,1207,250000.000000,32,1024,SDR,80,7,100,14.0,250000.0,11.287712379549449,8.380821783926503,8.380821783926503,8.380821783926503,0.75,1,,,0.55,sihdr_reference_heuristic,1,0,1
SIHDR_087,SIHDR_087_e08.jpg,1208,125000.000000,32,1024,SDR,80,8,100,14.0,125000.0,10.287712379549449,8.380821783926503,8.380821783926503,8.380821783926503,0.75,1,,,0.55,sihdr_reference_heuristic,1,0,1
SIHDR_087,SIHDR_087_e09.jpg,1209,66666.666667,32,1024,SDR,80,9,100,14.0,66666.666667,9.380821783948145,8.380821783926503,8.380821783926503,8.380821783926503,0.75,1,,,0.55,sihdr_reference_heuristic,1,0,1
SIHDR_087,SIHDR_087_e10.jpg,1210,33333.333333,32,1024,SDR,80,10,100,14.0,33333.333333,8.380821783926503,8.380821783926503,8.380821783926503,8.380821783926503,0.75,1,,,0.55,sihdr_reference_heuristic,1,0,1
SIHDR_087,SIHDR_087_e11.jpg,1211,16666.666667,32,1024,SDR,80,11,100,14.0,16666.666667,7.380821783969785,8.380821783926503,8.380821783926503,8.380821783926503,0.75,1,,,0.55,sihdr_reference_heuristic,1,0,1
SIHDR_087,SIHDR_087_e12.jpg,1212,8000.000000,32,1024,SDR,80,12,100,14.0,8000.0,6.321928094887363,8.380821783926503,8.380821783926503,8.380821783926503,0.75,1,,,0.55,sihdr_reference_heuristic,1,0,1
SIHDR_087,SIHDR_087_e13.jpg,1213,4000.000000,32,1024,SDR,80,13,100,14.0,4000.0,5.321928094887363,8.380821783926503,8.380821783926503,8.380821783926503,0.75,1,,,0.55,sihdr_reference_heuristic,1,0,1
SIHDR_087,SIHDR_087_e14.jpg,1214,2000.000000,32,1024,SDR,80,14,100,14.0,2000.0,4.321928094887363,8.380821783926503,8.380821783926503,8.380821783926503,0.75,1,,,0.55,sihdr_reference_heuristic,1,0,1
SIHDR_088,SIHDR_088_e00.jpg,1215,15000000.000000,32,1024,SDR,81,0,100,14.0,15000000.0,17.194602975157967,8.380821783926503,8.380821783926503,8.380821783926503,0.75,1,,,0.55,sihdr_reference_heuristic,1,0,1
SIHDR_088,SIHDR_088_e01.jpg,1216,8000000.000000,32,1024,SDR,81,1,100,14.0,8000000.0,16.28771237954945,8.380821783926503,8.380821783926503,8.380821783926503,0.75,1,,,0.55,sihdr_reference_heuristic,1,0,1
SIHDR_088,SIHDR_088_e02.jpg,1217,6000000.000000,32,1024,SDR,81,2,100,14.0,6000000.0,15.872674880270605,8.380821783926503,8.380821783926503,8.380821783926503,0.75,1,,,0.55,sihdr_reference_heuristic,1,0,1
SIHDR_088,SIHDR_088_e03.jpg,1218,4000000.000000,32,1024,SDR,81,3,100,14.0,4000000.0,15.287712379549449,8.380821783926503,8.380821783926503,8.380821783926503,0.75,1,,,0.55,sihdr_reference_heuristic,1,0,1
SIHDR_088,SIHDR_088_e04.jpg,1219,2000000.000000,32,1024,SDR,81,4,100,14.0,2000000.0,14.287712379549449,8.380821783926503,8.380821783926503,8.380821783926503,0.75,1,,,0.55,sihdr_reference_heuristic,1,0,1
SIHDR_088,SIHDR_088_e05.jpg,1220,1000000.000000,32,1024,SDR,81,5,100,14.0,1000000.0,13.287712379549449,8.380821783926503,8.380821783926503,8.380821783926503,0.75,1,,,0.55,sihdr_reference_heuristic,1,0,1
SIHDR_088,SIHDR_088_e06.jpg,1221,500000.000000,32,1024,SDR,81,6,100,14.0,500000.0,12.287712379549449,8.380821783926503,8.380821783926503,8.380821783926503,0.75,1,,,0.55,sihdr_reference_heuristic,1,0,1
SIHDR_088,SIHDR_088_e07.jpg,1222,250000.000000,32,1024,SDR,81,7,100,14.0,250000.0,11.287712379549449,8.380821783926503,8.380821783926503,8.380821783926503,0.75,1,,,0.55,sihdr_reference_heuristic,1,0,1
SIHDR_088,SIHDR_088_e08.jpg,1223,125000.000000,32,1024,SDR,81,8,100,14.0,125000.0,10.287712379549449,8.380821783926503,8.380821783926503,8.380821783926503,0.75,1,,,0.55,sihdr_reference_heuristic,1,0,1
SIHDR_088,SIHDR_088_e09.jpg,1224,66666.666667,32,1024,SDR,81,9,100,14.0,66666.666667,9.380821783948145,8.380821783926503,8.380821783926503,8.380821783926503,0.75,1,,,0.55,sihdr_reference_heuristic,1,0,1
SIHDR_088,SIHDR_088_e10.jpg,1225,33333.333333,32,1024,SDR,81,10,100,14.0,33333.333333,8.380821783926503,8.380821783926503,8.380821783926503,8.380821783926503,0.75,1,,,0.55,sihdr_reference_heuristic,1,0,1
SIHDR_088,SIHDR_088_e11.jpg,1226,16666.666667,32,1024,SDR,81,11,100,14.0,16666.666667,7.380821783969785,8.380821783926503,8.380821783926503,8.380821783926503,0.75,1,,,0.55,sihdr_reference_heuristic,1,0,1
SIHDR_088,SIHDR_088_e12.jpg,1227,8000.000000,32,1024,SDR,81,12,100,14.0,8000.0,6.321928094887363,8.380821783926503,8.380821783926503,8.380821783926503,0.75,1,,,0.55,sihdr_reference_heuristic,1,0,1
SIHDR_088,SIHDR_088_e13.jpg,1228,4000.000000,32,1024,SDR,81,13,100,14.0,4000.0,5.321928094887363,8.380821783926503,8.380821783926503,8.380821783926503,0.75,1,,,0.55,sihdr_reference_heuristic,1,0,1
SIHDR_088,SIHDR_088_e14.jpg,1229,2000.000000,32,1024,SDR,81,14,100,14.0,2000.0,4.321928094887363,8.380821783926503,8.380821783926503,8.380821783926503,0.75,1,,,0.55,sihdr_reference_heuristic,1,0,1
SIHDR_089,SIHDR_089_e00.jpg,1230,15000000.000000,32,1024,SDR,82,0,100,14.0,15000000.0,17.194602975157967,8.380821783926503,8.380821783926503,8.380821783926503,0.75,1,,,0.55,sihdr_reference_heuristic,1,0,1
SIHDR_089,SIHDR_089_e01.jpg,1231,8000000.000000,32,1024,SDR,82,1,100,14.0,8000000.0,16.28771237954945,8.380821783926503,8.380821783926503,8.380821783926503,0.75,1,,,0.55,sihdr_reference_heuristic,1,0,1
SIHDR_089,SIHDR_089_e02.jpg,1232,6000000.000000,32,1024,SDR,82,2,100,14.0,6000000.0,15.872674880270605,8.380821783926503,8.380821783926503,8.380821783926503,0.75,1,,,0.55,sihdr_reference_heuristic,1,0,1
SIHDR_089,SIHDR_089_e03.jpg,1233,4000000.000000,32,1024,SDR,82,3,100,14.0,4000000.0,15.287712379549449,8.380821783926503,8.380821783926503,8.380821783926503,0.75,1,,,0.55,sihdr_reference_heuristic,1,0,1
SIHDR_089,SIHDR_089_e04.jpg,1234,2000000.000000,32,1024,SDR,82,4,100,14.0,2000000.0,14.287712379549449,8.380821783926503,8.380821783926503,8.380821783926503,0.75,1,,,0.55,sihdr_reference_heuristic,1,0,1
SIHDR_089,SIHDR_089_e05.jpg,1235,1000000.000000,32,1024,SDR,82,5,100,14.0,1000000.0,13.287712379549449,8.380821783926503,8.380821783926503,8.380821783926503,0.75,1,,,0.55,sihdr_reference_heuristic,1,0,1
SIHDR_089,SIHDR_089_e06.jpg,1236,500000.000000,32,1024,SDR,82,6,100,14.0,500000.0,12.287712379549449,8.380821783926503,8.380821783926503,8.380821783926503,0.75,1,,,0.55,sihdr_reference_heuristic,1,0,1
SIHDR_089,SIHDR_089_e07.jpg,1237,250000.000000,32,1024,SDR,82,7,100,14.0,250000.0,11.287712379549449,8.380821783926503,8.380821783926503,8.380821783926503,0.75,1,,,0.55,sihdr_reference_heuristic,1,0,1
SIHDR_089,SIHDR_089_e08.jpg,1238,125000.000000,32,1024,SDR,82,8,100,14.0,125000.0,10.287712379549449,8.380821783926503,8.380821783926503,8.380821783926503,0.75,1,,,0.55,sihdr_reference_heuristic,1,0,1
SIHDR_089,SIHDR_089_e09.jpg,1239,66666.666667,32,1024,SDR,82,9,100,14.0,66666.666667,9.380821783948145,8.380821783926503,8.380821783926503,8.380821783926503,0.75,1,,,0.55,sihdr_reference_heuristic,1,0,1
SIHDR_089,SIHDR_089_e10.jpg,1240,33333.333333,32,1024,SDR,82,10,100,14.0,33333.333333,8.380821783926503,8.380821783926503,8.380821783926503,8.380821783926503,0.75,1,,,0.55,sihdr_reference_heuristic,1,0,1
SIHDR_089,SIHDR_089_e11.jpg,1241,16666.666667,32,1024,SDR,82,11,100,14.0,16666.666667,7.380821783969785,8.380821783926503,8.380821783926503,8.380821783926503,0.75,1,,,0.55,sihdr_reference_heuristic,1,0,1
SIHDR_089,SIHDR_089_e12.jpg,1242,8000.000000,32,1024,SDR,82,12,100,14.0,8000.0,6.321928094887363,8.380821783926503,8.380821783926503,8.380821783926503,0.75,1,,,0.55,sihdr_reference_heuristic,1,0,1
SIHDR_089,SIHDR_089_e13.jpg,1243,4000.000000,32,1024,SDR,82,13,100,14.0,4000.0,5.321928094887363,8.380821783926503,8.380821783926503,8.380821783926503,0.75,1,,,0.55,sihdr_reference_heuristic,1,0,1
SIHDR_089,SIHDR_089_e14.jpg,1244,2000.000000,32,1024,SDR,82,14,100,14.0,2000.0,4.321928094887363,8.380821783926503,8.380821783926503,8.380821783926503,0.75,1,,,0.55,sihdr_reference_heuristic,1,0,1
SIHDR_090,SIHDR_090_e00.jpg,1245,15000000.000000,32,1024,SDR,83,0,100,14.0,15000000.0,17.194602975157967,8.380821783926503,8.380821783926503,8.380821783926503,0.75,1,,,0.55,sihdr_reference_heuristic,1,0,1
SIHDR_090,SIHDR_090_e01.jpg,1246,8000000.000000,32,1024,SDR,83,1,100,14.0,8000000.0,16.28771237954945,8.380821783926503,8.380821783926503,8.380821783926503,0.75,1,,,0.55,sihdr_reference_heuristic,1,0,1
SIHDR_090,SIHDR_090_e02.jpg,1247,6000000.000000,32,1024,SDR,83,2,100,14.0,6000000.0,15.872674880270605,8.380821783926503,8.380821783926503,8.380821783926503,0.75,1,,,0.55,sihdr_reference_heuristic,1,0,1
SIHDR_090,SIHDR_090_e03.jpg,1248,4000000.000000,32,1024,SDR,83,3,100,14.0,4000000.0,15.287712379549449,8.380821783926503,8.380821783926503,8.380821783926503,0.75,1,,,0.55,sihdr_reference_heuristic,1,0,1
SIHDR_090,SIHDR_090_e04.jpg,1249,2000000.000000,32,1024,SDR,83,4,100,14.0,2000000.0,14.287712379549449,8.380821783926503,8.380821783926503,8.380821783926503,0.75,1,,,0.55,sihdr_reference_heuristic,1,0,1
SIHDR_090,SIHDR_090_e05.jpg,1250,1000000.000000,32,1024,SDR,83,5,100,14.0,1000000.0,13.287712379549449,8.380821783926503,8.380821783926503,8.380821783926503,0.75,1,,,0.55,sihdr_reference_heuristic,1,0,1
SIHDR_090,SIHDR_090_e06.jpg,1251,500000.000000,32,1024,SDR,83,6,100,14.0,500000.0,12.287712379549449,8.380821783926503,8.380821783926503,8.380821783926503,0.75,1,,,0.55,sihdr_reference_heuristic,1,0,1
SIHDR_090,SIHDR_090_e07.jpg,1252,250000.000000,32,1024,SDR,83,7,100,14.0,250000.0,11.287712379549449,8.380821783926503,8.380821783926503,8.380821783926503,0.75,1,,,0.55,sihdr_reference_heuristic,1,0,1
SIHDR_090,SIHDR_090_e08.jpg,1253,125000.000000,32,1024,SDR,83,8,100,14.0,125000.0,10.287712379549449,8.380821783926503,8.380821783926503,8.380821783926503,0.75,1,,,0.55,sihdr_reference_heuristic,1,0,1
SIHDR_090,SIHDR_090_e09.jpg,1254,66666.666667,32,1024,SDR,83,9,100,14.0,66666.666667,9.380821783948145,8.380821783926503,8.380821783926503,8.380821783926503,0.75,1,,,0.55,sihdr_reference_heuristic,1,0,1
SIHDR_090,SIHDR_090_e10.jpg,1255,33333.333333,32,1024,SDR,83,10,100,14.0,33333.333333,8.380821783926503,8.380821783926503,8.380821783926503,8.380821783926503,0.75,1,,,0.55,sihdr_reference_heuristic,1,0,1
SIHDR_090,SIHDR_090_e11.jpg,1256,16666.666667,32,1024,SDR,83,11,100,14.0,16666.666667,7.380821783969785,8.380821783926503,8.380821783926503,8.380821783926503,0.75,1,,,0.55,sihdr_reference_heuristic,1,0,1
SIHDR_090,SIHDR_090_e12.jpg,1257,8000.000000,32,1024,SDR,83,12,100,14.0,8000.0,6.321928094887363,8.380821783926503,8.380821783926503,8.380821783926503,0.75,1,,,0.55,sihdr_reference_heuristic,1,0,1
SIHDR_090,SIHDR_090_e13.jpg,1258,4000.000000,32,1024,SDR,83,13,100,14.0,4000.0,5.321928094887363,8.380821783926503,8.380821783926503,8.380821783926503,0.75,1,,,0.55,sihdr_reference_heuristic,1,0,1
SIHDR_090,SIHDR_090_e14.jpg,1259,2000.000000,32,1024,SDR,83,14,100,14.0,2000.0,4.321928094887363,8.380821783926503,8.380821783926503,8.380821783926503,0.75,1,,,0.55,sihdr_reference_heuristic,1,0,1
SIHDR_091,SIHDR_091_e00.jpg,1260,15000000.000000,32,1024,SDR,84,0,100,14.0,15000000.0,17.194602975157967,8.380821783926503,8.380821783926503,8.380821783926503,0.75,1,,,0.55,sihdr_reference_heuristic,1,0,1
SIHDR_091,SIHDR_091_e01.jpg,1261,8000000.000000,32,1024,SDR,84,1,100,14.0,8000000.0,16.28771237954945,8.380821783926503,8.380821783926503,8.380821783926503,0.75,1,,,0.55,sihdr_reference_heuristic,1,0,1
SIHDR_091,SIHDR_091_e02.jpg,1262,6000000.000000,32,1024,SDR,84,2,100,14.0,6000000.0,15.872674880270605,8.380821783926503,8.380821783926503,8.380821783926503,0.75,1,,,0.55,sihdr_reference_heuristic,1,0,1
SIHDR_091,SIHDR_091_e03.jpg,1263,4000000.000000,32,1024,SDR,84,3,100,14.0,4000000.0,15.287712379549449,8.380821783926503,8.380821783926503,8.380821783926503,0.75,1,,,0.55,sihdr_reference_heuristic,1,0,1
SIHDR_091,SIHDR_091_e04.jpg,1264,2000000.000000,32,1024,SDR,84,4,100,14.0,2000000.0,14.287712379549449,8.380821783926503,8.380821783926503,8.380821783926503,0.75,1,,,0.55,sihdr_reference_heuristic,1,0,1
SIHDR_091,SIHDR_091_e05.jpg,1265,1000000.000000,32,1024,SDR,84,5,100,14.0,1000000.0,13.287712379549449,8.380821783926503,8.380821783926503,8.380821783926503,0.75,1,,,0.55,sihdr_reference_heuristic,1,0,1
SIHDR_091,SIHDR_091_e06.jpg,1266,500000.000000,32,1024,SDR,84,6,100,14.0,500000.0,12.287712379549449,8.380821783926503,8.380821783926503,8.380821783926503,0.75,1,,,0.55,sihdr_reference_heuristic,1,0,1
SIHDR_091,SIHDR_091_e07.jpg,1267,250000.000000,32,1024,SDR,84,7,100,14.0,250000.0,11.287712379549449,8.380821783926503,8.380821783926503,8.380821783926503,0.75,1,,,0.55,sihdr_reference_heuristic,1,0,1
SIHDR_091,SIHDR_091_e08.jpg,1268,125000.000000,32,1024,SDR,84,8,100,14.0,125000.0,10.287712379549449,8.380821783926503,8.380821783926503,8.380821783926503,0.75,1,,,0.55,sihdr_reference_heuristic,1,0,1
SIHDR_091,SIHDR_091_e09.jpg,1269,66666.666667,32,1024,SDR,84,9,100,14.0,66666.666667,9.380821783948145,8.380821783926503,8.380821783926503,8.380821783926503,0.75,1,,,0.55,sihdr_reference_heuristic,1,0,1
SIHDR_091,SIHDR_091_e10.jpg,1270,33333.333333,32,1024,SDR,84,10,100,14.0,33333.333333,8.380821783926503,8.380821783926503,8.380821783926503,8.380821783926503,0.75,1,,,0.55,sihdr_reference_heuristic,1,0,1
SIHDR_091,SIHDR_091_e11.jpg,1271,16666.666667,32,1024,SDR,84,11,100,14.0,16666.666667,7.380821783969785,8.380821783926503,8.380821783926503,8.380821783926503,0.75,1,,,0.55,sihdr_reference_heuristic,1,0,1
SIHDR_091,SIHDR_091_e12.jpg,1272,8000.000000,32,1024,SDR,84,12,100,14.0,8000.0,6.321928094887363,8.380821783926503,8.380821783926503,8.380821783926503,0.75,1,,,0.55,sihdr_reference_heuristic,1,0,1
SIHDR_091,SIHDR_091_e13.jpg,1273,4000.000000,32,1024,SDR,84,13,100,14.0,4000.0,5.321928094887363,8.380821783926503,8.380821783926503,8.380821783926503,0.75,1,,,0.55,sihdr_reference_heuristic,1,0,1
SIHDR_091,SIHDR_091_e14.jpg,1274,2000.000000,32,1024,SDR,84,14,100,14.0,2000.0,4.321928094887363,8.380821783926503,8.380821783926503,8.380821783926503,0.75,1,,,0.55,sihdr_reference_heuristic,1,0,1
SIHDR_092,SIHDR_092_e00.jpg,1275,15000000.000000,32,1024,SDR,85,0,100,14.0,15000000.0,17.194602975157967,8.380821783926503,8.380821783926503,8.380821783926503,0.75,1,,,0.55,sihdr_reference_heuristic,1,0,1
SIHDR_092,SIHDR_092_e01.jpg,1276,8000000.000000,32,1024,SDR,85,1,100,14.0,8000000.0,16.28771237954945,8.380821783926503,8.380821783926503,8.380821783926503,0.75,1,,,0.55,sihdr_reference_heuristic,1,0,1
SIHDR_092,SIHDR_092_e02.jpg,1277,6000000.000000,32,1024,SDR,85,2,100,14.0,6000000.0,15.872674880270605,8.380821783926503,8.380821783926503,8.380821783926503,0.75,1,,,0.55,sihdr_reference_heuristic,1,0,1
SIHDR_092,SIHDR_092_e03.jpg,1278,4000000.000000,32,1024,SDR,85,3,100,14.0,4000000.0,15.287712379549449,8.380821783926503,8.380821783926503,8.380821783926503,0.75,1,,,0.55,sihdr_reference_heuristic,1,0,1
SIHDR_092,SIHDR_092_e04.jpg,1279,2000000.000000,32,1024,SDR,85,4,100,14.0,2000000.0,14.287712379549449,8.380821783926503,8.380821783926503,8.380821783926503,0.75,1,,,0.55,sihdr_reference_heuristic,1,0,1
SIHDR_092,SIHDR_092_e05.jpg,1280,1000000.000000,32,1024,SDR,85,5,100,14.0,1000000.0,13.287712379549449,8.380821783926503,8.380821783926503,8.380821783926503,0.75,1,,,0.55,sihdr_reference_heuristic,1,0,1
SIHDR_092,SIHDR_092_e06.jpg,1281,500000.000000,32,1024,SDR,85,6,100,14.0,500000.0,12.287712379549449,8.380821783926503,8.380821783926503,8.380821783926503,0.75,1,,,0.55,sihdr_reference_heuristic,1,0,1
SIHDR_092,SIHDR_092_e07.jpg,1282,250000.000000,32,1024,SDR,85,7,100,14.0,250000.0,11.287712379549449,8.380821783926503,8.380821783926503,8.380821783926503,0.75,1,,,0.55,sihdr_reference_heuristic,1,0,1
SIHDR_092,SIHDR_092_e08.jpg,1283,125000.000000,32,1024,SDR,85,8,100,14.0,125000.0,10.287712379549449,8.380821783926503,8.380821783926503,8.380821783926503,0.75,1,,,0.55,sihdr_reference_heuristic,1,0,1
SIHDR_092,SIHDR_092_e09.jpg,1284,66666.666667,32,1024,SDR,85,9,100,14.0,66666.666667,9.380821783948145,8.380821783926503,8.380821783926503,8.380821783926503,0.75,1,,,0.55,sihdr_reference_heuristic,1,0,1
SIHDR_092,SIHDR_092_e10.jpg,1285,33333.333333,32,1024,SDR,85,10,100,14.0,33333.333333,8.380821783926503,8.380821783926503,8.380821783926503,8.380821783926503,0.75,1,,,0.55,sihdr_reference_heuristic,1,0,1
SIHDR_092,SIHDR_092_e11.jpg,1286,16666.666667,32,1024,SDR,85,11,100,14.0,16666.666667,7.380821783969785,8.380821783926503,8.380821783926503,8.380821783926503,0.75,1,,,0.55,sihdr_reference_heuristic,1,0,1
SIHDR_092,SIHDR_092_e12.jpg,1287,8000.000000,32,1024,SDR,85,12,100,14.0,8000.0,6.321928094887363,8.380821783926503,8.380821783926503,8.380821783926503,0.75,1,,,0.55,sihdr_reference_heuristic,1,0,1
SIHDR_092,SIHDR_092_e13.jpg,1288,4000.000000,32,1024,SDR,85,13,100,14.0,4000.0,5.321928094887363,8.380821783926503,8.380821783926503,8.380821783926503,0.75,1,,,0.55,sihdr_reference_heuristic,1,0,1
SIHDR_092,SIHDR_092_e14.jpg,1289,2000.000000,32,1024,SDR,85,14,100,14.0,2000.0,4.321928094887363,8.380821783926503,8.380821783926503,8.380821783926503,0.75,1,,,0.55,sihdr_reference_heuristic,1,0,1
SIHDR_093,SIHDR_093_e00.jpg,1290,15000000.000000,32,1024,SDR,86,0,100,14.0,15000000.0,17.194602975157967,11.287712379549449,11.287712379549449,11.287712379549449,0.75,1,,,0.55,sihdr_reference_heuristic,1,0,1
SIHDR_093,SIHDR_093_e01.jpg,1291,8000000.000000,32,1024,SDR,86,1,100,14.0,8000000.0,16.28771237954945,11.287712379549449,11.287712379549449,11.287712379549449,0.75,1,,,0.55,sihdr_reference_heuristic,1,0,1
SIHDR_093,SIHDR_093_e02.jpg,1292,6000000.000000,32,1024,SDR,86,2,100,14.0,6000000.0,15.872674880270605,11.287712379549449,11.287712379549449,11.287712379549449,0.75,1,,,0.55,sihdr_reference_heuristic,1,0,1
SIHDR_093,SIHDR_093_e03.jpg,1293,4000000.000000,32,1024,SDR,86,3,100,14.0,4000000.0,15.287712379549449,11.287712379549449,11.287712379549449,11.287712379549449,0.75,1,,,0.55,sihdr_reference_heuristic,1,0,1
SIHDR_093,SIHDR_093_e04.jpg,1294,2000000.000000,32,1024,SDR,86,4,100,14.0,2000000.0,14.287712379549449,11.287712379549449,11.287712379549449,11.287712379549449,0.75,1,,,0.55,sihdr_reference_heuristic,1,0,1
SIHDR_093,SIHDR_093_e05.jpg,1295,1000000.000000,32,1024,SDR,86,5,100,14.0,1000000.0,13.287712379549449,11.287712379549449,11.287712379549449,11.287712379549449,0.75,1,,,0.55,sihdr_reference_heuristic,1,0,1
SIHDR_093,SIHDR_093_e06.jpg,1296,500000.000000,32,1024,SDR,86,6,100,14.0,500000.0,12.287712379549449,11.287712379549449,11.287712379549449,11.287712379549449,0.75,1,,,0.55,sihdr_reference_heuristic,1,0,1
SIHDR_093,SIHDR_093_e07.jpg,1297,250000.000000,32,1024,SDR,86,7,100,14.0,250000.0,11.287712379549449,11.287712379549449,11.287712379549449,11.287712379549449,0.75,1,,,0.55,sihdr_reference_heuristic,1,0,1
SIHDR_093,SIHDR_093_e08.jpg,1298,125000.000000,32,1024,SDR,86,8,100,14.0,125000.0,10.287712379549449,11.287712379549449,11.287712379549449,11.287712379549449,0.75,1,,,0.55,sihdr_reference_heuristic,1,0,1
SIHDR_093,SIHDR_093_e09.jpg,1299,66666.666667,32,1024,SDR,86,9,100,14.0,66666.666667,9.380821783948145,11.287712379549449,11.287712379549449,11.287712379549449,0.75,1,,,0.55,sihdr_reference_heuristic,1,0,1
SIHDR_093,SIHDR_093_e10.jpg,1300,33333.333333,32,1024,SDR,86,10,100,14.0,33333.333333,8.380821783926503,11.287712379549449,11.287712379549449,11.287712379549449,0.75,1,,,0.55,sihdr_reference_heuristic,1,0,1
SIHDR_093,SIHDR_093_e11.jpg,1301,16666.666667,32,1024,SDR,86,11,100,14.0,16666.666667,7.380821783969785,11.287712379549449,11.287712379549449,11.287712379549449,0.75,1,,,0.55,sihdr_reference_heuristic,1,0,1
SIHDR_093,SIHDR_093_e12.jpg,1302,8000.000000,32,1024,SDR,86,12,100,14.0,8000.0,6.321928094887363,11.287712379549449,11.287712379549449,11.287712379549449,0.75,1,,,0.55,sihdr_reference_heuristic,1,0,1
SIHDR_093,SIHDR_093_e13.jpg,1303,4000.000000,32,1024,SDR,86,13,100,14.0,4000.0,5.321928094887363,11.287712379549449,11.287712379549449,11.287712379549449,0.75,1,,,0.55,sihdr_reference_heuristic,1,0,1
SIHDR_093,SIHDR_093_e14.jpg,1304,2000.000000,32,1024,SDR,86,14,100,14.0,2000.0,4.321928094887363,11.287712379549449,11.287712379549449,11.287712379549449,0.75,1,,,0.55,sihdr_reference_heuristic,1,0,1
SIHDR_096,SIHDR_096_e00.jpg,1305,15000000.000000,32,1024,SDR,87,0,100,14.0,15000000.0,17.194602975157967,17.194602975157967,17.194602975157967,17.194602975157967,0.25,0,,,0.55,sihdr_reference_heuristic,1,0,0
SIHDR_096,SIHDR_096_e01.jpg,1306,8000000.000000,32,1024,SDR,87,1,100,14.0,8000000.0,16.28771237954945,17.194602975157967,17.194602975157967,17.194602975157967,0.25,0,,,0.55,sihdr_reference_heuristic,1,0,0
SIHDR_096,SIHDR_096_e02.jpg,1307,6000000.000000,32,1024,SDR,87,2,100,14.0,6000000.0,15.872674880270605,17.194602975157967,17.194602975157967,17.194602975157967,0.25,0,,,0.55,sihdr_reference_heuristic,1,0,0
SIHDR_096,SIHDR_096_e03.jpg,1308,4000000.000000,32,1024,SDR,87,3,100,14.0,4000000.0,15.287712379549449,17.194602975157967,17.194602975157967,17.194602975157967,0.25,0,,,0.55,sihdr_reference_heuristic,1,0,0
SIHDR_096,SIHDR_096_e04.jpg,1309,2000000.000000,32,1024,SDR,87,4,100,14.0,2000000.0,14.287712379549449,17.194602975157967,17.194602975157967,17.194602975157967,0.25,0,,,0.55,sihdr_reference_heuristic,1,0,0
SIHDR_096,SIHDR_096_e05.jpg,1310,1000000.000000,32,1024,SDR,87,5,100,14.0,1000000.0,13.287712379549449,17.194602975157967,17.194602975157967,17.194602975157967,0.25,0,,,0.55,sihdr_reference_heuristic,1,0,0
SIHDR_096,SIHDR_096_e06.jpg,1311,500000.000000,32,1024,SDR,87,6,100,14.0,500000.0,12.287712379549449,17.194602975157967,17.194602975157967,17.194602975157967,0.25,0,,,0.55,sihdr_reference_heuristic,1,0,0
SIHDR_096,SIHDR_096_e07.jpg,1312,250000.000000,32,1024,SDR,87,7,100,14.0,250000.0,11.287712379549449,17.194602975157967,17.194602975157967,17.194602975157967,0.25,0,,,0.55,sihdr_reference_heuristic,1,0,0
SIHDR_096,SIHDR_096_e08.jpg,1313,125000.000000,32,1024,SDR,87,8,100,14.0,125000.0,10.287712379549449,17.194602975157967,17.194602975157967,17.194602975157967,0.25,0,,,0.55,sihdr_reference_heuristic,1,0,0
SIHDR_096,SIHDR_096_e09.jpg,1314,66666.666667,32,1024,SDR,87,9,100,14.0,66666.666667,9.380821783948145,17.194602975157967,17.194602975157967,17.194602975157967,0.25,0,,,0.55,sihdr_reference_heuristic,1,0,0
SIHDR_096,SIHDR_096_e10.jpg,1315,33333.333333,32,1024,SDR,87,10,100,14.0,33333.333333,8.380821783926503,17.194602975157967,17.194602975157967,17.194602975157967,0.25,0,,,0.55,sihdr_reference_heuristic,1,0,0
SIHDR_096,SIHDR_096_e11.jpg,1316,16666.666667,32,1024,SDR,87,11,100,14.0,16666.666667,7.380821783969785,17.194602975157967,17.194602975157967,17.194602975157967,0.25,0,,,0.55,sihdr_reference_heuristic,1,0,0
SIHDR_096,SIHDR_096_e12.jpg,1317,8000.000000,32,1024,SDR,87,12,100,14.0,8000.0,6.321928094887363,17.194602975157967,17.194602975157967,17.194602975157967,0.25,0,,,0.55,sihdr_reference_heuristic,1,0,0
SIHDR_096,SIHDR_096_e13.jpg,1318,4000.000000,32,1024,SDR,87,13,100,14.0,4000.0,5.321928094887363,17.194602975157967,17.194602975157967,17.194602975157967,0.25,0,,,0.55,sihdr_reference_heuristic,1,0,0
SIHDR_096,SIHDR_096_e14.jpg,1319,2000.000000,32,1024,SDR,87,14,100,14.0,2000.0,4.321928094887363,17.194602975157967,17.194602975157967,17.194602975157967,0.25,0,,,0.55,sihdr_reference_heuristic,1,0,0
SIHDR_097,SIHDR_097_e00.jpg,1320,15000000.000000,32,1024,SDR,88,0,100,14.0,15000000.0,17.194602975157967,17.194602975157967,17.194602975157967,17.194602975157967,0.25,0,,,0.55,sihdr_reference_heuristic,1,0,0
SIHDR_097,SIHDR_097_e01.jpg,1321,8000000.000000,32,1024,SDR,88,1,100,14.0,8000000.0,16.28771237954945,17.194602975157967,17.194602975157967,17.194602975157967,0.25,0,,,0.55,sihdr_reference_heuristic,1,0,0
SIHDR_097,SIHDR_097_e02.jpg,1322,6000000.000000,32,1024,SDR,88,2,100,14.0,6000000.0,15.872674880270605,17.194602975157967,17.194602975157967,17.194602975157967,0.25,0,,,0.55,sihdr_reference_heuristic,1,0,0
SIHDR_097,SIHDR_097_e03.jpg,1323,4000000.000000,32,1024,SDR,88,3,100,14.0,4000000.0,15.287712379549449,17.194602975157967,17.194602975157967,17.194602975157967,0.25,0,,,0.55,sihdr_reference_heuristic,1,0,0
SIHDR_097,SIHDR_097_e04.jpg,1324,2000000.000000,32,1024,SDR,88,4,100,14.0,2000000.0,14.287712379549449,17.194602975157967,17.194602975157967,17.194602975157967,0.25,0,,,0.55,sihdr_reference_heuristic,1,0,0
SIHDR_097,SIHDR_097_e05.jpg,1325,1000000.000000,32,1024,SDR,88,5,100,14.0,1000000.0,13.287712379549449,17.194602975157967,17.194602975157967,17.194602975157967,0.25,0,,,0.55,sihdr_reference_heuristic,1,0,0
SIHDR_097,SIHDR_097_e06.jpg,1326,500000.000000,32,1024,SDR,88,6,100,14.0,500000.0,12.287712379549449,17.194602975157967,17.194602975157967,17.194602975157967,0.25,0,,,0.55,sihdr_reference_heuristic,1,0,0
SIHDR_097,SIHDR_097_e07.jpg,1327,250000.000000,32,1024,SDR,88,7,100,14.0,250000.0,11.287712379549449,17.194602975157967,17.194602975157967,17.194602975157967,0.25,0,,,0.55,sihdr_reference_heuristic,1,0,0
SIHDR_097,SIHDR_097_e08.jpg,1328,125000.000000,32,1024,SDR,88,8,100,14.0,125000.0,10.287712379549449,17.194602975157967,17.194602975157967,17.194602975157967,0.25,0,,,0.55,sihdr_reference_heuristic,1,0,0
SIHDR_097,SIHDR_097_e09.jpg,1329,66666.666667,32,1024,SDR,88,9,100,14.0,66666.666667,9.380821783948145,17.194602975157967,17.194602975157967,17.194602975157967,0.25,0,,,0.55,sihdr_reference_heuristic,1,0,0
SIHDR_097,SIHDR_097_e10.jpg,1330,33333.333333,32,1024,SDR,88,10,100,14.0,33333.333333,8.380821783926503,17.194602975157967,17.194602975157967,17.194602975157967,0.25,0,,,0.55,sihdr_reference_heuristic,1,0,0
SIHDR_097,SIHDR_097_e11.jpg,1331,16666.666667,32,1024,SDR,88,11,100,14.0,16666.666667,7.380821783969785,17.194602975157967,17.194602975157967,17.194602975157967,0.25,0,,,0.55,sihdr_reference_heuristic,1,0,0
SIHDR_097,SIHDR_097_e12.jpg,1332,8000.000000,32,1024,SDR,88,12,100,14.0,8000.0,6.321928094887363,17.194602975157967,17.194602975157967,17.194602975157967,0.25,0,,,0.55,sihdr_reference_heuristic,1,0,0
SIHDR_097,SIHDR_097_e13.jpg,1333,4000.000000,32,1024,SDR,88,13,100,14.0,4000.0,5.321928094887363,17.194602975157967,17.194602975157967,17.194602975157967,0.25,0,,,0.55,sihdr_reference_heuristic,1,0,0
SIHDR_097,SIHDR_097_e14.jpg,1334,2000.000000,32,1024,SDR,88,14,100,14.0,2000.0,4.321928094887363,17.194602975157967,17.194602975157967,17.194602975157967,0.25,0,,,0.55,sihdr_reference_heuristic,1,0,0
SIHDR_098,SIHDR_098_e00.jpg,1335,15000000.000000,32,1024,SDR,89,0,100,14.0,15000000.0,17.194602975157967,17.194602975157967,17.194602975157967,17.194602975157967,0.25,0,,,0.55,sihdr_reference_heuristic,1,0,0
SIHDR_098,SIHDR_098_e01.jpg,1336,8000000.000000,32,1024,SDR,89,1,100,14.0,8000000.0,16.28771237954945,17.194602975157967,17.194602975157967,17.194602975157967,0.25,0,,,0.55,sihdr_reference_heuristic,1,0,0
SIHDR_098,SIHDR_098_e02.jpg,1337,6000000.000000,32,1024,SDR,89,2,100,14.0,6000000.0,15.872674880270605,17.194602975157967,17.194602975157967,17.194602975157967,0.25,0,,,0.55,sihdr_reference_heuristic,1,0,0
SIHDR_098,SIHDR_098_e03.jpg,1338,4000000.000000,32,1024,SDR,89,3,100,14.0,4000000.0,15.287712379549449,17.194602975157967,17.194602975157967,17.194602975157967,0.25,0,,,0.55,sihdr_reference_heuristic,1,0,0
SIHDR_098,SIHDR_098_e04.jpg,1339,2000000.000000,32,1024,SDR,89,4,100,14.0,2000000.0,14.287712379549449,17.194602975157967,17.194602975157967,17.194602975157967,0.25,0,,,0.55,sihdr_reference_heuristic,1,0,0
SIHDR_098,SIHDR_098_e05.jpg,1340,1000000.000000,32,1024,SDR,89,5,100,14.0,1000000.0,13.287712379549449,17.194602975157967,17.194602975157967,17.194602975157967,0.25,0,,,0.55,sihdr_reference_heuristic,1,0,0
SIHDR_098,SIHDR_098_e06.jpg,1341,500000.000000,32,1024,SDR,89,6,100,14.0,500000.0,12.287712379549449,17.194602975157967,17.194602975157967,17.194602975157967,0.25,0,,,0.55,sihdr_reference_heuristic,1,0,0
SIHDR_098,SIHDR_098_e07.jpg,1342,250000.000000,32,1024,SDR,89,7,100,14.0,250000.0,11.287712379549449,17.194602975157967,17.194602975157967,17.194602975157967,0.25,0,,,0.55,sihdr_reference_heuristic,1,0,0
SIHDR_098,SIHDR_098_e08.jpg,1343,125000.000000,32,1024,SDR,89,8,100,14.0,125000.0,10.287712379549449,17.194602975157967,17.194602975157967,17.194602975157967,0.25,0,,,0.55,sihdr_reference_heuristic,1,0,0
SIHDR_098,SIHDR_098_e09.jpg,1344,66666.666667,32,1024,SDR,89,9,100,14.0,66666.666667,9.380821783948145,17.194602975157967,17.194602975157967,17.194602975157967,0.25,0,,,0.55,sihdr_reference_heuristic,1,0,0
SIHDR_098,SIHDR_098_e10.jpg,1345,33333.333333,32,1024,SDR,89,10,100,14.0,33333.333333,8.380821783926503,17.194602975157967,17.194602975157967,17.194602975157967,0.25,0,,,0.55,sihdr_reference_heuristic,1,0,0
SIHDR_098,SIHDR_098_e11.jpg,1346,16666.666667,32,1024,SDR,89,11,100,14.0,16666.666667,7.380821783969785,17.194602975157967,17.194602975157967,17.194602975157967,0.25,0,,,0.55,sihdr_reference_heuristic,1,0,0
SIHDR_098,SIHDR_098_e12.jpg,1347,8000.000000,32,1024,SDR,89,12,100,14.0,8000.0,6.321928094887363,17.194602975157967,17.194602975157967,17.194602975157967,0.25,0,,,0.55,sihdr_reference_heuristic,1,0,0
SIHDR_098,SIHDR_098_e13.jpg,1348,4000.000000,32,1024,SDR,89,13,100,14.0,4000.0,5.321928094887363,17.194602975157967,17.194602975157967,17.194602975157967,0.25,0,,,0.55,sihdr_reference_heuristic,1,0,0
SIHDR_098,SIHDR_098_e14.jpg,1349,2000.000000,32,1024,SDR,89,14,100,14.0,2000.0,4.321928094887363,17.194602975157967,17.194602975157967,17.194602975157967,0.25,0,,,0.55,sihdr_reference_heuristic,1,0,0
SIHDR_099,SIHDR_099_e00.jpg,1350,15000000.000000,32,1024,SDR,90,0,100,14.0,15000000.0,17.194602975157967,17.194602975157967,17.194602975157967,17.194602975157967,0.25,0,,,0.55,sihdr_reference_heuristic,1,0,0
SIHDR_099,SIHDR_099_e01.jpg,1351,8000000.000000,32,1024,SDR,90,1,100,14.0,8000000.0,16.28771237954945,17.194602975157967,17.194602975157967,17.194602975157967,0.25,0,,,0.55,sihdr_reference_heuristic,1,0,0
SIHDR_099,SIHDR_099_e02.jpg,1352,6000000.000000,32,1024,SDR,90,2,100,14.0,6000000.0,15.872674880270605,17.194602975157967,17.194602975157967,17.194602975157967,0.25,0,,,0.55,sihdr_reference_heuristic,1,0,0
SIHDR_099,SIHDR_099_e03.jpg,1353,4000000.000000,32,1024,SDR,90,3,100,14.0,4000000.0,15.287712379549449,17.194602975157967,17.194602975157967,17.194602975157967,0.25,0,,,0.55,sihdr_reference_heuristic,1,0,0
SIHDR_099,SIHDR_099_e04.jpg,1354,2000000.000000,32,1024,SDR,90,4,100,14.0,2000000.0,14.287712379549449,17.194602975157967,17.194602975157967,17.194602975157967,0.25,0,,,0.55,sihdr_reference_heuristic,1,0,0
SIHDR_099,SIHDR_099_e05.jpg,1355,1000000.000000,32,1024,SDR,90,5,100,14.0,1000000.0,13.287712379549449,17.194602975157967,17.194602975157967,17.194602975157967,0.25,0,,,0.55,sihdr_reference_heuristic,1,0,0
SIHDR_099,SIHDR_099_e06.jpg,1356,500000.000000,32,1024,SDR,90,6,100,14.0,500000.0,12.287712379549449,17.194602975157967,17.194602975157967,17.194602975157967,0.25,0,,,0.55,sihdr_reference_heuristic,1,0,0
SIHDR_099,SIHDR_099_e07.jpg,1357,250000.000000,32,1024,SDR,90,7,100,14.0,250000.0,11.287712379549449,17.194602975157967,17.194602975157967,17.194602975157967,0.25,0,,,0.55,sihdr_reference_heuristic,1,0,0
SIHDR_099,SIHDR_099_e08.jpg,1358,125000.000000,32,1024,SDR,90,8,100,14.0,125000.0,10.287712379549449,17.194602975157967,17.194602975157967,17.194602975157967,0.25,0,,,0.55,sihdr_reference_heuristic,1,0,0
SIHDR_099,SIHDR_099_e09.jpg,1359,66666.666667,32,1024,SDR,90,9,100,14.0,66666.666667,9.380821783948145,17.194602975157967,17.194602975157967,17.194602975157967,0.25,0,,,0.55,sihdr_reference_heuristic,1,0,0
SIHDR_099,SIHDR_099_e10.jpg,1360,33333.333333,32,1024,SDR,90,10,100,14.0,33333.333333,8.380821783926503,17.194602975157967,17.194602975157967,17.194602975157967,0.25,0,,,0.55,sihdr_reference_heuristic,1,0,0
SIHDR_099,SIHDR_099_e11.jpg,1361,16666.666667,32,1024,SDR,90,11,100,14.0,16666.666667,7.380821783969785,17.194602975157967,17.194602975157967,17.194602975157967,0.25,0,,,0.55,sihdr_reference_heuristic,1,0,0
SIHDR_099,SIHDR_099_e12.jpg,1362,8000.000000,32,1024,SDR,90,12,100,14.0,8000.0,6.321928094887363,17.194602975157967,17.194602975157967,17.194602975157967,0.25,0,,,0.55,sihdr_reference_heuristic,1,0,0
SIHDR_099,SIHDR_099_e13.jpg,1363,4000.000000,32,1024,SDR,90,13,100,14.0,4000.0,5.321928094887363,17.194602975157967,17.194602975157967,17.194602975157967,0.25,0,,,0.55,sihdr_reference_heuristic,1,0,0
SIHDR_099,SIHDR_099_e14.jpg,1364,2000.000000,32,1024,SDR,90,14,100,14.0,2000.0,4.321928094887363,17.194602975157967,17.194602975157967,17.194602975157967,0.25,0,,,0.55,sihdr_reference_heuristic,1,0,0
SIHDR_100,SIHDR_100_e00.jpg,1365,15000000.000000,32,1024,SDR,91,0,100,14.0,15000000.0,17.194602975157967,17.194602975157967,17.194602975157967,17.194602975157967,0.25,0,,,0.55,sihdr_reference_heuristic,1,0,0
SIHDR_100,SIHDR_100_e01.jpg,1366,8000000.000000,32,1024,SDR,91,1,100,14.0,8000000.0,16.28771237954945,17.194602975157967,17.194602975157967,17.194602975157967,0.25,0,,,0.55,sihdr_reference_heuristic,1,0,0
SIHDR_100,SIHDR_100_e02.jpg,1367,6000000.000000,32,1024,SDR,91,2,100,14.0,6000000.0,15.872674880270605,17.194602975157967,17.194602975157967,17.194602975157967,0.25,0,,,0.55,sihdr_reference_heuristic,1,0,0
SIHDR_100,SIHDR_100_e03.jpg,1368,4000000.000000,32,1024,SDR,91,3,100,14.0,4000000.0,15.287712379549449,17.194602975157967,17.194602975157967,17.194602975157967,0.25,0,,,0.55,sihdr_reference_heuristic,1,0,0
SIHDR_100,SIHDR_100_e04.jpg,1369,2000000.000000,32,1024,SDR,91,4,100,14.0,2000000.0,14.287712379549449,17.194602975157967,17.194602975157967,17.194602975157967,0.25,0,,,0.55,sihdr_reference_heuristic,1,0,0
SIHDR_100,SIHDR_100_e05.jpg,1370,1000000.000000,32,1024,SDR,91,5,100,14.0,1000000.0,13.287712379549449,17.194602975157967,17.194602975157967,17.194602975157967,0.25,0,,,0.55,sihdr_reference_heuristic,1,0,0
SIHDR_100,SIHDR_100_e06.jpg,1371,500000.000000,32,1024,SDR,91,6,100,14.0,500000.0,12.287712379549449,17.194602975157967,17.194602975157967,17.194602975157967,0.25,0,,,0.55,sihdr_reference_heuristic,1,0,0
SIHDR_100,SIHDR_100_e07.jpg,1372,250000.000000,32,1024,SDR,91,7,100,14.0,250000.0,11.287712379549449,17.194602975157967,17.194602975157967,17.194602975157967,0.25,0,,,0.55,sihdr_reference_heuristic,1,0,0
SIHDR_100,SIHDR_100_e08.jpg,1373,125000.000000,32,1024,SDR,91,8,100,14.0,125000.0,10.287712379549449,17.194602975157967,17.194602975157967,17.194602975157967,0.25,0,,,0.55,sihdr_reference_heuristic,1,0,0
SIHDR_100,SIHDR_100_e09.jpg,1374,66666.666667,32,1024,SDR,91,9,100,14.0,66666.666667,9.380821783948145,17.194602975157967,17.194602975157967,17.194602975157967,0.25,0,,,0.55,sihdr_reference_heuristic,1,0,0
SIHDR_100,SIHDR_100_e10.jpg,1375,33333.333333,32,1024,SDR,91,10,100,14.0,33333.333333,8.380821783926503,17.194602975157967,17.194602975157967,17.194602975157967,0.25,0,,,0.55,sihdr_reference_heuristic,1,0,0
SIHDR_100,SIHDR_100_e11.jpg,1376,16666.666667,32,1024,SDR,91,11,100,14.0,16666.666667,7.380821783969785,17.194602975157967,17.194602975157967,17.194602975157967,0.25,0,,,0.55,sihdr_reference_heuristic,1,0,0
SIHDR_100,SIHDR_100_e12.jpg,1377,8000.000000,32,1024,SDR,91,12,100,14.0,8000.0,6.321928094887363,17.194602975157967,17.194602975157967,17.194602975157967,0.25,0,,,0.55,sihdr_reference_heuristic,1,0,0
SIHDR_100,SIHDR_100_e13.jpg,1378,4000.000000,32,1024,SDR,91,13,100,14.0,4000.0,5.321928094887363,17.194602975157967,17.194602975157967,17.194602975157967,0.25,0,,,0.55,sihdr_reference_heuristic,1,0,0
SIHDR_100,SIHDR_100_e14.jpg,1379,2000.000000,32,1024,SDR,91,14,100,14.0,2000.0,4.321928094887363,17.194602975157967,17.194602975157967,17.194602975157967,0.25,0,,,0.55,sihdr_reference_heuristic,1,0,0
SIHDR_101,SIHDR_101_e00.jpg,1380,15000000.000000,32,1024,SDR,92,0,100,14.0,15000000.0,17.194602975157967,17.194602975157967,17.194602975157967,17.194602975157967,0.25,0,,,0.55,sihdr_reference_heuristic,1,0,0
SIHDR_101,SIHDR_101_e01.jpg,1381,8000000.000000,32,1024,SDR,92,1,100,14.0,8000000.0,16.28771237954945,17.194602975157967,17.194602975157967,17.194602975157967,0.25,0,,,0.55,sihdr_reference_heuristic,1,0,0
SIHDR_101,SIHDR_101_e02.jpg,1382,6000000.000000,32,1024,SDR,92,2,100,14.0,6000000.0,15.872674880270605,17.194602975157967,17.194602975157967,17.194602975157967,0.25,0,,,0.55,sihdr_reference_heuristic,1,0,0
SIHDR_101,SIHDR_101_e03.jpg,1383,4000000.000000,32,1024,SDR,92,3,100,14.0,4000000.0,15.287712379549449,17.194602975157967,17.194602975157967,17.194602975157967,0.25,0,,,0.55,sihdr_reference_heuristic,1,0,0
SIHDR_101,SIHDR_101_e04.jpg,1384,2000000.000000,32,1024,SDR,92,4,100,14.0,2000000.0,14.287712379549449,17.194602975157967,17.194602975157967,17.194602975157967,0.25,0,,,0.55,sihdr_reference_heuristic,1,0,0
SIHDR_101,SIHDR_101_e05.jpg,1385,1000000.000000,32,1024,SDR,92,5,100,14.0,1000000.0,13.287712379549449,17.194602975157967,17.194602975157967,17.194602975157967,0.25,0,,,0.55,sihdr_reference_heuristic,1,0,0
SIHDR_101,SIHDR_101_e06.jpg,1386,500000.000000,32,1024,SDR,92,6,100,14.0,500000.0,12.287712379549449,17.194602975157967,17.194602975157967,17.194602975157967,0.25,0,,,0.55,sihdr_reference_heuristic,1,0,0
SIHDR_101,SIHDR_101_e07.jpg,1387,250000.000000,32,1024,SDR,92,7,100,14.0,250000.0,11.287712379549449,17.194602975157967,17.194602975157967,17.194602975157967,0.25,0,,,0.55,sihdr_reference_heuristic,1,0,0
SIHDR_101,SIHDR_101_e08.jpg,1388,125000.000000,32,1024,SDR,92,8,100,14.0,125000.0,10.287712379549449,17.194602975157967,17.194602975157967,17.194602975157967,0.25,0,,,0.55,sihdr_reference_heuristic,1,0,0
SIHDR_101,SIHDR_101_e09.jpg,1389,66666.666667,32,1024,SDR,92,9,100,14.0,66666.666667,9.380821783948145,17.194602975157967,17.194602975157967,17.194602975157967,0.25,0,,,0.55,sihdr_reference_heuristic,1,0,0
SIHDR_101,SIHDR_101_e10.jpg,1390,33333.333333,32,1024,SDR,92,10,100,14.0,33333.333333,8.380821783926503,17.194602975157967,17.194602975157967,17.194602975157967,0.25,0,,,0.55,sihdr_reference_heuristic,1,0,0
SIHDR_101,SIHDR_101_e11.jpg,1391,16666.666667,32,1024,SDR,92,11,100,14.0,16666.666667,7.380821783969785,17.194602975157967,17.194602975157967,17.194602975157967,0.25,0,,,0.55,sihdr_reference_heuristic,1,0,0
SIHDR_101,SIHDR_101_e12.jpg,1392,8000.000000,32,1024,SDR,92,12,100,14.0,8000.0,6.321928094887363,17.194602975157967,17.194602975157967,17.194602975157967,0.25,0,,,0.55,sihdr_reference_heuristic,1,0,0
SIHDR_101,SIHDR_101_e13.jpg,1393,4000.000000,32,1024,SDR,92,13,100,14.0,4000.0,5.321928094887363,17.194602975157967,17.194602975157967,17.194602975157967,0.25,0,,,0.55,sihdr_reference_heuristic,1,0,0
SIHDR_101,SIHDR_101_e14.jpg,1394,2000.000000,32,1024,SDR,92,14,100,14.0,2000.0,4.321928094887363,17.194602975157967,17.194602975157967,17.194602975157967,0.25,0,,,0.55,sihdr_reference_heuristic,1,0,0
SIHDR_103,SIHDR_103_e00.jpg,1395,15000000.000000,32,1024,SDR,93,0,100,14.0,15000000.0,17.194602975157967,17.194602975157967,17.194602975157967,17.194602975157967,0.5,,,,0.55,sihdr_reference_heuristic,0,0,0
SIHDR_103,SIHDR_103_e01.jpg,1396,8000000.000000,32,1024,SDR,93,1,100,14.0,8000000.0,16.28771237954945,17.194602975157967,17.194602975157967,17.194602975157967,0.5,,,,0.55,sihdr_reference_heuristic,0,0,0
SIHDR_103,SIHDR_103_e02.jpg,1397,6000000.000000,32,1024,SDR,93,2,100,14.0,6000000.0,15.872674880270605,17.194602975157967,17.194602975157967,17.194602975157967,0.5,,,,0.55,sihdr_reference_heuristic,0,0,0
SIHDR_103,SIHDR_103_e03.jpg,1398,4000000.000000,32,1024,SDR,93,3,100,14.0,4000000.0,15.287712379549449,17.194602975157967,17.194602975157967,17.194602975157967,0.5,,,,0.55,sihdr_reference_heuristic,0,0,0
SIHDR_103,SIHDR_103_e04.jpg,1399,2000000.000000,32,1024,SDR,93,4,100,14.0,2000000.0,14.287712379549449,17.194602975157967,17.194602975157967,17.194602975157967,0.5,,,,0.55,sihdr_reference_heuristic,0,0,0
SIHDR_103,SIHDR_103_e05.jpg,1400,1000000.000000,32,1024,SDR,93,5,100,14.0,1000000.0,13.287712379549449,17.194602975157967,17.194602975157967,17.194602975157967,0.5,,,,0.55,sihdr_reference_heuristic,0,0,0
SIHDR_103,SIHDR_103_e06.jpg,1401,500000.000000,32,1024,SDR,93,6,100,14.0,500000.0,12.287712379549449,17.194602975157967,17.194602975157967,17.194602975157967,0.5,,,,0.55,sihdr_reference_heuristic,0,0,0
SIHDR_103,SIHDR_103_e07.jpg,1402,250000.000000,32,1024,SDR,93,7,100,14.0,250000.0,11.287712379549449,17.194602975157967,17.194602975157967,17.194602975157967,0.5,,,,0.55,sihdr_reference_heuristic,0,0,0
SIHDR_103,SIHDR_103_e08.jpg,1403,125000.000000,32,1024,SDR,93,8,100,14.0,125000.0,10.287712379549449,17.194602975157967,17.194602975157967,17.194602975157967,0.5,,,,0.55,sihdr_reference_heuristic,0,0,0
SIHDR_103,SIHDR_103_e09.jpg,1404,66666.666667,32,1024,SDR,93,9,100,14.0,66666.666667,9.380821783948145,17.194602975157967,17.194602975157967,17.194602975157967,0.5,,,,0.55,sihdr_reference_heuristic,0,0,0
SIHDR_103,SIHDR_103_e10.jpg,1405,33333.333333,32,1024,SDR,93,10,100,14.0,33333.333333,8.380821783926503,17.194602975157967,17.194602975157967,17.194602975157967,0.5,,,,0.55,sihdr_reference_heuristic,0,0,0
SIHDR_103,SIHDR_103_e11.jpg,1406,16666.666667,32,1024,SDR,93,11,100,14.0,16666.666667,7.380821783969785,17.194602975157967,17.194602975157967,17.194602975157967,0.5,,,,0.55,sihdr_reference_heuristic,0,0,0
SIHDR_103,SIHDR_103_e12.jpg,1407,8000.000000,32,1024,SDR,93,12,100,14.0,8000.0,6.321928094887363,17.194602975157967,17.194602975157967,17.194602975157967,0.5,,,,0.55,sihdr_reference_heuristic,0,0,0
SIHDR_103,SIHDR_103_e13.jpg,1408,4000.000000,32,1024,SDR,93,13,100,14.0,4000.0,5.321928094887363,17.194602975157967,17.194602975157967,17.194602975157967,0.5,,,,0.55,sihdr_reference_heuristic,0,0,0
SIHDR_103,SIHDR_103_e14.jpg,1409,2000.000000,32,1024,SDR,93,14,100,14.0,2000.0,4.321928094887363,17.194602975157967,17.194602975157967,17.194602975157967,0.5,,,,0.55,sihdr_reference_heuristic,0,0,0
SIHDR_104,SIHDR_104_e00.jpg,1410,15000000.000000,32,1024,SDR,94,0,100,14.0,15000000.0,17.194602975157967,17.194602975157967,17.194602975157967,17.194602975157967,0.25,0,,,0.55,sihdr_reference_heuristic,1,0,0
SIHDR_104,SIHDR_104_e01.jpg,1411,8000000.000000,32,1024,SDR,94,1,100,14.0,8000000.0,16.28771237954945,17.194602975157967,17.194602975157967,17.194602975157967,0.25,0,,,0.55,sihdr_reference_heuristic,1,0,0
SIHDR_104,SIHDR_104_e02.jpg,1412,6000000.000000,32,1024,SDR,94,2,100,14.0,6000000.0,15.872674880270605,17.194602975157967,17.194602975157967,17.194602975157967,0.25,0,,,0.55,sihdr_reference_heuristic,1,0,0
SIHDR_104,SIHDR_104_e03.jpg,1413,4000000.000000,32,1024,SDR,94,3,100,14.0,4000000.0,15.287712379549449,17.194602975157967,17.194602975157967,17.194602975157967,0.25,0,,,0.55,sihdr_reference_heuristic,1,0,0
SIHDR_104,SIHDR_104_e04.jpg,1414,2000000.000000,32,1024,SDR,94,4,100,14.0,2000000.0,14.287712379549449,17.194602975157967,17.194602975157967,17.194602975157967,0.25,0,,,0.55,sihdr_reference_heuristic,1,0,0
SIHDR_104,SIHDR_104_e05.jpg,1415,1000000.000000,32,1024,SDR,94,5,100,14.0,1000000.0,13.287712379549449,17.194602975157967,17.194602975157967,17.194602975157967,0.25,0,,,0.55,sihdr_reference_heuristic,1,0,0
SIHDR_104,SIHDR_104_e06.jpg,1416,500000.000000,32,1024,SDR,94,6,100,14.0,500000.0,12.287712379549449,17.194602975157967,17.194602975157967,17.194602975157967,0.25,0,,,0.55,sihdr_reference_heuristic,1,0,0
SIHDR_104,SIHDR_104_e07.jpg,1417,250000.000000,32,1024,SDR,94,7,100,14.0,250000.0,11.287712379549449,17.194602975157967,17.194602975157967,17.194602975157967,0.25,0,,,0.55,sihdr_reference_heuristic,1,0,0
SIHDR_104,SIHDR_104_e08.jpg,1418,125000.000000,32,1024,SDR,94,8,100,14.0,125000.0,10.287712379549449,17.194602975157967,17.194602975157967,17.194602975157967,0.25,0,,,0.55,sihdr_reference_heuristic,1,0,0
SIHDR_104,SIHDR_104_e09.jpg,1419,66666.666667,32,1024,SDR,94,9,100,14.0,66666.666667,9.380821783948145,17.194602975157967,17.194602975157967,17.194602975157967,0.25,0,,,0.55,sihdr_reference_heuristic,1,0,0
SIHDR_104,SIHDR_104_e10.jpg,1420,33333.333333,32,1024,SDR,94,10,100,14.0,33333.333333,8.380821783926503,17.194602975157967,17.194602975157967,17.194602975157967,0.25,0,,,0.55,sihdr_reference_heuristic,1,0,0
SIHDR_104,SIHDR_104_e11.jpg,1421,16666.666667,32,1024,SDR,94,11,100,14.0,16666.666667,7.380821783969785,17.194602975157967,17.194602975157967,17.194602975157967,0.25,0,,,0.55,sihdr_reference_heuristic,1,0,0
SIHDR_104,SIHDR_104_e12.jpg,1422,8000.000000,32,1024,SDR,94,12,100,14.0,8000.0,6.321928094887363,17.194602975157967,17.194602975157967,17.194602975157967,0.25,0,,,0.55,sihdr_reference_heuristic,1,0,0
SIHDR_104,SIHDR_104_e13.jpg,1423,4000.000000,32,1024,SDR,94,13,100,14.0,4000.0,5.321928094887363,17.194602975157967,17.194602975157967,17.194602975157967,0.25,0,,,0.55,sihdr_reference_heuristic,1,0,0
SIHDR_104,SIHDR_104_e14.jpg,1424,2000.000000,32,1024,SDR,94,14,100,14.0,2000.0,4.321928094887363,17.194602975157967,17.194602975157967,17.194602975157967,0.25,0,,,0.55,sihdr_reference_heuristic,1,0,0
SIHDR_105,SIHDR_105_e00.jpg,1425,15000000.000000,32,1024,SDR,95,0,100,14.0,15000000.0,17.194602975157967,17.194602975157967,17.194602975157967,17.194602975157967,0.5,,,,0.55,sihdr_reference_heuristic,0,0,0
SIHDR_105,SIHDR_105_e01.jpg,1426,8000000.000000,32,1024,SDR,95,1,100,14.0,8000000.0,16.28771237954945,17.194602975157967,17.194602975157967,17.194602975157967,0.5,,,,0.55,sihdr_reference_heuristic,0,0,0
SIHDR_105,SIHDR_105_e02.jpg,1427,6000000.000000,32,1024,SDR,95,2,100,14.0,6000000.0,15.872674880270605,17.194602975157967,17.194602975157967,17.194602975157967,0.5,,,,0.55,sihdr_reference_heuristic,0,0,0
SIHDR_105,SIHDR_105_e03.jpg,1428,4000000.000000,32,1024,SDR,95,3,100,14.0,4000000.0,15.287712379549449,17.194602975157967,17.194602975157967,17.194602975157967,0.5,,,,0.55,sihdr_reference_heuristic,0,0,0
SIHDR_105,SIHDR_105_e04.jpg,1429,2000000.000000,32,1024,SDR,95,4,100,14.0,2000000.0,14.287712379549449,17.194602975157967,17.194602975157967,17.194602975157967,0.5,,,,0.55,sihdr_reference_heuristic,0,0,0
SIHDR_105,SIHDR_105_e05.jpg,1430,1000000.000000,32,1024,SDR,95,5,100,14.0,1000000.0,13.287712379549449,17.194602975157967,17.194602975157967,17.194602975157967,0.5,,,,0.55,sihdr_reference_heuristic,0,0,0
SIHDR_105,SIHDR_105_e06.jpg,1431,500000.000000,32,1024,SDR,95,6,100,14.0,500000.0,12.287712379549449,17.194602975157967,17.194602975157967,17.194602975157967,0.5,,,,0.55,sihdr_reference_heuristic,0,0,0
SIHDR_105,SIHDR_105_e07.jpg,1432,250000.000000,32,1024,SDR,95,7,100,14.0,250000.0,11.287712379549449,17.194602975157967,17.194602975157967,17.194602975157967,0.5,,,,0.55,sihdr_reference_heuristic,0,0,0
SIHDR_105,SIHDR_105_e08.jpg,1433,125000.000000,32,1024,SDR,95,8,100,14.0,125000.0,10.287712379549449,17.194602975157967,17.194602975157967,17.194602975157967,0.5,,,,0.55,sihdr_reference_heuristic,0,0,0
SIHDR_105,SIHDR_105_e09.jpg,1434,66666.666667,32,1024,SDR,95,9,100,14.0,66666.666667,9.380821783948145,17.194602975157967,17.194602975157967,17.194602975157967,0.5,,,,0.55,sihdr_reference_heuristic,0,0,0
SIHDR_105,SIHDR_105_e10.jpg,1435,33333.333333,32,1024,SDR,95,10,100,14.0,33333.333333,8.380821783926503,17.194602975157967,17.194602975157967,17.194602975157967,0.5,,,,0.55,sihdr_reference_heuristic,0,0,0
SIHDR_105,SIHDR_105_e11.jpg,1436,16666.666667,32,1024,SDR,95,11,100,14.0,16666.666667,7.380821783969785,17.194602975157967,17.194602975157967,17.194602975157967,0.5,,,,0.55,sihdr_reference_heuristic,0,0,0
SIHDR_105,SIHDR_105_e12.jpg,1437,8000.000000,32,1024,SDR,95,12,100,14.0,8000.0,6.321928094887363,17.194602975157967,17.194602975157967,17.194602975157967,0.5,,,,0.55,sihdr_reference_heuristic,0,0,0
SIHDR_105,SIHDR_105_e13.jpg,1438,4000.000000,32,1024,SDR,95,13,100,14.0,4000.0,5.321928094887363,17.194602975157967,17.194602975157967,17.194602975157967,0.5,,,,0.55,sihdr_reference_heuristic,0,0,0
SIHDR_105,SIHDR_105_e14.jpg,1439,2000.000000,32,1024,SDR,95,14,100,14.0,2000.0,4.321928094887363,17.194602975157967,17.194602975157967,17.194602975157967,0.5,,,,0.55,sihdr_reference_heuristic,0,0,0
SIHDR_106,SIHDR_106_e00.jpg,1440,15000000.000000,32,1024,SDR,96,0,100,14.0,15000000.0,17.194602975157967,17.194602975157967,17.194602975157967,17.194602975157967,0.75,1,,,0.55,sihdr_reference_heuristic,1,0,0
SIHDR_106,SIHDR_106_e01.jpg,1441,8000000.000000,32,1024,SDR,96,1,100,14.0,8000000.0,16.28771237954945,17.194602975157967,17.194602975157967,17.194602975157967,0.75,1,,,0.55,sihdr_reference_heuristic,1,0,0
SIHDR_106,SIHDR_106_e02.jpg,1442,6000000.000000,32,1024,SDR,96,2,100,14.0,6000000.0,15.872674880270605,17.194602975157967,17.194602975157967,17.194602975157967,0.75,1,,,0.55,sihdr_reference_heuristic,1,0,0
SIHDR_106,SIHDR_106_e03.jpg,1443,4000000.000000,32,1024,SDR,96,3,100,14.0,4000000.0,15.287712379549449,17.194602975157967,17.194602975157967,17.194602975157967,0.75,1,,,0.55,sihdr_reference_heuristic,1,0,0
SIHDR_106,SIHDR_106_e04.jpg,1444,2000000.000000,32,1024,SDR,96,4,100,14.0,2000000.0,14.287712379549449,17.194602975157967,17.194602975157967,17.194602975157967,0.75,1,,,0.55,sihdr_reference_heuristic,1,0,0
SIHDR_106,SIHDR_106_e05.jpg,1445,1000000.000000,32,1024,SDR,96,5,100,14.0,1000000.0,13.287712379549449,17.194602975157967,17.194602975157967,17.194602975157967,0.75,1,,,0.55,sihdr_reference_heuristic,1,0,0
SIHDR_106,SIHDR_106_e06.jpg,1446,500000.000000,32,1024,SDR,96,6,100,14.0,500000.0,12.287712379549449,17.194602975157967,17.194602975157967,17.194602975157967,0.75,1,,,0.55,sihdr_reference_heuristic,1,0,0
SIHDR_106,SIHDR_106_e07.jpg,1447,250000.000000,32,1024,SDR,96,7,100,14.0,250000.0,11.287712379549449,17.194602975157967,17.194602975157967,17.194602975157967,0.75,1,,,0.55,sihdr_reference_heuristic,1,0,0
SIHDR_106,SIHDR_106_e08.jpg,1448,125000.000000,32,1024,SDR,96,8,100,14.0,125000.0,10.287712379549449,17.194602975157967,17.194602975157967,17.194602975157967,0.75,1,,,0.55,sihdr_reference_heuristic,1,0,0
SIHDR_106,SIHDR_106_e09.jpg,1449,66666.666667,32,1024,SDR,96,9,100,14.0,66666.666667,9.380821783948145,17.194602975157967,17.194602975157967,17.194602975157967,0.75,1,,,0.55,sihdr_reference_heuristic,1,0,0
SIHDR_106,SIHDR_106_e10.jpg,1450,33333.333333,32,1024,SDR,96,10,100,14.0,33333.333333,8.380821783926503,17.194602975157967,17.194602975157967,17.194602975157967,0.75,1,,,0.55,sihdr_reference_heuristic,1,0,0
SIHDR_106,SIHDR_106_e11.jpg,1451,16666.666667,32,1024,SDR,96,11,100,14.0,16666.666667,7.380821783969785,17.194602975157967,17.194602975157967,17.194602975157967,0.75,1,,,0.55,sihdr_reference_heuristic,1,0,0
SIHDR_106,SIHDR_106_e12.jpg,1452,8000.000000,32,1024,SDR,96,12,100,14.0,8000.0,6.321928094887363,17.194602975157967,17.194602975157967,17.194602975157967,0.75,1,,,0.55,sihdr_reference_heuristic,1,0,0
SIHDR_106,SIHDR_106_e13.jpg,1453,4000.000000,32,1024,SDR,96,13,100,14.0,4000.0,5.321928094887363,17.194602975157967,17.194602975157967,17.194602975157967,0.75,1,,,0.55,sihdr_reference_heuristic,1,0,0
SIHDR_106,SIHDR_106_e14.jpg,1454,2000.000000,32,1024,SDR,96,14,100,14.0,2000.0,4.321928094887363,17.194602975157967,17.194602975157967,17.194602975157967,0.75,1,,,0.55,sihdr_reference_heuristic,1,0,0
SIHDR_107,SIHDR_107_e00.jpg,1455,15000000.000000,32,1024,SDR,97,0,100,14.0,15000000.0,17.194602975157967,17.194602975157967,17.194602975157967,17.194602975157967,0.75,1,,,0.55,sihdr_reference_heuristic,1,0,0
SIHDR_107,SIHDR_107_e01.jpg,1456,8000000.000000,32,1024,SDR,97,1,100,14.0,8000000.0,16.28771237954945,17.194602975157967,17.194602975157967,17.194602975157967,0.75,1,,,0.55,sihdr_reference_heuristic,1,0,0
SIHDR_107,SIHDR_107_e02.jpg,1457,6000000.000000,32,1024,SDR,97,2,100,14.0,6000000.0,15.872674880270605,17.194602975157967,17.194602975157967,17.194602975157967,0.75,1,,,0.55,sihdr_reference_heuristic,1,0,0
SIHDR_107,SIHDR_107_e03.jpg,1458,4000000.000000,32,1024,SDR,97,3,100,14.0,4000000.0,15.287712379549449,17.194602975157967,17.194602975157967,17.194602975157967,0.75,1,,,0.55,sihdr_reference_heuristic,1,0,0
SIHDR_107,SIHDR_107_e04.jpg,1459,2000000.000000,32,1024,SDR,97,4,100,14.0,2000000.0,14.287712379549449,17.194602975157967,17.194602975157967,17.194602975157967,0.75,1,,,0.55,sihdr_reference_heuristic,1,0,0
SIHDR_107,SIHDR_107_e05.jpg,1460,1000000.000000,32,1024,SDR,97,5,100,14.0,1000000.0,13.287712379549449,17.194602975157967,17.194602975157967,17.194602975157967,0.75,1,,,0.55,sihdr_reference_heuristic,1,0,0
SIHDR_107,SIHDR_107_e06.jpg,1461,500000.000000,32,1024,SDR,97,6,100,14.0,500000.0,12.287712379549449,17.194602975157967,17.194602975157967,17.194602975157967,0.75,1,,,0.55,sihdr_reference_heuristic,1,0,0
SIHDR_107,SIHDR_107_e07.jpg,1462,250000.000000,32,1024,SDR,97,7,100,14.0,250000.0,11.287712379549449,17.194602975157967,17.194602975157967,17.194602975157967,0.75,1,,,0.55,sihdr_reference_heuristic,1,0,0
SIHDR_107,SIHDR_107_e08.jpg,1463,125000.000000,32,1024,SDR,97,8,100,14.0,125000.0,10.287712379549449,17.194602975157967,17.194602975157967,17.194602975157967,0.75,1,,,0.55,sihdr_reference_heuristic,1,0,0
SIHDR_107,SIHDR_107_e09.jpg,1464,66666.666667,32,1024,SDR,97,9,100,14.0,66666.666667,9.380821783948145,17.194602975157967,17.194602975157967,17.194602975157967,0.75,1,,,0.55,sihdr_reference_heuristic,1,0,0
SIHDR_107,SIHDR_107_e10.jpg,1465,33333.333333,32,1024,SDR,97,10,100,14.0,33333.333333,8.380821783926503,17.194602975157967,17.194602975157967,17.194602975157967,0.75,1,,,0.55,sihdr_reference_heuristic,1,0,0
SIHDR_107,SIHDR_107_e11.jpg,1466,16666.666667,32,1024,SDR,97,11,100,14.0,16666.666667,7.380821783969785,17.194602975157967,17.194602975157967,17.194602975157967,0.75,1,,,0.55,sihdr_reference_heuristic,1,0,0
SIHDR_107,SIHDR_107_e12.jpg,1467,8000.000000,32,1024,SDR,97,12,100,14.0,8000.0,6.321928094887363,17.194602975157967,17.194602975157967,17.194602975157967,0.75,1,,,0.55,sihdr_reference_heuristic,1,0,0
SIHDR_107,SIHDR_107_e13.jpg,1468,4000.000000,32,1024,SDR,97,13,100,14.0,4000.0,5.321928094887363,17.194602975157967,17.194602975157967,17.194602975157967,0.75,1,,,0.55,sihdr_reference_heuristic,1,0,0
SIHDR_107,SIHDR_107_e14.jpg,1469,2000.000000,32,1024,SDR,97,14,100,14.0,2000.0,4.321928094887363,17.194602975157967,17.194602975157967,17.194602975157967,0.75,1,,,0.55,sihdr_reference_heuristic,1,0,0
SIHDR_108,SIHDR_108_e00.jpg,1470,15000000.000000,32,1024,SDR,98,0,100,14.0,15000000.0,17.194602975157967,17.194602975157967,17.194602975157967,17.194602975157967,0.25,0,,,0.55,sihdr_reference_heuristic,1,0,0
SIHDR_108,SIHDR_108_e01.jpg,1471,8000000.000000,32,1024,SDR,98,1,100,14.0,8000000.0,16.28771237954945,17.194602975157967,17.194602975157967,17.194602975157967,0.25,0,,,0.55,sihdr_reference_heuristic,1,0,0
SIHDR_108,SIHDR_108_e02.jpg,1472,6000000.000000,32,1024,SDR,98,2,100,14.0,6000000.0,15.872674880270605,17.194602975157967,17.194602975157967,17.194602975157967,0.25,0,,,0.55,sihdr_reference_heuristic,1,0,0
SIHDR_108,SIHDR_108_e03.jpg,1473,4000000.000000,32,1024,SDR,98,3,100,14.0,4000000.0,15.287712379549449,17.194602975157967,17.194602975157967,17.194602975157967,0.25,0,,,0.55,sihdr_reference_heuristic,1,0,0
SIHDR_108,SIHDR_108_e04.jpg,1474,2000000.000000,32,1024,SDR,98,4,100,14.0,2000000.0,14.287712379549449,17.194602975157967,17.194602975157967,17.194602975157967,0.25,0,,,0.55,sihdr_reference_heuristic,1,0,0
SIHDR_108,SIHDR_108_e05.jpg,1475,1000000.000000,32,1024,SDR,98,5,100,14.0,1000000.0,13.287712379549449,17.194602975157967,17.194602975157967,17.194602975157967,0.25,0,,,0.55,sihdr_reference_heuristic,1,0,0
SIHDR_108,SIHDR_108_e06.jpg,1476,500000.000000,32,1024,SDR,98,6,100,14.0,500000.0,12.287712379549449,17.194602975157967,17.194602975157967,17.194602975157967,0.25,0,,,0.55,sihdr_reference_heuristic,1,0,0
SIHDR_108,SIHDR_108_e07.jpg,1477,250000.000000,32,1024,SDR,98,7,100,14.0,250000.0,11.287712379549449,17.194602975157967,17.194602975157967,17.194602975157967,0.25,0,,,0.55,sihdr_reference_heuristic,1,0,0
SIHDR_108,SIHDR_108_e08.jpg,1478,125000.000000,32,1024,SDR,98,8,100,14.0,125000.0,10.287712379549449,17.194602975157967,17.194602975157967,17.194602975157967,0.25,0,,,0.55,sihdr_reference_heuristic,1,0,0
SIHDR_108,SIHDR_108_e09.jpg,1479,66666.666667,32,1024,SDR,98,9,100,14.0,66666.666667,9.380821783948145,17.194602975157967,17.194602975157967,17.194602975157967,0.25,0,,,0.55,sihdr_reference_heuristic,1,0,0
SIHDR_108,SIHDR_108_e10.jpg,1480,33333.333333,32,1024,SDR,98,10,100,14.0,33333.333333,8.380821783926503,17.194602975157967,17.194602975157967,17.194602975157967,0.25,0,,,0.55,sihdr_reference_heuristic,1,0,0
SIHDR_108,SIHDR_108_e11.jpg,1481,16666.666667,32,1024,SDR,98,11,100,14.0,16666.666667,7.380821783969785,17.194602975157967,17.194602975157967,17.194602975157967,0.25,0,,,0.55,sihdr_reference_heuristic,1,0,0
SIHDR_108,SIHDR_108_e12.jpg,1482,8000.000000,32,1024,SDR,98,12,100,14.0,8000.0,6.321928094887363,17.194602975157967,17.194602975157967,17.194602975157967,0.25,0,,,0.55,sihdr_reference_heuristic,1,0,0
SIHDR_108,SIHDR_108_e13.jpg,1483,4000.000000,32,1024,SDR,98,13,100,14.0,4000.0,5.321928094887363,17.194602975157967,17.194602975157967,17.194602975157967,0.25,0,,,0.55,sihdr_reference_heuristic,1,0,0
SIHDR_108,SIHDR_108_e14.jpg,1484,2000.000000,32,1024,SDR,98,14,100,14.0,2000.0,4.321928094887363,17.194602975157967,17.194602975157967,17.194602975157967,0.25,0,,,0.55,sihdr_reference_heuristic,1,0,0
SIHDR_109,SIHDR_109_e00.jpg,1485,15000000.000000,32,1024,SDR,99,0,100,14.0,15000000.0,17.194602975157967,17.194602975157967,17.194602975157967,17.194602975157967,0.5,,,,0.55,sihdr_reference_heuristic,0,0,0
SIHDR_109,SIHDR_109_e01.jpg,1486,8000000.000000,32,1024,SDR,99,1,100,14.0,8000000.0,16.28771237954945,17.194602975157967,17.194602975157967,17.194602975157967,0.5,,,,0.55,sihdr_reference_heuristic,0,0,0
SIHDR_109,SIHDR_109_e02.jpg,1487,6000000.000000,32,1024,SDR,99,2,100,14.0,6000000.0,15.872674880270605,17.194602975157967,17.194602975157967,17.194602975157967,0.5,,,,0.55,sihdr_reference_heuristic,0,0,0
SIHDR_109,SIHDR_109_e03.jpg,1488,4000000.000000,32,1024,SDR,99,3,100,14.0,4000000.0,15.287712379549449,17.194602975157967,17.194602975157967,17.194602975157967,0.5,,,,0.55,sihdr_reference_heuristic,0,0,0
SIHDR_109,SIHDR_109_e04.jpg,1489,2000000.000000,32,1024,SDR,99,4,100,14.0,2000000.0,14.287712379549449,17.194602975157967,17.194602975157967,17.194602975157967,0.5,,,,0.55,sihdr_reference_heuristic,0,0,0
SIHDR_109,SIHDR_109_e05.jpg,1490,1000000.000000,32,1024,SDR,99,5,100,14.0,1000000.0,13.287712379549449,17.194602975157967,17.194602975157967,17.194602975157967,0.5,,,,0.55,sihdr_reference_heuristic,0,0,0
SIHDR_109,SIHDR_109_e06.jpg,1491,500000.000000,32,1024,SDR,99,6,100,14.0,500000.0,12.287712379549449,17.194602975157967,17.194602975157967,17.194602975157967,0.5,,,,0.55,sihdr_reference_heuristic,0,0,0
SIHDR_109,SIHDR_109_e07.jpg,1492,250000.000000,32,1024,SDR,99,7,100,14.0,250000.0,11.287712379549449,17.194602975157967,17.194602975157967,17.194602975157967,0.5,,,,0.55,sihdr_reference_heuristic,0,0,0
SIHDR_109,SIHDR_109_e08.jpg,1493,125000.000000,32,1024,SDR,99,8,100,14.0,125000.0,10.287712379549449,17.194602975157967,17.194602975157967,17.194602975157967,0.5,,,,0.55,sihdr_reference_heuristic,0,0,0
SIHDR_109,SIHDR_109_e09.jpg,1494,66666.666667,32,1024,SDR,99,9,100,14.0,66666.666667,9.380821783948145,17.194602975157967,17.194602975157967,17.194602975157967,0.5,,,,0.55,sihdr_reference_heuristic,0,0,0
SIHDR_109,SIHDR_109_e10.jpg,1495,33333.333333,32,1024,SDR,99,10,100,14.0,33333.333333,8.380821783926503,17.194602975157967,17.194602975157967,17.194602975157967,0.5,,,,0.55,sihdr_reference_heuristic,0,0,0
SIHDR_109,SIHDR_109_e11.jpg,1496,16666.666667,32,1024,SDR,99,11,100,14.0,16666.666667,7.380821783969785,17.194602975157967,17.194602975157967,17.194602975157967,0.5,,,,0.55,sihdr_reference_heuristic,0,0,0
SIHDR_109,SIHDR_109_e12.jpg,1497,8000.000000,32,1024,SDR,99,12,100,14.0,8000.0,6.321928094887363,17.194602975157967,17.194602975157967,17.194602975157967,0.5,,,,0.55,sihdr_reference_heuristic,0,0,0
SIHDR_109,SIHDR_109_e13.jpg,1498,4000.000000,32,1024,SDR,99,13,100,14.0,4000.0,5.321928094887363,17.194602975157967,17.194602975157967,17.194602975157967,0.5,,,,0.55,sihdr_reference_heuristic,0,0,0
SIHDR_109,SIHDR_109_e14.jpg,1499,2000.000000,32,1024,SDR,99,14,100,14.0,2000.0,4.321928094887363,17.194602975157967,17.194602975157967,17.194602975157967,0.5,,,,0.55,sihdr_reference_heuristic,0,0,0
SIHDR_110,SIHDR_110_e00.jpg,1500,15000000.000000,32,1024,SDR,100,0,100,14.0,15000000.0,17.194602975157967,17.194602975157967,16.28771237954945,17.194602975157967,0.5,,,,0.55,sihdr_reference_heuristic,0,0,0
SIHDR_110,SIHDR_110_e01.jpg,1501,8000000.000000,32,1024,SDR,100,1,100,14.0,8000000.0,16.28771237954945,17.194602975157967,16.28771237954945,17.194602975157967,0.5,,,,0.55,sihdr_reference_heuristic,0,0,0
SIHDR_110,SIHDR_110_e02.jpg,1502,6000000.000000,32,1024,SDR,100,2,100,14.0,6000000.0,15.872674880270605,17.194602975157967,16.28771237954945,17.194602975157967,0.5,,,,0.55,sihdr_reference_heuristic,0,0,0
SIHDR_110,SIHDR_110_e03.jpg,1503,4000000.000000,32,1024,SDR,100,3,100,14.0,4000000.0,15.287712379549449,17.194602975157967,16.28771237954945,17.194602975157967,0.5,,,,0.55,sihdr_reference_heuristic,0,0,0
SIHDR_110,SIHDR_110_e04.jpg,1504,2000000.000000,32,1024,SDR,100,4,100,14.0,2000000.0,14.287712379549449,17.194602975157967,16.28771237954945,17.194602975157967,0.5,,,,0.55,sihdr_reference_heuristic,0,0,0
SIHDR_110,SIHDR_110_e05.jpg,1505,1000000.000000,32,1024,SDR,100,5,100,14.0,1000000.0,13.287712379549449,17.194602975157967,16.28771237954945,17.194602975157967,0.5,,,,0.55,sihdr_reference_heuristic,0,0,0
SIHDR_110,SIHDR_110_e06.jpg,1506,500000.000000,32,1024,SDR,100,6,100,14.0,500000.0,12.287712379549449,17.194602975157967,16.28771237954945,17.194602975157967,0.5,,,,0.55,sihdr_reference_heuristic,0,0,0
SIHDR_110,SIHDR_110_e07.jpg,1507,250000.000000,32,1024,SDR,100,7,100,14.0,250000.0,11.287712379549449,17.194602975157967,16.28771237954945,17.194602975157967,0.5,,,,0.55,sihdr_reference_heuristic,0,0,0
SIHDR_110,SIHDR_110_e08.jpg,1508,125000.000000,32,1024,SDR,100,8,100,14.0,125000.0,10.287712379549449,17.194602975157967,16.28771237954945,17.194602975157967,0.5,,,,0.55,sihdr_reference_heuristic,0,0,0
SIHDR_110,SIHDR_110_e09.jpg,1509,66666.666667,32,1024,SDR,100,9,100,14.0,66666.666667,9.380821783948145,17.194602975157967,16.28771237954945,17.194602975157967,0.5,,,,0.55,sihdr_reference_heuristic,0,0,0
SIHDR_110,SIHDR_110_e10.jpg,1510,33333.333333,32,1024,SDR,100,10,100,14.0,33333.333333,8.380821783926503,17.194602975157967,16.28771237954945,17.194602975157967,0.5,,,,0.55,sihdr_reference_heuristic,0,0,0
SIHDR_110,SIHDR_110_e11.jpg,1511,16666.666667,32,1024,SDR,100,11,100,14.0,16666.666667,7.380821783969785,17.194602975157967,16.28771237954945,17.194602975157967,0.5,,,,0.55,sihdr_reference_heuristic,0,0,0
SIHDR_110,SIHDR_110_e12.jpg,1512,8000.000000,32,1024,SDR,100,12,100,14.0,8000.0,6.321928094887363,17.194602975157967,16.28771237954945,17.194602975157967,0.5,,,,0.55,sihdr_reference_heuristic,0,0,0
SIHDR_110,SIHDR_110_e13.jpg,1513,4000.000000,32,1024,SDR,100,13,100,14.0,4000.0,5.321928094887363,17.194602975157967,16.28771237954945,17.194602975157967,0.5,,,,0.55,sihdr_reference_heuristic,0,0,0
SIHDR_110,SIHDR_110_e14.jpg,1514,2000.000000,32,1024,SDR,100,14,100,14.0,2000.0,4.321928094887363,17.194602975157967,16.28771237954945,17.194602975157967,0.5,,,,0.55,sihdr_reference_heuristic,0,0,0
SIHDR_111,SIHDR_111_e00.jpg,1515,15000000.000000,32,1024,SDR,101,0,100,14.0,15000000.0,17.194602975157967,17.194602975157967,17.194602975157967,17.194602975157967,0.25,0,,,0.55,sihdr_reference_heuristic,1,0,0
SIHDR_111,SIHDR_111_e01.jpg,1516,8000000.000000,32,1024,SDR,101,1,100,14.0,8000000.0,16.28771237954945,17.194602975157967,17.194602975157967,17.194602975157967,0.25,0,,,0.55,sihdr_reference_heuristic,1,0,0
SIHDR_111,SIHDR_111_e02.jpg,1517,6000000.000000,32,1024,SDR,101,2,100,14.0,6000000.0,15.872674880270605,17.194602975157967,17.194602975157967,17.194602975157967,0.25,0,,,0.55,sihdr_reference_heuristic,1,0,0
SIHDR_111,SIHDR_111_e03.jpg,1518,4000000.000000,32,1024,SDR,101,3,100,14.0,4000000.0,15.287712379549449,17.194602975157967,17.194602975157967,17.194602975157967,0.25,0,,,0.55,sihdr_reference_heuristic,1,0,0
SIHDR_111,SIHDR_111_e04.jpg,1519,2000000.000000,32,1024,SDR,101,4,100,14.0,2000000.0,14.287712379549449,17.194602975157967,17.194602975157967,17.194602975157967,0.25,0,,,0.55,sihdr_reference_heuristic,1,0,0
SIHDR_111,SIHDR_111_e05.jpg,1520,1000000.000000,32,1024,SDR,101,5,100,14.0,1000000.0,13.287712379549449,17.194602975157967,17.194602975157967,17.194602975157967,0.25,0,,,0.55,sihdr_reference_heuristic,1,0,0
SIHDR_111,SIHDR_111_e06.jpg,1521,500000.000000,32,1024,SDR,101,6,100,14.0,500000.0,12.287712379549449,17.194602975157967,17.194602975157967,17.194602975157967,0.25,0,,,0.55,sihdr_reference_heuristic,1,0,0
SIHDR_111,SIHDR_111_e07.jpg,1522,250000.000000,32,1024,SDR,101,7,100,14.0,250000.0,11.287712379549449,17.194602975157967,17.194602975157967,17.194602975157967,0.25,0,,,0.55,sihdr_reference_heuristic,1,0,0
SIHDR_111,SIHDR_111_e08.jpg,1523,125000.000000,32,1024,SDR,101,8,100,14.0,125000.0,10.287712379549449,17.194602975157967,17.194602975157967,17.194602975157967,0.25,0,,,0.55,sihdr_reference_heuristic,1,0,0
SIHDR_111,SIHDR_111_e09.jpg,1524,66666.666667,32,1024,SDR,101,9,100,14.0,66666.666667,9.380821783948145,17.194602975157967,17.194602975157967,17.194602975157967,0.25,0,,,0.55,sihdr_reference_heuristic,1,0,0
SIHDR_111,SIHDR_111_e10.jpg,1525,33333.333333,32,1024,SDR,101,10,100,14.0,33333.333333,8.380821783926503,17.194602975157967,17.194602975157967,17.194602975157967,0.25,0,,,0.55,sihdr_reference_heuristic,1,0,0
SIHDR_111,SIHDR_111_e11.jpg,1526,16666.666667,32,1024,SDR,101,11,100,14.0,16666.666667,7.380821783969785,17.194602975157967,17.194602975157967,17.194602975157967,0.25,0,,,0.55,sihdr_reference_heuristic,1,0,0
SIHDR_111,SIHDR_111_e12.jpg,1527,8000.000000,32,1024,SDR,101,12,100,14.0,8000.0,6.321928094887363,17.194602975157967,17.194602975157967,17.194602975157967,0.25,0,,,0.55,sihdr_reference_heuristic,1,0,0
SIHDR_111,SIHDR_111_e13.jpg,1528,4000.000000,32,1024,SDR,101,13,100,14.0,4000.0,5.321928094887363,17.194602975157967,17.194602975157967,17.194602975157967,0.25,0,,,0.55,sihdr_reference_heuristic,1,0,0
SIHDR_111,SIHDR_111_e14.jpg,1529,2000.000000,32,1024,SDR,101,14,100,14.0,2000.0,4.321928094887363,17.194602975157967,17.194602975157967,17.194602975157967,0.25,0,,,0.55,sihdr_reference_heuristic,1,0,0
SIHDR_112,SIHDR_112_e00.jpg,1530,15000000.000000,32,1024,SDR,102,0,100,14.0,15000000.0,17.194602975157967,17.194602975157967,17.194602975157967,17.194602975157967,0.25,0,,,0.55,sihdr_reference_heuristic,1,0,0
SIHDR_112,SIHDR_112_e01.jpg,1531,8000000.000000,32,1024,SDR,102,1,100,14.0,8000000.0,16.28771237954945,17.194602975157967,17.194602975157967,17.194602975157967,0.25,0,,,0.55,sihdr_reference_heuristic,1,0,0
SIHDR_112,SIHDR_112_e02.jpg,1532,6000000.000000,32,1024,SDR,102,2,100,14.0,6000000.0,15.872674880270605,17.194602975157967,17.194602975157967,17.194602975157967,0.25,0,,,0.55,sihdr_reference_heuristic,1,0,0
SIHDR_112,SIHDR_112_e03.jpg,1533,4000000.000000,32,1024,SDR,102,3,100,14.0,4000000.0,15.287712379549449,17.194602975157967,17.194602975157967,17.194602975157967,0.25,0,,,0.55,sihdr_reference_heuristic,1,0,0
SIHDR_112,SIHDR_112_e04.jpg,1534,2000000.000000,32,1024,SDR,102,4,100,14.0,2000000.0,14.287712379549449,17.194602975157967,17.194602975157967,17.194602975157967,0.25,0,,,0.55,sihdr_reference_heuristic,1,0,0
SIHDR_112,SIHDR_112_e05.jpg,1535,1000000.000000,32,1024,SDR,102,5,100,14.0,1000000.0,13.287712379549449,17.194602975157967,17.194602975157967,17.194602975157967,0.25,0,,,0.55,sihdr_reference_heuristic,1,0,0
SIHDR_112,SIHDR_112_e06.jpg,1536,500000.000000,32,1024,SDR,102,6,100,14.0,500000.0,12.287712379549449,17.194602975157967,17.194602975157967,17.194602975157967,0.25,0,,,0.55,sihdr_reference_heuristic,1,0,0
SIHDR_112,SIHDR_112_e07.jpg,1537,250000.000000,32,1024,SDR,102,7,100,14.0,250000.0,11.287712379549449,17.194602975157967,17.194602975157967,17.194602975157967,0.25,0,,,0.55,sihdr_reference_heuristic,1,0,0
SIHDR_112,SIHDR_112_e08.jpg,1538,125000.000000,32,1024,SDR,102,8,100,14.0,125000.0,10.287712379549449,17.194602975157967,17.194602975157967,17.194602975157967,0.25,0,,,0.55,sihdr_reference_heuristic,1,0,0
SIHDR_112,SIHDR_112_e09.jpg,1539,66666.666667,32,1024,SDR,102,9,100,14.0,66666.666667,9.380821783948145,17.194602975157967,17.194602975157967,17.194602975157967,0.25,0,,,0.55,sihdr_reference_heuristic,1,0,0
SIHDR_112,SIHDR_112_e10.jpg,1540,33333.333333,32,1024,SDR,102,10,100,14.0,33333.333333,8.380821783926503,17.194602975157967,17.194602975157967,17.194602975157967,0.25,0,,,0.55,sihdr_reference_heuristic,1,0,0
SIHDR_112,SIHDR_112_e11.jpg,1541,16666.666667,32,1024,SDR,102,11,100,14.0,16666.666667,7.380821783969785,17.194602975157967,17.194602975157967,17.194602975157967,0.25,0,,,0.55,sihdr_reference_heuristic,1,0,0
SIHDR_112,SIHDR_112_e12.jpg,1542,8000.000000,32,1024,SDR,102,12,100,14.0,8000.0,6.321928094887363,17.194602975157967,17.194602975157967,17.194602975157967,0.25,0,,,0.55,sihdr_reference_heuristic,1,0,0
SIHDR_112,SIHDR_112_e13.jpg,1543,4000.000000,32,1024,SDR,102,13,100,14.0,4000.0,5.321928094887363,17.194602975157967,17.194602975157967,17.194602975157967,0.25,0,,,0.55,sihdr_reference_heuristic,1,0,0
SIHDR_112,SIHDR_112_e14.jpg,1544,2000.000000,32,1024,SDR,102,14,100,14.0,2000.0,4.321928094887363,17.194602975157967,17.194602975157967,17.194602975157967,0.25,0,,,0.55,sihdr_reference_heuristic,1,0,0
SIHDR_113,SIHDR_113_e00.jpg,1545,15000000.000000,32,1024,SDR,103,0,100,14.0,15000000.0,17.194602975157967,17.194602975157967,17.194602975157967,17.194602975157967,0.5,,,,0.55,sihdr_reference_heuristic,0,0,0
SIHDR_113,SIHDR_113_e01.jpg,1546,8000000.000000,32,1024,SDR,103,1,100,14.0,8000000.0,16.28771237954945,17.194602975157967,17.194602975157967,17.194602975157967,0.5,,,,0.55,sihdr_reference_heuristic,0,0,0
SIHDR_113,SIHDR_113_e02.jpg,1547,6000000.000000,32,1024,SDR,103,2,100,14.0,6000000.0,15.872674880270605,17.194602975157967,17.194602975157967,17.194602975157967,0.5,,,,0.55,sihdr_reference_heuristic,0,0,0
SIHDR_113,SIHDR_113_e03.jpg,1548,4000000.000000,32,1024,SDR,103,3,100,14.0,4000000.0,15.287712379549449,17.194602975157967,17.194602975157967,17.194602975157967,0.5,,,,0.55,sihdr_reference_heuristic,0,0,0
SIHDR_113,SIHDR_113_e04.jpg,1549,2000000.000000,32,1024,SDR,103,4,100,14.0,2000000.0,14.287712379549449,17.194602975157967,17.194602975157967,17.194602975157967,0.5,,,,0.55,sihdr_reference_heuristic,0,0,0
SIHDR_113,SIHDR_113_e05.jpg,1550,1000000.000000,32,1024,SDR,103,5,100,14.0,1000000.0,13.287712379549449,17.194602975157967,17.194602975157967,17.194602975157967,0.5,,,,0.55,sihdr_reference_heuristic,0,0,0
SIHDR_113,SIHDR_113_e06.jpg,1551,500000.000000,32,1024,SDR,103,6,100,14.0,500000.0,12.287712379549449,17.194602975157967,17.194602975157967,17.194602975157967,0.5,,,,0.55,sihdr_reference_heuristic,0,0,0
SIHDR_113,SIHDR_113_e07.jpg,1552,250000.000000,32,1024,SDR,103,7,100,14.0,250000.0,11.287712379549449,17.194602975157967,17.194602975157967,17.194602975157967,0.5,,,,0.55,sihdr_reference_heuristic,0,0,0
SIHDR_113,SIHDR_113_e08.jpg,1553,125000.000000,32,1024,SDR,103,8,100,14.0,125000.0,10.287712379549449,17.194602975157967,17.194602975157967,17.194602975157967,0.5,,,,0.55,sihdr_reference_heuristic,0,0,0
SIHDR_113,SIHDR_113_e09.jpg,1554,66666.666667,32,1024,SDR,103,9,100,14.0,66666.666667,9.380821783948145,17.194602975157967,17.194602975157967,17.194602975157967,0.5,,,,0.55,sihdr_reference_heuristic,0,0,0
SIHDR_113,SIHDR_113_e10.jpg,1555,33333.333333,32,1024,SDR,103,10,100,14.0,33333.333333,8.380821783926503,17.194602975157967,17.194602975157967,17.194602975157967,0.5,,,,0.55,sihdr_reference_heuristic,0,0,0
SIHDR_113,SIHDR_113_e11.jpg,1556,16666.666667,32,1024,SDR,103,11,100,14.0,16666.666667,7.380821783969785,17.194602975157967,17.194602975157967,17.194602975157967,0.5,,,,0.55,sihdr_reference_heuristic,0,0,0
SIHDR_113,SIHDR_113_e12.jpg,1557,8000.000000,32,1024,SDR,103,12,100,14.0,8000.0,6.321928094887363,17.194602975157967,17.194602975157967,17.194602975157967,0.5,,,,0.55,sihdr_reference_heuristic,0,0,0
SIHDR_113,SIHDR_113_e13.jpg,1558,4000.000000,32,1024,SDR,103,13,100,14.0,4000.0,5.321928094887363,17.194602975157967,17.194602975157967,17.194602975157967,0.5,,,,0.55,sihdr_reference_heuristic,0,0,0
SIHDR_113,SIHDR_113_e14.jpg,1559,2000.000000,32,1024,SDR,103,14,100,14.0,2000.0,4.321928094887363,17.194602975157967,17.194602975157967,17.194602975157967,0.5,,,,0.55,sihdr_reference_heuristic,0,0,0
SIHDR_114,SIHDR_114_e00.jpg,1560,15000000.000000,32,1024,SDR,104,0,100,14.0,15000000.0,17.194602975157967,17.194602975157967,17.194602975157967,17.194602975157967,0.5,,,,0.55,sihdr_reference_heuristic,0,0,0
SIHDR_114,SIHDR_114_e01.jpg,1561,8000000.000000,32,1024,SDR,104,1,100,14.0,8000000.0,16.28771237954945,17.194602975157967,17.194602975157967,17.194602975157967,0.5,,,,0.55,sihdr_reference_heuristic,0,0,0
SIHDR_114,SIHDR_114_e02.jpg,1562,6000000.000000,32,1024,SDR,104,2,100,14.0,6000000.0,15.872674880270605,17.194602975157967,17.194602975157967,17.194602975157967,0.5,,,,0.55,sihdr_reference_heuristic,0,0,0
SIHDR_114,SIHDR_114_e03.jpg,1563,4000000.000000,32,1024,SDR,104,3,100,14.0,4000000.0,15.287712379549449,17.194602975157967,17.194602975157967,17.194602975157967,0.5,,,,0.55,sihdr_reference_heuristic,0,0,0
SIHDR_114,SIHDR_114_e04.jpg,1564,2000000.000000,32,1024,SDR,104,4,100,14.0,2000000.0,14.287712379549449,17.194602975157967,17.194602975157967,17.194602975157967,0.5,,,,0.55,sihdr_reference_heuristic,0,0,0
SIHDR_114,SIHDR_114_e05.jpg,1565,1000000.000000,32,1024,SDR,104,5,100,14.0,1000000.0,13.287712379549449,17.194602975157967,17.194602975157967,17.194602975157967,0.5,,,,0.55,sihdr_reference_heuristic,0,0,0
SIHDR_114,SIHDR_114_e06.jpg,1566,500000.000000,32,1024,SDR,104,6,100,14.0,500000.0,12.287712379549449,17.194602975157967,17.194602975157967,17.194602975157967,0.5,,,,0.55,sihdr_reference_heuristic,0,0,0
SIHDR_114,SIHDR_114_e07.jpg,1567,250000.000000,32,1024,SDR,104,7,100,14.0,250000.0,11.287712379549449,17.194602975157967,17.194602975157967,17.194602975157967,0.5,,,,0.55,sihdr_reference_heuristic,0,0,0
SIHDR_114,SIHDR_114_e08.jpg,1568,125000.000000,32,1024,SDR,104,8,100,14.0,125000.0,10.287712379549449,17.194602975157967,17.194602975157967,17.194602975157967,0.5,,,,0.55,sihdr_reference_heuristic,0,0,0
SIHDR_114,SIHDR_114_e09.jpg,1569,66666.666667,32,1024,SDR,104,9,100,14.0,66666.666667,9.380821783948145,17.194602975157967,17.194602975157967,17.194602975157967,0.5,,,,0.55,sihdr_reference_heuristic,0,0,0
SIHDR_114,SIHDR_114_e10.jpg,1570,33333.333333,32,1024,SDR,104,10,100,14.0,33333.333333,8.380821783926503,17.194602975157967,17.194602975157967,17.194602975157967,0.5,,,,0.55,sihdr_reference_heuristic,0,0,0
SIHDR_114,SIHDR_114_e11.jpg,1571,16666.666667,32,1024,SDR,104,11,100,14.0,16666.666667,7.380821783969785,17.194602975157967,17.194602975157967,17.194602975157967,0.5,,,,0.55,sihdr_reference_heuristic,0,0,0
SIHDR_114,SIHDR_114_e12.jpg,1572,8000.000000,32,1024,SDR,104,12,100,14.0,8000.0,6.321928094887363,17.194602975157967,17.194602975157967,17.194602975157967,0.5,,,,0.55,sihdr_reference_heuristic,0,0,0
SIHDR_114,SIHDR_114_e13.jpg,1573,4000.000000,32,1024,SDR,104,13,100,14.0,4000.0,5.321928094887363,17.194602975157967,17.194602975157967,17.194602975157967,0.5,,,,0.55,sihdr_reference_heuristic,0,0,0
SIHDR_114,SIHDR_114_e14.jpg,1574,2000.000000,32,1024,SDR,104,14,100,14.0,2000.0,4.321928094887363,17.194602975157967,17.194602975157967,17.194602975157967,0.5,,,,0.55,sihdr_reference_heuristic,0,0,0
SIHDR_115,SIHDR_115_e00.jpg,1575,15000000.000000,32,1024,SDR,105,0,100,14.0,15000000.0,17.194602975157967,17.194602975157967,17.194602975157967,17.194602975157967,0.5,,,,0.55,sihdr_reference_heuristic,0,0,0
SIHDR_115,SIHDR_115_e01.jpg,1576,8000000.000000,32,1024,SDR,105,1,100,14.0,8000000.0,16.28771237954945,17.194602975157967,17.194602975157967,17.194602975157967,0.5,,,,0.55,sihdr_reference_heuristic,0,0,0
SIHDR_115,SIHDR_115_e02.jpg,1577,6000000.000000,32,1024,SDR,105,2,100,14.0,6000000.0,15.872674880270605,17.194602975157967,17.194602975157967,17.194602975157967,0.5,,,,0.55,sihdr_reference_heuristic,0,0,0
SIHDR_115,SIHDR_115_e03.jpg,1578,4000000.000000,32,1024,SDR,105,3,100,14.0,4000000.0,15.287712379549449,17.194602975157967,17.194602975157967,17.194602975157967,0.5,,,,0.55,sihdr_reference_heuristic,0,0,0
SIHDR_115,SIHDR_115_e04.jpg,1579,2000000.000000,32,1024,SDR,105,4,100,14.0,2000000.0,14.287712379549449,17.194602975157967,17.194602975157967,17.194602975157967,0.5,,,,0.55,sihdr_reference_heuristic,0,0,0
SIHDR_115,SIHDR_115_e05.jpg,1580,1000000.000000,32,1024,SDR,105,5,100,14.0,1000000.0,13.287712379549449,17.194602975157967,17.194602975157967,17.194602975157967,0.5,,,,0.55,sihdr_reference_heuristic,0,0,0
SIHDR_115,SIHDR_115_e06.jpg,1581,500000.000000,32,1024,SDR,105,6,100,14.0,500000.0,12.287712379549449,17.194602975157967,17.194602975157967,17.194602975157967,0.5,,,,0.55,sihdr_reference_heuristic,0,0,0
SIHDR_115,SIHDR_115_e07.jpg,1582,250000.000000,32,1024,SDR,105,7,100,14.0,250000.0,11.287712379549449,17.194602975157967,17.194602975157967,17.194602975157967,0.5,,,,0.55,sihdr_reference_heuristic,0,0,0
SIHDR_115,SIHDR_115_e08.jpg,1583,125000.000000,32,1024,SDR,105,8,100,14.0,125000.0,10.287712379549449,17.194602975157967,17.194602975157967,17.194602975157967,0.5,,,,0.55,sihdr_reference_heuristic,0,0,0
SIHDR_115,SIHDR_115_e09.jpg,1584,66666.666667,32,1024,SDR,105,9,100,14.0,66666.666667,9.380821783948145,17.194602975157967,17.194602975157967,17.194602975157967,0.5,,,,0.55,sihdr_reference_heuristic,0,0,0
SIHDR_115,SIHDR_115_e10.jpg,1585,33333.333333,32,1024,SDR,105,10,100,14.0,33333.333333,8.380821783926503,17.194602975157967,17.194602975157967,17.194602975157967,0.5,,,,0.55,sihdr_reference_heuristic,0,0,0
SIHDR_115,SIHDR_115_e11.jpg,1586,16666.666667,32,1024,SDR,105,11,100,14.0,16666.666667,7.380821783969785,17.194602975157967,17.194602975157967,17.194602975157967,0.5,,,,0.55,sihdr_reference_heuristic,0,0,0
SIHDR_115,SIHDR_115_e12.jpg,1587,8000.000000,32,1024,SDR,105,12,100,14.0,8000.0,6.321928094887363,17.194602975157967,17.194602975157967,17.194602975157967,0.5,,,,0.55,sihdr_reference_heuristic,0,0,0
SIHDR_115,SIHDR_115_e13.jpg,1588,4000.000000,32,1024,SDR,105,13,100,14.0,4000.0,5.321928094887363,17.194602975157967,17.194602975157967,17.194602975157967,0.5,,,,0.55,sihdr_reference_heuristic,0,0,0
SIHDR_115,SIHDR_115_e14.jpg,1589,2000.000000,32,1024,SDR,105,14,100,14.0,2000.0,4.321928094887363,17.194602975157967,17.194602975157967,17.194602975157967,0.5,,,,0.55,sihdr_reference_heuristic,0,0,0
SIHDR_116,SIHDR_116_e00.jpg,1590,15000000.000000,32,1024,SDR,106,0,100,14.0,15000000.0,17.194602975157967,17.194602975157967,17.194602975157967,17.194602975157967,0.5,,,,0.55,sihdr_reference_heuristic,0,0,0
SIHDR_116,SIHDR_116_e01.jpg,1591,8000000.000000,32,1024,SDR,106,1,100,14.0,8000000.0,16.28771237954945,17.194602975157967,17.194602975157967,17.194602975157967,0.5,,,,0.55,sihdr_reference_heuristic,0,0,0
SIHDR_116,SIHDR_116_e02.jpg,1592,6000000.000000,32,1024,SDR,106,2,100,14.0,6000000.0,15.872674880270605,17.194602975157967,17.194602975157967,17.194602975157967,0.5,,,,0.55,sihdr_reference_heuristic,0,0,0
SIHDR_116,SIHDR_116_e03.jpg,1593,4000000.000000,32,1024,SDR,106,3,100,14.0,4000000.0,15.287712379549449,17.194602975157967,17.194602975157967,17.194602975157967,0.5,,,,0.55,sihdr_reference_heuristic,0,0,0
SIHDR_116,SIHDR_116_e04.jpg,1594,2000000.000000,32,1024,SDR,106,4,100,14.0,2000000.0,14.287712379549449,17.194602975157967,17.194602975157967,17.194602975157967,0.5,,,,0.55,sihdr_reference_heuristic,0,0,0
SIHDR_116,SIHDR_116_e05.jpg,1595,1000000.000000,32,1024,SDR,106,5,100,14.0,1000000.0,13.287712379549449,17.194602975157967,17.194602975157967,17.194602975157967,0.5,,,,0.55,sihdr_reference_heuristic,0,0,0
SIHDR_116,SIHDR_116_e06.jpg,1596,500000.000000,32,1024,SDR,106,6,100,14.0,500000.0,12.287712379549449,17.194602975157967,17.194602975157967,17.194602975157967,0.5,,,,0.55,sihdr_reference_heuristic,0,0,0
SIHDR_116,SIHDR_116_e07.jpg,1597,250000.000000,32,1024,SDR,106,7,100,14.0,250000.0,11.287712379549449,17.194602975157967,17.194602975157967,17.194602975157967,0.5,,,,0.55,sihdr_reference_heuristic,0,0,0
SIHDR_116,SIHDR_116_e08.jpg,1598,125000.000000,32,1024,SDR,106,8,100,14.0,125000.0,10.287712379549449,17.194602975157967,17.194602975157967,17.194602975157967,0.5,,,,0.55,sihdr_reference_heuristic,0,0,0
SIHDR_116,SIHDR_116_e09.jpg,1599,66666.666667,32,1024,SDR,106,9,100,14.0,66666.666667,9.380821783948145,17.194602975157967,17.194602975157967,17.194602975157967,0.5,,,,0.55,sihdr_reference_heuristic,0,0,0
SIHDR_116,SIHDR_116_e10.jpg,1600,33333.333333,32,1024,SDR,106,10,100,14.0,33333.333333,8.380821783926503,17.194602975157967,17.194602975157967,17.194602975157967,0.5,,,,0.55,sihdr_reference_heuristic,0,0,0
SIHDR_116,SIHDR_116_e11.jpg,1601,16666.666667,32,1024,SDR,106,11,100,14.0,16666.666667,7.380821783969785,17.194602975157967,17.194602975157967,17.194602975157967,0.5,,,,0.55,sihdr_reference_heuristic,0,0,0
SIHDR_116,SIHDR_116_e12.jpg,1602,8000.000000,32,1024,SDR,106,12,100,14.0,8000.0,6.321928094887363,17.194602975157967,17.194602975157967,17.194602975157967,0.5,,,,0.55,sihdr_reference_heuristic,0,0,0
SIHDR_116,SIHDR_116_e13.jpg,1603,4000.000000,32,1024,SDR,106,13,100,14.0,4000.0,5.321928094887363,17.194602975157967,17.194602975157967,17.194602975157967,0.5,,,,0.55,sihdr_reference_heuristic,0,0,0
SIHDR_116,SIHDR_116_e14.jpg,1604,2000.000000,32,1024,SDR,106,14,100,14.0,2000.0,4.321928094887363,17.194602975157967,17.194602975157967,17.194602975157967,0.5,,,,0.55,sihdr_reference_heuristic,0,0,0
SIHDR_117,SIHDR_117_e00.jpg,1605,15000000.000000,32,1024,SDR,107,0,100,14.0,15000000.0,17.194602975157967,17.194602975157967,17.194602975157967,17.194602975157967,0.5,,,,0.55,sihdr_reference_heuristic,0,0,0
SIHDR_117,SIHDR_117_e01.jpg,1606,8000000.000000,32,1024,SDR,107,1,100,14.0,8000000.0,16.28771237954945,17.194602975157967,17.194602975157967,17.194602975157967,0.5,,,,0.55,sihdr_reference_heuristic,0,0,0
SIHDR_117,SIHDR_117_e02.jpg,1607,6000000.000000,32,1024,SDR,107,2,100,14.0,6000000.0,15.872674880270605,17.194602975157967,17.194602975157967,17.194602975157967,0.5,,,,0.55,sihdr_reference_heuristic,0,0,0
SIHDR_117,SIHDR_117_e03.jpg,1608,4000000.000000,32,1024,SDR,107,3,100,14.0,4000000.0,15.287712379549449,17.194602975157967,17.194602975157967,17.194602975157967,0.5,,,,0.55,sihdr_reference_heuristic,0,0,0
SIHDR_117,SIHDR_117_e04.jpg,1609,2000000.000000,32,1024,SDR,107,4,100,14.0,2000000.0,14.287712379549449,17.194602975157967,17.194602975157967,17.194602975157967,0.5,,,,0.55,sihdr_reference_heuristic,0,0,0
SIHDR_117,SIHDR_117_e05.jpg,1610,1000000.000000,32,1024,SDR,107,5,100,14.0,1000000.0,13.287712379549449,17.194602975157967,17.194602975157967,17.194602975157967,0.5,,,,0.55,sihdr_reference_heuristic,0,0,0
SIHDR_117,SIHDR_117_e06.jpg,1611,500000.000000,32,1024,SDR,107,6,100,14.0,500000.0,12.287712379549449,17.194602975157967,17.194602975157967,17.194602975157967,0.5,,,,0.55,sihdr_reference_heuristic,0,0,0
SIHDR_117,SIHDR_117_e07.jpg,1612,250000.000000,32,1024,SDR,107,7,100,14.0,250000.0,11.287712379549449,17.194602975157967,17.194602975157967,17.194602975157967,0.5,,,,0.55,sihdr_reference_heuristic,0,0,0
SIHDR_117,SIHDR_117_e08.jpg,1613,125000.000000,32,1024,SDR,107,8,100,14.0,125000.0,10.287712379549449,17.194602975157967,17.194602975157967,17.194602975157967,0.5,,,,0.55,sihdr_reference_heuristic,0,0,0
SIHDR_117,SIHDR_117_e09.jpg,1614,66666.666667,32,1024,SDR,107,9,100,14.0,66666.666667,9.380821783948145,17.194602975157967,17.194602975157967,17.194602975157967,0.5,,,,0.55,sihdr_reference_heuristic,0,0,0
SIHDR_117,SIHDR_117_e10.jpg,1615,33333.333333,32,1024,SDR,107,10,100,14.0,33333.333333,8.380821783926503,17.194602975157967,17.194602975157967,17.194602975157967,0.5,,,,0.55,sihdr_reference_heuristic,0,0,0
SIHDR_117,SIHDR_117_e11.jpg,1616,16666.666667,32,1024,SDR,107,11,100,14.0,16666.666667,7.380821783969785,17.194602975157967,17.194602975157967,17.194602975157967,0.5,,,,0.55,sihdr_reference_heuristic,0,0,0
SIHDR_117,SIHDR_117_e12.jpg,1617,8000.000000,32,1024,SDR,107,12,100,14.0,8000.0,6.321928094887363,17.194602975157967,17.194602975157967,17.194602975157967,0.5,,,,0.55,sihdr_reference_heuristic,0,0,0
SIHDR_117,SIHDR_117_e13.jpg,1618,4000.000000,32,1024,SDR,107,13,100,14.0,4000.0,5.321928094887363,17.194602975157967,17.194602975157967,17.194602975157967,0.5,,,,0.55,sihdr_reference_heuristic,0,0,0
SIHDR_117,SIHDR_117_e14.jpg,1619,2000.000000,32,1024,SDR,107,14,100,14.0,2000.0,4.321928094887363,17.194602975157967,17.194602975157967,17.194602975157967,0.5,,,,0.55,sihdr_reference_heuristic,0,0,0
SIHDR_118,SIHDR_118_e00.jpg,1620,15000000.000000,32,1024,SDR,108,0,100,14.0,15000000.0,17.194602975157967,17.194602975157967,17.194602975157967,17.194602975157967,0.25,0,,,0.55,sihdr_reference_heuristic,1,0,0
SIHDR_118,SIHDR_118_e01.jpg,1621,8000000.000000,32,1024,SDR,108,1,100,14.0,8000000.0,16.28771237954945,17.194602975157967,17.194602975157967,17.194602975157967,0.25,0,,,0.55,sihdr_reference_heuristic,1,0,0
SIHDR_118,SIHDR_118_e02.jpg,1622,6000000.000000,32,1024,SDR,108,2,100,14.0,6000000.0,15.872674880270605,17.194602975157967,17.194602975157967,17.194602975157967,0.25,0,,,0.55,sihdr_reference_heuristic,1,0,0
SIHDR_118,SIHDR_118_e03.jpg,1623,4000000.000000,32,1024,SDR,108,3,100,14.0,4000000.0,15.287712379549449,17.194602975157967,17.194602975157967,17.194602975157967,0.25,0,,,0.55,sihdr_reference_heuristic,1,0,0
SIHDR_118,SIHDR_118_e04.jpg,1624,2000000.000000,32,1024,SDR,108,4,100,14.0,2000000.0,14.287712379549449,17.194602975157967,17.194602975157967,17.194602975157967,0.25,0,,,0.55,sihdr_reference_heuristic,1,0,0
SIHDR_118,SIHDR_118_e05.jpg,1625,1000000.000000,32,1024,SDR,108,5,100,14.0,1000000.0,13.287712379549449,17.194602975157967,17.194602975157967,17.194602975157967,0.25,0,,,0.55,sihdr_reference_heuristic,1,0,0
SIHDR_118,SIHDR_118_e06.jpg,1626,500000.000000,32,1024,SDR,108,6,100,14.0,500000.0,12.287712379549449,17.194602975157967,17.194602975157967,17.194602975157967,0.25,0,,,0.55,sihdr_reference_heuristic,1,0,0
SIHDR_118,SIHDR_118_e07.jpg,1627,250000.000000,32,1024,SDR,108,7,100,14.0,250000.0,11.287712379549449,17.194602975157967,17.194602975157967,17.194602975157967,0.25,0,,,0.55,sihdr_reference_heuristic,1,0,0
SIHDR_118,SIHDR_118_e08.jpg,1628,125000.000000,32,1024,SDR,108,8,100,14.0,125000.0,10.287712379549449,17.194602975157967,17.194602975157967,17.194602975157967,0.25,0,,,0.55,sihdr_reference_heuristic,1,0,0
SIHDR_118,SIHDR_118_e09.jpg,1629,66666.666667,32,1024,SDR,108,9,100,14.0,66666.666667,9.380821783948145,17.194602975157967,17.194602975157967,17.194602975157967,0.25,0,,,0.55,sihdr_reference_heuristic,1,0,0
SIHDR_118,SIHDR_118_e10.jpg,1630,33333.333333,32,1024,SDR,108,10,100,14.0,33333.333333,8.380821783926503,17.194602975157967,17.194602975157967,17.194602975157967,0.25,0,,,0.55,sihdr_reference_heuristic,1,0,0
SIHDR_118,SIHDR_118_e11.jpg,1631,16666.666667,32,1024,SDR,108,11,100,14.0,16666.666667,7.380821783969785,17.194602975157967,17.194602975157967,17.194602975157967,0.25,0,,,0.55,sihdr_reference_heuristic,1,0,0
SIHDR_118,SIHDR_118_e12.jpg,1632,8000.000000,32,1024,SDR,108,12,100,14.0,8000.0,6.321928094887363,17.194602975157967,17.194602975157967,17.194602975157967,0.25,0,,,0.55,sihdr_reference_heuristic,1,0,0
SIHDR_118,SIHDR_118_e13.jpg,1633,4000.000000,32,1024,SDR,108,13,100,14.0,4000.0,5.321928094887363,17.194602975157967,17.194602975157967,17.194602975157967,0.25,0,,,0.55,sihdr_reference_heuristic,1,0,0
SIHDR_118,SIHDR_118_e14.jpg,1634,2000.000000,32,1024,SDR,108,14,100,14.0,2000.0,4.321928094887363,17.194602975157967,17.194602975157967,17.194602975157967,0.25,0,,,0.55,sihdr_reference_heuristic,1,0,0
SIHDR_119,SIHDR_119_e00.jpg,1635,15000000.000000,32,1024,SDR,109,0,100,14.0,15000000.0,17.194602975157967,17.194602975157967,17.194602975157967,17.194602975157967,0.25,0,,,0.55,sihdr_reference_heuristic,1,0,0
SIHDR_119,SIHDR_119_e01.jpg,1636,8000000.000000,32,1024,SDR,109,1,100,14.0,8000000.0,16.28771237954945,17.194602975157967,17.194602975157967,17.194602975157967,0.25,0,,,0.55,sihdr_reference_heuristic,1,0,0
SIHDR_119,SIHDR_119_e02.jpg,1637,6000000.000000,32,1024,SDR,109,2,100,14.0,6000000.0,15.872674880270605,17.194602975157967,17.194602975157967,17.194602975157967,0.25,0,,,0.55,sihdr_reference_heuristic,1,0,0
SIHDR_119,SIHDR_119_e03.jpg,1638,4000000.000000,32,1024,SDR,109,3,100,14.0,4000000.0,15.287712379549449,17.194602975157967,17.194602975157967,17.194602975157967,0.25,0,,,0.55,sihdr_reference_heuristic,1,0,0
SIHDR_119,SIHDR_119_e04.jpg,1639,2000000.000000,32,1024,SDR,109,4,100,14.0,2000000.0,14.287712379549449,17.194602975157967,17.194602975157967,17.194602975157967,0.25,0,,,0.55,sihdr_reference_heuristic,1,0,0
SIHDR_119,SIHDR_119_e05.jpg,1640,1000000.000000,32,1024,SDR,109,5,100,14.0,1000000.0,13.287712379549449,17.194602975157967,17.194602975157967,17.194602975157967,0.25,0,,,0.55,sihdr_reference_heuristic,1,0,0
SIHDR_119,SIHDR_119_e06.jpg,1641,500000.000000,32,1024,SDR,109,6,100,14.0,500000.0,12.287712379549449,17.194602975157967,17.194602975157967,17.194602975157967,0.25,0,,,0.55,sihdr_reference_heuristic,1,0,0
SIHDR_119,SIHDR_119_e07.jpg,1642,250000.000000,32,1024,SDR,109,7,100,14.0,250000.0,11.287712379549449,17.194602975157967,17.194602975157967,17.194602975157967,0.25,0,,,0.55,sihdr_reference_heuristic,1,0,0
SIHDR_119,SIHDR_119_e08.jpg,1643,125000.000000,32,1024,SDR,109,8,100,14.0,125000.0,10.287712379549449,17.194602975157967,17.194602975157967,17.194602975157967,0.25,0,,,0.55,sihdr_reference_heuristic,1,0,0
SIHDR_119,SIHDR_119_e09.jpg,1644,66666.666667,32,1024,SDR,109,9,100,14.0,66666.666667,9.380821783948145,17.194602975157967,17.194602975157967,17.194602975157967,0.25,0,,,0.55,sihdr_reference_heuristic,1,0,0
SIHDR_119,SIHDR_119_e10.jpg,1645,33333.333333,32,1024,SDR,109,10,100,14.0,33333.333333,8.380821783926503,17.194602975157967,17.194602975157967,17.194602975157967,0.25,0,,,0.55,sihdr_reference_heuristic,1,0,0
SIHDR_119,SIHDR_119_e11.jpg,1646,16666.666667,32,1024,SDR,109,11,100,14.0,16666.666667,7.380821783969785,17.194602975157967,17.194602975157967,17.194602975157967,0.25,0,,,0.55,sihdr_reference_heuristic,1,0,0
SIHDR_119,SIHDR_119_e12.jpg,1647,8000.000000,32,1024,SDR,109,12,100,14.0,8000.0,6.321928094887363,17.194602975157967,17.194602975157967,17.194602975157967,0.25,0,,,0.55,sihdr_reference_heuristic,1,0,0
SIHDR_119,SIHDR_119_e13.jpg,1648,4000.000000,32,1024,SDR,109,13,100,14.0,4000.0,5.321928094887363,17.194602975157967,17.194602975157967,17.194602975157967,0.25,0,,,0.55,sihdr_reference_heuristic,1,0,0
SIHDR_119,SIHDR_119_e14.jpg,1649,2000.000000,32,1024,SDR,109,14,100,14.0,2000.0,4.321928094887363,17.194602975157967,17.194602975157967,17.194602975157967,0.25,0,,,0.55,sihdr_reference_heuristic,1,0,0
SIHDR_120,SIHDR_120_e00.jpg,1650,15000000.000000,32,1024,SDR,110,0,100,14.0,15000000.0,17.194602975157967,17.194602975157967,17.194602975157967,17.194602975157967,0.25,0,,,0.55,sihdr_reference_heuristic,1,0,0
SIHDR_120,SIHDR_120_e01.jpg,1651,8000000.000000,32,1024,SDR,110,1,100,14.0,8000000.0,16.28771237954945,17.194602975157967,17.194602975157967,17.194602975157967,0.25,0,,,0.55,sihdr_reference_heuristic,1,0,0
SIHDR_120,SIHDR_120_e02.jpg,1652,6000000.000000,32,1024,SDR,110,2,100,14.0,6000000.0,15.872674880270605,17.194602975157967,17.194602975157967,17.194602975157967,0.25,0,,,0.55,sihdr_reference_heuristic,1,0,0
SIHDR_120,SIHDR_120_e03.jpg,1653,4000000.000000,32,1024,SDR,110,3,100,14.0,4000000.0,15.287712379549449,17.194602975157967,17.194602975157967,17.194602975157967,0.25,0,,,0.55,sihdr_reference_heuristic,1,0,0
SIHDR_120,SIHDR_120_e04.jpg,1654,2000000.000000,32,1024,SDR,110,4,100,14.0,2000000.0,14.287712379549449,17.194602975157967,17.194602975157967,17.194602975157967,0.25,0,,,0.55,sihdr_reference_heuristic,1,0,0
SIHDR_120,SIHDR_120_e05.jpg,1655,1000000.000000,32,1024,SDR,110,5,100,14.0,1000000.0,13.287712379549449,17.194602975157967,17.194602975157967,17.194602975157967,0.25,0,,,0.55,sihdr_reference_heuristic,1,0,0
SIHDR_120,SIHDR_120_e06.jpg,1656,500000.000000,32,1024,SDR,110,6,100,14.0,500000.0,12.287712379549449,17.194602975157967,17.194602975157967,17.194602975157967,0.25,0,,,0.55,sihdr_reference_heuristic,1,0,0
SIHDR_120,SIHDR_120_e07.jpg,1657,250000.000000,32,1024,SDR,110,7,100,14.0,250000.0,11.287712379549449,17.194602975157967,17.194602975157967,17.194602975157967,0.25,0,,,0.55,sihdr_reference_heuristic,1,0,0
SIHDR_120,SIHDR_120_e08.jpg,1658,125000.000000,32,1024,SDR,110,8,100,14.0,125000.0,10.287712379549449,17.194602975157967,17.194602975157967,17.194602975157967,0.25,0,,,0.55,sihdr_reference_heuristic,1,0,0
SIHDR_120,SIHDR_120_e09.jpg,1659,66666.666667,32,1024,SDR,110,9,100,14.0,66666.666667,9.380821783948145,17.194602975157967,17.194602975157967,17.194602975157967,0.25,0,,,0.55,sihdr_reference_heuristic,1,0,0
SIHDR_120,SIHDR_120_e10.jpg,1660,33333.333333,32,1024,SDR,110,10,100,14.0,33333.333333,8.380821783926503,17.194602975157967,17.194602975157967,17.194602975157967,0.25,0,,,0.55,sihdr_reference_heuristic,1,0,0
SIHDR_120,SIHDR_120_e11.jpg,1661,16666.666667,32,1024,SDR,110,11,100,14.0,16666.666667,7.380821783969785,17.194602975157967,17.194602975157967,17.194602975157967,0.25,0,,,0.55,sihdr_reference_heuristic,1,0,0
SIHDR_120,SIHDR_120_e12.jpg,1662,8000.000000,32,1024,SDR,110,12,100,14.0,8000.0,6.321928094887363,17.194602975157967,17.194602975157967,17.194602975157967,0.25,0,,,0.55,sihdr_reference_heuristic,1,0,0
SIHDR_120,SIHDR_120_e13.jpg,1663,4000.000000,32,1024,SDR,110,13,100,14.0,4000.0,5.321928094887363,17.194602975157967,17.194602975157967,17.194602975157967,0.25,0,,,0.55,sihdr_reference_heuristic,1,0,0
SIHDR_120,SIHDR_120_e14.jpg,1664,2000.000000,32,1024,SDR,110,14,100,14.0,2000.0,4.321928094887363,17.194602975157967,17.194602975157967,17.194602975157967,0.25,0,,,0.55,sihdr_reference_heuristic,1,0,0
SIHDR_121,SIHDR_121_e00.jpg,1665,15000000.000000,32,1024,SDR,111,0,100,14.0,15000000.0,17.194602975157967,17.194602975157967,17.194602975157967,17.194602975157967,0.25,0,,,0.55,sihdr_reference_heuristic,1,0,0
SIHDR_121,SIHDR_121_e01.jpg,1666,8000000.000000,32,1024,SDR,111,1,100,14.0,8000000.0,16.28771237954945,17.194602975157967,17.194602975157967,17.194602975157967,0.25,0,,,0.55,sihdr_reference_heuristic,1,0,0
SIHDR_121,SIHDR_121_e02.jpg,1667,6000000.000000,32,1024,SDR,111,2,100,14.0,6000000.0,15.872674880270605,17.194602975157967,17.194602975157967,17.194602975157967,0.25,0,,,0.55,sihdr_reference_heuristic,1,0,0
SIHDR_121,SIHDR_121_e03.jpg,1668,4000000.000000,32,1024,SDR,111,3,100,14.0,4000000.0,15.287712379549449,17.194602975157967,17.194602975157967,17.194602975157967,0.25,0,,,0.55,sihdr_reference_heuristic,1,0,0
SIHDR_121,SIHDR_121_e04.jpg,1669,2000000.000000,32,1024,SDR,111,4,100,14.0,2000000.0,14.287712379549449,17.194602975157967,17.194602975157967,17.194602975157967,0.25,0,,,0.55,sihdr_reference_heuristic,1,0,0
SIHDR_121,SIHDR_121_e05.jpg,1670,1000000.000000,32,1024,SDR,111,5,100,14.0,1000000.0,13.287712379549449,17.194602975157967,17.194602975157967,17.194602975157967,0.25,0,,,0.55,sihdr_reference_heuristic,1,0,0
SIHDR_121,SIHDR_121_e06.jpg,1671,500000.000000,32,1024,SDR,111,6,100,14.0,500000.0,12.287712379549449,17.194602975157967,17.194602975157967,17.194602975157967,0.25,0,,,0.55,sihdr_reference_heuristic,1,0,0
SIHDR_121,SIHDR_121_e07.jpg,1672,250000.000000,32,1024,SDR,111,7,100,14.0,250000.0,11.287712379549449,17.194602975157967,17.194602975157967,17.194602975157967,0.25,0,,,0.55,sihdr_reference_heuristic,1,0,0
SIHDR_121,SIHDR_121_e08.jpg,1673,125000.000000,32,1024,SDR,111,8,100,14.0,125000.0,10.287712379549449,17.194602975157967,17.194602975157967,17.194602975157967,0.25,0,,,0.55,sihdr_reference_heuristic,1,0,0
SIHDR_121,SIHDR_121_e09.jpg,1674,66666.666667,32,1024,SDR,111,9,100,14.0,66666.666667,9.380821783948145,17.194602975157967,17.194602975157967,17.194602975157967,0.25,0,,,0.55,sihdr_reference_heuristic,1,0,0
SIHDR_121,SIHDR_121_e10.jpg,1675,33333.333333,32,1024,SDR,111,10,100,14.0,33333.333333,8.380821783926503,17.194602975157967,17.194602975157967,17.194602975157967,0.25,0,,,0.55,sihdr_reference_heuristic,1,0,0
SIHDR_121,SIHDR_121_e11.jpg,1676,16666.666667,32,1024,SDR,111,11,100,14.0,16666.666667,7.380821783969785,17.194602975157967,17.194602975157967,17.194602975157967,0.25,0,,,0.55,sihdr_reference_heuristic,1,0,0
SIHDR_121,SIHDR_121_e12.jpg,1677,8000.000000,32,1024,SDR,111,12,100,14.0,8000.0,6.321928094887363,17.194602975157967,17.194602975157967,17.194602975157967,0.25,0,,,0.55,sihdr_reference_heuristic,1,0,0
SIHDR_121,SIHDR_121_e13.jpg,1678,4000.000000,32,1024,SDR,111,13,100,14.0,4000.0,5.321928094887363,17.194602975157967,17.194602975157967,17.194602975157967,0.25,0,,,0.55,sihdr_reference_heuristic,1,0,0
SIHDR_121,SIHDR_121_e14.jpg,1679,2000.000000,32,1024,SDR,111,14,100,14.0,2000.0,4.321928094887363,17.194602975157967,17.194602975157967,17.194602975157967,0.25,0,,,0.55,sihdr_reference_heuristic,1,0,0
SIHDR_122,SIHDR_122_e00.jpg,1680,15000000.000000,32,1024,SDR,112,0,100,14.0,15000000.0,17.194602975157967,17.194602975157967,17.194602975157967,17.194602975157967,0.25,0,,,0.55,sihdr_reference_heuristic,1,0,0
SIHDR_122,SIHDR_122_e01.jpg,1681,8000000.000000,32,1024,SDR,112,1,100,14.0,8000000.0,16.28771237954945,17.194602975157967,17.194602975157967,17.194602975157967,0.25,0,,,0.55,sihdr_reference_heuristic,1,0,0
SIHDR_122,SIHDR_122_e02.jpg,1682,6000000.000000,32,1024,SDR,112,2,100,14.0,6000000.0,15.872674880270605,17.194602975157967,17.194602975157967,17.194602975157967,0.25,0,,,0.55,sihdr_reference_heuristic,1,0,0
SIHDR_122,SIHDR_122_e03.jpg,1683,4000000.000000,32,1024,SDR,112,3,100,14.0,4000000.0,15.287712379549449,17.194602975157967,17.194602975157967,17.194602975157967,0.25,0,,,0.55,sihdr_reference_heuristic,1,0,0
SIHDR_122,SIHDR_122_e04.jpg,1684,2000000.000000,32,1024,SDR,112,4,100,14.0,2000000.0,14.287712379549449,17.194602975157967,17.194602975157967,17.194602975157967,0.25,0,,,0.55,sihdr_reference_heuristic,1,0,0
SIHDR_122,SIHDR_122_e05.jpg,1685,1000000.000000,32,1024,SDR,112,5,100,14.0,1000000.0,13.287712379549449,17.194602975157967,17.194602975157967,17.194602975157967,0.25,0,,,0.55,sihdr_reference_heuristic,1,0,0
SIHDR_122,SIHDR_122_e06.jpg,1686,500000.000000,32,1024,SDR,112,6,100,14.0,500000.0,12.287712379549449,17.194602975157967,17.194602975157967,17.194602975157967,0.25,0,,,0.55,sihdr_reference_heuristic,1,0,0
SIHDR_122,SIHDR_122_e07.jpg,1687,250000.000000,32,1024,SDR,112,7,100,14.0,250000.0,11.287712379549449,17.194602975157967,17.194602975157967,17.194602975157967,0.25,0,,,0.55,sihdr_reference_heuristic,1,0,0
SIHDR_122,SIHDR_122_e08.jpg,1688,125000.000000,32,1024,SDR,112,8,100,14.0,125000.0,10.287712379549449,17.194602975157967,17.194602975157967,17.194602975157967,0.25,0,,,0.55,sihdr_reference_heuristic,1,0,0
SIHDR_122,SIHDR_122_e09.jpg,1689,66666.666667,32,1024,SDR,112,9,100,14.0,66666.666667,9.380821783948145,17.194602975157967,17.194602975157967,17.194602975157967,0.25,0,,,0.55,sihdr_reference_heuristic,1,0,0
SIHDR_122,SIHDR_122_e10.jpg,1690,33333.333333,32,1024,SDR,112,10,100,14.0,33333.333333,8.380821783926503,17.194602975157967,17.194602975157967,17.194602975157967,0.25,0,,,0.55,sihdr_reference_heuristic,1,0,0
SIHDR_122,SIHDR_122_e11.jpg,1691,16666.666667,32,1024,SDR,112,11,100,14.0,16666.666667,7.380821783969785,17.194602975157967,17.194602975157967,17.194602975157967,0.25,0,,,0.55,sihdr_reference_heuristic,1,0,0
SIHDR_122,SIHDR_122_e12.jpg,1692,8000.000000,32,1024,SDR,112,12,100,14.0,8000.0,6.321928094887363,17.194602975157967,17.194602975157967,17.194602975157967,0.25,0,,,0.55,sihdr_reference_heuristic,1,0,0
SIHDR_122,SIHDR_122_e13.jpg,1693,4000.000000,32,1024,SDR,112,13,100,14.0,4000.0,5.321928094887363,17.194602975157967,17.194602975157967,17.194602975157967,0.25,0,,,0.55,sihdr_reference_heuristic,1,0,0
SIHDR_122,SIHDR_122_e14.jpg,1694,2000.000000,32,1024,SDR,112,14,100,14.0,2000.0,4.321928094887363,17.194602975157967,17.194602975157967,17.194602975157967,0.25,0,,,0.55,sihdr_reference_heuristic,1,0,0
SIHDR_123,SIHDR_123_e00.jpg,1695,15000000.000000,32,1024,SDR,113,0,100,14.0,15000000.0,17.194602975157967,13.287712379549449,12.287712379549449,13.287712379549449,0.75,1,,,0.55,sihdr_reference_heuristic,1,0,1
SIHDR_123,SIHDR_123_e01.jpg,1696,8000000.000000,32,1024,SDR,113,1,100,14.0,8000000.0,16.28771237954945,13.287712379549449,12.287712379549449,13.287712379549449,0.75,1,,,0.55,sihdr_reference_heuristic,1,0,1
SIHDR_123,SIHDR_123_e02.jpg,1697,6000000.000000,32,1024,SDR,113,2,100,14.0,6000000.0,15.872674880270605,13.287712379549449,12.287712379549449,13.287712379549449,0.75,1,,,0.55,sihdr_reference_heuristic,1,0,1
SIHDR_123,SIHDR_123_e03.jpg,1698,4000000.000000,32,1024,SDR,113,3,100,14.0,4000000.0,15.287712379549449,13.287712379549449,12.287712379549449,13.287712379549449,0.75,1,,,0.55,sihdr_reference_heuristic,1,0,1
SIHDR_123,SIHDR_123_e04.jpg,1699,2000000.000000,32,1024,SDR,113,4,100,14.0,2000000.0,14.287712379549449,13.287712379549449,12.287712379549449,13.287712379549449,0.75,1,,,0.55,sihdr_reference_heuristic,1,0,1
SIHDR_123,SIHDR_123_e05.jpg,1700,1000000.000000,32,1024,SDR,113,5,100,14.0,1000000.0,13.287712379549449,13.287712379549449,12.287712379549449,13.287712379549449,0.75,1,,,0.55,sihdr_reference_heuristic,1,0,1
SIHDR_123,SIHDR_123_e06.jpg,1701,500000.000000,32,1024,SDR,113,6,100,14.0,500000.0,12.287712379549449,13.287712379549449,12.287712379549449,13.287712379549449,0.75,1,,,0.55,sihdr_reference_heuristic,1,0,1
SIHDR_123,SIHDR_123_e07.jpg,1702,250000.000000,32,1024,SDR,113,7,100,14.0,250000.0,11.287712379549449,13.287712379549449,12.287712379549449,13.287712379549449,0.75,1,,,0.55,sihdr_reference_heuristic,1,0,1
SIHDR_123,SIHDR_123_e08.jpg,1703,125000.000000,32,1024,SDR,113,8,100,14.0,125000.0,10.287712379549449,13.287712379549449,12.287712379549449,13.287712379549449,0.75,1,,,0.55,sihdr_reference_heuristic,1,0,1
SIHDR_123,SIHDR_123_e09.jpg,1704,66666.666667,32,1024,SDR,113,9,100,14.0,66666.666667,9.380821783948145,13.287712379549449,12.287712379549449,13.287712379549449,0.75,1,,,0.55,sihdr_reference_heuristic,1,0,1
SIHDR_123,SIHDR_123_e10.jpg,1705,33333.333333,32,1024,SDR,113,10,100,14.0,33333.333333,8.380821783926503,13.287712379549449,12.287712379549449,13.287712379549449,0.75,1,,,0.55,sihdr_reference_heuristic,1,0,1
SIHDR_123,SIHDR_123_e11.jpg,1706,16666.666667,32,1024,SDR,113,11,100,14.0,16666.666667,7.380821783969785,13.287712379549449,12.287712379549449,13.287712379549449,0.75,1,,,0.55,sihdr_reference_heuristic,1,0,1
SIHDR_123,SIHDR_123_e12.jpg,1707,8000.000000,32,1024,SDR,113,12,100,14.0,8000.0,6.321928094887363,13.287712379549449,12.287712379549449,13.287712379549449,0.75,1,,,0.55,sihdr_reference_heuristic,1,0,1
SIHDR_123,SIHDR_123_e13.jpg,1708,4000.000000,32,1024,SDR,113,13,100,14.0,4000.0,5.321928094887363,13.287712379549449,12.287712379549449,13.287712379549449,0.75,1,,,0.55,sihdr_reference_heuristic,1,0,1
SIHDR_123,SIHDR_123_e14.jpg,1709,2000.000000,32,1024,SDR,113,14,100,14.0,2000.0,4.321928094887363,13.287712379549449,12.287712379549449,13.287712379549449,0.75,1,,,0.55,sihdr_reference_heuristic,1,0,1
SIHDR_124,SIHDR_124_e00.jpg,1710,15000000.000000,32,1024,SDR,114,0,100,14.0,15000000.0,17.194602975157967,11.287712379549449,10.287712379549449,11.287712379549449,0.75,1,,,0.55,sihdr_reference_heuristic,1,0,1
SIHDR_124,SIHDR_124_e01.jpg,1711,8000000.000000,32,1024,SDR,114,1,100,14.0,8000000.0,16.28771237954945,11.287712379549449,10.287712379549449,11.287712379549449,0.75,1,,,0.55,sihdr_reference_heuristic,1,0,1
SIHDR_124,SIHDR_124_e02.jpg,1712,6000000.000000,32,1024,SDR,114,2,100,14.0,6000000.0,15.872674880270605,11.287712379549449,10.287712379549449,11.287712379549449,0.75,1,,,0.55,sihdr_reference_heuristic,1,0,1
SIHDR_124,SIHDR_124_e03.jpg,1713,4000000.000000,32,1024,SDR,114,3,100,14.0,4000000.0,15.287712379549449,11.287712379549449,10.287712379549449,11.287712379549449,0.75,1,,,0.55,sihdr_reference_heuristic,1,0,1
SIHDR_124,SIHDR_124_e04.jpg,1714,2000000.000000,32,1024,SDR,114,4,100,14.0,2000000.0,14.287712379549449,11.287712379549449,10.287712379549449,11.287712379549449,0.75,1,,,0.55,sihdr_reference_heuristic,1,0,1
SIHDR_124,SIHDR_124_e05.jpg,1715,1000000.000000,32,1024,SDR,114,5,100,14.0,1000000.0,13.287712379549449,11.287712379549449,10.287712379549449,11.287712379549449,0.75,1,,,0.55,sihdr_reference_heuristic,1,0,1
SIHDR_124,SIHDR_124_e06.jpg,1716,500000.000000,32,1024,SDR,114,6,100,14.0,500000.0,12.287712379549449,11.287712379549449,10.287712379549449,11.287712379549449,0.75,1,,,0.55,sihdr_reference_heuristic,1,0,1
SIHDR_124,SIHDR_124_e07.jpg,1717,250000.000000,32,1024,SDR,114,7,100,14.0,250000.0,11.287712379549449,11.287712379549449,10.287712379549449,11.287712379549449,0.75,1,,,0.55,sihdr_reference_heuristic,1,0,1
SIHDR_124,SIHDR_124_e08.jpg,1718,125000.000000,32,1024,SDR,114,8,100,14.0,125000.0,10.287712379549449,11.287712379549449,10.287712379549449,11.287712379549449,0.75,1,,,0.55,sihdr_reference_heuristic,1,0,1
SIHDR_124,SIHDR_124_e09.jpg,1719,66666.666667,32,1024,SDR,114,9,100,14.0,66666.666667,9.380821783948145,11.287712379549449,10.287712379549449,11.287712379549449,0.75,1,,,0.55,sihdr_reference_heuristic,1,0,1
SIHDR_124,SIHDR_124_e10.jpg,1720,33333.333333,32,1024,SDR,114,10,100,14.0,33333.333333,8.380821783926503,11.287712379549449,10.287712379549449,11.287712379549449,0.75,1,,,0.55,sihdr_reference_heuristic,1,0,1
SIHDR_124,SIHDR_124_e11.jpg,1721,16666.666667,32,1024,SDR,114,11,100,14.0,16666.666667,7.380821783969785,11.287712379549449,10.287712379549449,11.287712379549449,0.75,1,,,0.55,sihdr_reference_heuristic,1,0,1
SIHDR_124,SIHDR_124_e12.jpg,1722,8000.000000,32,1024,SDR,114,12,100,14.0,8000.0,6.321928094887363,11.287712379549449,10.287712379549449,11.287712379549449,0.75,1,,,0.55,sihdr_reference_heuristic,1,0,1
SIHDR_124,SIHDR_124_e13.jpg,1723,4000.000000,32,1024,SDR,114,13,100,14.0,4000.0,5.321928094887363,11.287712379549449,10.287712379549449,11.287712379549449,0.75,1,,,0.55,sihdr_reference_heuristic,1,0,1
SIHDR_124,SIHDR_124_e14.jpg,1724,2000.000000,32,1024,SDR,114,14,100,14.0,2000.0,4.321928094887363,11.287712379549449,10.287712379549449,11.287712379549449,0.75,1,,,0.55,sihdr_reference_heuristic,1,0,1
SIHDR_125,SIHDR_125_e00.jpg,1725,15000000.000000,32,1024,SDR,115,0,100,14.0,15000000.0,17.194602975157967,11.287712379549449,10.287712379549449,11.287712379549449,0.75,1,,,0.55,sihdr_reference_heuristic,1,0,1
SIHDR_125,SIHDR_125_e01.jpg,1726,8000000.000000,32,1024,SDR,115,1,100,14.0,8000000.0,16.28771237954945,11.287712379549449,10.287712379549449,11.287712379549449,0.75,1,,,0.55,sihdr_reference_heuristic,1,0,1
SIHDR_125,SIHDR_125_e02.jpg,1727,6000000.000000,32,1024,SDR,115,2,100,14.0,6000000.0,15.872674880270605,11.287712379549449,10.287712379549449,11.287712379549449,0.75,1,,,0.55,sihdr_reference_heuristic,1,0,1
SIHDR_125,SIHDR_125_e03.jpg,1728,4000000.000000,32,1024,SDR,115,3,100,14.0,4000000.0,15.287712379549449,11.287712379549449,10.287712379549449,11.287712379549449,0.75,1,,,0.55,sihdr_reference_heuristic,1,0,1
SIHDR_125,SIHDR_125_e04.jpg,1729,2000000.000000,32,1024,SDR,115,4,100,14.0,2000000.0,14.287712379549449,11.287712379549449,10.287712379549449,11.287712379549449,0.75,1,,,0.55,sihdr_reference_heuristic,1,0,1
SIHDR_125,SIHDR_125_e05.jpg,1730,1000000.000000,32,1024,SDR,115,5,100,14.0,1000000.0,13.287712379549449,11.287712379549449,10.287712379549449,11.287712379549449,0.75,1,,,0.55,sihdr_reference_heuristic,1,0,1
SIHDR_125,SIHDR_125_e06.jpg,1731,500000.000000,32,1024,SDR,115,6,100,14.0,500000.0,12.287712379549449,11.287712379549449,10.287712379549449,11.287712379549449,0.75,1,,,0.55,sihdr_reference_heuristic,1,0,1
SIHDR_125,SIHDR_125_e07.jpg,1732,250000.000000,32,1024,SDR,115,7,100,14.0,250000.0,11.287712379549449,11.287712379549449,10.287712379549449,11.287712379549449,0.75,1,,,0.55,sihdr_reference_heuristic,1,0,1
SIHDR_125,SIHDR_125_e08.jpg,1733,125000.000000,32,1024,SDR,115,8,100,14.0,125000.0,10.287712379549449,11.287712379549449,10.287712379549449,11.287712379549449,0.75,1,,,0.55,sihdr_reference_heuristic,1,0,1
SIHDR_125,SIHDR_125_e09.jpg,1734,66666.666667,32,1024,SDR,115,9,100,14.0,66666.666667,9.380821783948145,11.287712379549449,10.287712379549449,11.287712379549449,0.75,1,,,0.55,sihdr_reference_heuristic,1,0,1
SIHDR_125,SIHDR_125_e10.jpg,1735,33333.333333,32,1024,SDR,115,10,100,14.0,33333.333333,8.380821783926503,11.287712379549449,10.287712379549449,11.287712379549449,0.75,1,,,0.55,sihdr_reference_heuristic,1,0,1
SIHDR_125,SIHDR_125_e11.jpg,1736,16666.666667,32,1024,SDR,115,11,100,14.0,16666.666667,7.380821783969785,11.287712379549449,10.287712379549449,11.287712379549449,0.75,1,,,0.55,sihdr_reference_heuristic,1,0,1
SIHDR_125,SIHDR_125_e12.jpg,1737,8000.000000,32,1024,SDR,115,12,100,14.0,8000.0,6.321928094887363,11.287712379549449,10.287712379549449,11.287712379549449,0.75,1,,,0.55,sihdr_reference_heuristic,1,0,1
SIHDR_125,SIHDR_125_e13.jpg,1738,4000.000000,32,1024,SDR,115,13,100,14.0,4000.0,5.321928094887363,11.287712379549449,10.287712379549449,11.287712379549449,0.75,1,,,0.55,sihdr_reference_heuristic,1,0,1
SIHDR_125,SIHDR_125_e14.jpg,1739,2000.000000,32,1024,SDR,115,14,100,14.0,2000.0,4.321928094887363,11.287712379549449,10.287712379549449,11.287712379549449,0.75,1,,,0.55,sihdr_reference_heuristic,1,0,1
SIHDR_126,SIHDR_126_e00.jpg,1740,15000000.000000,32,1024,SDR,116,0,100,14.0,15000000.0,17.194602975157967,10.287712379549449,10.287712379549449,10.287712379549449,0.75,1,,,0.55,sihdr_reference_heuristic,1,0,1
SIHDR_126,SIHDR_126_e01.jpg,1741,8000000.000000,32,1024,SDR,116,1,100,14.0,8000000.0,16.28771237954945,10.287712379549449,10.287712379549449,10.287712379549449,0.75,1,,,0.55,sihdr_reference_heuristic,1,0,1
SIHDR_126,SIHDR_126_e02.jpg,1742,6000000.000000,32,1024,SDR,116,2,100,14.0,6000000.0,15.872674880270605,10.287712379549449,10.287712379549449,10.287712379549449,0.75,1,,,0.55,sihdr_reference_heuristic,1,0,1
SIHDR_126,SIHDR_126_e03.jpg,1743,4000000.000000,32,1024,SDR,116,3,100,14.0,4000000.0,15.287712379549449,10.287712379549449,10.287712379549449,10.287712379549449,0.75,1,,,0.55,sihdr_reference_heuristic,1,0,1
SIHDR_126,SIHDR_126_e04.jpg,1744,2000000.000000,32,1024,SDR,116,4,100,14.0,2000000.0,14.287712379549449,10.287712379549449,10.287712379549449,10.287712379549449,0.75,1,,,0.55,sihdr_reference_heuristic,1,0,1
SIHDR_126,SIHDR_126_e05.jpg,1745,1000000.000000,32,1024,SDR,116,5,100,14.0,1000000.0,13.287712379549449,10.287712379549449,10.287712379549449,10.287712379549449,0.75,1,,,0.55,sihdr_reference_heuristic,1,0,1
SIHDR_126,SIHDR_126_e06.jpg,1746,500000.000000,32,1024,SDR,116,6,100,14.0,500000.0,12.287712379549449,10.287712379549449,10.287712379549449,10.287712379549449,0.75,1,,,0.55,sihdr_reference_heuristic,1,0,1
SIHDR_126,SIHDR_126_e07.jpg,1747,250000.000000,32,1024,SDR,116,7,100,14.0,250000.0,11.287712379549449,10.287712379549449,10.287712379549449,10.287712379549449,0.75,1,,,0.55,sihdr_reference_heuristic,1,0,1
SIHDR_126,SIHDR_126_e08.jpg,1748,125000.000000,32,1024,SDR,116,8,100,14.0,125000.0,10.287712379549449,10.287712379549449,10.287712379549449,10.287712379549449,0.75,1,,,0.55,sihdr_reference_heuristic,1,0,1
SIHDR_126,SIHDR_126_e09.jpg,1749,66666.666667,32,1024,SDR,116,9,100,14.0,66666.666667,9.380821783948145,10.287712379549449,10.287712379549449,10.287712379549449,0.75,1,,,0.55,sihdr_reference_heuristic,1,0,1
SIHDR_126,SIHDR_126_e10.jpg,1750,33333.333333,32,1024,SDR,116,10,100,14.0,33333.333333,8.380821783926503,10.287712379549449,10.287712379549449,10.287712379549449,0.75,1,,,0.55,sihdr_reference_heuristic,1,0,1
SIHDR_126,SIHDR_126_e11.jpg,1751,16666.666667,32,1024,SDR,116,11,100,14.0,16666.666667,7.380821783969785,10.287712379549449,10.287712379549449,10.287712379549449,0.75,1,,,0.55,sihdr_reference_heuristic,1,0,1
SIHDR_126,SIHDR_126_e12.jpg,1752,8000.000000,32,1024,SDR,116,12,100,14.0,8000.0,6.321928094887363,10.287712379549449,10.287712379549449,10.287712379549449,0.75,1,,,0.55,sihdr_reference_heuristic,1,0,1
SIHDR_126,SIHDR_126_e13.jpg,1753,4000.000000,32,1024,SDR,116,13,100,14.0,4000.0,5.321928094887363,10.287712379549449,10.287712379549449,10.287712379549449,0.75,1,,,0.55,sihdr_reference_heuristic,1,0,1
SIHDR_126,SIHDR_126_e14.jpg,1754,2000.000000,32,1024,SDR,116,14,100,14.0,2000.0,4.321928094887363,10.287712379549449,10.287712379549449,10.287712379549449,0.75,1,,,0.55,sihdr_reference_heuristic,1,0,1
SIHDR_128,SIHDR_128_e00.jpg,1755,15000000.000000,32,1024,SDR,117,0,100,14.0,15000000.0,17.194602975157967,12.287712379549449,11.287712379549449,13.287712379549449,0.75,1,,,0.55,sihdr_reference_heuristic,1,0,1
SIHDR_128,SIHDR_128_e01.jpg,1756,8000000.000000,32,1024,SDR,117,1,100,14.0,8000000.0,16.28771237954945,12.287712379549449,11.287712379549449,13.287712379549449,0.75,1,,,0.55,sihdr_reference_heuristic,1,0,1
SIHDR_128,SIHDR_128_e02.jpg,1757,6000000.000000,32,1024,SDR,117,2,100,14.0,6000000.0,15.872674880270605,12.287712379549449,11.287712379549449,13.287712379549449,0.75,1,,,0.55,sihdr_reference_heuristic,1,0,1
SIHDR_128,SIHDR_128_e03.jpg,1758,4000000.000000,32,1024,SDR,117,3,100,14.0,4000000.0,15.287712379549449,12.287712379549449,11.287712379549449,13.287712379549449,0.75,1,,,0.55,sihdr_reference_heuristic,1,0,1
SIHDR_128,SIHDR_128_e04.jpg,1759,2000000.000000,32,1024,SDR,117,4,100,14.0,2000000.0,14.287712379549449,12.287712379549449,11.287712379549449,13.287712379549449,0.75,1,,,0.55,sihdr_reference_heuristic,1,0,1
SIHDR_128,SIHDR_128_e05.jpg,1760,1000000.000000,32,1024,SDR,117,5,100,14.0,1000000.0,13.287712379549449,12.287712379549449,11.287712379549449,13.287712379549449,0.75,1,,,0.55,sihdr_reference_heuristic,1,0,1
SIHDR_128,SIHDR_128_e06.jpg,1761,500000.000000,32,1024,SDR,117,6,100,14.0,500000.0,12.287712379549449,12.287712379549449,11.287712379549449,13.287712379549449,0.75,1,,,0.55,sihdr_reference_heuristic,1,0,1
SIHDR_128,SIHDR_128_e07.jpg,1762,250000.000000,32,1024,SDR,117,7,100,14.0,250000.0,11.287712379549449,12.287712379549449,11.287712379549449,13.287712379549449,0.75,1,,,0.55,sihdr_reference_heuristic,1,0,1
SIHDR_128,SIHDR_128_e08.jpg,1763,125000.000000,32,1024,SDR,117,8,100,14.0,125000.0,10.287712379549449,12.287712379549449,11.287712379549449,13.287712379549449,0.75,1,,,0.55,sihdr_reference_heuristic,1,0,1
SIHDR_128,SIHDR_128_e09.jpg,1764,66666.666667,32,1024,SDR,117,9,100,14.0,66666.666667,9.380821783948145,12.287712379549449,11.287712379549449,13.287712379549449,0.75,1,,,0.55,sihdr_reference_heuristic,1,0,1
SIHDR_128,SIHDR_128_e10.jpg,1765,33333.333333,32,1024,SDR,117,10,100,14.0,33333.333333,8.380821783926503,12.287712379549449,11.287712379549449,13.287712379549449,0.75,1,,,0.55,sihdr_reference_heuristic,1,0,1
SIHDR_128,SIHDR_128_e11.jpg,1766,16666.666667,32,1024,SDR,117,11,100,14.0,16666.666667,7.380821783969785,12.287712379549449,11.287712379549449,13.287712379549449,0.75,1,,,0.55,sihdr_reference_heuristic,1,0,1
SIHDR_128,SIHDR_128_e12.jpg,1767,8000.000000,32,1024,SDR,117,12,100,14.0,8000.0,6.321928094887363,12.287712379549449,11.287712379549449,13.287712379549449,0.75,1,,,0.55,sihdr_reference_heuristic,1,0,1
SIHDR_128,SIHDR_128_e13.jpg,1768,4000.000000,32,1024,SDR,117,13,100,14.0,4000.0,5.321928094887363,12.287712379549449,11.287712379549449,13.287712379549449,0.75,1,,,0.55,sihdr_reference_heuristic,1,0,1
SIHDR_128,SIHDR_128_e14.jpg,1769,2000.000000,32,1024,SDR,117,14,100,14.0,2000.0,4.321928094887363,12.287712379549449,11.287712379549449,13.287712379549449,0.75,1,,,0.55,sihdr_reference_heuristic,1,0,1
SIHDR_129,SIHDR_129_e00.jpg,1770,15000000.000000,32,1024,SDR,118,0,100,14.0,15000000.0,17.194602975157967,9.380821783948145,8.380821783926503,9.380821783948145,0.75,1,,,0.55,sihdr_reference_heuristic,1,0,1
SIHDR_129,SIHDR_129_e01.jpg,1771,8000000.000000,32,1024,SDR,118,1,100,14.0,8000000.0,16.28771237954945,9.380821783948145,8.380821783926503,9.380821783948145,0.75,1,,,0.55,sihdr_reference_heuristic,1,0,1
SIHDR_129,SIHDR_129_e02.jpg,1772,6000000.000000,32,1024,SDR,118,2,100,14.0,6000000.0,15.872674880270605,9.380821783948145,8.380821783926503,9.380821783948145,0.75,1,,,0.55,sihdr_reference_heuristic,1,0,1
SIHDR_129,SIHDR_129_e03.jpg,1773,4000000.000000,32,1024,SDR,118,3,100,14.0,4000000.0,15.287712379549449,9.380821783948145,8.380821783926503,9.380821783948145,0.75,1,,,0.55,sihdr_reference_heuristic,1,0,1
SIHDR_129,SIHDR_129_e04.jpg,1774,2000000.000000,32,1024,SDR,118,4,100,14.0,2000000.0,14.287712379549449,9.380821783948145,8.380821783926503,9.380821783948145,0.75,1,,,0.55,sihdr_reference_heuristic,1,0,1
SIHDR_129,SIHDR_129_e05.jpg,1775,1000000.000000,32,1024,SDR,118,5,100,14.0,1000000.0,13.287712379549449,9.380821783948145,8.380821783926503,9.380821783948145,0.75,1,,,0.55,sihdr_reference_heuristic,1,0,1
SIHDR_129,SIHDR_129_e06.jpg,1776,500000.000000,32,1024,SDR,118,6,100,14.0,500000.0,12.287712379549449,9.380821783948145,8.380821783926503,9.380821783948145,0.75,1,,,0.55,sihdr_reference_heuristic,1,0,1
SIHDR_129,SIHDR_129_e07.jpg,1777,250000.000000,32,1024,SDR,118,7,100,14.0,250000.0,11.287712379549449,9.380821783948145,8.380821783926503,9.380821783948145,0.75,1,,,0.55,sihdr_reference_heuristic,1,0,1
SIHDR_129,SIHDR_129_e08.jpg,1778,125000.000000,32,1024,SDR,118,8,100,14.0,125000.0,10.287712379549449,9.380821783948145,8.380821783926503,9.380821783948145,0.75,1,,,0.55,sihdr_reference_heuristic,1,0,1
SIHDR_129,SIHDR_129_e09.jpg,1779,66666.666667,32,1024,SDR,118,9,100,14.0,66666.666667,9.380821783948145,9.380821783948145,8.380821783926503,9.380821783948145,0.75,1,,,0.55,sihdr_reference_heuristic,1,0,1
SIHDR_129,SIHDR_129_e10.jpg,1780,33333.333333,32,1024,SDR,118,10,100,14.0,33333.333333,8.380821783926503,9.380821783948145,8.380821783926503,9.380821783948145,0.75,1,,,0.55,sihdr_reference_heuristic,1,0,1
SIHDR_129,SIHDR_129_e11.jpg,1781,16666.666667,32,1024,SDR,118,11,100,14.0,16666.666667,7.380821783969785,9.380821783948145,8.380821783926503,9.380821783948145,0.75,1,,,0.55,sihdr_reference_heuristic,1,0,1
SIHDR_129,SIHDR_129_e12.jpg,1782,8000.000000,32,1024,SDR,118,12,100,14.0,8000.0,6.321928094887363,9.380821783948145,8.380821783926503,9.380821783948145,0.75,1,,,0.55,sihdr_reference_heuristic,1,0,1
SIHDR_129,SIHDR_129_e13.jpg,1783,4000.000000,32,1024,SDR,118,13,100,14.0,4000.0,5.321928094887363,9.380821783948145,8.380821783926503,9.380821783948145,0.75,1,,,0.55,sihdr_reference_heuristic,1,0,1
SIHDR_129,SIHDR_129_e14.jpg,1784,2000.000000,32,1024,SDR,118,14,100,14.0,2000.0,4.321928094887363,9.380821783948145,8.380821783926503,9.380821783948145,0.75,1,,,0.55,sihdr_reference_heuristic,1,0,1
SIHDR_130,SIHDR_130_e00.jpg,1785,15000000.000000,32,1024,SDR,119,0,100,14.0,15000000.0,17.194602975157967,10.287712379549449,10.287712379549449,10.287712379549449,0.75,1,,,0.55,sihdr_reference_heuristic,1,0,1
SIHDR_130,SIHDR_130_e01.jpg,1786,8000000.000000,32,1024,SDR,119,1,100,14.0,8000000.0,16.28771237954945,10.287712379549449,10.287712379549449,10.287712379549449,0.75,1,,,0.55,sihdr_reference_heuristic,1,0,1
SIHDR_130,SIHDR_130_e02.jpg,1787,6000000.000000,32,1024,SDR,119,2,100,14.0,6000000.0,15.872674880270605,10.287712379549449,10.287712379549449,10.287712379549449,0.75,1,,,0.55,sihdr_reference_heuristic,1,0,1
SIHDR_130,SIHDR_130_e03.jpg,1788,4000000.000000,32,1024,SDR,119,3,100,14.0,4000000.0,15.287712379549449,10.287712379549449,10.287712379549449,10.287712379549449,0.75,1,,,0.55,sihdr_reference_heuristic,1,0,1
SIHDR_130,SIHDR_130_e04.jpg,1789,2000000.000000,32,1024,SDR,119,4,100,14.0,2000000.0,14.287712379549449,10.287712379549449,10.287712379549449,10.287712379549449,0.75,1,,,0.55,sihdr_reference_heuristic,1,0,1
SIHDR_130,SIHDR_130_e05.jpg,1790,1000000.000000,32,1024,SDR,119,5,100,14.0,1000000.0,13.287712379549449,10.287712379549449,10.287712379549449,10.287712379549449,0.75,1,,,0.55,sihdr_reference_heuristic,1,0,1
SIHDR_130,SIHDR_130_e06.jpg,1791,500000.000000,32,1024,SDR,119,6,100,14.0,500000.0,12.287712379549449,10.287712379549449,10.287712379549449,10.287712379549449,0.75,1,,,0.55,sihdr_reference_heuristic,1,0,1
SIHDR_130,SIHDR_130_e07.jpg,1792,250000.000000,32,1024,SDR,119,7,100,14.0,250000.0,11.287712379549449,10.287712379549449,10.287712379549449,10.287712379549449,0.75,1,,,0.55,sihdr_reference_heuristic,1,0,1
SIHDR_130,SIHDR_130_e08.jpg,1793,125000.000000,32,1024,SDR,119,8,100,14.0,125000.0,10.287712379549449,10.287712379549449,10.287712379549449,10.287712379549449,0.75,1,,,0.55,sihdr_reference_heuristic,1,0,1
SIHDR_130,SIHDR_130_e09.jpg,1794,66666.666667,32,1024,SDR,119,9,100,14.0,66666.666667,9.380821783948145,10.287712379549449,10.287712379549449,10.287712379549449,0.75,1,,,0.55,sihdr_reference_heuristic,1,0,1
SIHDR_130,SIHDR_130_e10.jpg,1795,33333.333333,32,1024,SDR,119,10,100,14.0,33333.333333,8.380821783926503,10.287712379549449,10.287712379549449,10.287712379549449,0.75,1,,,0.55,sihdr_reference_heuristic,1,0,1
SIHDR_130,SIHDR_130_e11.jpg,1796,16666.666667,32,1024,SDR,119,11,100,14.0,16666.666667,7.380821783969785,10.287712379549449,10.287712379549449,10.287712379549449,0.75,1,,,0.55,sihdr_reference_heuristic,1,0,1
SIHDR_130,SIHDR_130_e12.jpg,1797,8000.000000,32,1024,SDR,119,12,100,14.0,8000.0,6.321928094887363,10.287712379549449,10.287712379549449,10.287712379549449,0.75,1,,,0.55,sihdr_reference_heuristic,1,0,1
SIHDR_130,SIHDR_130_e13.jpg,1798,4000.000000,32,1024,SDR,119,13,100,14.0,4000.0,5.321928094887363,10.287712379549449,10.287712379549449,10.287712379549449,0.75,1,,,0.55,sihdr_reference_heuristic,1,0,1
SIHDR_130,SIHDR_130_e14.jpg,1799,2000.000000,32,1024,SDR,119,14,100,14.0,2000.0,4.321928094887363,10.287712379549449,10.287712379549449,10.287712379549449,0.75,1,,,0.55,sihdr_reference_heuristic,1,0,1
SIHDR_131,SIHDR_131_e00.jpg,1800,15000000.000000,32,1024,SDR,120,0,100,14.0,15000000.0,17.194602975157967,9.380821783948145,8.380821783926503,10.287712379549449,0.75,1,,,0.55,sihdr_reference_heuristic,1,0,1
SIHDR_131,SIHDR_131_e01.jpg,1801,8000000.000000,32,1024,SDR,120,1,100,14.0,8000000.0,16.28771237954945,9.380821783948145,8.380821783926503,10.287712379549449,0.75,1,,,0.55,sihdr_reference_heuristic,1,0,1
SIHDR_131,SIHDR_131_e02.jpg,1802,6000000.000000,32,1024,SDR,120,2,100,14.0,6000000.0,15.872674880270605,9.380821783948145,8.380821783926503,10.287712379549449,0.75,1,,,0.55,sihdr_reference_heuristic,1,0,1
SIHDR_131,SIHDR_131_e03.jpg,1803,4000000.000000,32,1024,SDR,120,3,100,14.0,4000000.0,15.287712379549449,9.380821783948145,8.380821783926503,10.287712379549449,0.75,1,,,0.55,sihdr_reference_heuristic,1,0,1
SIHDR_131,SIHDR_131_e04.jpg,1804,2000000.000000,32,1024,SDR,120,4,100,14.0,2000000.0,14.287712379549449,9.380821783948145,8.380821783926503,10.287712379549449,0.75,1,,,0.55,sihdr_reference_heuristic,1,0,1
SIHDR_131,SIHDR_131_e05.jpg,1805,1000000.000000,32,1024,SDR,120,5,100,14.0,1000000.0,13.287712379549449,9.380821783948145,8.380821783926503,10.287712379549449,0.75,1,,,0.55,sihdr_reference_heuristic,1,0,1
SIHDR_131,SIHDR_131_e06.jpg,1806,500000.000000,32,1024,SDR,120,6,100,14.0,500000.0,12.287712379549449,9.380821783948145,8.380821783926503,10.287712379549449,0.75,1,,,0.55,sihdr_reference_heuristic,1,0,1
SIHDR_131,SIHDR_131_e07.jpg,1807,250000.000000,32,1024,SDR,120,7,100,14.0,250000.0,11.287712379549449,9.380821783948145,8.380821783926503,10.287712379549449,0.75,1,,,0.55,sihdr_reference_heuristic,1,0,1
SIHDR_131,SIHDR_131_e08.jpg,1808,125000.000000,32,1024,SDR,120,8,100,14.0,125000.0,10.287712379549449,9.380821783948145,8.380821783926503,10.287712379549449,0.75,1,,,0.55,sihdr_reference_heuristic,1,0,1
SIHDR_131,SIHDR_131_e09.jpg,1809,66666.666667,32,1024,SDR,120,9,100,14.0,66666.666667,9.380821783948145,9.380821783948145,8.380821783926503,10.287712379549449,0.75,1,,,0.55,sihdr_reference_heuristic,1,0,1
SIHDR_131,SIHDR_131_e10.jpg,1810,33333.333333,32,1024,SDR,120,10,100,14.0,33333.333333,8.380821783926503,9.380821783948145,8.380821783926503,10.287712379549449,0.75,1,,,0.55,sihdr_reference_heuristic,1,0,1
SIHDR_131,SIHDR_131_e11.jpg,1811,16666.666667,32,1024,SDR,120,11,100,14.0,16666.666667,7.380821783969785,9.380821783948145,8.380821783926503,10.287712379549449,0.75,1,,,0.55,sihdr_reference_heuristic,1,0,1
SIHDR_131,SIHDR_131_e12.jpg,1812,8000.000000,32,1024,SDR,120,12,100,14.0,8000.0,6.321928094887363,9.380821783948145,8.380821783926503,10.287712379549449,0.75,1,,,0.55,sihdr_reference_heuristic,1,0,1
SIHDR_131,SIHDR_131_e13.jpg,1813,4000.000000,32,1024,SDR,120,13,100,14.0,4000.0,5.321928094887363,9.380821783948145,8.380821783926503,10.287712379549449,0.75,1,,,0.55,sihdr_reference_heuristic,1,0,1
SIHDR_131,SIHDR_131_e14.jpg,1814,2000.000000,32,1024,SDR,120,14,100,14.0,2000.0,4.321928094887363,9.380821783948145,8.380821783926503,10.287712379549449,0.75,1,,,0.55,sihdr_reference_heuristic,1,0,1
SIHDR_132,SIHDR_132_e00.jpg,1815,15000000.000000,32,1024,SDR,121,0,100,14.0,15000000.0,17.194602975157967,9.380821783948145,9.380821783948145,9.380821783948145,0.75,1,,,0.55,sihdr_reference_heuristic,1,0,1
SIHDR_132,SIHDR_132_e01.jpg,1816,8000000.000000,32,1024,SDR,121,1,100,14.0,8000000.0,16.28771237954945,9.380821783948145,9.380821783948145,9.380821783948145,0.75,1,,,0.55,sihdr_reference_heuristic,1,0,1
SIHDR_132,SIHDR_132_e02.jpg,1817,6000000.000000,32,1024,SDR,121,2,100,14.0,6000000.0,15.872674880270605,9.380821783948145,9.380821783948145,9.380821783948145,0.75,1,,,0.55,sihdr_reference_heuristic,1,0,1
SIHDR_132,SIHDR_132_e03.jpg,1818,4000000.000000,32,1024,SDR,121,3,100,14.0,4000000.0,15.287712379549449,9.380821783948145,9.380821783948145,9.380821783948145,0.75,1,,,0.55,sihdr_reference_heuristic,1,0,1
SIHDR_132,SIHDR_132_e04.jpg,1819,2000000.000000,32,1024,SDR,121,4,100,14.0,2000000.0,14.287712379549449,9.380821783948145,9.380821783948145,9.380821783948145,0.75,1,,,0.55,sihdr_reference_heuristic,1,0,1
SIHDR_132,SIHDR_132_e05.jpg,1820,1000000.000000,32,1024,SDR,121,5,100,14.0,1000000.0,13.287712379549449,9.380821783948145,9.380821783948145,9.380821783948145,0.75,1,,,0.55,sihdr_reference_heuristic,1,0,1
SIHDR_132,SIHDR_132_e06.jpg,1821,500000.000000,32,1024,SDR,121,6,100,14.0,500000.0,12.287712379549449,9.380821783948145,9.380821783948145,9.380821783948145,0.75,1,,,0.55,sihdr_reference_heuristic,1,0,1
SIHDR_132,SIHDR_132_e07.jpg,1822,250000.000000,32,1024,SDR,121,7,100,14.0,250000.0,11.287712379549449,9.380821783948145,9.380821783948145,9.380821783948145,0.75,1,,,0.55,sihdr_reference_heuristic,1,0,1
SIHDR_132,SIHDR_132_e08.jpg,1823,125000.000000,32,1024,SDR,121,8,100,14.0,125000.0,10.287712379549449,9.380821783948145,9.380821783948145,9.380821783948145,0.75,1,,,0.55,sihdr_reference_heuristic,1,0,1
SIHDR_132,SIHDR_132_e09.jpg,1824,66666.666667,32,1024,SDR,121,9,100,14.0,66666.666667,9.380821783948145,9.380821783948145,9.380821783948145,9.380821783948145,0.75,1,,,0.55,sihdr_reference_heuristic,1,0,1
SIHDR_132,SIHDR_132_e10.jpg,1825,33333.333333,32,1024,SDR,121,10,100,14.0,33333.333333,8.380821783926503,9.380821783948145,9.380821783948145,9.380821783948145,0.75,1,,,0.55,sihdr_reference_heuristic,1,0,1
SIHDR_132,SIHDR_132_e11.jpg,1826,16666.666667,32,1024,SDR,121,11,100,14.0,16666.666667,7.380821783969785,9.380821783948145,9.380821783948145,9.380821783948145,0.75,1,,,0.55,sihdr_reference_heuristic,1,0,1
SIHDR_132,SIHDR_132_e12.jpg,1827,8000.000000,32,1024,SDR,121,12,100,14.0,8000.0,6.321928094887363,9.380821783948145,9.380821783948145,9.380821783948145,0.75,1,,,0.55,sihdr_reference_heuristic,1,0,1
SIHDR_132,SIHDR_132_e13.jpg,1828,4000.000000,32,1024,SDR,121,13,100,14.0,4000.0,5.321928094887363,9.380821783948145,9.380821783948145,9.380821783948145,0.75,1,,,0.55,sihdr_reference_heuristic,1,0,1
SIHDR_132,SIHDR_132_e14.jpg,1829,2000.000000,32,1024,SDR,121,14,100,14.0,2000.0,4.321928094887363,9.380821783948145,9.380821783948145,9.380821783948145,0.75,1,,,0.55,sihdr_reference_heuristic,1,0,1
SIHDR_133,SIHDR_133_e00.jpg,1830,15000000.000000,32,1024,SDR,122,0,100,14.0,15000000.0,17.194602975157967,9.380821783948145,8.380821783926503,9.380821783948145,0.5,,,,0.55,sihdr_reference_heuristic,0,0,1
SIHDR_133,SIHDR_133_e01.jpg,1831,8000000.000000,32,1024,SDR,122,1,100,14.0,8000000.0,16.28771237954945,9.380821783948145,8.380821783926503,9.380821783948145,0.5,,,,0.55,sihdr_reference_heuristic,0,0,1
SIHDR_133,SIHDR_133_e02.jpg,1832,6000000.000000,32,1024,SDR,122,2,100,14.0,6000000.0,15.872674880270605,9.380821783948145,8.380821783926503,9.380821783948145,0.5,,,,0.55,sihdr_reference_heuristic,0,0,1
SIHDR_133,SIHDR_133_e03.jpg,1833,4000000.000000,32,1024,SDR,122,3,100,14.0,4000000.0,15.287712379549449,9.380821783948145,8.380821783926503,9.380821783948145,0.5,,,,0.55,sihdr_reference_heuristic,0,0,1
SIHDR_133,SIHDR_133_e04.jpg,1834,2000000.000000,32,1024,SDR,122,4,100,14.0,2000000.0,14.287712379549449,9.380821783948145,8.380821783926503,9.380821783948145,0.5,,,,0.55,sihdr_reference_heuristic,0,0,1
SIHDR_133,SIHDR_133_e05.jpg,1835,1000000.000000,32,1024,SDR,122,5,100,14.0,1000000.0,13.287712379549449,9.380821783948145,8.380821783926503,9.380821783948145,0.5,,,,0.55,sihdr_reference_heuristic,0,0,1
SIHDR_133,SIHDR_133_e06.jpg,1836,500000.000000,32,1024,SDR,122,6,100,14.0,500000.0,12.287712379549449,9.380821783948145,8.380821783926503,9.380821783948145,0.5,,,,0.55,sihdr_reference_heuristic,0,0,1
SIHDR_133,SIHDR_133_e07.jpg,1837,250000.000000,32,1024,SDR,122,7,100,14.0,250000.0,11.287712379549449,9.380821783948145,8.380821783926503,9.380821783948145,0.5,,,,0.55,sihdr_reference_heuristic,0,0,1
SIHDR_133,SIHDR_133_e08.jpg,1838,125000.000000,32,1024,SDR,122,8,100,14.0,125000.0,10.287712379549449,9.380821783948145,8.380821783926503,9.380821783948145,0.5,,,,0.55,sihdr_reference_heuristic,0,0,1
SIHDR_133,SIHDR_133_e09.jpg,1839,66666.666667,32,1024,SDR,122,9,100,14.0,66666.666667,9.380821783948145,9.380821783948145,8.380821783926503,9.380821783948145,0.5,,,,0.55,sihdr_reference_heuristic,0,0,1
SIHDR_133,SIHDR_133_e10.jpg,1840,33333.333333,32,1024,SDR,122,10,100,14.0,33333.333333,8.380821783926503,9.380821783948145,8.380821783926503,9.380821783948145,0.5,,,,0.55,sihdr_reference_heuristic,0,0,1
SIHDR_133,SIHDR_133_e11.jpg,1841,16666.666667,32,1024,SDR,122,11,100,14.0,16666.666667,7.380821783969785,9.380821783948145,8.380821783926503,9.380821783948145,0.5,,,,0.55,sihdr_reference_heuristic,0,0,1
SIHDR_133,SIHDR_133_e12.jpg,1842,8000.000000,32,1024,SDR,122,12,100,14.0,8000.0,6.321928094887363,9.380821783948145,8.380821783926503,9.380821783948145,0.5,,,,0.55,sihdr_reference_heuristic,0,0,1
SIHDR_133,SIHDR_133_e13.jpg,1843,4000.000000,32,1024,SDR,122,13,100,14.0,4000.0,5.321928094887363,9.380821783948145,8.380821783926503,9.380821783948145,0.5,,,,0.55,sihdr_reference_heuristic,0,0,1
SIHDR_133,SIHDR_133_e14.jpg,1844,2000.000000,32,1024,SDR,122,14,100,14.0,2000.0,4.321928094887363,9.380821783948145,8.380821783926503,9.380821783948145,0.5,,,,0.55,sihdr_reference_heuristic,0,0,1
SIHDR_134,SIHDR_134_e00.jpg,1845,15000000.000000,32,1024,SDR,123,0,100,14.0,15000000.0,17.194602975157967,9.380821783948145,8.380821783926503,9.380821783948145,0.75,1,,,0.55,sihdr_reference_heuristic,1,0,1
SIHDR_134,SIHDR_134_e01.jpg,1846,8000000.000000,32,1024,SDR,123,1,100,14.0,8000000.0,16.28771237954945,9.380821783948145,8.380821783926503,9.380821783948145,0.75,1,,,0.55,sihdr_reference_heuristic,1,0,1
SIHDR_134,SIHDR_134_e02.jpg,1847,6000000.000000,32,1024,SDR,123,2,100,14.0,6000000.0,15.872674880270605,9.380821783948145,8.380821783926503,9.380821783948145,0.75,1,,,0.55,sihdr_reference_heuristic,1,0,1
SIHDR_134,SIHDR_134_e03.jpg,1848,4000000.000000,32,1024,SDR,123,3,100,14.0,4000000.0,15.287712379549449,9.380821783948145,8.380821783926503,9.380821783948145,0.75,1,,,0.55,sihdr_reference_heuristic,1,0,1
SIHDR_134,SIHDR_134_e04.jpg,1849,2000000.000000,32,1024,SDR,123,4,100,14.0,2000000.0,14.287712379549449,9.380821783948145,8.380821783926503,9.380821783948145,0.75,1,,,0.55,sihdr_reference_heuristic,1,0,1
SIHDR_134,SIHDR_134_e05.jpg,1850,1000000.000000,32,1024,SDR,123,5,100,14.0,1000000.0,13.287712379549449,9.380821783948145,8.380821783926503,9.380821783948145,0.75,1,,,0.55,sihdr_reference_heuristic,1,0,1
SIHDR_134,SIHDR_134_e06.jpg,1851,500000.000000,32,1024,SDR,123,6,100,14.0,500000.0,12.287712379549449,9.380821783948145,8.380821783926503,9.380821783948145,0.75,1,,,0.55,sihdr_reference_heuristic,1,0,1
SIHDR_134,SIHDR_134_e07.jpg,1852,250000.000000,32,1024,SDR,123,7,100,14.0,250000.0,11.287712379549449,9.380821783948145,8.380821783926503,9.380821783948145,0.75,1,,,0.55,sihdr_reference_heuristic,1,0,1
SIHDR_134,SIHDR_134_e08.jpg,1853,125000.000000,32,1024,SDR,123,8,100,14.0,125000.0,10.287712379549449,9.380821783948145,8.380821783926503,9.380821783948145,0.75,1,,,0.55,sihdr_reference_heuristic,1,0,1
SIHDR_134,SIHDR_134_e09.jpg,1854,66666.666667,32,1024,SDR,123,9,100,14.0,66666.666667,9.380821783948145,9.380821783948145,8.380821783926503,9.380821783948145,0.75,1,,,0.55,sihdr_reference_heuristic,1,0,1
SIHDR_134,SIHDR_134_e10.jpg,1855,33333.333333,32,1024,SDR,123,10,100,14.0,33333.333333,8.380821783926503,9.380821783948145,8.380821783926503,9.380821783948145,0.75,1,,,0.55,sihdr_reference_heuristic,1,0,1
SIHDR_134,SIHDR_134_e11.jpg,1856,16666.666667,32,1024,SDR,123,11,100,14.0,16666.666667,7.380821783969785,9.380821783948145,8.380821783926503,9.380821783948145,0.75,1,,,0.55,sihdr_reference_heuristic,1,0,1
SIHDR_134,SIHDR_134_e12.jpg,1857,8000.000000,32,1024,SDR,123,12,100,14.0,8000.0,6.321928094887363,9.380821783948145,8.380821783926503,9.380821783948145,0.75,1,,,0.55,sihdr_reference_heuristic,1,0,1
SIHDR_134,SIHDR_134_e13.jpg,1858,4000.000000,32,1024,SDR,123,13,100,14.0,4000.0,5.321928094887363,9.380821783948145,8.380821783926503,9.380821783948145,0.75,1,,,0.55,sihdr_reference_heuristic,1,0,1
SIHDR_134,SIHDR_134_e14.jpg,1859,2000.000000,32,1024,SDR,123,14,100,14.0,2000.0,4.321928094887363,9.380821783948145,8.380821783926503,9.380821783948145,0.75,1,,,0.55,sihdr_reference_heuristic,1,0,1
SIHDR_135,SIHDR_135_e00.jpg,1860,15000000.000000,32,1024,SDR,124,0,100,14.0,15000000.0,17.194602975157967,7.380821783969785,7.380821783969785,7.380821783969785,0.75,1,,,0.55,sihdr_reference_heuristic,1,0,1
SIHDR_135,SIHDR_135_e01.jpg,1861,8000000.000000,32,1024,SDR,124,1,100,14.0,8000000.0,16.28771237954945,7.380821783969785,7.380821783969785,7.380821783969785,0.75,1,,,0.55,sihdr_reference_heuristic,1,0,1
SIHDR_135,SIHDR_135_e02.jpg,1862,6000000.000000,32,1024,SDR,124,2,100,14.0,6000000.0,15.872674880270605,7.380821783969785,7.380821783969785,7.380821783969785,0.75,1,,,0.55,sihdr_reference_heuristic,1,0,1
SIHDR_135,SIHDR_135_e03.jpg,1863,4000000.000000,32,1024,SDR,124,3,100,14.0,4000000.0,15.287712379549449,7.380821783969785,7.380821783969785,7.380821783969785,0.75,1,,,0.55,sihdr_reference_heuristic,1,0,1
SIHDR_135,SIHDR_135_e04.jpg,1864,2000000.000000,32,1024,SDR,124,4,100,14.0,2000000.0,14.287712379549449,7.380821783969785,7.380821783969785,7.380821783969785,0.75,1,,,0.55,sihdr_reference_heuristic,1,0,1
SIHDR_135,SIHDR_135_e05.jpg,1865,1000000.000000,32,1024,SDR,124,5,100,14.0,1000000.0,13.287712379549449,7.380821783969785,7.380821783969785,7.380821783969785,0.75,1,,,0.55,sihdr_reference_heuristic,1,0,1
SIHDR_135,SIHDR_135_e06.jpg,1866,500000.000000,32,1024,SDR,124,6,100,14.0,500000.0,12.287712379549449,7.380821783969785,7.380821783969785,7.380821783969785,0.75,1,,,0.55,sihdr_reference_heuristic,1,0,1
SIHDR_135,SIHDR_135_e07.jpg,1867,250000.000000,32,1024,SDR,124,7,100,14.0,250000.0,11.287712379549449,7.380821783969785,7.380821783969785,7.380821783969785,0.75,1,,,0.55,sihdr_reference_heuristic,1,0,1
SIHDR_135,SIHDR_135_e08.jpg,1868,125000.000000,32,1024,SDR,124,8,100,14.0,125000.0,10.287712379549449,7.380821783969785,7.380821783969785,7.380821783969785,0.75,1,,,0.55,sihdr_reference_heuristic,1,0,1
SIHDR_135,SIHDR_135_e09.jpg,1869,66666.666667,32,1024,SDR,124,9,100,14.0,66666.666667,9.380821783948145,7.380821783969785,7.380821783969785,7.380821783969785,0.75,1,,,0.55,sihdr_reference_heuristic,1,0,1
SIHDR_135,SIHDR_135_e10.jpg,1870,33333.333333,32,1024,SDR,124,10,100,14.0,33333.333333,8.380821783926503,7.380821783969785,7.380821783969785,7.380821783969785,0.75,1,,,0.55,sihdr_reference_heuristic,1,0,1
SIHDR_135,SIHDR_135_e11.jpg,1871,16666.666667,32,1024,SDR,124,11,100,14.0,16666.666667,7.380821783969785,7.380821783969785,7.380821783969785,7.380821783969785,0.75,1,,,0.55,sihdr_reference_heuristic,1,0,1
SIHDR_135,SIHDR_135_e12.jpg,1872,8000.000000,32,1024,SDR,124,12,100,14.0,8000.0,6.321928094887363,7.380821783969785,7.380821783969785,7.380821783969785,0.75,1,,,0.55,sihdr_reference_heuristic,1,0,1
SIHDR_135,SIHDR_135_e13.jpg,1873,4000.000000,32,1024,SDR,124,13,100,14.0,4000.0,5.321928094887363,7.380821783969785,7.380821783969785,7.380821783969785,0.75,1,,,0.55,sihdr_reference_heuristic,1,0,1
SIHDR_135,SIHDR_135_e14.jpg,1874,2000.000000,32,1024,SDR,124,14,100,14.0,2000.0,4.321928094887363,7.380821783969785,7.380821783969785,7.380821783969785,0.75,1,,,0.55,sihdr_reference_heuristic,1,0,1
SIHDR_136,SIHDR_136_e00.jpg,1875,15000000.000000,32,1024,SDR,125,0,100,14.0,15000000.0,17.194602975157967,9.380821783948145,8.380821783926503,9.380821783948145,0.75,1,,,0.55,sihdr_reference_heuristic,1,0,1
SIHDR_136,SIHDR_136_e01.jpg,1876,8000000.000000,32,1024,SDR,125,1,100,14.0,8000000.0,16.28771237954945,9.380821783948145,8.380821783926503,9.380821783948145,0.75,1,,,0.55,sihdr_reference_heuristic,1,0,1
SIHDR_136,SIHDR_136_e02.jpg,1877,6000000.000000,32,1024,SDR,125,2,100,14.0,6000000.0,15.872674880270605,9.380821783948145,8.380821783926503,9.380821783948145,0.75,1,,,0.55,sihdr_reference_heuristic,1,0,1
SIHDR_136,SIHDR_136_e03.jpg,1878,4000000.000000,32,1024,SDR,125,3,100,14.0,4000000.0,15.287712379549449,9.380821783948145,8.380821783926503,9.380821783948145,0.75,1,,,0.55,sihdr_reference_heuristic,1,0,1
SIHDR_136,SIHDR_136_e04.jpg,1879,2000000.000000,32,1024,SDR,125,4,100,14.0,2000000.0,14.287712379549449,9.380821783948145,8.380821783926503,9.380821783948145,0.75,1,,,0.55,sihdr_reference_heuristic,1,0,1
SIHDR_136,SIHDR_136_e05.jpg,1880,1000000.000000,32,1024,SDR,125,5,100,14.0,1000000.0,13.287712379549449,9.380821783948145,8.380821783926503,9.380821783948145,0.75,1,,,0.55,sihdr_reference_heuristic,1,0,1
SIHDR_136,SIHDR_136_e06.jpg,1881,500000.000000,32,1024,SDR,125,6,100,14.0,500000.0,12.287712379549449,9.380821783948145,8.380821783926503,9.380821783948145,0.75,1,,,0.55,sihdr_reference_heuristic,1,0,1
SIHDR_136,SIHDR_136_e07.jpg,1882,250000.000000,32,1024,SDR,125,7,100,14.0,250000.0,11.287712379549449,9.380821783948145,8.380821783926503,9.380821783948145,0.75,1,,,0.55,sihdr_reference_heuristic,1,0,1
SIHDR_136,SIHDR_136_e08.jpg,1883,125000.000000,32,1024,SDR,125,8,100,14.0,125000.0,10.287712379549449,9.380821783948145,8.380821783926503,9.380821783948145,0.75,1,,,0.55,sihdr_reference_heuristic,1,0,1
SIHDR_136,SIHDR_136_e09.jpg,1884,66666.666667,32,1024,SDR,125,9,100,14.0,66666.666667,9.380821783948145,9.380821783948145,8.380821783926503,9.380821783948145,0.75,1,,,0.55,sihdr_reference_heuristic,1,0,1
SIHDR_136,SIHDR_136_e10.jpg,1885,33333.333333,32,1024,SDR,125,10,100,14.0,33333.333333,8.380821783926503,9.380821783948145,8.380821783926503,9.380821783948145,0.75,1,,,0.55,sihdr_reference_heuristic,1,0,1
SIHDR_136,SIHDR_136_e11.jpg,1886,16666.666667,32,1024,SDR,125,11,100,14.0,16666.666667,7.380821783969785,9.380821783948145,8.380821783926503,9.380821783948145,0.75,1,,,0.55,sihdr_reference_heuristic,1,0,1
SIHDR_136,SIHDR_136_e12.jpg,1887,8000.000000,32,1024,SDR,125,12,100,14.0,8000.0,6.321928094887363,9.380821783948145,8.380821783926503,9.380821783948145,0.75,1,,,0.55,sihdr_reference_heuristic,1,0,1
SIHDR_136,SIHDR_136_e13.jpg,1888,4000.000000,32,1024,SDR,125,13,100,14.0,4000.0,5.321928094887363,9.380821783948145,8.380821783926503,9.380821783948145,0.75,1,,,0.55,sihdr_reference_heuristic,1,0,1
SIHDR_136,SIHDR_136_e14.jpg,1889,2000.000000,32,1024,SDR,125,14,100,14.0,2000.0,4.321928094887363,9.380821783948145,8.380821783926503,9.380821783948145,0.75,1,,,0.55,sihdr_reference_heuristic,1,0,1
SIHDR_137,SIHDR_137_e00.jpg,1890,15000000.000000,32,1024,SDR,126,0,100,14.0,15000000.0,17.194602975157967,10.287712379549449,9.380821783948145,10.287712379549449,0.75,1,,,0.55,sihdr_reference_heuristic,1,0,1
SIHDR_137,SIHDR_137_e01.jpg,1891,8000000.000000,32,1024,SDR,126,1,100,14.0,8000000.0,16.28771237954945,10.287712379549449,9.380821783948145,10.287712379549449,0.75,1,,,0.55,sihdr_reference_heuristic,1,0,1
SIHDR_137,SIHDR_137_e02.jpg,1892,6000000.000000,32,1024,SDR,126,2,100,14.0,6000000.0,15.872674880270605,10.287712379549449,9.380821783948145,10.287712379549449,0.75,1,,,0.55,sihdr_reference_heuristic,1,0,1
SIHDR_137,SIHDR_137_e03.jpg,1893,4000000.000000,32,1024,SDR,126,3,100,14.0,4000000.0,15.287712379549449,10.287712379549449,9.380821783948145,10.287712379549449,0.75,1,,,0.55,sihdr_reference_heuristic,1,0,1
SIHDR_137,SIHDR_137_e04.jpg,1894,2000000.000000,32,1024,SDR,126,4,100,14.0,2000000.0,14.287712379549449,10.287712379549449,9.380821783948145,10.287712379549449,0.75,1,,,0.55,sihdr_reference_heuristic,1,0,1
SIHDR_137,SIHDR_137_e05.jpg,1895,1000000.000000,32,1024,SDR,126,5,100,14.0,1000000.0,13.287712379549449,10.287712379549449,9.380821783948145,10.287712379549449,0.75,1,,,0.55,sihdr_reference_heuristic,1,0,1
SIHDR_137,SIHDR_137_e06.jpg,1896,500000.000000,32,1024,SDR,126,6,100,14.0,500000.0,12.287712379549449,10.287712379549449,9.380821783948145,10.287712379549449,0.75,1,,,0.55,sihdr_reference_heuristic,1,0,1
SIHDR_137,SIHDR_137_e07.jpg,1897,250000.000000,32,1024,SDR,126,7,100,14.0,250000.0,11.287712379549449,10.287712379549449,9.380821783948145,10.287712379549449,0.75,1,,,0.55,sihdr_reference_heuristic,1,0,1
SIHDR_137,SIHDR_137_e08.jpg,1898,125000.000000,32,1024,SDR,126,8,100,14.0,125000.0,10.287712379549449,10.287712379549449,9.380821783948145,10.287712379549449,0.75,1,,,0.55,sihdr_reference_heuristic,1,0,1
SIHDR_137,SIHDR_137_e09.jpg,1899,66666.666667,32,1024,SDR,126,9,100,14.0,66666.666667,9.380821783948145,10.287712379549449,9.380821783948145,10.287712379549449,0.75,1,,,0.55,sihdr_reference_heuristic,1,0,1
SIHDR_137,SIHDR_137_e10.jpg,1900,33333.333333,32,1024,SDR,126,10,100,14.0,33333.333333,8.380821783926503,10.287712379549449,9.380821783948145,10.287712379549449,0.75,1,,,0.55,sihdr_reference_heuristic,1,0,1
SIHDR_137,SIHDR_137_e11.jpg,1901,16666.666667,32,1024,SDR,126,11,100,14.0,16666.666667,7.380821783969785,10.287712379549449,9.380821783948145,10.287712379549449,0.75,1,,,0.55,sihdr_reference_heuristic,1,0,1
SIHDR_137,SIHDR_137_e12.jpg,1902,8000.000000,32,1024,SDR,126,12,100,14.0,8000.0,6.321928094887363,10.287712379549449,9.380821783948145,10.287712379549449,0.75,1,,,0.55,sihdr_reference_heuristic,1,0,1
SIHDR_137,SIHDR_137_e13.jpg,1903,4000.000000,32,1024,SDR,126,13,100,14.0,4000.0,5.321928094887363,10.287712379549449,9.380821783948145,10.287712379549449,0.75,1,,,0.55,sihdr_reference_heuristic,1,0,1
SIHDR_137,SIHDR_137_e14.jpg,1904,2000.000000,32,1024,SDR,126,14,100,14.0,2000.0,4.321928094887363,10.287712379549449,9.380821783948145,10.287712379549449,0.75,1,,,0.55,sihdr_reference_heuristic,1,0,1
SIHDR_138,SIHDR_138_e00.jpg,1905,15000000.000000,32,1024,SDR,127,0,100,14.0,15000000.0,17.194602975157967,10.287712379549449,9.380821783948145,10.287712379549449,0.75,1,,,0.55,sihdr_reference_heuristic,1,0,1
SIHDR_138,SIHDR_138_e01.jpg,1906,8000000.000000,32,1024,SDR,127,1,100,14.0,8000000.0,16.28771237954945,10.287712379549449,9.380821783948145,10.287712379549449,0.75,1,,,0.55,sihdr_reference_heuristic,1,0,1
SIHDR_138,SIHDR_138_e02.jpg,1907,6000000.000000,32,1024,SDR,127,2,100,14.0,6000000.0,15.872674880270605,10.287712379549449,9.380821783948145,10.287712379549449,0.75,1,,,0.55,sihdr_reference_heuristic,1,0,1
SIHDR_138,SIHDR_138_e03.jpg,1908,4000000.000000,32,1024,SDR,127,3,100,14.0,4000000.0,15.287712379549449,10.287712379549449,9.380821783948145,10.287712379549449,0.75,1,,,0.55,sihdr_reference_heuristic,1,0,1
SIHDR_138,SIHDR_138_e04.jpg,1909,2000000.000000,32,1024,SDR,127,4,100,14.0,2000000.0,14.287712379549449,10.287712379549449,9.380821783948145,10.287712379549449,0.75,1,,,0.55,sihdr_reference_heuristic,1,0,1
SIHDR_138,SIHDR_138_e05.jpg,1910,1000000.000000,32,1024,SDR,127,5,100,14.0,1000000.0,13.287712379549449,10.287712379549449,9.380821783948145,10.287712379549449,0.75,1,,,0.55,sihdr_reference_heuristic,1,0,1
SIHDR_138,SIHDR_138_e06.jpg,1911,500000.000000,32,1024,SDR,127,6,100,14.0,500000.0,12.287712379549449,10.287712379549449,9.380821783948145,10.287712379549449,0.75,1,,,0.55,sihdr_reference_heuristic,1,0,1
SIHDR_138,SIHDR_138_e07.jpg,1912,250000.000000,32,1024,SDR,127,7,100,14.0,250000.0,11.287712379549449,10.287712379549449,9.380821783948145,10.287712379549449,0.75,1,,,0.55,sihdr_reference_heuristic,1,0,1
SIHDR_138,SIHDR_138_e08.jpg,1913,125000.000000,32,1024,SDR,127,8,100,14.0,125000.0,10.287712379549449,10.287712379549449,9.380821783948145,10.287712379549449,0.75,1,,,0.55,sihdr_reference_heuristic,1,0,1
SIHDR_138,SIHDR_138_e09.jpg,1914,66666.666667,32,1024,SDR,127,9,100,14.0,66666.666667,9.380821783948145,10.287712379549449,9.380821783948145,10.287712379549449,0.75,1,,,0.55,sihdr_reference_heuristic,1,0,1
SIHDR_138,SIHDR_138_e10.jpg,1915,33333.333333,32,1024,SDR,127,10,100,14.0,33333.333333,8.380821783926503,10.287712379549449,9.380821783948145,10.287712379549449,0.75,1,,,0.55,sihdr_reference_heuristic,1,0,1
SIHDR_138,SIHDR_138_e11.jpg,1916,16666.666667,32,1024,SDR,127,11,100,14.0,16666.666667,7.380821783969785,10.287712379549449,9.380821783948145,10.287712379549449,0.75,1,,,0.55,sihdr_reference_heuristic,1,0,1
SIHDR_138,SIHDR_138_e12.jpg,1917,8000.000000,32,1024,SDR,127,12,100,14.0,8000.0,6.321928094887363,10.287712379549449,9.380821783948145,10.287712379549449,0.75,1,,,0.55,sihdr_reference_heuristic,1,0,1
SIHDR_138,SIHDR_138_e13.jpg,1918,4000.000000,32,1024,SDR,127,13,100,14.0,4000.0,5.321928094887363,10.287712379549449,9.380821783948145,10.287712379549449,0.75,1,,,0.55,sihdr_reference_heuristic,1,0,1
SIHDR_138,SIHDR_138_e14.jpg,1919,2000.000000,32,1024,SDR,127,14,100,14.0,2000.0,4.321928094887363,10.287712379549449,9.380821783948145,10.287712379549449,0.75,1,,,0.55,sihdr_reference_heuristic,1,0,1
SIHDR_139,SIHDR_139_e00.jpg,1920,15000000.000000,32,1024,SDR,128,0,100,14.0,15000000.0,17.194602975157967,10.287712379549449,10.287712379549449,11.287712379549449,0.5,,,,0.55,sihdr_reference_heuristic,0,0,1
SIHDR_139,SIHDR_139_e01.jpg,1921,8000000.000000,32,1024,SDR,128,1,100,14.0,8000000.0,16.28771237954945,10.287712379549449,10.287712379549449,11.287712379549449,0.5,,,,0.55,sihdr_reference_heuristic,0,0,1
SIHDR_139,SIHDR_139_e02.jpg,1922,6000000.000000,32,1024,SDR,128,2,100,14.0,6000000.0,15.872674880270605,10.287712379549449,10.287712379549449,11.287712379549449,0.5,,,,0.55,sihdr_reference_heuristic,0,0,1
SIHDR_139,SIHDR_139_e03.jpg,1923,4000000.000000,32,1024,SDR,128,3,100,14.0,4000000.0,15.287712379549449,10.287712379549449,10.287712379549449,11.287712379549449,0.5,,,,0.55,sihdr_reference_heuristic,0,0,1
SIHDR_139,SIHDR_139_e04.jpg,1924,2000000.000000,32,1024,SDR,128,4,100,14.0,2000000.0,14.287712379549449,10.287712379549449,10.287712379549449,11.287712379549449,0.5,,,,0.55,sihdr_reference_heuristic,0,0,1
SIHDR_139,SIHDR_139_e05.jpg,1925,1000000.000000,32,1024,SDR,128,5,100,14.0,1000000.0,13.287712379549449,10.287712379549449,10.287712379549449,11.287712379549449,0.5,,,,0.55,sihdr_reference_heuristic,0,0,1
SIHDR_139,SIHDR_139_e06.jpg,1926,500000.000000,32,1024,SDR,128,6,100,14.0,500000.0,12.287712379549449,10.287712379549449,10.287712379549449,11.287712379549449,0.5,,,,0.55,sihdr_reference_heuristic,0,0,1
SIHDR_139,SIHDR_139_e07.jpg,1927,250000.000000,32,1024,SDR,128,7,100,14.0,250000.0,11.287712379549449,10.287712379549449,10.287712379549449,11.287712379549449,0.5,,,,0.55,sihdr_reference_heuristic,0,0,1
SIHDR_139,SIHDR_139_e08.jpg,1928,125000.000000,32,1024,SDR,128,8,100,14.0,125000.0,10.287712379549449,10.287712379549449,10.287712379549449,11.287712379549449,0.5,,,,0.55,sihdr_reference_heuristic,0,0,1
SIHDR_139,SIHDR_139_e09.jpg,1929,66666.666667,32,1024,SDR,128,9,100,14.0,66666.666667,9.380821783948145,10.287712379549449,10.287712379549449,11.287712379549449,0.5,,,,0.55,sihdr_reference_heuristic,0,0,1
SIHDR_139,SIHDR_139_e10.jpg,1930,33333.333333,32,1024,SDR,128,10,100,14.0,33333.333333,8.380821783926503,10.287712379549449,10.287712379549449,11.287712379549449,0.5,,,,0.55,sihdr_reference_heuristic,0,0,1
SIHDR_139,SIHDR_139_e11.jpg,1931,16666.666667,32,1024,SDR,128,11,100,14.0,16666.666667,7.380821783969785,10.287712379549449,10.287712379549449,11.287712379549449,0.5,,,,0.55,sihdr_reference_heuristic,0,0,1
SIHDR_139,SIHDR_139_e12.jpg,1932,8000.000000,32,1024,SDR,128,12,100,14.0,8000.0,6.321928094887363,10.287712379549449,10.287712379549449,11.287712379549449,0.5,,,,0.55,sihdr_reference_heuristic,0,0,1
SIHDR_139,SIHDR_139_e13.jpg,1933,4000.000000,32,1024,SDR,128,13,100,14.0,4000.0,5.321928094887363,10.287712379549449,10.287712379549449,11.287712379549449,0.5,,,,0.55,sihdr_reference_heuristic,0,0,1
SIHDR_139,SIHDR_139_e14.jpg,1934,2000.000000,32,1024,SDR,128,14,100,14.0,2000.0,4.321928094887363,10.287712379549449,10.287712379549449,11.287712379549449,0.5,,,,0.55,sihdr_reference_heuristic,0,0,1
SIHDR_140,SIHDR_140_e00.jpg,1935,15000000.000000,32,1024,SDR,129,0,100,14.0,15000000.0,17.194602975157967,9.380821783948145,9.380821783948145,10.287712379549449,0.5,,,,0.55,sihdr_reference_heuristic,0,0,1
SIHDR_140,SIHDR_140_e01.jpg,1936,8000000.000000,32,1024,SDR,129,1,100,14.0,8000000.0,16.28771237954945,9.380821783948145,9.380821783948145,10.287712379549449,0.5,,,,0.55,sihdr_reference_heuristic,0,0,1
SIHDR_140,SIHDR_140_e02.jpg,1937,6000000.000000,32,1024,SDR,129,2,100,14.0,6000000.0,15.872674880270605,9.380821783948145,9.380821783948145,10.287712379549449,0.5,,,,0.55,sihdr_reference_heuristic,0,0,1
SIHDR_140,SIHDR_140_e03.jpg,1938,4000000.000000,32,1024,SDR,129,3,100,14.0,4000000.0,15.287712379549449,9.380821783948145,9.380821783948145,10.287712379549449,0.5,,,,0.55,sihdr_reference_heuristic,0,0,1
SIHDR_140,SIHDR_140_e04.jpg,1939,2000000.000000,32,1024,SDR,129,4,100,14.0,2000000.0,14.287712379549449,9.380821783948145,9.380821783948145,10.287712379549449,0.5,,,,0.55,sihdr_reference_heuristic,0,0,1
SIHDR_140,SIHDR_140_e05.jpg,1940,1000000.000000,32,1024,SDR,129,5,100,14.0,1000000.0,13.287712379549449,9.380821783948145,9.380821783948145,10.287712379549449,0.5,,,,0.55,sihdr_reference_heuristic,0,0,1
SIHDR_140,SIHDR_140_e06.jpg,1941,500000.000000,32,1024,SDR,129,6,100,14.0,500000.0,12.287712379549449,9.380821783948145,9.380821783948145,10.287712379549449,0.5,,,,0.55,sihdr_reference_heuristic,0,0,1
SIHDR_140,SIHDR_140_e07.jpg,1942,250000.000000,32,1024,SDR,129,7,100,14.0,250000.0,11.287712379549449,9.380821783948145,9.380821783948145,10.287712379549449,0.5,,,,0.55,sihdr_reference_heuristic,0,0,1
SIHDR_140,SIHDR_140_e08.jpg,1943,125000.000000,32,1024,SDR,129,8,100,14.0,125000.0,10.287712379549449,9.380821783948145,9.380821783948145,10.287712379549449,0.5,,,,0.55,sihdr_reference_heuristic,0,0,1
SIHDR_140,SIHDR_140_e09.jpg,1944,66666.666667,32,1024,SDR,129,9,100,14.0,66666.666667,9.380821783948145,9.380821783948145,9.380821783948145,10.287712379549449,0.5,,,,0.55,sihdr_reference_heuristic,0,0,1
SIHDR_140,SIHDR_140_e10.jpg,1945,33333.333333,32,1024,SDR,129,10,100,14.0,33333.333333,8.380821783926503,9.380821783948145,9.380821783948145,10.287712379549449,0.5,,,,0.55,sihdr_reference_heuristic,0,0,1
SIHDR_140,SIHDR_140_e11.jpg,1946,16666.666667,32,1024,SDR,129,11,100,14.0,16666.666667,7.380821783969785,9.380821783948145,9.380821783948145,10.287712379549449,0.5,,,,0.55,sihdr_reference_heuristic,0,0,1
SIHDR_140,SIHDR_140_e12.jpg,1947,8000.000000,32,1024,SDR,129,12,100,14.0,8000.0,6.321928094887363,9.380821783948145,9.380821783948145,10.287712379549449,0.5,,,,0.55,sihdr_reference_heuristic,0,0,1
SIHDR_140,SIHDR_140_e13.jpg,1948,4000.000000,32,1024,SDR,129,13,100,14.0,4000.0,5.321928094887363,9.380821783948145,9.380821783948145,10.287712379549449,0.5,,,,0.55,sihdr_reference_heuristic,0,0,1
SIHDR_140,SIHDR_140_e14.jpg,1949,2000.000000,32,1024,SDR,129,14,100,14.0,2000.0,4.321928094887363,9.380821783948145,9.380821783948145,10.287712379549449,0.5,,,,0.55,sihdr_reference_heuristic,0,0,1
SIHDR_141,SIHDR_141_e00.jpg,1950,15000000.000000,32,1024,SDR,130,0,100,14.0,15000000.0,17.194602975157967,11.287712379549449,10.287712379549449,11.287712379549449,0.75,1,,,0.55,sihdr_reference_heuristic,1,0,1
SIHDR_141,SIHDR_141_e01.jpg,1951,8000000.000000,32,1024,SDR,130,1,100,14.0,8000000.0,16.28771237954945,11.287712379549449,10.287712379549449,11.287712379549449,0.75,1,,,0.55,sihdr_reference_heuristic,1,0,1
SIHDR_141,SIHDR_141_e02.jpg,1952,6000000.000000,32,1024,SDR,130,2,100,14.0,6000000.0,15.872674880270605,11.287712379549449,10.287712379549449,11.287712379549449,0.75,1,,,0.55,sihdr_reference_heuristic,1,0,1
SIHDR_141,SIHDR_141_e03.jpg,1953,4000000.000000,32,1024,SDR,130,3,100,14.0,4000000.0,15.287712379549449,11.287712379549449,10.287712379549449,11.287712379549449,0.75,1,,,0.55,sihdr_reference_heuristic,1,0,1
SIHDR_141,SIHDR_141_e04.jpg,1954,2000000.000000,32,1024,SDR,130,4,100,14.0,2000000.0,14.287712379549449,11.287712379549449,10.287712379549449,11.287712379549449,0.75,1,,,0.55,sihdr_reference_heuristic,1,0,1
SIHDR_141,SIHDR_141_e05.jpg,1955,1000000.000000,32,1024,SDR,130,5,100,14.0,1000000.0,13.287712379549449,11.287712379549449,10.287712379549449,11.287712379549449,0.75,1,,,0.55,sihdr_reference_heuristic,1,0,1
SIHDR_141,SIHDR_141_e06.jpg,1956,500000.000000,32,1024,SDR,130,6,100,14.0,500000.0,12.287712379549449,11.287712379549449,10.287712379549449,11.287712379549449,0.75,1,,,0.55,sihdr_reference_heuristic,1,0,1
SIHDR_141,SIHDR_141_e07.jpg,1957,250000.000000,32,1024,SDR,130,7,100,14.0,250000.0,11.287712379549449,11.287712379549449,10.287712379549449,11.287712379549449,0.75,1,,,0.55,sihdr_reference_heuristic,1,0,1
SIHDR_141,SIHDR_141_e08.jpg,1958,125000.000000,32,1024,SDR,130,8,100,14.0,125000.0,10.287712379549449,11.287712379549449,10.287712379549449,11.287712379549449,0.75,1,,,0.55,sihdr_reference_heuristic,1,0,1
SIHDR_141,SIHDR_141_e09.jpg,1959,66666.666667,32,1024,SDR,130,9,100,14.0,66666.666667,9.380821783948145,11.287712379549449,10.287712379549449,11.287712379549449,0.75,1,,,0.55,sihdr_reference_heuristic,1,0,1
SIHDR_141,SIHDR_141_e10.jpg,1960,33333.333333,32,1024,SDR,130,10,100,14.0,33333.333333,8.380821783926503,11.287712379549449,10.287712379549449,11.287712379549449,0.75,1,,,0.55,sihdr_reference_heuristic,1,0,1
SIHDR_141,SIHDR_141_e11.jpg,1961,16666.666667,32,1024,SDR,130,11,100,14.0,16666.666667,7.380821783969785,11.287712379549449,10.287712379549449,11.287712379549449,0.75,1,,,0.55,sihdr_reference_heuristic,1,0,1
SIHDR_141,SIHDR_141_e12.jpg,1962,8000.000000,32,1024,SDR,130,12,100,14.0,8000.0,6.321928094887363,11.287712379549449,10.287712379549449,11.287712379549449,0.75,1,,,0.55,sihdr_reference_heuristic,1,0,1
SIHDR_141,SIHDR_141_e13.jpg,1963,4000.000000,32,1024,SDR,130,13,100,14.0,4000.0,5.321928094887363,11.287712379549449,10.287712379549449,11.287712379549449,0.75,1,,,0.55,sihdr_reference_heuristic,1,0,1
SIHDR_141,SIHDR_141_e14.jpg,1964,2000.000000,32,1024,SDR,130,14,100,14.0,2000.0,4.321928094887363,11.287712379549449,10.287712379549449,11.287712379549449,0.75,1,,,0.55,sihdr_reference_heuristic,1,0,1
SIHDR_142,SIHDR_142_e00.jpg,1965,15000000.000000,32,1024,SDR,131,0,100,14.0,15000000.0,17.194602975157967,10.287712379549449,9.380821783948145,10.287712379549449,0.75,1,,,0.55,sihdr_reference_heuristic,1,0,1
SIHDR_142,SIHDR_142_e01.jpg,1966,8000000.000000,32,1024,SDR,131,1,100,14.0,8000000.0,16.28771237954945,10.287712379549449,9.380821783948145,10.287712379549449,0.75,1,,,0.55,sihdr_reference_heuristic,1,0,1
SIHDR_142,SIHDR_142_e02.jpg,1967,6000000.000000,32,1024,SDR,131,2,100,14.0,6000000.0,15.872674880270605,10.287712379549449,9.380821783948145,10.287712379549449,0.75,1,,,0.55,sihdr_reference_heuristic,1,0,1
SIHDR_142,SIHDR_142_e03.jpg,1968,4000000.000000,32,1024,SDR,131,3,100,14.0,4000000.0,15.287712379549449,10.287712379549449,9.380821783948145,10.287712379549449,0.75,1,,,0.55,sihdr_reference_heuristic,1,0,1
SIHDR_142,SIHDR_142_e04.jpg,1969,2000000.000000,32,1024,SDR,131,4,100,14.0,2000000.0,14.287712379549449,10.287712379549449,9.380821783948145,10.287712379549449,0.75,1,,,0.55,sihdr_reference_heuristic,1,0,1
SIHDR_142,SIHDR_142_e05.jpg,1970,1000000.000000,32,1024,SDR,131,5,100,14.0,1000000.0,13.287712379549449,10.287712379549449,9.380821783948145,10.287712379549449,0.75,1,,,0.55,sihdr_reference_heuristic,1,0,1
SIHDR_142,SIHDR_142_e06.jpg,1971,500000.000000,32,1024,SDR,131,6,100,14.0,500000.0,12.287712379549449,10.287712379549449,9.380821783948145,10.287712379549449,0.75,1,,,0.55,sihdr_reference_heuristic,1,0,1
SIHDR_142,SIHDR_142_e07.jpg,1972,250000.000000,32,1024,SDR,131,7,100,14.0,250000.0,11.287712379549449,10.287712379549449,9.380821783948145,10.287712379549449,0.75,1,,,0.55,sihdr_reference_heuristic,1,0,1
SIHDR_142,SIHDR_142_e08.jpg,1973,125000.000000,32,1024,SDR,131,8,100,14.0,125000.0,10.287712379549449,10.287712379549449,9.380821783948145,10.287712379549449,0.75,1,,,0.55,sihdr_reference_heuristic,1,0,1
SIHDR_142,SIHDR_142_e09.jpg,1974,66666.666667,32,1024,SDR,131,9,100,14.0,66666.666667,9.380821783948145,10.287712379549449,9.380821783948145,10.287712379549449,0.75,1,,,0.55,sihdr_reference_heuristic,1,0,1
SIHDR_142,SIHDR_142_e10.jpg,1975,33333.333333,32,1024,SDR,131,10,100,14.0,33333.333333,8.380821783926503,10.287712379549449,9.380821783948145,10.287712379549449,0.75,1,,,0.55,sihdr_reference_heuristic,1,0,1
SIHDR_142,SIHDR_142_e11.jpg,1976,16666.666667,32,1024,SDR,131,11,100,14.0,16666.666667,7.380821783969785,10.287712379549449,9.380821783948145,10.287712379549449,0.75,1,,,0.55,sihdr_reference_heuristic,1,0,1
SIHDR_142,SIHDR_142_e12.jpg,1977,8000.000000,32,1024,SDR,131,12,100,14.0,8000.0,6.321928094887363,10.287712379549449,9.380821783948145,10.287712379549449,0.75,1,,,0.55,sihdr_reference_heuristic,1,0,1
SIHDR_142,SIHDR_142_e13.jpg,1978,4000.000000,32,1024,SDR,131,13,100,14.0,4000.0,5.321928094887363,10.287712379549449,9.380821783948145,10.287712379549449,0.75,1,,,0.55,sihdr_reference_heuristic,1,0,1
SIHDR_142,SIHDR_142_e14.jpg,1979,2000.000000,32,1024,SDR,131,14,100,14.0,2000.0,4.321928094887363,10.287712379549449,9.380821783948145,10.287712379549449,0.75,1,,,0.55,sihdr_reference_heuristic,1,0,1
SIHDR_143,SIHDR_143_e00.jpg,1980,15000000.000000,32,1024,SDR,132,0,100,14.0,15000000.0,17.194602975157967,17.194602975157967,17.194602975157967,17.194602975157967,0.5,,,,0.55,sihdr_reference_heuristic,0,0,0
SIHDR_143,SIHDR_143_e01.jpg,1981,8000000.000000,32,1024,SDR,132,1,100,14.0,8000000.0,16.28771237954945,17.194602975157967,17.194602975157967,17.194602975157967,0.5,,,,0.55,sihdr_reference_heuristic,0,0,0
SIHDR_143,SIHDR_143_e02.jpg,1982,6000000.000000,32,1024,SDR,132,2,100,14.0,6000000.0,15.872674880270605,17.194602975157967,17.194602975157967,17.194602975157967,0.5,,,,0.55,sihdr_reference_heuristic,0,0,0
SIHDR_143,SIHDR_143_e03.jpg,1983,4000000.000000,32,1024,SDR,132,3,100,14.0,4000000.0,15.287712379549449,17.194602975157967,17.194602975157967,17.194602975157967,0.5,,,,0.55,sihdr_reference_heuristic,0,0,0
SIHDR_143,SIHDR_143_e04.jpg,1984,2000000.000000,32,1024,SDR,132,4,100,14.0,2000000.0,14.287712379549449,17.194602975157967,17.194602975157967,17.194602975157967,0.5,,,,0.55,sihdr_reference_heuristic,0,0,0
SIHDR_143,SIHDR_143_e05.jpg,1985,1000000.000000,32,1024,SDR,132,5,100,14.0,1000000.0,13.287712379549449,17.194602975157967,17.194602975157967,17.194602975157967,0.5,,,,0.55,sihdr_reference_heuristic,0,0,0
SIHDR_143,SIHDR_143_e06.jpg,1986,500000.000000,32,1024,SDR,132,6,100,14.0,500000.0,12.287712379549449,17.194602975157967,17.194602975157967,17.194602975157967,0.5,,,,0.55,sihdr_reference_heuristic,0,0,0
SIHDR_143,SIHDR_143_e07.jpg,1987,250000.000000,32,1024,SDR,132,7,100,14.0,250000.0,11.287712379549449,17.194602975157967,17.194602975157967,17.194602975157967,0.5,,,,0.55,sihdr_reference_heuristic,0,0,0
SIHDR_143,SIHDR_143_e08.jpg,1988,125000.000000,32,1024,SDR,132,8,100,14.0,125000.0,10.287712379549449,17.194602975157967,17.194602975157967,17.194602975157967,0.5,,,,0.55,sihdr_reference_heuristic,0,0,0
SIHDR_143,SIHDR_143_e09.jpg,1989,66666.666667,32,1024,SDR,132,9,100,14.0,66666.666667,9.380821783948145,17.194602975157967,17.194602975157967,17.194602975157967,0.5,,,,0.55,sihdr_reference_heuristic,0,0,0
SIHDR_143,SIHDR_143_e10.jpg,1990,33333.333333,32,1024,SDR,132,10,100,14.0,33333.333333,8.380821783926503,17.194602975157967,17.194602975157967,17.194602975157967,0.5,,,,0.55,sihdr_reference_heuristic,0,0,0
SIHDR_143,SIHDR_143_e11.jpg,1991,16666.666667,32,1024,SDR,132,11,100,14.0,16666.666667,7.380821783969785,17.194602975157967,17.194602975157967,17.194602975157967,0.5,,,,0.55,sihdr_reference_heuristic,0,0,0
SIHDR_143,SIHDR_143_e12.jpg,1992,8000.000000,32,1024,SDR,132,12,100,14.0,8000.0,6.321928094887363,17.194602975157967,17.194602975157967,17.194602975157967,0.5,,,,0.55,sihdr_reference_heuristic,0,0,0
SIHDR_143,SIHDR_143_e13.jpg,1993,4000.000000,32,1024,SDR,132,13,100,14.0,4000.0,5.321928094887363,17.194602975157967,17.194602975157967,17.194602975157967,0.5,,,,0.55,sihdr_reference_heuristic,0,0,0
SIHDR_143,SIHDR_143_e14.jpg,1994,2000.000000,32,1024,SDR,132,14,100,14.0,2000.0,4.321928094887363,17.194602975157967,17.194602975157967,17.194602975157967,0.5,,,,0.55,sihdr_reference_heuristic,0,0,0
SIHDR_144,SIHDR_144_e00.jpg,1995,15000000.000000,32,1024,SDR,133,0,100,14.0,15000000.0,17.194602975157967,17.194602975157967,17.194602975157967,17.194602975157967,0.25,0,,,0.55,sihdr_reference_heuristic,1,0,0
SIHDR_144,SIHDR_144_e01.jpg,1996,8000000.000000,32,1024,SDR,133,1,100,14.0,8000000.0,16.28771237954945,17.194602975157967,17.194602975157967,17.194602975157967,0.25,0,,,0.55,sihdr_reference_heuristic,1,0,0
SIHDR_144,SIHDR_144_e02.jpg,1997,6000000.000000,32,1024,SDR,133,2,100,14.0,6000000.0,15.872674880270605,17.194602975157967,17.194602975157967,17.194602975157967,0.25,0,,,0.55,sihdr_reference_heuristic,1,0,0
SIHDR_144,SIHDR_144_e03.jpg,1998,4000000.000000,32,1024,SDR,133,3,100,14.0,4000000.0,15.287712379549449,17.194602975157967,17.194602975157967,17.194602975157967,0.25,0,,,0.55,sihdr_reference_heuristic,1,0,0
SIHDR_144,SIHDR_144_e04.jpg,1999,2000000.000000,32,1024,SDR,133,4,100,14.0,2000000.0,14.287712379549449,17.194602975157967,17.194602975157967,17.194602975157967,0.25,0,,,0.55,sihdr_reference_heuristic,1,0,0
SIHDR_144,SIHDR_144_e05.jpg,2000,1000000.000000,32,1024,SDR,133,5,100,14.0,1000000.0,13.287712379549449,17.194602975157967,17.194602975157967,17.194602975157967,0.25,0,,,0.55,sihdr_reference_heuristic,1,0,0
SIHDR_144,SIHDR_144_e06.jpg,2001,500000.000000,32,1024,SDR,133,6,100,14.0,500000.0,12.287712379549449,17.194602975157967,17.194602975157967,17.194602975157967,0.25,0,,,0.55,sihdr_reference_heuristic,1,0,0
SIHDR_144,SIHDR_144_e07.jpg,2002,250000.000000,32,1024,SDR,133,7,100,14.0,250000.0,11.287712379549449,17.194602975157967,17.194602975157967,17.194602975157967,0.25,0,,,0.55,sihdr_reference_heuristic,1,0,0
SIHDR_144,SIHDR_144_e08.jpg,2003,125000.000000,32,1024,SDR,133,8,100,14.0,125000.0,10.287712379549449,17.194602975157967,17.194602975157967,17.194602975157967,0.25,0,,,0.55,sihdr_reference_heuristic,1,0,0
SIHDR_144,SIHDR_144_e09.jpg,2004,66666.666667,32,1024,SDR,133,9,100,14.0,66666.666667,9.380821783948145,17.194602975157967,17.194602975157967,17.194602975157967,0.25,0,,,0.55,sihdr_reference_heuristic,1,0,0
SIHDR_144,SIHDR_144_e10.jpg,2005,33333.333333,32,1024,SDR,133,10,100,14.0,33333.333333,8.380821783926503,17.194602975157967,17.194602975157967,17.194602975157967,0.25,0,,,0.55,sihdr_reference_heuristic,1,0,0
SIHDR_144,SIHDR_144_e11.jpg,2006,16666.666667,32,1024,SDR,133,11,100,14.0,16666.666667,7.380821783969785,17.194602975157967,17.194602975157967,17.194602975157967,0.25,0,,,0.55,sihdr_reference_heuristic,1,0,0
SIHDR_144,SIHDR_144_e12.jpg,2007,8000.000000,32,1024,SDR,133,12,100,14.0,8000.0,6.321928094887363,17.194602975157967,17.194602975157967,17.194602975157967,0.25,0,,,0.55,sihdr_reference_heuristic,1,0,0
SIHDR_144,SIHDR_144_e13.jpg,2008,4000.000000,32,1024,SDR,133,13,100,14.0,4000.0,5.321928094887363,17.194602975157967,17.194602975157967,17.194602975157967,0.25,0,,,0.55,sihdr_reference_heuristic,1,0,0
SIHDR_144,SIHDR_144_e14.jpg,2009,2000.000000,32,1024,SDR,133,14,100,14.0,2000.0,4.321928094887363,17.194602975157967,17.194602975157967,17.194602975157967,0.25,0,,,0.55,sihdr_reference_heuristic,1,0,0
SIHDR_145,SIHDR_145_e00.jpg,2010,15000000.000000,32,1024,SDR,134,0,100,14.0,15000000.0,17.194602975157967,12.287712379549449,11.287712379549449,12.287712379549449,0.75,1,,,0.55,sihdr_reference_heuristic,1,0,1
SIHDR_145,SIHDR_145_e01.jpg,2011,8000000.000000,32,1024,SDR,134,1,100,14.0,8000000.0,16.28771237954945,12.287712379549449,11.287712379549449,12.287712379549449,0.75,1,,,0.55,sihdr_reference_heuristic,1,0,1
SIHDR_145,SIHDR_145_e02.jpg,2012,6000000.000000,32,1024,SDR,134,2,100,14.0,6000000.0,15.872674880270605,12.287712379549449,11.287712379549449,12.287712379549449,0.75,1,,,0.55,sihdr_reference_heuristic,1,0,1
SIHDR_145,SIHDR_145_e03.jpg,2013,4000000.000000,32,1024,SDR,134,3,100,14.0,4000000.0,15.287712379549449,12.287712379549449,11.287712379549449,12.287712379549449,0.75,1,,,0.55,sihdr_reference_heuristic,1,0,1
SIHDR_145,SIHDR_145_e04.jpg,2014,2000000.000000,32,1024,SDR,134,4,100,14.0,2000000.0,14.287712379549449,12.287712379549449,11.287712379549449,12.287712379549449,0.75,1,,,0.55,sihdr_reference_heuristic,1,0,1
SIHDR_145,SIHDR_145_e05.jpg,2015,1000000.000000,32,1024,SDR,134,5,100,14.0,1000000.0,13.287712379549449,12.287712379549449,11.287712379549449,12.287712379549449,0.75,1,,,0.55,sihdr_reference_heuristic,1,0,1
SIHDR_145,SIHDR_145_e06.jpg,2016,500000.000000,32,1024,SDR,134,6,100,14.0,500000.0,12.287712379549449,12.287712379549449,11.287712379549449,12.287712379549449,0.75,1,,,0.55,sihdr_reference_heuristic,1,0,1
SIHDR_145,SIHDR_145_e07.jpg,2017,250000.000000,32,1024,SDR,134,7,100,14.0,250000.0,11.287712379549449,12.287712379549449,11.287712379549449,12.287712379549449,0.75,1,,,0.55,sihdr_reference_heuristic,1,0,1
SIHDR_145,SIHDR_145_e08.jpg,2018,125000.000000,32,1024,SDR,134,8,100,14.0,125000.0,10.287712379549449,12.287712379549449,11.287712379549449,12.287712379549449,0.75,1,,,0.55,sihdr_reference_heuristic,1,0,1
SIHDR_145,SIHDR_145_e09.jpg,2019,66666.666667,32,1024,SDR,134,9,100,14.0,66666.666667,9.380821783948145,12.287712379549449,11.287712379549449,12.287712379549449,0.75,1,,,0.55,sihdr_reference_heuristic,1,0,1
SIHDR_145,SIHDR_145_e10.jpg,2020,33333.333333,32,1024,SDR,134,10,100,14.0,33333.333333,8.380821783926503,12.287712379549449,11.287712379549449,12.287712379549449,0.75,1,,,0.55,sihdr_reference_heuristic,1,0,1
SIHDR_145,SIHDR_145_e11.jpg,2021,16666.666667,32,1024,SDR,134,11,100,14.0,16666.666667,7.380821783969785,12.287712379549449,11.287712379549449,12.287712379549449,0.75,1,,,0.55,sihdr_reference_heuristic,1,0,1
SIHDR_145,SIHDR_145_e12.jpg,2022,8000.000000,32,1024,SDR,134,12,100,14.0,8000.0,6.321928094887363,12.287712379549449,11.287712379549449,12.287712379549449,0.75,1,,,0.55,sihdr_reference_heuristic,1,0,1
SIHDR_145,SIHDR_145_e13.jpg,2023,4000.000000,32,1024,SDR,134,13,100,14.0,4000.0,5.321928094887363,12.287712379549449,11.287712379549449,12.287712379549449,0.75,1,,,0.55,sihdr_reference_heuristic,1,0,1
SIHDR_145,SIHDR_145_e14.jpg,2024,2000.000000,32,1024,SDR,134,14,100,14.0,2000.0,4.321928094887363,12.287712379549449,11.287712379549449,12.287712379549449,0.75,1,,,0.55,sihdr_reference_heuristic,1,0,1
SIHDR_146,SIHDR_146_e00.jpg,2025,15000000.000000,32,1024,SDR,135,0,100,14.0,15000000.0,17.194602975157967,10.287712379549449,9.380821783948145,11.287712379549449,0.5,,,,0.55,sihdr_reference_heuristic,0,0,1
SIHDR_146,SIHDR_146_e01.jpg,2026,8000000.000000,32,1024,SDR,135,1,100,14.0,8000000.0,16.28771237954945,10.287712379549449,9.380821783948145,11.287712379549449,0.5,,,,0.55,sihdr_reference_heuristic,0,0,1
SIHDR_146,SIHDR_146_e02.jpg,2027,6000000.000000,32,1024,SDR,135,2,100,14.0,6000000.0,15.872674880270605,10.287712379549449,9.380821783948145,11.287712379549449,0.5,,,,0.55,sihdr_reference_heuristic,0,0,1
SIHDR_146,SIHDR_146_e03.jpg,2028,4000000.000000,32,1024,SDR,135,3,100,14.0,4000000.0,15.287712379549449,10.287712379549449,9.380821783948145,11.287712379549449,0.5,,,,0.55,sihdr_reference_heuristic,0,0,1
SIHDR_146,SIHDR_146_e04.jpg,2029,2000000.000000,32,1024,SDR,135,4,100,14.0,2000000.0,14.287712379549449,10.287712379549449,9.380821783948145,11.287712379549449,0.5,,,,0.55,sihdr_reference_heuristic,0,0,1
SIHDR_146,SIHDR_146_e05.jpg,2030,1000000.000000,32,1024,SDR,135,5,100,14.0,1000000.0,13.287712379549449,10.287712379549449,9.380821783948145,11.287712379549449,0.5,,,,0.55,sihdr_reference_heuristic,0,0,1
SIHDR_146,SIHDR_146_e06.jpg,2031,500000.000000,32,1024,SDR,135,6,100,14.0,500000.0,12.287712379549449,10.287712379549449,9.380821783948145,11.287712379549449,0.5,,,,0.55,sihdr_reference_heuristic,0,0,1
SIHDR_146,SIHDR_146_e07.jpg,2032,250000.000000,32,1024,SDR,135,7,100,14.0,250000.0,11.287712379549449,10.287712379549449,9.380821783948145,11.287712379549449,0.5,,,,0.55,sihdr_reference_heuristic,0,0,1
SIHDR_146,SIHDR_146_e08.jpg,2033,125000.000000,32,1024,SDR,135,8,100,14.0,125000.0,10.287712379549449,10.287712379549449,9.380821783948145,11.287712379549449,0.5,,,,0.55,sihdr_reference_heuristic,0,0,1
SIHDR_146,SIHDR_146_e09.jpg,2034,66666.666667,32,1024,SDR,135,9,100,14.0,66666.666667,9.380821783948145,10.287712379549449,9.380821783948145,11.287712379549449,0.5,,,,0.55,sihdr_reference_heuristic,0,0,1
SIHDR_146,SIHDR_146_e10.jpg,2035,33333.333333,32,1024,SDR,135,10,100,14.0,33333.333333,8.380821783926503,10.287712379549449,9.380821783948145,11.287712379549449,0.5,,,,0.55,sihdr_reference_heuristic,0,0,1
SIHDR_146,SIHDR_146_e11.jpg,2036,16666.666667,32,1024,SDR,135,11,100,14.0,16666.666667,7.380821783969785,10.287712379549449,9.380821783948145,11.287712379549449,0.5,,,,0.55,sihdr_reference_heuristic,0,0,1
SIHDR_146,SIHDR_146_e12.jpg,2037,8000.000000,32,1024,SDR,135,12,100,14.0,8000.0,6.321928094887363,10.287712379549449,9.380821783948145,11.287712379549449,0.5,,,,0.55,sihdr_reference_heuristic,0,0,1
SIHDR_146,SIHDR_146_e13.jpg,2038,4000.000000,32,1024,SDR,135,13,100,14.0,4000.0,5.321928094887363,10.287712379549449,9.380821783948145,11.287712379549449,0.5,,,,0.55,sihdr_reference_heuristic,0,0,1
SIHDR_146,SIHDR_146_e14.jpg,2039,2000.000000,32,1024,SDR,135,14,100,14.0,2000.0,4.321928094887363,10.287712379549449,9.380821783948145,11.287712379549449,0.5,,,,0.55,sihdr_reference_heuristic,0,0,1
SIHDR_147,SIHDR_147_e00.jpg,2040,15000000.000000,32,1024,SDR,136,0,100,14.0,15000000.0,17.194602975157967,10.287712379549449,10.287712379549449,10.287712379549449,0.75,1,,,0.55,sihdr_reference_heuristic,1,0,1
SIHDR_147,SIHDR_147_e01.jpg,2041,8000000.000000,32,1024,SDR,136,1,100,14.0,8000000.0,16.28771237954945,10.287712379549449,10.287712379549449,10.287712379549449,0.75,1,,,0.55,sihdr_reference_heuristic,1,0,1
SIHDR_147,SIHDR_147_e02.jpg,2042,6000000.000000,32,1024,SDR,136,2,100,14.0,6000000.0,15.872674880270605,10.287712379549449,10.287712379549449,10.287712379549449,0.75,1,,,0.55,sihdr_reference_heuristic,1,0,1
SIHDR_147,SIHDR_147_e03.jpg,2043,4000000.000000,32,1024,SDR,136,3,100,14.0,4000000.0,15.287712379549449,10.287712379549449,10.287712379549449,10.287712379549449,0.75,1,,,0.55,sihdr_reference_heuristic,1,0,1
SIHDR_147,SIHDR_147_e04.jpg,2044,2000000.000000,32,1024,SDR,136,4,100,14.0,2000000.0,14.287712379549449,10.287712379549449,10.287712379549449,10.287712379549449,0.75,1,,,0.55,sihdr_reference_heuristic,1,0,1
SIHDR_147,SIHDR_147_e05.jpg,2045,1000000.000000,32,1024,SDR,136,5,100,14.0,1000000.0,13.287712379549449,10.287712379549449,10.287712379549449,10.287712379549449,0.75,1,,,0.55,sihdr_reference_heuristic,1,0,1
SIHDR_147,SIHDR_147_e06.jpg,2046,500000.000000,32,1024,SDR,136,6,100,14.0,500000.0,12.287712379549449,10.287712379549449,10.287712379549449,10.287712379549449,0.75,1,,,0.55,sihdr_reference_heuristic,1,0,1
SIHDR_147,SIHDR_147_e07.jpg,2047,250000.000000,32,1024,SDR,136,7,100,14.0,250000.0,11.287712379549449,10.287712379549449,10.287712379549449,10.287712379549449,0.75,1,,,0.55,sihdr_reference_heuristic,1,0,1
SIHDR_147,SIHDR_147_e08.jpg,2048,125000.000000,32,1024,SDR,136,8,100,14.0,125000.0,10.287712379549449,10.287712379549449,10.287712379549449,10.287712379549449,0.75,1,,,0.55,sihdr_reference_heuristic,1,0,1
SIHDR_147,SIHDR_147_e09.jpg,2049,66666.666667,32,1024,SDR,136,9,100,14.0,66666.666667,9.380821783948145,10.287712379549449,10.287712379549449,10.287712379549449,0.75,1,,,0.55,sihdr_reference_heuristic,1,0,1
SIHDR_147,SIHDR_147_e10.jpg,2050,33333.333333,32,1024,SDR,136,10,100,14.0,33333.333333,8.380821783926503,10.287712379549449,10.287712379549449,10.287712379549449,0.75,1,,,0.55,sihdr_reference_heuristic,1,0,1
SIHDR_147,SIHDR_147_e11.jpg,2051,16666.666667,32,1024,SDR,136,11,100,14.0,16666.666667,7.380821783969785,10.287712379549449,10.287712379549449,10.287712379549449,0.75,1,,,0.55,sihdr_reference_heuristic,1,0,1
SIHDR_147,SIHDR_147_e12.jpg,2052,8000.000000,32,1024,SDR,136,12,100,14.0,8000.0,6.321928094887363,10.287712379549449,10.287712379549449,10.287712379549449,0.75,1,,,0.55,sihdr_reference_heuristic,1,0,1
SIHDR_147,SIHDR_147_e13.jpg,2053,4000.000000,32,1024,SDR,136,13,100,14.0,4000.0,5.321928094887363,10.287712379549449,10.287712379549449,10.287712379549449,0.75,1,,,0.55,sihdr_reference_heuristic,1,0,1
SIHDR_147,SIHDR_147_e14.jpg,2054,2000.000000,32,1024,SDR,136,14,100,14.0,2000.0,4.321928094887363,10.287712379549449,10.287712379549449,10.287712379549449,0.75,1,,,0.55,sihdr_reference_heuristic,1,0,1
SIHDR_148,SIHDR_148_e00.jpg,2055,15000000.000000,32,1024,SDR,137,0,100,14.0,15000000.0,17.194602975157967,11.287712379549449,10.287712379549449,11.287712379549449,0.75,1,,,0.55,sihdr_reference_heuristic,1,0,1
SIHDR_148,SIHDR_148_e01.jpg,2056,8000000.000000,32,1024,SDR,137,1,100,14.0,8000000.0,16.28771237954945,11.287712379549449,10.287712379549449,11.287712379549449,0.75,1,,,0.55,sihdr_reference_heuristic,1,0,1
SIHDR_148,SIHDR_148_e02.jpg,2057,6000000.000000,32,1024,SDR,137,2,100,14.0,6000000.0,15.872674880270605,11.287712379549449,10.287712379549449,11.287712379549449,0.75,1,,,0.55,sihdr_reference_heuristic,1,0,1
SIHDR_148,SIHDR_148_e03.jpg,2058,4000000.000000,32,1024,SDR,137,3,100,14.0,4000000.0,15.287712379549449,11.287712379549449,10.287712379549449,11.287712379549449,0.75,1,,,0.55,sihdr_reference_heuristic,1,0,1
SIHDR_148,SIHDR_148_e04.jpg,2059,2000000.000000,32,1024,SDR,137,4,100,14.0,2000000.0,14.287712379549449,11.287712379549449,10.287712379549449,11.287712379549449,0.75,1,,,0.55,sihdr_reference_heuristic,1,0,1
SIHDR_148,SIHDR_148_e05.jpg,2060,1000000.000000,32,1024,SDR,137,5,100,14.0,1000000.0,13.287712379549449,11.287712379549449,10.287712379549449,11.287712379549449,0.75,1,,,0.55,sihdr_reference_heuristic,1,0,1
SIHDR_148,SIHDR_148_e06.jpg,2061,500000.000000,32,1024,SDR,137,6,100,14.0,500000.0,12.287712379549449,11.287712379549449,10.287712379549449,11.287712379549449,0.75,1,,,0.55,sihdr_reference_heuristic,1,0,1
SIHDR_148,SIHDR_148_e07.jpg,2062,250000.000000,32,1024,SDR,137,7,100,14.0,250000.0,11.287712379549449,11.287712379549449,10.287712379549449,11.287712379549449,0.75,1,,,0.55,sihdr_reference_heuristic,1,0,1
SIHDR_148,SIHDR_148_e08.jpg,2063,125000.000000,32,1024,SDR,137,8,100,14.0,125000.0,10.287712379549449,11.287712379549449,10.287712379549449,11.287712379549449,0.75,1,,,0.55,sihdr_reference_heuristic,1,0,1
SIHDR_148,SIHDR_148_e09.jpg,2064,66666.666667,32,1024,SDR,137,9,100,14.0,66666.666667,9.380821783948145,11.287712379549449,10.287712379549449,11.287712379549449,0.75,1,,,0.55,sihdr_reference_heuristic,1,0,1
SIHDR_148,SIHDR_148_e10.jpg,2065,33333.333333,32,1024,SDR,137,10,100,14.0,33333.333333,8.380821783926503,11.287712379549449,10.287712379549449,11.287712379549449,0.75,1,,,0.55,sihdr_reference_heuristic,1,0,1
SIHDR_148,SIHDR_148_e11.jpg,2066,16666.666667,32,1024,SDR,137,11,100,14.0,16666.666667,7.380821783969785,11.287712379549449,10.287712379549449,11.287712379549449,0.75,1,,,0.55,sihdr_reference_heuristic,1,0,1
SIHDR_148,SIHDR_148_e12.jpg,2067,8000.000000,32,1024,SDR,137,12,100,14.0,8000.0,6.321928094887363,11.287712379549449,10.287712379549449,11.287712379549449,0.75,1,,,0.55,sihdr_reference_heuristic,1,0,1
SIHDR_148,SIHDR_148_e13.jpg,2068,4000.000000,32,1024,SDR,137,13,100,14.0,4000.0,5.321928094887363,11.287712379549449,10.287712379549449,11.287712379549449,0.75,1,,,0.55,sihdr_reference_heuristic,1,0,1
SIHDR_148,SIHDR_148_e14.jpg,2069,2000.000000,32,1024,SDR,137,14,100,14.0,2000.0,4.321928094887363,11.287712379549449,10.287712379549449,11.287712379549449,0.75,1,,,0.55,sihdr_reference_heuristic,1,0,1
SIHDR_149,SIHDR_149_e00.jpg,2070,15000000.000000,32,1024,SDR,138,0,100,14.0,15000000.0,17.194602975157967,10.287712379549449,10.287712379549449,10.287712379549449,0.75,1,,,0.55,sihdr_reference_heuristic,1,0,1
SIHDR_149,SIHDR_149_e01.jpg,2071,8000000.000000,32,1024,SDR,138,1,100,14.0,8000000.0,16.28771237954945,10.287712379549449,10.287712379549449,10.287712379549449,0.75,1,,,0.55,sihdr_reference_heuristic,1,0,1
SIHDR_149,SIHDR_149_e02.jpg,2072,6000000.000000,32,1024,SDR,138,2,100,14.0,6000000.0,15.872674880270605,10.287712379549449,10.287712379549449,10.287712379549449,0.75,1,,,0.55,sihdr_reference_heuristic,1,0,1
SIHDR_149,SIHDR_149_e03.jpg,2073,4000000.000000,32,1024,SDR,138,3,100,14.0,4000000.0,15.287712379549449,10.287712379549449,10.287712379549449,10.287712379549449,0.75,1,,,0.55,sihdr_reference_heuristic,1,0,1
SIHDR_149,SIHDR_149_e04.jpg,2074,2000000.000000,32,1024,SDR,138,4,100,14.0,2000000.0,14.287712379549449,10.287712379549449,10.287712379549449,10.287712379549449,0.75,1,,,0.55,sihdr_reference_heuristic,1,0,1
SIHDR_149,SIHDR_149_e05.jpg,2075,1000000.000000,32,1024,SDR,138,5,100,14.0,1000000.0,13.287712379549449,10.287712379549449,10.287712379549449,10.287712379549449,0.75,1,,,0.55,sihdr_reference_heuristic,1,0,1
SIHDR_149,SIHDR_149_e06.jpg,2076,500000.000000,32,1024,SDR,138,6,100,14.0,500000.0,12.287712379549449,10.287712379549449,10.287712379549449,10.287712379549449,0.75,1,,,0.55,sihdr_reference_heuristic,1,0,1
SIHDR_149,SIHDR_149_e07.jpg,2077,250000.000000,32,1024,SDR,138,7,100,14.0,250000.0,11.287712379549449,10.287712379549449,10.287712379549449,10.287712379549449,0.75,1,,,0.55,sihdr_reference_heuristic,1,0,1
SIHDR_149,SIHDR_149_e08.jpg,2078,125000.000000,32,1024,SDR,138,8,100,14.0,125000.0,10.287712379549449,10.287712379549449,10.287712379549449,10.287712379549449,0.75,1,,,0.55,sihdr_reference_heuristic,1,0,1
SIHDR_149,SIHDR_149_e09.jpg,2079,66666.666667,32,1024,SDR,138,9,100,14.0,66666.666667,9.380821783948145,10.287712379549449,10.287712379549449,10.287712379549449,0.75,1,,,0.55,sihdr_reference_heuristic,1,0,1
SIHDR_149,SIHDR_149_e10.jpg,2080,33333.333333,32,1024,SDR,138,10,100,14.0,33333.333333,8.380821783926503,10.287712379549449,10.287712379549449,10.287712379549449,0.75,1,,,0.55,sihdr_reference_heuristic,1,0,1
SIHDR_149,SIHDR_149_e11.jpg,2081,16666.666667,32,1024,SDR,138,11,100,14.0,16666.666667,7.380821783969785,10.287712379549449,10.287712379549449,10.287712379549449,0.75,1,,,0.55,sihdr_reference_heuristic,1,0,1
SIHDR_149,SIHDR_149_e12.jpg,2082,8000.000000,32,1024,SDR,138,12,100,14.0,8000.0,6.321928094887363,10.287712379549449,10.287712379549449,10.287712379549449,0.75,1,,,0.55,sihdr_reference_heuristic,1,0,1
SIHDR_149,SIHDR_149_e13.jpg,2083,4000.000000,32,1024,SDR,138,13,100,14.0,4000.0,5.321928094887363,10.287712379549449,10.287712379549449,10.287712379549449,0.75,1,,,0.55,sihdr_reference_heuristic,1,0,1
SIHDR_149,SIHDR_149_e14.jpg,2084,2000.000000,32,1024,SDR,138,14,100,14.0,2000.0,4.321928094887363,10.287712379549449,10.287712379549449,10.287712379549449,0.75,1,,,0.55,sihdr_reference_heuristic,1,0,1
SIHDR_150,SIHDR_150_e00.jpg,2085,15000000.000000,32,1024,SDR,139,0,100,14.0,15000000.0,17.194602975157967,9.380821783948145,9.380821783948145,9.380821783948145,0.5,,,,0.55,sihdr_reference_heuristic,0,0,1
SIHDR_150,SIHDR_150_e01.jpg,2086,8000000.000000,32,1024,SDR,139,1,100,14.0,8000000.0,16.28771237954945,9.380821783948145,9.380821783948145,9.380821783948145,0.5,,,,0.55,sihdr_reference_heuristic,0,0,1
SIHDR_150,SIHDR_150_e02.jpg,2087,6000000.000000,32,1024,SDR,139,2,100,14.0,6000000.0,15.872674880270605,9.380821783948145,9.380821783948145,9.380821783948145,0.5,,,,0.55,sihdr_reference_heuristic,0,0,1
SIHDR_150,SIHDR_150_e03.jpg,2088,4000000.000000,32,1024,SDR,139,3,100,14.0,4000000.0,15.287712379549449,9.380821783948145,9.380821783948145,9.380821783948145,0.5,,,,0.55,sihdr_reference_heuristic,0,0,1
SIHDR_150,SIHDR_150_e04.jpg,2089,2000000.000000,32,1024,SDR,139,4,100,14.0,2000000.0,14.287712379549449,9.380821783948145,9.380821783948145,9.380821783948145,0.5,,,,0.55,sihdr_reference_heuristic,0,0,1
SIHDR_150,SIHDR_150_e05.jpg,2090,1000000.000000,32,1024,SDR,139,5,100,14.0,1000000.0,13.287712379549449,9.380821783948145,9.380821783948145,9.380821783948145,0.5,,,,0.55,sihdr_reference_heuristic,0,0,1
SIHDR_150,SIHDR_150_e06.jpg,2091,500000.000000,32,1024,SDR,139,6,100,14.0,500000.0,12.287712379549449,9.380821783948145,9.380821783948145,9.380821783948145,0.5,,,,0.55,sihdr_reference_heuristic,0,0,1
SIHDR_150,SIHDR_150_e07.jpg,2092,250000.000000,32,1024,SDR,139,7,100,14.0,250000.0,11.287712379549449,9.380821783948145,9.380821783948145,9.380821783948145,0.5,,,,0.55,sihdr_reference_heuristic,0,0,1
SIHDR_150,SIHDR_150_e08.jpg,2093,125000.000000,32,1024,SDR,139,8,100,14.0,125000.0,10.287712379549449,9.380821783948145,9.380821783948145,9.380821783948145,0.5,,,,0.55,sihdr_reference_heuristic,0,0,1
SIHDR_150,SIHDR_150_e09.jpg,2094,66666.666667,32,1024,SDR,139,9,100,14.0,66666.666667,9.380821783948145,9.380821783948145,9.380821783948145,9.380821783948145,0.5,,,,0.55,sihdr_reference_heuristic,0,0,1
SIHDR_150,SIHDR_150_e10.jpg,2095,33333.333333,32,1024,SDR,139,10,100,14.0,33333.333333,8.380821783926503,9.380821783948145,9.380821783948145,9.380821783948145,0.5,,,,0.55,sihdr_reference_heuristic,0,0,1
SIHDR_150,SIHDR_150_e11.jpg,2096,16666.666667,32,1024,SDR,139,11,100,14.0,16666.666667,7.380821783969785,9.380821783948145,9.380821783948145,9.380821783948145,0.5,,,,0.55,sihdr_reference_heuristic,0,0,1
SIHDR_150,SIHDR_150_e12.jpg,2097,8000.000000,32,1024,SDR,139,12,100,14.0,8000.0,6.321928094887363,9.380821783948145,9.380821783948145,9.380821783948145,0.5,,,,0.55,sihdr_reference_heuristic,0,0,1
SIHDR_150,SIHDR_150_e13.jpg,2098,4000.000000,32,1024,SDR,139,13,100,14.0,4000.0,5.321928094887363,9.380821783948145,9.380821783948145,9.380821783948145,0.5,,,,0.55,sihdr_reference_heuristic,0,0,1
SIHDR_150,SIHDR_150_e14.jpg,2099,2000.000000,32,1024,SDR,139,14,100,14.0,2000.0,4.321928094887363,9.380821783948145,9.380821783948145,9.380821783948145,0.5,,,,0.55,sihdr_reference_heuristic,0,0,1
SIHDR_151,SIHDR_151_e00.jpg,2100,15000000.000000,32,1024,SDR,140,0,100,14.0,15000000.0,17.194602975157967,9.380821783948145,9.380821783948145,9.380821783948145,0.75,1,,,0.55,sihdr_reference_heuristic,1,0,1
SIHDR_151,SIHDR_151_e01.jpg,2101,8000000.000000,32,1024,SDR,140,1,100,14.0,8000000.0,16.28771237954945,9.380821783948145,9.380821783948145,9.380821783948145,0.75,1,,,0.55,sihdr_reference_heuristic,1,0,1
SIHDR_151,SIHDR_151_e02.jpg,2102,6000000.000000,32,1024,SDR,140,2,100,14.0,6000000.0,15.872674880270605,9.380821783948145,9.380821783948145,9.380821783948145,0.75,1,,,0.55,sihdr_reference_heuristic,1,0,1
SIHDR_151,SIHDR_151_e03.jpg,2103,4000000.000000,32,1024,SDR,140,3,100,14.0,4000000.0,15.287712379549449,9.380821783948145,9.380821783948145,9.380821783948145,0.75,1,,,0.55,sihdr_reference_heuristic,1,0,1
SIHDR_151,SIHDR_151_e04.jpg,2104,2000000.000000,32,1024,SDR,140,4,100,14.0,2000000.0,14.287712379549449,9.380821783948145,9.380821783948145,9.380821783948145,0.75,1,,,0.55,sihdr_reference_heuristic,1,0,1
SIHDR_151,SIHDR_151_e05.jpg,2105,1000000.000000,32,1024,SDR,140,5,100,14.0,1000000.0,13.287712379549449,9.380821783948145,9.380821783948145,9.380821783948145,0.75,1,,,0.55,sihdr_reference_heuristic,1,0,1
SIHDR_151,SIHDR_151_e06.jpg,2106,500000.000000,32,1024,SDR,140,6,100,14.0,500000.0,12.287712379549449,9.380821783948145,9.380821783948145,9.380821783948145,0.75,1,,,0.55,sihdr_reference_heuristic,1,0,1
SIHDR_151,SIHDR_151_e07.jpg,2107,250000.000000,32,1024,SDR,140,7,100,14.0,250000.0,11.287712379549449,9.380821783948145,9.380821783948145,9.380821783948145,0.75,1,,,0.55,sihdr_reference_heuristic,1,0,1
SIHDR_151,SIHDR_151_e08.jpg,2108,125000.000000,32,1024,SDR,140,8,100,14.0,125000.0,10.287712379549449,9.380821783948145,9.380821783948145,9.380821783948145,0.75,1,,,0.55,sihdr_reference_heuristic,1,0,1
SIHDR_151,SIHDR_151_e09.jpg,2109,66666.666667,32,1024,SDR,140,9,100,14.0,66666.666667,9.380821783948145,9.380821783948145,9.380821783948145,9.380821783948145,0.75,1,,,0.55,sihdr_reference_heuristic,1,0,1
SIHDR_151,SIHDR_151_e10.jpg,2110,33333.333333,32,1024,SDR,140,10,100,14.0,33333.333333,8.380821783926503,9.380821783948145,9.380821783948145,9.380821783948145,0.75,1,,,0.55,sihdr_reference_heuristic,1,0,1
SIHDR_151,SIHDR_151_e11.jpg,2111,16666.666667,32,1024,SDR,140,11,100,14.0,16666.666667,7.380821783969785,9.380821783948145,9.380821783948145,9.380821783948145,0.75,1,,,0.55,sihdr_reference_heuristic,1,0,1
SIHDR_151,SIHDR_151_e12.jpg,2112,8000.000000,32,1024,SDR,140,12,100,14.0,8000.0,6.321928094887363,9.380821783948145,9.380821783948145,9.380821783948145,0.75,1,,,0.55,sihdr_reference_heuristic,1,0,1
SIHDR_151,SIHDR_151_e13.jpg,2113,4000.000000,32,1024,SDR,140,13,100,14.0,4000.0,5.321928094887363,9.380821783948145,9.380821783948145,9.380821783948145,0.75,1,,,0.55,sihdr_reference_heuristic,1,0,1
SIHDR_151,SIHDR_151_e14.jpg,2114,2000.000000,32,1024,SDR,140,14,100,14.0,2000.0,4.321928094887363,9.380821783948145,9.380821783948145,9.380821783948145,0.75,1,,,0.55,sihdr_reference_heuristic,1,0,1
SIHDR_152,SIHDR_152_e00.jpg,2115,15000000.000000,32,1024,SDR,141,0,100,14.0,15000000.0,17.194602975157967,9.380821783948145,9.380821783948145,9.380821783948145,0.75,1,,,0.55,sihdr_reference_heuristic,1,0,1
SIHDR_152,SIHDR_152_e01.jpg,2116,8000000.000000,32,1024,SDR,141,1,100,14.0,8000000.0,16.28771237954945,9.380821783948145,9.380821783948145,9.380821783948145,0.75,1,,,0.55,sihdr_reference_heuristic,1,0,1
SIHDR_152,SIHDR_152_e02.jpg,2117,6000000.000000,32,1024,SDR,141,2,100,14.0,6000000.0,15.872674880270605,9.380821783948145,9.380821783948145,9.380821783948145,0.75,1,,,0.55,sihdr_reference_heuristic,1,0,1
SIHDR_152,SIHDR_152_e03.jpg,2118,4000000.000000,32,1024,SDR,141,3,100,14.0,4000000.0,15.287712379549449,9.380821783948145,9.380821783948145,9.380821783948145,0.75,1,,,0.55,sihdr_reference_heuristic,1,0,1
SIHDR_152,SIHDR_152_e04.jpg,2119,2000000.000000,32,1024,SDR,141,4,100,14.0,2000000.0,14.287712379549449,9.380821783948145,9.380821783948145,9.380821783948145,0.75,1,,,0.55,sihdr_reference_heuristic,1,0,1
SIHDR_152,SIHDR_152_e05.jpg,2120,1000000.000000,32,1024,SDR,141,5,100,14.0,1000000.0,13.287712379549449,9.380821783948145,9.380821783948145,9.380821783948145,0.75,1,,,0.55,sihdr_reference_heuristic,1,0,1
SIHDR_152,SIHDR_152_e06.jpg,2121,500000.000000,32,1024,SDR,141,6,100,14.0,500000.0,12.287712379549449,9.380821783948145,9.380821783948145,9.380821783948145,0.75,1,,,0.55,sihdr_reference_heuristic,1,0,1
SIHDR_152,SIHDR_152_e07.jpg,2122,250000.000000,32,1024,SDR,141,7,100,14.0,250000.0,11.287712379549449,9.380821783948145,9.380821783948145,9.380821783948145,0.75,1,,,0.55,sihdr_reference_heuristic,1,0,1
SIHDR_152,SIHDR_152_e08.jpg,2123,125000.000000,32,1024,SDR,141,8,100,14.0,125000.0,10.287712379549449,9.380821783948145,9.380821783948145,9.380821783948145,0.75,1,,,0.55,sihdr_reference_heuristic,1,0,1
SIHDR_152,SIHDR_152_e09.jpg,2124,66666.666667,32,1024,SDR,141,9,100,14.0,66666.666667,9.380821783948145,9.380821783948145,9.380821783948145,9.380821783948145,0.75,1,,,0.55,sihdr_reference_heuristic,1,0,1
SIHDR_152,SIHDR_152_e10.jpg,2125,33333.333333,32,1024,SDR,141,10,100,14.0,33333.333333,8.380821783926503,9.380821783948145,9.380821783948145,9.380821783948145,0.75,1,,,0.55,sihdr_reference_heuristic,1,0,1
SIHDR_152,SIHDR_152_e11.jpg,2126,16666.666667,32,1024,SDR,141,11,100,14.0,16666.666667,7.380821783969785,9.380821783948145,9.380821783948145,9.380821783948145,0.75,1,,,0.55,sihdr_reference_heuristic,1,0,1
SIHDR_152,SIHDR_152_e12.jpg,2127,8000.000000,32,1024,SDR,141,12,100,14.0,8000.0,6.321928094887363,9.380821783948145,9.380821783948145,9.380821783948145,0.75,1,,,0.55,sihdr_reference_heuristic,1,0,1
SIHDR_152,SIHDR_152_e13.jpg,2128,4000.000000,32,1024,SDR,141,13,100,14.0,4000.0,5.321928094887363,9.380821783948145,9.380821783948145,9.380821783948145,0.75,1,,,0.55,sihdr_reference_heuristic,1,0,1
SIHDR_152,SIHDR_152_e14.jpg,2129,2000.000000,32,1024,SDR,141,14,100,14.0,2000.0,4.321928094887363,9.380821783948145,9.380821783948145,9.380821783948145,0.75,1,,,0.55,sihdr_reference_heuristic,1,0,1
SIHDR_153,SIHDR_153_e00.jpg,2130,15000000.000000,32,1024,SDR,142,0,100,14.0,15000000.0,17.194602975157967,10.287712379549449,9.380821783948145,10.287712379549449,0.75,1,,,0.55,sihdr_reference_heuristic,1,0,1
SIHDR_153,SIHDR_153_e01.jpg,2131,8000000.000000,32,1024,SDR,142,1,100,14.0,8000000.0,16.28771237954945,10.287712379549449,9.380821783948145,10.287712379549449,0.75,1,,,0.55,sihdr_reference_heuristic,1,0,1
SIHDR_153,SIHDR_153_e02.jpg,2132,6000000.000000,32,1024,SDR,142,2,100,14.0,6000000.0,15.872674880270605,10.287712379549449,9.380821783948145,10.287712379549449,0.75,1,,,0.55,sihdr_reference_heuristic,1,0,1
SIHDR_153,SIHDR_153_e03.jpg,2133,4000000.000000,32,1024,SDR,142,3,100,14.0,4000000.0,15.287712379549449,10.287712379549449,9.380821783948145,10.287712379549449,0.75,1,,,0.55,sihdr_reference_heuristic,1,0,1
SIHDR_153,SIHDR_153_e04.jpg,2134,2000000.000000,32,1024,SDR,142,4,100,14.0,2000000.0,14.287712379549449,10.287712379549449,9.380821783948145,10.287712379549449,0.75,1,,,0.55,sihdr_reference_heuristic,1,0,1
SIHDR_153,SIHDR_153_e05.jpg,2135,1000000.000000,32,1024,SDR,142,5,100,14.0,1000000.0,13.287712379549449,10.287712379549449,9.380821783948145,10.287712379549449,0.75,1,,,0.55,sihdr_reference_heuristic,1,0,1
SIHDR_153,SIHDR_153_e06.jpg,2136,500000.000000,32,1024,SDR,142,6,100,14.0,500000.0,12.287712379549449,10.287712379549449,9.380821783948145,10.287712379549449,0.75,1,,,0.55,sihdr_reference_heuristic,1,0,1
SIHDR_153,SIHDR_153_e07.jpg,2137,250000.000000,32,1024,SDR,142,7,100,14.0,250000.0,11.287712379549449,10.287712379549449,9.380821783948145,10.287712379549449,0.75,1,,,0.55,sihdr_reference_heuristic,1,0,1
SIHDR_153,SIHDR_153_e08.jpg,2138,125000.000000,32,1024,SDR,142,8,100,14.0,125000.0,10.287712379549449,10.287712379549449,9.380821783948145,10.287712379549449,0.75,1,,,0.55,sihdr_reference_heuristic,1,0,1
SIHDR_153,SIHDR_153_e09.jpg,2139,66666.666667,32,1024,SDR,142,9,100,14.0,66666.666667,9.380821783948145,10.287712379549449,9.380821783948145,10.287712379549449,0.75,1,,,0.55,sihdr_reference_heuristic,1,0,1
SIHDR_153,SIHDR_153_e10.jpg,2140,33333.333333,32,1024,SDR,142,10,100,14.0,33333.333333,8.380821783926503,10.287712379549449,9.380821783948145,10.287712379549449,0.75,1,,,0.55,sihdr_reference_heuristic,1,0,1
SIHDR_153,SIHDR_153_e11.jpg,2141,16666.666667,32,1024,SDR,142,11,100,14.0,16666.666667,7.380821783969785,10.287712379549449,9.380821783948145,10.287712379549449,0.75,1,,,0.55,sihdr_reference_heuristic,1,0,1
SIHDR_153,SIHDR_153_e12.jpg,2142,8000.000000,32,1024,SDR,142,12,100,14.0,8000.0,6.321928094887363,10.287712379549449,9.380821783948145,10.287712379549449,0.75,1,,,0.55,sihdr_reference_heuristic,1,0,1
SIHDR_153,SIHDR_153_e13.jpg,2143,4000.000000,32,1024,SDR,142,13,100,14.0,4000.0,5.321928094887363,10.287712379549449,9.380821783948145,10.287712379549449,0.75,1,,,0.55,sihdr_reference_heuristic,1,0,1
SIHDR_153,SIHDR_153_e14.jpg,2144,2000.000000,32,1024,SDR,142,14,100,14.0,2000.0,4.321928094887363,10.287712379549449,9.380821783948145,10.287712379549449,0.75,1,,,0.55,sihdr_reference_heuristic,1,0,1
SIHDR_154,SIHDR_154_e00.jpg,2145,15000000.000000,32,1024,SDR,143,0,100,14.0,15000000.0,17.194602975157967,9.380821783948145,9.380821783948145,9.380821783948145,0.75,1,,,0.55,sihdr_reference_heuristic,1,0,1
SIHDR_154,SIHDR_154_e01.jpg,2146,8000000.000000,32,1024,SDR,143,1,100,14.0,8000000.0,16.28771237954945,9.380821783948145,9.380821783948145,9.380821783948145,0.75,1,,,0.55,sihdr_reference_heuristic,1,0,1
SIHDR_154,SIHDR_154_e02.jpg,2147,6000000.000000,32,1024,SDR,143,2,100,14.0,6000000.0,15.872674880270605,9.380821783948145,9.380821783948145,9.380821783948145,0.75,1,,,0.55,sihdr_reference_heuristic,1,0,1
SIHDR_154,SIHDR_154_e03.jpg,2148,4000000.000000,32,1024,SDR,143,3,100,14.0,4000000.0,15.287712379549449,9.380821783948145,9.380821783948145,9.380821783948145,0.75,1,,,0.55,sihdr_reference_heuristic,1,0,1
SIHDR_154,SIHDR_154_e04.jpg,2149,2000000.000000,32,1024,SDR,143,4,100,14.0,2000000.0,14.287712379549449,9.380821783948145,9.380821783948145,9.380821783948145,0.75,1,,,0.55,sihdr_reference_heuristic,1,0,1
SIHDR_154,SIHDR_154_e05.jpg,2150,1000000.000000,32,1024,SDR,143,5,100,14.0,1000000.0,13.287712379549449,9.380821783948145,9.380821783948145,9.380821783948145,0.75,1,,,0.55,sihdr_reference_heuristic,1,0,1
SIHDR_154,SIHDR_154_e06.jpg,2151,500000.000000,32,1024,SDR,143,6,100,14.0,500000.0,12.287712379549449,9.380821783948145,9.380821783948145,9.380821783948145,0.75,1,,,0.55,sihdr_reference_heuristic,1,0,1
SIHDR_154,SIHDR_154_e07.jpg,2152,250000.000000,32,1024,SDR,143,7,100,14.0,250000.0,11.287712379549449,9.380821783948145,9.380821783948145,9.380821783948145,0.75,1,,,0.55,sihdr_reference_heuristic,1,0,1
SIHDR_154,SIHDR_154_e08.jpg,2153,125000.000000,32,1024,SDR,143,8,100,14.0,125000.0,10.287712379549449,9.380821783948145,9.380821783948145,9.380821783948145,0.75,1,,,0.55,sihdr_reference_heuristic,1,0,1
SIHDR_154,SIHDR_154_e09.jpg,2154,66666.666667,32,1024,SDR,143,9,100,14.0,66666.666667,9.380821783948145,9.380821783948145,9.380821783948145,9.380821783948145,0.75,1,,,0.55,sihdr_reference_heuristic,1,0,1
SIHDR_154,SIHDR_154_e10.jpg,2155,33333.333333,32,1024,SDR,143,10,100,14.0,33333.333333,8.380821783926503,9.380821783948145,9.380821783948145,9.380821783948145,0.75,1,,,0.55,sihdr_reference_heuristic,1,0,1
SIHDR_154,SIHDR_154_e11.jpg,2156,16666.666667,32,1024,SDR,143,11,100,14.0,16666.666667,7.380821783969785,9.380821783948145,9.380821783948145,9.380821783948145,0.75,1,,,0.55,sihdr_reference_heuristic,1,0,1
SIHDR_154,SIHDR_154_e12.jpg,2157,8000.000000,32,1024,SDR,143,12,100,14.0,8000.0,6.321928094887363,9.380821783948145,9.380821783948145,9.380821783948145,0.75,1,,,0.55,sihdr_reference_heuristic,1,0,1
SIHDR_154,SIHDR_154_e13.jpg,2158,4000.000000,32,1024,SDR,143,13,100,14.0,4000.0,5.321928094887363,9.380821783948145,9.380821783948145,9.380821783948145,0.75,1,,,0.55,sihdr_reference_heuristic,1,0,1
SIHDR_154,SIHDR_154_e14.jpg,2159,2000.000000,32,1024,SDR,143,14,100,14.0,2000.0,4.321928094887363,9.380821783948145,9.380821783948145,9.380821783948145,0.75,1,,,0.55,sihdr_reference_heuristic,1,0,1
SIHDR_155,SIHDR_155_e00.jpg,2160,15000000.000000,32,1024,SDR,144,0,100,14.0,15000000.0,17.194602975157967,10.287712379549449,9.380821783948145,10.287712379549449,0.75,1,,,0.55,sihdr_reference_heuristic,1,0,1
SIHDR_155,SIHDR_155_e01.jpg,2161,8000000.000000,32,1024,SDR,144,1,100,14.0,8000000.0,16.28771237954945,10.287712379549449,9.380821783948145,10.287712379549449,0.75,1,,,0.55,sihdr_reference_heuristic,1,0,1
SIHDR_155,SIHDR_155_e02.jpg,2162,6000000.000000,32,1024,SDR,144,2,100,14.0,6000000.0,15.872674880270605,10.287712379549449,9.380821783948145,10.287712379549449,0.75,1,,,0.55,sihdr_reference_heuristic,1,0,1
SIHDR_155,SIHDR_155_e03.jpg,2163,4000000.000000,32,1024,SDR,144,3,100,14.0,4000000.0,15.287712379549449,10.287712379549449,9.380821783948145,10.287712379549449,0.75,1,,,0.55,sihdr_reference_heuristic,1,0,1
SIHDR_155,SIHDR_155_e04.jpg,2164,2000000.000000,32,1024,SDR,144,4,100,14.0,2000000.0,14.287712379549449,10.287712379549449,9.380821783948145,10.287712379549449,0.75,1,,,0.55,sihdr_reference_heuristic,1,0,1
SIHDR_155,SIHDR_155_e05.jpg,2165,1000000.000000,32,1024,SDR,144,5,100,14.0,1000000.0,13.287712379549449,10.287712379549449,9.380821783948145,10.287712379549449,0.75,1,,,0.55,sihdr_reference_heuristic,1,0,1
SIHDR_155,SIHDR_155_e06.jpg,2166,500000.000000,32,1024,SDR,144,6,100,14.0,500000.0,12.287712379549449,10.287712379549449,9.380821783948145,10.287712379549449,0.75,1,,,0.55,sihdr_reference_heuristic,1,0,1
SIHDR_155,SIHDR_155_e07.jpg,2167,250000.000000,32,1024,SDR,144,7,100,14.0,250000.0,11.287712379549449,10.287712379549449,9.380821783948145,10.287712379549449,0.75,1,,,0.55,sihdr_reference_heuristic,1,0,1
SIHDR_155,SIHDR_155_e08.jpg,2168,125000.000000,32,1024,SDR,144,8,100,14.0,125000.0,10.287712379549449,10.287712379549449,9.380821783948145,10.287712379549449,0.75,1,,,0.55,sihdr_reference_heuristic,1,0,1
SIHDR_155,SIHDR_155_e09.jpg,2169,66666.666667,32,1024,SDR,144,9,100,14.0,66666.666667,9.380821783948145,10.287712379549449,9.380821783948145,10.287712379549449,0.75,1,,,0.55,sihdr_reference_heuristic,1,0,1
SIHDR_155,SIHDR_155_e10.jpg,2170,33333.333333,32,1024,SDR,144,10,100,14.0,33333.333333,8.380821783926503,10.287712379549449,9.380821783948145,10.287712379549449,0.75,1,,,0.55,sihdr_reference_heuristic,1,0,1
SIHDR_155,SIHDR_155_e11.jpg,2171,16666.666667,32,1024,SDR,144,11,100,14.0,16666.666667,7.380821783969785,10.287712379549449,9.380821783948145,10.287712379549449,0.75,1,,,0.55,sihdr_reference_heuristic,1,0,1
SIHDR_155,SIHDR_155_e12.jpg,2172,8000.000000,32,1024,SDR,144,12,100,14.0,8000.0,6.321928094887363,10.287712379549449,9.380821783948145,10.287712379549449,0.75,1,,,0.55,sihdr_reference_heuristic,1,0,1
SIHDR_155,SIHDR_155_e13.jpg,2173,4000.000000,32,1024,SDR,144,13,100,14.0,4000.0,5.321928094887363,10.287712379549449,9.380821783948145,10.287712379549449,0.75,1,,,0.55,sihdr_reference_heuristic,1,0,1
SIHDR_155,SIHDR_155_e14.jpg,2174,2000.000000,32,1024,SDR,144,14,100,14.0,2000.0,4.321928094887363,10.287712379549449,9.380821783948145,10.287712379549449,0.75,1,,,0.55,sihdr_reference_heuristic,1,0,1
SIHDR_156,SIHDR_156_e00.jpg,2175,15000000.000000,32,1024,SDR,145,0,100,14.0,15000000.0,17.194602975157967,6.321928094887363,5.321928094887363,6.321928094887363,0.75,1,,,0.55,sihdr_reference_heuristic,1,0,1
SIHDR_156,SIHDR_156_e01.jpg,2176,8000000.000000,32,1024,SDR,145,1,100,14.0,8000000.0,16.28771237954945,6.321928094887363,5.321928094887363,6.321928094887363,0.75,1,,,0.55,sihdr_reference_heuristic,1,0,1
SIHDR_156,SIHDR_156_e02.jpg,2177,6000000.000000,32,1024,SDR,145,2,100,14.0,6000000.0,15.872674880270605,6.321928094887363,5.321928094887363,6.321928094887363,0.75,1,,,0.55,sihdr_reference_heuristic,1,0,1
SIHDR_156,SIHDR_156_e03.jpg,2178,4000000.000000,32,1024,SDR,145,3,100,14.0,4000000.0,15.287712379549449,6.321928094887363,5.321928094887363,6.321928094887363,0.75,1,,,0.55,sihdr_reference_heuristic,1,0,1
SIHDR_156,SIHDR_156_e04.jpg,2179,2000000.000000,32,1024,SDR,145,4,100,14.0,2000000.0,14.287712379549449,6.321928094887363,5.321928094887363,6.321928094887363,0.75,1,,,0.55,sihdr_reference_heuristic,1,0,1
SIHDR_156,SIHDR_156_e05.jpg,2180,1000000.000000,32,1024,SDR,145,5,100,14.0,1000000.0,13.287712379549449,6.321928094887363,5.321928094887363,6.321928094887363,0.75,1,,,0.55,sihdr_reference_heuristic,1,0,1
SIHDR_156,SIHDR_156_e06.jpg,2181,500000.000000,32,1024,SDR,145,6,100,14.0,500000.0,12.287712379549449,6.321928094887363,5.321928094887363,6.321928094887363,0.75,1,,,0.55,sihdr_reference_heuristic,1,0,1
SIHDR_156,SIHDR_156_e07.jpg,2182,250000.000000,32,1024,SDR,145,7,100,14.0,250000.0,11.287712379549449,6.321928094887363,5.321928094887363,6.321928094887363,0.75,1,,,0.55,sihdr_reference_heuristic,1,0,1
SIHDR_156,SIHDR_156_e08.jpg,2183,125000.000000,32,1024,SDR,145,8,100,14.0,125000.0,10.287712379549449,6.321928094887363,5.321928094887363,6.321928094887363,0.75,1,,,0.55,sihdr_reference_heuristic,1,0,1
SIHDR_156,SIHDR_156_e09.jpg,2184,66666.666667,32,1024,SDR,145,9,100,14.0,66666.666667,9.380821783948145,6.321928094887363,5.321928094887363,6.321928094887363,0.75,1,,,0.55,sihdr_reference_heuristic,1,0,1
SIHDR_156,SIHDR_156_e10.jpg,2185,33333.333333,32,1024,SDR,145,10,100,14.0,33333.333333,8.380821783926503,6.321928094887363,5.321928094887363,6.321928094887363,0.75,1,,,0.55,sihdr_reference_heuristic,1,0,1
SIHDR_156,SIHDR_156_e11.jpg,2186,16666.666667,32,1024,SDR,145,11,100,14.0,16666.666667,7.380821783969785,6.321928094887363,5.321928094887363,6.321928094887363,0.75,1,,,0.55,sihdr_reference_heuristic,1,0,1
SIHDR_156,SIHDR_156_e12.jpg,2187,8000.000000,32,1024,SDR,145,12,100,14.0,8000.0,6.321928094887363,6.321928094887363,5.321928094887363,6.321928094887363,0.75,1,,,0.55,sihdr_reference_heuristic,1,0,1
SIHDR_156,SIHDR_156_e13.jpg,2188,4000.000000,32,1024,SDR,145,13,100,14.0,4000.0,5.321928094887363,6.321928094887363,5.321928094887363,6.321928094887363,0.75,1,,,0.55,sihdr_reference_heuristic,1,0,1
SIHDR_156,SIHDR_156_e14.jpg,2189,2000.000000,32,1024,SDR,145,14,100,14.0,2000.0,4.321928094887363,6.321928094887363,5.321928094887363,6.321928094887363,0.75,1,,,0.55,sihdr_reference_heuristic,1,0,1
SIHDR_158,SIHDR_158_e00.jpg,2190,15000000.000000,32,1024,SDR,146,0,100,14.0,15000000.0,17.194602975157967,17.194602975157967,17.194602975157967,17.194602975157967,0.5,,,,0.55,sihdr_reference_heuristic,0,0,0
SIHDR_158,SIHDR_158_e01.jpg,2191,8000000.000000,32,1024,SDR,146,1,100,14.0,8000000.0,16.28771237954945,17.194602975157967,17.194602975157967,17.194602975157967,0.5,,,,0.55,sihdr_reference_heuristic,0,0,0
SIHDR_158,SIHDR_158_e02.jpg,2192,6000000.000000,32,1024,SDR,146,2,100,14.0,6000000.0,15.872674880270605,17.194602975157967,17.194602975157967,17.194602975157967,0.5,,,,0.55,sihdr_reference_heuristic,0,0,0
SIHDR_158,SIHDR_158_e03.jpg,2193,4000000.000000,32,1024,SDR,146,3,100,14.0,4000000.0,15.287712379549449,17.194602975157967,17.194602975157967,17.194602975157967,0.5,,,,0.55,sihdr_reference_heuristic,0,0,0
SIHDR_158,SIHDR_158_e04.jpg,2194,2000000.000000,32,1024,SDR,146,4,100,14.0,2000000.0,14.287712379549449,17.194602975157967,17.194602975157967,17.194602975157967,0.5,,,,0.55,sihdr_reference_heuristic,0,0,0
SIHDR_158,SIHDR_158_e05.jpg,2195,1000000.000000,32,1024,SDR,146,5,100,14.0,1000000.0,13.287712379549449,17.194602975157967,17.194602975157967,17.194602975157967,0.5,,,,0.55,sihdr_reference_heuristic,0,0,0
SIHDR_158,SIHDR_158_e06.jpg,2196,500000.000000,32,1024,SDR,146,6,100,14.0,500000.0,12.287712379549449,17.194602975157967,17.194602975157967,17.194602975157967,0.5,,,,0.55,sihdr_reference_heuristic,0,0,0
SIHDR_158,SIHDR_158_e07.jpg,2197,250000.000000,32,1024,SDR,146,7,100,14.0,250000.0,11.287712379549449,17.194602975157967,17.194602975157967,17.194602975157967,0.5,,,,0.55,sihdr_reference_heuristic,0,0,0
SIHDR_158,SIHDR_158_e08.jpg,2198,125000.000000,32,1024,SDR,146,8,100,14.0,125000.0,10.287712379549449,17.194602975157967,17.194602975157967,17.194602975157967,0.5,,,,0.55,sihdr_reference_heuristic,0,0,0
SIHDR_158,SIHDR_158_e09.jpg,2199,66666.666667,32,1024,SDR,146,9,100,14.0,66666.666667,9.380821783948145,17.194602975157967,17.194602975157967,17.194602975157967,0.5,,,,0.55,sihdr_reference_heuristic,0,0,0
SIHDR_158,SIHDR_158_e10.jpg,2200,33333.333333,32,1024,SDR,146,10,100,14.0,33333.333333,8.380821783926503,17.194602975157967,17.194602975157967,17.194602975157967,0.5,,,,0.55,sihdr_reference_heuristic,0,0,0
SIHDR_158,SIHDR_158_e11.jpg,2201,16666.666667,32,1024,SDR,146,11,100,14.0,16666.666667,7.380821783969785,17.194602975157967,17.194602975157967,17.194602975157967,0.5,,,,0.55,sihdr_reference_heuristic,0,0,0
SIHDR_158,SIHDR_158_e12.jpg,2202,8000.000000,32,1024,SDR,146,12,100,14.0,8000.0,6.321928094887363,17.194602975157967,17.194602975157967,17.194602975157967,0.5,,,,0.55,sihdr_reference_heuristic,0,0,0
SIHDR_158,SIHDR_158_e13.jpg,2203,4000.000000,32,1024,SDR,146,13,100,14.0,4000.0,5.321928094887363,17.194602975157967,17.194602975157967,17.194602975157967,0.5,,,,0.55,sihdr_reference_heuristic,0,0,0
SIHDR_158,SIHDR_158_e14.jpg,2204,2000.000000,32,1024,SDR,146,14,100,14.0,2000.0,4.321928094887363,17.194602975157967,17.194602975157967,17.194602975157967,0.5,,,,0.55,sihdr_reference_heuristic,0,0,0
SIHDR_159,SIHDR_159_e00.jpg,2205,15000000.000000,32,1024,SDR,147,0,100,14.0,15000000.0,17.194602975157967,17.194602975157967,17.194602975157967,17.194602975157967,0.5,,,,0.55,sihdr_reference_heuristic,0,0,0
SIHDR_159,SIHDR_159_e01.jpg,2206,8000000.000000,32,1024,SDR,147,1,100,14.0,8000000.0,16.28771237954945,17.194602975157967,17.194602975157967,17.194602975157967,0.5,,,,0.55,sihdr_reference_heuristic,0,0,0
SIHDR_159,SIHDR_159_e02.jpg,2207,6000000.000000,32,1024,SDR,147,2,100,14.0,6000000.0,15.872674880270605,17.194602975157967,17.194602975157967,17.194602975157967,0.5,,,,0.55,sihdr_reference_heuristic,0,0,0
SIHDR_159,SIHDR_159_e03.jpg,2208,4000000.000000,32,1024,SDR,147,3,100,14.0,4000000.0,15.287712379549449,17.194602975157967,17.194602975157967,17.194602975157967,0.5,,,,0.55,sihdr_reference_heuristic,0,0,0
SIHDR_159,SIHDR_159_e04.jpg,2209,2000000.000000,32,1024,SDR,147,4,100,14.0,2000000.0,14.287712379549449,17.194602975157967,17.194602975157967,17.194602975157967,0.5,,,,0.55,sihdr_reference_heuristic,0,0,0
SIHDR_159,SIHDR_159_e05.jpg,2210,1000000.000000,32,1024,SDR,147,5,100,14.0,1000000.0,13.287712379549449,17.194602975157967,17.194602975157967,17.194602975157967,0.5,,,,0.55,sihdr_reference_heuristic,0,0,0
SIHDR_159,SIHDR_159_e06.jpg,2211,500000.000000,32,1024,SDR,147,6,100,14.0,500000.0,12.287712379549449,17.194602975157967,17.194602975157967,17.194602975157967,0.5,,,,0.55,sihdr_reference_heuristic,0,0,0
SIHDR_159,SIHDR_159_e07.jpg,2212,250000.000000,32,1024,SDR,147,7,100,14.0,250000.0,11.287712379549449,17.194602975157967,17.194602975157967,17.194602975157967,0.5,,,,0.55,sihdr_reference_heuristic,0,0,0
SIHDR_159,SIHDR_159_e08.jpg,2213,125000.000000,32,1024,SDR,147,8,100,14.0,125000.0,10.287712379549449,17.194602975157967,17.194602975157967,17.194602975157967,0.5,,,,0.55,sihdr_reference_heuristic,0,0,0
SIHDR_159,SIHDR_159_e09.jpg,2214,66666.666667,32,1024,SDR,147,9,100,14.0,66666.666667,9.380821783948145,17.194602975157967,17.194602975157967,17.194602975157967,0.5,,,,0.55,sihdr_reference_heuristic,0,0,0
SIHDR_159,SIHDR_159_e10.jpg,2215,33333.333333,32,1024,SDR,147,10,100,14.0,33333.333333,8.380821783926503,17.194602975157967,17.194602975157967,17.194602975157967,0.5,,,,0.55,sihdr_reference_heuristic,0,0,0
SIHDR_159,SIHDR_159_e11.jpg,2216,16666.666667,32,1024,SDR,147,11,100,14.0,16666.666667,7.380821783969785,17.194602975157967,17.194602975157967,17.194602975157967,0.5,,,,0.55,sihdr_reference_heuristic,0,0,0
SIHDR_159,SIHDR_159_e12.jpg,2217,8000.000000,32,1024,SDR,147,12,100,14.0,8000.0,6.321928094887363,17.194602975157967,17.194602975157967,17.194602975157967,0.5,,,,0.55,sihdr_reference_heuristic,0,0,0
SIHDR_159,SIHDR_159_e13.jpg,2218,4000.000000,32,1024,SDR,147,13,100,14.0,4000.0,5.321928094887363,17.194602975157967,17.194602975157967,17.194602975157967,0.5,,,,0.55,sihdr_reference_heuristic,0,0,0
SIHDR_159,SIHDR_159_e14.jpg,2219,2000.000000,32,1024,SDR,147,14,100,14.0,2000.0,4.321928094887363,17.194602975157967,17.194602975157967,17.194602975157967,0.5,,,,0.55,sihdr_reference_heuristic,0,0,0
SIHDR_160,SIHDR_160_e00.jpg,2220,15000000.000000,32,1024,SDR,148,0,100,14.0,15000000.0,17.194602975157967,17.194602975157967,17.194602975157967,17.194602975157967,0.75,1,,,0.55,sihdr_reference_heuristic,1,0,0
SIHDR_160,SIHDR_160_e01.jpg,2221,8000000.000000,32,1024,SDR,148,1,100,14.0,8000000.0,16.28771237954945,17.194602975157967,17.194602975157967,17.194602975157967,0.75,1,,,0.55,sihdr_reference_heuristic,1,0,0
SIHDR_160,SIHDR_160_e02.jpg,2222,6000000.000000,32,1024,SDR,148,2,100,14.0,6000000.0,15.872674880270605,17.194602975157967,17.194602975157967,17.194602975157967,0.75,1,,,0.55,sihdr_reference_heuristic,1,0,0
SIHDR_160,SIHDR_160_e03.jpg,2223,4000000.000000,32,1024,SDR,148,3,100,14.0,4000000.0,15.287712379549449,17.194602975157967,17.194602975157967,17.194602975157967,0.75,1,,,0.55,sihdr_reference_heuristic,1,0,0
SIHDR_160,SIHDR_160_e04.jpg,2224,2000000.000000,32,1024,SDR,148,4,100,14.0,2000000.0,14.287712379549449,17.194602975157967,17.194602975157967,17.194602975157967,0.75,1,,,0.55,sihdr_reference_heuristic,1,0,0
SIHDR_160,SIHDR_160_e05.jpg,2225,1000000.000000,32,1024,SDR,148,5,100,14.0,1000000.0,13.287712379549449,17.194602975157967,17.194602975157967,17.194602975157967,0.75,1,,,0.55,sihdr_reference_heuristic,1,0,0
SIHDR_160,SIHDR_160_e06.jpg,2226,500000.000000,32,1024,SDR,148,6,100,14.0,500000.0,12.287712379549449,17.194602975157967,17.194602975157967,17.194602975157967,0.75,1,,,0.55,sihdr_reference_heuristic,1,0,0
SIHDR_160,SIHDR_160_e07.jpg,2227,250000.000000,32,1024,SDR,148,7,100,14.0,250000.0,11.287712379549449,17.194602975157967,17.194602975157967,17.194602975157967,0.75,1,,,0.55,sihdr_reference_heuristic,1,0,0
SIHDR_160,SIHDR_160_e08.jpg,2228,125000.000000,32,1024,SDR,148,8,100,14.0,125000.0,10.287712379549449,17.194602975157967,17.194602975157967,17.194602975157967,0.75,1,,,0.55,sihdr_reference_heuristic,1,0,0
SIHDR_160,SIHDR_160_e09.jpg,2229,66666.666667,32,1024,SDR,148,9,100,14.0,66666.666667,9.380821783948145,17.194602975157967,17.194602975157967,17.194602975157967,0.75,1,,,0.55,sihdr_reference_heuristic,1,0,0
SIHDR_160,SIHDR_160_e10.jpg,2230,33333.333333,32,1024,SDR,148,10,100,14.0,33333.333333,8.380821783926503,17.194602975157967,17.194602975157967,17.194602975157967,0.75,1,,,0.55,sihdr_reference_heuristic,1,0,0
SIHDR_160,SIHDR_160_e11.jpg,2231,16666.666667,32,1024,SDR,148,11,100,14.0,16666.666667,7.380821783969785,17.194602975157967,17.194602975157967,17.194602975157967,0.75,1,,,0.55,sihdr_reference_heuristic,1,0,0
SIHDR_160,SIHDR_160_e12.jpg,2232,8000.000000,32,1024,SDR,148,12,100,14.0,8000.0,6.321928094887363,17.194602975157967,17.194602975157967,17.194602975157967,0.75,1,,,0.55,sihdr_reference_heuristic,1,0,0
SIHDR_160,SIHDR_160_e13.jpg,2233,4000.000000,32,1024,SDR,148,13,100,14.0,4000.0,5.321928094887363,17.194602975157967,17.194602975157967,17.194602975157967,0.75,1,,,0.55,sihdr_reference_heuristic,1,0,0
SIHDR_160,SIHDR_160_e14.jpg,2234,2000.000000,32,1024,SDR,148,14,100,14.0,2000.0,4.321928094887363,17.194602975157967,17.194602975157967,17.194602975157967,0.75,1,,,0.55,sihdr_reference_heuristic,1,0,0
SIHDR_161,SIHDR_161_e00.jpg,2235,15000000.000000,32,1024,SDR,149,0,100,14.0,15000000.0,17.194602975157967,17.194602975157967,17.194602975157967,17.194602975157967,0.75,1,,,0.55,sihdr_reference_heuristic,1,0,0
SIHDR_161,SIHDR_161_e01.jpg,2236,8000000.000000,32,1024,SDR,149,1,100,14.0,8000000.0,16.28771237954945,17.194602975157967,17.194602975157967,17.194602975157967,0.75,1,,,0.55,sihdr_reference_heuristic,1,0,0
SIHDR_161,SIHDR_161_e02.jpg,2237,6000000.000000,32,1024,SDR,149,2,100,14.0,6000000.0,15.872674880270605,17.194602975157967,17.194602975157967,17.194602975157967,0.75,1,,,0.55,sihdr_reference_heuristic,1,0,0
SIHDR_161,SIHDR_161_e03.jpg,2238,4000000.000000,32,1024,SDR,149,3,100,14.0,4000000.0,15.287712379549449,17.194602975157967,17.194602975157967,17.194602975157967,0.75,1,,,0.55,sihdr_reference_heuristic,1,0,0
SIHDR_161,SIHDR_161_e04.jpg,2239,2000000.000000,32,1024,SDR,149,4,100,14.0,2000000.0,14.287712379549449,17.194602975157967,17.194602975157967,17.194602975157967,0.75,1,,,0.55,sihdr_reference_heuristic,1,0,0
SIHDR_161,SIHDR_161_e05.jpg,2240,1000000.000000,32,1024,SDR,149,5,100,14.0,1000000.0,13.287712379549449,17.194602975157967,17.194602975157967,17.194602975157967,0.75,1,,,0.55,sihdr_reference_heuristic,1,0,0
SIHDR_161,SIHDR_161_e06.jpg,2241,500000.000000,32,1024,SDR,149,6,100,14.0,500000.0,12.287712379549449,17.194602975157967,17.194602975157967,17.194602975157967,0.75,1,,,0.55,sihdr_reference_heuristic,1,0,0
SIHDR_161,SIHDR_161_e07.jpg,2242,250000.000000,32,1024,SDR,149,7,100,14.0,250000.0,11.287712379549449,17.194602975157967,17.194602975157967,17.194602975157967,0.75,1,,,0.55,sihdr_reference_heuristic,1,0,0
SIHDR_161,SIHDR_161_e08.jpg,2243,125000.000000,32,1024,SDR,149,8,100,14.0,125000.0,10.287712379549449,17.194602975157967,17.194602975157967,17.194602975157967,0.75,1,,,0.55,sihdr_reference_heuristic,1,0,0
SIHDR_161,SIHDR_161_e09.jpg,2244,66666.666667,32,1024,SDR,149,9,100,14.0,66666.666667,9.380821783948145,17.194602975157967,17.194602975157967,17.194602975157967,0.75,1,,,0.55,sihdr_reference_heuristic,1,0,0
SIHDR_161,SIHDR_161_e10.jpg,2245,33333.333333,32,1024,SDR,149,10,100,14.0,33333.333333,8.380821783926503,17.194602975157967,17.194602975157967,17.194602975157967,0.75,1,,,0.55,sihdr_reference_heuristic,1,0,0
SIHDR_161,SIHDR_161_e11.jpg,2246,16666.666667,32,1024,SDR,149,11,100,14.0,16666.666667,7.380821783969785,17.194602975157967,17.194602975157967,17.194602975157967,0.75,1,,,0.55,sihdr_reference_heuristic,1,0,0
SIHDR_161,SIHDR_161_e12.jpg,2247,8000.000000,32,1024,SDR,149,12,100,14.0,8000.0,6.321928094887363,17.194602975157967,17.194602975157967,17.194602975157967,0.75,1,,,0.55,sihdr_reference_heuristic,1,0,0
SIHDR_161,SIHDR_161_e13.jpg,2248,4000.000000,32,1024,SDR,149,13,100,14.0,4000.0,5.321928094887363,17.194602975157967,17.194602975157967,17.194602975157967,0.75,1,,,0.55,sihdr_reference_heuristic,1,0,0
SIHDR_161,SIHDR_161_e14.jpg,2249,2000.000000,32,1024,SDR,149,14,100,14.0,2000.0,4.321928094887363,17.194602975157967,17.194602975157967,17.194602975157967,0.75,1,,,0.55,sihdr_reference_heuristic,1,0,0
SIHDR_162,SIHDR_162_e00.jpg,2250,15000000.000000,32,1024,SDR,150,0,100,14.0,15000000.0,17.194602975157967,17.194602975157967,15.872674880270605,17.194602975157967,0.25,0,,,0.55,sihdr_reference_heuristic,1,0,0
SIHDR_162,SIHDR_162_e01.jpg,2251,8000000.000000,32,1024,SDR,150,1,100,14.0,8000000.0,16.28771237954945,17.194602975157967,15.872674880270605,17.194602975157967,0.25,0,,,0.55,sihdr_reference_heuristic,1,0,0
SIHDR_162,SIHDR_162_e02.jpg,2252,6000000.000000,32,1024,SDR,150,2,100,14.0,6000000.0,15.872674880270605,17.194602975157967,15.872674880270605,17.194602975157967,0.25,0,,,0.55,sihdr_reference_heuristic,1,0,0
SIHDR_162,SIHDR_162_e03.jpg,2253,4000000.000000,32,1024,SDR,150,3,100,14.0,4000000.0,15.287712379549449,17.194602975157967,15.872674880270605,17.194602975157967,0.25,0,,,0.55,sihdr_reference_heuristic,1,0,0
SIHDR_162,SIHDR_162_e04.jpg,2254,2000000.000000,32,1024,SDR,150,4,100,14.0,2000000.0,14.287712379549449,17.194602975157967,15.872674880270605,17.194602975157967,0.25,0,,,0.55,sihdr_reference_heuristic,1,0,0
SIHDR_162,SIHDR_162_e05.jpg,2255,1000000.000000,32,1024,SDR,150,5,100,14.0,1000000.0,13.287712379549449,17.194602975157967,15.872674880270605,17.194602975157967,0.25,0,,,0.55,sihdr_reference_heuristic,1,0,0
SIHDR_162,SIHDR_162_e06.jpg,2256,500000.000000,32,1024,SDR,150,6,100,14.0,500000.0,12.287712379549449,17.194602975157967,15.872674880270605,17.194602975157967,0.25,0,,,0.55,sihdr_reference_heuristic,1,0,0
SIHDR_162,SIHDR_162_e07.jpg,2257,250000.000000,32,1024,SDR,150,7,100,14.0,250000.0,11.287712379549449,17.194602975157967,15.872674880270605,17.194602975157967,0.25,0,,,0.55,sihdr_reference_heuristic,1,0,0
SIHDR_162,SIHDR_162_e08.jpg,2258,125000.000000,32,1024,SDR,150,8,100,14.0,125000.0,10.287712379549449,17.194602975157967,15.872674880270605,17.194602975157967,0.25,0,,,0.55,sihdr_reference_heuristic,1,0,0
SIHDR_162,SIHDR_162_e09.jpg,2259,66666.666667,32,1024,SDR,150,9,100,14.0,66666.666667,9.380821783948145,17.194602975157967,15.872674880270605,17.194602975157967,0.25,0,,,0.55,sihdr_reference_heuristic,1,0,0
SIHDR_162,SIHDR_162_e10.jpg,2260,33333.333333,32,1024,SDR,150,10,100,14.0,33333.333333,8.380821783926503,17.194602975157967,15.872674880270605,17.194602975157967,0.25,0,,,0.55,sihdr_reference_heuristic,1,0,0
SIHDR_162,SIHDR_162_e11.jpg,2261,16666.666667,32,1024,SDR,150,11,100,14.0,16666.666667,7.380821783969785,17.194602975157967,15.872674880270605,17.194602975157967,0.25,0,,,0.55,sihdr_reference_heuristic,1,0,0
SIHDR_162,SIHDR_162_e12.jpg,2262,8000.000000,32,1024,SDR,150,12,100,14.0,8000.0,6.321928094887363,17.194602975157967,15.872674880270605,17.194602975157967,0.25,0,,,0.55,sihdr_reference_heuristic,1,0,0
SIHDR_162,SIHDR_162_e13.jpg,2263,4000.000000,32,1024,SDR,150,13,100,14.0,4000.0,5.321928094887363,17.194602975157967,15.872674880270605,17.194602975157967,0.25,0,,,0.55,sihdr_reference_heuristic,1,0,0
SIHDR_162,SIHDR_162_e14.jpg,2264,2000.000000,32,1024,SDR,150,14,100,14.0,2000.0,4.321928094887363,17.194602975157967,15.872674880270605,17.194602975157967,0.25,0,,,0.55,sihdr_reference_heuristic,1,0,0
SIHDR_163,SIHDR_163_e00.jpg,2265,15000000.000000,32,1024,SDR,151,0,100,14.0,15000000.0,17.194602975157967,17.194602975157967,16.28771237954945,17.194602975157967,0.5,,,,0.55,sihdr_reference_heuristic,0,0,0
SIHDR_163,SIHDR_163_e01.jpg,2266,8000000.000000,32,1024,SDR,151,1,100,14.0,8000000.0,16.28771237954945,17.194602975157967,16.28771237954945,17.194602975157967,0.5,,,,0.55,sihdr_reference_heuristic,0,0,0
SIHDR_163,SIHDR_163_e02.jpg,2267,6000000.000000,32,1024,SDR,151,2,100,14.0,6000000.0,15.872674880270605,17.194602975157967,16.28771237954945,17.194602975157967,0.5,,,,0.55,sihdr_reference_heuristic,0,0,0
SIHDR_163,SIHDR_163_e03.jpg,2268,4000000.000000,32,1024,SDR,151,3,100,14.0,4000000.0,15.287712379549449,17.194602975157967,16.28771237954945,17.194602975157967,0.5,,,,0.55,sihdr_reference_heuristic,0,0,0
SIHDR_163,SIHDR_163_e04.jpg,2269,2000000.000000,32,1024,SDR,151,4,100,14.0,2000000.0,14.287712379549449,17.194602975157967,16.28771237954945,17.194602975157967,0.5,,,,0.55,sihdr_reference_heuristic,0,0,0
SIHDR_163,SIHDR_163_e05.jpg,2270,1000000.000000,32,1024,SDR,151,5,100,14.0,1000000.0,13.287712379549449,17.194602975157967,16.28771237954945,17.194602975157967,0.5,,,,0.55,sihdr_reference_heuristic,0,0,0
SIHDR_163,SIHDR_163_e06.jpg,2271,500000.000000,32,1024,SDR,151,6,100,14.0,500000.0,12.287712379549449,17.194602975157967,16.28771237954945,17.194602975157967,0.5,,,,0.55,sihdr_reference_heuristic,0,0,0
SIHDR_163,SIHDR_163_e07.jpg,2272,250000.000000,32,1024,SDR,151,7,100,14.0,250000.0,11.287712379549449,17.194602975157967,16.28771237954945,17.194602975157967,0.5,,,,0.55,sihdr_reference_heuristic,0,0,0
SIHDR_163,SIHDR_163_e08.jpg,2273,125000.000000,32,1024,SDR,151,8,100,14.0,125000.0,10.287712379549449,17.194602975157967,16.28771237954945,17.194602975157967,0.5,,,,0.55,sihdr_reference_heuristic,0,0,0
SIHDR_163,SIHDR_163_e09.jpg,2274,66666.666667,32,1024,SDR,151,9,100,14.0,66666.666667,9.380821783948145,17.194602975157967,16.28771237954945,17.194602975157967,0.5,,,,0.55,sihdr_reference_heuristic,0,0,0
SIHDR_163,SIHDR_163_e10.jpg,2275,33333.333333,32,1024,SDR,151,10,100,14.0,33333.333333,8.380821783926503,17.194602975157967,16.28771237954945,17.194602975157967,0.5,,,,0.55,sihdr_reference_heuristic,0,0,0
SIHDR_163,SIHDR_163_e11.jpg,2276,16666.666667,32,1024,SDR,151,11,100,14.0,16666.666667,7.380821783969785,17.194602975157967,16.28771237954945,17.194602975157967,0.5,,,,0.55,sihdr_reference_heuristic,0,0,0
SIHDR_163,SIHDR_163_e12.jpg,2277,8000.000000,32,1024,SDR,151,12,100,14.0,8000.0,6.321928094887363,17.194602975157967,16.28771237954945,17.194602975157967,0.5,,,,0.55,sihdr_reference_heuristic,0,0,0
SIHDR_163,SIHDR_163_e13.jpg,2278,4000.000000,32,1024,SDR,151,13,100,14.0,4000.0,5.321928094887363,17.194602975157967,16.28771237954945,17.194602975157967,0.5,,,,0.55,sihdr_reference_heuristic,0,0,0
SIHDR_163,SIHDR_163_e14.jpg,2279,2000.000000,32,1024,SDR,151,14,100,14.0,2000.0,4.321928094887363,17.194602975157967,16.28771237954945,17.194602975157967,0.5,,,,0.55,sihdr_reference_heuristic,0,0,0
SIHDR_164,SIHDR_164_e00.jpg,2280,15000000.000000,32,1024,SDR,152,0,100,14.0,15000000.0,17.194602975157967,17.194602975157967,17.194602975157967,17.194602975157967,0.75,1,,,0.55,sihdr_reference_heuristic,1,0,0
SIHDR_164,SIHDR_164_e01.jpg,2281,8000000.000000,32,1024,SDR,152,1,100,14.0,8000000.0,16.28771237954945,17.194602975157967,17.194602975157967,17.194602975157967,0.75,1,,,0.55,sihdr_reference_heuristic,1,0,0
SIHDR_164,SIHDR_164_e02.jpg,2282,6000000.000000,32,1024,SDR,152,2,100,14.0,6000000.0,15.872674880270605,17.194602975157967,17.194602975157967,17.194602975157967,0.75,1,,,0.55,sihdr_reference_heuristic,1,0,0
SIHDR_164,SIHDR_164_e03.jpg,2283,4000000.000000,32,1024,SDR,152,3,100,14.0,4000000.0,15.287712379549449,17.194602975157967,17.194602975157967,17.194602975157967,0.75,1,,,0.55,sihdr_reference_heuristic,1,0,0
SIHDR_164,SIHDR_164_e04.jpg,2284,2000000.000000,32,1024,SDR,152,4,100,14.0,2000000.0,14.287712379549449,17.194602975157967,17.194602975157967,17.194602975157967,0.75,1,,,0.55,sihdr_reference_heuristic,1,0,0
SIHDR_164,SIHDR_164_e05.jpg,2285,1000000.000000,32,1024,SDR,152,5,100,14.0,1000000.0,13.287712379549449,17.194602975157967,17.194602975157967,17.194602975157967,0.75,1,,,0.55,sihdr_reference_heuristic,1,0,0
SIHDR_164,SIHDR_164_e06.jpg,2286,500000.000000,32,1024,SDR,152,6,100,14.0,500000.0,12.287712379549449,17.194602975157967,17.194602975157967,17.194602975157967,0.75,1,,,0.55,sihdr_reference_heuristic,1,0,0
SIHDR_164,SIHDR_164_e07.jpg,2287,250000.000000,32,1024,SDR,152,7,100,14.0,250000.0,11.287712379549449,17.194602975157967,17.194602975157967,17.194602975157967,0.75,1,,,0.55,sihdr_reference_heuristic,1,0,0
SIHDR_164,SIHDR_164_e08.jpg,2288,125000.000000,32,1024,SDR,152,8,100,14.0,125000.0,10.287712379549449,17.194602975157967,17.194602975157967,17.194602975157967,0.75,1,,,0.55,sihdr_reference_heuristic,1,0,0
SIHDR_164,SIHDR_164_e09.jpg,2289,66666.666667,32,1024,SDR,152,9,100,14.0,66666.666667,9.380821783948145,17.194602975157967,17.194602975157967,17.194602975157967,0.75,1,,,0.55,sihdr_reference_heuristic,1,0,0
SIHDR_164,SIHDR_164_e10.jpg,2290,33333.333333,32,1024,SDR,152,10,100,14.0,33333.333333,8.380821783926503,17.194602975157967,17.194602975157967,17.194602975157967,0.75,1,,,0.55,sihdr_reference_heuristic,1,0,0
SIHDR_164,SIHDR_164_e11.jpg,2291,16666.666667,32,1024,SDR,152,11,100,14.0,16666.666667,7.380821783969785,17.194602975157967,17.194602975157967,17.194602975157967,0.75,1,,,0.55,sihdr_reference_heuristic,1,0,0
SIHDR_164,SIHDR_164_e12.jpg,2292,8000.000000,32,1024,SDR,152,12,100,14.0,8000.0,6.321928094887363,17.194602975157967,17.194602975157967,17.194602975157967,0.75,1,,,0.55,sihdr_reference_heuristic,1,0,0
SIHDR_164,SIHDR_164_e13.jpg,2293,4000.000000,32,1024,SDR,152,13,100,14.0,4000.0,5.321928094887363,17.194602975157967,17.194602975157967,17.194602975157967,0.75,1,,,0.55,sihdr_reference_heuristic,1,0,0
SIHDR_164,SIHDR_164_e14.jpg,2294,2000.000000,32,1024,SDR,152,14,100,14.0,2000.0,4.321928094887363,17.194602975157967,17.194602975157967,17.194602975157967,0.75,1,,,0.55,sihdr_reference_heuristic,1,0,0
SIHDR_165,SIHDR_165_e00.jpg,2295,15000000.000000,32,1024,SDR,153,0,100,14.0,15000000.0,17.194602975157967,17.194602975157967,17.194602975157967,17.194602975157967,0.5,,,,0.55,sihdr_reference_heuristic,0,0,0
SIHDR_165,SIHDR_165_e01.jpg,2296,8000000.000000,32,1024,SDR,153,1,100,14.0,8000000.0,16.28771237954945,17.194602975157967,17.194602975157967,17.194602975157967,0.5,,,,0.55,sihdr_reference_heuristic,0,0,0
SIHDR_165,SIHDR_165_e02.jpg,2297,6000000.000000,32,1024,SDR,153,2,100,14.0,6000000.0,15.872674880270605,17.194602975157967,17.194602975157967,17.194602975157967,0.5,,,,0.55,sihdr_reference_heuristic,0,0,0
SIHDR_165,SIHDR_165_e03.jpg,2298,4000000.000000,32,1024,SDR,153,3,100,14.0,4000000.0,15.287712379549449,17.194602975157967,17.194602975157967,17.194602975157967,0.5,,,,0.55,sihdr_reference_heuristic,0,0,0
SIHDR_165,SIHDR_165_e04.jpg,2299,2000000.000000,32,1024,SDR,153,4,100,14.0,2000000.0,14.287712379549449,17.194602975157967,17.194602975157967,17.194602975157967,0.5,,,,0.55,sihdr_reference_heuristic,0,0,0
SIHDR_165,SIHDR_165_e05.jpg,2300,1000000.000000,32,1024,SDR,153,5,100,14.0,1000000.0,13.287712379549449,17.194602975157967,17.194602975157967,17.194602975157967,0.5,,,,0.55,sihdr_reference_heuristic,0,0,0
SIHDR_165,SIHDR_165_e06.jpg,2301,500000.000000,32,1024,SDR,153,6,100,14.0,500000.0,12.287712379549449,17.194602975157967,17.194602975157967,17.194602975157967,0.5,,,,0.55,sihdr_reference_heuristic,0,0,0
SIHDR_165,SIHDR_165_e07.jpg,2302,250000.000000,32,1024,SDR,153,7,100,14.0,250000.0,11.287712379549449,17.194602975157967,17.194602975157967,17.194602975157967,0.5,,,,0.55,sihdr_reference_heuristic,0,0,0
SIHDR_165,SIHDR_165_e08.jpg,2303,125000.000000,32,1024,SDR,153,8,100,14.0,125000.0,10.287712379549449,17.194602975157967,17.194602975157967,17.194602975157967,0.5,,,,0.55,sihdr_reference_heuristic,0,0,0
SIHDR_165,SIHDR_165_e09.jpg,2304,66666.666667,32,1024,SDR,153,9,100,14.0,66666.666667,9.380821783948145,17.194602975157967,17.194602975157967,17.194602975157967,0.5,,,,0.55,sihdr_reference_heuristic,0,0,0
SIHDR_165,SIHDR_165_e10.jpg,2305,33333.333333,32,1024,SDR,153,10,100,14.0,33333.333333,8.380821783926503,17.194602975157967,17.194602975157967,17.194602975157967,0.5,,,,0.55,sihdr_reference_heuristic,0,0,0
SIHDR_165,SIHDR_165_e11.jpg,2306,16666.666667,32,1024,SDR,153,11,100,14.0,16666.666667,7.380821783969785,17.194602975157967,17.194602975157967,17.194602975157967,0.5,,,,0.55,sihdr_reference_heuristic,0,0,0
SIHDR_165,SIHDR_165_e12.jpg,2307,8000.000000,32,1024,SDR,153,12,100,14.0,8000.0,6.321928094887363,17.194602975157967,17.194602975157967,17.194602975157967,0.5,,,,0.55,sihdr_reference_heuristic,0,0,0
SIHDR_165,SIHDR_165_e13.jpg,2308,4000.000000,32,1024,SDR,153,13,100,14.0,4000.0,5.321928094887363,17.194602975157967,17.194602975157967,17.194602975157967,0.5,,,,0.55,sihdr_reference_heuristic,0,0,0
SIHDR_165,SIHDR_165_e14.jpg,2309,2000.000000,32,1024,SDR,153,14,100,14.0,2000.0,4.321928094887363,17.194602975157967,17.194602975157967,17.194602975157967,0.5,,,,0.55,sihdr_reference_heuristic,0,0,0
SIHDR_166,SIHDR_166_e00.jpg,2310,15000000.000000,32,1024,SDR,154,0,100,14.0,15000000.0,17.194602975157967,17.194602975157967,17.194602975157967,17.194602975157967,0.5,,,,0.55,sihdr_reference_heuristic,0,0,0
SIHDR_166,SIHDR_166_e01.jpg,2311,8000000.000000,32,1024,SDR,154,1,100,14.0,8000000.0,16.28771237954945,17.194602975157967,17.194602975157967,17.194602975157967,0.5,,,,0.55,sihdr_reference_heuristic,0,0,0
SIHDR_166,SIHDR_166_e02.jpg,2312,6000000.000000,32,1024,SDR,154,2,100,14.0,6000000.0,15.872674880270605,17.194602975157967,17.194602975157967,17.194602975157967,0.5,,,,0.55,sihdr_reference_heuristic,0,0,0
SIHDR_166,SIHDR_166_e03.jpg,2313,4000000.000000,32,1024,SDR,154,3,100,14.0,4000000.0,15.287712379549449,17.194602975157967,17.194602975157967,17.194602975157967,0.5,,,,0.55,sihdr_reference_heuristic,0,0,0
SIHDR_166,SIHDR_166_e04.jpg,2314,2000000.000000,32,1024,SDR,154,4,100,14.0,2000000.0,14.287712379549449,17.194602975157967,17.194602975157967,17.194602975157967,0.5,,,,0.55,sihdr_reference_heuristic,0,0,0
SIHDR_166,SIHDR_166_e05.jpg,2315,1000000.000000,32,1024,SDR,154,5,100,14.0,1000000.0,13.287712379549449,17.194602975157967,17.194602975157967,17.194602975157967,0.5,,,,0.55,sihdr_reference_heuristic,0,0,0
SIHDR_166,SIHDR_166_e06.jpg,2316,500000.000000,32,1024,SDR,154,6,100,14.0,500000.0,12.287712379549449,17.194602975157967,17.194602975157967,17.194602975157967,0.5,,,,0.55,sihdr_reference_heuristic,0,0,0
SIHDR_166,SIHDR_166_e07.jpg,2317,250000.000000,32,1024,SDR,154,7,100,14.0,250000.0,11.287712379549449,17.194602975157967,17.194602975157967,17.194602975157967,0.5,,,,0.55,sihdr_reference_heuristic,0,0,0
SIHDR_166,SIHDR_166_e08.jpg,2318,125000.000000,32,1024,SDR,154,8,100,14.0,125000.0,10.287712379549449,17.194602975157967,17.194602975157967,17.194602975157967,0.5,,,,0.55,sihdr_reference_heuristic,0,0,0
SIHDR_166,SIHDR_166_e09.jpg,2319,66666.666667,32,1024,SDR,154,9,100,14.0,66666.666667,9.380821783948145,17.194602975157967,17.194602975157967,17.194602975157967,0.5,,,,0.55,sihdr_reference_heuristic,0,0,0
SIHDR_166,SIHDR_166_e10.jpg,2320,33333.333333,32,1024,SDR,154,10,100,14.0,33333.333333,8.380821783926503,17.194602975157967,17.194602975157967,17.194602975157967,0.5,,,,0.55,sihdr_reference_heuristic,0,0,0
SIHDR_166,SIHDR_166_e11.jpg,2321,16666.666667,32,1024,SDR,154,11,100,14.0,16666.666667,7.380821783969785,17.194602975157967,17.194602975157967,17.194602975157967,0.5,,,,0.55,sihdr_reference_heuristic,0,0,0
SIHDR_166,SIHDR_166_e12.jpg,2322,8000.000000,32,1024,SDR,154,12,100,14.0,8000.0,6.321928094887363,17.194602975157967,17.194602975157967,17.194602975157967,0.5,,,,0.55,sihdr_reference_heuristic,0,0,0
SIHDR_166,SIHDR_166_e13.jpg,2323,4000.000000,32,1024,SDR,154,13,100,14.0,4000.0,5.321928094887363,17.194602975157967,17.194602975157967,17.194602975157967,0.5,,,,0.55,sihdr_reference_heuristic,0,0,0
SIHDR_166,SIHDR_166_e14.jpg,2324,2000.000000,32,1024,SDR,154,14,100,14.0,2000.0,4.321928094887363,17.194602975157967,17.194602975157967,17.194602975157967,0.5,,,,0.55,sihdr_reference_heuristic,0,0,0
SIHDR_167,SIHDR_167_e00.jpg,2325,15000000.000000,32,1024,SDR,155,0,100,14.0,15000000.0,17.194602975157967,17.194602975157967,17.194602975157967,17.194602975157967,0.75,1,,,0.55,sihdr_reference_heuristic,1,0,0
SIHDR_167,SIHDR_167_e01.jpg,2326,8000000.000000,32,1024,SDR,155,1,100,14.0,8000000.0,16.28771237954945,17.194602975157967,17.194602975157967,17.194602975157967,0.75,1,,,0.55,sihdr_reference_heuristic,1,0,0
SIHDR_167,SIHDR_167_e02.jpg,2327,6000000.000000,32,1024,SDR,155,2,100,14.0,6000000.0,15.872674880270605,17.194602975157967,17.194602975157967,17.194602975157967,0.75,1,,,0.55,sihdr_reference_heuristic,1,0,0
SIHDR_167,SIHDR_167_e03.jpg,2328,4000000.000000,32,1024,SDR,155,3,100,14.0,4000000.0,15.287712379549449,17.194602975157967,17.194602975157967,17.194602975157967,0.75,1,,,0.55,sihdr_reference_heuristic,1,0,0
SIHDR_167,SIHDR_167_e04.jpg,2329,2000000.000000,32,1024,SDR,155,4,100,14.0,2000000.0,14.287712379549449,17.194602975157967,17.194602975157967,17.194602975157967,0.75,1,,,0.55,sihdr_reference_heuristic,1,0,0
SIHDR_167,SIHDR_167_e05.jpg,2330,1000000.000000,32,1024,SDR,155,5,100,14.0,1000000.0,13.287712379549449,17.194602975157967,17.194602975157967,17.194602975157967,0.75,1,,,0.55,sihdr_reference_heuristic,1,0,0
SIHDR_167,SIHDR_167_e06.jpg,2331,500000.000000,32,1024,SDR,155,6,100,14.0,500000.0,12.287712379549449,17.194602975157967,17.194602975157967,17.194602975157967,0.75,1,,,0.55,sihdr_reference_heuristic,1,0,0
SIHDR_167,SIHDR_167_e07.jpg,2332,250000.000000,32,1024,SDR,155,7,100,14.0,250000.0,11.287712379549449,17.194602975157967,17.194602975157967,17.194602975157967,0.75,1,,,0.55,sihdr_reference_heuristic,1,0,0
SIHDR_167,SIHDR_167_e08.jpg,2333,125000.000000,32,1024,SDR,155,8,100,14.0,125000.0,10.287712379549449,17.194602975157967,17.194602975157967,17.194602975157967,0.75,1,,,0.55,sihdr_reference_heuristic,1,0,0
SIHDR_167,SIHDR_167_e09.jpg,2334,66666.666667,32,1024,SDR,155,9,100,14.0,66666.666667,9.380821783948145,17.194602975157967,17.194602975157967,17.194602975157967,0.75,1,,,0.55,sihdr_reference_heuristic,1,0,0
SIHDR_167,SIHDR_167_e10.jpg,2335,33333.333333,32,1024,SDR,155,10,100,14.0,33333.333333,8.380821783926503,17.194602975157967,17.194602975157967,17.194602975157967,0.75,1,,,0.55,sihdr_reference_heuristic,1,0,0
SIHDR_167,SIHDR_167_e11.jpg,2336,16666.666667,32,1024,SDR,155,11,100,14.0,16666.666667,7.380821783969785,17.194602975157967,17.194602975157967,17.194602975157967,0.75,1,,,0.55,sihdr_reference_heuristic,1,0,0
SIHDR_167,SIHDR_167_e12.jpg,2337,8000.000000,32,1024,SDR,155,12,100,14.0,8000.0,6.321928094887363,17.194602975157967,17.194602975157967,17.194602975157967,0.75,1,,,0.55,sihdr_reference_heuristic,1,0,0
SIHDR_167,SIHDR_167_e13.jpg,2338,4000.000000,32,1024,SDR,155,13,100,14.0,4000.0,5.321928094887363,17.194602975157967,17.194602975157967,17.194602975157967,0.75,1,,,0.55,sihdr_reference_heuristic,1,0,0
SIHDR_167,SIHDR_167_e14.jpg,2339,2000.000000,32,1024,SDR,155,14,100,14.0,2000.0,4.321928094887363,17.194602975157967,17.194602975157967,17.194602975157967,0.75,1,,,0.55,sihdr_reference_heuristic,1,0,0
SIHDR_168,SIHDR_168_e00.jpg,2340,15000000.000000,32,1024,SDR,156,0,100,14.0,15000000.0,17.194602975157967,17.194602975157967,17.194602975157967,17.194602975157967,0.5,,,,0.55,sihdr_reference_heuristic,0,0,0
SIHDR_168,SIHDR_168_e01.jpg,2341,8000000.000000,32,1024,SDR,156,1,100,14.0,8000000.0,16.28771237954945,17.194602975157967,17.194602975157967,17.194602975157967,0.5,,,,0.55,sihdr_reference_heuristic,0,0,0
SIHDR_168,SIHDR_168_e02.jpg,2342,6000000.000000,32,1024,SDR,156,2,100,14.0,6000000.0,15.872674880270605,17.194602975157967,17.194602975157967,17.194602975157967,0.5,,,,0.55,sihdr_reference_heuristic,0,0,0
SIHDR_168,SIHDR_168_e03.jpg,2343,4000000.000000,32,1024,SDR,156,3,100,14.0,4000000.0,15.287712379549449,17.194602975157967,17.194602975157967,17.194602975157967,0.5,,,,0.55,sihdr_reference_heuristic,0,0,0
SIHDR_168,SIHDR_168_e04.jpg,2344,2000000.000000,32,1024,SDR,156,4,100,14.0,2000000.0,14.287712379549449,17.194602975157967,17.194602975157967,17.194602975157967,0.5,,,,0.55,sihdr_reference_heuristic,0,0,0
SIHDR_168,SIHDR_168_e05.jpg,2345,1000000.000000,32,1024,SDR,156,5,100,14.0,1000000.0,13.287712379549449,17.194602975157967,17.194602975157967,17.194602975157967,0.5,,,,0.55,sihdr_reference_heuristic,0,0,0
SIHDR_168,SIHDR_168_e06.jpg,2346,500000.000000,32,1024,SDR,156,6,100,14.0,500000.0,12.287712379549449,17.194602975157967,17.194602975157967,17.194602975157967,0.5,,,,0.55,sihdr_reference_heuristic,0,0,0
SIHDR_168,SIHDR_168_e07.jpg,2347,250000.000000,32,1024,SDR,156,7,100,14.0,250000.0,11.287712379549449,17.194602975157967,17.194602975157967,17.194602975157967,0.5,,,,0.55,sihdr_reference_heuristic,0,0,0
SIHDR_168,SIHDR_168_e08.jpg,2348,125000.000000,32,1024,SDR,156,8,100,14.0,125000.0,10.287712379549449,17.194602975157967,17.194602975157967,17.194602975157967,0.5,,,,0.55,sihdr_reference_heuristic,0,0,0
SIHDR_168,SIHDR_168_e09.jpg,2349,66666.666667,32,1024,SDR,156,9,100,14.0,66666.666667,9.380821783948145,17.194602975157967,17.194602975157967,17.194602975157967,0.5,,,,0.55,sihdr_reference_heuristic,0,0,0
SIHDR_168,SIHDR_168_e10.jpg,2350,33333.333333,32,1024,SDR,156,10,100,14.0,33333.333333,8.380821783926503,17.194602975157967,17.194602975157967,17.194602975157967,0.5,,,,0.55,sihdr_reference_heuristic,0,0,0
SIHDR_168,SIHDR_168_e11.jpg,2351,16666.666667,32,1024,SDR,156,11,100,14.0,16666.666667,7.380821783969785,17.194602975157967,17.194602975157967,17.194602975157967,0.5,,,,0.55,sihdr_reference_heuristic,0,0,0
SIHDR_168,SIHDR_168_e12.jpg,2352,8000.000000,32,1024,SDR,156,12,100,14.0,8000.0,6.321928094887363,17.194602975157967,17.194602975157967,17.194602975157967,0.5,,,,0.55,sihdr_reference_heuristic,0,0,0
SIHDR_168,SIHDR_168_e13.jpg,2353,4000.000000,32,1024,SDR,156,13,100,14.0,4000.0,5.321928094887363,17.194602975157967,17.194602975157967,17.194602975157967,0.5,,,,0.55,sihdr_reference_heuristic,0,0,0
SIHDR_168,SIHDR_168_e14.jpg,2354,2000.000000,32,1024,SDR,156,14,100,14.0,2000.0,4.321928094887363,17.194602975157967,17.194602975157967,17.194602975157967,0.5,,,,0.55,sihdr_reference_heuristic,0,0,0
SIHDR_169,SIHDR_169_e00.jpg,2355,15000000.000000,32,1024,SDR,157,0,100,14.0,15000000.0,17.194602975157967,17.194602975157967,17.194602975157967,17.194602975157967,0.25,0,,,0.55,sihdr_reference_heuristic,1,0,0
SIHDR_169,SIHDR_169_e01.jpg,2356,8000000.000000,32,1024,SDR,157,1,100,14.0,8000000.0,16.28771237954945,17.194602975157967,17.194602975157967,17.194602975157967,0.25,0,,,0.55,sihdr_reference_heuristic,1,0,0
SIHDR_169,SIHDR_169_e02.jpg,2357,6000000.000000,32,1024,SDR,157,2,100,14.0,6000000.0,15.872674880270605,17.194602975157967,17.194602975157967,17.194602975157967,0.25,0,,,0.55,sihdr_reference_heuristic,1,0,0
SIHDR_169,SIHDR_169_e03.jpg,2358,4000000.000000,32,1024,SDR,157,3,100,14.0,4000000.0,15.287712379549449,17.194602975157967,17.194602975157967,17.194602975157967,0.25,0,,,0.55,sihdr_reference_heuristic,1,0,0
SIHDR_169,SIHDR_169_e04.jpg,2359,2000000.000000,32,1024,SDR,157,4,100,14.0,2000000.0,14.287712379549449,17.194602975157967,17.194602975157967,17.194602975157967,0.25,0,,,0.55,sihdr_reference_heuristic,1,0,0
SIHDR_169,SIHDR_169_e05.jpg,2360,1000000.000000,32,1024,SDR,157,5,100,14.0,1000000.0,13.287712379549449,17.194602975157967,17.194602975157967,17.194602975157967,0.25,0,,,0.55,sihdr_reference_heuristic,1,0,0
SIHDR_169,SIHDR_169_e06.jpg,2361,500000.000000,32,1024,SDR,157,6,100,14.0,500000.0,12.287712379549449,17.194602975157967,17.194602975157967,17.194602975157967,0.25,0,,,0.55,sihdr_reference_heuristic,1,0,0
SIHDR_169,SIHDR_169_e07.jpg,2362,250000.000000,32,1024,SDR,157,7,100,14.0,250000.0,11.287712379549449,17.194602975157967,17.194602975157967,17.194602975157967,0.25,0,,,0.55,sihdr_reference_heuristic,1,0,0
SIHDR_169,SIHDR_169_e08.jpg,2363,125000.000000,32,1024,SDR,157,8,100,14.0,125000.0,10.287712379549449,17.194602975157967,17.194602975157967,17.194602975157967,0.25,0,,,0.55,sihdr_reference_heuristic,1,0,0
SIHDR_169,SIHDR_169_e09.jpg,2364,66666.666667,32,1024,SDR,157,9,100,14.0,66666.666667,9.380821783948145,17.194602975157967,17.194602975157967,17.194602975157967,0.25,0,,,0.55,sihdr_reference_heuristic,1,0,0
SIHDR_169,SIHDR_169_e10.jpg,2365,33333.333333,32,1024,SDR,157,10,100,14.0,33333.333333,8.380821783926503,17.194602975157967,17.194602975157967,17.194602975157967,0.25,0,,,0.55,sihdr_reference_heuristic,1,0,0
SIHDR_169,SIHDR_169_e11.jpg,2366,16666.666667,32,1024,SDR,157,11,100,14.0,16666.666667,7.380821783969785,17.194602975157967,17.194602975157967,17.194602975157967,0.25,0,,,0.55,sihdr_reference_heuristic,1,0,0
SIHDR_169,SIHDR_169_e12.jpg,2367,8000.000000,32,1024,SDR,157,12,100,14.0,8000.0,6.321928094887363,17.194602975157967,17.194602975157967,17.194602975157967,0.25,0,,,0.55,sihdr_reference_heuristic,1,0,0
SIHDR_169,SIHDR_169_e13.jpg,2368,4000.000000,32,1024,SDR,157,13,100,14.0,4000.0,5.321928094887363,17.194602975157967,17.194602975157967,17.194602975157967,0.25,0,,,0.55,sihdr_reference_heuristic,1,0,0
SIHDR_169,SIHDR_169_e14.jpg,2369,2000.000000,32,1024,SDR,157,14,100,14.0,2000.0,4.321928094887363,17.194602975157967,17.194602975157967,17.194602975157967,0.25,0,,,0.55,sihdr_reference_heuristic,1,0,0
SIHDR_170,SIHDR_170_e00.jpg,2370,15000000.000000,32,1024,SDR,158,0,100,14.0,15000000.0,17.194602975157967,17.194602975157967,17.194602975157967,17.194602975157967,0.5,,,,0.55,sihdr_reference_heuristic,0,0,0
SIHDR_170,SIHDR_170_e01.jpg,2371,8000000.000000,32,1024,SDR,158,1,100,14.0,8000000.0,16.28771237954945,17.194602975157967,17.194602975157967,17.194602975157967,0.5,,,,0.55,sihdr_reference_heuristic,0,0,0
SIHDR_170,SIHDR_170_e02.jpg,2372,6000000.000000,32,1024,SDR,158,2,100,14.0,6000000.0,15.872674880270605,17.194602975157967,17.194602975157967,17.194602975157967,0.5,,,,0.55,sihdr_reference_heuristic,0,0,0
SIHDR_170,SIHDR_170_e03.jpg,2373,4000000.000000,32,1024,SDR,158,3,100,14.0,4000000.0,15.287712379549449,17.194602975157967,17.194602975157967,17.194602975157967,0.5,,,,0.55,sihdr_reference_heuristic,0,0,0
SIHDR_170,SIHDR_170_e04.jpg,2374,2000000.000000,32,1024,SDR,158,4,100,14.0,2000000.0,14.287712379549449,17.194602975157967,17.194602975157967,17.194602975157967,0.5,,,,0.55,sihdr_reference_heuristic,0,0,0
SIHDR_170,SIHDR_170_e05.jpg,2375,1000000.000000,32,1024,SDR,158,5,100,14.0,1000000.0,13.287712379549449,17.194602975157967,17.194602975157967,17.194602975157967,0.5,,,,0.55,sihdr_reference_heuristic,0,0,0
SIHDR_170,SIHDR_170_e06.jpg,2376,500000.000000,32,1024,SDR,158,6,100,14.0,500000.0,12.287712379549449,17.194602975157967,17.194602975157967,17.194602975157967,0.5,,,,0.55,sihdr_reference_heuristic,0,0,0
SIHDR_170,SIHDR_170_e07.jpg,2377,250000.000000,32,1024,SDR,158,7,100,14.0,250000.0,11.287712379549449,17.194602975157967,17.194602975157967,17.194602975157967,0.5,,,,0.55,sihdr_reference_heuristic,0,0,0
SIHDR_170,SIHDR_170_e08.jpg,2378,125000.000000,32,1024,SDR,158,8,100,14.0,125000.0,10.287712379549449,17.194602975157967,17.194602975157967,17.194602975157967,0.5,,,,0.55,sihdr_reference_heuristic,0,0,0
SIHDR_170,SIHDR_170_e09.jpg,2379,66666.666667,32,1024,SDR,158,9,100,14.0,66666.666667,9.380821783948145,17.194602975157967,17.194602975157967,17.194602975157967,0.5,,,,0.55,sihdr_reference_heuristic,0,0,0
SIHDR_170,SIHDR_170_e10.jpg,2380,33333.333333,32,1024,SDR,158,10,100,14.0,33333.333333,8.380821783926503,17.194602975157967,17.194602975157967,17.194602975157967,0.5,,,,0.55,sihdr_reference_heuristic,0,0,0
SIHDR_170,SIHDR_170_e11.jpg,2381,16666.666667,32,1024,SDR,158,11,100,14.0,16666.666667,7.380821783969785,17.194602975157967,17.194602975157967,17.194602975157967,0.5,,,,0.55,sihdr_reference_heuristic,0,0,0
SIHDR_170,SIHDR_170_e12.jpg,2382,8000.000000,32,1024,SDR,158,12,100,14.0,8000.0,6.321928094887363,17.194602975157967,17.194602975157967,17.194602975157967,0.5,,,,0.55,sihdr_reference_heuristic,0,0,0
SIHDR_170,SIHDR_170_e13.jpg,2383,4000.000000,32,1024,SDR,158,13,100,14.0,4000.0,5.321928094887363,17.194602975157967,17.194602975157967,17.194602975157967,0.5,,,,0.55,sihdr_reference_heuristic,0,0,0
SIHDR_170,SIHDR_170_e14.jpg,2384,2000.000000,32,1024,SDR,158,14,100,14.0,2000.0,4.321928094887363,17.194602975157967,17.194602975157967,17.194602975157967,0.5,,,,0.55,sihdr_reference_heuristic,0,0,0
SIHDR_171,SIHDR_171_e00.jpg,2385,15000000.000000,32,1024,SDR,159,0,100,14.0,15000000.0,17.194602975157967,17.194602975157967,16.28771237954945,17.194602975157967,0.75,1,,,0.55,sihdr_reference_heuristic,1,0,0
SIHDR_171,SIHDR_171_e01.jpg,2386,8000000.000000,32,1024,SDR,159,1,100,14.0,8000000.0,16.28771237954945,17.194602975157967,16.28771237954945,17.194602975157967,0.75,1,,,0.55,sihdr_reference_heuristic,1,0,0
SIHDR_171,SIHDR_171_e02.jpg,2387,6000000.000000,32,1024,SDR,159,2,100,14.0,6000000.0,15.872674880270605,17.194602975157967,16.28771237954945,17.194602975157967,0.75,1,,,0.55,sihdr_reference_heuristic,1,0,0
SIHDR_171,SIHDR_171_e03.jpg,2388,4000000.000000,32,1024,SDR,159,3,100,14.0,4000000.0,15.287712379549449,17.194602975157967,16.28771237954945,17.194602975157967,0.75,1,,,0.55,sihdr_reference_heuristic,1,0,0
SIHDR_171,SIHDR_171_e04.jpg,2389,2000000.000000,32,1024,SDR,159,4,100,14.0,2000000.0,14.287712379549449,17.194602975157967,16.28771237954945,17.194602975157967,0.75,1,,,0.55,sihdr_reference_heuristic,1,0,0
SIHDR_171,SIHDR_171_e05.jpg,2390,1000000.000000,32,1024,SDR,159,5,100,14.0,1000000.0,13.287712379549449,17.194602975157967,16.28771237954945,17.194602975157967,0.75,1,,,0.55,sihdr_reference_heuristic,1,0,0
SIHDR_171,SIHDR_171_e06.jpg,2391,500000.000000,32,1024,SDR,159,6,100,14.0,500000.0,12.287712379549449,17.194602975157967,16.28771237954945,17.194602975157967,0.75,1,,,0.55,sihdr_reference_heuristic,1,0,0
SIHDR_171,SIHDR_171_e07.jpg,2392,250000.000000,32,1024,SDR,159,7,100,14.0,250000.0,11.287712379549449,17.194602975157967,16.28771237954945,17.194602975157967,0.75,1,,,0.55,sihdr_reference_heuristic,1,0,0
SIHDR_171,SIHDR_171_e08.jpg,2393,125000.000000,32,1024,SDR,159,8,100,14.0,125000.0,10.287712379549449,17.194602975157967,16.28771237954945,17.194602975157967,0.75,1,,,0.55,sihdr_reference_heuristic,1,0,0
SIHDR_171,SIHDR_171_e09.jpg,2394,66666.666667,32,1024,SDR,159,9,100,14.0,66666.666667,9.380821783948145,17.194602975157967,16.28771237954945,17.194602975157967,0.75,1,,,0.55,sihdr_reference_heuristic,1,0,0
SIHDR_171,SIHDR_171_e10.jpg,2395,33333.333333,32,1024,SDR,159,10,100,14.0,33333.333333,8.380821783926503,17.194602975157967,16.28771237954945,17.194602975157967,0.75,1,,,0.55,sihdr_reference_heuristic,1,0,0
SIHDR_171,SIHDR_171_e11.jpg,2396,16666.666667,32,1024,SDR,159,11,100,14.0,16666.666667,7.380821783969785,17.194602975157967,16.28771237954945,17.194602975157967,0.75,1,,,0.55,sihdr_reference_heuristic,1,0,0
SIHDR_171,SIHDR_171_e12.jpg,2397,8000.000000,32,1024,SDR,159,12,100,14.0,8000.0,6.321928094887363,17.194602975157967,16.28771237954945,17.194602975157967,0.75,1,,,0.55,sihdr_reference_heuristic,1,0,0
SIHDR_171,SIHDR_171_e13.jpg,2398,4000.000000,32,1024,SDR,159,13,100,14.0,4000.0,5.321928094887363,17.194602975157967,16.28771237954945,17.194602975157967,0.75,1,,,0.55,sihdr_reference_heuristic,1,0,0
SIHDR_171,SIHDR_171_e14.jpg,2399,2000.000000,32,1024,SDR,159,14,100,14.0,2000.0,4.321928094887363,17.194602975157967,16.28771237954945,17.194602975157967,0.75,1,,,0.55,sihdr_reference_heuristic,1,0,0
SIHDR_172,SIHDR_172_e00.jpg,2400,15000000.000000,32,1024,SDR,160,0,100,14.0,15000000.0,17.194602975157967,17.194602975157967,15.872674880270605,17.194602975157967,0.75,1,,,0.55,sihdr_reference_heuristic,1,0,0
SIHDR_172,SIHDR_172_e01.jpg,2401,8000000.000000,32,1024,SDR,160,1,100,14.0,8000000.0,16.28771237954945,17.194602975157967,15.872674880270605,17.194602975157967,0.75,1,,,0.55,sihdr_reference_heuristic,1,0,0
SIHDR_172,SIHDR_172_e02.jpg,2402,6000000.000000,32,1024,SDR,160,2,100,14.0,6000000.0,15.872674880270605,17.194602975157967,15.872674880270605,17.194602975157967,0.75,1,,,0.55,sihdr_reference_heuristic,1,0,0
SIHDR_172,SIHDR_172_e03.jpg,2403,4000000.000000,32,1024,SDR,160,3,100,14.0,4000000.0,15.287712379549449,17.194602975157967,15.872674880270605,17.194602975157967,0.75,1,,,0.55,sihdr_reference_heuristic,1,0,0
SIHDR_172,SIHDR_172_e04.jpg,2404,2000000.000000,32,1024,SDR,160,4,100,14.0,2000000.0,14.287712379549449,17.194602975157967,15.872674880270605,17.194602975157967,0.75,1,,,0.55,sihdr_reference_heuristic,1,0,0
SIHDR_172,SIHDR_172_e05.jpg,2405,1000000.000000,32,1024,SDR,160,5,100,14.0,1000000.0,13.287712379549449,17.194602975157967,15.872674880270605,17.194602975157967,0.75,1,,,0.55,sihdr_reference_heuristic,1,0,0
SIHDR_172,SIHDR_172_e06.jpg,2406,500000.000000,32,1024,SDR,160,6,100,14.0,500000.0,12.287712379549449,17.194602975157967,15.872674880270605,17.194602975157967,0.75,1,,,0.55,sihdr_reference_heuristic,1,0,0
SIHDR_172,SIHDR_172_e07.jpg,2407,250000.000000,32,1024,SDR,160,7,100,14.0,250000.0,11.287712379549449,17.194602975157967,15.872674880270605,17.194602975157967,0.75,1,,,0.55,sihdr_reference_heuristic,1,0,0
SIHDR_172,SIHDR_172_e08.jpg,2408,125000.000000,32,1024,SDR,160,8,100,14.0,125000.0,10.287712379549449,17.194602975157967,15.872674880270605,17.194602975157967,0.75,1,,,0.55,sihdr_reference_heuristic,1,0,0
SIHDR_172,SIHDR_172_e09.jpg,2409,66666.666667,32,1024,SDR,160,9,100,14.0,66666.666667,9.380821783948145,17.194602975157967,15.872674880270605,17.194602975157967,0.75,1,,,0.55,sihdr_reference_heuristic,1,0,0
SIHDR_172,SIHDR_172_e10.jpg,2410,33333.333333,32,1024,SDR,160,10,100,14.0,33333.333333,8.380821783926503,17.194602975157967,15.872674880270605,17.194602975157967,0.75,1,,,0.55,sihdr_reference_heuristic,1,0,0
SIHDR_172,SIHDR_172_e11.jpg,2411,16666.666667,32,1024,SDR,160,11,100,14.0,16666.666667,7.380821783969785,17.194602975157967,15.872674880270605,17.194602975157967,0.75,1,,,0.55,sihdr_reference_heuristic,1,0,0
SIHDR_172,SIHDR_172_e12.jpg,2412,8000.000000,32,1024,SDR,160,12,100,14.0,8000.0,6.321928094887363,17.194602975157967,15.872674880270605,17.194602975157967,0.75,1,,,0.55,sihdr_reference_heuristic,1,0,0
SIHDR_172,SIHDR_172_e13.jpg,2413,4000.000000,32,1024,SDR,160,13,100,14.0,4000.0,5.321928094887363,17.194602975157967,15.872674880270605,17.194602975157967,0.75,1,,,0.55,sihdr_reference_heuristic,1,0,0
SIHDR_172,SIHDR_172_e14.jpg,2414,2000.000000,32,1024,SDR,160,14,100,14.0,2000.0,4.321928094887363,17.194602975157967,15.872674880270605,17.194602975157967,0.75,1,,,0.55,sihdr_reference_heuristic,1,0,0
SIHDR_173,SIHDR_173_e00.jpg,2415,15000000.000000,32,1024,SDR,161,0,100,14.0,15000000.0,17.194602975157967,17.194602975157967,17.194602975157967,17.194602975157967,0.75,1,,,0.55,sihdr_reference_heuristic,1,0,0
SIHDR_173,SIHDR_173_e01.jpg,2416,8000000.000000,32,1024,SDR,161,1,100,14.0,8000000.0,16.28771237954945,17.194602975157967,17.194602975157967,17.194602975157967,0.75,1,,,0.55,sihdr_reference_heuristic,1,0,0
SIHDR_173,SIHDR_173_e02.jpg,2417,6000000.000000,32,1024,SDR,161,2,100,14.0,6000000.0,15.872674880270605,17.194602975157967,17.194602975157967,17.194602975157967,0.75,1,,,0.55,sihdr_reference_heuristic,1,0,0
SIHDR_173,SIHDR_173_e03.jpg,2418,4000000.000000,32,1024,SDR,161,3,100,14.0,4000000.0,15.287712379549449,17.194602975157967,17.194602975157967,17.194602975157967,0.75,1,,,0.55,sihdr_reference_heuristic,1,0,0
SIHDR_173,SIHDR_173_e04.jpg,2419,2000000.000000,32,1024,SDR,161,4,100,14.0,2000000.0,14.287712379549449,17.194602975157967,17.194602975157967,17.194602975157967,0.75,1,,,0.55,sihdr_reference_heuristic,1,0,0
SIHDR_173,SIHDR_173_e05.jpg,2420,1000000.000000,32,1024,SDR,161,5,100,14.0,1000000.0,13.287712379549449,17.194602975157967,17.194602975157967,17.194602975157967,0.75,1,,,0.55,sihdr_reference_heuristic,1,0,0
SIHDR_173,SIHDR_173_e06.jpg,2421,500000.000000,32,1024,SDR,161,6,100,14.0,500000.0,12.287712379549449,17.194602975157967,17.194602975157967,17.194602975157967,0.75,1,,,0.55,sihdr_reference_heuristic,1,0,0
SIHDR_173,SIHDR_173_e07.jpg,2422,250000.000000,32,1024,SDR,161,7,100,14.0,250000.0,11.287712379549449,17.194602975157967,17.194602975157967,17.194602975157967,0.75,1,,,0.55,sihdr_reference_heuristic,1,0,0
SIHDR_173,SIHDR_173_e08.jpg,2423,125000.000000,32,1024,SDR,161,8,100,14.0,125000.0,10.287712379549449,17.194602975157967,17.194602975157967,17.194602975157967,0.75,1,,,0.55,sihdr_reference_heuristic,1,0,0
SIHDR_173,SIHDR_173_e09.jpg,2424,66666.666667,32,1024,SDR,161,9,100,14.0,66666.666667,9.380821783948145,17.194602975157967,17.194602975157967,17.194602975157967,0.75,1,,,0.55,sihdr_reference_heuristic,1,0,0
SIHDR_173,SIHDR_173_e10.jpg,2425,33333.333333,32,1024,SDR,161,10,100,14.0,33333.333333,8.380821783926503,17.194602975157967,17.194602975157967,17.194602975157967,0.75,1,,,0.55,sihdr_reference_heuristic,1,0,0
SIHDR_173,SIHDR_173_e11.jpg,2426,16666.666667,32,1024,SDR,161,11,100,14.0,16666.666667,7.380821783969785,17.194602975157967,17.194602975157967,17.194602975157967,0.75,1,,,0.55,sihdr_reference_heuristic,1,0,0
SIHDR_173,SIHDR_173_e12.jpg,2427,8000.000000,32,1024,SDR,161,12,100,14.0,8000.0,6.321928094887363,17.194602975157967,17.194602975157967,17.194602975157967,0.75,1,,,0.55,sihdr_reference_heuristic,1,0,0
SIHDR_173,SIHDR_173_e13.jpg,2428,4000.000000,32,1024,SDR,161,13,100,14.0,4000.0,5.321928094887363,17.194602975157967,17.194602975157967,17.194602975157967,0.75,1,,,0.55,sihdr_reference_heuristic,1,0,0
SIHDR_173,SIHDR_173_e14.jpg,2429,2000.000000,32,1024,SDR,161,14,100,14.0,2000.0,4.321928094887363,17.194602975157967,17.194602975157967,17.194602975157967,0.75,1,,,0.55,sihdr_reference_heuristic,1,0,0
SIHDR_174,SIHDR_174_e00.jpg,2430,15000000.000000,32,1024,SDR,162,0,100,14.0,15000000.0,17.194602975157967,17.194602975157967,17.194602975157967,17.194602975157967,0.5,,,,0.55,sihdr_reference_heuristic,0,0,0
SIHDR_174,SIHDR_174_e01.jpg,2431,8000000.000000,32,1024,SDR,162,1,100,14.0,8000000.0,16.28771237954945,17.194602975157967,17.194602975157967,17.194602975157967,0.5,,,,0.55,sihdr_reference_heuristic,0,0,0
SIHDR_174,SIHDR_174_e02.jpg,2432,6000000.000000,32,1024,SDR,162,2,100,14.0,6000000.0,15.872674880270605,17.194602975157967,17.194602975157967,17.194602975157967,0.5,,,,0.55,sihdr_reference_heuristic,0,0,0
SIHDR_174,SIHDR_174_e03.jpg,2433,4000000.000000,32,1024,SDR,162,3,100,14.0,4000000.0,15.287712379549449,17.194602975157967,17.194602975157967,17.194602975157967,0.5,,,,0.55,sihdr_reference_heuristic,0,0,0
SIHDR_174,SIHDR_174_e04.jpg,2434,2000000.000000,32,1024,SDR,162,4,100,14.0,2000000.0,14.287712379549449,17.194602975157967,17.194602975157967,17.194602975157967,0.5,,,,0.55,sihdr_reference_heuristic,0,0,0
SIHDR_174,SIHDR_174_e05.jpg,2435,1000000.000000,32,1024,SDR,162,5,100,14.0,1000000.0,13.287712379549449,17.194602975157967,17.194602975157967,17.194602975157967,0.5,,,,0.55,sihdr_reference_heuristic,0,0,0
SIHDR_174,SIHDR_174_e06.jpg,2436,500000.000000,32,1024,SDR,162,6,100,14.0,500000.0,12.287712379549449,17.194602975157967,17.194602975157967,17.194602975157967,0.5,,,,0.55,sihdr_reference_heuristic,0,0,0
SIHDR_174,SIHDR_174_e07.jpg,2437,250000.000000,32,1024,SDR,162,7,100,14.0,250000.0,11.287712379549449,17.194602975157967,17.194602975157967,17.194602975157967,0.5,,,,0.55,sihdr_reference_heuristic,0,0,0
SIHDR_174,SIHDR_174_e08.jpg,2438,125000.000000,32,1024,SDR,162,8,100,14.0,125000.0,10.287712379549449,17.194602975157967,17.194602975157967,17.194602975157967,0.5,,,,0.55,sihdr_reference_heuristic,0,0,0
SIHDR_174,SIHDR_174_e09.jpg,2439,66666.666667,32,1024,SDR,162,9,100,14.0,66666.666667,9.380821783948145,17.194602975157967,17.194602975157967,17.194602975157967,0.5,,,,0.55,sihdr_reference_heuristic,0,0,0
SIHDR_174,SIHDR_174_e10.jpg,2440,33333.333333,32,1024,SDR,162,10,100,14.0,33333.333333,8.380821783926503,17.194602975157967,17.194602975157967,17.194602975157967,0.5,,,,0.55,sihdr_reference_heuristic,0,0,0
SIHDR_174,SIHDR_174_e11.jpg,2441,16666.666667,32,1024,SDR,162,11,100,14.0,16666.666667,7.380821783969785,17.194602975157967,17.194602975157967,17.194602975157967,0.5,,,,0.55,sihdr_reference_heuristic,0,0,0
SIHDR_174,SIHDR_174_e12.jpg,2442,8000.000000,32,1024,SDR,162,12,100,14.0,8000.0,6.321928094887363,17.194602975157967,17.194602975157967,17.194602975157967,0.5,,,,0.55,sihdr_reference_heuristic,0,0,0
SIHDR_174,SIHDR_174_e13.jpg,2443,4000.000000,32,1024,SDR,162,13,100,14.0,4000.0,5.321928094887363,17.194602975157967,17.194602975157967,17.194602975157967,0.5,,,,0.55,sihdr_reference_heuristic,0,0,0
SIHDR_174,SIHDR_174_e14.jpg,2444,2000.000000,32,1024,SDR,162,14,100,14.0,2000.0,4.321928094887363,17.194602975157967,17.194602975157967,17.194602975157967,0.5,,,,0.55,sihdr_reference_heuristic,0,0,0
SIHDR_175,SIHDR_175_e00.jpg,2445,15000000.000000,32,1024,SDR,163,0,100,14.0,15000000.0,17.194602975157967,17.194602975157967,16.28771237954945,17.194602975157967,0.75,1,,,0.55,sihdr_reference_heuristic,1,0,0
SIHDR_175,SIHDR_175_e01.jpg,2446,8000000.000000,32,1024,SDR,163,1,100,14.0,8000000.0,16.28771237954945,17.194602975157967,16.28771237954945,17.194602975157967,0.75,1,,,0.55,sihdr_reference_heuristic,1,0,0
SIHDR_175,SIHDR_175_e02.jpg,2447,6000000.000000,32,1024,SDR,163,2,100,14.0,6000000.0,15.872674880270605,17.194602975157967,16.28771237954945,17.194602975157967,0.75,1,,,0.55,sihdr_reference_heuristic,1,0,0
SIHDR_175,SIHDR_175_e03.jpg,2448,4000000.000000,32,1024,SDR,163,3,100,14.0,4000000.0,15.287712379549449,17.194602975157967,16.28771237954945,17.194602975157967,0.75,1,,,0.55,sihdr_reference_heuristic,1,0,0
SIHDR_175,SIHDR_175_e04.jpg,2449,2000000.000000,32,1024,SDR,163,4,100,14.0,2000000.0,14.287712379549449,17.194602975157967,16.28771237954945,17.194602975157967,0.75,1,,,0.55,sihdr_reference_heuristic,1,0,0
SIHDR_175,SIHDR_175_e05.jpg,2450,1000000.000000,32,1024,SDR,163,5,100,14.0,1000000.0,13.287712379549449,17.194602975157967,16.28771237954945,17.194602975157967,0.75,1,,,0.55,sihdr_reference_heuristic,1,0,0
SIHDR_175,SIHDR_175_e06.jpg,2451,500000.000000,32,1024,SDR,163,6,100,14.0,500000.0,12.287712379549449,17.194602975157967,16.28771237954945,17.194602975157967,0.75,1,,,0.55,sihdr_reference_heuristic,1,0,0
SIHDR_175,SIHDR_175_e07.jpg,2452,250000.000000,32,1024,SDR,163,7,100,14.0,250000.0,11.287712379549449,17.194602975157967,16.28771237954945,17.194602975157967,0.75,1,,,0.55,sihdr_reference_heuristic,1,0,0
SIHDR_175,SIHDR_175_e08.jpg,2453,125000.000000,32,1024,SDR,163,8,100,14.0,125000.0,10.287712379549449,17.194602975157967,16.28771237954945,17.194602975157967,0.75,1,,,0.55,sihdr_reference_heuristic,1,0,0
SIHDR_175,SIHDR_175_e09.jpg,2454,66666.666667,32,1024,SDR,163,9,100,14.0,66666.666667,9.380821783948145,17.194602975157967,16.28771237954945,17.194602975157967,0.75,1,,,0.55,sihdr_reference_heuristic,1,0,0
SIHDR_175,SIHDR_175_e10.jpg,2455,33333.333333,32,1024,SDR,163,10,100,14.0,33333.333333,8.380821783926503,17.194602975157967,16.28771237954945,17.194602975157967,0.75,1,,,0.55,sihdr_reference_heuristic,1,0,0
SIHDR_175,SIHDR_175_e11.jpg,2456,16666.666667,32,1024,SDR,163,11,100,14.0,16666.666667,7.380821783969785,17.194602975157967,16.28771237954945,17.194602975157967,0.75,1,,,0.55,sihdr_reference_heuristic,1,0,0
SIHDR_175,SIHDR_175_e12.jpg,2457,8000.000000,32,1024,SDR,163,12,100,14.0,8000.0,6.321928094887363,17.194602975157967,16.28771237954945,17.194602975157967,0.75,1,,,0.55,sihdr_reference_heuristic,1,0,0
SIHDR_175,SIHDR_175_e13.jpg,2458,4000.000000,32,1024,SDR,163,13,100,14.0,4000.0,5.321928094887363,17.194602975157967,16.28771237954945,17.194602975157967,0.75,1,,,0.55,sihdr_reference_heuristic,1,0,0
SIHDR_175,SIHDR_175_e14.jpg,2459,2000.000000,32,1024,SDR,163,14,100,14.0,2000.0,4.321928094887363,17.194602975157967,16.28771237954945,17.194602975157967,0.75,1,,,0.55,sihdr_reference_heuristic,1,0,0
SIHDR_176,SIHDR_176_e00.jpg,2460,15000000.000000,32,1024,SDR,164,0,100,14.0,15000000.0,17.194602975157967,17.194602975157967,17.194602975157967,17.194602975157967,0.75,1,,,0.55,sihdr_reference_heuristic,1,0,0
SIHDR_176,SIHDR_176_e01.jpg,2461,8000000.000000,32,1024,SDR,164,1,100,14.0,8000000.0,16.28771237954945,17.194602975157967,17.194602975157967,17.194602975157967,0.75,1,,,0.55,sihdr_reference_heuristic,1,0,0
SIHDR_176,SIHDR_176_e02.jpg,2462,6000000.000000,32,1024,SDR,164,2,100,14.0,6000000.0,15.872674880270605,17.194602975157967,17.194602975157967,17.194602975157967,0.75,1,,,0.55,sihdr_reference_heuristic,1,0,0
SIHDR_176,SIHDR_176_e03.jpg,2463,4000000.000000,32,1024,SDR,164,3,100,14.0,4000000.0,15.287712379549449,17.194602975157967,17.194602975157967,17.194602975157967,0.75,1,,,0.55,sihdr_reference_heuristic,1,0,0
SIHDR_176,SIHDR_176_e04.jpg,2464,2000000.000000,32,1024,SDR,164,4,100,14.0,2000000.0,14.287712379549449,17.194602975157967,17.194602975157967,17.194602975157967,0.75,1,,,0.55,sihdr_reference_heuristic,1,0,0
SIHDR_176,SIHDR_176_e05.jpg,2465,1000000.000000,32,1024,SDR,164,5,100,14.0,1000000.0,13.287712379549449,17.194602975157967,17.194602975157967,17.194602975157967,0.75,1,,,0.55,sihdr_reference_heuristic,1,0,0
SIHDR_176,SIHDR_176_e06.jpg,2466,500000.000000,32,1024,SDR,164,6,100,14.0,500000.0,12.287712379549449,17.194602975157967,17.194602975157967,17.194602975157967,0.75,1,,,0.55,sihdr_reference_heuristic,1,0,0
SIHDR_176,SIHDR_176_e07.jpg,2467,250000.000000,32,1024,SDR,164,7,100,14.0,250000.0,11.287712379549449,17.194602975157967,17.194602975157967,17.194602975157967,0.75,1,,,0.55,sihdr_reference_heuristic,1,0,0
SIHDR_176,SIHDR_176_e08.jpg,2468,125000.000000,32,1024,SDR,164,8,100,14.0,125000.0,10.287712379549449,17.194602975157967,17.194602975157967,17.194602975157967,0.75,1,,,0.55,sihdr_reference_heuristic,1,0,0
SIHDR_176,SIHDR_176_e09.jpg,2469,66666.666667,32,1024,SDR,164,9,100,14.0,66666.666667,9.380821783948145,17.194602975157967,17.194602975157967,17.194602975157967,0.75,1,,,0.55,sihdr_reference_heuristic,1,0,0
SIHDR_176,SIHDR_176_e10.jpg,2470,33333.333333,32,1024,SDR,164,10,100,14.0,33333.333333,8.380821783926503,17.194602975157967,17.194602975157967,17.194602975157967,0.75,1,,,0.55,sihdr_reference_heuristic,1,0,0
SIHDR_176,SIHDR_176_e11.jpg,2471,16666.666667,32,1024,SDR,164,11,100,14.0,16666.666667,7.380821783969785,17.194602975157967,17.194602975157967,17.194602975157967,0.75,1,,,0.55,sihdr_reference_heuristic,1,0,0
SIHDR_176,SIHDR_176_e12.jpg,2472,8000.000000,32,1024,SDR,164,12,100,14.0,8000.0,6.321928094887363,17.194602975157967,17.194602975157967,17.194602975157967,0.75,1,,,0.55,sihdr_reference_heuristic,1,0,0
SIHDR_176,SIHDR_176_e13.jpg,2473,4000.000000,32,1024,SDR,164,13,100,14.0,4000.0,5.321928094887363,17.194602975157967,17.194602975157967,17.194602975157967,0.75,1,,,0.55,sihdr_reference_heuristic,1,0,0
SIHDR_176,SIHDR_176_e14.jpg,2474,2000.000000,32,1024,SDR,164,14,100,14.0,2000.0,4.321928094887363,17.194602975157967,17.194602975157967,17.194602975157967,0.75,1,,,0.55,sihdr_reference_heuristic,1,0,0
SIHDR_177,SIHDR_177_e00.jpg,2475,15000000.000000,32,1024,SDR,165,0,100,14.0,15000000.0,17.194602975157967,17.194602975157967,17.194602975157967,17.194602975157967,0.75,1,,,0.55,sihdr_reference_heuristic,1,0,0
SIHDR_177,SIHDR_177_e01.jpg,2476,8000000.000000,32,1024,SDR,165,1,100,14.0,8000000.0,16.28771237954945,17.194602975157967,17.194602975157967,17.194602975157967,0.75,1,,,0.55,sihdr_reference_heuristic,1,0,0
SIHDR_177,SIHDR_177_e02.jpg,2477,6000000.000000,32,1024,SDR,165,2,100,14.0,6000000.0,15.872674880270605,17.194602975157967,17.194602975157967,17.194602975157967,0.75,1,,,0.55,sihdr_reference_heuristic,1,0,0
SIHDR_177,SIHDR_177_e03.jpg,2478,4000000.000000,32,1024,SDR,165,3,100,14.0,4000000.0,15.287712379549449,17.194602975157967,17.194602975157967,17.194602975157967,0.75,1,,,0.55,sihdr_reference_heuristic,1,0,0
SIHDR_177,SIHDR_177_e04.jpg,2479,2000000.000000,32,1024,SDR,165,4,100,14.0,2000000.0,14.287712379549449,17.194602975157967,17.194602975157967,17.194602975157967,0.75,1,,,0.55,sihdr_reference_heuristic,1,0,0
SIHDR_177,SIHDR_177_e05.jpg,2480,1000000.000000,32,1024,SDR,165,5,100,14.0,1000000.0,13.287712379549449,17.194602975157967,17.194602975157967,17.194602975157967,0.75,1,,,0.55,sihdr_reference_heuristic,1,0,0
SIHDR_177,SIHDR_177_e06.jpg,2481,500000.000000,32,1024,SDR,165,6,100,14.0,500000.0,12.287712379549449,17.194602975157967,17.194602975157967,17.194602975157967,0.75,1,,,0.55,sihdr_reference_heuristic,1,0,0
SIHDR_177,SIHDR_177_e07.jpg,2482,250000.000000,32,1024,SDR,165,7,100,14.0,250000.0,11.287712379549449,17.194602975157967,17.194602975157967,17.194602975157967,0.75,1,,,0.55,sihdr_reference_heuristic,1,0,0
SIHDR_177,SIHDR_177_e08.jpg,2483,125000.000000,32,1024,SDR,165,8,100,14.0,125000.0,10.287712379549449,17.194602975157967,17.194602975157967,17.194602975157967,0.75,1,,,0.55,sihdr_reference_heuristic,1,0,0
SIHDR_177,SIHDR_177_e09.jpg,2484,66666.666667,32,1024,SDR,165,9,100,14.0,66666.666667,9.380821783948145,17.194602975157967,17.194602975157967,17.194602975157967,0.75,1,,,0.55,sihdr_reference_heuristic,1,0,0
SIHDR_177,SIHDR_177_e10.jpg,2485,33333.333333,32,1024,SDR,165,10,100,14.0,33333.333333,8.380821783926503,17.194602975157967,17.194602975157967,17.194602975157967,0.75,1,,,0.55,sihdr_reference_heuristic,1,0,0
SIHDR_177,SIHDR_177_e11.jpg,2486,16666.666667,32,1024,SDR,165,11,100,14.0,16666.666667,7.380821783969785,17.194602975157967,17.194602975157967,17.194602975157967,0.75,1,,,0.55,sihdr_reference_heuristic,1,0,0
SIHDR_177,SIHDR_177_e12.jpg,2487,8000.000000,32,1024,SDR,165,12,100,14.0,8000.0,6.321928094887363,17.194602975157967,17.194602975157967,17.194602975157967,0.75,1,,,0.55,sihdr_reference_heuristic,1,0,0
SIHDR_177,SIHDR_177_e13.jpg,2488,4000.000000,32,1024,SDR,165,13,100,14.0,4000.0,5.321928094887363,17.194602975157967,17.194602975157967,17.194602975157967,0.75,1,,,0.55,sihdr_reference_heuristic,1,0,0
SIHDR_177,SIHDR_177_e14.jpg,2489,2000.000000,32,1024,SDR,165,14,100,14.0,2000.0,4.321928094887363,17.194602975157967,17.194602975157967,17.194602975157967,0.75,1,,,0.55,sihdr_reference_heuristic,1,0,0
SIHDR_178,SIHDR_178_e00.jpg,2490,15000000.000000,32,1024,SDR,166,0,100,14.0,15000000.0,17.194602975157967,13.287712379549449,12.287712379549449,13.287712379549449,0.75,1,,,0.55,sihdr_reference_heuristic,1,0,1
SIHDR_178,SIHDR_178_e01.jpg,2491,8000000.000000,32,1024,SDR,166,1,100,14.0,8000000.0,16.28771237954945,13.287712379549449,12.287712379549449,13.287712379549449,0.75,1,,,0.55,sihdr_reference_heuristic,1,0,1
SIHDR_178,SIHDR_178_e02.jpg,2492,6000000.000000,32,1024,SDR,166,2,100,14.0,6000000.0,15.872674880270605,13.287712379549449,12.287712379549449,13.287712379549449,0.75,1,,,0.55,sihdr_reference_heuristic,1,0,1
SIHDR_178,SIHDR_178_e03.jpg,2493,4000000.000000,32,1024,SDR,166,3,100,14.0,4000000.0,15.287712379549449,13.287712379549449,12.287712379549449,13.287712379549449,0.75,1,,,0.55,sihdr_reference_heuristic,1,0,1
SIHDR_178,SIHDR_178_e04.jpg,2494,2000000.000000,32,1024,SDR,166,4,100,14.0,2000000.0,14.287712379549449,13.287712379549449,12.287712379549449,13.287712379549449,0.75,1,,,0.55,sihdr_reference_heuristic,1,0,1
SIHDR_178,SIHDR_178_e05.jpg,2495,1000000.000000,32,1024,SDR,166,5,100,14.0,1000000.0,13.287712379549449,13.287712379549449,12.287712379549449,13.287712379549449,0.75,1,,,0.55,sihdr_reference_heuristic,1,0,1
SIHDR_178,SIHDR_178_e06.jpg,2496,500000.000000,32,1024,SDR,166,6,100,14.0,500000.0,12.287712379549449,13.287712379549449,12.287712379549449,13.287712379549449,0.75,1,,,0.55,sihdr_reference_heuristic,1,0,1
SIHDR_178,SIHDR_178_e07.jpg,2497,250000.000000,32,1024,SDR,166,7,100,14.0,250000.0,11.287712379549449,13.287712379549449,12.287712379549449,13.287712379549449,0.75,1,,,0.55,sihdr_reference_heuristic,1,0,1
SIHDR_178,SIHDR_178_e08.jpg,2498,125000.000000,32,1024,SDR,166,8,100,14.0,125000.0,10.287712379549449,13.287712379549449,12.287712379549449,13.287712379549449,0.75,1,,,0.55,sihdr_reference_heuristic,1,0,1
SIHDR_178,SIHDR_178_e09.jpg,2499,66666.666667,32,1024,SDR,166,9,100,14.0,66666.666667,9.380821783948145,13.287712379549449,12.287712379549449,13.287712379549449,0.75,1,,,0.55,sihdr_reference_heuristic,1,0,1
SIHDR_178,SIHDR_178_e10.jpg,2500,33333.333333,32,1024,SDR,166,10,100,14.0,33333.333333,8.380821783926503,13.287712379549449,12.287712379549449,13.287712379549449,0.75,1,,,0.55,sihdr_reference_heuristic,1,0,1
SIHDR_178,SIHDR_178_e11.jpg,2501,16666.666667,32,1024,SDR,166,11,100,14.0,16666.666667,7.380821783969785,13.287712379549449,12.287712379549449,13.287712379549449,0.75,1,,,0.55,sihdr_reference_heuristic,1,0,1
SIHDR_178,SIHDR_178_e12.jpg,2502,8000.000000,32,1024,SDR,166,12,100,14.0,8000.0,6.321928094887363,13.287712379549449,12.287712379549449,13.287712379549449,0.75,1,,,0.55,sihdr_reference_heuristic,1,0,1
SIHDR_178,SIHDR_178_e13.jpg,2503,4000.000000,32,1024,SDR,166,13,100,14.0,4000.0,5.321928094887363,13.287712379549449,12.287712379549449,13.287712379549449,0.75,1,,,0.55,sihdr_reference_heuristic,1,0,1
SIHDR_178,SIHDR_178_e14.jpg,2504,2000.000000,32,1024,SDR,166,14,100,14.0,2000.0,4.321928094887363,13.287712379549449,12.287712379549449,13.287712379549449,0.75,1,,,0.55,sihdr_reference_heuristic,1,0,1
SIHDR_179,SIHDR_179_e00.jpg,2505,15000000.000000,32,1024,SDR,167,0,100,14.0,15000000.0,17.194602975157967,13.287712379549449,12.287712379549449,13.287712379549449,0.75,1,,,0.55,sihdr_reference_heuristic,1,0,1
SIHDR_179,SIHDR_179_e01.jpg,2506,8000000.000000,32,1024,SDR,167,1,100,14.0,8000000.0,16.28771237954945,13.287712379549449,12.287712379549449,13.287712379549449,0.75,1,,,0.55,sihdr_reference_heuristic,1,0,1
SIHDR_179,SIHDR_179_e02.jpg,2507,6000000.000000,32,1024,SDR,167,2,100,14.0,6000000.0,15.872674880270605,13.287712379549449,12.287712379549449,13.287712379549449,0.75,1,,,0.55,sihdr_reference_heuristic,1,0,1
SIHDR_179,SIHDR_179_e03.jpg,2508,4000000.000000,32,1024,SDR,167,3,100,14.0,4000000.0,15.287712379549449,13.287712379549449,12.287712379549449,13.287712379549449,0.75,1,,,0.55,sihdr_reference_heuristic,1,0,1
SIHDR_179,SIHDR_179_e04.jpg,2509,2000000.000000,32,1024,SDR,167,4,100,14.0,2000000.0,14.287712379549449,13.287712379549449,12.287712379549449,13.287712379549449,0.75,1,,,0.55,sihdr_reference_heuristic,1,0,1
SIHDR_179,SIHDR_179_e05.jpg,2510,1000000.000000,32,1024,SDR,167,5,100,14.0,1000000.0,13.287712379549449,13.287712379549449,12.287712379549449,13.287712379549449,0.75,1,,,0.55,sihdr_reference_heuristic,1,0,1
SIHDR_179,SIHDR_179_e06.jpg,2511,500000.000000,32,1024,SDR,167,6,100,14.0,500000.0,12.287712379549449,13.287712379549449,12.287712379549449,13.287712379549449,0.75,1,,,0.55,sihdr_reference_heuristic,1,0,1
SIHDR_179,SIHDR_179_e07.jpg,2512,250000.000000,32,1024,SDR,167,7,100,14.0,250000.0,11.287712379549449,13.287712379549449,12.287712379549449,13.287712379549449,0.75,1,,,0.55,sihdr_reference_heuristic,1,0,1
SIHDR_179,SIHDR_179_e08.jpg,2513,125000.000000,32,1024,SDR,167,8,100,14.0,125000.0,10.287712379549449,13.287712379549449,12.287712379549449,13.287712379549449,0.75,1,,,0.55,sihdr_reference_heuristic,1,0,1
SIHDR_179,SIHDR_179_e09.jpg,2514,66666.666667,32,1024,SDR,167,9,100,14.0,66666.666667,9.380821783948145,13.287712379549449,12.287712379549449,13.287712379549449,0.75,1,,,0.55,sihdr_reference_heuristic,1,0,1
SIHDR_179,SIHDR_179_e10.jpg,2515,33333.333333,32,1024,SDR,167,10,100,14.0,33333.333333,8.380821783926503,13.287712379549449,12.287712379549449,13.287712379549449,0.75,1,,,0.55,sihdr_reference_heuristic,1,0,1
SIHDR_179,SIHDR_179_e11.jpg,2516,16666.666667,32,1024,SDR,167,11,100,14.0,16666.666667,7.380821783969785,13.287712379549449,12.287712379549449,13.287712379549449,0.75,1,,,0.55,sihdr_reference_heuristic,1,0,1
SIHDR_179,SIHDR_179_e12.jpg,2517,8000.000000,32,1024,SDR,167,12,100,14.0,8000.0,6.321928094887363,13.287712379549449,12.287712379549449,13.287712379549449,0.75,1,,,0.55,sihdr_reference_heuristic,1,0,1
SIHDR_179,SIHDR_179_e13.jpg,2518,4000.000000,32,1024,SDR,167,13,100,14.0,4000.0,5.321928094887363,13.287712379549449,12.287712379549449,13.287712379549449,0.75,1,,,0.55,sihdr_reference_heuristic,1,0,1
SIHDR_179,SIHDR_179_e14.jpg,2519,2000.000000,32,1024,SDR,167,14,100,14.0,2000.0,4.321928094887363,13.287712379549449,12.287712379549449,13.287712379549449,0.75,1,,,0.55,sihdr_reference_heuristic,1,0,1
SIHDR_180,SIHDR_180_e00.jpg,2520,15000000.000000,32,1024,SDR,168,0,100,14.0,15000000.0,17.194602975157967,13.287712379549449,12.287712379549449,13.287712379549449,0.75,1,,,0.55,sihdr_reference_heuristic,1,0,1
SIHDR_180,SIHDR_180_e01.jpg,2521,8000000.000000,32,1024,SDR,168,1,100,14.0,8000000.0,16.28771237954945,13.287712379549449,12.287712379549449,13.287712379549449,0.75,1,,,0.55,sihdr_reference_heuristic,1,0,1
SIHDR_180,SIHDR_180_e02.jpg,2522,6000000.000000,32,1024,SDR,168,2,100,14.0,6000000.0,15.872674880270605,13.287712379549449,12.287712379549449,13.287712379549449,0.75,1,,,0.55,sihdr_reference_heuristic,1,0,1
SIHDR_180,SIHDR_180_e03.jpg,2523,4000000.000000,32,1024,SDR,168,3,100,14.0,4000000.0,15.287712379549449,13.287712379549449,12.287712379549449,13.287712379549449,0.75,1,,,0.55,sihdr_reference_heuristic,1,0,1
SIHDR_180,SIHDR_180_e04.jpg,2524,2000000.000000,32,1024,SDR,168,4,100,14.0,2000000.0,14.287712379549449,13.287712379549449,12.287712379549449,13.287712379549449,0.75,1,,,0.55,sihdr_reference_heuristic,1,0,1
SIHDR_180,SIHDR_180_e05.jpg,2525,1000000.000000,32,1024,SDR,168,5,100,14.0,1000000.0,13.287712379549449,13.287712379549449,12.287712379549449,13.287712379549449,0.75,1,,,0.55,sihdr_reference_heuristic,1,0,1
SIHDR_180,SIHDR_180_e06.jpg,2526,500000.000000,32,1024,SDR,168,6,100,14.0,500000.0,12.287712379549449,13.287712379549449,12.287712379549449,13.287712379549449,0.75,1,,,0.55,sihdr_reference_heuristic,1,0,1
SIHDR_180,SIHDR_180_e07.jpg,2527,250000.000000,32,1024,SDR,168,7,100,14.0,250000.0,11.287712379549449,13.287712379549449,12.287712379549449,13.287712379549449,0.75,1,,,0.55,sihdr_reference_heuristic,1,0,1
SIHDR_180,SIHDR_180_e08.jpg,2528,125000.000000,32,1024,SDR,168,8,100,14.0,125000.0,10.287712379549449,13.287712379549449,12.287712379549449,13.287712379549449,0.75,1,,,0.55,sihdr_reference_heuristic,1,0,1
SIHDR_180,SIHDR_180_e09.jpg,2529,66666.666667,32,1024,SDR,168,9,100,14.0,66666.666667,9.380821783948145,13.287712379549449,12.287712379549449,13.287712379549449,0.75,1,,,0.55,sihdr_reference_heuristic,1,0,1
SIHDR_180,SIHDR_180_e10.jpg,2530,33333.333333,32,1024,SDR,168,10,100,14.0,33333.333333,8.380821783926503,13.287712379549449,12.287712379549449,13.287712379549449,0.75,1,,,0.55,sihdr_reference_heuristic,1,0,1
SIHDR_180,SIHDR_180_e11.jpg,2531,16666.666667,32,1024,SDR,168,11,100,14.0,16666.666667,7.380821783969785,13.287712379549449,12.287712379549449,13.287712379549449,0.75,1,,,0.55,sihdr_reference_heuristic,1,0,1
SIHDR_180,SIHDR_180_e12.jpg,2532,8000.000000,32,1024,SDR,168,12,100,14.0,8000.0,6.321928094887363,13.287712379549449,12.287712379549449,13.287712379549449,0.75,1,,,0.55,sihdr_reference_heuristic,1,0,1
SIHDR_180,SIHDR_180_e13.jpg,2533,4000.000000,32,1024,SDR,168,13,100,14.0,4000.0,5.321928094887363,13.287712379549449,12.287712379549449,13.287712379549449,0.75,1,,,0.55,sihdr_reference_heuristic,1,0,1
SIHDR_180,SIHDR_180_e14.jpg,2534,2000.000000,32,1024,SDR,168,14,100,14.0,2000.0,4.321928094887363,13.287712379549449,12.287712379549449,13.287712379549449,0.75,1,,,0.55,sihdr_reference_heuristic,1,0,1
SIHDR_181,SIHDR_181_e00.jpg,2535,15000000.000000,32,1024,SDR,169,0,100,14.0,15000000.0,17.194602975157967,11.287712379549449,11.287712379549449,11.287712379549449,0.75,1,,,0.55,sihdr_reference_heuristic,1,0,1
SIHDR_181,SIHDR_181_e01.jpg,2536,8000000.000000,32,1024,SDR,169,1,100,14.0,8000000.0,16.28771237954945,11.287712379549449,11.287712379549449,11.287712379549449,0.75,1,,,0.55,sihdr_reference_heuristic,1,0,1
SIHDR_181,SIHDR_181_e02.jpg,2537,6000000.000000,32,1024,SDR,169,2,100,14.0,6000000.0,15.872674880270605,11.287712379549449,11.287712379549449,11.287712379549449,0.75,1,,,0.55,sihdr_reference_heuristic,1,0,1
SIHDR_181,SIHDR_181_e03.jpg,2538,4000000.000000,32,1024,SDR,169,3,100,14.0,4000000.0,15.287712379549449,11.287712379549449,11.287712379549449,11.287712379549449,0.75,1,,,0.55,sihdr_reference_heuristic,1,0,1
SIHDR_181,SIHDR_181_e04.jpg,2539,2000000.000000,32,1024,SDR,169,4,100,14.0,2000000.0,14.287712379549449,11.287712379549449,11.287712379549449,11.287712379549449,0.75,1,,,0.55,sihdr_reference_heuristic,1,0,1
SIHDR_181,SIHDR_181_e05.jpg,2540,1000000.000000,32,1024,SDR,169,5,100,14.0,1000000.0,13.287712379549449,11.287712379549449,11.287712379549449,11.287712379549449,0.75,1,,,0.55,sihdr_reference_heuristic,1,0,1
SIHDR_181,SIHDR_181_e06.jpg,2541,500000.000000,32,1024,SDR,169,6,100,14.0,500000.0,12.287712379549449,11.287712379549449,11.287712379549449,11.287712379549449,0.75,1,,,0.55,sihdr_reference_heuristic,1,0,1
SIHDR_181,SIHDR_181_e07.jpg,2542,250000.000000,32,1024,SDR,169,7,100,14.0,250000.0,11.287712379549449,11.287712379549449,11.287712379549449,11.287712379549449,0.75,1,,,0.55,sihdr_reference_heuristic,1,0,1
SIHDR_181,SIHDR_181_e08.jpg,2543,125000.000000,32,1024,SDR,169,8,100,14.0,125000.0,10.287712379549449,11.287712379549449,11.287712379549449,11.287712379549449,0.75,1,,,0.55,sihdr_reference_heuristic,1,0,1
SIHDR_181,SIHDR_181_e09.jpg,2544,66666.666667,32,1024,SDR,169,9,100,14.0,66666.666667,9.380821783948145,11.287712379549449,11.287712379549449,11.287712379549449,0.75,1,,,0.55,sihdr_reference_heuristic,1,0,1
SIHDR_181,SIHDR_181_e10.jpg,2545,33333.333333,32,1024,SDR,169,10,100,14.0,33333.333333,8.380821783926503,11.287712379549449,11.287712379549449,11.287712379549449,0.75,1,,,0.55,sihdr_reference_heuristic,1,0,1
SIHDR_181,SIHDR_181_e11.jpg,2546,16666.666667,32,1024,SDR,169,11,100,14.0,16666.666667,7.380821783969785,11.287712379549449,11.287712379549449,11.287712379549449,0.75,1,,,0.55,sihdr_reference_heuristic,1,0,1
SIHDR_181,SIHDR_181_e12.jpg,2547,8000.000000,32,1024,SDR,169,12,100,14.0,8000.0,6.321928094887363,11.287712379549449,11.287712379549449,11.287712379549449,0.75,1,,,0.55,sihdr_reference_heuristic,1,0,1
SIHDR_181,SIHDR_181_e13.jpg,2548,4000.000000,32,1024,SDR,169,13,100,14.0,4000.0,5.321928094887363,11.287712379549449,11.287712379549449,11.287712379549449,0.75,1,,,0.55,sihdr_reference_heuristic,1,0,1
SIHDR_181,SIHDR_181_e14.jpg,2549,2000.000000,32,1024,SDR,169,14,100,14.0,2000.0,4.321928094887363,11.287712379549449,11.287712379549449,11.287712379549449,0.75,1,,,0.55,sihdr_reference_heuristic,1,0,1
SIHDR_182,SIHDR_182_e00.jpg,2550,15000000.000000,32,1024,SDR,170,0,100,14.0,15000000.0,17.194602975157967,11.287712379549449,11.287712379549449,11.287712379549449,0.75,1,,,0.55,sihdr_reference_heuristic,1,0,1
SIHDR_182,SIHDR_182_e01.jpg,2551,8000000.000000,32,1024,SDR,170,1,100,14.0,8000000.0,16.28771237954945,11.287712379549449,11.287712379549449,11.287712379549449,0.75,1,,,0.55,sihdr_reference_heuristic,1,0,1
SIHDR_182,SIHDR_182_e02.jpg,2552,6000000.000000,32,1024,SDR,170,2,100,14.0,6000000.0,15.872674880270605,11.287712379549449,11.287712379549449,11.287712379549449,0.75,1,,,0.55,sihdr_reference_heuristic,1,0,1
SIHDR_182,SIHDR_182_e03.jpg,2553,4000000.000000,32,1024,SDR,170,3,100,14.0,4000000.0,15.287712379549449,11.287712379549449,11.287712379549449,11.287712379549449,0.75,1,,,0.55,sihdr_reference_heuristic,1,0,1
SIHDR_182,SIHDR_182_e04.jpg,2554,2000000.000000,32,1024,SDR,170,4,100,14.0,2000000.0,14.287712379549449,11.287712379549449,11.287712379549449,11.287712379549449,0.75,1,,,0.55,sihdr_reference_heuristic,1,0,1
SIHDR_182,SIHDR_182_e05.jpg,2555,1000000.000000,32,1024,SDR,170,5,100,14.0,1000000.0,13.287712379549449,11.287712379549449,11.287712379549449,11.287712379549449,0.75,1,,,0.55,sihdr_reference_heuristic,1,0,1
SIHDR_182,SIHDR_182_e06.jpg,2556,500000.000000,32,1024,SDR,170,6,100,14.0,500000.0,12.287712379549449,11.287712379549449,11.287712379549449,11.287712379549449,0.75,1,,,0.55,sihdr_reference_heuristic,1,0,1
SIHDR_182,SIHDR_182_e07.jpg,2557,250000.000000,32,1024,SDR,170,7,100,14.0,250000.0,11.287712379549449,11.287712379549449,11.287712379549449,11.287712379549449,0.75,1,,,0.55,sihdr_reference_heuristic,1,0,1
SIHDR_182,SIHDR_182_e08.jpg,2558,125000.000000,32,1024,SDR,170,8,100,14.0,125000.0,10.287712379549449,11.287712379549449,11.287712379549449,11.287712379549449,0.75,1,,,0.55,sihdr_reference_heuristic,1,0,1
SIHDR_182,SIHDR_182_e09.jpg,2559,66666.666667,32,1024,SDR,170,9,100,14.0,66666.666667,9.380821783948145,11.287712379549449,11.287712379549449,11.287712379549449,0.75,1,,,0.55,sihdr_reference_heuristic,1,0,1
SIHDR_182,SIHDR_182_e10.jpg,2560,33333.333333,32,1024,SDR,170,10,100,14.0,33333.333333,8.380821783926503,11.287712379549449,11.287712379549449,11.287712379549449,0.75,1,,,0.55,sihdr_reference_heuristic,1,0,1
SIHDR_182,SIHDR_182_e11.jpg,2561,16666.666667,32,1024,SDR,170,11,100,14.0,16666.666667,7.380821783969785,11.287712379549449,11.287712379549449,11.287712379549449,0.75,1,,,0.55,sihdr_reference_heuristic,1,0,1
SIHDR_182,SIHDR_182_e12.jpg,2562,8000.000000,32,1024,SDR,170,12,100,14.0,8000.0,6.321928094887363,11.287712379549449,11.287712379549449,11.287712379549449,0.75,1,,,0.55,sihdr_reference_heuristic,1,0,1
SIHDR_182,SIHDR_182_e13.jpg,2563,4000.000000,32,1024,SDR,170,13,100,14.0,4000.0,5.321928094887363,11.287712379549449,11.287712379549449,11.287712379549449,0.75,1,,,0.55,sihdr_reference_heuristic,1,0,1
SIHDR_182,SIHDR_182_e14.jpg,2564,2000.000000,32,1024,SDR,170,14,100,14.0,2000.0,4.321928094887363,11.287712379549449,11.287712379549449,11.287712379549449,0.75,1,,,0.55,sihdr_reference_heuristic,1,0,1
SIHDR_183,SIHDR_183_e00.jpg,2565,15000000.000000,32,1024,SDR,171,0,100,14.0,15000000.0,17.194602975157967,13.287712379549449,12.287712379549449,13.287712379549449,0.5,,,,0.55,sihdr_reference_heuristic,0,0,1
SIHDR_183,SIHDR_183_e01.jpg,2566,8000000.000000,32,1024,SDR,171,1,100,14.0,8000000.0,16.28771237954945,13.287712379549449,12.287712379549449,13.287712379549449,0.5,,,,0.55,sihdr_reference_heuristic,0,0,1
SIHDR_183,SIHDR_183_e02.jpg,2567,6000000.000000,32,1024,SDR,171,2,100,14.0,6000000.0,15.872674880270605,13.287712379549449,12.287712379549449,13.287712379549449,0.5,,,,0.55,sihdr_reference_heuristic,0,0,1
SIHDR_183,SIHDR_183_e03.jpg,2568,4000000.000000,32,1024,SDR,171,3,100,14.0,4000000.0,15.287712379549449,13.287712379549449,12.287712379549449,13.287712379549449,0.5,,,,0.55,sihdr_reference_heuristic,0,0,1
SIHDR_183,SIHDR_183_e04.jpg,2569,2000000.000000,32,1024,SDR,171,4,100,14.0,2000000.0,14.287712379549449,13.287712379549449,12.287712379549449,13.287712379549449,0.5,,,,0.55,sihdr_reference_heuristic,0,0,1
SIHDR_183,SIHDR_183_e05.jpg,2570,1000000.000000,32,1024,SDR,171,5,100,14.0,1000000.0,13.287712379549449,13.287712379549449,12.287712379549449,13.287712379549449,0.5,,,,0.55,sihdr_reference_heuristic,0,0,1
SIHDR_183,SIHDR_183_e06.jpg,2571,500000.000000,32,1024,SDR,171,6,100,14.0,500000.0,12.287712379549449,13.287712379549449,12.287712379549449,13.287712379549449,0.5,,,,0.55,sihdr_reference_heuristic,0,0,1
SIHDR_183,SIHDR_183_e07.jpg,2572,250000.000000,32,1024,SDR,171,7,100,14.0,250000.0,11.287712379549449,13.287712379549449,12.287712379549449,13.287712379549449,0.5,,,,0.55,sihdr_reference_heuristic,0,0,1
SIHDR_183,SIHDR_183_e08.jpg,2573,125000.000000,32,1024,SDR,171,8,100,14.0,125000.0,10.287712379549449,13.287712379549449,12.287712379549449,13.287712379549449,0.5,,,,0.55,sihdr_reference_heuristic,0,0,1
SIHDR_183,SIHDR_183_e09.jpg,2574,66666.666667,32,1024,SDR,171,9,100,14.0,66666.666667,9.380821783948145,13.287712379549449,12.287712379549449,13.287712379549449,0.5,,,,0.55,sihdr_reference_heuristic,0,0,1
SIHDR_183,SIHDR_183_e10.jpg,2575,33333.333333,32,1024,SDR,171,10,100,14.0,33333.333333,8.380821783926503,13.287712379549449,12.287712379549449,13.287712379549449,0.5,,,,0.55,sihdr_reference_heuristic,0,0,1
SIHDR_183,SIHDR_183_e11.jpg,2576,16666.666667,32,1024,SDR,171,11,100,14.0,16666.666667,7.380821783969785,13.287712379549449,12.287712379549449,13.287712379549449,0.5,,,,0.55,sihdr_reference_heuristic,0,0,1
SIHDR_183,SIHDR_183_e12.jpg,2577,8000.000000,32,1024,SDR,171,12,100,14.0,8000.0,6.321928094887363,13.287712379549449,12.287712379549449,13.287712379549449,0.5,,,,0.55,sihdr_reference_heuristic,0,0,1
SIHDR_183,SIHDR_183_e13.jpg,2578,4000.000000,32,1024,SDR,171,13,100,14.0,4000.0,5.321928094887363,13.287712379549449,12.287712379549449,13.287712379549449,0.5,,,,0.55,sihdr_reference_heuristic,0,0,1
SIHDR_183,SIHDR_183_e14.jpg,2579,2000.000000,32,1024,SDR,171,14,100,14.0,2000.0,4.321928094887363,13.287712379549449,12.287712379549449,13.287712379549449,0.5,,,,0.55,sihdr_reference_heuristic,0,0,1
SIHDR_184,SIHDR_184_e00.jpg,2580,15000000.000000,32,1024,SDR,172,0,100,14.0,15000000.0,17.194602975157967,17.194602975157967,15.287712379549449,17.194602975157967,0.75,1,,,0.55,sihdr_reference_heuristic,1,0,0
SIHDR_184,SIHDR_184_e01.jpg,2581,8000000.000000,32,1024,SDR,172,1,100,14.0,8000000.0,16.28771237954945,17.194602975157967,15.287712379549449,17.194602975157967,0.75,1,,,0.55,sihdr_reference_heuristic,1,0,0
SIHDR_184,SIHDR_184_e02.jpg,2582,6000000.000000,32,1024,SDR,172,2,100,14.0,6000000.0,15.872674880270605,17.194602975157967,15.287712379549449,17.194602975157967,0.75,1,,,0.55,sihdr_reference_heuristic,1,0,0
SIHDR_184,SIHDR_184_e03.jpg,2583,4000000.000000,32,1024,SDR,172,3,100,14.0,4000000.0,15.287712379549449,17.194602975157967,15.287712379549449,17.194602975157967,0.75,1,,,0.55,sihdr_reference_heuristic,1,0,0
SIHDR_184,SIHDR_184_e04.jpg,2584,2000000.000000,32,1024,SDR,172,4,100,14.0,2000000.0,14.287712379549449,17.194602975157967,15.287712379549449,17.194602975157967,0.75,1,,,0.55,sihdr_reference_heuristic,1,0,0
SIHDR_184,SIHDR_184_e05.jpg,2585,1000000.000000,32,1024,SDR,172,5,100,14.0,1000000.0,13.287712379549449,17.194602975157967,15.287712379549449,17.194602975157967,0.75,1,,,0.55,sihdr_reference_heuristic,1,0,0
SIHDR_184,SIHDR_184_e06.jpg,2586,500000.000000,32,1024,SDR,172,6,100,14.0,500000.0,12.287712379549449,17.194602975157967,15.287712379549449,17.194602975157967,0.75,1,,,0.55,sihdr_reference_heuristic,1,0,0
SIHDR_184,SIHDR_184_e07.jpg,2587,250000.000000,32,1024,SDR,172,7,100,14.0,250000.0,11.287712379549449,17.194602975157967,15.287712379549449,17.194602975157967,0.75,1,,,0.55,sihdr_reference_heuristic,1,0,0
SIHDR_184,SIHDR_184_e08.jpg,2588,125000.000000,32,1024,SDR,172,8,100,14.0,125000.0,10.287712379549449,17.194602975157967,15.287712379549449,17.194602975157967,0.75,1,,,0.55,sihdr_reference_heuristic,1,0,0
SIHDR_184,SIHDR_184_e09.jpg,2589,66666.666667,32,1024,SDR,172,9,100,14.0,66666.666667,9.380821783948145,17.194602975157967,15.287712379549449,17.194602975157967,0.75,1,,,0.55,sihdr_reference_heuristic,1,0,0
SIHDR_184,SIHDR_184_e10.jpg,2590,33333.333333,32,1024,SDR,172,10,100,14.0,33333.333333,8.380821783926503,17.194602975157967,15.287712379549449,17.194602975157967,0.75,1,,,0.55,sihdr_reference_heuristic,1,0,0
SIHDR_184,SIHDR_184_e11.jpg,2591,16666.666667,32,1024,SDR,172,11,100,14.0,16666.666667,7.380821783969785,17.194602975157967,15.287712379549449,17.194602975157967,0.75,1,,,0.55,sihdr_reference_heuristic,1,0,0
SIHDR_184,SIHDR_184_e12.jpg,2592,8000.000000,32,1024,SDR,172,12,100,14.0,8000.0,6.321928094887363,17.194602975157967,15.287712379549449,17.194602975157967,0.75,1,,,0.55,sihdr_reference_heuristic,1,0,0
SIHDR_184,SIHDR_184_e13.jpg,2593,4000.000000,32,1024,SDR,172,13,100,14.0,4000.0,5.321928094887363,17.194602975157967,15.287712379549449,17.194602975157967,0.75,1,,,0.55,sihdr_reference_heuristic,1,0,0
SIHDR_184,SIHDR_184_e14.jpg,2594,2000.000000,32,1024,SDR,172,14,100,14.0,2000.0,4.321928094887363,17.194602975157967,15.287712379549449,17.194602975157967,0.75,1,,,0.55,sihdr_reference_heuristic,1,0,0
SIHDR_185,SIHDR_185_e00.jpg,2595,15000000.000000,32,1024,SDR,173,0,100,14.0,15000000.0,17.194602975157967,16.28771237954945,14.287712379549449,17.194602975157967,0.75,1,,,0.55,sihdr_reference_heuristic,1,0,1
SIHDR_185,SIHDR_185_e01.jpg,2596,8000000.000000,32,1024,SDR,173,1,100,14.0,8000000.0,16.28771237954945,16.28771237954945,14.287712379549449,17.194602975157967,0.75,1,,,0.55,sihdr_reference_heuristic,1,0,1
SIHDR_185,SIHDR_185_e02.jpg,2597,6000000.000000,32,1024,SDR,173,2,100,14.0,6000000.0,15.872674880270605,16.28771237954945,14.287712379549449,17.194602975157967,0.75,1,,,0.55,sihdr_reference_heuristic,1,0,1
SIHDR_185,SIHDR_185_e03.jpg,2598,4000000.000000,32,1024,SDR,173,3,100,14.0,4000000.0,15.287712379549449,16.28771237954945,14.287712379549449,17.194602975157967,0.75,1,,,0.55,sihdr_reference_heuristic,1,0,1
SIHDR_185,SIHDR_185_e04.jpg,2599,2000000.000000,32,1024,SDR,173,4,100,14.0,2000000.0,14.287712379549449,16.28771237954945,14.287712379549449,17.194602975157967,0.75,1,,,0.55,sihdr_reference_heuristic,1,0,1
SIHDR_185,SIHDR_185_e05.jpg,2600,1000000.000000,32,1024,SDR,173,5,100,14.0,1000000.0,13.287712379549449,16.28771237954945,14.287712379549449,17.194602975157967,0.75,1,,,0.55,sihdr_reference_heuristic,1,0,1
SIHDR_185,SIHDR_185_e06.jpg,2601,500000.000000,32,1024,SDR,173,6,100,14.0,500000.0,12.287712379549449,16.28771237954945,14.287712379549449,17.194602975157967,0.75,1,,,0.55,sihdr_reference_heuristic,1,0,1
SIHDR_185,SIHDR_185_e07.jpg,2602,250000.000000,32,1024,SDR,173,7,100,14.0,250000.0,11.287712379549449,16.28771237954945,14.287712379549449,17.194602975157967,0.75,1,,,0.55,sihdr_reference_heuristic,1,0,1
SIHDR_185,SIHDR_185_e08.jpg,2603,125000.000000,32,1024,SDR,173,8,100,14.0,125000.0,10.287712379549449,16.28771237954945,14.287712379549449,17.194602975157967,0.75,1,,,0.55,sihdr_reference_heuristic,1,0,1
SIHDR_185,SIHDR_185_e09.jpg,2604,66666.666667,32,1024,SDR,173,9,100,14.0,66666.666667,9.380821783948145,16.28771237954945,14.287712379549449,17.194602975157967,0.75,1,,,0.55,sihdr_reference_heuristic,1,0,1
SIHDR_185,SIHDR_185_e10.jpg,2605,33333.333333,32,1024,SDR,173,10,100,14.0,33333.333333,8.380821783926503,16.28771237954945,14.287712379549449,17.194602975157967,0.75,1,,,0.55,sihdr_reference_heuristic,1,0,1
SIHDR_185,SIHDR_185_e11.jpg,2606,16666.666667,32,1024,SDR,173,11,100,14.0,16666.666667,7.380821783969785,16.28771237954945,14.287712379549449,17.194602975157967,0.75,1,,,0.55,sihdr_reference_heuristic,1,0,1
SIHDR_185,SIHDR_185_e12.jpg,2607,8000.000000,32,1024,SDR,173,12,100,14.0,8000.0,6.321928094887363,16.28771237954945,14.287712379549449,17.194602975157967,0.75,1,,,0.55,sihdr_reference_heuristic,1,0,1
SIHDR_185,SIHDR_185_e13.jpg,2608,4000.000000,32,1024,SDR,173,13,100,14.0,4000.0,5.321928094887363,16.28771237954945,14.287712379549449,17.194602975157967,0.75,1,,,0.55,sihdr_reference_heuristic,1,0,1
SIHDR_185,SIHDR_185_e14.jpg,2609,2000.000000,32,1024,SDR,173,14,100,14.0,2000.0,4.321928094887363,16.28771237954945,14.287712379549449,17.194602975157967,0.75,1,,,0.55,sihdr_reference_heuristic,1,0,1
SIHDR_187,SIHDR_187_e00.jpg,2610,15000000.000000,32,1024,SDR,174,0,100,14.0,15000000.0,17.194602975157967,17.194602975157967,15.287712379549449,17.194602975157967,0.75,1,,,0.55,sihdr_reference_heuristic,1,0,0
SIHDR_187,SIHDR_187_e01.jpg,2611,8000000.000000,32,1024,SDR,174,1,100,14.0,8000000.0,16.28771237954945,17.194602975157967,15.287712379549449,17.194602975157967,0.75,1,,,0.55,sihdr_reference_heuristic,1,0,0
SIHDR_187,SIHDR_187_e02.jpg,2612,6000000.000000,32,1024,SDR,174,2,100,14.0,6000000.0,15.872674880270605,17.194602975157967,15.287712379549449,17.194602975157967,0.75,1,,,0.55,sihdr_reference_heuristic,1,0,0
SIHDR_187,SIHDR_187_e03.jpg,2613,4000000.000000,32,1024,SDR,174,3,100,14.0,4000000.0,15.287712379549449,17.194602975157967,15.287712379549449,17.194602975157967,0.75,1,,,0.55,sihdr_reference_heuristic,1,0,0
SIHDR_187,SIHDR_187_e04.jpg,2614,2000000.000000,32,1024,SDR,174,4,100,14.0,2000000.0,14.287712379549449,17.194602975157967,15.287712379549449,17.194602975157967,0.75,1,,,0.55,sihdr_reference_heuristic,1,0,0
SIHDR_187,SIHDR_187_e05.jpg,2615,1000000.000000,32,1024,SDR,174,5,100,14.0,1000000.0,13.287712379549449,17.194602975157967,15.287712379549449,17.194602975157967,0.75,1,,,0.55,sihdr_reference_heuristic,1,0,0
SIHDR_187,SIHDR_187_e06.jpg,2616,500000.000000,32,1024,SDR,174,6,100,14.0,500000.0,12.287712379549449,17.194602975157967,15.287712379549449,17.194602975157967,0.75,1,,,0.55,sihdr_reference_heuristic,1,0,0
SIHDR_187,SIHDR_187_e07.jpg,2617,250000.000000,32,1024,SDR,174,7,100,14.0,250000.0,11.287712379549449,17.194602975157967,15.287712379549449,17.194602975157967,0.75,1,,,0.55,sihdr_reference_heuristic,1,0,0
SIHDR_187,SIHDR_187_e08.jpg,2618,125000.000000,32,1024,SDR,174,8,100,14.0,125000.0,10.287712379549449,17.194602975157967,15.287712379549449,17.194602975157967,0.75,1,,,0.55,sihdr_reference_heuristic,1,0,0
SIHDR_187,SIHDR_187_e09.jpg,2619,66666.666667,32,1024,SDR,174,9,100,14.0,66666.666667,9.380821783948145,17.194602975157967,15.287712379549449,17.194602975157967,0.75,1,,,0.55,sihdr_reference_heuristic,1,0,0
SIHDR_187,SIHDR_187_e10.jpg,2620,33333.333333,32,1024,SDR,174,10,100,14.0,33333.333333,8.380821783926503,17.194602975157967,15.287712379549449,17.194602975157967,0.75,1,,,0.55,sihdr_reference_heuristic,1,0,0
SIHDR_187,SIHDR_187_e11.jpg,2621,16666.666667,32,1024,SDR,174,11,100,14.0,16666.666667,7.380821783969785,17.194602975157967,15.287712379549449,17.194602975157967,0.75,1,,,0.55,sihdr_reference_heuristic,1,0,0
SIHDR_187,SIHDR_187_e12.jpg,2622,8000.000000,32,1024,SDR,174,12,100,14.0,8000.0,6.321928094887363,17.194602975157967,15.287712379549449,17.194602975157967,0.75,1,,,0.55,sihdr_reference_heuristic,1,0,0
SIHDR_187,SIHDR_187_e13.jpg,2623,4000.000000,32,1024,SDR,174,13,100,14.0,4000.0,5.321928094887363,17.194602975157967,15.287712379549449,17.194602975157967,0.75,1,,,0.55,sihdr_reference_heuristic,1,0,0
SIHDR_187,SIHDR_187_e14.jpg,2624,2000.000000,32,1024,SDR,174,14,100,14.0,2000.0,4.321928094887363,17.194602975157967,15.287712379549449,17.194602975157967,0.75,1,,,0.55,sihdr_reference_heuristic,1,0,0
SIHDR_190,SIHDR_190_e00.jpg,2625,15000000.000000,32,1024,SDR,175,0,100,14.0,15000000.0,17.194602975157967,14.287712379549449,14.287712379549449,14.287712379549449,0.75,1,,,0.55,sihdr_reference_heuristic,1,0,1
SIHDR_190,SIHDR_190_e01.jpg,2626,8000000.000000,32,1024,SDR,175,1,100,14.0,8000000.0,16.28771237954945,14.287712379549449,14.287712379549449,14.287712379549449,0.75,1,,,0.55,sihdr_reference_heuristic,1,0,1
SIHDR_190,SIHDR_190_e02.jpg,2627,6000000.000000,32,1024,SDR,175,2,100,14.0,6000000.0,15.872674880270605,14.287712379549449,14.287712379549449,14.287712379549449,0.75,1,,,0.55,sihdr_reference_heuristic,1,0,1
SIHDR_190,SIHDR_190_e03.jpg,2628,4000000.000000,32,1024,SDR,175,3,100,14.0,4000000.0,15.287712379549449,14.287712379549449,14.287712379549449,14.287712379549449,0.75,1,,,0.55,sihdr_reference_heuristic,1,0,1
SIHDR_190,SIHDR_190_e04.jpg,2629,2000000.000000,32,1024,SDR,175,4,100,14.0,2000000.0,14.287712379549449,14.287712379549449,14.287712379549449,14.287712379549449,0.75,1,,,0.55,sihdr_reference_heuristic,1,0,1
SIHDR_190,SIHDR_190_e05.jpg,2630,1000000.000000,32,1024,SDR,175,5,100,14.0,1000000.0,13.287712379549449,14.287712379549449,14.287712379549449,14.287712379549449,0.75,1,,,0.55,sihdr_reference_heuristic,1,0,1
SIHDR_190,SIHDR_190_e06.jpg,2631,500000.000000,32,1024,SDR,175,6,100,14.0,500000.0,12.287712379549449,14.287712379549449,14.287712379549449,14.287712379549449,0.75,1,,,0.55,sihdr_reference_heuristic,1,0,1
SIHDR_190,SIHDR_190_e07.jpg,2632,250000.000000,32,1024,SDR,175,7,100,14.0,250000.0,11.287712379549449,14.287712379549449,14.287712379549449,14.287712379549449,0.75,1,,,0.55,sihdr_reference_heuristic,1,0,1
SIHDR_190,SIHDR_190_e08.jpg,2633,125000.000000,32,1024,SDR,175,8,100,14.0,125000.0,10.287712379549449,14.287712379549449,14.287712379549449,14.287712379549449,0.75,1,,,0.55,sihdr_reference_heuristic,1,0,1
SIHDR_190,SIHDR_190_e09.jpg,2634,66666.666667,32,1024,SDR,175,9,100,14.0,66666.666667,9.380821783948145,14.287712379549449,14.287712379549449,14.287712379549449,0.75,1,,,0.55,sihdr_reference_heuristic,1,0,1
SIHDR_190,SIHDR_190_e10.jpg,2635,33333.333333,32,1024,SDR,175,10,100,14.0,33333.333333,8.380821783926503,14.287712379549449,14.287712379549449,14.287712379549449,0.75,1,,,0.55,sihdr_reference_heuristic,1,0,1
SIHDR_190,SIHDR_190_e11.jpg,2636,16666.666667,32,1024,SDR,175,11,100,14.0,16666.666667,7.380821783969785,14.287712379549449,14.287712379549449,14.287712379549449,0.75,1,,,0.55,sihdr_reference_heuristic,1,0,1
SIHDR_190,SIHDR_190_e12.jpg,2637,8000.000000,32,1024,SDR,175,12,100,14.0,8000.0,6.321928094887363,14.287712379549449,14.287712379549449,14.287712379549449,0.75,1,,,0.55,sihdr_reference_heuristic,1,0,1
SIHDR_190,SIHDR_190_e13.jpg,2638,4000.000000,32,1024,SDR,175,13,100,14.0,4000.0,5.321928094887363,14.287712379549449,14.287712379549449,14.287712379549449,0.75,1,,,0.55,sihdr_reference_heuristic,1,0,1
SIHDR_190,SIHDR_190_e14.jpg,2639,2000.000000,32,1024,SDR,175,14,100,14.0,2000.0,4.321928094887363,14.287712379549449,14.287712379549449,14.287712379549449,0.75,1,,,0.55,sihdr_reference_heuristic,1,0,1
SIHDR_191,SIHDR_191_e00.jpg,2640,15000000.000000,32,1024,SDR,176,0,100,14.0,15000000.0,17.194602975157967,17.194602975157967,15.287712379549449,17.194602975157967,0.75,1,,,0.55,sihdr_reference_heuristic,1,0,0
SIHDR_191,SIHDR_191_e01.jpg,2641,8000000.000000,32,1024,SDR,176,1,100,14.0,8000000.0,16.28771237954945,17.194602975157967,15.287712379549449,17.194602975157967,0.75,1,,,0.55,sihdr_reference_heuristic,1,0,0
SIHDR_191,SIHDR_191_e02.jpg,2642,6000000.000000,32,1024,SDR,176,2,100,14.0,6000000.0,15.872674880270605,17.194602975157967,15.287712379549449,17.194602975157967,0.75,1,,,0.55,sihdr_reference_heuristic,1,0,0
SIHDR_191,SIHDR_191_e03.jpg,2643,4000000.000000,32,1024,SDR,176,3,100,14.0,4000000.0,15.287712379549449,17.194602975157967,15.287712379549449,17.194602975157967,0.75,1,,,0.55,sihdr_reference_heuristic,1,0,0
SIHDR_191,SIHDR_191_e04.jpg,2644,2000000.000000,32,1024,SDR,176,4,100,14.0,2000000.0,14.287712379549449,17.194602975157967,15.287712379549449,17.194602975157967,0.75,1,,,0.55,sihdr_reference_heuristic,1,0,0
SIHDR_191,SIHDR_191_e05.jpg,2645,1000000.000000,32,1024,SDR,176,5,100,14.0,1000000.0,13.287712379549449,17.194602975157967,15.287712379549449,17.194602975157967,0.75,1,,,0.55,sihdr_reference_heuristic,1,0,0
SIHDR_191,SIHDR_191_e06.jpg,2646,500000.000000,32,1024,SDR,176,6,100,14.0,500000.0,12.287712379549449,17.194602975157967,15.287712379549449,17.194602975157967,0.75,1,,,0.55,sihdr_reference_heuristic,1,0,0
SIHDR_191,SIHDR_191_e07.jpg,2647,250000.000000,32,1024,SDR,176,7,100,14.0,250000.0,11.287712379549449,17.194602975157967,15.287712379549449,17.194602975157967,0.75,1,,,0.55,sihdr_reference_heuristic,1,0,0
SIHDR_191,SIHDR_191_e08.jpg,2648,125000.000000,32,1024,SDR,176,8,100,14.0,125000.0,10.287712379549449,17.194602975157967,15.287712379549449,17.194602975157967,0.75,1,,,0.55,sihdr_reference_heuristic,1,0,0
SIHDR_191,SIHDR_191_e09.jpg,2649,66666.666667,32,1024,SDR,176,9,100,14.0,66666.666667,9.380821783948145,17.194602975157967,15.287712379549449,17.194602975157967,0.75,1,,,0.55,sihdr_reference_heuristic,1,0,0
SIHDR_191,SIHDR_191_e10.jpg,2650,33333.333333,32,1024,SDR,176,10,100,14.0,33333.333333,8.380821783926503,17.194602975157967,15.287712379549449,17.194602975157967,0.75,1,,,0.55,sihdr_reference_heuristic,1,0,0
SIHDR_191,SIHDR_191_e11.jpg,2651,16666.666667,32,1024,SDR,176,11,100,14.0,16666.666667,7.380821783969785,17.194602975157967,15.287712379549449,17.194602975157967,0.75,1,,,0.55,sihdr_reference_heuristic,1,0,0
SIHDR_191,SIHDR_191_e12.jpg,2652,8000.000000,32,1024,SDR,176,12,100,14.0,8000.0,6.321928094887363,17.194602975157967,15.287712379549449,17.194602975157967,0.75,1,,,0.55,sihdr_reference_heuristic,1,0,0
SIHDR_191,SIHDR_191_e13.jpg,2653,4000.000000,32,1024,SDR,176,13,100,14.0,4000.0,5.321928094887363,17.194602975157967,15.287712379549449,17.194602975157967,0.75,1,,,0.55,sihdr_reference_heuristic,1,0,0
SIHDR_191,SIHDR_191_e14.jpg,2654,2000.000000,32,1024,SDR,176,14,100,14.0,2000.0,4.321928094887363,17.194602975157967,15.287712379549449,17.194602975157967,0.75,1,,,0.55,sihdr_reference_heuristic,1,0,0
SIHDR_192,SIHDR_192_e00.jpg,2655,15000000.000000,32,1024,SDR,177,0,100,14.0,15000000.0,17.194602975157967,17.194602975157967,14.287712379549449,17.194602975157967,0.75,1,,,0.55,sihdr_reference_heuristic,1,0,0
SIHDR_192,SIHDR_192_e01.jpg,2656,8000000.000000,32,1024,SDR,177,1,100,14.0,8000000.0,16.28771237954945,17.194602975157967,14.287712379549449,17.194602975157967,0.75,1,,,0.55,sihdr_reference_heuristic,1,0,0
SIHDR_192,SIHDR_192_e02.jpg,2657,6000000.000000,32,1024,SDR,177,2,100,14.0,6000000.0,15.872674880270605,17.194602975157967,14.287712379549449,17.194602975157967,0.75,1,,,0.55,sihdr_reference_heuristic,1,0,0
SIHDR_192,SIHDR_192_e03.jpg,2658,4000000.000000,32,1024,SDR,177,3,100,14.0,4000000.0,15.287712379549449,17.194602975157967,14.287712379549449,17.194602975157967,0.75,1,,,0.55,sihdr_reference_heuristic,1,0,0
SIHDR_192,SIHDR_192_e04.jpg,2659,2000000.000000,32,1024,SDR,177,4,100,14.0,2000000.0,14.287712379549449,17.194602975157967,14.287712379549449,17.194602975157967,0.75,1,,,0.55,sihdr_reference_heuristic,1,0,0
SIHDR_192,SIHDR_192_e05.jpg,2660,1000000.000000,32,1024,SDR,177,5,100,14.0,1000000.0,13.287712379549449,17.194602975157967,14.287712379549449,17.194602975157967,0.75,1,,,0.55,sihdr_reference_heuristic,1,0,0
SIHDR_192,SIHDR_192_e06.jpg,2661,500000.000000,32,1024,SDR,177,6,100,14.0,500000.0,12.287712379549449,17.194602975157967,14.287712379549449,17.194602975157967,0.75,1,,,0.55,sihdr_reference_heuristic,1,0,0
SIHDR_192,SIHDR_192_e07.jpg,2662,250000.000000,32,1024,SDR,177,7,100,14.0,250000.0,11.287712379549449,17.194602975157967,14.287712379549449,17.194602975157967,0.75,1,,,0.55,sihdr_reference_heuristic,1,0,0
SIHDR_192,SIHDR_192_e08.jpg,2663,125000.000000,32,1024,SDR,177,8,100,14.0,125000.0,10.287712379549449,17.194602975157967,14.287712379549449,17.194602975157967,0.75,1,,,0.55,sihdr_reference_heuristic,1,0,0
SIHDR_192,SIHDR_192_e09.jpg,2664,66666.666667,32,1024,SDR,177,9,100,14.0,66666.666667,9.380821783948145,17.194602975157967,14.287712379549449,17.194602975157967,0.75,1,,,0.55,sihdr_reference_heuristic,1,0,0
SIHDR_192,SIHDR_192_e10.jpg,2665,33333.333333,32,1024,SDR,177,10,100,14.0,33333.333333,8.380821783926503,17.194602975157967,14.287712379549449,17.194602975157967,0.75,1,,,0.55,sihdr_reference_heuristic,1,0,0
SIHDR_192,SIHDR_192_e11.jpg,2666,16666.666667,32,1024,SDR,177,11,100,14.0,16666.666667,7.380821783969785,17.194602975157967,14.287712379549449,17.194602975157967,0.75,1,,,0.55,sihdr_reference_heuristic,1,0,0
SIHDR_192,SIHDR_192_e12.jpg,2667,8000.000000,32,1024,SDR,177,12,100,14.0,8000.0,6.321928094887363,17.194602975157967,14.287712379549449,17.194602975157967,0.75,1,,,0.55,sihdr_reference_heuristic,1,0,0
SIHDR_192,SIHDR_192_e13.jpg,2668,4000.000000,32,1024,SDR,177,13,100,14.0,4000.0,5.321928094887363,17.194602975157967,14.287712379549449,17.194602975157967,0.75,1,,,0.55,sihdr_reference_heuristic,1,0,0
SIHDR_192,SIHDR_192_e14.jpg,2669,2000.000000,32,1024,SDR,177,14,100,14.0,2000.0,4.321928094887363,17.194602975157967,14.287712379549449,17.194602975157967,0.75,1,,,0.55,sihdr_reference_heuristic,1,0,0
SIHDR_193,SIHDR_193_e00.jpg,2670,15000000.000000,32,1024,SDR,178,0,100,14.0,15000000.0,17.194602975157967,17.194602975157967,16.28771237954945,17.194602975157967,0.75,1,,,0.55,sihdr_reference_heuristic,1,0,0
SIHDR_193,SIHDR_193_e01.jpg,2671,8000000.000000,32,1024,SDR,178,1,100,14.0,8000000.0,16.28771237954945,17.194602975157967,16.28771237954945,17.194602975157967,0.75,1,,,0.55,sihdr_reference_heuristic,1,0,0
SIHDR_193,SIHDR_193_e02.jpg,2672,6000000.000000,32,1024,SDR,178,2,100,14.0,6000000.0,15.872674880270605,17.194602975157967,16.28771237954945,17.194602975157967,0.75,1,,,0.55,sihdr_reference_heuristic,1,0,0
SIHDR_193,SIHDR_193_e03.jpg,2673,4000000.000000,32,1024,SDR,178,3,100,14.0,4000000.0,15.287712379549449,17.194602975157967,16.28771237954945,17.194602975157967,0.75,1,,,0.55,sihdr_reference_heuristic,1,0,0
SIHDR_193,SIHDR_193_e04.jpg,2674,2000000.000000,32,1024,SDR,178,4,100,14.0,2000000.0,14.287712379549449,17.194602975157967,16.28771237954945,17.194602975157967,0.75,1,,,0.55,sihdr_reference_heuristic,1,0,0
SIHDR_193,SIHDR_193_e05.jpg,2675,1000000.000000,32,1024,SDR,178,5,100,14.0,1000000.0,13.287712379549449,17.194602975157967,16.28771237954945,17.194602975157967,0.75,1,,,0.55,sihdr_reference_heuristic,1,0,0
SIHDR_193,SIHDR_193_e06.jpg,2676,500000.000000,32,1024,SDR,178,6,100,14.0,500000.0,12.287712379549449,17.194602975157967,16.28771237954945,17.194602975157967,0.75,1,,,0.55,sihdr_reference_heuristic,1,0,0
SIHDR_193,SIHDR_193_e07.jpg,2677,250000.000000,32,1024,SDR,178,7,100,14.0,250000.0,11.287712379549449,17.194602975157967,16.28771237954945,17.194602975157967,0.75,1,,,0.55,sihdr_reference_heuristic,1,0,0
SIHDR_193,SIHDR_193_e08.jpg,2678,125000.000000,32,1024,SDR,178,8,100,14.0,125000.0,10.287712379549449,17.194602975157967,16.28771237954945,17.194602975157967,0.75,1,,,0.55,sihdr_reference_heuristic,1,0,0
SIHDR_193,SIHDR_193_e09.jpg,2679,66666.666667,32,1024,SDR,178,9,100,14.0,66666.666667,9.380821783948145,17.194602975157967,16.28771237954945,17.194602975157967,0.75,1,,,0.55,sihdr_reference_heuristic,1,0,0
SIHDR_193,SIHDR_193_e10.jpg,2680,33333.333333,32,1024,SDR,178,10,100,14.0,33333.333333,8.380821783926503,17.194602975157967,16.28771237954945,17.194602975157967,0.75,1,,,0.55,sihdr_reference_heuristic,1,0,0
SIHDR_193,SIHDR_193_e11.jpg,2681,16666.666667,32,1024,SDR,178,11,100,14.0,16666.666667,7.380821783969785,17.194602975157967,16.28771237954945,17.194602975157967,0.75,1,,,0.55,sihdr_reference_heuristic,1,0,0
SIHDR_193,SIHDR_193_e12.jpg,2682,8000.000000,32,1024,SDR,178,12,100,14.0,8000.0,6.321928094887363,17.194602975157967,16.28771237954945,17.194602975157967,0.75,1,,,0.55,sihdr_reference_heuristic,1,0,0
SIHDR_193,SIHDR_193_e13.jpg,2683,4000.000000,32,1024,SDR,178,13,100,14.0,4000.0,5.321928094887363,17.194602975157967,16.28771237954945,17.194602975157967,0.75,1,,,0.55,sihdr_reference_heuristic,1,0,0
SIHDR_193,SIHDR_193_e14.jpg,2684,2000.000000,32,1024,SDR,178,14,100,14.0,2000.0,4.321928094887363,17.194602975157967,16.28771237954945,17.194602975157967,0.75,1,,,0.55,sihdr_reference_heuristic,1,0,0
SIHDR_194,SIHDR_194_e00.jpg,2685,15000000.000000,32,1024,SDR,179,0,100,14.0,15000000.0,17.194602975157967,15.287712379549449,15.287712379549449,15.287712379549449,0.75,1,,,0.55,sihdr_reference_heuristic,1,0,1
SIHDR_194,SIHDR_194_e01.jpg,2686,8000000.000000,32,1024,SDR,179,1,100,14.0,8000000.0,16.28771237954945,15.287712379549449,15.287712379549449,15.287712379549449,0.75,1,,,0.55,sihdr_reference_heuristic,1,0,1
SIHDR_194,SIHDR_194_e02.jpg,2687,6000000.000000,32,1024,SDR,179,2,100,14.0,6000000.0,15.872674880270605,15.287712379549449,15.287712379549449,15.287712379549449,0.75,1,,,0.55,sihdr_reference_heuristic,1,0,1
SIHDR_194,SIHDR_194_e03.jpg,2688,4000000.000000,32,1024,SDR,179,3,100,14.0,4000000.0,15.287712379549449,15.287712379549449,15.287712379549449,15.287712379549449,0.75,1,,,0.55,sihdr_reference_heuristic,1,0,1
SIHDR_194,SIHDR_194_e04.jpg,2689,2000000.000000,32,1024,SDR,179,4,100,14.0,2000000.0,14.287712379549449,15.287712379549449,15.287712379549449,15.287712379549449,0.75,1,,,0.55,sihdr_reference_heuristic,1,0,1
SIHDR_194,SIHDR_194_e05.jpg,2690,1000000.000000,32,1024,SDR,179,5,100,14.0,1000000.0,13.287712379549449,15.287712379549449,15.287712379549449,15.287712379549449,0.75,1,,,0.55,sihdr_reference_heuristic,1,0,1
SIHDR_194,SIHDR_194_e06.jpg,2691,500000.000000,32,1024,SDR,179,6,100,14.0,500000.0,12.287712379549449,15.287712379549449,15.287712379549449,15.287712379549449,0.75,1,,,0.55,sihdr_reference_heuristic,1,0,1
SIHDR_194,SIHDR_194_e07.jpg,2692,250000.000000,32,1024,SDR,179,7,100,14.0,250000.0,11.287712379549449,15.287712379549449,15.287712379549449,15.287712379549449,0.75,1,,,0.55,sihdr_reference_heuristic,1,0,1
SIHDR_194,SIHDR_194_e08.jpg,2693,125000.000000,32,1024,SDR,179,8,100,14.0,125000.0,10.287712379549449,15.287712379549449,15.287712379549449,15.287712379549449,0.75,1,,,0.55,sihdr_reference_heuristic,1,0,1
SIHDR_194,SIHDR_194_e09.jpg,2694,66666.666667,32,1024,SDR,179,9,100,14.0,66666.666667,9.380821783948145,15.287712379549449,15.287712379549449,15.287712379549449,0.75,1,,,0.55,sihdr_reference_heuristic,1,0,1
SIHDR_194,SIHDR_194_e10.jpg,2695,33333.333333,32,1024,SDR,179,10,100,14.0,33333.333333,8.380821783926503,15.287712379549449,15.287712379549449,15.287712379549449,0.75,1,,,0.55,sihdr_reference_heuristic,1,0,1
SIHDR_194,SIHDR_194_e11.jpg,2696,16666.666667,32,1024,SDR,179,11,100,14.0,16666.666667,7.380821783969785,15.287712379549449,15.287712379549449,15.287712379549449,0.75,1,,,0.55,sihdr_reference_heuristic,1,0,1
SIHDR_194,SIHDR_194_e12.jpg,2697,8000.000000,32,1024,SDR,179,12,100,14.0,8000.0,6.321928094887363,15.287712379549449,15.287712379549449,15.287712379549449,0.75,1,,,0.55,sihdr_reference_heuristic,1,0,1
SIHDR_194,SIHDR_194_e13.jpg,2698,4000.000000,32,1024,SDR,179,13,100,14.0,4000.0,5.321928094887363,15.287712379549449,15.287712379549449,15.287712379549449,0.75,1,,,0.55,sihdr_reference_heuristic,1,0,1
SIHDR_194,SIHDR_194_e14.jpg,2699,2000.000000,32,1024,SDR,179,14,100,14.0,2000.0,4.321928094887363,15.287712379549449,15.287712379549449,15.287712379549449,0.75,1,,,0.55,sihdr_reference_heuristic,1,0,1
SIHDR_195,SIHDR_195_e00.jpg,2700,15000000.000000,32,1024,SDR,180,0,100,14.0,15000000.0,17.194602975157967,15.872674880270605,14.287712379549449,16.28771237954945,0.75,1,,,0.55,sihdr_reference_heuristic,1,0,1
SIHDR_195,SIHDR_195_e01.jpg,2701,8000000.000000,32,1024,SDR,180,1,100,14.0,8000000.0,16.28771237954945,15.872674880270605,14.287712379549449,16.28771237954945,0.75,1,,,0.55,sihdr_reference_heuristic,1,0,1
SIHDR_195,SIHDR_195_e02.jpg,2702,6000000.000000,32,1024,SDR,180,2,100,14.0,6000000.0,15.872674880270605,15.872674880270605,14.287712379549449,16.28771237954945,0.75,1,,,0.55,sihdr_reference_heuristic,1,0,1
SIHDR_195,SIHDR_195_e03.jpg,2703,4000000.000000,32,1024,SDR,180,3,100,14.0,4000000.0,15.287712379549449,15.872674880270605,14.287712379549449,16.28771237954945,0.75,1,,,0.55,sihdr_reference_heuristic,1,0,1
SIHDR_195,SIHDR_195_e04.jpg,2704,2000000.000000,32,1024,SDR,180,4,100,14.0,2000000.0,14.287712379549449,15.872674880270605,14.287712379549449,16.28771237954945,0.75,1,,,0.55,sihdr_reference_heuristic,1,0,1
SIHDR_195,SIHDR_195_e05.jpg,2705,1000000.000000,32,1024,SDR,180,5,100,14.0,1000000.0,13.287712379549449,15.872674880270605,14.287712379549449,16.28771237954945,0.75,1,,,0.55,sihdr_reference_heuristic,1,0,1
SIHDR_195,SIHDR_195_e06.jpg,2706,500000.000000,32,1024,SDR,180,6,100,14.0,500000.0,12.287712379549449,15.872674880270605,14.287712379549449,16.28771237954945,0.75,1,,,0.55,sihdr_reference_heuristic,1,0,1
SIHDR_195,SIHDR_195_e07.jpg,2707,250000.000000,32,1024,SDR,180,7,100,14.0,250000.0,11.287712379549449,15.872674880270605,14.287712379549449,16.28771237954945,0.75,1,,,0.55,sihdr_reference_heuristic,1,0,1
SIHDR_195,SIHDR_195_e08.jpg,2708,125000.000000,32,1024,SDR,180,8,100,14.0,125000.0,10.287712379549449,15.872674880270605,14.287712379549449,16.28771237954945,0.75,1,,,0.55,sihdr_reference_heuristic,1,0,1
SIHDR_195,SIHDR_195_e09.jpg,2709,66666.666667,32,1024,SDR,180,9,100,14.0,66666.666667,9.380821783948145,15.872674880270605,14.287712379549449,16.28771237954945,0.75,1,,,0.55,sihdr_reference_heuristic,1,0,1
SIHDR_195,SIHDR_195_e10.jpg,2710,33333.333333,32,1024,SDR,180,10,100,14.0,33333.333333,8.380821783926503,15.872674880270605,14.287712379549449,16.28771237954945,0.75,1,,,0.55,sihdr_reference_heuristic,1,0,1
SIHDR_195,SIHDR_195_e11.jpg,2711,16666.666667,32,1024,SDR,180,11,100,14.0,16666.666667,7.380821783969785,15.872674880270605,14.287712379549449,16.28771237954945,0.75,1,,,0.55,sihdr_reference_heuristic,1,0,1
SIHDR_195,SIHDR_195_e12.jpg,2712,8000.000000,32,1024,SDR,180,12,100,14.0,8000.0,6.321928094887363,15.872674880270605,14.287712379549449,16.28771237954945,0.75,1,,,0.55,sihdr_reference_heuristic,1,0,1
SIHDR_195,SIHDR_195_e13.jpg,2713,4000.000000,32,1024,SDR,180,13,100,14.0,4000.0,5.321928094887363,15.872674880270605,14.287712379549449,16.28771237954945,0.75,1,,,0.55,sihdr_reference_heuristic,1,0,1
SIHDR_195,SIHDR_195_e14.jpg,2714,2000.000000,32,1024,SDR,180,14,100,14.0,2000.0,4.321928094887363,15.872674880270605,14.287712379549449,16.28771237954945,0.75,1,,,0.55,sihdr_reference_heuristic,1,0,1
