scene_id,filename,time_index,exposure_index,split,applied_ev,target_ev,predicted_target_ev,absolute_error_ev,target_ev_mask,acceptable_min_ev,acceptable_max_ev,within_acceptable_interval,target_hdr_enable,hdr_label_mask,predicted_hdr_probability,predicted_hdr_enable_0_5,hdr_correct_0_5,hdr_decision_threshold,predicted_hdr_enable,hdr_correct
SIHDR_001,SIHDR_001_e00.jpg,0,0,test,17.194602966308594,11.287712097167969,10.059536933898926,1.228175163269043,1,9.38082218170166,12.287712097167969,1,1,1,0.995101809501648,1,1,0.6008205711841583,1,1
SIHDR_001,SIHDR_001_e01.jpg,0,1,test,16.28771209716797,11.287712097167969,9.58094310760498,1.7067689895629883,1,9.38082218170166,12.287712097167969,1,1,1,0.995023250579834,1,1,0.6008205711841583,1,1
SIHDR_001,SIHDR_001_e02.jpg,0,2,test,15.872674942016602,11.287712097167969,9.67243480682373,1.6152772903442383,1,9.38082218170166,12.287712097167969,1,1,1,0.994602620601654,1,1,0.6008205711841583,1,1
SIHDR_001,SIHDR_001_e03.jpg,0,3,test,15.287712097167969,11.287712097167969,9.941948890686035,1.3457632064819336,1,9.38082218170166,12.287712097167969,1,1,1,0.9929258823394775,1,1,0.6008205711841583,1,1
SIHDR_001,SIHDR_001_e04.jpg,0,4,test,14.287712097167969,11.287712097167969,9.89072036743164,1.3969917297363281,1,9.38082218170166,12.287712097167969,1,1,1,0.9817115068435669,1,1,0.6008205711841583,1,1
SIHDR_001,SIHDR_001_e05.jpg,0,5,test,13.287712097167969,11.287712097167969,10.035604476928711,1.2521076202392578,1,9.38082218170166,12.287712097167969,1,1,1,0.9507303833961487,1,1,0.6008205711841583,1,1
SIHDR_001,SIHDR_001_e06.jpg,0,6,test,12.287712097167969,11.287712097167969,10.215628623962402,1.0720834732055664,1,9.38082218170166,12.287712097167969,1,1,1,0.8895238041877747,1,1,0.6008205711841583,1,1
SIHDR_001,SIHDR_001_e07.jpg,0,7,test,11.287712097167969,11.287712097167969,10.08856201171875,1.1991500854492188,1,9.38082218170166,12.287712097167969,1,1,1,0.827158510684967,1,1,0.6008205711841583,1,1
SIHDR_001,SIHDR_001_e08.jpg,0,8,test,10.287712097167969,11.287712097167969,10.674567222595215,0.6131448745727539,1,9.38082218170166,12.287712097167969,1,1,1,0.763967752456665,1,1,0.6008205711841583,1,1
SIHDR_001,SIHDR_001_e09.jpg,0,9,test,9.38082218170166,11.287712097167969,11.354808807373047,0.06709671020507812,1,9.38082218170166,12.287712097167969,1,1,1,0.687231719493866,1,1,0.6008205711841583,1,1
SIHDR_001,SIHDR_001_e10.jpg,0,10,test,8.38082218170166,11.287712097167969,11.03707218170166,0.2506399154663086,1,9.38082218170166,12.287712097167969,1,1,1,0.6182693243026733,1,1,0.6008205711841583,1,1
SIHDR_001,SIHDR_001_e11.jpg,0,11,test,7.380821704864502,11.287712097167969,10.606917381286621,0.6807947158813477,1,9.38082218170166,12.287712097167969,1,1,1,0.5946614742279053,1,1,0.6008205711841583,0,0
SIHDR_001,SIHDR_001_e12.jpg,0,12,test,6.321928024291992,11.287712097167969,10.7984619140625,0.48925018310546875,1,9.38082218170166,12.287712097167969,1,1,1,0.5663645267486572,1,1,0.6008205711841583,0,0
SIHDR_001,SIHDR_001_e13.jpg,0,13,test,5.321928024291992,11.287712097167969,10.777579307556152,0.5101327896118164,1,9.38082218170166,12.287712097167969,1,1,1,0.5737616419792175,1,1,0.6008205711841583,0,0
SIHDR_001,SIHDR_001_e14.jpg,0,14,test,4.321928024291992,11.287712097167969,13.02145767211914,1.7337455749511719,1,9.38082218170166,12.287712097167969,0,1,1,0.5426068902015686,1,1,0.6008205711841583,0,0
SIHDR_002,SIHDR_002_e00.jpg,1,0,train,17.194602966308594,11.287712097167969,10.059263229370117,1.2284488677978516,1,9.38082218170166,12.287712097167969,1,0,1,0.9951024055480957,1,0,0.6008205711841583,1,0
SIHDR_002,SIHDR_002_e01.jpg,1,1,train,16.28771209716797,11.287712097167969,9.356842994689941,1.9308691024780273,1,9.38082218170166,12.287712097167969,0,0,1,0.9952444434165955,1,0,0.6008205711841583,1,0
SIHDR_002,SIHDR_002_e02.jpg,1,2,train,15.872674942016602,11.287712097167969,9.06280517578125,2.2249069213867188,1,9.38082218170166,12.287712097167969,0,0,1,0.9952636957168579,1,0,0.6008205711841583,1,0
SIHDR_002,SIHDR_002_e03.jpg,1,3,train,15.287712097167969,11.287712097167969,8.808398246765137,2.479313850402832,1,9.38082218170166,12.287712097167969,0,0,1,0.9950907230377197,1,0,0.6008205711841583,1,0
SIHDR_002,SIHDR_002_e04.jpg,1,4,train,14.287712097167969,11.287712097167969,10.02985668182373,1.2578554153442383,1,9.38082218170166,12.287712097167969,1,0,1,0.9921867847442627,1,0,0.6008205711841583,1,0
SIHDR_002,SIHDR_002_e05.jpg,1,5,train,13.287712097167969,11.287712097167969,11.383280754089355,0.09556865692138672,1,9.38082218170166,12.287712097167969,1,0,1,0.9759998917579651,1,0,0.6008205711841583,1,0
SIHDR_002,SIHDR_002_e06.jpg,1,6,train,12.287712097167969,11.287712097167969,11.842979431152344,0.555267333984375,1,9.38082218170166,12.287712097167969,1,0,1,0.9313675761222839,1,0,0.6008205711841583,1,0
SIHDR_002,SIHDR_002_e07.jpg,1,7,train,11.287712097167969,11.287712097167969,11.498387336730957,0.21067523956298828,1,9.38082218170166,12.287712097167969,1,0,1,0.8561211228370667,1,0,0.6008205711841583,1,0
SIHDR_002,SIHDR_002_e08.jpg,1,8,train,10.287712097167969,11.287712097167969,10.524023056030273,0.7636890411376953,1,9.38082218170166,12.287712097167969,1,0,1,0.7943304777145386,1,0,0.6008205711841583,1,0
SIHDR_002,SIHDR_002_e09.jpg,1,9,train,9.38082218170166,11.287712097167969,10.762177467346191,0.5255346298217773,1,9.38082218170166,12.287712097167969,1,0,1,0.7201273441314697,1,0,0.6008205711841583,1,0
SIHDR_002,SIHDR_002_e10.jpg,1,10,train,8.38082218170166,11.287712097167969,11.129805564880371,0.15790653228759766,1,9.38082218170166,12.287712097167969,1,0,1,0.6314937472343445,1,0,0.6008205711841583,1,0
SIHDR_002,SIHDR_002_e11.jpg,1,11,train,7.380821704864502,11.287712097167969,11.857556343078613,0.5698442459106445,1,9.38082218170166,12.287712097167969,1,0,1,0.5807307958602905,1,0,0.6008205711841583,0,1
SIHDR_002,SIHDR_002_e12.jpg,1,12,train,6.321928024291992,11.287712097167969,12.972084999084473,1.684372901916504,1,9.38082218170166,12.287712097167969,0,0,1,0.5509353876113892,1,0,0.6008205711841583,0,1
SIHDR_002,SIHDR_002_e13.jpg,1,13,train,5.321928024291992,11.287712097167969,12.9717435836792,1.6840314865112305,1,9.38082218170166,12.287712097167969,0,0,1,0.5475882887840271,1,0,0.6008205711841583,0,1
SIHDR_002,SIHDR_002_e14.jpg,1,14,train,4.321928024291992,11.287712097167969,13.234210014343262,1.946497917175293,1,9.38082218170166,12.287712097167969,0,0,1,0.54128098487854,1,0,0.6008205711841583,0,1
SIHDR_003,SIHDR_003_e00.jpg,2,0,test,17.194602966308594,11.287712097167969,11.752165794372559,0.46445369720458984,1,9.38082218170166,12.287712097167969,1,1,1,0.9897856712341309,1,1,0.6008205711841583,1,1
SIHDR_003,SIHDR_003_e01.jpg,2,1,test,16.28771209716797,11.287712097167969,11.828744888305664,0.5410327911376953,1,9.38082218170166,12.287712097167969,1,1,1,0.9844635725021362,1,1,0.6008205711841583,1,1
SIHDR_003,SIHDR_003_e02.jpg,2,2,test,15.872674942016602,11.287712097167969,11.70314884185791,0.4154367446899414,1,9.38082218170166,12.287712097167969,1,1,1,0.9814975261688232,1,1,0.6008205711841583,1,1
SIHDR_003,SIHDR_003_e03.jpg,2,3,test,15.287712097167969,11.287712097167969,11.982816696166992,0.6951045989990234,1,9.38082218170166,12.287712097167969,1,1,1,0.9729552268981934,1,1,0.6008205711841583,1,1
SIHDR_003,SIHDR_003_e04.jpg,2,4,test,14.287712097167969,11.287712097167969,12.034248352050781,0.7465362548828125,1,9.38082218170166,12.287712097167969,1,1,1,0.950764536857605,1,1,0.6008205711841583,1,1
SIHDR_003,SIHDR_003_e05.jpg,2,5,test,13.287712097167969,11.287712097167969,12.102599143981934,0.8148870468139648,1,9.38082218170166,12.287712097167969,1,1,1,0.9188278317451477,1,1,0.6008205711841583,1,1
SIHDR_003,SIHDR_003_e06.jpg,2,6,test,12.287712097167969,11.287712097167969,12.562386512756348,1.274674415588379,1,9.38082218170166,12.287712097167969,0,1,1,0.843238115310669,1,1,0.6008205711841583,1,1
SIHDR_003,SIHDR_003_e07.jpg,2,7,test,11.287712097167969,11.287712097167969,12.520249366760254,1.2325372695922852,1,9.38082218170166,12.287712097167969,0,1,1,0.7223880290985107,1,1,0.6008205711841583,1,1
SIHDR_003,SIHDR_003_e08.jpg,2,8,test,10.287712097167969,11.287712097167969,12.55461597442627,1.2669038772583008,1,9.38082218170166,12.287712097167969,0,1,1,0.6263137459754944,1,1,0.6008205711841583,1,1
SIHDR_003,SIHDR_003_e09.jpg,2,9,test,9.38082218170166,11.287712097167969,12.092299461364746,0.8045873641967773,1,9.38082218170166,12.287712097167969,1,1,1,0.5860497951507568,1,1,0.6008205711841583,0,0
SIHDR_003,SIHDR_003_e10.jpg,2,10,test,8.38082218170166,11.287712097167969,11.975427627563477,0.6877155303955078,1,9.38082218170166,12.287712097167969,1,1,1,0.5655818581581116,1,1,0.6008205711841583,0,0
SIHDR_003,SIHDR_003_e11.jpg,2,11,test,7.380821704864502,11.287712097167969,13.283312797546387,1.995600700378418,1,9.38082218170166,12.287712097167969,0,1,1,0.5420154333114624,1,1,0.6008205711841583,0,0
SIHDR_003,SIHDR_003_e12.jpg,2,12,test,6.321928024291992,11.287712097167969,14.060418128967285,2.7727060317993164,1,9.38082218170166,12.287712097167969,0,1,1,0.5283639430999756,1,1,0.6008205711841583,0,0
SIHDR_003,SIHDR_003_e13.jpg,2,13,test,5.321928024291992,11.287712097167969,13.767888069152832,2.4801759719848633,1,9.38082218170166,12.287712097167969,0,1,1,0.5318000912666321,1,1,0.6008205711841583,0,0
SIHDR_003,SIHDR_003_e14.jpg,2,14,test,4.321928024291992,11.287712097167969,13.360956192016602,2.073244094848633,1,9.38082218170166,12.287712097167969,0,1,1,0.5372756123542786,1,1,0.6008205711841583,0,0
SIHDR_004,SIHDR_004_e00.jpg,3,0,train,17.194602966308594,11.287712097167969,10.595885276794434,0.6918268203735352,1,9.38082218170166,12.287712097167969,1,1,1,0.9946146607398987,1,1,0.6008205711841583,1,1
SIHDR_004,SIHDR_004_e01.jpg,3,1,train,16.28771209716797,11.287712097167969,10.912379264831543,0.3753328323364258,1,9.38082218170166,12.287712097167969,1,1,1,0.9926860332489014,1,1,0.6008205711841583,1,1
SIHDR_004,SIHDR_004_e02.jpg,3,2,train,15.872674942016602,11.287712097167969,11.127531051635742,0.16018104553222656,1,9.38082218170166,12.287712097167969,1,1,1,0.9902679324150085,1,1,0.6008205711841583,1,1
SIHDR_004,SIHDR_004_e03.jpg,3,3,train,15.287712097167969,11.287712097167969,11.119583129882812,0.16812896728515625,1,9.38082218170166,12.287712097167969,1,1,1,0.9858767986297607,1,1,0.6008205711841583,1,1
SIHDR_004,SIHDR_004_e04.jpg,3,4,train,14.287712097167969,11.287712097167969,11.335604667663574,0.04789257049560547,1,9.38082218170166,12.287712097167969,1,1,1,0.9717543125152588,1,1,0.6008205711841583,1,1
SIHDR_004,SIHDR_004_e05.jpg,3,5,train,13.287712097167969,11.287712097167969,11.402972221374512,0.11526012420654297,1,9.38082218170166,12.287712097167969,1,1,1,0.9309199452400208,1,1,0.6008205711841583,1,1
SIHDR_004,SIHDR_004_e06.jpg,3,6,train,12.287712097167969,11.287712097167969,11.289162635803223,0.0014505386352539062,1,9.38082218170166,12.287712097167969,1,1,1,0.8716133236885071,1,1,0.6008205711841583,1,1
SIHDR_004,SIHDR_004_e07.jpg,3,7,train,11.287712097167969,11.287712097167969,11.794342994689941,0.5066308975219727,1,9.38082218170166,12.287712097167969,1,1,1,0.7702721953392029,1,1,0.6008205711841583,1,1
SIHDR_004,SIHDR_004_e08.jpg,3,8,train,10.287712097167969,11.287712097167969,11.416239738464355,0.12852764129638672,1,9.38082218170166,12.287712097167969,1,1,1,0.6801730394363403,1,1,0.6008205711841583,1,1
SIHDR_004,SIHDR_004_e09.jpg,3,9,train,9.38082218170166,11.287712097167969,11.684700965881348,0.3969888687133789,1,9.38082218170166,12.287712097167969,1,1,1,0.612326979637146,1,1,0.6008205711841583,1,1
SIHDR_004,SIHDR_004_e10.jpg,3,10,train,8.38082218170166,11.287712097167969,11.798213005065918,0.5105009078979492,1,9.38082218170166,12.287712097167969,1,1,1,0.5705873370170593,1,1,0.6008205711841583,0,0
SIHDR_004,SIHDR_004_e11.jpg,3,11,train,7.380821704864502,11.287712097167969,12.345049858093262,1.057337760925293,1,9.38082218170166,12.287712097167969,0,1,1,0.5567772388458252,1,1,0.6008205711841583,0,0
SIHDR_004,SIHDR_004_e12.jpg,3,12,train,6.321928024291992,11.287712097167969,13.489253044128418,2.201540946960449,1,9.38082218170166,12.287712097167969,0,1,1,0.5379012227058411,1,1,0.6008205711841583,0,0
SIHDR_004,SIHDR_004_e13.jpg,3,13,train,5.321928024291992,11.287712097167969,13.56856918334961,2.2808570861816406,1,9.38082218170166,12.287712097167969,0,1,1,0.5356060862541199,1,1,0.6008205711841583,0,0
SIHDR_004,SIHDR_004_e14.jpg,3,14,train,4.321928024291992,11.287712097167969,13.321045875549316,2.0333337783813477,1,9.38082218170166,12.287712097167969,0,1,1,0.5384321808815002,1,1,0.6008205711841583,0,0
SIHDR_005,SIHDR_005_e00.jpg,4,0,train,17.194602966308594,11.287712097167969,10.252508163452148,1.0352039337158203,1,10.287712097167969,12.287712097167969,0,1,1,0.9949589967727661,1,1,0.6008205711841583,1,1
SIHDR_005,SIHDR_005_e01.jpg,4,1,train,16.28771209716797,11.287712097167969,10.088743209838867,1.1989688873291016,1,10.287712097167969,12.287712097167969,0,1,1,0.9935696125030518,1,1,0.6008205711841583,1,1
SIHDR_005,SIHDR_005_e02.jpg,4,2,train,15.872674942016602,11.287712097167969,10.370896339416504,0.9168157577514648,1,10.287712097167969,12.287712097167969,1,1,1,0.9917871356010437,1,1,0.6008205711841583,1,1
SIHDR_005,SIHDR_005_e03.jpg,4,3,train,15.287712097167969,11.287712097167969,10.501240730285645,0.7864713668823242,1,10.287712097167969,12.287712097167969,1,1,1,0.9878694415092468,1,1,0.6008205711841583,1,1
SIHDR_005,SIHDR_005_e04.jpg,4,4,train,14.287712097167969,11.287712097167969,11.389464378356934,0.10175228118896484,1,10.287712097167969,12.287712097167969,1,1,1,0.9712533354759216,1,1,0.6008205711841583,1,1
SIHDR_005,SIHDR_005_e05.jpg,4,5,train,13.287712097167969,11.287712097167969,11.819087028503418,0.5313749313354492,1,10.287712097167969,12.287712097167969,1,1,1,0.9321778416633606,1,1,0.6008205711841583,1,1
SIHDR_005,SIHDR_005_e06.jpg,4,6,train,12.287712097167969,11.287712097167969,11.536584854125977,0.2488727569580078,1,10.287712097167969,12.287712097167969,1,1,1,0.8663556575775146,1,1,0.6008205711841583,1,1
SIHDR_005,SIHDR_005_e07.jpg,4,7,train,11.287712097167969,11.287712097167969,11.753338813781738,0.46562671661376953,1,10.287712097167969,12.287712097167969,1,1,1,0.7736772298812866,1,1,0.6008205711841583,1,1
SIHDR_005,SIHDR_005_e08.jpg,4,8,train,10.287712097167969,11.287712097167969,11.849069595336914,0.5613574981689453,1,10.287712097167969,12.287712097167969,1,1,1,0.6767464280128479,1,1,0.6008205711841583,1,1
SIHDR_005,SIHDR_005_e09.jpg,4,9,train,9.38082218170166,11.287712097167969,11.801108360290527,0.5133962631225586,1,10.287712097167969,12.287712097167969,1,1,1,0.6172611117362976,1,1,0.6008205711841583,1,1
SIHDR_005,SIHDR_005_e10.jpg,4,10,train,8.38082218170166,11.287712097167969,11.898266792297363,0.6105546951293945,1,10.287712097167969,12.287712097167969,1,1,1,0.5737582445144653,1,1,0.6008205711841583,0,0
SIHDR_005,SIHDR_005_e11.jpg,4,11,train,7.380821704864502,11.287712097167969,12.397549629211426,1.109837532043457,1,10.287712097167969,12.287712097167969,0,1,1,0.5564606785774231,1,1,0.6008205711841583,0,0
SIHDR_005,SIHDR_005_e12.jpg,4,12,train,6.321928024291992,11.287712097167969,13.458609580993652,2.1708974838256836,1,10.287712097167969,12.287712097167969,0,1,1,0.5383400917053223,1,1,0.6008205711841583,0,0
SIHDR_005,SIHDR_005_e13.jpg,4,13,train,5.321928024291992,11.287712097167969,13.610283851623535,2.3225717544555664,1,10.287712097167969,12.287712097167969,0,1,1,0.5349796414375305,1,1,0.6008205711841583,0,0
SIHDR_005,SIHDR_005_e14.jpg,4,14,train,4.321928024291992,11.287712097167969,13.326212882995605,2.0385007858276367,1,10.287712097167969,12.287712097167969,0,1,1,0.538354218006134,1,1,0.6008205711841583,0,0
SIHDR_006,SIHDR_006_e00.jpg,5,0,train,17.194602966308594,12.287712097167969,10.550690650939941,1.7370214462280273,1,9.38082218170166,13.287712097167969,1,1,1,0.9945395588874817,1,1,0.6008205711841583,1,1
SIHDR_006,SIHDR_006_e01.jpg,5,1,train,16.28771209716797,12.287712097167969,10.618924140930176,1.668787956237793,1,9.38082218170166,13.287712097167969,1,1,1,0.9927287101745605,1,1,0.6008205711841583,1,1
SIHDR_006,SIHDR_006_e02.jpg,5,2,train,15.872674942016602,12.287712097167969,11.190155982971191,1.0975561141967773,1,9.38082218170166,13.287712097167969,1,1,1,0.9890143275260925,1,1,0.6008205711841583,1,1
SIHDR_006,SIHDR_006_e03.jpg,5,3,train,15.287712097167969,12.287712097167969,12.025012016296387,0.26270008087158203,1,9.38082218170166,13.287712097167969,1,1,1,0.980171799659729,1,1,0.6008205711841583,1,1
SIHDR_006,SIHDR_006_e04.jpg,5,4,train,14.287712097167969,12.287712097167969,12.557127952575684,0.26941585540771484,1,9.38082218170166,13.287712097167969,1,1,1,0.9580073356628418,1,1,0.6008205711841583,1,1
SIHDR_006,SIHDR_006_e05.jpg,5,5,train,13.287712097167969,12.287712097167969,12.265442848205566,0.022269248962402344,1,9.38082218170166,13.287712097167969,1,1,1,0.9339518547058105,1,1,0.6008205711841583,1,1
SIHDR_006,SIHDR_006_e06.jpg,5,6,train,12.287712097167969,12.287712097167969,11.809723854064941,0.47798824310302734,1,9.38082218170166,13.287712097167969,1,1,1,0.9039515256881714,1,1,0.6008205711841583,1,1
SIHDR_006,SIHDR_006_e07.jpg,5,7,train,11.287712097167969,12.287712097167969,11.958504676818848,0.3292074203491211,1,9.38082218170166,13.287712097167969,1,1,1,0.8483517169952393,1,1,0.6008205711841583,1,1
SIHDR_006,SIHDR_006_e08.jpg,5,8,train,10.287712097167969,12.287712097167969,12.279396057128906,0.0083160400390625,1,9.38082218170166,13.287712097167969,1,1,1,0.785698652267456,1,1,0.6008205711841583,1,1
SIHDR_006,SIHDR_006_e09.jpg,5,9,train,9.38082218170166,12.287712097167969,11.939464569091797,0.3482475280761719,1,9.38082218170166,13.287712097167969,1,1,1,0.7581701278686523,1,1,0.6008205711841583,1,1
SIHDR_006,SIHDR_006_e10.jpg,5,10,train,8.38082218170166,12.287712097167969,11.315260887145996,0.9724512100219727,1,9.38082218170166,13.287712097167969,1,1,1,0.7339122295379639,1,1,0.6008205711841583,1,1
SIHDR_006,SIHDR_006_e11.jpg,5,11,train,7.380821704864502,12.287712097167969,10.741866111755371,1.5458459854125977,1,9.38082218170166,13.287712097167969,1,1,1,0.6533241868019104,1,1,0.6008205711841583,1,1
SIHDR_006,SIHDR_006_e12.jpg,5,12,train,6.321928024291992,12.287712097167969,10.822588920593262,1.465123176574707,1,9.38082218170166,13.287712097167969,1,1,1,0.5949974060058594,1,1,0.6008205711841583,0,0
SIHDR_006,SIHDR_006_e13.jpg,5,13,train,5.321928024291992,12.287712097167969,11.586050987243652,0.7016611099243164,1,9.38082218170166,13.287712097167969,1,1,1,0.5709021687507629,1,1,0.6008205711841583,0,0
SIHDR_006,SIHDR_006_e14.jpg,5,14,train,4.321928024291992,12.287712097167969,11.72804069519043,0.5596714019775391,1,9.38082218170166,13.287712097167969,1,1,1,0.562419056892395,1,1,0.6008205711841583,0,0
SIHDR_007,SIHDR_007_e00.jpg,6,0,validation,17.194602966308594,10.287712097167969,11.774845123291016,1.4871330261230469,1,8.38082218170166,12.287712097167969,1,1,1,0.9923285841941833,1,1,0.6008205711841583,1,1
SIHDR_007,SIHDR_007_e01.jpg,6,1,validation,16.28771209716797,10.287712097167969,12.172224998474121,1.8845129013061523,1,8.38082218170166,12.287712097167969,1,1,1,0.9876625537872314,1,1,0.6008205711841583,1,1
SIHDR_007,SIHDR_007_e02.jpg,6,2,validation,15.872674942016602,10.287712097167969,12.67255687713623,2.3848447799682617,1,8.38082218170166,12.287712097167969,0,1,1,0.9819775223731995,1,1,0.6008205711841583,1,1
SIHDR_007,SIHDR_007_e03.jpg,6,3,validation,15.287712097167969,10.287712097167969,13.570100784301758,3.282388687133789,1,8.38082218170166,12.287712097167969,0,1,1,0.9658146500587463,1,1,0.6008205711841583,1,1
SIHDR_007,SIHDR_007_e04.jpg,6,4,validation,14.287712097167969,10.287712097167969,14.375317573547363,4.0876054763793945,1,8.38082218170166,12.287712097167969,0,1,1,0.896959662437439,1,1,0.6008205711841583,1,1
SIHDR_007,SIHDR_007_e05.jpg,6,5,validation,13.287712097167969,10.287712097167969,14.27641487121582,3.9887027740478516,1,8.38082218170166,12.287712097167969,0,1,1,0.7906712293624878,1,1,0.6008205711841583,1,1
SIHDR_007,SIHDR_007_e06.jpg,6,6,validation,12.287712097167969,10.287712097167969,13.736868858337402,3.4491567611694336,1,8.38082218170166,12.287712097167969,0,1,1,0.7158982157707214,1,1,0.6008205711841583,1,1
SIHDR_007,SIHDR_007_e07.jpg,6,7,validation,11.287712097167969,10.287712097167969,13.456708908081055,3.168996810913086,1,8.38082218170166,12.287712097167969,0,1,1,0.6614902019500732,1,1,0.6008205711841583,1,1
SIHDR_007,SIHDR_007_e08.jpg,6,8,validation,10.287712097167969,10.287712097167969,13.149774551391602,2.862062454223633,1,8.38082218170166,12.287712097167969,0,1,1,0.6206237077713013,1,1,0.6008205711841583,1,1
SIHDR_007,SIHDR_007_e09.jpg,6,9,validation,9.38082218170166,10.287712097167969,12.972977638244629,2.68526554107666,1,8.38082218170166,12.287712097167969,0,1,1,0.5773597955703735,1,1,0.6008205711841583,0,0
SIHDR_007,SIHDR_007_e10.jpg,6,10,validation,8.38082218170166,10.287712097167969,13.419657707214355,3.1319456100463867,1,8.38082218170166,12.287712097167969,0,1,1,0.550350546836853,1,1,0.6008205711841583,0,0
SIHDR_007,SIHDR_007_e11.jpg,6,11,validation,7.380821704864502,10.287712097167969,13.849990844726562,3.5622787475585938,1,8.38082218170166,12.287712097167969,0,1,1,0.5371369123458862,1,1,0.6008205711841583,0,0
SIHDR_007,SIHDR_007_e12.jpg,6,12,validation,6.321928024291992,10.287712097167969,13.789250373840332,3.5015382766723633,1,8.38082218170166,12.287712097167969,0,1,1,0.5331896543502808,1,1,0.6008205711841583,0,0
SIHDR_007,SIHDR_007_e13.jpg,6,13,validation,5.321928024291992,10.287712097167969,13.524219512939453,3.2365074157714844,1,8.38082218170166,12.287712097167969,0,1,1,0.5363298058509827,1,1,0.6008205711841583,0,0
SIHDR_007,SIHDR_007_e14.jpg,6,14,validation,4.321928024291992,10.287712097167969,13.378872871398926,3.091160774230957,1,8.38082218170166,12.287712097167969,0,1,1,0.5376494526863098,1,1,0.6008205711841583,0,0
SIHDR_008,SIHDR_008_e00.jpg,7,0,train,17.194602966308594,8.38082218170166,10.059263229370117,1.678441047668457,1,7.380821704864502,10.287712097167969,1,1,1,0.9951024055480957,1,1,0.6008205711841583,1,1
SIHDR_008,SIHDR_008_e01.jpg,7,1,train,16.28771209716797,8.38082218170166,9.356842994689941,0.9760208129882812,1,7.380821704864502,10.287712097167969,1,1,1,0.9952444434165955,1,1,0.6008205711841583,1,1
SIHDR_008,SIHDR_008_e02.jpg,7,2,train,15.872674942016602,8.38082218170166,9.062695503234863,0.6818733215332031,1,7.380821704864502,10.287712097167969,1,1,1,0.995263934135437,1,1,0.6008205711841583,1,1
SIHDR_008,SIHDR_008_e03.jpg,7,3,train,15.287712097167969,8.38082218170166,8.667003631591797,0.2861814498901367,1,7.380821704864502,10.287712097167969,1,1,1,0.9952682852745056,1,1,0.6008205711841583,1,1
SIHDR_008,SIHDR_008_e04.jpg,7,4,train,14.287712097167969,8.38082218170166,8.131961822509766,0.24886035919189453,1,7.380821704864502,10.287712097167969,1,1,1,0.9952450394630432,1,1,0.6008205711841583,1,1
SIHDR_008,SIHDR_008_e05.jpg,7,5,train,13.287712097167969,8.38082218170166,7.887864589691162,0.49295759201049805,1,7.380821704864502,10.287712097167969,1,1,1,0.994595468044281,1,1,0.6008205711841583,1,1
SIHDR_008,SIHDR_008_e06.jpg,7,6,train,12.287712097167969,8.38082218170166,8.203012466430664,0.1778097152709961,1,7.380821704864502,10.287712097167969,1,1,1,0.9901257753372192,1,1,0.6008205711841583,1,1
SIHDR_008,SIHDR_008_e07.jpg,7,7,train,11.287712097167969,8.38082218170166,8.580422401428223,0.1996002197265625,1,7.380821704864502,10.287712097167969,1,1,1,0.9781977534294128,1,1,0.6008205711841583,1,1
SIHDR_008,SIHDR_008_e08.jpg,7,8,train,10.287712097167969,8.38082218170166,8.413409233093262,0.03258705139160156,1,7.380821704864502,10.287712097167969,1,1,1,0.9594910740852356,1,1,0.6008205711841583,1,1
SIHDR_008,SIHDR_008_e09.jpg,7,9,train,9.38082218170166,8.38082218170166,7.843804836273193,0.5370173454284668,1,7.380821704864502,10.287712097167969,1,1,1,0.9451823830604553,1,1,0.6008205711841583,1,1
SIHDR_008,SIHDR_008_e10.jpg,7,10,train,8.38082218170166,8.38082218170166,7.515670299530029,0.8651518821716309,1,7.380821704864502,10.287712097167969,1,1,1,0.9172366261482239,1,1,0.6008205711841583,1,1
SIHDR_008,SIHDR_008_e11.jpg,7,11,train,7.380821704864502,8.38082218170166,7.93082857131958,0.4499936103820801,1,7.380821704864502,10.287712097167969,1,1,1,0.8389884829521179,1,1,0.6008205711841583,1,1
SIHDR_008,SIHDR_008_e12.jpg,7,12,train,6.321928024291992,8.38082218170166,8.204611778259277,0.1762104034423828,1,7.380821704864502,10.287712097167969,1,1,1,0.7374129295349121,1,1,0.6008205711841583,1,1
SIHDR_008,SIHDR_008_e13.jpg,7,13,train,5.321928024291992,8.38082218170166,8.36655330657959,0.014268875122070312,1,7.380821704864502,10.287712097167969,1,1,1,0.6664126515388489,1,1,0.6008205711841583,1,1
SIHDR_008,SIHDR_008_e14.jpg,7,14,train,4.321928024291992,8.38082218170166,7.930789470672607,0.45003271102905273,1,7.380821704864502,10.287712097167969,1,1,1,0.6341621279716492,1,1,0.6008205711841583,1,1
SIHDR_009,SIHDR_009_e00.jpg,8,0,train,17.194602966308594,11.287712097167969,10.103497505187988,1.1842145919799805,1,9.38082218170166,12.287712097167969,1,1,1,0.9950719475746155,1,1,0.6008205711841583,1,1
SIHDR_009,SIHDR_009_e01.jpg,8,1,train,16.28771209716797,11.287712097167969,10.140233993530273,1.1474781036376953,1,9.38082218170166,12.287712097167969,1,1,1,0.9946709275245667,1,1,0.6008205711841583,1,1
SIHDR_009,SIHDR_009_e02.jpg,8,2,train,15.872674942016602,11.287712097167969,10.35529613494873,0.9324159622192383,1,9.38082218170166,12.287712097167969,1,1,1,0.9940288066864014,1,1,0.6008205711841583,1,1
SIHDR_009,SIHDR_009_e03.jpg,8,3,train,15.287712097167969,11.287712097167969,10.652264595031738,0.6354475021362305,1,9.38082218170166,12.287712097167969,1,1,1,0.9927741289138794,1,1,0.6008205711841583,1,1
SIHDR_009,SIHDR_009_e04.jpg,8,4,train,14.287712097167969,11.287712097167969,11.210610389709473,0.0771017074584961,1,9.38082218170166,12.287712097167969,1,1,1,0.9831429123878479,1,1,0.6008205711841583,1,1
SIHDR_009,SIHDR_009_e05.jpg,8,5,train,13.287712097167969,11.287712097167969,11.172453880310059,0.11525821685791016,1,9.38082218170166,12.287712097167969,1,1,1,0.9413981437683105,1,1,0.6008205711841583,1,1
SIHDR_009,SIHDR_009_e06.jpg,8,6,train,12.287712097167969,11.287712097167969,11.166169166564941,0.12154293060302734,1,9.38082218170166,12.287712097167969,1,1,1,0.8677494525909424,1,1,0.6008205711841583,1,1
SIHDR_009,SIHDR_009_e07.jpg,8,7,train,11.287712097167969,11.287712097167969,10.986289024353027,0.3014230728149414,1,9.38082218170166,12.287712097167969,1,1,1,0.7755320072174072,1,1,0.6008205711841583,1,1
SIHDR_009,SIHDR_009_e08.jpg,8,8,train,10.287712097167969,11.287712097167969,10.767849922180176,0.519862174987793,1,9.38082218170166,12.287712097167969,1,1,1,0.7248379588127136,1,1,0.6008205711841583,1,1
SIHDR_009,SIHDR_009_e09.jpg,8,9,train,9.38082218170166,11.287712097167969,11.656744956970215,0.3690328598022461,1,9.38082218170166,12.287712097167969,1,1,1,0.6397225856781006,1,1,0.6008205711841583,1,1
SIHDR_009,SIHDR_009_e10.jpg,8,10,train,8.38082218170166,11.287712097167969,11.667901039123535,0.3801889419555664,1,9.38082218170166,12.287712097167969,1,1,1,0.5845698118209839,1,1,0.6008205711841583,0,0
SIHDR_009,SIHDR_009_e11.jpg,8,11,train,7.380821704864502,11.287712097167969,13.013168334960938,1.7254562377929688,1,9.38082218170166,12.287712097167969,0,1,1,0.5511629581451416,1,1,0.6008205711841583,0,0
SIHDR_009,SIHDR_009_e12.jpg,8,12,train,6.321928024291992,11.287712097167969,13.408854484558105,2.1211423873901367,1,9.38082218170166,12.287712097167969,0,1,1,0.5384232401847839,1,1,0.6008205711841583,0,0
SIHDR_009,SIHDR_009_e13.jpg,8,13,train,5.321928024291992,11.287712097167969,13.259478569030762,1.971766471862793,1,9.38082218170166,12.287712097167969,0,1,1,0.5403394103050232,1,1,0.6008205711841583,0,0
SIHDR_009,SIHDR_009_e14.jpg,8,14,train,4.321928024291992,11.287712097167969,13.296815872192383,2.009103775024414,1,9.38082218170166,12.287712097167969,0,1,1,0.5387722253799438,1,1,0.6008205711841583,0,0
SIHDR_010,SIHDR_010_e00.jpg,9,0,validation,17.194602966308594,11.287712097167969,10.248557090759277,1.0391550064086914,1,9.38082218170166,12.287712097167969,1,,0,0.9948380589485168,1,,0.6008205711841583,1,
SIHDR_010,SIHDR_010_e01.jpg,9,1,validation,16.28771209716797,11.287712097167969,10.661067008972168,0.6266450881958008,1,9.38082218170166,12.287712097167969,1,,0,0.9923639297485352,1,,0.6008205711841583,1,
SIHDR_010,SIHDR_010_e02.jpg,9,2,validation,15.872674942016602,11.287712097167969,10.891779899597168,0.3959321975708008,1,9.38082218170166,12.287712097167969,1,,0,0.9895687699317932,1,,0.6008205711841583,1,
SIHDR_010,SIHDR_010_e03.jpg,9,3,validation,15.287712097167969,11.287712097167969,11.518437385559082,0.23072528839111328,1,9.38082218170166,12.287712097167969,1,,0,0.9800682663917542,1,,0.6008205711841583,1,
SIHDR_010,SIHDR_010_e04.jpg,9,4,validation,14.287712097167969,11.287712097167969,12.212701797485352,0.9249897003173828,1,9.38082218170166,12.287712097167969,1,,0,0.9321251511573792,1,,0.6008205711841583,1,
SIHDR_010,SIHDR_010_e05.jpg,9,5,validation,13.287712097167969,11.287712097167969,12.348872184753418,1.0611600875854492,1,9.38082218170166,12.287712097167969,0,,0,0.84089595079422,1,,0.6008205711841583,1,
SIHDR_010,SIHDR_010_e06.jpg,9,6,validation,12.287712097167969,11.287712097167969,12.395682334899902,1.1079702377319336,1,9.38082218170166,12.287712097167969,0,,0,0.7486167550086975,1,,0.6008205711841583,1,
SIHDR_010,SIHDR_010_e07.jpg,9,7,validation,11.287712097167969,11.287712097167969,12.443676948547363,1.1559648513793945,1,9.38082218170166,12.287712097167969,0,,0,0.678659200668335,1,,0.6008205711841583,1,
SIHDR_010,SIHDR_010_e08.jpg,9,8,validation,10.287712097167969,11.287712097167969,12.9405517578125,1.6528396606445312,1,9.38082218170166,12.287712097167969,0,,0,0.6143589615821838,1,,0.6008205711841583,1,
SIHDR_010,SIHDR_010_e09.jpg,9,9,validation,9.38082218170166,11.287712097167969,13.25435733795166,1.9666452407836914,1,9.38082218170166,12.287712097167969,0,,0,0.5654557347297668,1,,0.6008205711841583,0,
SIHDR_010,SIHDR_010_e10.jpg,9,10,validation,8.38082218170166,11.287712097167969,13.798059463500977,2.510347366333008,1,9.38082218170166,12.287712097167969,0,,0,0.5423268675804138,1,,0.6008205711841583,0,
SIHDR_010,SIHDR_010_e11.jpg,9,11,validation,7.380821704864502,11.287712097167969,14.24121379852295,2.9535017013549805,1,9.38082218170166,12.287712097167969,0,,0,0.5297339558601379,1,,0.6008205711841583,0,
SIHDR_010,SIHDR_010_e12.jpg,9,12,validation,6.321928024291992,11.287712097167969,14.03661060333252,2.748898506164551,1,9.38082218170166,12.287712097167969,0,,0,0.5286042094230652,1,,0.6008205711841583,0,
SIHDR_010,SIHDR_010_e13.jpg,9,13,validation,5.321928024291992,11.287712097167969,13.675930976867676,2.388218879699707,1,9.38082218170166,12.287712097167969,0,,0,0.5334780216217041,1,,0.6008205711841583,0,
SIHDR_010,SIHDR_010_e14.jpg,9,14,validation,4.321928024291992,11.287712097167969,13.399879455566406,2.1121673583984375,1,9.38082218170166,12.287712097167969,0,,0,0.5370346307754517,1,,0.6008205711841583,0,
SIHDR_011,SIHDR_011_e00.jpg,10,0,train,17.194602966308594,10.287712097167969,10.059263229370117,0.22844886779785156,1,8.38082218170166,10.287712097167969,1,,0,0.9951024055480957,1,,0.6008205711841583,1,
SIHDR_011,SIHDR_011_e01.jpg,10,1,train,16.28771209716797,10.287712097167969,9.356842994689941,0.9308691024780273,1,8.38082218170166,10.287712097167969,1,,0,0.9952444434165955,1,,0.6008205711841583,1,
SIHDR_011,SIHDR_011_e02.jpg,10,2,train,15.872674942016602,10.287712097167969,9.062695503234863,1.2250165939331055,1,8.38082218170166,10.287712097167969,1,,0,0.995263934135437,1,,0.6008205711841583,1,
SIHDR_011,SIHDR_011_e03.jpg,10,3,train,15.287712097167969,10.287712097167969,8.66965103149414,1.6180610656738281,1,8.38082218170166,10.287712097167969,1,,0,0.995267391204834,1,,0.6008205711841583,1,
SIHDR_011,SIHDR_011_e04.jpg,10,4,train,14.287712097167969,10.287712097167969,8.700871467590332,1.5868406295776367,1,8.38082218170166,10.287712097167969,1,,0,0.9945578575134277,1,,0.6008205711841583,1,
SIHDR_011,SIHDR_011_e05.jpg,10,5,train,13.287712097167969,10.287712097167969,9.738359451293945,0.5493526458740234,1,8.38082218170166,10.287712097167969,1,,0,0.9910951852798462,1,,0.6008205711841583,1,
SIHDR_011,SIHDR_011_e06.jpg,10,6,train,12.287712097167969,10.287712097167969,10.304945945739746,0.017233848571777344,1,8.38082218170166,10.287712097167969,0,,0,0.9820908904075623,1,,0.6008205711841583,1,
SIHDR_011,SIHDR_011_e07.jpg,10,7,train,11.287712097167969,10.287712097167969,10.732311248779297,0.4445991516113281,1,8.38082218170166,10.287712097167969,0,,0,0.9588482975959778,1,,0.6008205711841583,1,
SIHDR_011,SIHDR_011_e08.jpg,10,8,train,10.287712097167969,10.287712097167969,10.707518577575684,0.41980648040771484,1,8.38082218170166,10.287712097167969,0,,0,0.8915079832077026,1,,0.6008205711841583,1,
SIHDR_011,SIHDR_011_e09.jpg,10,9,train,9.38082218170166,10.287712097167969,10.296082496643066,0.008370399475097656,1,8.38082218170166,10.287712097167969,0,,0,0.7870889902114868,1,,0.6008205711841583,1,
SIHDR_011,SIHDR_011_e10.jpg,10,10,train,8.38082218170166,10.287712097167969,9.958141326904297,0.3295707702636719,1,8.38082218170166,10.287712097167969,1,,0,0.7002377510070801,1,,0.6008205711841583,1,
SIHDR_011,SIHDR_011_e11.jpg,10,11,train,7.380821704864502,10.287712097167969,10.150717735290527,0.1369943618774414,1,8.38082218170166,10.287712097167969,1,,0,0.6212995052337646,1,,0.6008205711841583,1,
SIHDR_011,SIHDR_011_e12.jpg,10,12,train,6.321928024291992,10.287712097167969,9.965348243713379,0.32236385345458984,1,8.38082218170166,10.287712097167969,1,,0,0.6001035571098328,1,,0.6008205711841583,0,
SIHDR_011,SIHDR_011_e13.jpg,10,13,train,5.321928024291992,10.287712097167969,12.822654724121094,2.534942626953125,1,8.38082218170166,10.287712097167969,0,,0,0.5507369637489319,1,,0.6008205711841583,0,
SIHDR_011,SIHDR_011_e14.jpg,10,14,train,4.321928024291992,10.287712097167969,13.04390811920166,2.7561960220336914,1,8.38082218170166,10.287712097167969,0,,0,0.5446342825889587,1,,0.6008205711841583,0,
SIHDR_012,SIHDR_012_e00.jpg,11,0,train,17.194602966308594,11.287712097167969,10.875542640686035,0.4121694564819336,1,10.287712097167969,12.287712097167969,1,1,1,0.9942012429237366,1,1,0.6008205711841583,1,1
SIHDR_012,SIHDR_012_e01.jpg,11,1,train,16.28771209716797,11.287712097167969,11.253240585327148,0.03447151184082031,1,10.287712097167969,12.287712097167969,1,1,1,0.9902656674385071,1,1,0.6008205711841583,1,1
SIHDR_012,SIHDR_012_e02.jpg,11,2,train,15.872674942016602,11.287712097167969,11.362510681152344,0.074798583984375,1,10.287712097167969,12.287712097167969,1,1,1,0.9871225357055664,1,1,0.6008205711841583,1,1
SIHDR_012,SIHDR_012_e03.jpg,11,3,train,15.287712097167969,11.287712097167969,11.398669242858887,0.11095714569091797,1,10.287712097167969,12.287712097167969,1,1,1,0.982231855392456,1,1,0.6008205711841583,1,1
SIHDR_012,SIHDR_012_e04.jpg,11,4,train,14.287712097167969,11.287712097167969,11.283513069152832,0.004199028015136719,1,10.287712097167969,12.287712097167969,1,1,1,0.9741708040237427,1,1,0.6008205711841583,1,1
SIHDR_012,SIHDR_012_e05.jpg,11,5,train,13.287712097167969,11.287712097167969,11.218457221984863,0.06925487518310547,1,10.287712097167969,12.287712097167969,1,1,1,0.9597731232643127,1,1,0.6008205711841583,1,1
SIHDR_012,SIHDR_012_e06.jpg,11,6,train,12.287712097167969,11.287712097167969,12.023123741149902,0.7354116439819336,1,10.287712097167969,12.287712097167969,1,1,1,0.9400599598884583,1,1,0.6008205711841583,1,1
SIHDR_012,SIHDR_012_e07.jpg,11,7,train,11.287712097167969,11.287712097167969,12.633687019348145,1.3459749221801758,1,10.287712097167969,12.287712097167969,0,1,1,0.822272539138794,1,1,0.6008205711841583,1,1
SIHDR_012,SIHDR_012_e08.jpg,11,8,train,10.287712097167969,11.287712097167969,12.073217391967773,0.7855052947998047,1,10.287712097167969,12.287712097167969,1,1,1,0.69467693567276,1,1,0.6008205711841583,1,1
SIHDR_012,SIHDR_012_e09.jpg,11,9,train,9.38082218170166,11.287712097167969,11.399981498718262,0.11226940155029297,1,10.287712097167969,12.287712097167969,1,1,1,0.6459307670593262,1,1,0.6008205711841583,1,1
SIHDR_012,SIHDR_012_e10.jpg,11,10,train,8.38082218170166,11.287712097167969,11.16072940826416,0.1269826889038086,1,10.287712097167969,12.287712097167969,1,1,1,0.5925871729850769,1,1,0.6008205711841583,0,0
SIHDR_012,SIHDR_012_e11.jpg,11,11,train,7.380821704864502,11.287712097167969,11.27380084991455,0.013911247253417969,1,10.287712097167969,12.287712097167969,1,1,1,0.578001081943512,1,1,0.6008205711841583,0,0
SIHDR_012,SIHDR_012_e12.jpg,11,12,train,6.321928024291992,11.287712097167969,13.822493553161621,2.5347814559936523,1,10.287712097167969,12.287712097167969,0,1,1,0.5344406962394714,1,1,0.6008205711841583,0,0
SIHDR_012,SIHDR_012_e13.jpg,11,13,train,5.321928024291992,11.287712097167969,13.64057445526123,2.3528623580932617,1,10.287712097167969,12.287712097167969,0,1,1,0.5349655151367188,1,1,0.6008205711841583,0,0
SIHDR_012,SIHDR_012_e14.jpg,11,14,train,4.321928024291992,11.287712097167969,13.300089836120605,2.0123777389526367,1,10.287712097167969,12.287712097167969,0,1,1,0.5388439893722534,1,1,0.6008205711841583,0,0
SIHDR_013,SIHDR_013_e00.jpg,12,0,train,17.194602966308594,11.287712097167969,10.349610328674316,0.9381017684936523,1,10.287712097167969,12.287712097167969,1,,0,0.9949594736099243,1,,0.6008205711841583,1,
SIHDR_013,SIHDR_013_e01.jpg,12,1,train,16.28771209716797,11.287712097167969,10.276863098144531,1.0108489990234375,1,10.287712097167969,12.287712097167969,0,,0,0.993710994720459,1,,0.6008205711841583,1,
SIHDR_013,SIHDR_013_e02.jpg,12,2,train,15.872674942016602,11.287712097167969,10.412917137145996,0.8747949600219727,1,10.287712097167969,12.287712097167969,1,,0,0.9921472668647766,1,,0.6008205711841583,1,
SIHDR_013,SIHDR_013_e03.jpg,12,3,train,15.287712097167969,11.287712097167969,10.513646125793457,0.7740659713745117,1,10.287712097167969,12.287712097167969,1,,0,0.9890754222869873,1,,0.6008205711841583,1,
SIHDR_013,SIHDR_013_e04.jpg,12,4,train,14.287712097167969,11.287712097167969,10.573380470275879,0.7143316268920898,1,10.287712097167969,12.287712097167969,1,,0,0.9829498529434204,1,,0.6008205711841583,1,
SIHDR_013,SIHDR_013_e05.jpg,12,5,train,13.287712097167969,11.287712097167969,10.422861099243164,0.8648509979248047,1,10.287712097167969,12.287712097167969,1,,0,0.9747592210769653,1,,0.6008205711841583,1,
SIHDR_013,SIHDR_013_e06.jpg,12,6,train,12.287712097167969,11.287712097167969,10.589522361755371,0.6981897354125977,1,10.287712097167969,12.287712097167969,1,,0,0.9586986899375916,1,,0.6008205711841583,1,
SIHDR_013,SIHDR_013_e07.jpg,12,7,train,11.287712097167969,11.287712097167969,11.49975872039795,0.21204662322998047,1,10.287712097167969,12.287712097167969,1,,0,0.8462932705879211,1,,0.6008205711841583,1,
SIHDR_013,SIHDR_013_e08.jpg,12,8,train,10.287712097167969,11.287712097167969,11.363946914672852,0.07623481750488281,1,10.287712097167969,12.287712097167969,1,,0,0.7271387577056885,1,,0.6008205711841583,1,
SIHDR_013,SIHDR_013_e09.jpg,12,9,train,9.38082218170166,11.287712097167969,11.080160140991211,0.2075519561767578,1,10.287712097167969,12.287712097167969,1,,0,0.6504362225532532,1,,0.6008205711841583,1,
SIHDR_013,SIHDR_013_e10.jpg,12,10,train,8.38082218170166,11.287712097167969,10.537541389465332,0.7501707077026367,1,10.287712097167969,12.287712097167969,1,,0,0.6138782501220703,1,,0.6008205711841583,1,
SIHDR_013,SIHDR_013_e11.jpg,12,11,train,7.380821704864502,11.287712097167969,10.774214744567871,0.5134973526000977,1,10.287712097167969,12.287712097167969,1,,0,0.5826739072799683,1,,0.6008205711841583,0,
SIHDR_013,SIHDR_013_e12.jpg,12,12,train,6.321928024291992,11.287712097167969,13.562273979187012,2.274561882019043,1,10.287712097167969,12.287712097167969,0,,0,0.5344889163970947,1,,0.6008205711841583,0,
SIHDR_013,SIHDR_013_e13.jpg,12,13,train,5.321928024291992,11.287712097167969,13.497139930725098,2.209427833557129,1,10.287712097167969,12.287712097167969,0,,0,0.5347086191177368,1,,0.6008205711841583,0,
SIHDR_013,SIHDR_013_e14.jpg,12,14,train,4.321928024291992,11.287712097167969,13.20753002166748,1.9198179244995117,1,10.287712097167969,12.287712097167969,0,,0,0.5389434099197388,1,,0.6008205711841583,0,
SIHDR_014,SIHDR_014_e00.jpg,13,0,train,17.194602966308594,10.287712097167969,10.496813774108887,0.20910167694091797,1,10.287712097167969,11.287712097167969,1,1,1,0.9946616291999817,1,1,0.6008205711841583,1,1
SIHDR_014,SIHDR_014_e01.jpg,13,1,train,16.28771209716797,10.287712097167969,10.386380195617676,0.09866809844970703,1,10.287712097167969,11.287712097167969,1,1,1,0.9935382008552551,1,1,0.6008205711841583,1,1
SIHDR_014,SIHDR_014_e02.jpg,13,2,train,15.872674942016602,10.287712097167969,10.374452590942383,0.08674049377441406,1,10.287712097167969,11.287712097167969,1,1,1,0.9926388263702393,1,1,0.6008205711841583,1,1
SIHDR_014,SIHDR_014_e03.jpg,13,3,train,15.287712097167969,10.287712097167969,10.376550674438477,0.08883857727050781,1,10.287712097167969,11.287712097167969,1,1,1,0.9908863306045532,1,1,0.6008205711841583,1,1
SIHDR_014,SIHDR_014_e04.jpg,13,4,train,14.287712097167969,10.287712097167969,10.05920124053955,0.22851085662841797,1,10.287712097167969,11.287712097167969,0,1,1,0.9872548580169678,1,1,0.6008205711841583,1,1
SIHDR_014,SIHDR_014_e05.jpg,13,5,train,13.287712097167969,10.287712097167969,9.561652183532715,0.7260599136352539,1,10.287712097167969,11.287712097167969,0,1,1,0.9846962690353394,1,1,0.6008205711841583,1,1
SIHDR_014,SIHDR_014_e06.jpg,13,6,train,12.287712097167969,10.287712097167969,9.651445388793945,0.6362667083740234,1,10.287712097167969,11.287712097167969,0,1,1,0.9764853715896606,1,1,0.6008205711841583,1,1
SIHDR_014,SIHDR_014_e07.jpg,13,7,train,11.287712097167969,10.287712097167969,10.138970375061035,0.1487417221069336,1,10.287712097167969,11.287712097167969,0,1,1,0.9391182661056519,1,1,0.6008205711841583,1,1
SIHDR_014,SIHDR_014_e08.jpg,13,8,train,10.287712097167969,10.287712097167969,10.349189758300781,0.0614776611328125,1,10.287712097167969,11.287712097167969,1,1,1,0.8489402532577515,1,1,0.6008205711841583,1,1
SIHDR_014,SIHDR_014_e09.jpg,13,9,train,9.38082218170166,10.287712097167969,10.356396675109863,0.06868457794189453,1,10.287712097167969,11.287712097167969,1,1,1,0.7435525059700012,1,1,0.6008205711841583,1,1
SIHDR_014,SIHDR_014_e10.jpg,13,10,train,8.38082218170166,10.287712097167969,9.90639591217041,0.3813161849975586,1,10.287712097167969,11.287712097167969,0,1,1,0.6698629856109619,1,1,0.6008205711841583,1,1
SIHDR_014,SIHDR_014_e11.jpg,13,11,train,7.380821704864502,10.287712097167969,9.531689643859863,0.7560224533081055,1,10.287712097167969,11.287712097167969,0,1,1,0.6317582130432129,1,1,0.6008205711841583,1,1
SIHDR_014,SIHDR_014_e12.jpg,13,12,train,6.321928024291992,10.287712097167969,11.173832893371582,0.8861207962036133,1,10.287712097167969,11.287712097167969,1,1,1,0.5784637331962585,1,1,0.6008205711841583,0,0
SIHDR_014,SIHDR_014_e13.jpg,13,13,train,5.321928024291992,10.287712097167969,13.162344932556152,2.8746328353881836,1,10.287712097167969,11.287712097167969,0,1,1,0.5446995496749878,1,1,0.6008205711841583,0,0
SIHDR_014,SIHDR_014_e14.jpg,13,14,train,4.321928024291992,10.287712097167969,13.0582914352417,2.7705793380737305,1,10.287712097167969,11.287712097167969,0,1,1,0.5437175631523132,1,1,0.6008205711841583,0,0
SIHDR_015,SIHDR_015_e00.jpg,14,0,train,17.194602966308594,10.287712097167969,10.5381498336792,0.25043773651123047,1,10.287712097167969,11.287712097167969,1,1,1,0.9941726326942444,1,1,0.6008205711841583,1,1
SIHDR_015,SIHDR_015_e01.jpg,14,1,train,16.28771209716797,10.287712097167969,10.488511085510254,0.20079898834228516,1,10.287712097167969,11.287712097167969,1,1,1,0.9924837946891785,1,1,0.6008205711841583,1,1
SIHDR_015,SIHDR_015_e02.jpg,14,2,train,15.872674942016602,10.287712097167969,10.583353996276855,0.2956418991088867,1,10.287712097167969,11.287712097167969,1,1,1,0.991146981716156,1,1,0.6008205711841583,1,1
SIHDR_015,SIHDR_015_e03.jpg,14,3,train,15.287712097167969,10.287712097167969,10.663803100585938,0.37609100341796875,1,10.287712097167969,11.287712097167969,1,1,1,0.9887562394142151,1,1,0.6008205711841583,1,1
SIHDR_015,SIHDR_015_e04.jpg,14,4,train,14.287712097167969,10.287712097167969,10.514615058898926,0.22690296173095703,1,10.287712097167969,11.287712097167969,1,1,1,0.9845004081726074,1,1,0.6008205711841583,1,1
SIHDR_015,SIHDR_015_e05.jpg,14,5,train,13.287712097167969,10.287712097167969,10.147001266479492,0.14071083068847656,1,10.287712097167969,11.287712097167969,0,1,1,0.9818922877311707,1,1,0.6008205711841583,1,1
SIHDR_015,SIHDR_015_e06.jpg,14,6,train,12.287712097167969,10.287712097167969,10.483262062072754,0.19554996490478516,1,10.287712097167969,11.287712097167969,1,1,1,0.9712461233139038,1,1,0.6008205711841583,1,1
SIHDR_015,SIHDR_015_e07.jpg,14,7,train,11.287712097167969,10.287712097167969,10.410649299621582,0.12293720245361328,1,10.287712097167969,11.287712097167969,1,1,1,0.9151449203491211,1,1,0.6008205711841583,1,1
SIHDR_015,SIHDR_015_e08.jpg,14,8,train,10.287712097167969,10.287712097167969,11.088081359863281,0.8003692626953125,1,10.287712097167969,11.287712097167969,1,1,1,0.7928465008735657,1,1,0.6008205711841583,1,1
SIHDR_015,SIHDR_015_e09.jpg,14,9,train,9.38082218170166,10.287712097167969,10.901625633239746,0.6139135360717773,1,10.287712097167969,11.287712097167969,1,1,1,0.6968715786933899,1,1,0.6008205711841583,1,1
SIHDR_015,SIHDR_015_e10.jpg,14,10,train,8.38082218170166,10.287712097167969,10.345194816589355,0.05748271942138672,1,10.287712097167969,11.287712097167969,1,1,1,0.6381147503852844,1,1,0.6008205711841583,1,1
SIHDR_015,SIHDR_015_e11.jpg,14,11,train,7.380821704864502,10.287712097167969,9.976310729980469,0.3114013671875,1,10.287712097167969,11.287712097167969,0,1,1,0.6078144907951355,1,1,0.6008205711841583,1,1
SIHDR_015,SIHDR_015_e12.jpg,14,12,train,6.321928024291992,10.287712097167969,11.959930419921875,1.6722183227539062,1,10.287712097167969,11.287712097167969,0,1,1,0.5631150007247925,1,1,0.6008205711841583,0,0
SIHDR_015,SIHDR_015_e13.jpg,14,13,train,5.321928024291992,10.287712097167969,13.32878589630127,3.041073799133301,1,10.287712097167969,11.287712097167969,0,1,1,0.5402843356132507,1,1,0.6008205711841583,0,0
SIHDR_015,SIHDR_015_e14.jpg,14,14,train,4.321928024291992,10.287712097167969,13.139580726623535,2.8518686294555664,1,10.287712097167969,11.287712097167969,0,1,1,0.5415981411933899,1,1,0.6008205711841583,0,0
SIHDR_018,SIHDR_018_e00.jpg,15,0,train,17.194602966308594,14.287712097167969,14.322102546691895,0.03439044952392578,1,13.287712097167969,15.287712097167969,1,,0,0.9610069990158081,1,,0.6008205711841583,1,
SIHDR_018,SIHDR_018_e01.jpg,15,1,train,16.28771209716797,14.287712097167969,14.080964088439941,0.20674800872802734,1,13.287712097167969,15.287712097167969,1,,0,0.945383608341217,1,,0.6008205711841583,1,
SIHDR_018,SIHDR_018_e02.jpg,15,2,train,15.872674942016602,14.287712097167969,13.929113388061523,0.3585987091064453,1,13.287712097167969,15.287712097167969,1,,0,0.9391205310821533,1,,0.6008205711841583,1,
SIHDR_018,SIHDR_018_e03.jpg,15,3,train,15.287712097167969,14.287712097167969,14.399791717529297,0.11207962036132812,1,13.287712097167969,15.287712097167969,1,,0,0.9178636074066162,1,,0.6008205711841583,1,
SIHDR_018,SIHDR_018_e04.jpg,15,4,train,14.287712097167969,14.287712097167969,14.929163932800293,0.6414518356323242,1,13.287712097167969,15.287712097167969,1,,0,0.870779275894165,1,,0.6008205711841583,1,
SIHDR_018,SIHDR_018_e05.jpg,15,5,train,13.287712097167969,14.287712097167969,14.750378608703613,0.46266651153564453,1,13.287712097167969,15.287712097167969,1,,0,0.7870598435401917,1,,0.6008205711841583,1,
SIHDR_018,SIHDR_018_e06.jpg,15,6,train,12.287712097167969,14.287712097167969,14.030624389648438,0.25708770751953125,1,13.287712097167969,15.287712097167969,1,,0,0.6613103747367859,1,,0.6008205711841583,1,
SIHDR_018,SIHDR_018_e07.jpg,15,7,train,11.287712097167969,14.287712097167969,13.236128807067871,1.0515832901000977,1,13.287712097167969,15.287712097167969,0,,0,0.6021384000778198,1,,0.6008205711841583,1,
SIHDR_018,SIHDR_018_e08.jpg,15,8,train,10.287712097167969,14.287712097167969,12.953951835632324,1.3337602615356445,1,13.287712097167969,15.287712097167969,0,,0,0.5600479245185852,1,,0.6008205711841583,0,
SIHDR_018,SIHDR_018_e09.jpg,15,9,train,9.38082218170166,14.287712097167969,12.700961112976074,1.5867509841918945,1,13.287712097167969,15.287712097167969,0,,0,0.554277777671814,1,,0.6008205711841583,0,
SIHDR_018,SIHDR_018_e10.jpg,15,10,train,8.38082218170166,14.287712097167969,14.911020278930664,0.6233081817626953,1,13.287712097167969,15.287712097167969,1,,0,0.5159134268760681,1,,0.6008205711841583,0,
SIHDR_018,SIHDR_018_e11.jpg,15,11,train,7.380821704864502,14.287712097167969,14.717937469482422,0.4302253723144531,1,13.287712097167969,15.287712097167969,1,,0,0.517893373966217,1,,0.6008205711841583,0,
SIHDR_018,SIHDR_018_e12.jpg,15,12,train,6.321928024291992,14.287712097167969,14.328417778015137,0.04070568084716797,1,13.287712097167969,15.287712097167969,1,,0,0.5228271484375,1,,0.6008205711841583,0,
SIHDR_018,SIHDR_018_e13.jpg,15,13,train,5.321928024291992,14.287712097167969,13.89199161529541,0.3957204818725586,1,13.287712097167969,15.287712097167969,1,,0,0.5291761755943298,1,,0.6008205711841583,0,
SIHDR_018,SIHDR_018_e14.jpg,15,14,train,4.321928024291992,14.287712097167969,13.42290210723877,0.8648099899291992,1,13.287712097167969,15.287712097167969,1,,0,0.535987138748169,1,,0.6008205711841583,0,
SIHDR_019,SIHDR_019_e00.jpg,16,0,train,17.194602966308594,15.872674942016602,15.561543464660645,0.31113147735595703,1,14.287712097167969,17.194602966308594,1,,0,0.89513099193573,1,,0.6008205711841583,1,
SIHDR_019,SIHDR_019_e01.jpg,16,1,train,16.28771209716797,15.872674942016602,15.180130004882812,0.6925449371337891,1,14.287712097167969,17.194602966308594,1,,0,0.8756466507911682,1,,0.6008205711841583,1,
SIHDR_019,SIHDR_019_e02.jpg,16,2,train,15.872674942016602,15.872674942016602,15.3362455368042,0.5364294052124023,1,14.287712097167969,17.194602966308594,1,,0,0.8645801544189453,1,,0.6008205711841583,1,
SIHDR_019,SIHDR_019_e03.jpg,16,3,train,15.287712097167969,15.872674942016602,15.789345741271973,0.0833292007446289,1,14.287712097167969,17.194602966308594,1,,0,0.8457856774330139,1,,0.6008205711841583,1,
SIHDR_019,SIHDR_019_e04.jpg,16,4,train,14.287712097167969,15.872674942016602,15.828582763671875,0.04409217834472656,1,14.287712097167969,17.194602966308594,1,,0,0.8251029253005981,1,,0.6008205711841583,1,
SIHDR_019,SIHDR_019_e05.jpg,16,5,train,13.287712097167969,15.872674942016602,15.282637596130371,0.5900373458862305,1,14.287712097167969,17.194602966308594,1,,0,0.8114822506904602,1,,0.6008205711841583,1,
SIHDR_019,SIHDR_019_e06.jpg,16,6,train,12.287712097167969,15.872674942016602,14.809441566467285,1.0632333755493164,1,14.287712097167969,17.194602966308594,1,,0,0.7197152972221375,1,,0.6008205711841583,1,
SIHDR_019,SIHDR_019_e07.jpg,16,7,train,11.287712097167969,15.872674942016602,13.878886222839355,1.993788719177246,1,14.287712097167969,17.194602966308594,0,,0,0.6172268390655518,1,,0.6008205711841583,1,
SIHDR_019,SIHDR_019_e08.jpg,16,8,train,10.287712097167969,15.872674942016602,13.02083683013916,2.8518381118774414,1,14.287712097167969,17.194602966308594,0,,0,0.5783286094665527,1,,0.6008205711841583,0,
SIHDR_019,SIHDR_019_e09.jpg,16,9,train,9.38082218170166,15.872674942016602,12.456988334655762,3.41568660736084,1,14.287712097167969,17.194602966308594,0,,0,0.554779052734375,1,,0.6008205711841583,0,
SIHDR_019,SIHDR_019_e10.jpg,16,10,train,8.38082218170166,15.872674942016602,11.7033109664917,4.169363975524902,1,14.287712097167969,17.194602966308594,0,,0,0.5618730783462524,1,,0.6008205711841583,0,
SIHDR_019,SIHDR_019_e11.jpg,16,11,train,7.380821704864502,15.872674942016602,13.747523307800293,2.1251516342163086,1,14.287712097167969,17.194602966308594,0,,0,0.5312162637710571,1,,0.6008205711841583,0,
SIHDR_019,SIHDR_019_e12.jpg,16,12,train,6.321928024291992,15.872674942016602,14.165718078613281,1.7069568634033203,1,14.287712097167969,17.194602966308594,0,,0,0.524834394454956,1,,0.6008205711841583,0,
SIHDR_019,SIHDR_019_e13.jpg,16,13,train,5.321928024291992,15.872674942016602,13.810643196105957,2.0620317459106445,1,14.287712097167969,17.194602966308594,0,,0,0.5301784873008728,1,,0.6008205711841583,0,
SIHDR_019,SIHDR_019_e14.jpg,16,14,train,4.321928024291992,15.872674942016602,13.381770133972168,2.4909048080444336,1,14.287712097167969,17.194602966308594,0,,0,0.5365359783172607,1,,0.6008205711841583,0,
SIHDR_020,SIHDR_020_e00.jpg,17,0,train,17.194602966308594,16.28771209716797,16.62059211730957,0.33288002014160156,1,15.287712097167969,17.194602966308594,1,,0,0.885092556476593,1,,0.6008205711841583,1,
SIHDR_020,SIHDR_020_e01.jpg,17,1,train,16.28771209716797,16.28771209716797,15.981694221496582,0.3060178756713867,1,15.287712097167969,17.194602966308594,1,,0,0.869290828704834,1,,0.6008205711841583,1,
SIHDR_020,SIHDR_020_e02.jpg,17,2,train,15.872674942016602,16.28771209716797,16.277624130249023,0.010087966918945312,1,15.287712097167969,17.194602966308594,1,,0,0.8564819097518921,1,,0.6008205711841583,1,
SIHDR_020,SIHDR_020_e03.jpg,17,3,train,15.287712097167969,16.28771209716797,16.824899673461914,0.5371875762939453,1,15.287712097167969,17.194602966308594,1,,0,0.8382421135902405,1,,0.6008205711841583,1,
SIHDR_020,SIHDR_020_e04.jpg,17,4,train,14.287712097167969,16.28771209716797,16.775739669799805,0.48802757263183594,1,15.287712097167969,17.194602966308594,1,,0,0.8204649090766907,1,,0.6008205711841583,1,
SIHDR_020,SIHDR_020_e05.jpg,17,5,train,13.287712097167969,16.28771209716797,16.187515258789062,0.10019683837890625,1,15.287712097167969,17.194602966308594,1,,0,0.8001834750175476,1,,0.6008205711841583,1,
SIHDR_020,SIHDR_020_e06.jpg,17,6,train,12.287712097167969,16.28771209716797,15.219386100769043,1.0683259963989258,1,15.287712097167969,17.194602966308594,0,,0,0.6767596006393433,1,,0.6008205711841583,1,
SIHDR_020,SIHDR_020_e07.jpg,17,7,train,11.287712097167969,16.28771209716797,14.172176361083984,2.1155357360839844,1,15.287712097167969,17.194602966308594,0,,0,0.5931699872016907,1,,0.6008205711841583,0,
SIHDR_020,SIHDR_020_e08.jpg,17,8,train,10.287712097167969,16.28771209716797,13.430641174316406,2.8570709228515625,1,15.287712097167969,17.194602966308594,0,,0,0.5663224458694458,1,,0.6008205711841583,0,
SIHDR_020,SIHDR_020_e09.jpg,17,9,train,9.38082218170166,16.28771209716797,12.786650657653809,3.50106143951416,1,15.287712097167969,17.194602966308594,0,,0,0.549995481967926,1,,0.6008205711841583,0,
SIHDR_020,SIHDR_020_e10.jpg,17,10,train,8.38082218170166,16.28771209716797,12.504105567932129,3.78360652923584,1,15.287712097167969,17.194602966308594,0,,0,0.5528774857521057,1,,0.6008205711841583,0,
SIHDR_020,SIHDR_020_e11.jpg,17,11,train,7.380821704864502,16.28771209716797,14.68721866607666,1.6004934310913086,1,15.287712097167969,17.194602966308594,0,,0,0.5184195637702942,1,,0.6008205711841583,0,
SIHDR_020,SIHDR_020_e12.jpg,17,12,train,6.321928024291992,16.28771209716797,14.313671112060547,1.9740409851074219,1,15.287712097167969,17.194602966308594,0,,0,0.5230795741081238,1,,0.6008205711841583,0,
SIHDR_020,SIHDR_020_e13.jpg,17,13,train,5.321928024291992,16.28771209716797,13.88461971282959,2.403092384338379,1,15.287712097167969,17.194602966308594,0,,0,0.5293022394180298,1,,0.6008205711841583,0,
SIHDR_020,SIHDR_020_e14.jpg,17,14,train,4.321928024291992,16.28771209716797,13.419206619262695,2.8685054779052734,1,15.287712097167969,17.194602966308594,0,,0,0.5360496044158936,1,,0.6008205711841583,0,
SIHDR_021,SIHDR_021_e00.jpg,18,0,train,17.194602966308594,16.28771209716797,16.03536605834961,0.2523460388183594,1,15.287712097167969,17.194602966308594,1,,0,0.8715062737464905,1,,0.6008205711841583,1,
SIHDR_021,SIHDR_021_e01.jpg,18,1,train,16.28771209716797,16.28771209716797,16.039804458618164,0.2479076385498047,1,15.287712097167969,17.194602966308594,1,,0,0.8502241969108582,1,,0.6008205711841583,1,
SIHDR_021,SIHDR_021_e02.jpg,18,2,train,15.872674942016602,16.28771209716797,16.443490982055664,0.1557788848876953,1,15.287712097167969,17.194602966308594,1,,0,0.8341723084449768,1,,0.6008205711841583,1,
SIHDR_021,SIHDR_021_e03.jpg,18,3,train,15.287712097167969,16.28771209716797,16.651336669921875,0.36362457275390625,1,15.287712097167969,17.194602966308594,1,,0,0.8185423016548157,1,,0.6008205711841583,1,
SIHDR_021,SIHDR_021_e04.jpg,18,4,train,14.287712097167969,16.28771209716797,16.209815979003906,0.0778961181640625,1,15.287712097167969,17.194602966308594,1,,0,0.8095263242721558,1,,0.6008205711841583,1,
SIHDR_021,SIHDR_021_e05.jpg,18,5,train,13.287712097167969,16.28771209716797,15.524629592895508,0.7630825042724609,1,15.287712097167969,17.194602966308594,1,,0,0.8085846304893494,1,,0.6008205711841583,1,
SIHDR_021,SIHDR_021_e06.jpg,18,6,train,12.287712097167969,16.28771209716797,14.823250770568848,1.464461326599121,1,15.287712097167969,17.194602966308594,0,,0,0.7833104133605957,1,,0.6008205711841583,1,
SIHDR_021,SIHDR_021_e07.jpg,18,7,train,11.287712097167969,16.28771209716797,14.06047534942627,2.227236747741699,1,15.287712097167969,17.194602966308594,0,,0,0.6625683903694153,1,,0.6008205711841583,1,
SIHDR_021,SIHDR_021_e08.jpg,18,8,train,10.287712097167969,16.28771209716797,13.30075740814209,2.986954689025879,1,15.287712097167969,17.194602966308594,0,,0,0.5976916551589966,1,,0.6008205711841583,0,
SIHDR_021,SIHDR_021_e09.jpg,18,9,train,9.38082218170166,16.28771209716797,12.934041023254395,3.353671073913574,1,15.287712097167969,17.194602966308594,0,,0,0.5634473562240601,1,,0.6008205711841583,0,
SIHDR_021,SIHDR_021_e10.jpg,18,10,train,8.38082218170166,16.28771209716797,12.712640762329102,3.575071334838867,1,15.287712097167969,17.194602966308594,0,,0,0.5541868209838867,1,,0.6008205711841583,0,
SIHDR_021,SIHDR_021_e11.jpg,18,11,train,7.380821704864502,16.28771209716797,13.87409782409668,2.413614273071289,1,15.287712097167969,17.194602966308594,0,,0,0.5343737602233887,1,,0.6008205711841583,0,
SIHDR_021,SIHDR_021_e12.jpg,18,12,train,6.321928024291992,16.28771209716797,14.260510444641113,2.0272016525268555,1,15.287712097167969,17.194602966308594,0,,0,0.5258429646492004,1,,0.6008205711841583,0,
SIHDR_021,SIHDR_021_e13.jpg,18,13,train,5.321928024291992,16.28771209716797,13.858036994934082,2.4296751022338867,1,15.287712097167969,17.194602966308594,0,,0,0.5306822657585144,1,,0.6008205711841583,0,
SIHDR_021,SIHDR_021_e14.jpg,18,14,train,4.321928024291992,16.28771209716797,13.405550956726074,2.8821611404418945,1,15.287712097167969,17.194602966308594,0,,0,0.5367863774299622,1,,0.6008205711841583,0,
SIHDR_022,SIHDR_022_e00.jpg,19,0,train,17.194602966308594,15.872674942016602,15.629834175109863,0.24284076690673828,1,12.287712097167969,17.194602966308594,1,,0,0.9414176940917969,1,,0.6008205711841583,1,
SIHDR_022,SIHDR_022_e01.jpg,19,1,train,16.28771209716797,15.872674942016602,14.832117080688477,1.040557861328125,1,12.287712097167969,17.194602966308594,1,,0,0.9357815980911255,1,,0.6008205711841583,1,
SIHDR_022,SIHDR_022_e02.jpg,19,2,train,15.872674942016602,15.872674942016602,15.056678771972656,0.8159961700439453,1,12.287712097167969,17.194602966308594,1,,0,0.9294115900993347,1,,0.6008205711841583,1,
SIHDR_022,SIHDR_022_e03.jpg,19,3,train,15.287712097167969,15.872674942016602,15.458779335021973,0.4138956069946289,1,12.287712097167969,17.194602966308594,1,,0,0.9194837212562561,1,,0.6008205711841583,1,
SIHDR_022,SIHDR_022_e04.jpg,19,4,train,14.287712097167969,15.872674942016602,15.105463981628418,0.7672109603881836,1,12.287712097167969,17.194602966308594,1,,0,0.9115890860557556,1,,0.6008205711841583,1,
SIHDR_022,SIHDR_022_e05.jpg,19,5,train,13.287712097167969,15.872674942016602,14.50400161743164,1.368673324584961,1,12.287712097167969,17.194602966308594,1,,0,0.9068829417228699,1,,0.6008205711841583,1,
SIHDR_022,SIHDR_022_e06.jpg,19,6,train,12.287712097167969,15.872674942016602,14.540387153625488,1.3322877883911133,1,12.287712097167969,17.194602966308594,1,,0,0.8408503532409668,1,,0.6008205711841583,1,
SIHDR_022,SIHDR_022_e07.jpg,19,7,train,11.287712097167969,15.872674942016602,13.457625389099121,2.4150495529174805,1,12.287712097167969,17.194602966308594,1,,0,0.702868640422821,1,,0.6008205711841583,1,
SIHDR_022,SIHDR_022_e08.jpg,19,8,train,10.287712097167969,15.872674942016602,12.614838600158691,3.25783634185791,1,12.287712097167969,17.194602966308594,1,,0,0.6277387142181396,1,,0.6008205711841583,1,
SIHDR_022,SIHDR_022_e09.jpg,19,9,train,9.38082218170166,15.872674942016602,12.057881355285645,3.814793586730957,1,12.287712097167969,17.194602966308594,0,,0,0.5801151394844055,1,,0.6008205711841583,0,
SIHDR_022,SIHDR_022_e10.jpg,19,10,train,8.38082218170166,15.872674942016602,10.989893913269043,4.882781028747559,1,12.287712097167969,17.194602966308594,0,,0,0.5866411924362183,1,,0.6008205711841583,0,
SIHDR_022,SIHDR_022_e11.jpg,19,11,train,7.380821704864502,15.872674942016602,14.23898983001709,1.6336851119995117,1,12.287712097167969,17.194602966308594,1,,0,0.5279830694198608,1,,0.6008205711841583,0,
SIHDR_022,SIHDR_022_e12.jpg,19,12,train,6.321928024291992,15.872674942016602,14.098522186279297,1.7741527557373047,1,12.287712097167969,17.194602966308594,1,,0,0.5276682376861572,1,,0.6008205711841583,0,
SIHDR_022,SIHDR_022_e13.jpg,19,13,train,5.321928024291992,15.872674942016602,13.777047157287598,2.095627784729004,1,12.287712097167969,17.194602966308594,1,,0,0.531593918800354,1,,0.6008205711841583,0,
SIHDR_022,SIHDR_022_e14.jpg,19,14,train,4.321928024291992,15.872674942016602,13.36527156829834,2.5074033737182617,1,12.287712097167969,17.194602966308594,1,,0,0.5371874570846558,1,,0.6008205711841583,0,
SIHDR_023,SIHDR_023_e00.jpg,20,0,test,17.194602966308594,17.194602966308594,16.399091720581055,0.7955112457275391,0,17.194602966308594,17.194602966308594,0,0,1,0.5713609457015991,1,0,0.6008205711841583,0,1
SIHDR_023,SIHDR_023_e01.jpg,20,1,test,16.28771209716797,17.194602966308594,16.708105087280273,0.4864978790283203,0,17.194602966308594,17.194602966308594,0,0,1,0.5177639126777649,1,0,0.6008205711841583,0,1
SIHDR_023,SIHDR_023_e02.jpg,20,2,test,15.872674942016602,17.194602966308594,16.591358184814453,0.6032447814941406,0,17.194602966308594,17.194602966308594,0,0,1,0.5045710206031799,1,0,0.6008205711841583,0,1
SIHDR_023,SIHDR_023_e03.jpg,20,3,test,15.287712097167969,17.194602966308594,16.28582191467285,0.9087810516357422,0,17.194602966308594,17.194602966308594,0,0,1,0.4921908676624298,0,1,0.6008205711841583,0,1
SIHDR_023,SIHDR_023_e04.jpg,20,4,test,14.287712097167969,17.194602966308594,15.628350257873535,1.5662527084350586,0,17.194602966308594,17.194602966308594,0,0,1,0.4822849631309509,0,1,0.6008205711841583,0,1
SIHDR_023,SIHDR_023_e05.jpg,20,5,test,13.287712097167969,17.194602966308594,15.18698787689209,2.007615089416504,0,17.194602966308594,17.194602966308594,0,0,1,0.48939499258995056,0,1,0.6008205711841583,0,1
SIHDR_023,SIHDR_023_e06.jpg,20,6,test,12.287712097167969,17.194602966308594,15.110196113586426,2.084406852722168,0,17.194602966308594,17.194602966308594,0,0,1,0.49397438764572144,0,1,0.6008205711841583,0,1
SIHDR_023,SIHDR_023_e07.jpg,20,7,test,11.287712097167969,17.194602966308594,15.341858863830566,1.8527441024780273,0,17.194602966308594,17.194602966308594,0,0,1,0.4967913329601288,0,1,0.6008205711841583,0,1
SIHDR_023,SIHDR_023_e08.jpg,20,8,test,10.287712097167969,17.194602966308594,15.46413516998291,1.7304677963256836,0,17.194602966308594,17.194602966308594,0,0,1,0.4974510073661804,0,1,0.6008205711841583,0,1
SIHDR_023,SIHDR_023_e09.jpg,20,9,test,9.38082218170166,17.194602966308594,15.296339988708496,1.8982629776000977,0,17.194602966308594,17.194602966308594,0,0,1,0.5025437474250793,1,0,0.6008205711841583,0,1
SIHDR_023,SIHDR_023_e10.jpg,20,10,test,8.38082218170166,17.194602966308594,15.305564880371094,1.8890380859375,0,17.194602966308594,17.194602966308594,0,0,1,0.5040332674980164,1,0,0.6008205711841583,0,1
SIHDR_023,SIHDR_023_e11.jpg,20,11,test,7.380821704864502,17.194602966308594,14.938738822937012,2.255864143371582,0,17.194602966308594,17.194602966308594,0,0,1,0.5116159915924072,1,0,0.6008205711841583,0,1
SIHDR_023,SIHDR_023_e12.jpg,20,12,test,6.321928024291992,17.194602966308594,14.434922218322754,2.75968074798584,0,17.194602966308594,17.194602966308594,0,0,1,0.5198055505752563,1,0,0.6008205711841583,0,1
SIHDR_023,SIHDR_023_e13.jpg,20,13,test,5.321928024291992,17.194602966308594,13.945246696472168,3.249356269836426,0,17.194602966308594,17.194602966308594,0,0,1,0.5276675224304199,1,0,0.6008205711841583,0,1
SIHDR_023,SIHDR_023_e14.jpg,20,14,test,4.321928024291992,17.194602966308594,13.449410438537598,3.745192527770996,0,17.194602966308594,17.194602966308594,0,0,1,0.5352422595024109,1,0,0.6008205711841583,0,1
SIHDR_025,SIHDR_025_e00.jpg,21,0,test,17.194602966308594,16.28771209716797,17.206083297729492,0.9183712005615234,1,15.287712097167969,17.194602966308594,0,,0,0.8357954621315002,1,,0.6008205711841583,1,
SIHDR_025,SIHDR_025_e01.jpg,21,1,test,16.28771209716797,16.28771209716797,17.248252868652344,0.960540771484375,1,15.287712097167969,17.194602966308594,0,,0,0.8049578070640564,1,,0.6008205711841583,1,
SIHDR_025,SIHDR_025_e02.jpg,21,2,test,15.872674942016602,16.28771209716797,17.054813385009766,0.7671012878417969,1,15.287712097167969,17.194602966308594,1,,0,0.792273223400116,1,,0.6008205711841583,1,
SIHDR_025,SIHDR_025_e03.jpg,21,3,test,15.287712097167969,16.28771209716797,16.628751754760742,0.34103965759277344,1,15.287712097167969,17.194602966308594,1,,0,0.7767843008041382,1,,0.6008205711841583,1,
SIHDR_025,SIHDR_025_e04.jpg,21,4,test,14.287712097167969,16.28771209716797,15.966263771057129,0.32144832611083984,1,15.287712097167969,17.194602966308594,1,,0,0.7418229579925537,1,,0.6008205711841583,1,
SIHDR_025,SIHDR_025_e05.jpg,21,5,test,13.287712097167969,16.28771209716797,15.490299224853516,0.7974128723144531,1,15.287712097167969,17.194602966308594,1,,0,0.657561182975769,1,,0.6008205711841583,1,
SIHDR_025,SIHDR_025_e06.jpg,21,6,test,12.287712097167969,16.28771209716797,14.791373252868652,1.4963388442993164,1,15.287712097167969,17.194602966308594,0,,0,0.5771235823631287,1,,0.6008205711841583,0,
SIHDR_025,SIHDR_025_e07.jpg,21,7,test,11.287712097167969,16.28771209716797,14.239912033081055,2.047800064086914,1,15.287712097167969,17.194602966308594,0,,0,0.5422604084014893,1,,0.6008205711841583,0,
SIHDR_025,SIHDR_025_e08.jpg,21,8,test,10.287712097167969,16.28771209716797,14.29636287689209,1.991349220275879,1,15.287712097167969,17.194602966308594,0,,0,0.5263155698776245,1,,0.6008205711841583,0,
SIHDR_025,SIHDR_025_e09.jpg,21,9,test,9.38082218170166,16.28771209716797,14.299266815185547,1.9884452819824219,1,15.287712097167969,17.194602966308594,0,,0,0.5249224305152893,1,,0.6008205711841583,0,
SIHDR_025,SIHDR_025_e10.jpg,21,10,test,8.38082218170166,16.28771209716797,15.243437767028809,1.0442743301391602,1,15.287712097167969,17.194602966308594,0,,0,0.5085399150848389,1,,0.6008205711841583,0,
SIHDR_025,SIHDR_025_e11.jpg,21,11,test,7.380821704864502,16.28771209716797,14.87959098815918,1.408121109008789,1,15.287712097167969,17.194602966308594,0,,0,0.5143435597419739,1,,0.6008205711841583,0,
SIHDR_025,SIHDR_025_e12.jpg,21,12,test,6.321928024291992,16.28771209716797,14.406012535095215,1.881699562072754,1,15.287712097167969,17.194602966308594,0,,0,0.5211247801780701,1,,0.6008205711841583,0,
SIHDR_025,SIHDR_025_e13.jpg,21,13,test,5.321928024291992,16.28771209716797,13.93078899383545,2.3569231033325195,1,15.287712097167969,17.194602966308594,0,,0,0.528326153755188,1,,0.6008205711841583,0,
SIHDR_025,SIHDR_025_e14.jpg,21,14,test,4.321928024291992,16.28771209716797,13.442334175109863,2.8453779220581055,1,15.287712097167969,17.194602966308594,0,,0,0.5355660915374756,1,,0.6008205711841583,0,
SIHDR_027,SIHDR_027_e00.jpg,22,0,validation,17.194602966308594,17.194602966308594,16.581968307495117,0.6126346588134766,0,15.872674942016602,17.194602966308594,1,,0,0.7198525667190552,1,,0.6008205711841583,1,
SIHDR_027,SIHDR_027_e01.jpg,22,1,validation,16.28771209716797,17.194602966308594,16.55063819885254,0.6439647674560547,0,15.872674942016602,17.194602966308594,1,,0,0.6399211287498474,1,,0.6008205711841583,1,
SIHDR_027,SIHDR_027_e02.jpg,22,2,validation,15.872674942016602,17.194602966308594,16.404396057128906,0.7902069091796875,0,15.872674942016602,17.194602966308594,1,,0,0.6114853620529175,1,,0.6008205711841583,1,
SIHDR_027,SIHDR_027_e03.jpg,22,3,validation,15.287712097167969,17.194602966308594,16.221399307250977,0.9732036590576172,0,15.872674942016602,17.194602966308594,1,,0,0.5773274898529053,1,,0.6008205711841583,0,
SIHDR_027,SIHDR_027_e04.jpg,22,4,validation,14.287712097167969,17.194602966308594,15.838823318481445,1.3557796478271484,0,15.872674942016602,17.194602966308594,0,,0,0.5340794920921326,1,,0.6008205711841583,0,
SIHDR_027,SIHDR_027_e05.jpg,22,5,validation,13.287712097167969,17.194602966308594,15.43245792388916,1.7621450424194336,0,15.872674942016602,17.194602966308594,0,,0,0.5132676959037781,1,,0.6008205711841583,0,
SIHDR_027,SIHDR_027_e06.jpg,22,6,validation,12.287712097167969,17.194602966308594,15.567343711853027,1.6272592544555664,0,15.872674942016602,17.194602966308594,0,,0,0.5036904811859131,1,,0.6008205711841583,0,
SIHDR_027,SIHDR_027_e07.jpg,22,7,validation,11.287712097167969,17.194602966308594,16.067777633666992,1.1268253326416016,0,15.872674942016602,17.194602966308594,1,,0,0.4940333962440491,0,,0.6008205711841583,0,
SIHDR_027,SIHDR_027_e08.jpg,22,8,validation,10.287712097167969,17.194602966308594,16.05169105529785,1.1429119110107422,0,15.872674942016602,17.194602966308594,1,,0,0.49375075101852417,0,,0.6008205711841583,0,
SIHDR_027,SIHDR_027_e09.jpg,22,9,validation,9.38082218170166,17.194602966308594,15.78882884979248,1.4057741165161133,0,15.872674942016602,17.194602966308594,0,,0,0.4977004826068878,0,,0.6008205711841583,0,
SIHDR_027,SIHDR_027_e10.jpg,22,10,validation,8.38082218170166,17.194602966308594,15.398932456970215,1.795670509338379,0,15.872674942016602,17.194602966308594,0,,0,0.5039028525352478,1,,0.6008205711841583,0,
SIHDR_027,SIHDR_027_e11.jpg,22,11,validation,7.380821704864502,17.194602966308594,14.966116905212402,2.2284860610961914,0,15.872674942016602,17.194602966308594,0,,0,0.5117294192314148,1,,0.6008205711841583,0,
SIHDR_027,SIHDR_027_e12.jpg,22,12,validation,6.321928024291992,17.194602966308594,14.447543144226074,2.7470598220825195,0,15.872674942016602,17.194602966308594,0,,0,0.5198712348937988,1,,0.6008205711841583,0,
SIHDR_027,SIHDR_027_e13.jpg,22,13,validation,5.321928024291992,17.194602966308594,13.951556205749512,3.243046760559082,0,15.872674942016602,17.194602966308594,0,,0,0.5277003049850464,1,,0.6008205711841583,0,
SIHDR_027,SIHDR_027_e14.jpg,22,14,validation,4.321928024291992,17.194602966308594,13.452713012695312,3.7418899536132812,0,15.872674942016602,17.194602966308594,0,,0,0.5352548360824585,1,,0.6008205711841583,0,
SIHDR_028,SIHDR_028_e00.jpg,23,0,train,17.194602966308594,17.194602966308594,17.032678604125977,0.1619243621826172,0,17.194602966308594,17.194602966308594,0,0,1,0.7481409311294556,1,0,0.6008205711841583,1,0
SIHDR_028,SIHDR_028_e01.jpg,23,1,train,16.28771209716797,17.194602966308594,17.305362701416016,0.11075973510742188,0,17.194602966308594,17.194602966308594,0,0,1,0.6111252903938293,1,0,0.6008205711841583,1,0
SIHDR_028,SIHDR_028_e02.jpg,23,2,train,15.872674942016602,17.194602966308594,16.97761344909668,0.21698951721191406,0,17.194602966308594,17.194602966308594,0,0,1,0.5898609757423401,1,0,0.6008205711841583,0,1
SIHDR_028,SIHDR_028_e03.jpg,23,3,train,15.287712097167969,17.194602966308594,16.565385818481445,0.6292171478271484,0,17.194602966308594,17.194602966308594,0,0,1,0.555435299873352,1,0,0.6008205711841583,0,1
SIHDR_028,SIHDR_028_e04.jpg,23,4,train,14.287712097167969,17.194602966308594,15.59938907623291,1.5952138900756836,0,17.194602966308594,17.194602966308594,0,0,1,0.5365003347396851,1,0,0.6008205711841583,0,1
SIHDR_028,SIHDR_028_e05.jpg,23,5,train,13.287712097167969,17.194602966308594,15.2545747756958,1.940028190612793,0,17.194602966308594,17.194602966308594,0,0,1,0.516697883605957,1,0,0.6008205711841583,0,1
SIHDR_028,SIHDR_028_e06.jpg,23,6,train,12.287712097167969,17.194602966308594,16.67873191833496,0.5158710479736328,0,17.194602966308594,17.194602966308594,0,0,1,0.4850040078163147,0,1,0.6008205711841583,0,1
SIHDR_028,SIHDR_028_e07.jpg,23,7,train,11.287712097167969,17.194602966308594,16.481142044067383,0.7134609222412109,0,17.194602966308594,17.194602966308594,0,0,1,0.4867900609970093,0,1,0.6008205711841583,0,1
SIHDR_028,SIHDR_028_e08.jpg,23,8,train,10.287712097167969,17.194602966308594,16.164216995239258,1.030385971069336,0,17.194602966308594,17.194602966308594,0,0,1,0.49143001437187195,0,1,0.6008205711841583,0,1
SIHDR_028,SIHDR_028_e09.jpg,23,9,train,9.38082218170166,17.194602966308594,15.822800636291504,1.3718023300170898,0,17.194602966308594,17.194602966308594,0,0,1,0.4968354105949402,0,1,0.6008205711841583,0,1
SIHDR_028,SIHDR_028_e10.jpg,23,10,train,8.38082218170166,17.194602966308594,15.415919303894043,1.7786836624145508,0,17.194602966308594,17.194602966308594,0,0,1,0.5034703612327576,1,0,0.6008205711841583,0,1
SIHDR_028,SIHDR_028_e11.jpg,23,11,train,7.380821704864502,17.194602966308594,14.973764419555664,2.2208385467529297,0,17.194602966308594,17.194602966308594,0,0,1,0.5115177631378174,1,0,0.6008205711841583,0,1
SIHDR_028,SIHDR_028_e12.jpg,23,12,train,6.321928024291992,17.194602966308594,14.451214790344238,2.7433881759643555,0,17.194602966308594,17.194602966308594,0,0,1,0.5197697877883911,1,0,0.6008205711841583,0,1
SIHDR_028,SIHDR_028_e13.jpg,23,13,train,5.321928024291992,17.194602966308594,13.953391075134277,3.2412118911743164,0,17.194602966308594,17.194602966308594,0,0,1,0.5276496410369873,1,0,0.6008205711841583,0,1
SIHDR_028,SIHDR_028_e14.jpg,23,14,train,4.321928024291992,17.194602966308594,13.453629493713379,3.740973472595215,0,17.194602966308594,17.194602966308594,0,0,1,0.5352306962013245,1,0,0.6008205711841583,0,1
SIHDR_029,SIHDR_029_e00.jpg,24,0,test,17.194602966308594,8.38082218170166,10.059263229370117,1.678441047668457,1,7.380821704864502,8.38082218170166,0,0,1,0.9951024055480957,1,0,0.6008205711841583,1,0
SIHDR_029,SIHDR_029_e01.jpg,24,1,test,16.28771209716797,8.38082218170166,9.356842994689941,0.9760208129882812,1,7.380821704864502,8.38082218170166,0,0,1,0.9952444434165955,1,0,0.6008205711841583,1,0
SIHDR_029,SIHDR_029_e02.jpg,24,2,test,15.872674942016602,8.38082218170166,9.062695503234863,0.6818733215332031,1,7.380821704864502,8.38082218170166,0,0,1,0.995263934135437,1,0,0.6008205711841583,1,0
SIHDR_029,SIHDR_029_e03.jpg,24,3,test,15.287712097167969,8.38082218170166,8.667003631591797,0.2861814498901367,1,7.380821704864502,8.38082218170166,0,0,1,0.9952682852745056,1,0,0.6008205711841583,1,0
SIHDR_029,SIHDR_029_e04.jpg,24,4,test,14.287712097167969,8.38082218170166,8.082573890686035,0.298248291015625,1,7.380821704864502,8.38082218170166,1,0,1,0.9952759742736816,1,0,0.6008205711841583,1,0
SIHDR_029,SIHDR_029_e05.jpg,24,5,test,13.287712097167969,8.38082218170166,7.52926778793335,0.8515543937683105,1,7.380821704864502,8.38082218170166,1,0,1,0.9951634407043457,1,0,0.6008205711841583,1,0
SIHDR_029,SIHDR_029_e06.jpg,24,6,test,12.287712097167969,8.38082218170166,6.9817795753479,1.3990426063537598,1,7.380821704864502,8.38082218170166,0,0,1,0.9948084950447083,1,0,0.6008205711841583,1,0
SIHDR_029,SIHDR_029_e07.jpg,24,7,test,11.287712097167969,8.38082218170166,6.558432102203369,1.822390079498291,1,7.380821704864502,8.38082218170166,0,0,1,0.9941455125808716,1,0,0.6008205711841583,1,0
SIHDR_029,SIHDR_029_e08.jpg,24,8,test,10.287712097167969,8.38082218170166,7.288655757904053,1.0921664237976074,1,7.380821704864502,8.38082218170166,0,0,1,0.9888108968734741,1,0,0.6008205711841583,1,0
SIHDR_029,SIHDR_029_e09.jpg,24,9,test,9.38082218170166,8.38082218170166,8.327147483825684,0.05367469787597656,1,7.380821704864502,8.38082218170166,1,0,1,0.9602072834968567,1,0,0.6008205711841583,1,0
SIHDR_029,SIHDR_029_e10.jpg,24,10,test,8.38082218170166,8.38082218170166,8.38331127166748,0.0024890899658203125,1,7.380821704864502,8.38082218170166,0,0,1,0.8668383359909058,1,0,0.6008205711841583,1,0
SIHDR_029,SIHDR_029_e11.jpg,24,11,test,7.380821704864502,8.38082218170166,8.226428985595703,0.15439319610595703,1,7.380821704864502,8.38082218170166,1,0,1,0.763347864151001,1,0,0.6008205711841583,1,0
SIHDR_029,SIHDR_029_e12.jpg,24,12,test,6.321928024291992,8.38082218170166,7.645773410797119,0.735048770904541,1,7.380821704864502,8.38082218170166,1,0,1,0.6922433972358704,1,0,0.6008205711841583,1,0
SIHDR_029,SIHDR_029_e13.jpg,24,13,test,5.321928024291992,8.38082218170166,7.651526927947998,0.7292952537536621,1,7.380821704864502,8.38082218170166,1,0,1,0.6559953689575195,1,0,0.6008205711841583,1,0
SIHDR_029,SIHDR_029_e14.jpg,24,14,test,4.321928024291992,8.38082218170166,11.247330665588379,2.8665084838867188,1,7.380821704864502,8.38082218170166,0,0,1,0.5764053463935852,1,0,0.6008205711841583,0,1
SIHDR_030,SIHDR_030_e00.jpg,25,0,train,17.194602966308594,8.38082218170166,10.059263229370117,1.678441047668457,1,7.380821704864502,8.38082218170166,0,,0,0.9951024055480957,1,,0.6008205711841583,1,
SIHDR_030,SIHDR_030_e01.jpg,25,1,train,16.28771209716797,8.38082218170166,9.356842994689941,0.9760208129882812,1,7.380821704864502,8.38082218170166,0,,0,0.9952444434165955,1,,0.6008205711841583,1,
SIHDR_030,SIHDR_030_e02.jpg,25,2,train,15.872674942016602,8.38082218170166,9.062695503234863,0.6818733215332031,1,7.380821704864502,8.38082218170166,0,,0,0.995263934135437,1,,0.6008205711841583,1,
SIHDR_030,SIHDR_030_e03.jpg,25,3,train,15.287712097167969,8.38082218170166,8.66700267791748,0.2861804962158203,1,7.380821704864502,8.38082218170166,0,,0,0.9952682852745056,1,,0.6008205711841583,1,
SIHDR_030,SIHDR_030_e04.jpg,25,4,train,14.287712097167969,8.38082218170166,8.103472709655762,0.27734947204589844,1,7.380821704864502,8.38082218170166,1,,0,0.995284378528595,1,,0.6008205711841583,1,
SIHDR_030,SIHDR_030_e05.jpg,25,5,train,13.287712097167969,8.38082218170166,7.596463203430176,0.7843589782714844,1,7.380821704864502,8.38082218170166,1,,0,0.9951924085617065,1,,0.6008205711841583,1,
SIHDR_030,SIHDR_030_e06.jpg,25,6,train,12.287712097167969,8.38082218170166,7.147740840911865,1.233081340789795,1,7.380821704864502,8.38082218170166,0,,0,0.9947395920753479,1,,0.6008205711841583,1,
SIHDR_030,SIHDR_030_e07.jpg,25,7,train,11.287712097167969,8.38082218170166,6.989374160766602,1.3914480209350586,1,7.380821704864502,8.38082218170166,0,,0,0.9935926795005798,1,,0.6008205711841583,1,
SIHDR_030,SIHDR_030_e08.jpg,25,8,train,10.287712097167969,8.38082218170166,7.590035915374756,0.7907862663269043,1,7.380821704864502,8.38082218170166,1,,0,0.9867857098579407,1,,0.6008205711841583,1,
SIHDR_030,SIHDR_030_e09.jpg,25,9,train,9.38082218170166,8.38082218170166,8.471854209899902,0.09103202819824219,1,7.380821704864502,8.38082218170166,0,,0,0.9531428217887878,1,,0.6008205711841583,1,
SIHDR_030,SIHDR_030_e10.jpg,25,10,train,8.38082218170166,8.38082218170166,8.637799263000488,0.2569770812988281,1,7.380821704864502,8.38082218170166,0,,0,0.8570956587791443,1,,0.6008205711841583,1,
SIHDR_030,SIHDR_030_e11.jpg,25,11,train,7.380821704864502,8.38082218170166,8.523104667663574,0.14228248596191406,1,7.380821704864502,8.38082218170166,0,,0,0.7500783205032349,1,,0.6008205711841583,1,
SIHDR_030,SIHDR_030_e12.jpg,25,12,train,6.321928024291992,8.38082218170166,7.940727233886719,0.4400949478149414,1,7.380821704864502,8.38082218170166,1,,0,0.688318133354187,1,,0.6008205711841583,1,
SIHDR_030,SIHDR_030_e13.jpg,25,13,train,5.321928024291992,8.38082218170166,8.423392295837402,0.04257011413574219,1,7.380821704864502,8.38082218170166,0,,0,0.6337432265281677,1,,0.6008205711841583,1,
SIHDR_030,SIHDR_030_e14.jpg,25,14,train,4.321928024291992,8.38082218170166,11.692404747009277,3.311582565307617,1,7.380821704864502,8.38082218170166,0,,0,0.572222888469696,1,,0.6008205711841583,0,
SIHDR_031,SIHDR_031_e00.jpg,26,0,train,17.194602966308594,7.380821704864502,10.059263229370117,2.6784415245056152,1,5.321928024291992,7.380821704864502,0,1,1,0.9951024055480957,1,1,0.6008205711841583,1,1
SIHDR_031,SIHDR_031_e01.jpg,26,1,train,16.28771209716797,7.380821704864502,9.356842994689941,1.9760212898254395,1,5.321928024291992,7.380821704864502,0,1,1,0.9952444434165955,1,1,0.6008205711841583,1,1
SIHDR_031,SIHDR_031_e02.jpg,26,2,train,15.872674942016602,7.380821704864502,9.062695503234863,1.6818737983703613,1,5.321928024291992,7.380821704864502,0,1,1,0.995263934135437,1,1,0.6008205711841583,1,1
SIHDR_031,SIHDR_031_e03.jpg,26,3,train,15.287712097167969,7.380821704864502,8.667003631591797,1.286181926727295,1,5.321928024291992,7.380821704864502,0,1,1,0.9952682852745056,1,1,0.6008205711841583,1,1
SIHDR_031,SIHDR_031_e04.jpg,26,4,train,14.287712097167969,7.380821704864502,8.081778526306152,0.7009568214416504,1,5.321928024291992,7.380821704864502,0,1,1,0.9952782392501831,1,1,0.6008205711841583,1,1
SIHDR_031,SIHDR_031_e05.jpg,26,5,train,13.287712097167969,7.380821704864502,7.534096717834473,0.1532750129699707,1,5.321928024291992,7.380821704864502,0,1,1,0.9952644109725952,1,1,0.6008205711841583,1,1
SIHDR_031,SIHDR_031_e06.jpg,26,6,train,12.287712097167969,7.380821704864502,7.136528015136719,0.2442936897277832,1,5.321928024291992,7.380821704864502,1,1,1,0.9951766729354858,1,1,0.6008205711841583,1,1
SIHDR_031,SIHDR_031_e07.jpg,26,7,train,11.287712097167969,7.380821704864502,7.071706295013428,0.3091154098510742,1,5.321928024291992,7.380821704864502,1,1,1,0.9946363568305969,1,1,0.6008205711841583,1,1
SIHDR_031,SIHDR_031_e08.jpg,26,8,train,10.287712097167969,7.380821704864502,7.630859851837158,0.25003814697265625,1,5.321928024291992,7.380821704864502,0,1,1,0.9913729429244995,1,1,0.6008205711841583,1,1
SIHDR_031,SIHDR_031_e09.jpg,26,9,train,9.38082218170166,7.380821704864502,7.860604763031006,0.4797830581665039,1,5.321928024291992,7.380821704864502,0,1,1,0.9770581722259521,1,1,0.6008205711841583,1,1
SIHDR_031,SIHDR_031_e10.jpg,26,10,train,8.38082218170166,7.380821704864502,8.063186645507812,0.6823649406433105,1,5.321928024291992,7.380821704864502,0,1,1,0.9311319589614868,1,1,0.6008205711841583,1,1
SIHDR_031,SIHDR_031_e11.jpg,26,11,train,7.380821704864502,7.380821704864502,8.175823211669922,0.7950015068054199,1,5.321928024291992,7.380821704864502,0,1,1,0.8422425985336304,1,1,0.6008205711841583,1,1
SIHDR_031,SIHDR_031_e12.jpg,26,12,train,6.321928024291992,7.380821704864502,7.911323070526123,0.5305013656616211,1,5.321928024291992,7.380821704864502,0,1,1,0.7457231283187866,1,1,0.6008205711841583,1,1
SIHDR_031,SIHDR_031_e13.jpg,26,13,train,5.321928024291992,7.380821704864502,8.1057767868042,0.7249550819396973,1,5.321928024291992,7.380821704864502,0,1,1,0.6665448546409607,1,1,0.6008205711841583,1,1
SIHDR_031,SIHDR_031_e14.jpg,26,14,train,4.321928024291992,7.380821704864502,9.11034107208252,1.7295193672180176,1,5.321928024291992,7.380821704864502,0,1,1,0.5931307077407837,1,1,0.6008205711841583,0,0
SIHDR_032,SIHDR_032_e00.jpg,27,0,train,17.194602966308594,6.321928024291992,10.059263229370117,3.737335205078125,1,6.321928024291992,7.380821704864502,0,1,1,0.9951024055480957,1,1,0.6008205711841583,1,1
SIHDR_032,SIHDR_032_e01.jpg,27,1,train,16.28771209716797,6.321928024291992,9.356842994689941,3.034914970397949,1,6.321928024291992,7.380821704864502,0,1,1,0.9952444434165955,1,1,0.6008205711841583,1,1
SIHDR_032,SIHDR_032_e02.jpg,27,2,train,15.872674942016602,6.321928024291992,9.062695503234863,2.740767478942871,1,6.321928024291992,7.380821704864502,0,1,1,0.995263934135437,1,1,0.6008205711841583,1,1
SIHDR_032,SIHDR_032_e03.jpg,27,3,train,15.287712097167969,6.321928024291992,8.667003631591797,2.3450756072998047,1,6.321928024291992,7.380821704864502,0,1,1,0.9952682852745056,1,1,0.6008205711841583,1,1
SIHDR_032,SIHDR_032_e04.jpg,27,4,train,14.287712097167969,6.321928024291992,8.086798667907715,1.7648706436157227,1,6.321928024291992,7.380821704864502,0,1,1,0.9952768087387085,1,1,0.6008205711841583,1,1
SIHDR_032,SIHDR_032_e05.jpg,27,5,train,13.287712097167969,6.321928024291992,7.77524471282959,1.4533166885375977,1,6.321928024291992,7.380821704864502,0,1,1,0.9950441122055054,1,1,0.6008205711841583,1,1
SIHDR_032,SIHDR_032_e06.jpg,27,6,train,12.287712097167969,6.321928024291992,7.87910795211792,1.5571799278259277,1,6.321928024291992,7.380821704864502,0,1,1,0.9938691258430481,1,1,0.6008205711841583,1,1
SIHDR_032,SIHDR_032_e07.jpg,27,7,train,11.287712097167969,6.321928024291992,7.610132694244385,1.2882046699523926,1,6.321928024291992,7.380821704864502,0,1,1,0.9911400675773621,1,1,0.6008205711841583,1,1
SIHDR_032,SIHDR_032_e08.jpg,27,8,train,10.287712097167969,6.321928024291992,7.04009485244751,0.7181668281555176,1,6.321928024291992,7.380821704864502,1,1,1,0.98707515001297,1,1,0.6008205711841583,1,1
SIHDR_032,SIHDR_032_e09.jpg,27,9,train,9.38082218170166,6.321928024291992,6.532728672027588,0.2108006477355957,1,6.321928024291992,7.380821704864502,1,1,1,0.9839316010475159,1,1,0.6008205711841583,1,1
SIHDR_032,SIHDR_032_e10.jpg,27,10,train,8.38082218170166,6.321928024291992,6.243423938751221,0.07850408554077148,1,6.321928024291992,7.380821704864502,0,1,1,0.9792171716690063,1,1,0.6008205711841583,1,1
SIHDR_032,SIHDR_032_e11.jpg,27,11,train,7.380821704864502,6.321928024291992,6.792999744415283,0.471071720123291,1,6.321928024291992,7.380821704864502,1,1,1,0.9604495763778687,1,1,0.6008205711841583,1,1
SIHDR_032,SIHDR_032_e12.jpg,27,12,train,6.321928024291992,6.321928024291992,7.345714092254639,1.0237860679626465,1,6.321928024291992,7.380821704864502,1,1,1,0.8832541108131409,1,1,0.6008205711841583,1,1
SIHDR_032,SIHDR_032_e13.jpg,27,13,train,5.321928024291992,6.321928024291992,7.282952785491943,0.9610247611999512,1,6.321928024291992,7.380821704864502,1,1,1,0.7922748923301697,1,1,0.6008205711841583,1,1
SIHDR_032,SIHDR_032_e14.jpg,27,14,train,4.321928024291992,6.321928024291992,6.808471202850342,0.4865431785583496,1,6.321928024291992,7.380821704864502,1,1,1,0.7194470167160034,1,1,0.6008205711841583,1,1
SIHDR_033,SIHDR_033_e00.jpg,28,0,train,17.194602966308594,7.380821704864502,10.059263229370117,2.6784415245056152,1,6.321928024291992,8.38082218170166,0,1,1,0.9951024055480957,1,1,0.6008205711841583,1,1
SIHDR_033,SIHDR_033_e01.jpg,28,1,train,16.28771209716797,7.380821704864502,9.356842994689941,1.9760212898254395,1,6.321928024291992,8.38082218170166,0,1,1,0.9952444434165955,1,1,0.6008205711841583,1,1
SIHDR_033,SIHDR_033_e02.jpg,28,2,train,15.872674942016602,7.380821704864502,9.062695503234863,1.6818737983703613,1,6.321928024291992,8.38082218170166,0,1,1,0.995263934135437,1,1,0.6008205711841583,1,1
SIHDR_033,SIHDR_033_e03.jpg,28,3,train,15.287712097167969,7.380821704864502,8.667003631591797,1.286181926727295,1,6.321928024291992,8.38082218170166,0,1,1,0.9952682852745056,1,1,0.6008205711841583,1,1
SIHDR_033,SIHDR_033_e04.jpg,28,4,train,14.287712097167969,7.380821704864502,8.086756706237793,0.705935001373291,1,6.321928024291992,8.38082218170166,1,1,1,0.9952752590179443,1,1,0.6008205711841583,1,1
SIHDR_033,SIHDR_033_e05.jpg,28,5,train,13.287712097167969,7.380821704864502,7.7830328941345215,0.40221118927001953,1,6.321928024291992,8.38082218170166,1,1,1,0.9950512051582336,1,1,0.6008205711841583,1,1
SIHDR_033,SIHDR_033_e06.jpg,28,6,train,12.287712097167969,7.380821704864502,7.7536139488220215,0.37279224395751953,1,6.321928024291992,8.38082218170166,1,1,1,0.9939770698547363,1,1,0.6008205711841583,1,1
SIHDR_033,SIHDR_033_e07.jpg,28,7,train,11.287712097167969,7.380821704864502,8.125221252441406,0.7443995475769043,1,6.321928024291992,8.38082218170166,1,1,1,0.9898356795310974,1,1,0.6008205711841583,1,1
SIHDR_033,SIHDR_033_e08.jpg,28,8,train,10.287712097167969,7.380821704864502,8.569283485412598,1.1884617805480957,1,6.321928024291992,8.38082218170166,0,1,1,0.9792650938034058,1,1,0.6008205711841583,1,1
SIHDR_033,SIHDR_033_e09.jpg,28,9,train,9.38082218170166,7.380821704864502,8.403955459594727,1.0231337547302246,1,6.321928024291992,8.38082218170166,0,1,1,0.965086042881012,1,1,0.6008205711841583,1,1
SIHDR_033,SIHDR_033_e10.jpg,28,10,train,8.38082218170166,7.380821704864502,8.153664588928223,0.7728428840637207,1,6.321928024291992,8.38082218170166,1,1,1,0.9389556050300598,1,1,0.6008205711841583,1,1
SIHDR_033,SIHDR_033_e11.jpg,28,11,train,7.380821704864502,7.380821704864502,8.135854721069336,0.755033016204834,1,6.321928024291992,8.38082218170166,1,1,1,0.882402777671814,1,1,0.6008205711841583,1,1
SIHDR_033,SIHDR_033_e12.jpg,28,12,train,6.321928024291992,7.380821704864502,7.997409343719482,0.6165876388549805,1,6.321928024291992,8.38082218170166,1,1,1,0.7866392731666565,1,1,0.6008205711841583,1,1
SIHDR_033,SIHDR_033_e13.jpg,28,13,train,5.321928024291992,7.380821704864502,7.9842529296875,0.603431224822998,1,6.321928024291992,8.38082218170166,1,1,1,0.699183464050293,1,1,0.6008205711841583,1,1
SIHDR_033,SIHDR_033_e14.jpg,28,14,train,4.321928024291992,7.380821704864502,7.556959629058838,0.17613792419433594,1,6.321928024291992,8.38082218170166,1,1,1,0.6498114466667175,1,1,0.6008205711841583,1,1
SIHDR_034,SIHDR_034_e00.jpg,29,0,train,17.194602966308594,7.380821704864502,10.059263229370117,2.6784415245056152,1,6.321928024291992,9.38082218170166,0,1,1,0.9951024055480957,1,1,0.6008205711841583,1,1
SIHDR_034,SIHDR_034_e01.jpg,29,1,train,16.28771209716797,7.380821704864502,9.356842994689941,1.9760212898254395,1,6.321928024291992,9.38082218170166,1,1,1,0.9952444434165955,1,1,0.6008205711841583,1,1
SIHDR_034,SIHDR_034_e02.jpg,29,2,train,15.872674942016602,7.380821704864502,9.062695503234863,1.6818737983703613,1,6.321928024291992,9.38082218170166,1,1,1,0.995263934135437,1,1,0.6008205711841583,1,1
SIHDR_034,SIHDR_034_e03.jpg,29,3,train,15.287712097167969,7.380821704864502,8.667180061340332,1.28635835647583,1,6.321928024291992,9.38082218170166,1,1,1,0.9952684044837952,1,1,0.6008205711841583,1,1
SIHDR_034,SIHDR_034_e04.jpg,29,4,train,14.287712097167969,7.380821704864502,8.191131591796875,0.810309886932373,1,6.321928024291992,9.38082218170166,1,1,1,0.9951688647270203,1,1,0.6008205711841583,1,1
SIHDR_034,SIHDR_034_e05.jpg,29,5,train,13.287712097167969,7.380821704864502,8.322439193725586,0.941617488861084,1,6.321928024291992,9.38082218170166,1,1,1,0.9920097589492798,1,1,0.6008205711841583,1,1
SIHDR_034,SIHDR_034_e06.jpg,29,6,train,12.287712097167969,7.380821704864502,8.162911415100098,0.7820897102355957,1,6.321928024291992,9.38082218170166,1,1,1,0.9819715619087219,1,1,0.6008205711841583,1,1
SIHDR_034,SIHDR_034_e07.jpg,29,7,train,11.287712097167969,7.380821704864502,7.823611736297607,0.44279003143310547,1,6.321928024291992,9.38082218170166,1,1,1,0.9647635817527771,1,1,0.6008205711841583,1,1
SIHDR_034,SIHDR_034_e08.jpg,29,8,train,10.287712097167969,7.380821704864502,7.522672176361084,0.14185047149658203,1,6.321928024291992,9.38082218170166,1,1,1,0.9371415376663208,1,1,0.6008205711841583,1,1
SIHDR_034,SIHDR_034_e09.jpg,29,9,train,9.38082218170166,7.380821704864502,7.061227321624756,0.3195943832397461,1,6.321928024291992,9.38082218170166,1,1,1,0.9104557633399963,1,1,0.6008205711841583,1,1
SIHDR_034,SIHDR_034_e10.jpg,29,10,train,8.38082218170166,7.380821704864502,7.46127462387085,0.08045291900634766,1,6.321928024291992,9.38082218170166,1,1,1,0.8735648393630981,1,1,0.6008205711841583,1,1
SIHDR_034,SIHDR_034_e11.jpg,29,11,train,7.380821704864502,7.380821704864502,8.18472957611084,0.8039078712463379,1,6.321928024291992,9.38082218170166,1,1,1,0.8022561073303223,1,1,0.6008205711841583,1,1
SIHDR_034,SIHDR_034_e12.jpg,29,12,train,6.321928024291992,7.380821704864502,8.575239181518555,1.1944174766540527,1,6.321928024291992,9.38082218170166,1,1,1,0.6989675760269165,1,1,0.6008205711841583,1,1
SIHDR_034,SIHDR_034_e13.jpg,29,13,train,5.321928024291992,7.380821704864502,8.492486953735352,1.1116652488708496,1,6.321928024291992,9.38082218170166,1,1,1,0.644467294216156,1,1,0.6008205711841583,1,1
SIHDR_034,SIHDR_034_e14.jpg,29,14,train,4.321928024291992,7.380821704864502,8.691783905029297,1.310962200164795,1,6.321928024291992,9.38082218170166,1,1,1,0.6109553575515747,1,1,0.6008205711841583,1,1
SIHDR_035,SIHDR_035_e00.jpg,30,0,validation,17.194602966308594,8.38082218170166,10.059263229370117,1.678441047668457,1,7.380821704864502,8.38082218170166,0,,0,0.9951024055480957,1,,0.6008205711841583,1,
SIHDR_035,SIHDR_035_e01.jpg,30,1,validation,16.28771209716797,8.38082218170166,9.356842994689941,0.9760208129882812,1,7.380821704864502,8.38082218170166,0,,0,0.9952444434165955,1,,0.6008205711841583,1,
SIHDR_035,SIHDR_035_e02.jpg,30,2,validation,15.872674942016602,8.38082218170166,9.062695503234863,0.6818733215332031,1,7.380821704864502,8.38082218170166,0,,0,0.995263934135437,1,,0.6008205711841583,1,
SIHDR_035,SIHDR_035_e03.jpg,30,3,validation,15.287712097167969,8.38082218170166,8.667003631591797,0.2861814498901367,1,7.380821704864502,8.38082218170166,0,,0,0.9952682852745056,1,,0.6008205711841583,1,
SIHDR_035,SIHDR_035_e04.jpg,30,4,validation,14.287712097167969,8.38082218170166,8.081775665283203,0.29904651641845703,1,7.380821704864502,8.38082218170166,1,,0,0.9952782392501831,1,,0.6008205711841583,1,
SIHDR_035,SIHDR_035_e05.jpg,30,5,validation,13.287712097167969,8.38082218170166,7.735548496246338,0.6452736854553223,1,7.380821704864502,8.38082218170166,1,,0,0.9949026107788086,1,,0.6008205711841583,1,
SIHDR_035,SIHDR_035_e06.jpg,30,6,validation,12.287712097167969,8.38082218170166,7.736368656158447,0.6444535255432129,1,7.380821704864502,8.38082218170166,1,,0,0.9926037192344666,1,,0.6008205711841583,1,
SIHDR_035,SIHDR_035_e07.jpg,30,7,validation,11.287712097167969,8.38082218170166,8.186213493347168,0.1946086883544922,1,7.380821704864502,8.38082218170166,1,,0,0.9870198965072632,1,,0.6008205711841583,1,
SIHDR_035,SIHDR_035_e08.jpg,30,8,validation,10.287712097167969,8.38082218170166,8.256526947021484,0.12429523468017578,1,7.380821704864502,8.38082218170166,1,,0,0.97100430727005,1,,0.6008205711841583,1,
SIHDR_035,SIHDR_035_e09.jpg,30,9,validation,9.38082218170166,8.38082218170166,8.430020332336426,0.049198150634765625,1,7.380821704864502,8.38082218170166,0,,0,0.9315795302391052,1,,0.6008205711841583,1,
SIHDR_035,SIHDR_035_e10.jpg,30,10,validation,8.38082218170166,8.38082218170166,8.611337661743164,0.2305154800415039,1,7.380821704864502,8.38082218170166,0,,0,0.8456342220306396,1,,0.6008205711841583,1,
SIHDR_035,SIHDR_035_e11.jpg,30,11,validation,7.380821704864502,8.38082218170166,8.689740180969238,0.3089179992675781,1,7.380821704864502,8.38082218170166,0,,0,0.7447149753570557,1,,0.6008205711841583,1,
SIHDR_035,SIHDR_035_e12.jpg,30,12,validation,6.321928024291992,8.38082218170166,8.745896339416504,0.36507415771484375,1,7.380821704864502,8.38082218170166,0,,0,0.665836751461029,1,,0.6008205711841583,1,
SIHDR_035,SIHDR_035_e13.jpg,30,13,validation,5.321928024291992,8.38082218170166,9.47199535369873,1.0911731719970703,1,7.380821704864502,8.38082218170166,0,,0,0.6150959134101868,1,,0.6008205711841583,1,
SIHDR_035,SIHDR_035_e14.jpg,30,14,validation,4.321928024291992,8.38082218170166,11.795439720153809,3.4146175384521484,1,7.380821704864502,8.38082218170166,0,,0,0.5710978507995605,1,,0.6008205711841583,0,
SIHDR_036,SIHDR_036_e00.jpg,31,0,train,17.194602966308594,7.380821704864502,10.059263229370117,2.6784415245056152,1,6.321928024291992,9.38082218170166,0,1,1,0.9951024055480957,1,1,0.6008205711841583,1,1
SIHDR_036,SIHDR_036_e01.jpg,31,1,train,16.28771209716797,7.380821704864502,9.356912612915039,1.976090908050537,1,6.321928024291992,9.38082218170166,1,1,1,0.9952444434165955,1,1,0.6008205711841583,1,1
SIHDR_036,SIHDR_036_e02.jpg,31,2,train,15.872674942016602,7.380821704864502,9.064156532287598,1.6833348274230957,1,6.321928024291992,9.38082218170166,1,1,1,0.9952666759490967,1,1,0.6008205711841583,1,1
SIHDR_036,SIHDR_036_e03.jpg,31,3,train,15.287712097167969,7.380821704864502,8.696440696716309,1.3156189918518066,1,6.321928024291992,9.38082218170166,1,1,1,0.9952994585037231,1,1,0.6008205711841583,1,1
SIHDR_036,SIHDR_036_e04.jpg,31,4,train,14.287712097167969,7.380821704864502,8.427014350891113,1.0461926460266113,1,6.321928024291992,9.38082218170166,1,1,1,0.9949852228164673,1,1,0.6008205711841583,1,1
SIHDR_036,SIHDR_036_e05.jpg,31,5,train,13.287712097167969,7.380821704864502,8.601263999938965,1.220442295074463,1,6.321928024291992,9.38082218170166,1,1,1,0.9913867115974426,1,1,0.6008205711841583,1,1
SIHDR_036,SIHDR_036_e06.jpg,31,6,train,12.287712097167969,7.380821704864502,8.996646881103516,1.6158251762390137,1,6.321928024291992,9.38082218170166,1,1,1,0.982213020324707,1,1,0.6008205711841583,1,1
SIHDR_036,SIHDR_036_e07.jpg,31,7,train,11.287712097167969,7.380821704864502,9.055354118347168,1.674532413482666,1,6.321928024291992,9.38082218170166,1,1,1,0.9697628021240234,1,1,0.6008205711841583,1,1
SIHDR_036,SIHDR_036_e08.jpg,31,8,train,10.287712097167969,7.380821704864502,8.737075805664062,1.3562541007995605,1,6.321928024291992,9.38082218170166,1,1,1,0.9613420367240906,1,1,0.6008205711841583,1,1
SIHDR_036,SIHDR_036_e09.jpg,31,9,train,9.38082218170166,7.380821704864502,8.70822811126709,1.327406406402588,1,6.321928024291992,9.38082218170166,1,1,1,0.9521399140357971,1,1,0.6008205711841583,1,1
SIHDR_036,SIHDR_036_e10.jpg,31,10,train,8.38082218170166,7.380821704864502,9.04801082611084,1.667189121246338,1,6.321928024291992,9.38082218170166,1,1,1,0.917387843132019,1,1,0.6008205711841583,1,1
SIHDR_036,SIHDR_036_e11.jpg,31,11,train,7.380821704864502,7.380821704864502,9.161768913269043,1.780947208404541,1,6.321928024291992,9.38082218170166,1,1,1,0.8474222421646118,1,1,0.6008205711841583,1,1
SIHDR_036,SIHDR_036_e12.jpg,31,12,train,6.321928024291992,7.380821704864502,8.556498527526855,1.1756768226623535,1,6.321928024291992,9.38082218170166,1,1,1,0.7341805100440979,1,1,0.6008205711841583,1,1
SIHDR_036,SIHDR_036_e13.jpg,31,13,train,5.321928024291992,7.380821704864502,7.941306114196777,0.5604844093322754,1,6.321928024291992,9.38082218170166,1,1,1,0.671972393989563,1,1,0.6008205711841583,1,1
SIHDR_036,SIHDR_036_e14.jpg,31,14,train,4.321928024291992,7.380821704864502,7.890289306640625,0.509467601776123,1,6.321928024291992,9.38082218170166,1,1,1,0.6310350894927979,1,1,0.6008205711841583,1,1
SIHDR_037,SIHDR_037_e00.jpg,32,0,train,17.194602966308594,8.38082218170166,10.059263229370117,1.678441047668457,1,7.380821704864502,9.38082218170166,0,1,1,0.9951024055480957,1,1,0.6008205711841583,1,1
SIHDR_037,SIHDR_037_e01.jpg,32,1,train,16.28771209716797,8.38082218170166,9.356842994689941,0.9760208129882812,1,7.380821704864502,9.38082218170166,1,1,1,0.9952444434165955,1,1,0.6008205711841583,1,1
SIHDR_037,SIHDR_037_e02.jpg,32,2,train,15.872674942016602,8.38082218170166,9.062790870666504,0.6819686889648438,1,7.380821704864502,9.38082218170166,1,1,1,0.9952638149261475,1,1,0.6008205711841583,1,1
SIHDR_037,SIHDR_037_e03.jpg,32,3,train,15.287712097167969,8.38082218170166,8.68527603149414,0.30445384979248047,1,7.380821704864502,9.38082218170166,1,1,1,0.995262861251831,1,1,0.6008205711841583,1,1
SIHDR_037,SIHDR_037_e04.jpg,32,4,train,14.287712097167969,8.38082218170166,8.514483451843262,0.13366127014160156,1,7.380821704864502,9.38082218170166,1,1,1,0.9950475692749023,1,1,0.6008205711841583,1,1
SIHDR_037,SIHDR_037_e05.jpg,32,5,train,13.287712097167969,8.38082218170166,8.519224166870117,0.13840198516845703,1,7.380821704864502,9.38082218170166,1,1,1,0.9933416247367859,1,1,0.6008205711841583,1,1
SIHDR_037,SIHDR_037_e06.jpg,32,6,train,12.287712097167969,8.38082218170166,9.187280654907227,0.8064584732055664,1,7.380821704864502,9.38082218170166,1,1,1,0.9857741594314575,1,1,0.6008205711841583,1,1
SIHDR_037,SIHDR_037_e07.jpg,32,7,train,11.287712097167969,8.38082218170166,9.361252784729004,0.9804306030273438,1,7.380821704864502,9.38082218170166,1,1,1,0.9726471304893494,1,1,0.6008205711841583,1,1
SIHDR_037,SIHDR_037_e08.jpg,32,8,train,10.287712097167969,8.38082218170166,8.959755897521973,0.5789337158203125,1,7.380821704864502,9.38082218170166,1,1,1,0.9605125188827515,1,1,0.6008205711841583,1,1
SIHDR_037,SIHDR_037_e09.jpg,32,9,train,9.38082218170166,8.38082218170166,8.398984909057617,0.01816272735595703,1,7.380821704864502,9.38082218170166,1,1,1,0.9527130722999573,1,1,0.6008205711841583,1,1
SIHDR_037,SIHDR_037_e10.jpg,32,10,train,8.38082218170166,8.38082218170166,8.525382041931152,0.1445598602294922,1,7.380821704864502,9.38082218170166,1,1,1,0.9299317002296448,1,1,0.6008205711841583,1,1
SIHDR_037,SIHDR_037_e11.jpg,32,11,train,7.380821704864502,8.38082218170166,9.186013221740723,0.8051910400390625,1,7.380821704864502,9.38082218170166,1,1,1,0.8584024310112,1,1,0.6008205711841583,1,1
SIHDR_037,SIHDR_037_e12.jpg,32,12,train,6.321928024291992,8.38082218170166,8.855140686035156,0.4743185043334961,1,7.380821704864502,9.38082218170166,1,1,1,0.7441142201423645,1,1,0.6008205711841583,1,1
SIHDR_037,SIHDR_037_e13.jpg,32,13,train,5.321928024291992,8.38082218170166,8.314462661743164,0.0663595199584961,1,7.380821704864502,9.38082218170166,1,1,1,0.6721162796020508,1,1,0.6008205711841583,1,1
SIHDR_037,SIHDR_037_e14.jpg,32,14,train,4.321928024291992,8.38082218170166,8.172981262207031,0.2078409194946289,1,7.380821704864502,9.38082218170166,1,1,1,0.6301801204681396,1,1,0.6008205711841583,1,1
SIHDR_038,SIHDR_038_e00.jpg,33,0,validation,17.194602966308594,7.380821704864502,10.059263229370117,2.6784415245056152,1,6.321928024291992,9.38082218170166,0,1,1,0.9951024055480957,1,1,0.6008205711841583,1,1
SIHDR_038,SIHDR_038_e01.jpg,33,1,validation,16.28771209716797,7.380821704864502,9.356842994689941,1.9760212898254395,1,6.321928024291992,9.38082218170166,1,1,1,0.9952444434165955,1,1,0.6008205711841583,1,1
SIHDR_038,SIHDR_038_e02.jpg,33,2,validation,15.872674942016602,7.380821704864502,9.063002586364746,1.6821808815002441,1,6.321928024291992,9.38082218170166,1,1,1,0.9952636957168579,1,1,0.6008205711841583,1,1
SIHDR_038,SIHDR_038_e03.jpg,33,3,validation,15.287712097167969,7.380821704864502,8.692866325378418,1.312044620513916,1,6.321928024291992,9.38082218170166,1,1,1,0.9952588677406311,1,1,0.6008205711841583,1,1
SIHDR_038,SIHDR_038_e04.jpg,33,4,validation,14.287712097167969,7.380821704864502,8.641168594360352,1.2603468894958496,1,6.321928024291992,9.38082218170166,1,1,1,0.9943998456001282,1,1,0.6008205711841583,1,1
SIHDR_038,SIHDR_038_e05.jpg,33,5,validation,13.287712097167969,7.380821704864502,8.976007461547852,1.5951857566833496,1,6.321928024291992,9.38082218170166,1,1,1,0.9913695454597473,1,1,0.6008205711841583,1,1
SIHDR_038,SIHDR_038_e06.jpg,33,6,validation,12.287712097167969,7.380821704864502,8.536232948303223,1.1554112434387207,1,6.321928024291992,9.38082218170166,1,1,1,0.9885513186454773,1,1,0.6008205711841583,1,1
SIHDR_038,SIHDR_038_e07.jpg,33,7,validation,11.287712097167969,7.380821704864502,7.861448287963867,0.48062658309936523,1,6.321928024291992,9.38082218170166,1,1,1,0.984869122505188,1,1,0.6008205711841583,1,1
SIHDR_038,SIHDR_038_e08.jpg,33,8,validation,10.287712097167969,7.380821704864502,7.090229511260986,0.2905921936035156,1,6.321928024291992,9.38082218170166,1,1,1,0.9831575751304626,1,1,0.6008205711841583,1,1
SIHDR_038,SIHDR_038_e09.jpg,33,9,validation,9.38082218170166,7.380821704864502,8.242881774902344,0.8620600700378418,1,6.321928024291992,9.38082218170166,1,1,1,0.9790094494819641,1,1,0.6008205711841583,1,1
SIHDR_038,SIHDR_038_e10.jpg,33,10,validation,8.38082218170166,7.380821704864502,8.958253860473633,1.5774321556091309,1,6.321928024291992,9.38082218170166,1,1,1,0.9542011022567749,1,1,0.6008205711841583,1,1
SIHDR_038,SIHDR_038_e11.jpg,33,11,validation,7.380821704864502,7.380821704864502,8.28986930847168,0.9090476036071777,1,6.321928024291992,9.38082218170166,1,1,1,0.8768616318702698,1,1,0.6008205711841583,1,1
SIHDR_038,SIHDR_038_e12.jpg,33,12,validation,6.321928024291992,7.380821704864502,8.01777172088623,0.6369500160217285,1,6.321928024291992,9.38082218170166,1,1,1,0.7681869864463806,1,1,0.6008205711841583,1,1
SIHDR_038,SIHDR_038_e13.jpg,33,13,validation,5.321928024291992,7.380821704864502,7.634043216705322,0.2532215118408203,1,6.321928024291992,9.38082218170166,1,1,1,0.6939606666564941,1,1,0.6008205711841583,1,1
SIHDR_038,SIHDR_038_e14.jpg,33,14,validation,4.321928024291992,7.380821704864502,7.384130954742432,0.0033092498779296875,1,6.321928024291992,9.38082218170166,1,1,1,0.6517412066459656,1,1,0.6008205711841583,1,1
SIHDR_039,SIHDR_039_e00.jpg,34,0,train,17.194602966308594,8.38082218170166,10.059263229370117,1.678441047668457,1,7.380821704864502,10.287712097167969,1,1,1,0.9951024055480957,1,1,0.6008205711841583,1,1
SIHDR_039,SIHDR_039_e01.jpg,34,1,train,16.28771209716797,8.38082218170166,9.356841087341309,0.9760189056396484,1,7.380821704864502,10.287712097167969,1,1,1,0.9952444434165955,1,1,0.6008205711841583,1,1
SIHDR_039,SIHDR_039_e02.jpg,34,2,train,15.872674942016602,8.38082218170166,9.066069602966309,0.6852474212646484,1,7.380821704864502,10.287712097167969,1,1,1,0.9952619075775146,1,1,0.6008205711841583,1,1
SIHDR_039,SIHDR_039_e03.jpg,34,3,train,15.287712097167969,8.38082218170166,8.725676536560059,0.34485435485839844,1,7.380821704864502,10.287712097167969,1,1,1,0.995233952999115,1,1,0.6008205711841583,1,1
SIHDR_039,SIHDR_039_e04.jpg,34,4,train,14.287712097167969,8.38082218170166,8.521140098571777,0.1403179168701172,1,7.380821704864502,10.287712097167969,1,1,1,0.9945055842399597,1,1,0.6008205711841583,1,1
SIHDR_039,SIHDR_039_e05.jpg,34,5,train,13.287712097167969,8.38082218170166,8.8889741897583,0.5081520080566406,1,7.380821704864502,10.287712097167969,1,1,1,0.9906260967254639,1,1,0.6008205711841583,1,1
SIHDR_039,SIHDR_039_e06.jpg,34,6,train,12.287712097167969,8.38082218170166,9.116971969604492,0.736149787902832,1,7.380821704864502,10.287712097167969,1,1,1,0.9786579608917236,1,1,0.6008205711841583,1,1
SIHDR_039,SIHDR_039_e07.jpg,34,7,train,11.287712097167969,8.38082218170166,9.130995750427246,0.7501735687255859,1,7.380821704864502,10.287712097167969,1,1,1,0.9585948586463928,1,1,0.6008205711841583,1,1
SIHDR_039,SIHDR_039_e08.jpg,34,8,train,10.287712097167969,8.38082218170166,8.732590675354004,0.35176849365234375,1,7.380821704864502,10.287712097167969,1,1,1,0.9373695254325867,1,1,0.6008205711841583,1,1
SIHDR_039,SIHDR_039_e09.jpg,34,9,train,9.38082218170166,8.38082218170166,8.122017860412598,0.2588043212890625,1,7.380821704864502,10.287712097167969,1,1,1,0.9205430746078491,1,1,0.6008205711841583,1,1
SIHDR_039,SIHDR_039_e10.jpg,34,10,train,8.38082218170166,8.38082218170166,8.1498384475708,0.23098373413085938,1,7.380821704864502,10.287712097167969,1,1,1,0.8937657475471497,1,1,0.6008205711841583,1,1
SIHDR_039,SIHDR_039_e11.jpg,34,11,train,7.380821704864502,8.38082218170166,8.563958168029785,0.183135986328125,1,7.380821704864502,10.287712097167969,1,1,1,0.8542641401290894,1,1,0.6008205711841583,1,1
SIHDR_039,SIHDR_039_e12.jpg,34,12,train,6.321928024291992,8.38082218170166,8.69994831085205,0.3191261291503906,1,7.380821704864502,10.287712097167969,1,1,1,0.7651618123054504,1,1,0.6008205711841583,1,1
SIHDR_039,SIHDR_039_e13.jpg,34,13,train,5.321928024291992,8.38082218170166,8.52883243560791,0.14801025390625,1,7.380821704864502,10.287712097167969,1,1,1,0.6782596111297607,1,1,0.6008205711841583,1,1
SIHDR_039,SIHDR_039_e14.jpg,34,14,train,4.321928024291992,8.38082218170166,8.62505054473877,0.24422836303710938,1,7.380821704864502,10.287712097167969,1,1,1,0.6302610635757446,1,1,0.6008205711841583,1,1
SIHDR_040,SIHDR_040_e00.jpg,35,0,train,17.194602966308594,8.38082218170166,10.059263229370117,1.678441047668457,1,7.380821704864502,9.38082218170166,0,1,1,0.9951024055480957,1,1,0.6008205711841583,1,1
SIHDR_040,SIHDR_040_e01.jpg,35,1,train,16.28771209716797,8.38082218170166,9.369200706481934,0.9883785247802734,1,7.380821704864502,9.38082218170166,1,1,1,0.9952256679534912,1,1,0.6008205711841583,1,1
SIHDR_040,SIHDR_040_e02.jpg,35,2,train,15.872674942016602,8.38082218170166,9.092129707336426,0.7113075256347656,1,7.380821704864502,9.38082218170166,1,1,1,0.9952182173728943,1,1,0.6008205711841583,1,1
SIHDR_040,SIHDR_040_e03.jpg,35,3,train,15.287712097167969,8.38082218170166,8.773106575012207,0.3922843933105469,1,7.380821704864502,9.38082218170166,1,1,1,0.9951570630073547,1,1,0.6008205711841583,1,1
SIHDR_040,SIHDR_040_e04.jpg,35,4,train,14.287712097167969,8.38082218170166,8.531620025634766,0.15079784393310547,1,7.380821704864502,9.38082218170166,1,1,1,0.9944018721580505,1,1,0.6008205711841583,1,1
SIHDR_040,SIHDR_040_e05.jpg,35,5,train,13.287712097167969,8.38082218170166,8.610831260681152,0.2300090789794922,1,7.380821704864502,9.38082218170166,1,1,1,0.9919471144676208,1,1,0.6008205711841583,1,1
SIHDR_040,SIHDR_040_e06.jpg,35,6,train,12.287712097167969,8.38082218170166,8.49549674987793,0.11467456817626953,1,7.380821704864502,9.38082218170166,1,1,1,0.9862843751907349,1,1,0.6008205711841583,1,1
SIHDR_040,SIHDR_040_e07.jpg,35,7,train,11.287712097167969,8.38082218170166,8.306032180786133,0.07479000091552734,1,7.380821704864502,9.38082218170166,1,1,1,0.9801691174507141,1,1,0.6008205711841583,1,1
SIHDR_040,SIHDR_040_e08.jpg,35,8,train,10.287712097167969,8.38082218170166,8.052908897399902,0.3279132843017578,1,7.380821704864502,9.38082218170166,1,1,1,0.9750872254371643,1,1,0.6008205711841583,1,1
SIHDR_040,SIHDR_040_e09.jpg,35,9,train,9.38082218170166,8.38082218170166,7.9576592445373535,0.42316293716430664,1,7.380821704864502,9.38082218170166,1,1,1,0.9529321193695068,1,1,0.6008205711841583,1,1
SIHDR_040,SIHDR_040_e10.jpg,35,10,train,8.38082218170166,8.38082218170166,8.122467041015625,0.25835514068603516,1,7.380821704864502,9.38082218170166,1,1,1,0.8990567922592163,1,1,0.6008205711841583,1,1
SIHDR_040,SIHDR_040_e11.jpg,35,11,train,7.380821704864502,8.38082218170166,8.701396942138672,0.3205747604370117,1,7.380821704864502,9.38082218170166,1,1,1,0.8476498126983643,1,1,0.6008205711841583,1,1
SIHDR_040,SIHDR_040_e12.jpg,35,12,train,6.321928024291992,8.38082218170166,8.47231674194336,0.09149456024169922,1,7.380821704864502,9.38082218170166,1,1,1,0.7458423972129822,1,1,0.6008205711841583,1,1
SIHDR_040,SIHDR_040_e13.jpg,35,13,train,5.321928024291992,8.38082218170166,7.627392292022705,0.7534298896789551,1,7.380821704864502,9.38082218170166,1,1,1,0.6962347030639648,1,1,0.6008205711841583,1,1
SIHDR_040,SIHDR_040_e14.jpg,35,14,train,4.321928024291992,8.38082218170166,8.664447784423828,0.28362560272216797,1,7.380821704864502,9.38082218170166,1,1,1,0.625817060470581,1,1,0.6008205711841583,1,1
SIHDR_041,SIHDR_041_e00.jpg,36,0,train,17.194602966308594,12.287712097167969,10.056201934814453,2.2315101623535156,1,11.287712097167969,12.287712097167969,0,,0,0.9950717091560364,1,,0.6008205711841583,1,
SIHDR_041,SIHDR_041_e01.jpg,36,1,train,16.28771209716797,12.287712097167969,9.541594505310059,2.74611759185791,1,11.287712097167969,12.287712097167969,0,,0,0.9950331449508667,1,,0.6008205711841583,1,
SIHDR_041,SIHDR_041_e02.jpg,36,2,train,15.872674942016602,12.287712097167969,9.623366355895996,2.6643457412719727,1,11.287712097167969,12.287712097167969,0,,0,0.9943496584892273,1,,0.6008205711841583,1,
SIHDR_041,SIHDR_041_e03.jpg,36,3,train,15.287712097167969,12.287712097167969,10.083491325378418,2.204220771789551,1,11.287712097167969,12.287712097167969,0,,0,0.9912926554679871,1,,0.6008205711841583,1,
SIHDR_041,SIHDR_041_e04.jpg,36,4,train,14.287712097167969,12.287712097167969,11.55248737335205,0.735224723815918,1,11.287712097167969,12.287712097167969,1,,0,0.975878894329071,1,,0.6008205711841583,1,
SIHDR_041,SIHDR_041_e05.jpg,36,5,train,13.287712097167969,12.287712097167969,12.428730964660645,0.14101886749267578,1,11.287712097167969,12.287712097167969,0,,0,0.9460448622703552,1,,0.6008205711841583,1,
SIHDR_041,SIHDR_041_e06.jpg,36,6,train,12.287712097167969,12.287712097167969,12.668473243713379,0.38076114654541016,1,11.287712097167969,12.287712097167969,0,,0,0.9088136553764343,1,,0.6008205711841583,1,
SIHDR_041,SIHDR_041_e07.jpg,36,7,train,11.287712097167969,12.287712097167969,12.33426284790039,0.046550750732421875,1,11.287712097167969,12.287712097167969,0,,0,0.8742251396179199,1,,0.6008205711841583,1,
SIHDR_041,SIHDR_041_e08.jpg,36,8,train,10.287712097167969,12.287712097167969,12.276148796081543,0.011563301086425781,1,11.287712097167969,12.287712097167969,1,,0,0.8272120952606201,1,,0.6008205711841583,1,
SIHDR_041,SIHDR_041_e09.jpg,36,9,train,9.38082218170166,12.287712097167969,12.500401496887207,0.21268939971923828,1,11.287712097167969,12.287712097167969,0,,0,0.7609543204307556,1,,0.6008205711841583,1,
SIHDR_041,SIHDR_041_e10.jpg,36,10,train,8.38082218170166,12.287712097167969,12.060311317443848,0.2274007797241211,1,11.287712097167969,12.287712097167969,1,,0,0.6966473460197449,1,,0.6008205711841583,1,
SIHDR_041,SIHDR_041_e11.jpg,36,11,train,7.380821704864502,12.287712097167969,11.525729179382324,0.7619829177856445,1,11.287712097167969,12.287712097167969,1,,0,0.6275887489318848,1,,0.6008205711841583,1,
SIHDR_041,SIHDR_041_e12.jpg,36,12,train,6.321928024291992,12.287712097167969,10.513895988464355,1.7738161087036133,1,11.287712097167969,12.287712097167969,0,,0,0.596296489238739,1,,0.6008205711841583,0,
SIHDR_041,SIHDR_041_e13.jpg,36,13,train,5.321928024291992,12.287712097167969,10.202658653259277,2.0850534439086914,1,11.287712097167969,12.287712097167969,0,,0,0.5825340747833252,1,,0.6008205711841583,0,
SIHDR_041,SIHDR_041_e14.jpg,36,14,train,4.321928024291992,12.287712097167969,10.819428443908691,1.4682836532592773,1,11.287712097167969,12.287712097167969,0,,0,0.5708529949188232,1,,0.6008205711841583,0,
SIHDR_042,SIHDR_042_e00.jpg,37,0,validation,17.194602966308594,11.287712097167969,10.059447288513184,1.2282648086547852,1,10.287712097167969,12.287712097167969,0,1,1,0.9951025247573853,1,1,0.6008205711841583,1,1
SIHDR_042,SIHDR_042_e01.jpg,37,1,validation,16.28771209716797,11.287712097167969,9.476716041564941,1.8109960556030273,1,10.287712097167969,12.287712097167969,0,1,1,0.9948787689208984,1,1,0.6008205711841583,1,1
SIHDR_042,SIHDR_042_e02.jpg,37,2,validation,15.872674942016602,11.287712097167969,9.410029411315918,1.8776826858520508,1,10.287712097167969,12.287712097167969,0,1,1,0.9939255118370056,1,1,0.6008205711841583,1,1
SIHDR_042,SIHDR_042_e03.jpg,37,3,validation,15.287712097167969,11.287712097167969,9.635956764221191,1.6517553329467773,1,10.287712097167969,12.287712097167969,0,1,1,0.991050124168396,1,1,0.6008205711841583,1,1
SIHDR_042,SIHDR_042_e04.jpg,37,4,validation,14.287712097167969,11.287712097167969,10.09821605682373,1.1894960403442383,1,10.287712097167969,12.287712097167969,0,1,1,0.9778159856796265,1,1,0.6008205711841583,1,1
SIHDR_042,SIHDR_042_e05.jpg,37,5,validation,13.287712097167969,11.287712097167969,10.351807594299316,0.9359045028686523,1,10.287712097167969,12.287712097167969,1,1,1,0.9393521547317505,1,1,0.6008205711841583,1,1
SIHDR_042,SIHDR_042_e06.jpg,37,6,validation,12.287712097167969,11.287712097167969,10.350142478942871,0.9375696182250977,1,10.287712097167969,12.287712097167969,1,1,1,0.8850595951080322,1,1,0.6008205711841583,1,1
SIHDR_042,SIHDR_042_e07.jpg,37,7,validation,11.287712097167969,11.287712097167969,10.20228385925293,1.085428237915039,1,10.287712097167969,12.287712097167969,0,1,1,0.8274648785591125,1,1,0.6008205711841583,1,1
SIHDR_042,SIHDR_042_e08.jpg,37,8,validation,10.287712097167969,11.287712097167969,10.127413749694824,1.1602983474731445,1,10.287712097167969,12.287712097167969,0,1,1,0.7781579494476318,1,1,0.6008205711841583,1,1
SIHDR_042,SIHDR_042_e09.jpg,37,9,validation,9.38082218170166,11.287712097167969,10.710700035095215,0.5770120620727539,1,10.287712097167969,12.287712097167969,1,1,1,0.7163189053535461,1,1,0.6008205711841583,1,1
SIHDR_042,SIHDR_042_e10.jpg,37,10,validation,8.38082218170166,11.287712097167969,10.835648536682129,0.45206356048583984,1,10.287712097167969,12.287712097167969,1,1,1,0.6551144123077393,1,1,0.6008205711841583,1,1
SIHDR_042,SIHDR_042_e11.jpg,37,11,validation,7.380821704864502,11.287712097167969,10.488380432128906,0.7993316650390625,1,10.287712097167969,12.287712097167969,1,1,1,0.6113117337226868,1,1,0.6008205711841583,1,1
SIHDR_042,SIHDR_042_e12.jpg,37,12,validation,6.321928024291992,11.287712097167969,10.028508186340332,1.2592039108276367,1,10.287712097167969,12.287712097167969,0,1,1,0.5865044593811035,1,1,0.6008205711841583,0,0
SIHDR_042,SIHDR_042_e13.jpg,37,13,validation,5.321928024291992,11.287712097167969,10.214149475097656,1.0735626220703125,1,10.287712097167969,12.287712097167969,0,1,1,0.5761850476264954,1,1,0.6008205711841583,0,0
SIHDR_042,SIHDR_042_e14.jpg,37,14,validation,4.321928024291992,11.287712097167969,10.9934663772583,0.29424571990966797,1,10.287712097167969,12.287712097167969,1,1,1,0.5661807060241699,1,1,0.6008205711841583,0,0
SIHDR_043,SIHDR_043_e00.jpg,38,0,train,17.194602966308594,12.287712097167969,10.208418846130371,2.0792932510375977,1,12.287712097167969,13.287712097167969,0,,0,0.9948733448982239,1,,0.6008205711841583,1,
SIHDR_043,SIHDR_043_e01.jpg,38,1,train,16.28771209716797,12.287712097167969,10.13314151763916,2.1545705795288086,1,12.287712097167969,13.287712097167969,0,,0,0.9942423701286316,1,,0.6008205711841583,1,
SIHDR_043,SIHDR_043_e02.jpg,38,2,train,15.872674942016602,12.287712097167969,10.557446479797363,1.7302656173706055,1,12.287712097167969,13.287712097167969,0,,0,0.9930709004402161,1,,0.6008205711841583,1,
SIHDR_043,SIHDR_043_e03.jpg,38,3,train,15.287712097167969,12.287712097167969,11.560687065124512,0.727025032043457,1,12.287712097167969,13.287712097167969,0,,0,0.9886500835418701,1,,0.6008205711841583,1,
SIHDR_043,SIHDR_043_e04.jpg,38,4,train,14.287712097167969,12.287712097167969,12.673922538757324,0.38621044158935547,1,12.287712097167969,13.287712097167969,1,,0,0.9599376320838928,1,,0.6008205711841583,1,
SIHDR_043,SIHDR_043_e05.jpg,38,5,train,13.287712097167969,12.287712097167969,12.710503578186035,0.4227914810180664,1,12.287712097167969,13.287712097167969,1,,0,0.8911473751068115,1,,0.6008205711841583,1,
SIHDR_043,SIHDR_043_e06.jpg,38,6,train,12.287712097167969,12.287712097167969,12.355849266052246,0.06813716888427734,1,12.287712097167969,13.287712097167969,1,,0,0.8074641823768616,1,,0.6008205711841583,1,
SIHDR_043,SIHDR_043_e07.jpg,38,7,train,11.287712097167969,12.287712097167969,11.682191848754883,0.6055202484130859,1,12.287712097167969,13.287712097167969,0,,0,0.7402485609054565,1,,0.6008205711841583,1,
SIHDR_043,SIHDR_043_e08.jpg,38,8,train,10.287712097167969,12.287712097167969,11.923811912536621,0.36390018463134766,1,12.287712097167969,13.287712097167969,0,,0,0.6689811944961548,1,,0.6008205711841583,1,
SIHDR_043,SIHDR_043_e09.jpg,38,9,train,9.38082218170166,12.287712097167969,12.476296424865723,0.1885843276977539,1,12.287712097167969,13.287712097167969,1,,0,0.5985138416290283,1,,0.6008205711841583,0,
SIHDR_043,SIHDR_043_e10.jpg,38,10,train,8.38082218170166,12.287712097167969,12.507710456848145,0.21999835968017578,1,12.287712097167969,13.287712097167969,1,,0,0.5655592083930969,1,,0.6008205711841583,0,
SIHDR_043,SIHDR_043_e11.jpg,38,11,train,7.380821704864502,12.287712097167969,13.121846199035645,0.8341341018676758,1,12.287712097167969,13.287712097167969,1,,0,0.5467419624328613,1,,0.6008205711841583,0,
SIHDR_043,SIHDR_043_e12.jpg,38,12,train,6.321928024291992,12.287712097167969,13.445992469787598,1.158280372619629,1,12.287712097167969,13.287712097167969,0,,0,0.5384868383407593,1,,0.6008205711841583,0,
SIHDR_043,SIHDR_043_e13.jpg,38,13,train,5.321928024291992,12.287712097167969,13.513945579528809,1.2262334823608398,1,12.287712097167969,13.287712097167969,0,,0,0.5362961888313293,1,,0.6008205711841583,0,
SIHDR_043,SIHDR_043_e14.jpg,38,14,train,4.321928024291992,12.287712097167969,13.29548454284668,1.007772445678711,1,12.287712097167969,13.287712097167969,0,,0,0.5387176871299744,1,,0.6008205711841583,0,
SIHDR_044,SIHDR_044_e00.jpg,39,0,train,17.194602966308594,10.287712097167969,10.059263229370117,0.22844886779785156,1,8.38082218170166,10.287712097167969,1,1,1,0.9951024055480957,1,1,0.6008205711841583,1,1
SIHDR_044,SIHDR_044_e01.jpg,39,1,train,16.28771209716797,10.287712097167969,9.357611656188965,0.9301004409790039,1,8.38082218170166,10.287712097167969,1,1,1,0.9952443242073059,1,1,0.6008205711841583,1,1
SIHDR_044,SIHDR_044_e02.jpg,39,2,train,15.872674942016602,10.287712097167969,9.073736190795898,1.2139759063720703,1,8.38082218170166,10.287712097167969,1,1,1,0.9952645301818848,1,1,0.6008205711841583,1,1
SIHDR_044,SIHDR_044_e03.jpg,39,3,train,15.287712097167969,10.287712097167969,8.745354652404785,1.5423574447631836,1,8.38082218170166,10.287712097167969,1,1,1,0.9952802658081055,1,1,0.6008205711841583,1,1
SIHDR_044,SIHDR_044_e04.jpg,39,4,train,14.287712097167969,10.287712097167969,8.774657249450684,1.5130548477172852,1,8.38082218170166,10.287712097167969,1,1,1,0.9947648048400879,1,1,0.6008205711841583,1,1
SIHDR_044,SIHDR_044_e05.jpg,39,5,train,13.287712097167969,10.287712097167969,9.7940034866333,0.49370861053466797,1,8.38082218170166,10.287712097167969,1,1,1,0.9912552833557129,1,1,0.6008205711841583,1,1
SIHDR_044,SIHDR_044_e06.jpg,39,6,train,12.287712097167969,10.287712097167969,9.62147331237793,0.6662387847900391,1,8.38082218170166,10.287712097167969,1,1,1,0.9837876558303833,1,1,0.6008205711841583,1,1
SIHDR_044,SIHDR_044_e07.jpg,39,7,train,11.287712097167969,10.287712097167969,9.220690727233887,1.067021369934082,1,8.38082218170166,10.287712097167969,1,1,1,0.976592481136322,1,1,0.6008205711841583,1,1
SIHDR_044,SIHDR_044_e08.jpg,39,8,train,10.287712097167969,10.287712097167969,9.14725112915039,1.1404609680175781,1,8.38082218170166,10.287712097167969,1,1,1,0.9582529067993164,1,1,0.6008205711841583,1,1
SIHDR_044,SIHDR_044_e09.jpg,39,9,train,9.38082218170166,10.287712097167969,9.295443534851074,0.9922685623168945,1,8.38082218170166,10.287712097167969,1,1,1,0.9188348054885864,1,1,0.6008205711841583,1,1
SIHDR_044,SIHDR_044_e10.jpg,39,10,train,8.38082218170166,10.287712097167969,9.837324142456055,0.45038795471191406,1,8.38082218170166,10.287712097167969,1,1,1,0.8135896325111389,1,1,0.6008205711841583,1,1
SIHDR_044,SIHDR_044_e11.jpg,39,11,train,7.380821704864502,10.287712097167969,9.647130966186523,0.6405811309814453,1,8.38082218170166,10.287712097167969,1,1,1,0.7129108309745789,1,1,0.6008205711841583,1,1
SIHDR_044,SIHDR_044_e12.jpg,39,12,train,6.321928024291992,10.287712097167969,8.809821128845215,1.477890968322754,1,8.38082218170166,10.287712097167969,1,1,1,0.6590688824653625,1,1,0.6008205711841583,1,1
SIHDR_044,SIHDR_044_e13.jpg,39,13,train,5.321928024291992,10.287712097167969,9.60265064239502,0.6850614547729492,1,8.38082218170166,10.287712097167969,1,1,1,0.6131460070610046,1,1,0.6008205711841583,1,1
SIHDR_044,SIHDR_044_e14.jpg,39,14,train,4.321928024291992,10.287712097167969,12.143524169921875,1.8558120727539062,1,8.38082218170166,10.287712097167969,0,1,1,0.564610481262207,1,1,0.6008205711841583,0,0
SIHDR_045,SIHDR_045_e00.jpg,40,0,validation,17.194602966308594,7.380821704864502,10.059263229370117,2.6784415245056152,1,7.380821704864502,9.38082218170166,0,1,1,0.9951024055480957,1,1,0.6008205711841583,1,1
SIHDR_045,SIHDR_045_e01.jpg,40,1,validation,16.28771209716797,7.380821704864502,9.356846809387207,1.976025104522705,1,7.380821704864502,9.38082218170166,1,1,1,0.9952443242073059,1,1,0.6008205711841583,1,1
SIHDR_045,SIHDR_045_e02.jpg,40,2,validation,15.872674942016602,7.380821704864502,9.063685417175293,1.682863712310791,1,7.380821704864502,9.38082218170166,1,1,1,0.9952635765075684,1,1,0.6008205711841583,1,1
SIHDR_045,SIHDR_045_e03.jpg,40,3,validation,15.287712097167969,7.380821704864502,8.68903923034668,1.3082175254821777,1,7.380821704864502,9.38082218170166,1,1,1,0.9952611327171326,1,1,0.6008205711841583,1,1
SIHDR_045,SIHDR_045_e04.jpg,40,4,validation,14.287712097167969,7.380821704864502,8.25373649597168,0.8729147911071777,1,7.380821704864502,9.38082218170166,1,1,1,0.994949221611023,1,1,0.6008205711841583,1,1
SIHDR_045,SIHDR_045_e05.jpg,40,5,validation,13.287712097167969,7.380821704864502,7.72183895111084,0.3410172462463379,1,7.380821704864502,9.38082218170166,1,1,1,0.9937829375267029,1,1,0.6008205711841583,1,1
SIHDR_045,SIHDR_045_e06.jpg,40,6,validation,12.287712097167969,7.380821704864502,7.1815032958984375,0.19931840896606445,1,7.380821704864502,9.38082218170166,0,1,1,0.9916003942489624,1,1,0.6008205711841583,1,1
SIHDR_045,SIHDR_045_e07.jpg,40,7,validation,11.287712097167969,7.380821704864502,6.647579669952393,0.7332420349121094,1,7.380821704864502,9.38082218170166,0,1,1,0.9888532161712646,1,1,0.6008205711841583,1,1
SIHDR_045,SIHDR_045_e08.jpg,40,8,validation,10.287712097167969,7.380821704864502,6.609025478363037,0.7717962265014648,1,7.380821704864502,9.38082218170166,0,1,1,0.9805222153663635,1,1,0.6008205711841583,1,1
SIHDR_045,SIHDR_045_e09.jpg,40,9,validation,9.38082218170166,7.380821704864502,7.2947468757629395,0.0860748291015625,1,7.380821704864502,9.38082218170166,0,1,1,0.9492344856262207,1,1,0.6008205711841583,1,1
SIHDR_045,SIHDR_045_e10.jpg,40,10,validation,8.38082218170166,7.380821704864502,7.937834739685059,0.5570130348205566,1,7.380821704864502,9.38082218170166,1,1,1,0.8931217193603516,1,1,0.6008205711841583,1,1
SIHDR_045,SIHDR_045_e11.jpg,40,11,validation,7.380821704864502,7.380821704864502,8.254137992858887,0.8733162879943848,1,7.380821704864502,9.38082218170166,1,1,1,0.8119998574256897,1,1,0.6008205711841583,1,1
SIHDR_045,SIHDR_045_e12.jpg,40,12,validation,6.321928024291992,7.380821704864502,7.760926723480225,0.38010501861572266,1,7.380821704864502,9.38082218170166,1,1,1,0.7481169700622559,1,1,0.6008205711841583,1,1
SIHDR_045,SIHDR_045_e13.jpg,40,13,validation,5.321928024291992,7.380821704864502,8.432038307189941,1.0512166023254395,1,7.380821704864502,9.38082218170166,1,1,1,0.6651516556739807,1,1,0.6008205711841583,1,1
SIHDR_045,SIHDR_045_e14.jpg,40,14,validation,4.321928024291992,7.380821704864502,9.299426078796387,1.9186043739318848,1,7.380821704864502,9.38082218170166,1,1,1,0.6157627105712891,1,1,0.6008205711841583,1,1
SIHDR_046,SIHDR_046_e00.jpg,41,0,train,17.194602966308594,8.38082218170166,10.059263229370117,1.678441047668457,1,6.321928024291992,10.287712097167969,1,1,1,0.9951024055480957,1,1,0.6008205711841583,1,1
SIHDR_046,SIHDR_046_e01.jpg,41,1,train,16.28771209716797,8.38082218170166,9.356842994689941,0.9760208129882812,1,6.321928024291992,10.287712097167969,1,1,1,0.9952444434165955,1,1,0.6008205711841583,1,1
SIHDR_046,SIHDR_046_e02.jpg,41,2,train,15.872674942016602,8.38082218170166,9.062729835510254,0.6819076538085938,1,6.321928024291992,10.287712097167969,1,1,1,0.9952638149261475,1,1,0.6008205711841583,1,1
SIHDR_046,SIHDR_046_e03.jpg,41,3,train,15.287712097167969,8.38082218170166,8.666962623596191,0.28614044189453125,1,6.321928024291992,10.287712097167969,1,1,1,0.9952672719955444,1,1,0.6008205711841583,1,1
SIHDR_046,SIHDR_046_e04.jpg,41,4,train,14.287712097167969,8.38082218170166,8.100028038024902,0.2807941436767578,1,6.321928024291992,10.287712097167969,1,1,1,0.9951533079147339,1,1,0.6008205711841583,1,1
SIHDR_046,SIHDR_046_e05.jpg,41,5,train,13.287712097167969,8.38082218170166,8.225351333618164,0.1554708480834961,1,6.321928024291992,10.287712097167969,1,1,1,0.9931603670120239,1,1,0.6008205711841583,1,1
SIHDR_046,SIHDR_046_e06.jpg,41,6,train,12.287712097167969,8.38082218170166,8.566513061523438,0.18569087982177734,1,6.321928024291992,10.287712097167969,1,1,1,0.986974835395813,1,1,0.6008205711841583,1,1
SIHDR_046,SIHDR_046_e07.jpg,41,7,train,11.287712097167969,8.38082218170166,8.537605285644531,0.1567831039428711,1,6.321928024291992,10.287712097167969,1,1,1,0.9804868102073669,1,1,0.6008205711841583,1,1
SIHDR_046,SIHDR_046_e08.jpg,41,8,train,10.287712097167969,8.38082218170166,8.452914237976074,0.07209205627441406,1,6.321928024291992,10.287712097167969,1,1,1,0.9715349674224854,1,1,0.6008205711841583,1,1
SIHDR_046,SIHDR_046_e09.jpg,41,9,train,9.38082218170166,8.38082218170166,7.882332801818848,0.4984893798828125,1,6.321928024291992,10.287712097167969,1,1,1,0.9549406170845032,1,1,0.6008205711841583,1,1
SIHDR_046,SIHDR_046_e10.jpg,41,10,train,8.38082218170166,8.38082218170166,7.9652252197265625,0.41559696197509766,1,6.321928024291992,10.287712097167969,1,1,1,0.9295172691345215,1,1,0.6008205711841583,1,1
SIHDR_046,SIHDR_046_e11.jpg,41,11,train,7.380821704864502,8.38082218170166,8.235230445861816,0.14559173583984375,1,6.321928024291992,10.287712097167969,1,1,1,0.8720316886901855,1,1,0.6008205711841583,1,1
SIHDR_046,SIHDR_046_e12.jpg,41,12,train,6.321928024291992,8.38082218170166,8.078134536743164,0.3026876449584961,1,6.321928024291992,10.287712097167969,1,1,1,0.7873916029930115,1,1,0.6008205711841583,1,1
SIHDR_046,SIHDR_046_e13.jpg,41,13,train,5.321928024291992,8.38082218170166,7.665217876434326,0.715604305267334,1,6.321928024291992,10.287712097167969,1,1,1,0.7062540650367737,1,1,0.6008205711841583,1,1
SIHDR_046,SIHDR_046_e14.jpg,41,14,train,4.321928024291992,8.38082218170166,7.213155269622803,1.1676669120788574,1,6.321928024291992,10.287712097167969,1,1,1,0.6629707217216492,1,1,0.6008205711841583,1,1
SIHDR_047,SIHDR_047_e00.jpg,42,0,train,17.194602966308594,10.287712097167969,10.069340705871582,0.21837139129638672,1,9.38082218170166,11.287712097167969,1,1,1,0.9950788021087646,1,1,0.6008205711841583,1,1
SIHDR_047,SIHDR_047_e01.jpg,42,1,train,16.28771209716797,10.287712097167969,9.869614601135254,0.41809749603271484,1,9.38082218170166,11.287712097167969,1,1,1,0.9943863153457642,1,1,0.6008205711841583,1,1
SIHDR_047,SIHDR_047_e02.jpg,42,2,train,15.872674942016602,10.287712097167969,10.054902076721191,0.23281002044677734,1,9.38082218170166,11.287712097167969,1,1,1,0.9932611584663391,1,1,0.6008205711841583,1,1
SIHDR_047,SIHDR_047_e03.jpg,42,3,train,15.287712097167969,10.287712097167969,10.321261405944824,0.03354930877685547,1,9.38082218170166,11.287712097167969,1,1,1,0.9903435707092285,1,1,0.6008205711841583,1,1
SIHDR_047,SIHDR_047_e04.jpg,42,4,train,14.287712097167969,10.287712097167969,10.459589004516602,0.1718769073486328,1,9.38082218170166,11.287712097167969,1,1,1,0.978135883808136,1,1,0.6008205711841583,1,1
SIHDR_047,SIHDR_047_e05.jpg,42,5,train,13.287712097167969,10.287712097167969,10.21011734008789,0.07759475708007812,1,9.38082218170166,11.287712097167969,1,1,1,0.959434449672699,1,1,0.6008205711841583,1,1
SIHDR_047,SIHDR_047_e06.jpg,42,6,train,12.287712097167969,10.287712097167969,9.817100524902344,0.470611572265625,1,9.38082218170166,11.287712097167969,1,1,1,0.9394738674163818,1,1,0.6008205711841583,1,1
SIHDR_047,SIHDR_047_e07.jpg,42,7,train,11.287712097167969,10.287712097167969,9.37743091583252,0.9102811813354492,1,9.38082218170166,11.287712097167969,0,1,1,0.918278157711029,1,1,0.6008205711841583,1,1
SIHDR_047,SIHDR_047_e08.jpg,42,8,train,10.287712097167969,10.287712097167969,9.75707721710205,0.530634880065918,1,9.38082218170166,11.287712097167969,1,1,1,0.8718187808990479,1,1,0.6008205711841583,1,1
SIHDR_047,SIHDR_047_e09.jpg,42,9,train,9.38082218170166,10.287712097167969,10.007232666015625,0.28047943115234375,1,9.38082218170166,11.287712097167969,1,1,1,0.7995541095733643,1,1,0.6008205711841583,1,1
SIHDR_047,SIHDR_047_e10.jpg,42,10,train,8.38082218170166,10.287712097167969,9.978899955749512,0.30881214141845703,1,9.38082218170166,11.287712097167969,1,1,1,0.7087839841842651,1,1,0.6008205711841583,1,1
SIHDR_047,SIHDR_047_e11.jpg,42,11,train,7.380821704864502,10.287712097167969,9.851877212524414,0.4358348846435547,1,9.38082218170166,11.287712097167969,1,1,1,0.6406757831573486,1,1,0.6008205711841583,1,1
SIHDR_047,SIHDR_047_e12.jpg,42,12,train,6.321928024291992,10.287712097167969,9.547392845153809,0.7403192520141602,1,9.38082218170166,11.287712097167969,1,1,1,0.6085211038589478,1,1,0.6008205711841583,1,1
SIHDR_047,SIHDR_047_e13.jpg,42,13,train,5.321928024291992,10.287712097167969,11.211077690124512,0.923365592956543,1,9.38082218170166,11.287712097167969,1,1,1,0.5760329961776733,1,1,0.6008205711841583,0,0
SIHDR_047,SIHDR_047_e14.jpg,42,14,train,4.321928024291992,10.287712097167969,12.290932655334473,2.003220558166504,1,9.38082218170166,11.287712097167969,0,1,1,0.5575488805770874,1,1,0.6008205711841583,0,0
SIHDR_049,SIHDR_049_e00.jpg,43,0,train,17.194602966308594,12.287712097167969,10.199713706970215,2.087998390197754,1,11.287712097167969,12.287712097167969,0,,0,0.9949302077293396,1,,0.6008205711841583,1,
SIHDR_049,SIHDR_049_e01.jpg,43,1,train,16.28771209716797,12.287712097167969,10.681500434875488,1.6062116622924805,1,11.287712097167969,12.287712097167969,0,,0,0.9927759170532227,1,,0.6008205711841583,1,
SIHDR_049,SIHDR_049_e02.jpg,43,2,train,15.872674942016602,12.287712097167969,11.242829322814941,1.0448827743530273,1,11.287712097167969,12.287712097167969,0,,0,0.9892043471336365,1,,0.6008205711841583,1,
SIHDR_049,SIHDR_049_e03.jpg,43,3,train,15.287712097167969,12.287712097167969,11.788223266601562,0.49948883056640625,1,11.287712097167969,12.287712097167969,1,,0,0.9788109064102173,1,,0.6008205711841583,1,
SIHDR_049,SIHDR_049_e04.jpg,43,4,train,14.287712097167969,12.287712097167969,11.956121444702148,0.3315906524658203,1,11.287712097167969,12.287712097167969,1,,0,0.9393429756164551,1,,0.6008205711841583,1,
SIHDR_049,SIHDR_049_e05.jpg,43,5,train,13.287712097167969,12.287712097167969,11.893182754516602,0.3945293426513672,1,11.287712097167969,12.287712097167969,1,,0,0.8631071448326111,1,,0.6008205711841583,1,
SIHDR_049,SIHDR_049_e06.jpg,43,6,train,12.287712097167969,12.287712097167969,11.384203910827637,0.903508186340332,1,11.287712097167969,12.287712097167969,1,,0,0.7859482765197754,1,,0.6008205711841583,1,
SIHDR_049,SIHDR_049_e07.jpg,43,7,train,11.287712097167969,12.287712097167969,11.733201026916504,0.5545110702514648,1,11.287712097167969,12.287712097167969,1,,0,0.6953093409538269,1,,0.6008205711841583,1,
SIHDR_049,SIHDR_049_e08.jpg,43,8,train,10.287712097167969,12.287712097167969,12.377228736877441,0.08951663970947266,1,11.287712097167969,12.287712097167969,0,,0,0.6083487868309021,1,,0.6008205711841583,1,
SIHDR_049,SIHDR_049_e09.jpg,43,9,train,9.38082218170166,12.287712097167969,12.402188301086426,0.11447620391845703,1,11.287712097167969,12.287712097167969,0,,0,0.5688347816467285,1,,0.6008205711841583,0,
SIHDR_049,SIHDR_049_e10.jpg,43,10,train,8.38082218170166,12.287712097167969,13.069770812988281,0.7820587158203125,1,11.287712097167969,12.287712097167969,0,,0,0.5458927154541016,1,,0.6008205711841583,0,
SIHDR_049,SIHDR_049_e11.jpg,43,11,train,7.380821704864502,12.287712097167969,13.667794227600098,1.380082130432129,1,11.287712097167969,12.287712097167969,0,,0,0.5338162779808044,1,,0.6008205711841583,0,
SIHDR_049,SIHDR_049_e12.jpg,43,12,train,6.321928024291992,12.287712097167969,13.8978271484375,1.6101150512695312,1,11.287712097167969,12.287712097167969,0,,0,0.5300227403640747,1,,0.6008205711841583,0,
SIHDR_049,SIHDR_049_e13.jpg,43,13,train,5.321928024291992,12.287712097167969,13.795585632324219,1.50787353515625,1,11.287712097167969,12.287712097167969,0,,0,0.5310729146003723,1,,0.6008205711841583,0,
SIHDR_049,SIHDR_049_e14.jpg,43,14,train,4.321928024291992,12.287712097167969,13.375197410583496,1.0874853134155273,1,11.287712097167969,12.287712097167969,0,,0,0.5369176268577576,1,,0.6008205711841583,0,
SIHDR_050,SIHDR_050_e00.jpg,44,0,train,17.194602966308594,13.287712097167969,10.83376693725586,2.4539451599121094,1,12.287712097167969,13.287712097167969,0,,0,0.9935492873191833,1,,0.6008205711841583,1,
SIHDR_050,SIHDR_050_e01.jpg,44,1,train,16.28771209716797,13.287712097167969,12.145054817199707,1.1426572799682617,1,12.287712097167969,13.287712097167969,0,,0,0.9834365844726562,1,,0.6008205711841583,1,
SIHDR_050,SIHDR_050_e02.jpg,44,2,train,15.872674942016602,13.287712097167969,12.665353775024414,0.6223583221435547,1,12.287712097167969,13.287712097167969,1,,0,0.9690681099891663,1,,0.6008205711841583,1,
SIHDR_050,SIHDR_050_e03.jpg,44,3,train,15.287712097167969,13.287712097167969,12.945335388183594,0.342376708984375,1,12.287712097167969,13.287712097167969,1,,0,0.9308662414550781,1,,0.6008205711841583,1,
SIHDR_050,SIHDR_050_e04.jpg,44,4,train,14.287712097167969,13.287712097167969,13.013946533203125,0.27376556396484375,1,12.287712097167969,13.287712097167969,1,,0,0.8304105401039124,1,,0.6008205711841583,1,
SIHDR_050,SIHDR_050_e05.jpg,44,5,train,13.287712097167969,13.287712097167969,12.858543395996094,0.429168701171875,1,12.287712097167969,13.287712097167969,1,,0,0.7195643186569214,1,,0.6008205711841583,1,
SIHDR_050,SIHDR_050_e06.jpg,44,6,train,12.287712097167969,13.287712097167969,12.33910846710205,0.948603630065918,1,12.287712097167969,13.287712097167969,1,,0,0.6614300608634949,1,,0.6008205711841583,1,
SIHDR_050,SIHDR_050_e07.jpg,44,7,train,11.287712097167969,13.287712097167969,13.056946754455566,0.23076534271240234,1,12.287712097167969,13.287712097167969,1,,0,0.5837798714637756,1,,0.6008205711841583,0,
SIHDR_050,SIHDR_050_e08.jpg,44,8,train,10.287712097167969,13.287712097167969,13.639363288879395,0.3516511917114258,1,12.287712097167969,13.287712097167969,0,,0,0.5397879481315613,1,,0.6008205711841583,0,
SIHDR_050,SIHDR_050_e09.jpg,44,9,train,9.38082218170166,13.287712097167969,14.368888854980469,1.0811767578125,1,12.287712097167969,13.287712097167969,0,,0,0.5228388905525208,1,,0.6008205711841583,0,
SIHDR_050,SIHDR_050_e10.jpg,44,10,train,8.38082218170166,13.287712097167969,14.79667854309082,1.5089664459228516,1,12.287712097167969,13.287712097167969,0,,0,0.5149665474891663,1,,0.6008205711841583,0,
SIHDR_050,SIHDR_050_e11.jpg,44,11,train,7.380821704864502,13.287712097167969,14.715323448181152,1.4276113510131836,1,12.287712097167969,13.287712097167969,0,,0,0.5165169835090637,1,,0.6008205711841583,0,
SIHDR_050,SIHDR_050_e12.jpg,44,12,train,6.321928024291992,13.287712097167969,14.343120574951172,1.0554084777832031,1,12.287712097167969,13.287712097167969,0,,0,0.5219556093215942,1,,0.6008205711841583,0,
SIHDR_050,SIHDR_050_e13.jpg,44,13,train,5.321928024291992,13.287712097167969,13.903250694274902,0.6155385971069336,1,12.287712097167969,13.287712097167969,0,,0,0.5286867618560791,1,,0.6008205711841583,0,
SIHDR_050,SIHDR_050_e14.jpg,44,14,train,4.321928024291992,13.287712097167969,13.429009437561035,0.1412973403930664,1,12.287712097167969,13.287712097167969,0,,0,0.5357313752174377,1,,0.6008205711841583,0,
SIHDR_051,SIHDR_051_e00.jpg,45,0,validation,17.194602966308594,11.287712097167969,10.059667587280273,1.2280445098876953,1,9.38082218170166,11.287712097167969,1,1,1,0.9951024055480957,1,1,0.6008205711841583,1,1
SIHDR_051,SIHDR_051_e01.jpg,45,1,validation,16.28771209716797,11.287712097167969,9.456116676330566,1.8315954208374023,1,9.38082218170166,11.287712097167969,1,1,1,0.9950851798057556,1,1,0.6008205711841583,1,1
SIHDR_051,SIHDR_051_e02.jpg,45,2,validation,15.872674942016602,11.287712097167969,9.362879753112793,1.9248323440551758,1,9.38082218170166,11.287712097167969,0,1,1,0.994716465473175,1,1,0.6008205711841583,1,1
SIHDR_051,SIHDR_051_e03.jpg,45,3,validation,15.287712097167969,11.287712097167969,9.627180099487305,1.660531997680664,1,9.38082218170166,11.287712097167969,1,1,1,0.992854654788971,1,1,0.6008205711841583,1,1
SIHDR_051,SIHDR_051_e04.jpg,45,4,validation,14.287712097167969,11.287712097167969,10.372483253479004,0.9152288436889648,1,9.38082218170166,11.287712097167969,1,1,1,0.9812332391738892,1,1,0.6008205711841583,1,1
SIHDR_051,SIHDR_051_e05.jpg,45,5,validation,13.287712097167969,11.287712097167969,10.753619194030762,0.534092903137207,1,9.38082218170166,11.287712097167969,1,1,1,0.9470228552818298,1,1,0.6008205711841583,1,1
SIHDR_051,SIHDR_051_e06.jpg,45,6,validation,12.287712097167969,11.287712097167969,10.631560325622559,0.6561517715454102,1,9.38082218170166,11.287712097167969,1,1,1,0.8893122673034668,1,1,0.6008205711841583,1,1
SIHDR_051,SIHDR_051_e07.jpg,45,7,validation,11.287712097167969,11.287712097167969,10.204697608947754,1.0830144882202148,1,9.38082218170166,11.287712097167969,1,1,1,0.8308033347129822,1,1,0.6008205711841583,1,1
SIHDR_051,SIHDR_051_e08.jpg,45,8,validation,10.287712097167969,11.287712097167969,10.089720726013184,1.1979913711547852,1,9.38082218170166,11.287712097167969,1,1,1,0.78330397605896,1,1,0.6008205711841583,1,1
SIHDR_051,SIHDR_051_e09.jpg,45,9,validation,9.38082218170166,11.287712097167969,10.310556411743164,0.9771556854248047,1,9.38082218170166,11.287712097167969,1,1,1,0.7462278008460999,1,1,0.6008205711841583,1,1
SIHDR_051,SIHDR_051_e10.jpg,45,10,validation,8.38082218170166,11.287712097167969,10.594660758972168,0.6930513381958008,1,9.38082218170166,11.287712097167969,1,1,1,0.6999022364616394,1,1,0.6008205711841583,1,1
SIHDR_051,SIHDR_051_e11.jpg,45,11,validation,7.380821704864502,11.287712097167969,10.379563331604004,0.9081487655639648,1,9.38082218170166,11.287712097167969,1,1,1,0.6428173184394836,1,1,0.6008205711841583,1,1
SIHDR_051,SIHDR_051_e12.jpg,45,12,validation,6.321928024291992,11.287712097167969,10.73939037322998,0.5483217239379883,1,9.38082218170166,11.287712097167969,1,1,1,0.6007312536239624,1,1,0.6008205711841583,0,0
SIHDR_051,SIHDR_051_e13.jpg,45,13,validation,5.321928024291992,11.287712097167969,11.556715965270996,0.26900386810302734,1,9.38082218170166,11.287712097167969,0,1,1,0.5736485123634338,1,1,0.6008205711841583,0,0
SIHDR_051,SIHDR_051_e14.jpg,45,14,validation,4.321928024291992,11.287712097167969,11.707364082336426,0.41965198516845703,1,9.38082218170166,11.287712097167969,0,1,1,0.5665962100028992,1,1,0.6008205711841583,0,0
SIHDR_052,SIHDR_052_e00.jpg,46,0,validation,17.194602966308594,10.287712097167969,10.059263229370117,0.22844886779785156,1,9.38082218170166,10.287712097167969,1,1,1,0.9951024055480957,1,1,0.6008205711841583,1,1
SIHDR_052,SIHDR_052_e01.jpg,46,1,validation,16.28771209716797,10.287712097167969,9.35817813873291,0.9295339584350586,1,9.38082218170166,10.287712097167969,0,1,1,0.9952428936958313,1,1,0.6008205711841583,1,1
SIHDR_052,SIHDR_052_e02.jpg,46,2,validation,15.872674942016602,10.287712097167969,9.071856498718262,1.215855598449707,1,9.38082218170166,10.287712097167969,0,1,1,0.9952581524848938,1,1,0.6008205711841583,1,1
SIHDR_052,SIHDR_052_e03.jpg,46,3,validation,15.287712097167969,10.287712097167969,8.764458656311035,1.5232534408569336,1,9.38082218170166,10.287712097167969,0,1,1,0.9951590895652771,1,1,0.6008205711841583,1,1
SIHDR_052,SIHDR_052_e04.jpg,46,4,validation,14.287712097167969,10.287712097167969,8.70080852508545,1.5869035720825195,1,9.38082218170166,10.287712097167969,0,1,1,0.9928082227706909,1,1,0.6008205711841583,1,1
SIHDR_052,SIHDR_052_e05.jpg,46,5,validation,13.287712097167969,10.287712097167969,9.354670524597168,0.9330415725708008,1,9.38082218170166,10.287712097167969,0,1,1,0.9844047427177429,1,1,0.6008205711841583,1,1
SIHDR_052,SIHDR_052_e06.jpg,46,6,validation,12.287712097167969,10.287712097167969,10.390789985656738,0.10307788848876953,1,9.38082218170166,10.287712097167969,0,1,1,0.9558267593383789,1,1,0.6008205711841583,1,1
SIHDR_052,SIHDR_052_e07.jpg,46,7,validation,11.287712097167969,10.287712097167969,10.559210777282715,0.2714986801147461,1,9.38082218170166,10.287712097167969,0,1,1,0.8795153498649597,1,1,0.6008205711841583,1,1
SIHDR_052,SIHDR_052_e08.jpg,46,8,validation,10.287712097167969,10.287712097167969,10.608855247497559,0.32114315032958984,1,9.38082218170166,10.287712097167969,0,1,1,0.7763231992721558,1,1,0.6008205711841583,1,1
SIHDR_052,SIHDR_052_e09.jpg,46,9,validation,9.38082218170166,10.287712097167969,10.359417915344238,0.07170581817626953,1,9.38082218170166,10.287712097167969,0,1,1,0.702637255191803,1,1,0.6008205711841583,1,1
SIHDR_052,SIHDR_052_e10.jpg,46,10,validation,8.38082218170166,10.287712097167969,10.221543312072754,0.06616878509521484,1,9.38082218170166,10.287712097167969,1,1,1,0.6502187848091125,1,1,0.6008205711841583,1,1
SIHDR_052,SIHDR_052_e11.jpg,46,11,validation,7.380821704864502,10.287712097167969,11.031386375427246,0.7436742782592773,1,9.38082218170166,10.287712097167969,0,1,1,0.5936804413795471,1,1,0.6008205711841583,0,0
SIHDR_052,SIHDR_052_e12.jpg,46,12,validation,6.321928024291992,10.287712097167969,12.342179298400879,2.05446720123291,1,9.38082218170166,10.287712097167969,0,1,1,0.567078709602356,1,1,0.6008205711841583,0,0
SIHDR_052,SIHDR_052_e13.jpg,46,13,validation,5.321928024291992,10.287712097167969,12.934858322143555,2.647146224975586,1,9.38082218170166,10.287712097167969,0,1,1,0.5527393817901611,1,1,0.6008205711841583,0,0
SIHDR_052,SIHDR_052_e14.jpg,46,14,validation,4.321928024291992,10.287712097167969,12.91663646697998,2.6289243698120117,1,9.38082218170166,10.287712097167969,0,1,1,0.5488173365592957,1,1,0.6008205711841583,0,0
SIHDR_053,SIHDR_053_e00.jpg,47,0,train,17.194602966308594,8.38082218170166,10.059263229370117,1.678441047668457,1,7.380821704864502,9.38082218170166,0,,0,0.9951024055480957,1,,0.6008205711841583,1,
SIHDR_053,SIHDR_053_e01.jpg,47,1,train,16.28771209716797,8.38082218170166,9.356842994689941,0.9760208129882812,1,7.380821704864502,9.38082218170166,1,,0,0.9952444434165955,1,,0.6008205711841583,1,
SIHDR_053,SIHDR_053_e02.jpg,47,2,train,15.872674942016602,8.38082218170166,9.062695503234863,0.6818733215332031,1,7.380821704864502,9.38082218170166,1,,0,0.995263934135437,1,,0.6008205711841583,1,
SIHDR_053,SIHDR_053_e03.jpg,47,3,train,15.287712097167969,8.38082218170166,8.667003631591797,0.2861814498901367,1,7.380821704864502,9.38082218170166,1,,0,0.9952682852745056,1,,0.6008205711841583,1,
SIHDR_053,SIHDR_053_e04.jpg,47,4,train,14.287712097167969,8.38082218170166,8.082195281982422,0.2986268997192383,1,7.380821704864502,9.38082218170166,1,,0,0.995271623134613,1,,0.6008205711841583,1,
SIHDR_053,SIHDR_053_e05.jpg,47,5,train,13.287712097167969,8.38082218170166,7.659583568572998,0.7212386131286621,1,7.380821704864502,9.38082218170166,1,,0,0.994802713394165,1,,0.6008205711841583,1,
SIHDR_053,SIHDR_053_e06.jpg,47,6,train,12.287712097167969,8.38082218170166,8.039143562316895,0.3416786193847656,1,7.380821704864502,9.38082218170166,1,,0,0.991358757019043,1,,0.6008205711841583,1,
SIHDR_053,SIHDR_053_e07.jpg,47,7,train,11.287712097167969,8.38082218170166,8.419977188110352,0.039155006408691406,1,7.380821704864502,9.38082218170166,1,,0,0.9835288524627686,1,,0.6008205711841583,1,
SIHDR_053,SIHDR_053_e08.jpg,47,8,train,10.287712097167969,8.38082218170166,8.399725914001465,0.018903732299804688,1,7.380821704864502,9.38082218170166,1,,0,0.9656112790107727,1,,0.6008205711841583,1,
SIHDR_053,SIHDR_053_e09.jpg,47,9,train,9.38082218170166,8.38082218170166,8.48862361907959,0.10780143737792969,1,7.380821704864502,9.38082218170166,1,,0,0.9300047159194946,1,,0.6008205711841583,1,
SIHDR_053,SIHDR_053_e10.jpg,47,10,train,8.38082218170166,8.38082218170166,8.644949913024902,0.2641277313232422,1,7.380821704864502,9.38082218170166,1,,0,0.8388814926147461,1,,0.6008205711841583,1,
SIHDR_053,SIHDR_053_e11.jpg,47,11,train,7.380821704864502,8.38082218170166,8.717385292053223,0.3365631103515625,1,7.380821704864502,9.38082218170166,1,,0,0.7349715828895569,1,,0.6008205711841583,1,
SIHDR_053,SIHDR_053_e12.jpg,47,12,train,6.321928024291992,8.38082218170166,8.530922889709473,0.1501007080078125,1,7.380821704864502,9.38082218170166,1,,0,0.6676119565963745,1,,0.6008205711841583,1,
SIHDR_053,SIHDR_053_e13.jpg,47,13,train,5.321928024291992,8.38082218170166,8.212325096130371,0.16849708557128906,1,7.380821704864502,9.38082218170166,1,,0,0.629193902015686,1,,0.6008205711841583,1,
SIHDR_053,SIHDR_053_e14.jpg,47,14,train,4.321928024291992,8.38082218170166,8.96328353881836,0.5824613571166992,1,7.380821704864502,9.38082218170166,1,,0,0.6074079275131226,1,,0.6008205711841583,1,
SIHDR_054,SIHDR_054_e00.jpg,48,0,train,17.194602966308594,10.287712097167969,10.059263229370117,0.22844886779785156,1,9.38082218170166,11.287712097167969,1,1,1,0.9951024055480957,1,1,0.6008205711841583,1,1
SIHDR_054,SIHDR_054_e01.jpg,48,1,train,16.28771209716797,10.287712097167969,9.36549186706543,0.9222202301025391,1,9.38082218170166,11.287712097167969,0,1,1,0.9952359795570374,1,1,0.6008205711841583,1,1
SIHDR_054,SIHDR_054_e02.jpg,48,2,train,15.872674942016602,10.287712097167969,9.152589797973633,1.135122299194336,1,9.38082218170166,11.287712097167969,0,1,1,0.9951714873313904,1,1,0.6008205711841583,1,1
SIHDR_054,SIHDR_054_e03.jpg,48,3,train,15.287712097167969,10.287712097167969,8.955594062805176,1.332118034362793,1,9.38082218170166,11.287712097167969,0,1,1,0.9948468208312988,1,1,0.6008205711841583,1,1
SIHDR_054,SIHDR_054_e04.jpg,48,4,train,14.287712097167969,10.287712097167969,8.746825218200684,1.5408868789672852,1,9.38082218170166,11.287712097167969,0,1,1,0.993308424949646,1,1,0.6008205711841583,1,1
SIHDR_054,SIHDR_054_e05.jpg,48,5,train,13.287712097167969,10.287712097167969,9.72021484375,0.5674972534179688,1,9.38082218170166,11.287712097167969,1,1,1,0.982300877571106,1,1,0.6008205711841583,1,1
SIHDR_054,SIHDR_054_e06.jpg,48,6,train,12.287712097167969,10.287712097167969,10.358901023864746,0.07118892669677734,1,9.38082218170166,11.287712097167969,1,1,1,0.944165050983429,1,1,0.6008205711841583,1,1
SIHDR_054,SIHDR_054_e07.jpg,48,7,train,11.287712097167969,10.287712097167969,10.491268157958984,0.20355606079101562,1,9.38082218170166,11.287712097167969,1,1,1,0.8845372200012207,1,1,0.6008205711841583,1,1
SIHDR_054,SIHDR_054_e08.jpg,48,8,train,10.287712097167969,10.287712097167969,10.34834098815918,0.06062889099121094,1,9.38082218170166,11.287712097167969,1,1,1,0.8196532130241394,1,1,0.6008205711841583,1,1
SIHDR_054,SIHDR_054_e09.jpg,48,9,train,9.38082218170166,10.287712097167969,10.13235092163086,0.15536117553710938,1,9.38082218170166,11.287712097167969,1,1,1,0.777580976486206,1,1,0.6008205711841583,1,1
SIHDR_054,SIHDR_054_e10.jpg,48,10,train,8.38082218170166,10.287712097167969,10.697421073913574,0.40970897674560547,1,9.38082218170166,11.287712097167969,1,1,1,0.7181656956672668,1,1,0.6008205711841583,1,1
SIHDR_054,SIHDR_054_e11.jpg,48,11,train,7.380821704864502,10.287712097167969,10.527253150939941,0.23954105377197266,1,9.38082218170166,11.287712097167969,1,1,1,0.6856020092964172,1,1,0.6008205711841583,1,1
SIHDR_054,SIHDR_054_e12.jpg,48,12,train,6.321928024291992,10.287712097167969,10.028279304504395,0.2594327926635742,1,9.38082218170166,11.287712097167969,1,1,1,0.6514206528663635,1,1,0.6008205711841583,1,1
SIHDR_054,SIHDR_054_e13.jpg,48,13,train,5.321928024291992,10.287712097167969,9.972683906555176,0.31502819061279297,1,9.38082218170166,11.287712097167969,1,1,1,0.6119691133499146,1,1,0.6008205711841583,1,1
SIHDR_054,SIHDR_054_e14.jpg,48,14,train,4.321928024291992,10.287712097167969,10.652523040771484,0.3648109436035156,1,9.38082218170166,11.287712097167969,1,1,1,0.5862643718719482,1,1,0.6008205711841583,0,0
SIHDR_055,SIHDR_055_e00.jpg,49,0,train,17.194602966308594,9.38082218170166,10.0592622756958,0.6784400939941406,1,8.38082218170166,10.287712097167969,1,1,1,0.9951024055480957,1,1,0.6008205711841583,1,1
SIHDR_055,SIHDR_055_e01.jpg,49,1,train,16.28771209716797,9.38082218170166,9.397802352905273,0.01698017120361328,1,8.38082218170166,10.287712097167969,1,1,1,0.9952186942100525,1,1,0.6008205711841583,1,1
SIHDR_055,SIHDR_055_e02.jpg,49,2,train,15.872674942016602,9.38082218170166,9.222575187683105,0.1582469940185547,1,8.38082218170166,10.287712097167969,1,1,1,0.9951523542404175,1,1,0.6008205711841583,1,1
SIHDR_055,SIHDR_055_e03.jpg,49,3,train,15.287712097167969,9.38082218170166,9.243330001831055,0.13749217987060547,1,8.38082218170166,10.287712097167969,1,1,1,0.9948593378067017,1,1,0.6008205711841583,1,1
SIHDR_055,SIHDR_055_e04.jpg,49,4,train,14.287712097167969,9.38082218170166,9.957736015319824,0.5769138336181641,1,8.38082218170166,10.287712097167969,1,1,1,0.9915155172348022,1,1,0.6008205711841583,1,1
SIHDR_055,SIHDR_055_e05.jpg,49,5,train,13.287712097167969,9.38082218170166,10.312705039978027,0.9318828582763672,1,8.38082218170166,10.287712097167969,0,1,1,0.9793195128440857,1,1,0.6008205711841583,1,1
SIHDR_055,SIHDR_055_e06.jpg,49,6,train,12.287712097167969,9.38082218170166,10.339938163757324,0.9591159820556641,1,8.38082218170166,10.287712097167969,0,1,1,0.957344651222229,1,1,0.6008205711841583,1,1
SIHDR_055,SIHDR_055_e07.jpg,49,7,train,11.287712097167969,9.38082218170166,10.02465534210205,0.6438331604003906,1,8.38082218170166,10.287712097167969,1,1,1,0.9346153140068054,1,1,0.6008205711841583,1,1
SIHDR_055,SIHDR_055_e08.jpg,49,8,train,10.287712097167969,9.38082218170166,9.538773536682129,0.15795135498046875,1,8.38082218170166,10.287712097167969,1,1,1,0.9169721603393555,1,1,0.6008205711841583,1,1
SIHDR_055,SIHDR_055_e09.jpg,49,9,train,9.38082218170166,9.38082218170166,10.181361198425293,0.8005390167236328,1,8.38082218170166,10.287712097167969,1,1,1,0.8738930821418762,1,1,0.6008205711841583,1,1
SIHDR_055,SIHDR_055_e10.jpg,49,10,train,8.38082218170166,9.38082218170166,10.45688533782959,1.0760631561279297,1,8.38082218170166,10.287712097167969,0,1,1,0.7769260406494141,1,1,0.6008205711841583,1,1
SIHDR_055,SIHDR_055_e11.jpg,49,11,train,7.380821704864502,9.38082218170166,10.178238868713379,0.7974166870117188,1,8.38082218170166,10.287712097167969,1,1,1,0.7023786306381226,1,1,0.6008205711841583,1,1
SIHDR_055,SIHDR_055_e12.jpg,49,12,train,6.321928024291992,9.38082218170166,9.590044975280762,0.20922279357910156,1,8.38082218170166,10.287712097167969,1,1,1,0.6424381732940674,1,1,0.6008205711841583,1,1
SIHDR_055,SIHDR_055_e13.jpg,49,13,train,5.321928024291992,9.38082218170166,9.274945259094238,0.10587692260742188,1,8.38082218170166,10.287712097167969,1,1,1,0.6169847249984741,1,1,0.6008205711841583,1,1
SIHDR_055,SIHDR_055_e14.jpg,49,14,train,4.321928024291992,9.38082218170166,11.150967597961426,1.7701454162597656,1,8.38082218170166,10.287712097167969,0,1,1,0.5805580019950867,1,1,0.6008205711841583,0,0
SIHDR_056,SIHDR_056_e00.jpg,50,0,validation,17.194602966308594,8.38082218170166,10.059263229370117,1.678441047668457,1,7.380821704864502,9.38082218170166,0,1,1,0.9951024055480957,1,1,0.6008205711841583,1,1
SIHDR_056,SIHDR_056_e01.jpg,50,1,validation,16.28771209716797,8.38082218170166,9.360261917114258,0.9794397354125977,1,7.380821704864502,9.38082218170166,1,1,1,0.9952408075332642,1,1,0.6008205711841583,1,1
SIHDR_056,SIHDR_056_e02.jpg,50,2,validation,15.872674942016602,8.38082218170166,9.088055610656738,0.7072334289550781,1,7.380821704864502,9.38082218170166,1,1,1,0.9952366352081299,1,1,0.6008205711841583,1,1
SIHDR_056,SIHDR_056_e03.jpg,50,3,validation,15.287712097167969,8.38082218170166,8.794358253479004,0.41353607177734375,1,7.380821704864502,9.38082218170166,1,1,1,0.9951438903808594,1,1,0.6008205711841583,1,1
SIHDR_056,SIHDR_056_e04.jpg,50,4,validation,14.287712097167969,8.38082218170166,8.567392349243164,0.1865701675415039,1,7.380821704864502,9.38082218170166,1,1,1,0.9940568208694458,1,1,0.6008205711841583,1,1
SIHDR_056,SIHDR_056_e05.jpg,50,5,validation,13.287712097167969,8.38082218170166,8.850480079650879,0.46965789794921875,1,7.380821704864502,9.38082218170166,1,1,1,0.9889531135559082,1,1,0.6008205711841583,1,1
SIHDR_056,SIHDR_056_e06.jpg,50,6,validation,12.287712097167969,8.38082218170166,9.349058151245117,0.968235969543457,1,7.380821704864502,9.38082218170166,1,1,1,0.9773377180099487,1,1,0.6008205711841583,1,1
SIHDR_056,SIHDR_056_e07.jpg,50,7,validation,11.287712097167969,8.38082218170166,9.706116676330566,1.3252944946289062,1,7.380821704864502,9.38082218170166,0,1,1,0.9606226086616516,1,1,0.6008205711841583,1,1
SIHDR_056,SIHDR_056_e08.jpg,50,8,validation,10.287712097167969,8.38082218170166,9.776569366455078,1.395747184753418,1,7.380821704864502,9.38082218170166,0,1,1,0.939651370048523,1,1,0.6008205711841583,1,1
SIHDR_056,SIHDR_056_e09.jpg,50,9,validation,9.38082218170166,8.38082218170166,9.754798889160156,1.373976707458496,1,7.380821704864502,9.38082218170166,0,1,1,0.914132297039032,1,1,0.6008205711841583,1,1
SIHDR_056,SIHDR_056_e10.jpg,50,10,validation,8.38082218170166,8.38082218170166,10.95308780670166,2.572265625,1,7.380821704864502,9.38082218170166,0,1,1,0.8297324180603027,1,1,0.6008205711841583,1,1
SIHDR_056,SIHDR_056_e11.jpg,50,11,validation,7.380821704864502,8.38082218170166,10.51656436920166,2.1357421875,1,7.380821704864502,9.38082218170166,0,1,1,0.723624050617218,1,1,0.6008205711841583,1,1
SIHDR_056,SIHDR_056_e12.jpg,50,12,validation,6.321928024291992,8.38082218170166,9.68499755859375,1.3041753768920898,1,7.380821704864502,9.38082218170166,0,1,1,0.6487565040588379,1,1,0.6008205711841583,1,1
SIHDR_056,SIHDR_056_e13.jpg,50,13,validation,5.321928024291992,8.38082218170166,8.974129676818848,0.5933074951171875,1,7.380821704864502,9.38082218170166,1,1,1,0.6190388202667236,1,1,0.6008205711841583,1,1
SIHDR_056,SIHDR_056_e14.jpg,50,14,validation,4.321928024291992,8.38082218170166,9.409918785095215,1.0290966033935547,1,7.380821704864502,9.38082218170166,0,1,1,0.6004977822303772,1,1,0.6008205711841583,0,0
SIHDR_057,SIHDR_057_e00.jpg,51,0,test,17.194602966308594,10.287712097167969,10.06767463684082,0.22003746032714844,1,9.38082218170166,11.287712097167969,1,,0,0.9951063394546509,1,,0.6008205711841583,1,
SIHDR_057,SIHDR_057_e01.jpg,51,1,test,16.28771209716797,10.287712097167969,9.385979652404785,0.9017324447631836,1,9.38082218170166,11.287712097167969,1,,0,0.9952724575996399,1,,0.6008205711841583,1,
SIHDR_057,SIHDR_057_e02.jpg,51,2,test,15.872674942016602,10.287712097167969,9.09000301361084,1.197709083557129,1,9.38082218170166,11.287712097167969,0,,0,0.9953109622001648,1,,0.6008205711841583,1,
SIHDR_057,SIHDR_057_e03.jpg,51,3,test,15.287712097167969,10.287712097167969,8.815770149230957,1.4719419479370117,1,9.38082218170166,11.287712097167969,0,,0,0.9950584173202515,1,,0.6008205711841583,1,
SIHDR_057,SIHDR_057_e04.jpg,51,4,test,14.287712097167969,10.287712097167969,9.01743221282959,1.270279884338379,1,9.38082218170166,11.287712097167969,0,,0,0.9893817901611328,1,,0.6008205711841583,1,
SIHDR_057,SIHDR_057_e05.jpg,51,5,test,13.287712097167969,10.287712097167969,9.83292293548584,0.4547891616821289,1,9.38082218170166,11.287712097167969,1,,0,0.9668989181518555,1,,0.6008205711841583,1,
SIHDR_057,SIHDR_057_e06.jpg,51,6,test,12.287712097167969,10.287712097167969,10.37277889251709,0.0850667953491211,1,9.38082218170166,11.287712097167969,1,,0,0.9279751777648926,1,,0.6008205711841583,1,
SIHDR_057,SIHDR_057_e07.jpg,51,7,test,11.287712097167969,10.287712097167969,10.480981826782227,0.1932697296142578,1,9.38082218170166,11.287712097167969,1,,0,0.8653756380081177,1,,0.6008205711841583,1,
SIHDR_057,SIHDR_057_e08.jpg,51,8,test,10.287712097167969,10.287712097167969,10.114494323730469,0.1732177734375,1,9.38082218170166,11.287712097167969,1,,0,0.7876332998275757,1,,0.6008205711841583,1,
SIHDR_057,SIHDR_057_e09.jpg,51,9,test,9.38082218170166,10.287712097167969,10.510363578796387,0.22265148162841797,1,9.38082218170166,11.287712097167969,1,,0,0.7193750739097595,1,,0.6008205711841583,1,
SIHDR_057,SIHDR_057_e10.jpg,51,10,test,8.38082218170166,10.287712097167969,11.005446434020996,0.7177343368530273,1,9.38082218170166,11.287712097167969,1,,0,0.644587516784668,1,,0.6008205711841583,1,
SIHDR_057,SIHDR_057_e11.jpg,51,11,test,7.380821704864502,10.287712097167969,10.8124361038208,0.524724006652832,1,9.38082218170166,11.287712097167969,1,,0,0.6138983964920044,1,,0.6008205711841583,1,
SIHDR_057,SIHDR_057_e12.jpg,51,12,test,6.321928024291992,10.287712097167969,12.593073844909668,2.305361747741699,1,9.38082218170166,11.287712097167969,0,,0,0.5674744844436646,1,,0.6008205711841583,0,
SIHDR_057,SIHDR_057_e13.jpg,51,13,test,5.321928024291992,10.287712097167969,13.234701156616211,2.946989059448242,1,9.38082218170166,11.287712097167969,0,,0,0.5481026768684387,1,,0.6008205711841583,0,
SIHDR_057,SIHDR_057_e14.jpg,51,14,test,4.321928024291992,10.287712097167969,13.073481559753418,2.785769462585449,1,9.38082218170166,11.287712097167969,0,,0,0.545799195766449,1,,0.6008205711841583,0,
SIHDR_058,SIHDR_058_e00.jpg,52,0,train,17.194602966308594,7.380821704864502,10.059263229370117,2.6784415245056152,1,7.380821704864502,8.38082218170166,0,1,1,0.9951024055480957,1,1,0.6008205711841583,1,1
SIHDR_058,SIHDR_058_e01.jpg,52,1,train,16.28771209716797,7.380821704864502,9.356856346130371,1.9760346412658691,1,7.380821704864502,8.38082218170166,0,1,1,0.9952443242073059,1,1,0.6008205711841583,1,1
SIHDR_058,SIHDR_058_e02.jpg,52,2,train,15.872674942016602,7.380821704864502,9.063783645629883,1.6829619407653809,1,7.380821704864502,8.38082218170166,0,1,1,0.9952617883682251,1,1,0.6008205711841583,1,1
SIHDR_058,SIHDR_058_e03.jpg,52,3,train,15.287712097167969,7.380821704864502,8.704568862915039,1.323747158050537,1,7.380821704864502,8.38082218170166,0,1,1,0.9952249526977539,1,1,0.6008205711841583,1,1
SIHDR_058,SIHDR_058_e04.jpg,52,4,train,14.287712097167969,7.380821704864502,8.652823448181152,1.2720017433166504,1,7.380821704864502,8.38082218170166,0,1,1,0.994096040725708,1,1,0.6008205711841583,1,1
SIHDR_058,SIHDR_058_e05.jpg,52,5,train,13.287712097167969,7.380821704864502,8.869483947753906,1.4886622428894043,1,7.380821704864502,8.38082218170166,0,1,1,0.9883255958557129,1,1,0.6008205711841583,1,1
SIHDR_058,SIHDR_058_e06.jpg,52,6,train,12.287712097167969,7.380821704864502,9.107593536376953,1.7267718315124512,1,7.380821704864502,8.38082218170166,0,1,1,0.9739251136779785,1,1,0.6008205711841583,1,1
SIHDR_058,SIHDR_058_e07.jpg,52,7,train,11.287712097167969,7.380821704864502,9.02963924407959,1.648817539215088,1,7.380821704864502,8.38082218170166,0,1,1,0.9519582986831665,1,1,0.6008205711841583,1,1
SIHDR_058,SIHDR_058_e08.jpg,52,8,train,10.287712097167969,7.380821704864502,8.469608306884766,1.0887866020202637,1,7.380821704864502,8.38082218170166,0,1,1,0.9258967638015747,1,1,0.6008205711841583,1,1
SIHDR_058,SIHDR_058_e09.jpg,52,9,train,9.38082218170166,7.380821704864502,8.317703247070312,0.9368815422058105,1,7.380821704864502,8.38082218170166,1,1,1,0.9043897986412048,1,1,0.6008205711841583,1,1
SIHDR_058,SIHDR_058_e10.jpg,52,10,train,8.38082218170166,7.380821704864502,8.980517387390137,1.5996956825256348,1,7.380821704864502,8.38082218170166,0,1,1,0.8670910000801086,1,1,0.6008205711841583,1,1
SIHDR_058,SIHDR_058_e11.jpg,52,11,train,7.380821704864502,7.380821704864502,9.37157154083252,1.9907498359680176,1,7.380821704864502,8.38082218170166,0,1,1,0.7759865522384644,1,1,0.6008205711841583,1,1
SIHDR_058,SIHDR_058_e12.jpg,52,12,train,6.321928024291992,7.380821704864502,9.015278816223145,1.6344571113586426,1,7.380821704864502,8.38082218170166,0,1,1,0.7049012780189514,1,1,0.6008205711841583,1,1
SIHDR_058,SIHDR_058_e13.jpg,52,13,train,5.321928024291992,7.380821704864502,8.66740894317627,1.2865872383117676,1,7.380821704864502,8.38082218170166,0,1,1,0.6549155116081238,1,1,0.6008205711841583,1,1
SIHDR_058,SIHDR_058_e14.jpg,52,14,train,4.321928024291992,7.380821704864502,7.792876243591309,0.41205453872680664,1,7.380821704864502,8.38082218170166,1,1,1,0.6460115909576416,1,1,0.6008205711841583,1,1
SIHDR_059,SIHDR_059_e00.jpg,53,0,train,17.194602966308594,8.38082218170166,10.059263229370117,1.678441047668457,1,7.380821704864502,9.38082218170166,0,1,1,0.9951024055480957,1,1,0.6008205711841583,1,1
SIHDR_059,SIHDR_059_e01.jpg,53,1,train,16.28771209716797,8.38082218170166,9.356842994689941,0.9760208129882812,1,7.380821704864502,9.38082218170166,1,1,1,0.9952444434165955,1,1,0.6008205711841583,1,1
SIHDR_059,SIHDR_059_e02.jpg,53,2,train,15.872674942016602,8.38082218170166,9.063179016113281,0.6823568344116211,1,7.380821704864502,9.38082218170166,1,1,1,0.9952641725540161,1,1,0.6008205711841583,1,1
SIHDR_059,SIHDR_059_e03.jpg,53,3,train,15.287712097167969,8.38082218170166,8.689623832702637,0.30880165100097656,1,7.380821704864502,9.38082218170166,1,1,1,0.9952102303504944,1,1,0.6008205711841583,1,1
SIHDR_059,SIHDR_059_e04.jpg,53,4,train,14.287712097167969,8.38082218170166,8.360468864440918,0.020353317260742188,1,7.380821704864502,9.38082218170166,1,1,1,0.9943063855171204,1,1,0.6008205711841583,1,1
SIHDR_059,SIHDR_059_e05.jpg,53,5,train,13.287712097167969,8.38082218170166,8.45989990234375,0.07907772064208984,1,7.380821704864502,9.38082218170166,1,1,1,0.991520345211029,1,1,0.6008205711841583,1,1
SIHDR_059,SIHDR_059_e06.jpg,53,6,train,12.287712097167969,8.38082218170166,9.006478309631348,0.6256561279296875,1,7.380821704864502,9.38082218170166,1,1,1,0.9831637740135193,1,1,0.6008205711841583,1,1
SIHDR_059,SIHDR_059_e07.jpg,53,7,train,11.287712097167969,8.38082218170166,9.111884117126465,0.7310619354248047,1,7.380821704864502,9.38082218170166,1,1,1,0.9669926166534424,1,1,0.6008205711841583,1,1
SIHDR_059,SIHDR_059_e08.jpg,53,8,train,10.287712097167969,8.38082218170166,8.787997245788574,0.40717506408691406,1,7.380821704864502,9.38082218170166,1,1,1,0.9433671236038208,1,1,0.6008205711841583,1,1
SIHDR_059,SIHDR_059_e09.jpg,53,9,train,9.38082218170166,8.38082218170166,8.448446273803711,0.06762409210205078,1,7.380821704864502,9.38082218170166,1,1,1,0.922739565372467,1,1,0.6008205711841583,1,1
SIHDR_059,SIHDR_059_e10.jpg,53,10,train,8.38082218170166,8.38082218170166,8.49306583404541,0.11224365234375,1,7.380821704864502,9.38082218170166,1,1,1,0.8931294083595276,1,1,0.6008205711841583,1,1
SIHDR_059,SIHDR_059_e11.jpg,53,11,train,7.380821704864502,8.38082218170166,9.042315483093262,0.6614933013916016,1,7.380821704864502,9.38082218170166,1,1,1,0.8256109952926636,1,1,0.6008205711841583,1,1
SIHDR_059,SIHDR_059_e12.jpg,53,12,train,6.321928024291992,8.38082218170166,9.221139907836914,0.8403177261352539,1,7.380821704864502,9.38082218170166,1,1,1,0.7159028053283691,1,1,0.6008205711841583,1,1
SIHDR_059,SIHDR_059_e13.jpg,53,13,train,5.321928024291992,8.38082218170166,9.00770378112793,0.6268815994262695,1,7.380821704864502,9.38082218170166,1,1,1,0.6502751708030701,1,1,0.6008205711841583,1,1
SIHDR_059,SIHDR_059_e14.jpg,53,14,train,4.321928024291992,8.38082218170166,8.898903846740723,0.5180816650390625,1,7.380821704864502,9.38082218170166,1,1,1,0.6188635230064392,1,1,0.6008205711841583,1,1
SIHDR_060,SIHDR_060_e00.jpg,54,0,test,17.194602966308594,11.287712097167969,10.059263229370117,1.2284488677978516,1,8.38082218170166,12.287712097167969,1,1,1,0.9951024055480957,1,1,0.6008205711841583,1,1
SIHDR_060,SIHDR_060_e01.jpg,54,1,test,16.28771209716797,11.287712097167969,9.401890754699707,1.8858213424682617,1,8.38082218170166,12.287712097167969,1,1,1,0.9952613711357117,1,1,0.6008205711841583,1,1
SIHDR_060,SIHDR_060_e02.jpg,54,2,test,15.872674942016602,11.287712097167969,9.328612327575684,1.9590997695922852,1,8.38082218170166,12.287712097167969,1,1,1,0.9952617883682251,1,1,0.6008205711841583,1,1
SIHDR_060,SIHDR_060_e03.jpg,54,3,test,15.287712097167969,11.287712097167969,9.747897148132324,1.5398149490356445,1,8.38082218170166,12.287712097167969,1,1,1,0.9947786331176758,1,1,0.6008205711841583,1,1
SIHDR_060,SIHDR_060_e04.jpg,54,4,test,14.287712097167969,11.287712097167969,10.811457633972168,0.4762544631958008,1,8.38082218170166,12.287712097167969,1,1,1,0.9924181699752808,1,1,0.6008205711841583,1,1
SIHDR_060,SIHDR_060_e05.jpg,54,5,test,13.287712097167969,11.287712097167969,11.033149719238281,0.2545623779296875,1,8.38082218170166,12.287712097167969,1,1,1,0.982774019241333,1,1,0.6008205711841583,1,1
SIHDR_060,SIHDR_060_e06.jpg,54,6,test,12.287712097167969,11.287712097167969,11.457964897155762,0.17025279998779297,1,8.38082218170166,12.287712097167969,1,1,1,0.9481894373893738,1,1,0.6008205711841583,1,1
SIHDR_060,SIHDR_060_e07.jpg,54,7,test,11.287712097167969,11.287712097167969,11.385401725769043,0.09768962860107422,1,8.38082218170166,12.287712097167969,1,1,1,0.9002525210380554,1,1,0.6008205711841583,1,1
SIHDR_060,SIHDR_060_e08.jpg,54,8,test,10.287712097167969,11.287712097167969,11.137468338012695,0.15024375915527344,1,8.38082218170166,12.287712097167969,1,1,1,0.8702364563941956,1,1,0.6008205711841583,1,1
SIHDR_060,SIHDR_060_e09.jpg,54,9,test,9.38082218170166,11.287712097167969,11.104988098144531,0.1827239990234375,1,8.38082218170166,12.287712097167969,1,1,1,0.8535721302032471,1,1,0.6008205711841583,1,1
SIHDR_060,SIHDR_060_e10.jpg,54,10,test,8.38082218170166,11.287712097167969,11.071840286254883,0.21587181091308594,1,8.38082218170166,12.287712097167969,1,1,1,0.8344064950942993,1,1,0.6008205711841583,1,1
SIHDR_060,SIHDR_060_e11.jpg,54,11,test,7.380821704864502,11.287712097167969,10.837769508361816,0.44994258880615234,1,8.38082218170166,12.287712097167969,1,1,1,0.7966030836105347,1,1,0.6008205711841583,1,1
SIHDR_060,SIHDR_060_e12.jpg,54,12,test,6.321928024291992,11.287712097167969,10.023780822753906,1.2639312744140625,1,8.38082218170166,12.287712097167969,1,1,1,0.7296510338783264,1,1,0.6008205711841583,1,1
SIHDR_060,SIHDR_060_e13.jpg,54,13,test,5.321928024291992,11.287712097167969,9.328217506408691,1.9594945907592773,1,8.38082218170166,12.287712097167969,1,1,1,0.6593021154403687,1,1,0.6008205711841583,1,1
SIHDR_060,SIHDR_060_e14.jpg,54,14,test,4.321928024291992,11.287712097167969,9.58460521697998,1.7031068801879883,1,8.38082218170166,12.287712097167969,1,1,1,0.6163151860237122,1,1,0.6008205711841583,1,1
SIHDR_061,SIHDR_061_e00.jpg,55,0,train,17.194602966308594,11.287712097167969,10.059298515319824,1.2284135818481445,1,8.38082218170166,11.287712097167969,1,1,1,0.9951024055480957,1,1,0.6008205711841583,1,1
SIHDR_061,SIHDR_061_e01.jpg,55,1,train,16.28771209716797,11.287712097167969,9.445244789123535,1.8424673080444336,1,8.38082218170166,11.287712097167969,1,1,1,0.995225191116333,1,1,0.6008205711841583,1,1
SIHDR_061,SIHDR_061_e02.jpg,55,2,train,15.872674942016602,11.287712097167969,9.407557487487793,1.8801546096801758,1,8.38082218170166,11.287712097167969,1,1,1,0.9950956106185913,1,1,0.6008205711841583,1,1
SIHDR_061,SIHDR_061_e03.jpg,55,3,train,15.287712097167969,11.287712097167969,9.71402359008789,1.5736885070800781,1,8.38082218170166,11.287712097167969,1,1,1,0.9943969249725342,1,1,0.6008205711841583,1,1
SIHDR_061,SIHDR_061_e04.jpg,55,4,train,14.287712097167969,11.287712097167969,10.369978904724121,0.9177331924438477,1,8.38082218170166,11.287712097167969,1,1,1,0.9910791516304016,1,1,0.6008205711841583,1,1
SIHDR_061,SIHDR_061_e05.jpg,55,5,train,13.287712097167969,11.287712097167969,10.682951927185059,0.6047601699829102,1,8.38082218170166,11.287712097167969,1,1,1,0.9813651442527771,1,1,0.6008205711841583,1,1
SIHDR_061,SIHDR_061_e06.jpg,55,6,train,12.287712097167969,11.287712097167969,11.07282543182373,0.21488666534423828,1,8.38082218170166,11.287712097167969,1,1,1,0.954734742641449,1,1,0.6008205711841583,1,1
SIHDR_061,SIHDR_061_e07.jpg,55,7,train,11.287712097167969,11.287712097167969,11.313186645507812,0.02547454833984375,1,8.38082218170166,11.287712097167969,0,1,1,0.9101592302322388,1,1,0.6008205711841583,1,1
SIHDR_061,SIHDR_061_e08.jpg,55,8,train,10.287712097167969,11.287712097167969,11.328205108642578,0.040493011474609375,1,8.38082218170166,11.287712097167969,0,1,1,0.8609979152679443,1,1,0.6008205711841583,1,1
SIHDR_061,SIHDR_061_e09.jpg,55,9,train,9.38082218170166,11.287712097167969,11.362358093261719,0.07464599609375,1,8.38082218170166,11.287712097167969,0,1,1,0.8242290019989014,1,1,0.6008205711841583,1,1
SIHDR_061,SIHDR_061_e10.jpg,55,10,train,8.38082218170166,11.287712097167969,11.527344703674316,0.23963260650634766,1,8.38082218170166,11.287712097167969,0,1,1,0.7852091789245605,1,1,0.6008205711841583,1,1
SIHDR_061,SIHDR_061_e11.jpg,55,11,train,7.380821704864502,11.287712097167969,10.86460018157959,0.4231119155883789,1,8.38082218170166,11.287712097167969,1,1,1,0.7326380014419556,1,1,0.6008205711841583,1,1
SIHDR_061,SIHDR_061_e12.jpg,55,12,train,6.321928024291992,11.287712097167969,10.104636192321777,1.1830759048461914,1,8.38082218170166,11.287712097167969,1,1,1,0.664307713508606,1,1,0.6008205711841583,1,1
SIHDR_061,SIHDR_061_e13.jpg,55,13,train,5.321928024291992,11.287712097167969,9.877888679504395,1.4098234176635742,1,8.38082218170166,11.287712097167969,1,1,1,0.6193462610244751,1,1,0.6008205711841583,1,1
SIHDR_061,SIHDR_061_e14.jpg,55,14,train,4.321928024291992,11.287712097167969,10.491655349731445,0.7960567474365234,1,8.38082218170166,11.287712097167969,1,1,1,0.5921461582183838,1,1,0.6008205711841583,0,0
SIHDR_062,SIHDR_062_e00.jpg,56,0,train,17.194602966308594,11.287712097167969,10.113421440124512,1.174290657043457,1,9.38082218170166,11.287712097167969,1,1,1,0.9950776696205139,1,1,0.6008205711841583,1,1
SIHDR_062,SIHDR_062_e01.jpg,56,1,train,16.28771209716797,11.287712097167969,9.89963436126709,1.388077735900879,1,9.38082218170166,11.287712097167969,1,1,1,0.994766116142273,1,1,0.6008205711841583,1,1
SIHDR_062,SIHDR_062_e02.jpg,56,2,train,15.872674942016602,11.287712097167969,9.775015830993652,1.5126962661743164,1,9.38082218170166,11.287712097167969,1,1,1,0.9944406151771545,1,1,0.6008205711841583,1,1
SIHDR_062,SIHDR_062_e03.jpg,56,3,train,15.287712097167969,11.287712097167969,9.769815444946289,1.5178966522216797,1,9.38082218170166,11.287712097167969,1,1,1,0.9934825301170349,1,1,0.6008205711841583,1,1
SIHDR_062,SIHDR_062_e04.jpg,56,4,train,14.287712097167969,11.287712097167969,10.283102989196777,1.0046091079711914,1,9.38082218170166,11.287712097167969,1,1,1,0.9883050918579102,1,1,0.6008205711841583,1,1
SIHDR_062,SIHDR_062_e05.jpg,56,5,train,13.287712097167969,11.287712097167969,10.59914779663086,0.6885643005371094,1,9.38082218170166,11.287712097167969,1,1,1,0.9686312079429626,1,1,0.6008205711841583,1,1
SIHDR_062,SIHDR_062_e06.jpg,56,6,train,12.287712097167969,11.287712097167969,10.75991439819336,0.5277976989746094,1,9.38082218170166,11.287712097167969,1,1,1,0.9144182801246643,1,1,0.6008205711841583,1,1
SIHDR_062,SIHDR_062_e07.jpg,56,7,train,11.287712097167969,11.287712097167969,10.667094230651855,0.6206178665161133,1,9.38082218170166,11.287712097167969,1,1,1,0.8200712203979492,1,1,0.6008205711841583,1,1
SIHDR_062,SIHDR_062_e08.jpg,56,8,train,10.287712097167969,11.287712097167969,10.558112144470215,0.7295999526977539,1,9.38082218170166,11.287712097167969,1,1,1,0.7328070402145386,1,1,0.6008205711841583,1,1
SIHDR_062,SIHDR_062_e09.jpg,56,9,train,9.38082218170166,11.287712097167969,10.73930835723877,0.5484037399291992,1,9.38082218170166,11.287712097167969,1,1,1,0.6620272994041443,1,1,0.6008205711841583,1,1
SIHDR_062,SIHDR_062_e10.jpg,56,10,train,8.38082218170166,11.287712097167969,10.808451652526855,0.4792604446411133,1,9.38082218170166,11.287712097167969,1,1,1,0.6090918779373169,1,1,0.6008205711841583,1,1
SIHDR_062,SIHDR_062_e11.jpg,56,11,train,7.380821704864502,11.287712097167969,11.787007331848145,0.4992952346801758,1,9.38082218170166,11.287712097167969,0,1,1,0.5689067244529724,1,1,0.6008205711841583,0,0
SIHDR_062,SIHDR_062_e12.jpg,56,12,train,6.321928024291992,11.287712097167969,13.185221672058105,1.8975095748901367,1,9.38082218170166,11.287712097167969,0,1,1,0.5439392924308777,1,1,0.6008205711841583,0,0
SIHDR_062,SIHDR_062_e13.jpg,56,13,train,5.321928024291992,11.287712097167969,13.470219612121582,2.1825075149536133,1,9.38082218170166,11.287712097167969,0,1,1,0.5378327965736389,1,1,0.6008205711841583,0,0
SIHDR_062,SIHDR_062_e14.jpg,56,14,train,4.321928024291992,11.287712097167969,13.269522666931152,1.9818105697631836,1,9.38082218170166,11.287712097167969,0,1,1,0.5395324230194092,1,1,0.6008205711841583,0,0
SIHDR_063,SIHDR_063_e00.jpg,57,0,test,17.194602966308594,16.28771209716797,15.659276962280273,0.6284351348876953,1,15.872674942016602,17.194602966308594,0,,0,0.6818163394927979,1,,0.6008205711841583,1,
SIHDR_063,SIHDR_063_e01.jpg,57,1,test,16.28771209716797,16.28771209716797,15.208147048950195,1.0795650482177734,1,15.872674942016602,17.194602966308594,0,,0,0.6362829208374023,1,,0.6008205711841583,1,
SIHDR_063,SIHDR_063_e02.jpg,57,2,test,15.872674942016602,16.28771209716797,14.590929985046387,1.696782112121582,1,15.872674942016602,17.194602966308594,0,,0,0.6355520486831665,1,,0.6008205711841583,1,
SIHDR_063,SIHDR_063_e03.jpg,57,3,test,15.287712097167969,16.28771209716797,15.438532829284668,0.8491792678833008,1,15.872674942016602,17.194602966308594,0,,0,0.5768106579780579,1,,0.6008205711841583,0,
SIHDR_063,SIHDR_063_e04.jpg,57,4,test,14.287712097167969,16.28771209716797,16.411785125732422,0.12407302856445312,1,15.872674942016602,17.194602966308594,1,,0,0.5053895115852356,1,,0.6008205711841583,0,
SIHDR_063,SIHDR_063_e05.jpg,57,5,test,13.287712097167969,16.28771209716797,15.900032997131348,0.3876791000366211,1,15.872674942016602,17.194602966308594,1,,0,0.49932926893234253,0,,0.6008205711841583,0,
SIHDR_063,SIHDR_063_e06.jpg,57,6,test,12.287712097167969,16.28771209716797,15.74581527709961,0.5418968200683594,1,15.872674942016602,17.194602966308594,0,,0,0.49771764874458313,0,,0.6008205711841583,0,
SIHDR_063,SIHDR_063_e07.jpg,57,7,test,11.287712097167969,16.28771209716797,15.85694408416748,0.4307680130004883,1,15.872674942016602,17.194602966308594,0,,0,0.4948095381259918,0,,0.6008205711841583,0,
SIHDR_063,SIHDR_063_e08.jpg,57,8,test,10.287712097167969,16.28771209716797,15.743329048156738,0.5443830490112305,1,15.872674942016602,17.194602966308594,0,,0,0.49696022272109985,0,,0.6008205711841583,0,
SIHDR_063,SIHDR_063_e09.jpg,57,9,test,9.38082218170166,16.28771209716797,15.534092903137207,0.7536191940307617,1,15.872674942016602,17.194602966308594,0,,0,0.5005069971084595,1,,0.6008205711841583,0,
SIHDR_063,SIHDR_063_e10.jpg,57,10,test,8.38082218170166,16.28771209716797,15.230306625366211,1.0574054718017578,1,15.872674942016602,17.194602966308594,0,,0,0.5056119561195374,1,,0.6008205711841583,0,
SIHDR_063,SIHDR_063_e11.jpg,57,11,test,7.380821704864502,16.28771209716797,14.866791725158691,1.4209203720092773,1,15.872674942016602,17.194602966308594,0,,0,0.5127036571502686,1,,0.6008205711841583,0,
SIHDR_063,SIHDR_063_e12.jpg,57,12,test,6.321928024291992,16.28771209716797,14.398394584655762,1.889317512512207,1,15.872674942016602,17.194602966308594,0,,0,0.5204183459281921,1,,0.6008205711841583,0,
SIHDR_063,SIHDR_063_e13.jpg,57,13,test,5.321928024291992,16.28771209716797,13.925695419311523,2.3620166778564453,1,15.872674942016602,17.194602966308594,0,,0,0.5279927253723145,1,,0.6008205711841583,0,
SIHDR_063,SIHDR_063_e14.jpg,57,14,test,4.321928024291992,16.28771209716797,13.440571784973145,2.847140312194824,1,15.872674942016602,17.194602966308594,0,,0,0.5353707671165466,1,,0.6008205711841583,0,
SIHDR_064,SIHDR_064_e00.jpg,58,0,train,17.194602966308594,17.194602966308594,15.978267669677734,1.2163352966308594,0,15.872674942016602,17.194602966308594,1,,0,0.7050042152404785,1,,0.6008205711841583,1,
SIHDR_064,SIHDR_064_e01.jpg,58,1,train,16.28771209716797,17.194602966308594,15.601423263549805,1.593179702758789,0,15.872674942016602,17.194602966308594,0,,0,0.6308072805404663,1,,0.6008205711841583,1,
SIHDR_064,SIHDR_064_e02.jpg,58,2,train,15.872674942016602,17.194602966308594,15.460616111755371,1.7339868545532227,0,15.872674942016602,17.194602966308594,0,,0,0.6129339337348938,1,,0.6008205711841583,1,
SIHDR_064,SIHDR_064_e03.jpg,58,3,train,15.287712097167969,17.194602966308594,15.290297508239746,1.9043054580688477,0,15.872674942016602,17.194602966308594,0,,0,0.5867749452590942,1,,0.6008205711841583,0,
SIHDR_064,SIHDR_064_e04.jpg,58,4,train,14.287712097167969,17.194602966308594,16.642385482788086,0.5522174835205078,0,15.872674942016602,17.194602966308594,1,,0,0.5005120635032654,1,,0.6008205711841583,0,
SIHDR_064,SIHDR_064_e05.jpg,58,5,train,13.287712097167969,17.194602966308594,16.671239852905273,0.5233631134033203,0,15.872674942016602,17.194602966308594,1,,0,0.48912110924720764,0,,0.6008205711841583,0,
SIHDR_064,SIHDR_064_e06.jpg,58,6,train,12.287712097167969,17.194602966308594,16.591094970703125,0.6035079956054688,0,15.872674942016602,17.194602966308594,1,,0,0.4867100417613983,0,,0.6008205711841583,0,
SIHDR_064,SIHDR_064_e07.jpg,58,7,train,11.287712097167969,17.194602966308594,16.407358169555664,0.7872447967529297,0,15.872674942016602,17.194602966308594,1,,0,0.48813596367836,0,,0.6008205711841583,0,
SIHDR_064,SIHDR_064_e08.jpg,58,8,train,10.287712097167969,17.194602966308594,16.145374298095703,1.0492286682128906,0,15.872674942016602,17.194602966308594,1,,0,0.49157631397247314,0,,0.6008205711841583,0,
SIHDR_064,SIHDR_064_e09.jpg,58,9,train,9.38082218170166,17.194602966308594,15.801726341247559,1.3928766250610352,0,15.872674942016602,17.194602966308594,0,,0,0.496846079826355,0,,0.6008205711841583,0,
SIHDR_064,SIHDR_064_e10.jpg,58,10,train,8.38082218170166,17.194602966308594,15.39836597442627,1.7962369918823242,0,15.872674942016602,17.194602966308594,0,,0,0.5035138130187988,1,,0.6008205711841583,0,
SIHDR_064,SIHDR_064_e11.jpg,58,11,train,7.380821704864502,17.194602966308594,14.960597038269043,2.234005928039551,0,15.872674942016602,17.194602966308594,0,,0,0.5115350484848022,1,,0.6008205711841583,0,
SIHDR_064,SIHDR_064_e12.jpg,58,12,train,6.321928024291992,17.194602966308594,14.443041801452637,2.751561164855957,0,15.872674942016602,17.194602966308594,0,,0,0.5198001265525818,1,,0.6008205711841583,0,
SIHDR_064,SIHDR_064_e13.jpg,58,13,train,5.321928024291992,17.194602966308594,13.947958946228027,3.2466440200805664,0,15.872674942016602,17.194602966308594,0,,0,0.5276795625686646,1,,0.6008205711841583,0,
SIHDR_064,SIHDR_064_e14.jpg,58,14,train,4.321928024291992,17.194602966308594,13.450268745422363,3.7443342208862305,0,15.872674942016602,17.194602966308594,0,,0,0.5352562069892883,1,,0.6008205711841583,0,
SIHDR_066,SIHDR_066_e00.jpg,59,0,train,17.194602966308594,12.287712097167969,14.767821311950684,2.480109214782715,1,11.287712097167969,14.287712097167969,0,1,1,0.9363062381744385,1,1,0.6008205711841583,1,1
SIHDR_066,SIHDR_066_e01.jpg,59,1,train,16.28771209716797,12.287712097167969,14.794909477233887,2.507197380065918,1,11.287712097167969,14.287712097167969,0,1,1,0.9113198518753052,1,1,0.6008205711841583,1,1
SIHDR_066,SIHDR_066_e02.jpg,59,2,train,15.872674942016602,12.287712097167969,14.595175743103027,2.3074636459350586,1,11.287712097167969,14.287712097167969,0,1,1,0.8886752128601074,1,1,0.6008205711841583,1,1
SIHDR_066,SIHDR_066_e03.jpg,59,3,train,15.287712097167969,12.287712097167969,14.296589851379395,2.008877754211426,1,11.287712097167969,14.287712097167969,0,1,1,0.8503151535987854,1,1,0.6008205711841583,1,1
SIHDR_066,SIHDR_066_e04.jpg,59,4,train,14.287712097167969,12.287712097167969,14.158747673034668,1.8710355758666992,1,11.287712097167969,14.287712097167969,1,1,1,0.7670586705207825,1,1,0.6008205711841583,1,1
SIHDR_066,SIHDR_066_e05.jpg,59,5,train,13.287712097167969,12.287712097167969,13.90211009979248,1.6143980026245117,1,11.287712097167969,14.287712097167969,1,1,1,0.6946616172790527,1,1,0.6008205711841583,1,1
SIHDR_066,SIHDR_066_e06.jpg,59,6,train,12.287712097167969,12.287712097167969,13.608119010925293,1.3204069137573242,1,11.287712097167969,14.287712097167969,1,1,1,0.6435972452163696,1,1,0.6008205711841583,1,1
SIHDR_066,SIHDR_066_e07.jpg,59,7,train,11.287712097167969,12.287712097167969,13.440804481506348,1.153092384338379,1,11.287712097167969,14.287712097167969,1,1,1,0.5966613292694092,1,1,0.6008205711841583,0,0
SIHDR_066,SIHDR_066_e08.jpg,59,8,train,10.287712097167969,12.287712097167969,14.050658226013184,1.7629461288452148,1,11.287712097167969,14.287712097167969,1,1,1,0.5507435202598572,1,1,0.6008205711841583,0,0
SIHDR_066,SIHDR_066_e09.jpg,59,9,train,9.38082218170166,12.287712097167969,14.706513404846191,2.4188013076782227,1,11.287712097167969,14.287712097167969,0,1,1,0.5281158089637756,1,1,0.6008205711841583,0,0
SIHDR_066,SIHDR_066_e10.jpg,59,10,train,8.38082218170166,12.287712097167969,14.793246269226074,2.5055341720581055,1,11.287712097167969,14.287712097167969,0,1,1,0.5196090936660767,1,1,0.6008205711841583,0,0
SIHDR_066,SIHDR_066_e11.jpg,59,11,train,7.380821704864502,12.287712097167969,14.605656623840332,2.3179445266723633,1,11.287712097167969,14.287712097167969,0,1,1,0.5202122926712036,1,1,0.6008205711841583,0,0
SIHDR_066,SIHDR_066_e12.jpg,59,12,train,6.321928024291992,12.287712097167969,14.339035987854004,2.051323890686035,1,11.287712097167969,14.287712097167969,0,1,1,0.5231385231018066,1,1,0.6008205711841583,0,0
SIHDR_066,SIHDR_066_e13.jpg,59,13,train,5.321928024291992,12.287712097167969,13.907937049865723,1.620224952697754,1,11.287712097167969,14.287712097167969,1,1,1,0.5291795134544373,1,1,0.6008205711841583,0,0
SIHDR_066,SIHDR_066_e14.jpg,59,14,train,4.321928024291992,12.287712097167969,13.43087100982666,1.1431589126586914,1,11.287712097167969,14.287712097167969,1,1,1,0.5359960198402405,1,1,0.6008205711841583,0,0
SIHDR_067,SIHDR_067_e00.jpg,60,0,train,17.194602966308594,9.38082218170166,10.059263229370117,0.678441047668457,1,7.380821704864502,9.38082218170166,0,1,1,0.9951024055480957,1,1,0.6008205711841583,1,1
SIHDR_067,SIHDR_067_e01.jpg,60,1,train,16.28771209716797,9.38082218170166,9.359702110290527,0.021120071411132812,1,7.380821704864502,9.38082218170166,1,1,1,0.9951410293579102,1,1,0.6008205711841583,1,1
SIHDR_067,SIHDR_067_e02.jpg,60,2,train,15.872674942016602,9.38082218170166,9.453622817993164,0.0728006362915039,1,7.380821704864502,9.38082218170166,0,1,1,0.9942733645439148,1,1,0.6008205711841583,1,1
SIHDR_067,SIHDR_067_e03.jpg,60,3,train,15.287712097167969,9.38082218170166,10.102710723876953,0.721888542175293,1,7.380821704864502,9.38082218170166,0,1,1,0.9907021522521973,1,1,0.6008205711841583,1,1
SIHDR_067,SIHDR_067_e04.jpg,60,4,train,14.287712097167969,9.38082218170166,10.55402946472168,1.1732072830200195,1,7.380821704864502,9.38082218170166,0,1,1,0.9737473130226135,1,1,0.6008205711841583,1,1
SIHDR_067,SIHDR_067_e05.jpg,60,5,train,13.287712097167969,9.38082218170166,10.26784610748291,0.88702392578125,1,7.380821704864502,9.38082218170166,0,1,1,0.9513196349143982,1,1,0.6008205711841583,1,1
SIHDR_067,SIHDR_067_e06.jpg,60,6,train,12.287712097167969,9.38082218170166,9.767006874084473,0.3861846923828125,1,7.380821704864502,9.38082218170166,0,1,1,0.92885822057724,1,1,0.6008205711841583,1,1
SIHDR_067,SIHDR_067_e07.jpg,60,7,train,11.287712097167969,9.38082218170166,8.99282169342041,0.38800048828125,1,7.380821704864502,9.38082218170166,1,1,1,0.9146023392677307,1,1,0.6008205711841583,1,1
SIHDR_067,SIHDR_067_e08.jpg,60,8,train,10.287712097167969,9.38082218170166,9.03514575958252,0.3456764221191406,1,7.380821704864502,9.38082218170166,1,1,1,0.8932124972343445,1,1,0.6008205711841583,1,1
SIHDR_067,SIHDR_067_e09.jpg,60,9,train,9.38082218170166,9.38082218170166,9.767561912536621,0.38673973083496094,1,7.380821704864502,9.38082218170166,0,1,1,0.8342605233192444,1,1,0.6008205711841583,1,1
SIHDR_067,SIHDR_067_e10.jpg,60,10,train,8.38082218170166,9.38082218170166,9.772478103637695,0.39165592193603516,1,7.380821704864502,9.38082218170166,0,1,1,0.7184645533561707,1,1,0.6008205711841583,1,1
SIHDR_067,SIHDR_067_e11.jpg,60,11,train,7.380821704864502,9.38082218170166,9.505278587341309,0.12445640563964844,1,7.380821704864502,9.38082218170166,0,1,1,0.6546513438224792,1,1,0.6008205711841583,1,1
SIHDR_067,SIHDR_067_e12.jpg,60,12,train,6.321928024291992,9.38082218170166,9.150138854980469,0.2306833267211914,1,7.380821704864502,9.38082218170166,1,1,1,0.6025529503822327,1,1,0.6008205711841583,1,1
SIHDR_067,SIHDR_067_e13.jpg,60,13,train,5.321928024291992,9.38082218170166,8.205267906188965,1.1755542755126953,1,7.380821704864502,9.38082218170166,1,1,1,0.6190987229347229,1,1,0.6008205711841583,1,1
SIHDR_067,SIHDR_067_e14.jpg,60,14,train,4.321928024291992,9.38082218170166,12.56318187713623,3.1823596954345703,1,7.380821704864502,9.38082218170166,0,1,1,0.5502464771270752,1,1,0.6008205711841583,0,0
SIHDR_068,SIHDR_068_e00.jpg,61,0,test,17.194602966308594,8.38082218170166,10.059263229370117,1.678441047668457,1,7.380821704864502,9.38082218170166,0,1,1,0.9951024055480957,1,1,0.6008205711841583,1,1
SIHDR_068,SIHDR_068_e01.jpg,61,1,test,16.28771209716797,8.38082218170166,9.344977378845215,0.9641551971435547,1,7.380821704864502,9.38082218170166,1,1,1,0.9951639175415039,1,1,0.6008205711841583,1,1
SIHDR_068,SIHDR_068_e02.jpg,61,2,test,15.872674942016602,8.38082218170166,9.250943183898926,0.8701210021972656,1,7.380821704864502,9.38082218170166,1,1,1,0.9946016073226929,1,1,0.6008205711841583,1,1
SIHDR_068,SIHDR_068_e03.jpg,61,3,test,15.287712097167969,8.38082218170166,9.760085105895996,1.379262924194336,1,7.380821704864502,9.38082218170166,0,1,1,0.9927225708961487,1,1,0.6008205711841583,1,1
SIHDR_068,SIHDR_068_e04.jpg,61,4,test,14.287712097167969,8.38082218170166,9.853801727294922,1.4729795455932617,1,7.380821704864502,9.38082218170166,0,1,1,0.9851236939430237,1,1,0.6008205711841583,1,1
SIHDR_068,SIHDR_068_e05.jpg,61,5,test,13.287712097167969,8.38082218170166,9.991451263427734,1.6106290817260742,1,7.380821704864502,9.38082218170166,0,1,1,0.9702526926994324,1,1,0.6008205711841583,1,1
SIHDR_068,SIHDR_068_e06.jpg,61,6,test,12.287712097167969,8.38082218170166,9.891135215759277,1.5103130340576172,1,7.380821704864502,9.38082218170166,0,1,1,0.9434547424316406,1,1,0.6008205711841583,1,1
SIHDR_068,SIHDR_068_e07.jpg,61,7,test,11.287712097167969,8.38082218170166,9.563202857971191,1.1823806762695312,1,7.380821704864502,9.38082218170166,0,1,1,0.919287919998169,1,1,0.6008205711841583,1,1
SIHDR_068,SIHDR_068_e08.jpg,61,8,test,10.287712097167969,8.38082218170166,9.616662979125977,1.2358407974243164,1,7.380821704864502,9.38082218170166,0,1,1,0.8938456177711487,1,1,0.6008205711841583,1,1
SIHDR_068,SIHDR_068_e09.jpg,61,9,test,9.38082218170166,8.38082218170166,9.896007537841797,1.5151853561401367,1,7.380821704864502,9.38082218170166,0,1,1,0.8585574626922607,1,1,0.6008205711841583,1,1
SIHDR_068,SIHDR_068_e10.jpg,61,10,test,8.38082218170166,8.38082218170166,10.374373435974121,1.993551254272461,1,7.380821704864502,9.38082218170166,0,1,1,0.74318927526474,1,1,0.6008205711841583,1,1
SIHDR_068,SIHDR_068_e11.jpg,61,11,test,7.380821704864502,8.38082218170166,10.091273307800293,1.7104511260986328,1,7.380821704864502,9.38082218170166,0,1,1,0.6620075106620789,1,1,0.6008205711841583,1,1
SIHDR_068,SIHDR_068_e12.jpg,61,12,test,6.321928024291992,8.38082218170166,9.572735786437988,1.1919136047363281,1,7.380821704864502,9.38082218170166,0,1,1,0.6049212217330933,1,1,0.6008205711841583,1,1
SIHDR_068,SIHDR_068_e13.jpg,61,13,test,5.321928024291992,8.38082218170166,8.994059562683105,0.6132373809814453,1,7.380821704864502,9.38082218170166,1,1,1,0.6080222725868225,1,1,0.6008205711841583,1,1
SIHDR_068,SIHDR_068_e14.jpg,61,14,test,4.321928024291992,8.38082218170166,12.181337356567383,3.8005151748657227,1,7.380821704864502,9.38082218170166,0,1,1,0.5566763281822205,1,1,0.6008205711841583,0,0
SIHDR_069,SIHDR_069_e00.jpg,62,0,train,17.194602966308594,12.287712097167969,10.305876731872559,1.9818353652954102,1,10.287712097167969,12.287712097167969,1,1,1,0.994939923286438,1,1,0.6008205711841583,1,1
SIHDR_069,SIHDR_069_e01.jpg,62,1,train,16.28771209716797,12.287712097167969,10.292080879211426,1.995631217956543,1,10.287712097167969,12.287712097167969,1,1,1,0.9944266080856323,1,1,0.6008205711841583,1,1
SIHDR_069,SIHDR_069_e02.jpg,62,2,train,15.872674942016602,12.287712097167969,10.930827140808105,1.3568849563598633,1,10.287712097167969,12.287712097167969,1,1,1,0.9935635328292847,1,1,0.6008205711841583,1,1
SIHDR_069,SIHDR_069_e03.jpg,62,3,train,15.287712097167969,12.287712097167969,11.57170581817627,0.7160062789916992,1,10.287712097167969,12.287712097167969,1,1,1,0.9912925362586975,1,1,0.6008205711841583,1,1
SIHDR_069,SIHDR_069_e04.jpg,62,4,train,14.287712097167969,12.287712097167969,11.70279312133789,0.5849189758300781,1,10.287712097167969,12.287712097167969,1,1,1,0.9754806756973267,1,1,0.6008205711841583,1,1
SIHDR_069,SIHDR_069_e05.jpg,62,5,train,13.287712097167969,12.287712097167969,12.05329418182373,0.23441791534423828,1,10.287712097167969,12.287712097167969,1,1,1,0.9399126172065735,1,1,0.6008205711841583,1,1
SIHDR_069,SIHDR_069_e06.jpg,62,6,train,12.287712097167969,12.287712097167969,11.961837768554688,0.32587432861328125,1,10.287712097167969,12.287712097167969,1,1,1,0.8775970339775085,1,1,0.6008205711841583,1,1
SIHDR_069,SIHDR_069_e07.jpg,62,7,train,11.287712097167969,12.287712097167969,11.33243465423584,0.9552774429321289,1,10.287712097167969,12.287712097167969,1,1,1,0.8320688009262085,1,1,0.6008205711841583,1,1
SIHDR_069,SIHDR_069_e08.jpg,62,8,train,10.287712097167969,12.287712097167969,11.844132423400879,0.44357967376708984,1,10.287712097167969,12.287712097167969,1,1,1,0.7646799087524414,1,1,0.6008205711841583,1,1
SIHDR_069,SIHDR_069_e09.jpg,62,9,train,9.38082218170166,12.287712097167969,11.781737327575684,0.5059747695922852,1,10.287712097167969,12.287712097167969,1,1,1,0.7131805419921875,1,1,0.6008205711841583,1,1
SIHDR_069,SIHDR_069_e10.jpg,62,10,train,8.38082218170166,12.287712097167969,11.703522682189941,0.5841894149780273,1,10.287712097167969,12.287712097167969,1,1,1,0.6331671476364136,1,1,0.6008205711841583,1,1
SIHDR_069,SIHDR_069_e11.jpg,62,11,train,7.380821704864502,12.287712097167969,11.91280460357666,0.3749074935913086,1,10.287712097167969,12.287712097167969,1,1,1,0.5926743745803833,1,1,0.6008205711841583,0,0
SIHDR_069,SIHDR_069_e12.jpg,62,12,train,6.321928024291992,12.287712097167969,12.450447082519531,0.1627349853515625,1,10.287712097167969,12.287712097167969,0,1,1,0.5639129281044006,1,1,0.6008205711841583,0,0
SIHDR_069,SIHDR_069_e13.jpg,62,13,train,5.321928024291992,12.287712097167969,12.373244285583496,0.08553218841552734,1,10.287712097167969,12.287712097167969,0,1,1,0.5601017475128174,1,1,0.6008205711841583,0,0
SIHDR_069,SIHDR_069_e14.jpg,62,14,train,4.321928024291992,12.287712097167969,13.093571662902832,0.8058595657348633,1,10.287712097167969,12.287712097167969,0,1,1,0.5460526943206787,1,1,0.6008205711841583,0,0
SIHDR_070,SIHDR_070_e00.jpg,63,0,train,17.194602966308594,12.287712097167969,10.213750839233398,2.0739612579345703,1,9.38082218170166,12.287712097167969,1,1,1,0.9949663281440735,1,1,0.6008205711841583,1,1
SIHDR_070,SIHDR_070_e01.jpg,63,1,train,16.28771209716797,12.287712097167969,9.976595878601074,2.3111162185668945,1,9.38082218170166,12.287712097167969,1,1,1,0.9941452741622925,1,1,0.6008205711841583,1,1
SIHDR_070,SIHDR_070_e02.jpg,63,2,train,15.872674942016602,12.287712097167969,10.338759422302246,1.9489526748657227,1,9.38082218170166,12.287712097167969,1,1,1,0.9927830696105957,1,1,0.6008205711841583,1,1
SIHDR_070,SIHDR_070_e03.jpg,63,3,train,15.287712097167969,12.287712097167969,10.931954383850098,1.355757713317871,1,9.38082218170166,12.287712097167969,1,1,1,0.9892894625663757,1,1,0.6008205711841583,1,1
SIHDR_070,SIHDR_070_e04.jpg,63,4,train,14.287712097167969,12.287712097167969,11.928396224975586,0.3593158721923828,1,9.38082218170166,12.287712097167969,1,1,1,0.9703868627548218,1,1,0.6008205711841583,1,1
SIHDR_070,SIHDR_070_e05.jpg,63,5,train,13.287712097167969,12.287712097167969,12.474081993103027,0.1863698959350586,1,9.38082218170166,12.287712097167969,0,1,1,0.917965292930603,1,1,0.6008205711841583,1,1
SIHDR_070,SIHDR_070_e06.jpg,63,6,train,12.287712097167969,12.287712097167969,12.236751556396484,0.050960540771484375,1,9.38082218170166,12.287712097167969,1,1,1,0.8317366242408752,1,1,0.6008205711841583,1,1
SIHDR_070,SIHDR_070_e07.jpg,63,7,train,11.287712097167969,12.287712097167969,12.04676342010498,0.24094867706298828,1,9.38082218170166,12.287712097167969,1,1,1,0.747129499912262,1,1,0.6008205711841583,1,1
SIHDR_070,SIHDR_070_e08.jpg,63,8,train,10.287712097167969,12.287712097167969,12.03292179107666,0.2547903060913086,1,9.38082218170166,12.287712097167969,1,1,1,0.6786748766899109,1,1,0.6008205711841583,1,1
SIHDR_070,SIHDR_070_e09.jpg,63,9,train,9.38082218170166,12.287712097167969,12.284193992614746,0.0035181045532226562,1,9.38082218170166,12.287712097167969,1,1,1,0.6236934661865234,1,1,0.6008205711841583,1,1
SIHDR_070,SIHDR_070_e10.jpg,63,10,train,8.38082218170166,12.287712097167969,12.743293762207031,0.4555816650390625,1,9.38082218170166,12.287712097167969,0,1,1,0.5704569816589355,1,1,0.6008205711841583,0,0
SIHDR_070,SIHDR_070_e11.jpg,63,11,train,7.380821704864502,12.287712097167969,13.202632904052734,0.9149208068847656,1,9.38082218170166,12.287712097167969,0,1,1,0.5487318634986877,1,1,0.6008205711841583,0,0
SIHDR_070,SIHDR_070_e12.jpg,63,12,train,6.321928024291992,12.287712097167969,13.324869155883789,1.0371570587158203,1,9.38082218170166,12.287712097167969,0,1,1,0.5398279428482056,1,1,0.6008205711841583,0,0
SIHDR_070,SIHDR_070_e13.jpg,63,13,train,5.321928024291992,12.287712097167969,13.222602844238281,0.9348907470703125,1,9.38082218170166,12.287712097167969,0,1,1,0.5410187840461731,1,1,0.6008205711841583,0,0
SIHDR_070,SIHDR_070_e14.jpg,63,14,train,4.321928024291992,12.287712097167969,13.305960655212402,1.0182485580444336,1,9.38082218170166,12.287712097167969,0,1,1,0.538918673992157,1,1,0.6008205711841583,0,0
SIHDR_071,SIHDR_071_e00.jpg,64,0,train,17.194602966308594,11.287712097167969,10.923884391784668,0.3638277053833008,1,10.287712097167969,12.287712097167969,1,1,1,0.9944853186607361,1,1,0.6008205711841583,1,1
SIHDR_071,SIHDR_071_e01.jpg,64,1,train,16.28771209716797,11.287712097167969,11.627612113952637,0.33990001678466797,1,10.287712097167969,12.287712097167969,1,1,1,0.9928568601608276,1,1,0.6008205711841583,1,1
SIHDR_071,SIHDR_071_e02.jpg,64,2,train,15.872674942016602,11.287712097167969,11.738829612731934,0.45111751556396484,1,10.287712097167969,12.287712097167969,1,1,1,0.9911222457885742,1,1,0.6008205711841583,1,1
SIHDR_071,SIHDR_071_e03.jpg,64,3,train,15.287712097167969,11.287712097167969,11.674905776977539,0.3871936798095703,1,10.287712097167969,12.287712097167969,1,1,1,0.9868133068084717,1,1,0.6008205711841583,1,1
SIHDR_071,SIHDR_071_e04.jpg,64,4,train,14.287712097167969,11.287712097167969,11.819923400878906,0.5322113037109375,1,10.287712097167969,12.287712097167969,1,1,1,0.9771003723144531,1,1,0.6008205711841583,1,1
SIHDR_071,SIHDR_071_e05.jpg,64,5,train,13.287712097167969,11.287712097167969,11.931204795837402,0.6434926986694336,1,10.287712097167969,12.287712097167969,1,1,1,0.9592564105987549,1,1,0.6008205711841583,1,1
SIHDR_071,SIHDR_071_e06.jpg,64,6,train,12.287712097167969,11.287712097167969,11.44764232635498,0.15993022918701172,1,10.287712097167969,12.287712097167969,1,1,1,0.9253336191177368,1,1,0.6008205711841583,1,1
SIHDR_071,SIHDR_071_e07.jpg,64,7,train,11.287712097167969,11.287712097167969,11.377331733703613,0.08961963653564453,1,10.287712097167969,12.287712097167969,1,1,1,0.8813414573669434,1,1,0.6008205711841583,1,1
SIHDR_071,SIHDR_071_e08.jpg,64,8,train,10.287712097167969,11.287712097167969,11.025403022766113,0.26230907440185547,1,10.287712097167969,12.287712097167969,1,1,1,0.8351744413375854,1,1,0.6008205711841583,1,1
SIHDR_071,SIHDR_071_e09.jpg,64,9,train,9.38082218170166,11.287712097167969,10.794280052185059,0.49343204498291016,1,10.287712097167969,12.287712097167969,1,1,1,0.7843091487884521,1,1,0.6008205711841583,1,1
SIHDR_071,SIHDR_071_e10.jpg,64,10,train,8.38082218170166,11.287712097167969,10.694897651672363,0.5928144454956055,1,10.287712097167969,12.287712097167969,1,1,1,0.7028990983963013,1,1,0.6008205711841583,1,1
SIHDR_071,SIHDR_071_e11.jpg,64,11,train,7.380821704864502,11.287712097167969,10.266768455505371,1.0209436416625977,1,10.287712097167969,12.287712097167969,0,1,1,0.6402298808097839,1,1,0.6008205711841583,1,1
SIHDR_071,SIHDR_071_e12.jpg,64,12,train,6.321928024291992,11.287712097167969,10.23680591583252,1.0509061813354492,1,10.287712097167969,12.287712097167969,0,1,1,0.5994246006011963,1,1,0.6008205711841583,0,0
SIHDR_071,SIHDR_071_e13.jpg,64,13,train,5.321928024291992,11.287712097167969,11.204804420471191,0.08290767669677734,1,10.287712097167969,12.287712097167969,1,1,1,0.5756420493125916,1,1,0.6008205711841583,0,0
SIHDR_071,SIHDR_071_e14.jpg,64,14,train,4.321928024291992,11.287712097167969,11.931144714355469,0.6434326171875,1,10.287712097167969,12.287712097167969,1,1,1,0.561553955078125,1,1,0.6008205711841583,0,0
SIHDR_072,SIHDR_072_e00.jpg,65,0,train,17.194602966308594,9.38082218170166,10.062390327453613,0.6815681457519531,1,8.38082218170166,11.287712097167969,1,1,1,0.9951027631759644,1,1,0.6008205711841583,1,1
SIHDR_072,SIHDR_072_e01.jpg,65,1,train,16.28771209716797,9.38082218170166,9.414227485656738,0.033405303955078125,1,8.38082218170166,11.287712097167969,1,1,1,0.9952155351638794,1,1,0.6008205711841583,1,1
SIHDR_072,SIHDR_072_e02.jpg,65,2,train,15.872674942016602,9.38082218170166,9.301724433898926,0.07909774780273438,1,8.38082218170166,11.287712097167969,1,1,1,0.9949847459793091,1,1,0.6008205711841583,1,1
SIHDR_072,SIHDR_072_e03.jpg,65,3,train,15.287712097167969,9.38082218170166,9.261910438537598,0.1189117431640625,1,8.38082218170166,11.287712097167969,1,1,1,0.9941104054450989,1,1,0.6008205711841583,1,1
SIHDR_072,SIHDR_072_e04.jpg,65,4,train,14.287712097167969,9.38082218170166,9.217053413391113,0.16376876831054688,1,8.38082218170166,11.287712097167969,1,1,1,0.9914182424545288,1,1,0.6008205711841583,1,1
SIHDR_072,SIHDR_072_e05.jpg,65,5,train,13.287712097167969,9.38082218170166,9.501959800720215,0.12113761901855469,1,8.38082218170166,11.287712097167969,1,1,1,0.9868258833885193,1,1,0.6008205711841583,1,1
SIHDR_072,SIHDR_072_e06.jpg,65,6,train,12.287712097167969,9.38082218170166,9.55676555633545,0.17594337463378906,1,8.38082218170166,11.287712097167969,1,1,1,0.979695200920105,1,1,0.6008205711841583,1,1
SIHDR_072,SIHDR_072_e07.jpg,65,7,train,11.287712097167969,9.38082218170166,9.4365816116333,0.055759429931640625,1,8.38082218170166,11.287712097167969,1,1,1,0.9673416614532471,1,1,0.6008205711841583,1,1
SIHDR_072,SIHDR_072_e08.jpg,65,8,train,10.287712097167969,9.38082218170166,9.81637191772461,0.4355497360229492,1,8.38082218170166,11.287712097167969,1,1,1,0.933730959892273,1,1,0.6008205711841583,1,1
SIHDR_072,SIHDR_072_e09.jpg,65,9,train,9.38082218170166,9.38082218170166,9.92271900177002,0.5418968200683594,1,8.38082218170166,11.287712097167969,1,1,1,0.8798480033874512,1,1,0.6008205711841583,1,1
SIHDR_072,SIHDR_072_e10.jpg,65,10,train,8.38082218170166,9.38082218170166,9.785428047180176,0.4046058654785156,1,8.38082218170166,11.287712097167969,1,1,1,0.7988753914833069,1,1,0.6008205711841583,1,1
SIHDR_072,SIHDR_072_e11.jpg,65,11,train,7.380821704864502,9.38082218170166,9.388541221618652,0.0077190399169921875,1,8.38082218170166,11.287712097167969,1,1,1,0.7252268195152283,1,1,0.6008205711841583,1,1
SIHDR_072,SIHDR_072_e12.jpg,65,12,train,6.321928024291992,9.38082218170166,9.092856407165527,0.2879657745361328,1,8.38082218170166,11.287712097167969,1,1,1,0.6619889736175537,1,1,0.6008205711841583,1,1
SIHDR_072,SIHDR_072_e13.jpg,65,13,train,5.321928024291992,9.38082218170166,9.449446678161621,0.06862449645996094,1,8.38082218170166,11.287712097167969,1,1,1,0.6206774115562439,1,1,0.6008205711841583,1,1
SIHDR_072,SIHDR_072_e14.jpg,65,14,train,4.321928024291992,9.38082218170166,11.002633094787598,1.6218109130859375,1,8.38082218170166,11.287712097167969,1,1,1,0.5877712368965149,1,1,0.6008205711841583,0,0
SIHDR_073,SIHDR_073_e00.jpg,66,0,validation,17.194602966308594,9.38082218170166,10.24278736114502,0.8619651794433594,1,7.380821704864502,11.287712097167969,1,1,1,0.9950265288352966,1,1,0.6008205711841583,1,1
SIHDR_073,SIHDR_073_e01.jpg,66,1,validation,16.28771209716797,9.38082218170166,10.267242431640625,0.8864202499389648,1,7.380821704864502,11.287712097167969,1,1,1,0.9942935109138489,1,1,0.6008205711841583,1,1
SIHDR_073,SIHDR_073_e02.jpg,66,2,validation,15.872674942016602,9.38082218170166,10.283563613891602,0.9027414321899414,1,7.380821704864502,11.287712097167969,1,1,1,0.9934198260307312,1,1,0.6008205711841583,1,1
SIHDR_073,SIHDR_073_e03.jpg,66,3,validation,15.287712097167969,9.38082218170166,10.423977851867676,1.0431556701660156,1,7.380821704864502,11.287712097167969,1,1,1,0.9906219244003296,1,1,0.6008205711841583,1,1
SIHDR_073,SIHDR_073_e04.jpg,66,4,validation,14.287712097167969,9.38082218170166,11.098454475402832,1.7176322937011719,1,7.380821704864502,11.287712097167969,1,1,1,0.9829555749893188,1,1,0.6008205711841583,1,1
SIHDR_073,SIHDR_073_e05.jpg,66,5,validation,13.287712097167969,9.38082218170166,11.534122467041016,2.1533002853393555,1,7.380821704864502,11.287712097167969,0,1,1,0.9661210775375366,1,1,0.6008205711841583,1,1
SIHDR_073,SIHDR_073_e06.jpg,66,6,validation,12.287712097167969,9.38082218170166,11.38261890411377,2.0017967224121094,1,7.380821704864502,11.287712097167969,0,1,1,0.9417274594306946,1,1,0.6008205711841583,1,1
SIHDR_073,SIHDR_073_e07.jpg,66,7,validation,11.287712097167969,9.38082218170166,11.448060035705566,2.0672378540039062,1,7.380821704864502,11.287712097167969,0,1,1,0.9139357805252075,1,1,0.6008205711841583,1,1
SIHDR_073,SIHDR_073_e08.jpg,66,8,validation,10.287712097167969,9.38082218170166,11.549500465393066,2.1686782836914062,1,7.380821704864502,11.287712097167969,0,1,1,0.8735660910606384,1,1,0.6008205711841583,1,1
SIHDR_073,SIHDR_073_e09.jpg,66,9,validation,9.38082218170166,9.38082218170166,11.161882400512695,1.7810602188110352,1,7.380821704864502,11.287712097167969,1,1,1,0.8358259201049805,1,1,0.6008205711841583,1,1
SIHDR_073,SIHDR_073_e10.jpg,66,10,validation,8.38082218170166,9.38082218170166,11.141457557678223,1.7606353759765625,1,7.380821704864502,11.287712097167969,1,1,1,0.7542411088943481,1,1,0.6008205711841583,1,1
SIHDR_073,SIHDR_073_e11.jpg,66,11,validation,7.380821704864502,9.38082218170166,10.743842124938965,1.3630199432373047,1,7.380821704864502,11.287712097167969,1,1,1,0.6752700209617615,1,1,0.6008205711841583,1,1
SIHDR_073,SIHDR_073_e12.jpg,66,12,validation,6.321928024291992,9.38082218170166,10.632061004638672,1.2512388229370117,1,7.380821704864502,11.287712097167969,1,1,1,0.61823970079422,1,1,0.6008205711841583,1,1
SIHDR_073,SIHDR_073_e13.jpg,66,13,validation,5.321928024291992,9.38082218170166,11.486748695373535,2.105926513671875,1,7.380821704864502,11.287712097167969,0,1,1,0.5825105309486389,1,1,0.6008205711841583,0,0
SIHDR_073,SIHDR_073_e14.jpg,66,14,validation,4.321928024291992,9.38082218170166,12.019255638122559,2.6384334564208984,1,7.380821704864502,11.287712097167969,0,1,1,0.5659992694854736,1,1,0.6008205711841583,0,0
SIHDR_074,SIHDR_074_e00.jpg,67,0,validation,17.194602966308594,12.287712097167969,10.047623634338379,2.24008846282959,1,10.287712097167969,13.287712097167969,0,1,1,0.9950644373893738,1,1,0.6008205711841583,1,1
SIHDR_074,SIHDR_074_e01.jpg,67,1,validation,16.28771209716797,12.287712097167969,9.911166191101074,2.3765459060668945,1,10.287712097167969,13.287712097167969,0,1,1,0.993915855884552,1,1,0.6008205711841583,1,1
SIHDR_074,SIHDR_074_e02.jpg,67,2,validation,15.872674942016602,12.287712097167969,10.146533012390137,2.141179084777832,1,10.287712097167969,13.287712097167969,0,1,1,0.991967499256134,1,1,0.6008205711841583,1,1
SIHDR_074,SIHDR_074_e03.jpg,67,3,validation,15.287712097167969,12.287712097167969,10.489314079284668,1.7983980178833008,1,10.287712097167969,13.287712097167969,1,1,1,0.9875784516334534,1,1,0.6008205711841583,1,1
SIHDR_074,SIHDR_074_e04.jpg,67,4,validation,14.287712097167969,12.287712097167969,10.430492401123047,1.8572196960449219,1,10.287712097167969,13.287712097167969,1,1,1,0.9623432755470276,1,1,0.6008205711841583,1,1
SIHDR_074,SIHDR_074_e05.jpg,67,5,validation,13.287712097167969,12.287712097167969,10.53095531463623,1.7567567825317383,1,10.287712097167969,13.287712097167969,1,1,1,0.8914487957954407,1,1,0.6008205711841583,1,1
SIHDR_074,SIHDR_074_e06.jpg,67,6,validation,12.287712097167969,12.287712097167969,10.208389282226562,2.0793228149414062,1,10.287712097167969,13.287712097167969,0,1,1,0.8192434310913086,1,1,0.6008205711841583,1,1
SIHDR_074,SIHDR_074_e07.jpg,67,7,validation,11.287712097167969,12.287712097167969,10.095319747924805,2.192392349243164,1,10.287712097167969,13.287712097167969,0,1,1,0.7593685984611511,1,1,0.6008205711841583,1,1
SIHDR_074,SIHDR_074_e08.jpg,67,8,validation,10.287712097167969,12.287712097167969,10.132548332214355,2.1551637649536133,1,10.287712097167969,13.287712097167969,0,1,1,0.7092283964157104,1,1,0.6008205711841583,1,1
SIHDR_074,SIHDR_074_e09.jpg,67,9,validation,9.38082218170166,12.287712097167969,10.700541496276855,1.5871706008911133,1,10.287712097167969,13.287712097167969,1,1,1,0.6541832089424133,1,1,0.6008205711841583,1,1
SIHDR_074,SIHDR_074_e10.jpg,67,10,validation,8.38082218170166,12.287712097167969,10.566304206848145,1.7214078903198242,1,10.287712097167969,13.287712097167969,1,1,1,0.6187755465507507,1,1,0.6008205711841583,1,1
SIHDR_074,SIHDR_074_e11.jpg,67,11,validation,7.380821704864502,12.287712097167969,10.469710350036621,1.8180017471313477,1,10.287712097167969,13.287712097167969,1,1,1,0.5889444351196289,1,1,0.6008205711841583,0,0
SIHDR_074,SIHDR_074_e12.jpg,67,12,validation,6.321928024291992,12.287712097167969,11.268485069274902,1.0192270278930664,1,10.287712097167969,13.287712097167969,1,1,1,0.5657379031181335,1,1,0.6008205711841583,0,0
SIHDR_074,SIHDR_074_e13.jpg,67,13,validation,5.321928024291992,12.287712097167969,12.003985404968262,0.28372669219970703,1,10.287712097167969,13.287712097167969,1,1,1,0.5548523664474487,1,1,0.6008205711841583,0,0
SIHDR_074,SIHDR_074_e14.jpg,67,14,validation,4.321928024291992,12.287712097167969,12.005857467651367,0.28185462951660156,1,10.287712097167969,13.287712097167969,1,1,1,0.5520445108413696,1,1,0.6008205711841583,0,0
SIHDR_075,SIHDR_075_e00.jpg,68,0,train,17.194602966308594,9.38082218170166,10.059263229370117,0.678441047668457,1,7.380821704864502,10.287712097167969,1,1,1,0.9951024055480957,1,1,0.6008205711841583,1,1
SIHDR_075,SIHDR_075_e01.jpg,68,1,train,16.28771209716797,9.38082218170166,9.507168769836426,0.12634658813476562,1,7.380821704864502,10.287712097167969,1,1,1,0.9950959086418152,1,1,0.6008205711841583,1,1
SIHDR_075,SIHDR_075_e02.jpg,68,2,train,15.872674942016602,9.38082218170166,9.287887573242188,0.09293460845947266,1,7.380821704864502,10.287712097167969,1,1,1,0.9950374960899353,1,1,0.6008205711841583,1,1
SIHDR_075,SIHDR_075_e03.jpg,68,3,train,15.287712097167969,9.38082218170166,9.475394248962402,0.09457206726074219,1,7.380821704864502,10.287712097167969,1,1,1,0.9945530891418457,1,1,0.6008205711841583,1,1
SIHDR_075,SIHDR_075_e04.jpg,68,4,train,14.287712097167969,9.38082218170166,10.156404495239258,0.7755823135375977,1,7.380821704864502,10.287712097167969,1,1,1,0.988254189491272,1,1,0.6008205711841583,1,1
SIHDR_075,SIHDR_075_e05.jpg,68,5,train,13.287712097167969,9.38082218170166,10.358209609985352,0.9773874282836914,1,7.380821704864502,10.287712097167969,0,1,1,0.9718493223190308,1,1,0.6008205711841583,1,1
SIHDR_075,SIHDR_075_e06.jpg,68,6,train,12.287712097167969,9.38082218170166,10.3815336227417,1.000711441040039,1,7.380821704864502,10.287712097167969,0,1,1,0.9486408233642578,1,1,0.6008205711841583,1,1
SIHDR_075,SIHDR_075_e07.jpg,68,7,train,11.287712097167969,9.38082218170166,10.050816535949707,0.6699943542480469,1,7.380821704864502,10.287712097167969,1,1,1,0.9176563024520874,1,1,0.6008205711841583,1,1
SIHDR_075,SIHDR_075_e08.jpg,68,8,train,10.287712097167969,9.38082218170166,9.635466575622559,0.25464439392089844,1,7.380821704864502,10.287712097167969,1,1,1,0.8813490271568298,1,1,0.6008205711841583,1,1
SIHDR_075,SIHDR_075_e09.jpg,68,9,train,9.38082218170166,9.38082218170166,9.87947940826416,0.4986572265625,1,7.380821704864502,10.287712097167969,1,1,1,0.8311388492584229,1,1,0.6008205711841583,1,1
SIHDR_075,SIHDR_075_e10.jpg,68,10,train,8.38082218170166,9.38082218170166,9.752830505371094,0.3720083236694336,1,7.380821704864502,10.287712097167969,1,1,1,0.7774679660797119,1,1,0.6008205711841583,1,1
SIHDR_075,SIHDR_075_e11.jpg,68,11,train,7.380821704864502,9.38082218170166,9.688074111938477,0.3072519302368164,1,7.380821704864502,10.287712097167969,1,1,1,0.7186944484710693,1,1,0.6008205711841583,1,1
SIHDR_075,SIHDR_075_e12.jpg,68,12,train,6.321928024291992,9.38082218170166,9.728466987609863,0.3476448059082031,1,7.380821704864502,10.287712097167969,1,1,1,0.6445348262786865,1,1,0.6008205711841583,1,1
SIHDR_075,SIHDR_075_e13.jpg,68,13,train,5.321928024291992,9.38082218170166,10.588216781616211,1.2073945999145508,1,7.380821704864502,10.287712097167969,0,1,1,0.602294921875,1,1,0.6008205711841583,1,1
SIHDR_075,SIHDR_075_e14.jpg,68,14,train,4.321928024291992,9.38082218170166,11.383649826049805,2.0028276443481445,1,7.380821704864502,10.287712097167969,0,1,1,0.5764576196670532,1,1,0.6008205711841583,0,0
SIHDR_076,SIHDR_076_e00.jpg,69,0,train,17.194602966308594,16.28771209716797,15.22971248626709,1.057999610900879,1,15.287712097167969,17.194602966308594,0,1,1,0.940981388092041,1,1,0.6008205711841583,1,1
SIHDR_076,SIHDR_076_e01.jpg,69,1,train,16.28771209716797,16.28771209716797,15.197108268737793,1.0906038284301758,1,15.287712097167969,17.194602966308594,0,1,1,0.8817509412765503,1,1,0.6008205711841583,1,1
SIHDR_076,SIHDR_076_e02.jpg,69,2,train,15.872674942016602,16.28771209716797,15.094691276550293,1.1930208206176758,1,15.287712097167969,17.194602966308594,0,1,1,0.8562995195388794,1,1,0.6008205711841583,1,1
SIHDR_076,SIHDR_076_e03.jpg,69,3,train,15.287712097167969,16.28771209716797,14.986588478088379,1.3011236190795898,1,15.287712097167969,17.194602966308594,0,1,1,0.8250137567520142,1,1,0.6008205711841583,1,1
SIHDR_076,SIHDR_076_e04.jpg,69,4,train,14.287712097167969,16.28771209716797,14.670838356018066,1.6168737411499023,1,15.287712097167969,17.194602966308594,0,1,1,0.786236584186554,1,1,0.6008205711841583,1,1
SIHDR_076,SIHDR_076_e05.jpg,69,5,train,13.287712097167969,16.28771209716797,14.55862045288086,1.7290916442871094,1,15.287712097167969,17.194602966308594,0,1,1,0.752514123916626,1,1,0.6008205711841583,1,1
SIHDR_076,SIHDR_076_e06.jpg,69,6,train,12.287712097167969,16.28771209716797,14.821192741394043,1.4665193557739258,1,15.287712097167969,17.194602966308594,0,1,1,0.6649235486984253,1,1,0.6008205711841583,1,1
SIHDR_076,SIHDR_076_e07.jpg,69,7,train,11.287712097167969,16.28771209716797,14.139890670776367,2.1478214263916016,1,15.287712097167969,17.194602966308594,0,1,1,0.5854201912879944,1,1,0.6008205711841583,0,0
SIHDR_076,SIHDR_076_e08.jpg,69,8,train,10.287712097167969,16.28771209716797,13.977692604064941,2.3100194931030273,1,15.287712097167969,17.194602966308594,0,1,1,0.552772581577301,1,1,0.6008205711841583,0,0
SIHDR_076,SIHDR_076_e09.jpg,69,9,train,9.38082218170166,16.28771209716797,14.117695808410645,2.170016288757324,1,15.287712097167969,17.194602966308594,0,1,1,0.5328071117401123,1,1,0.6008205711841583,0,0
SIHDR_076,SIHDR_076_e10.jpg,69,10,train,8.38082218170166,16.28771209716797,13.977652549743652,2.3100595474243164,1,15.287712097167969,17.194602966308594,0,1,1,0.5315391421318054,1,1,0.6008205711841583,0,0
SIHDR_076,SIHDR_076_e11.jpg,69,11,train,7.380821704864502,16.28771209716797,14.76216983795166,1.5255422592163086,1,15.287712097167969,17.194602966308594,0,1,1,0.5178868770599365,1,1,0.6008205711841583,0,0
SIHDR_076,SIHDR_076_e12.jpg,69,12,train,6.321928024291992,16.28771209716797,14.3494234085083,1.938288688659668,1,15.287712097167969,17.194602966308594,0,1,1,0.5228261351585388,1,1,0.6008205711841583,0,0
SIHDR_076,SIHDR_076_e13.jpg,69,13,train,5.321928024291992,16.28771209716797,13.902172088623047,2.385540008544922,1,15.287712097167969,17.194602966308594,0,1,1,0.5291807055473328,1,1,0.6008205711841583,0,0
SIHDR_076,SIHDR_076_e14.jpg,69,14,train,4.321928024291992,16.28771209716797,13.42790699005127,2.859805107116699,1,15.287712097167969,17.194602966308594,0,1,1,0.5359781980514526,1,1,0.6008205711841583,0,0
SIHDR_077,SIHDR_077_e00.jpg,70,0,train,17.194602966308594,13.287712097167969,11.740331649780273,1.5473804473876953,1,11.287712097167969,15.287712097167969,1,1,1,0.9928707480430603,1,1,0.6008205711841583,1,1
SIHDR_077,SIHDR_077_e01.jpg,70,1,train,16.28771209716797,13.287712097167969,12.451741218566895,0.8359708786010742,1,11.287712097167969,15.287712097167969,1,1,1,0.9879475235939026,1,1,0.6008205711841583,1,1
SIHDR_077,SIHDR_077_e02.jpg,70,2,train,15.872674942016602,13.287712097167969,12.778592109680176,0.509119987487793,1,11.287712097167969,15.287712097167969,1,1,1,0.9850277900695801,1,1,0.6008205711841583,1,1
SIHDR_077,SIHDR_077_e03.jpg,70,3,train,15.287712097167969,13.287712097167969,13.063055992126465,0.2246561050415039,1,11.287712097167969,15.287712097167969,1,1,1,0.9810218811035156,1,1,0.6008205711841583,1,1
SIHDR_077,SIHDR_077_e04.jpg,70,4,train,14.287712097167969,13.287712097167969,13.09231948852539,0.19539260864257812,1,11.287712097167969,15.287712097167969,1,1,1,0.9750393629074097,1,1,0.6008205711841583,1,1
SIHDR_077,SIHDR_077_e05.jpg,70,5,train,13.287712097167969,13.287712097167969,12.81200885772705,0.47570323944091797,1,11.287712097167969,15.287712097167969,1,1,1,0.9665266871452332,1,1,0.6008205711841583,1,1
SIHDR_077,SIHDR_077_e06.jpg,70,6,train,12.287712097167969,13.287712097167969,13.114335060119629,0.17337703704833984,1,11.287712097167969,15.287712097167969,1,1,1,0.9257776141166687,1,1,0.6008205711841583,1,1
SIHDR_077,SIHDR_077_e07.jpg,70,7,train,11.287712097167969,13.287712097167969,12.888785362243652,0.3989267349243164,1,11.287712097167969,15.287712097167969,1,1,1,0.8036015629768372,1,1,0.6008205711841583,1,1
SIHDR_077,SIHDR_077_e08.jpg,70,8,train,10.287712097167969,13.287712097167969,12.162574768066406,1.1251373291015625,1,11.287712097167969,15.287712097167969,1,1,1,0.6839514970779419,1,1,0.6008205711841583,1,1
SIHDR_077,SIHDR_077_e09.jpg,70,9,train,9.38082218170166,13.287712097167969,11.46576976776123,1.8219423294067383,1,11.287712097167969,15.287712097167969,1,1,1,0.6322235465049744,1,1,0.6008205711841583,1,1
SIHDR_077,SIHDR_077_e10.jpg,70,10,train,8.38082218170166,13.287712097167969,10.723108291625977,2.564603805541992,1,11.287712097167969,15.287712097167969,0,1,1,0.6020727157592773,1,1,0.6008205711841583,1,1
SIHDR_077,SIHDR_077_e11.jpg,70,11,train,7.380821704864502,13.287712097167969,10.892617225646973,2.395094871520996,1,11.287712097167969,15.287712097167969,0,1,1,0.5816563367843628,1,1,0.6008205711841583,0,0
SIHDR_077,SIHDR_077_e12.jpg,70,12,train,6.321928024291992,13.287712097167969,13.792535781860352,0.5048236846923828,1,11.287712097167969,15.287712097167969,1,1,1,0.5332226157188416,1,1,0.6008205711841583,0,0
SIHDR_077,SIHDR_077_e13.jpg,70,13,train,5.321928024291992,13.287712097167969,13.636004447937012,0.34829235076904297,1,11.287712097167969,15.287712097167969,1,1,1,0.5341391563415527,1,1,0.6008205711841583,0,0
SIHDR_077,SIHDR_077_e14.jpg,70,14,train,4.321928024291992,13.287712097167969,13.294449806213379,0.006737709045410156,1,11.287712097167969,15.287712097167969,1,1,1,0.5385055541992188,1,1,0.6008205711841583,0,0
SIHDR_078,SIHDR_078_e00.jpg,71,0,train,17.194602966308594,11.287712097167969,11.504239082336426,0.21652698516845703,1,11.287712097167969,13.287712097167969,1,1,1,0.9940850734710693,1,1,0.6008205711841583,1,1
SIHDR_078,SIHDR_078_e01.jpg,71,1,train,16.28771209716797,11.287712097167969,11.42194652557373,0.13423442840576172,1,11.287712097167969,13.287712097167969,1,1,1,0.9920980930328369,1,1,0.6008205711841583,1,1
SIHDR_078,SIHDR_078_e02.jpg,71,2,train,15.872674942016602,11.287712097167969,11.306939125061035,0.019227027893066406,1,11.287712097167969,13.287712097167969,1,1,1,0.9910691976547241,1,1,0.6008205711841583,1,1
SIHDR_078,SIHDR_078_e03.jpg,71,3,train,15.287712097167969,11.287712097167969,11.415497779846191,0.12778568267822266,1,11.287712097167969,13.287712097167969,1,1,1,0.9892870187759399,1,1,0.6008205711841583,1,1
SIHDR_078,SIHDR_078_e04.jpg,71,4,train,14.287712097167969,11.287712097167969,11.469658851623535,0.1819467544555664,1,11.287712097167969,13.287712097167969,1,1,1,0.9843471050262451,1,1,0.6008205711841583,1,1
SIHDR_078,SIHDR_078_e05.jpg,71,5,train,13.287712097167969,11.287712097167969,11.992043495178223,0.7043313980102539,1,11.287712097167969,13.287712097167969,1,1,1,0.9755723476409912,1,1,0.6008205711841583,1,1
SIHDR_078,SIHDR_078_e06.jpg,71,6,train,12.287712097167969,11.287712097167969,11.9671630859375,0.6794509887695312,1,11.287712097167969,13.287712097167969,1,1,1,0.944494366645813,1,1,0.6008205711841583,1,1
SIHDR_078,SIHDR_078_e07.jpg,71,7,train,11.287712097167969,11.287712097167969,11.810797691345215,0.5230855941772461,1,11.287712097167969,13.287712097167969,1,1,1,0.8406473398208618,1,1,0.6008205711841583,1,1
SIHDR_078,SIHDR_078_e08.jpg,71,8,train,10.287712097167969,11.287712097167969,11.702128410339355,0.4144163131713867,1,11.287712097167969,13.287712097167969,1,1,1,0.7164776921272278,1,1,0.6008205711841583,1,1
SIHDR_078,SIHDR_078_e09.jpg,71,9,train,9.38082218170166,11.287712097167969,11.447059631347656,0.1593475341796875,1,11.287712097167969,13.287712097167969,1,1,1,0.6418462991714478,1,1,0.6008205711841583,1,1
SIHDR_078,SIHDR_078_e10.jpg,71,10,train,8.38082218170166,11.287712097167969,10.739069938659668,0.5486421585083008,1,11.287712097167969,13.287712097167969,0,1,1,0.6084932088851929,1,1,0.6008205711841583,1,1
SIHDR_078,SIHDR_078_e11.jpg,71,11,train,7.380821704864502,11.287712097167969,11.747405052185059,0.45969295501708984,1,11.287712097167969,13.287712097167969,1,1,1,0.5714212656021118,1,1,0.6008205711841583,0,0
SIHDR_078,SIHDR_078_e12.jpg,71,12,train,6.321928024291992,11.287712097167969,13.813551902770996,2.5258398056030273,1,11.287712097167969,13.287712097167969,0,1,1,0.5349106788635254,1,1,0.6008205711841583,0,0
SIHDR_078,SIHDR_078_e13.jpg,71,13,train,5.321928024291992,11.287712097167969,13.635741233825684,2.348029136657715,1,11.287712097167969,13.287712097167969,0,1,1,0.5351760983467102,1,1,0.6008205711841583,0,0
SIHDR_078,SIHDR_078_e14.jpg,71,14,train,4.321928024291992,11.287712097167969,13.294792175292969,2.007080078125,1,11.287712097167969,13.287712097167969,0,1,1,0.5389507412910461,1,1,0.6008205711841583,0,0
SIHDR_079,SIHDR_079_e00.jpg,72,0,validation,17.194602966308594,10.287712097167969,10.823423385620117,0.5357112884521484,1,10.287712097167969,12.287712097167969,1,1,1,0.9941913485527039,1,1,0.6008205711841583,1,1
SIHDR_079,SIHDR_079_e01.jpg,72,1,validation,16.28771209716797,10.287712097167969,11.733973503112793,1.4462614059448242,1,10.287712097167969,12.287712097167969,1,1,1,0.9898003935813904,1,1,0.6008205711841583,1,1
SIHDR_079,SIHDR_079_e02.jpg,72,2,validation,15.872674942016602,10.287712097167969,11.905942916870117,1.6182308197021484,1,10.287712097167969,12.287712097167969,1,1,1,0.9857111573219299,1,1,0.6008205711841583,1,1
SIHDR_079,SIHDR_079_e03.jpg,72,3,validation,15.287712097167969,10.287712097167969,12.200491905212402,1.9127798080444336,1,10.287712097167969,12.287712097167969,1,1,1,0.9788393378257751,1,1,0.6008205711841583,1,1
SIHDR_079,SIHDR_079_e04.jpg,72,4,validation,14.287712097167969,10.287712097167969,12.747267723083496,2.4595556259155273,1,10.287712097167969,12.287712097167969,0,1,1,0.9651464223861694,1,1,0.6008205711841583,1,1
SIHDR_079,SIHDR_079_e05.jpg,72,5,validation,13.287712097167969,10.287712097167969,12.568317413330078,2.2806053161621094,1,10.287712097167969,12.287712097167969,0,1,1,0.9546861052513123,1,1,0.6008205711841583,1,1
SIHDR_079,SIHDR_079_e06.jpg,72,6,validation,12.287712097167969,10.287712097167969,12.184396743774414,1.8966846466064453,1,10.287712097167969,12.287712097167969,1,1,1,0.9487940669059753,1,1,0.6008205711841583,1,1
SIHDR_079,SIHDR_079_e07.jpg,72,7,validation,11.287712097167969,10.287712097167969,12.665802955627441,2.3780908584594727,1,10.287712097167969,12.287712097167969,0,1,1,0.9352462291717529,1,1,0.6008205711841583,1,1
SIHDR_079,SIHDR_079_e08.jpg,72,8,validation,10.287712097167969,10.287712097167969,12.574381828308105,2.2866697311401367,1,10.287712097167969,12.287712097167969,0,1,1,0.8413069844245911,1,1,0.6008205711841583,1,1
SIHDR_079,SIHDR_079_e09.jpg,72,9,validation,9.38082218170166,10.287712097167969,11.7632474899292,1.4755353927612305,1,10.287712097167969,12.287712097167969,1,1,1,0.7202021479606628,1,1,0.6008205711841583,1,1
SIHDR_079,SIHDR_079_e10.jpg,72,10,validation,8.38082218170166,10.287712097167969,11.079577445983887,0.791865348815918,1,10.287712097167969,12.287712097167969,1,1,1,0.6568461656570435,1,1,0.6008205711841583,1,1
SIHDR_079,SIHDR_079_e11.jpg,72,11,validation,7.380821704864502,10.287712097167969,10.327973365783691,0.040261268615722656,1,10.287712097167969,12.287712097167969,1,1,1,0.6057778596878052,1,1,0.6008205711841583,1,1
SIHDR_079,SIHDR_079_e12.jpg,72,12,validation,6.321928024291992,10.287712097167969,9.738194465637207,0.5495176315307617,1,10.287712097167969,12.287712097167969,0,1,1,0.6030344367027283,1,1,0.6008205711841583,1,1
SIHDR_079,SIHDR_079_e13.jpg,72,13,validation,5.321928024291992,10.287712097167969,13.3087739944458,3.021061897277832,1,10.287712097167969,12.287712097167969,0,1,1,0.543140172958374,1,1,0.6008205711841583,0,0
SIHDR_079,SIHDR_079_e14.jpg,72,14,validation,4.321928024291992,10.287712097167969,13.137223243713379,2.84951114654541,1,10.287712097167969,12.287712097167969,0,1,1,0.5429696440696716,1,1,0.6008205711841583,0,0
SIHDR_080,SIHDR_080_e00.jpg,73,0,validation,17.194602966308594,10.287712097167969,10.059263229370117,0.22844886779785156,1,9.38082218170166,12.287712097167969,1,1,1,0.9951024055480957,1,1,0.6008205711841583,1,1
SIHDR_080,SIHDR_080_e01.jpg,73,1,validation,16.28771209716797,10.287712097167969,9.38224983215332,0.9054622650146484,1,9.38082218170166,12.287712097167969,1,1,1,0.9952254295349121,1,1,0.6008205711841583,1,1
SIHDR_080,SIHDR_080_e02.jpg,73,2,validation,15.872674942016602,10.287712097167969,9.38020133972168,0.9075107574462891,1,9.38082218170166,12.287712097167969,0,1,1,0.9950754046440125,1,1,0.6008205711841583,1,1
SIHDR_080,SIHDR_080_e03.jpg,73,3,validation,15.287712097167969,10.287712097167969,9.845057487487793,0.4426546096801758,1,9.38082218170166,12.287712097167969,1,1,1,0.993954598903656,1,1,0.6008205711841583,1,1
SIHDR_080,SIHDR_080_e04.jpg,73,4,validation,14.287712097167969,10.287712097167969,10.852482795715332,0.5647706985473633,1,9.38082218170166,12.287712097167969,1,1,1,0.9883368611335754,1,1,0.6008205711841583,1,1
SIHDR_080,SIHDR_080_e05.jpg,73,5,validation,13.287712097167969,10.287712097167969,11.233882904052734,0.9461708068847656,1,9.38082218170166,12.287712097167969,1,1,1,0.9773204326629639,1,1,0.6008205711841583,1,1
SIHDR_080,SIHDR_080_e06.jpg,73,6,validation,12.287712097167969,10.287712097167969,11.020279884338379,0.7325677871704102,1,9.38082218170166,12.287712097167969,1,1,1,0.9670242071151733,1,1,0.6008205711841583,1,1
SIHDR_080,SIHDR_080_e07.jpg,73,7,validation,11.287712097167969,10.287712097167969,10.243990898132324,0.04372119903564453,1,9.38082218170166,12.287712097167969,1,1,1,0.963326096534729,1,1,0.6008205711841583,1,1
SIHDR_080,SIHDR_080_e08.jpg,73,8,validation,10.287712097167969,10.287712097167969,10.92541790008545,0.6377058029174805,1,9.38082218170166,12.287712097167969,1,1,1,0.9399895668029785,1,1,0.6008205711841583,1,1
SIHDR_080,SIHDR_080_e09.jpg,73,9,validation,9.38082218170166,10.287712097167969,11.517473220825195,1.2297611236572266,1,9.38082218170166,12.287712097167969,1,1,1,0.8374971747398376,1,1,0.6008205711841583,1,1
SIHDR_080,SIHDR_080_e10.jpg,73,10,validation,8.38082218170166,10.287712097167969,11.038647651672363,0.7509355545043945,1,9.38082218170166,12.287712097167969,1,1,1,0.7270581722259521,1,1,0.6008205711841583,1,1
SIHDR_080,SIHDR_080_e11.jpg,73,11,validation,7.380821704864502,10.287712097167969,10.35269832611084,0.0649862289428711,1,9.38082218170166,12.287712097167969,1,1,1,0.6467602849006653,1,1,0.6008205711841583,1,1
SIHDR_080,SIHDR_080_e12.jpg,73,12,validation,6.321928024291992,10.287712097167969,9.135154724121094,1.152557373046875,1,9.38082218170166,12.287712097167969,0,1,1,0.6291632056236267,1,1,0.6008205711841583,1,1
SIHDR_080,SIHDR_080_e13.jpg,73,13,validation,5.321928024291992,10.287712097167969,11.157095909118652,0.8693838119506836,1,9.38082218170166,12.287712097167969,1,1,1,0.5795589685440063,1,1,0.6008205711841583,0,0
SIHDR_080,SIHDR_080_e14.jpg,73,14,validation,4.321928024291992,10.287712097167969,12.691507339477539,2.4037952423095703,1,9.38082218170166,12.287712097167969,0,1,1,0.5526090860366821,1,1,0.6008205711841583,0,0
SIHDR_081,SIHDR_081_e00.jpg,74,0,train,17.194602966308594,10.287712097167969,10.297815322875977,0.010103225708007812,1,9.38082218170166,10.287712097167969,0,1,1,0.9950645565986633,1,1,0.6008205711841583,1,1
SIHDR_081,SIHDR_081_e01.jpg,74,1,train,16.28771209716797,10.287712097167969,10.690799713134766,0.4030876159667969,1,9.38082218170166,10.287712097167969,0,1,1,0.9943323135375977,1,1,0.6008205711841583,1,1
SIHDR_081,SIHDR_081_e02.jpg,74,2,train,15.872674942016602,10.287712097167969,10.906830787658691,0.6191186904907227,1,9.38082218170166,10.287712097167969,0,1,1,0.9938312768936157,1,1,0.6008205711841583,1,1
SIHDR_081,SIHDR_081_e03.jpg,74,3,train,15.287712097167969,10.287712097167969,10.95462703704834,0.6669149398803711,1,9.38082218170166,10.287712097167969,0,1,1,0.9931081533432007,1,1,0.6008205711841583,1,1
SIHDR_081,SIHDR_081_e04.jpg,74,4,train,14.287712097167969,10.287712097167969,10.637669563293457,0.3499574661254883,1,9.38082218170166,10.287712097167969,0,1,1,0.991456925868988,1,1,0.6008205711841583,1,1
SIHDR_081,SIHDR_081_e05.jpg,74,5,train,13.287712097167969,10.287712097167969,10.270435333251953,0.017276763916015625,1,9.38082218170166,10.287712097167969,1,1,1,0.9893457293510437,1,1,0.6008205711841583,1,1
SIHDR_081,SIHDR_081_e06.jpg,74,6,train,12.287712097167969,10.287712097167969,9.714749336242676,0.572962760925293,1,9.38082218170166,10.287712097167969,1,1,1,0.9877250790596008,1,1,0.6008205711841583,1,1
SIHDR_081,SIHDR_081_e07.jpg,74,7,train,11.287712097167969,10.287712097167969,9.408536911010742,0.8791751861572266,1,9.38082218170166,10.287712097167969,1,1,1,0.9854013323783875,1,1,0.6008205711841583,1,1
SIHDR_081,SIHDR_081_e08.jpg,74,8,train,10.287712097167969,10.287712097167969,9.897187232971191,0.39052486419677734,1,9.38082218170166,10.287712097167969,1,1,1,0.969792366027832,1,1,0.6008205711841583,1,1
SIHDR_081,SIHDR_081_e09.jpg,74,9,train,9.38082218170166,10.287712097167969,9.88698673248291,0.4007253646850586,1,9.38082218170166,10.287712097167969,1,1,1,0.8896926641464233,1,1,0.6008205711841583,1,1
SIHDR_081,SIHDR_081_e10.jpg,74,10,train,8.38082218170166,10.287712097167969,9.708765983581543,0.5789461135864258,1,9.38082218170166,10.287712097167969,1,1,1,0.7764313817024231,1,1,0.6008205711841583,1,1
SIHDR_081,SIHDR_081_e11.jpg,74,11,train,7.380821704864502,10.287712097167969,9.427863121032715,0.8598489761352539,1,9.38082218170166,10.287712097167969,1,1,1,0.6711984872817993,1,1,0.6008205711841583,1,1
SIHDR_081,SIHDR_081_e12.jpg,74,12,train,6.321928024291992,10.287712097167969,8.40710735321045,1.8806047439575195,1,9.38082218170166,10.287712097167969,0,1,1,0.6564849615097046,1,1,0.6008205711841583,1,1
SIHDR_081,SIHDR_081_e13.jpg,74,13,train,5.321928024291992,10.287712097167969,11.992667198181152,1.7049551010131836,1,9.38082218170166,10.287712097167969,0,1,1,0.5721830725669861,1,1,0.6008205711841583,0,0
SIHDR_081,SIHDR_081_e14.jpg,74,14,train,4.321928024291992,10.287712097167969,12.743631362915039,2.4559192657470703,1,9.38082218170166,10.287712097167969,0,1,1,0.5539310574531555,1,1,0.6008205711841583,0,0
SIHDR_082,SIHDR_082_e00.jpg,75,0,test,17.194602966308594,12.287712097167969,11.306571006774902,0.9811410903930664,1,9.38082218170166,13.287712097167969,1,1,1,0.99405437707901,1,1,0.6008205711841583,1,1
SIHDR_082,SIHDR_082_e01.jpg,75,1,test,16.28771209716797,12.287712097167969,11.479043006896973,0.8086690902709961,1,9.38082218170166,13.287712097167969,1,1,1,0.9928977489471436,1,1,0.6008205711841583,1,1
SIHDR_082,SIHDR_082_e02.jpg,75,2,test,15.872674942016602,12.287712097167969,11.725127220153809,0.5625848770141602,1,9.38082218170166,13.287712097167969,1,1,1,0.9915830492973328,1,1,0.6008205711841583,1,1
SIHDR_082,SIHDR_082_e03.jpg,75,3,test,15.287712097167969,12.287712097167969,12.173638343811035,0.1140737533569336,1,9.38082218170166,13.287712097167969,1,1,1,0.9874381422996521,1,1,0.6008205711841583,1,1
SIHDR_082,SIHDR_082_e04.jpg,75,4,test,14.287712097167969,12.287712097167969,12.91100025177002,0.6232881546020508,1,9.38082218170166,13.287712097167969,1,1,1,0.9620010852813721,1,1,0.6008205711841583,1,1
SIHDR_082,SIHDR_082_e05.jpg,75,5,test,13.287712097167969,12.287712097167969,13.02074146270752,0.7330293655395508,1,9.38082218170166,13.287712097167969,1,1,1,0.9207360744476318,1,1,0.6008205711841583,1,1
SIHDR_082,SIHDR_082_e06.jpg,75,6,test,12.287712097167969,12.287712097167969,12.712023735046387,0.42431163787841797,1,9.38082218170166,13.287712097167969,1,1,1,0.8824068903923035,1,1,0.6008205711841583,1,1
SIHDR_082,SIHDR_082_e07.jpg,75,7,test,11.287712097167969,12.287712097167969,12.407633781433105,0.11992168426513672,1,9.38082218170166,13.287712097167969,1,1,1,0.8572293519973755,1,1,0.6008205711841583,1,1
SIHDR_082,SIHDR_082_e08.jpg,75,8,test,10.287712097167969,12.287712097167969,12.715185165405273,0.4274730682373047,1,9.38082218170166,13.287712097167969,1,1,1,0.8287737369537354,1,1,0.6008205711841583,1,1
SIHDR_082,SIHDR_082_e09.jpg,75,9,test,9.38082218170166,12.287712097167969,12.628586769104004,0.34087467193603516,1,9.38082218170166,13.287712097167969,1,1,1,0.7480644583702087,1,1,0.6008205711841583,1,1
SIHDR_082,SIHDR_082_e10.jpg,75,10,test,8.38082218170166,12.287712097167969,11.738547325134277,0.5491647720336914,1,9.38082218170166,13.287712097167969,1,1,1,0.651888370513916,1,1,0.6008205711841583,1,1
SIHDR_082,SIHDR_082_e11.jpg,75,11,test,7.380821704864502,12.287712097167969,11.239336013793945,1.0483760833740234,1,9.38082218170166,13.287712097167969,1,1,1,0.6091671586036682,1,1,0.6008205711841583,1,1
SIHDR_082,SIHDR_082_e12.jpg,75,12,test,6.321928024291992,12.287712097167969,11.58223819732666,0.7054738998413086,1,9.38082218170166,13.287712097167969,1,1,1,0.5712144374847412,1,1,0.6008205711841583,0,0
SIHDR_082,SIHDR_082_e13.jpg,75,13,test,5.321928024291992,12.287712097167969,11.25148868560791,1.0362234115600586,1,9.38082218170166,13.287712097167969,1,1,1,0.5760867595672607,1,1,0.6008205711841583,0,0
SIHDR_082,SIHDR_082_e14.jpg,75,14,test,4.321928024291992,12.287712097167969,13.126009941101074,0.8382978439331055,1,9.38082218170166,13.287712097167969,1,1,1,0.5446397066116333,1,1,0.6008205711841583,0,0
SIHDR_083,SIHDR_083_e00.jpg,76,0,train,17.194602966308594,8.38082218170166,10.060500144958496,1.679677963256836,1,8.38082218170166,11.287712097167969,1,1,1,0.995101809501648,1,1,0.6008205711841583,1,1
SIHDR_083,SIHDR_083_e01.jpg,76,1,train,16.28771209716797,8.38082218170166,9.653409004211426,1.2725868225097656,1,8.38082218170166,11.287712097167969,1,1,1,0.9945986270904541,1,1,0.6008205711841583,1,1
SIHDR_083,SIHDR_083_e02.jpg,76,2,train,15.872674942016602,8.38082218170166,9.584270477294922,1.2034482955932617,1,8.38082218170166,11.287712097167969,1,1,1,0.9932805895805359,1,1,0.6008205711841583,1,1
SIHDR_083,SIHDR_083_e03.jpg,76,3,train,15.287712097167969,8.38082218170166,9.210352897644043,0.8295307159423828,1,8.38082218170166,11.287712097167969,1,1,1,0.9898869395256042,1,1,0.6008205711841583,1,1
SIHDR_083,SIHDR_083_e04.jpg,76,4,train,14.287712097167969,8.38082218170166,9.78724193572998,1.4064197540283203,1,8.38082218170166,11.287712097167969,1,1,1,0.9761587977409363,1,1,0.6008205711841583,1,1
SIHDR_083,SIHDR_083_e05.jpg,76,5,train,13.287712097167969,8.38082218170166,10.41260814666748,2.0317859649658203,1,8.38082218170166,11.287712097167969,1,1,1,0.9449499249458313,1,1,0.6008205711841583,1,1
SIHDR_083,SIHDR_083_e06.jpg,76,6,train,12.287712097167969,8.38082218170166,9.940816879272461,1.5599946975708008,1,8.38082218170166,11.287712097167969,1,1,1,0.8924142122268677,1,1,0.6008205711841583,1,1
SIHDR_083,SIHDR_083_e07.jpg,76,7,train,11.287712097167969,8.38082218170166,9.60555362701416,1.2247314453125,1,8.38082218170166,11.287712097167969,1,1,1,0.8259994983673096,1,1,0.6008205711841583,1,1
SIHDR_083,SIHDR_083_e08.jpg,76,8,train,10.287712097167969,8.38082218170166,9.453959465026855,1.0731372833251953,1,8.38082218170166,11.287712097167969,1,1,1,0.773372232913971,1,1,0.6008205711841583,1,1
SIHDR_083,SIHDR_083_e09.jpg,76,9,train,9.38082218170166,8.38082218170166,9.557315826416016,1.1764936447143555,1,8.38082218170166,11.287712097167969,1,1,1,0.7342705726623535,1,1,0.6008205711841583,1,1
SIHDR_083,SIHDR_083_e10.jpg,76,10,train,8.38082218170166,8.38082218170166,10.436272621154785,2.055450439453125,1,8.38082218170166,11.287712097167969,1,1,1,0.6592455506324768,1,1,0.6008205711841583,1,1
SIHDR_083,SIHDR_083_e11.jpg,76,11,train,7.380821704864502,8.38082218170166,10.539608001708984,2.158785820007324,1,8.38082218170166,11.287712097167969,1,1,1,0.5998806357383728,1,1,0.6008205711841583,0,0
SIHDR_083,SIHDR_083_e12.jpg,76,12,train,6.321928024291992,8.38082218170166,10.677133560180664,2.296311378479004,1,8.38082218170166,11.287712097167969,1,1,1,0.5829154253005981,1,1,0.6008205711841583,0,0
SIHDR_083,SIHDR_083_e13.jpg,76,13,train,5.321928024291992,8.38082218170166,11.206040382385254,2.8252182006835938,1,8.38082218170166,11.287712097167969,1,1,1,0.568800151348114,1,1,0.6008205711841583,0,0
SIHDR_083,SIHDR_083_e14.jpg,76,14,train,4.321928024291992,8.38082218170166,11.387120246887207,3.006298065185547,1,8.38082218170166,11.287712097167969,0,1,1,0.5687018632888794,1,1,0.6008205711841583,0,0
SIHDR_084,SIHDR_084_e00.jpg,77,0,test,17.194602966308594,9.38082218170166,10.285237312316895,0.9044151306152344,1,8.38082218170166,12.287712097167969,1,1,1,0.9949435591697693,1,1,0.6008205711841583,1,1
SIHDR_084,SIHDR_084_e01.jpg,77,1,test,16.28771209716797,9.38082218170166,10.814681053161621,1.433858871459961,1,8.38082218170166,12.287712097167969,1,1,1,0.9941341280937195,1,1,0.6008205711841583,1,1
SIHDR_084,SIHDR_084_e02.jpg,77,2,test,15.872674942016602,9.38082218170166,11.228299140930176,1.8474769592285156,1,8.38082218170166,12.287712097167969,1,1,1,0.993126392364502,1,1,0.6008205711841583,1,1
SIHDR_084,SIHDR_084_e03.jpg,77,3,test,15.287712097167969,9.38082218170166,11.521259307861328,2.140437126159668,1,8.38082218170166,12.287712097167969,1,1,1,0.9910558462142944,1,1,0.6008205711841583,1,1
SIHDR_084,SIHDR_084_e04.jpg,77,4,test,14.287712097167969,9.38082218170166,11.593609809875488,2.212787628173828,1,8.38082218170166,12.287712097167969,1,1,1,0.9862844944000244,1,1,0.6008205711841583,1,1
SIHDR_084,SIHDR_084_e05.jpg,77,5,test,13.287712097167969,9.38082218170166,11.92375373840332,2.54293155670166,1,8.38082218170166,12.287712097167969,1,1,1,0.9759440422058105,1,1,0.6008205711841583,1,1
SIHDR_084,SIHDR_084_e06.jpg,77,6,test,12.287712097167969,9.38082218170166,11.574472427368164,2.193650245666504,1,8.38082218170166,12.287712097167969,1,1,1,0.9659414291381836,1,1,0.6008205711841583,1,1
SIHDR_084,SIHDR_084_e07.jpg,77,7,test,11.287712097167969,9.38082218170166,11.508631706237793,2.127809524536133,1,8.38082218170166,12.287712097167969,1,1,1,0.9565118551254272,1,1,0.6008205711841583,1,1
SIHDR_084,SIHDR_084_e08.jpg,77,8,test,10.287712097167969,9.38082218170166,11.485112190246582,2.104290008544922,1,8.38082218170166,12.287712097167969,1,1,1,0.948562502861023,1,1,0.6008205711841583,1,1
SIHDR_084,SIHDR_084_e09.jpg,77,9,test,9.38082218170166,9.38082218170166,11.251677513122559,1.8708553314208984,1,8.38082218170166,12.287712097167969,1,1,1,0.9336212277412415,1,1,0.6008205711841583,1,1
SIHDR_084,SIHDR_084_e10.jpg,77,10,test,8.38082218170166,9.38082218170166,10.932538032531738,1.5517158508300781,1,8.38082218170166,12.287712097167969,1,1,1,0.8459588289260864,1,1,0.6008205711841583,1,1
SIHDR_084,SIHDR_084_e11.jpg,77,11,test,7.380821704864502,9.38082218170166,10.37882137298584,0.9979991912841797,1,8.38082218170166,12.287712097167969,1,1,1,0.7240228652954102,1,1,0.6008205711841583,1,1
SIHDR_084,SIHDR_084_e12.jpg,77,12,test,6.321928024291992,9.38082218170166,9.871066093444824,0.49024391174316406,1,8.38082218170166,12.287712097167969,1,1,1,0.6466237902641296,1,1,0.6008205711841583,1,1
SIHDR_084,SIHDR_084_e13.jpg,77,13,test,5.321928024291992,9.38082218170166,9.566132545471191,0.18531036376953125,1,8.38082218170166,12.287712097167969,1,1,1,0.6142560243606567,1,1,0.6008205711841583,1,1
SIHDR_084,SIHDR_084_e14.jpg,77,14,test,4.321928024291992,9.38082218170166,10.914512634277344,1.5336904525756836,1,8.38082218170166,12.287712097167969,1,1,1,0.5874621272087097,1,1,0.6008205711841583,0,0
SIHDR_085,SIHDR_085_e00.jpg,78,0,train,17.194602966308594,11.287712097167969,10.26179027557373,1.0259218215942383,1,8.38082218170166,13.287712097167969,1,1,1,0.995000422000885,1,1,0.6008205711841583,1,1
SIHDR_085,SIHDR_085_e01.jpg,78,1,train,16.28771209716797,11.287712097167969,10.776043891906738,0.5116682052612305,1,8.38082218170166,13.287712097167969,1,1,1,0.9940690994262695,1,1,0.6008205711841583,1,1
SIHDR_085,SIHDR_085_e02.jpg,78,2,train,15.872674942016602,11.287712097167969,11.178656578063965,0.1090555191040039,1,8.38082218170166,13.287712097167969,1,1,1,0.9929209351539612,1,1,0.6008205711841583,1,1
SIHDR_085,SIHDR_085_e03.jpg,78,3,train,15.287712097167969,11.287712097167969,11.5272855758667,0.23957347869873047,1,8.38082218170166,13.287712097167969,1,1,1,0.9904417991638184,1,1,0.6008205711841583,1,1
SIHDR_085,SIHDR_085_e04.jpg,78,4,train,14.287712097167969,11.287712097167969,11.723130226135254,0.43541812896728516,1,8.38082218170166,13.287712097167969,1,1,1,0.9840297698974609,1,1,0.6008205711841583,1,1
SIHDR_085,SIHDR_085_e05.jpg,78,5,train,13.287712097167969,11.287712097167969,11.793266296386719,0.50555419921875,1,8.38082218170166,13.287712097167969,1,1,1,0.9699604511260986,1,1,0.6008205711841583,1,1
SIHDR_085,SIHDR_085_e06.jpg,78,6,train,12.287712097167969,11.287712097167969,11.36774730682373,0.08003520965576172,1,8.38082218170166,13.287712097167969,1,1,1,0.9467658996582031,1,1,0.6008205711841583,1,1
SIHDR_085,SIHDR_085_e07.jpg,78,7,train,11.287712097167969,11.287712097167969,11.13149356842041,0.1562185287475586,1,8.38082218170166,13.287712097167969,1,1,1,0.9273284077644348,1,1,0.6008205711841583,1,1
SIHDR_085,SIHDR_085_e08.jpg,78,8,train,10.287712097167969,11.287712097167969,10.988443374633789,0.2992687225341797,1,8.38082218170166,13.287712097167969,1,1,1,0.913411557674408,1,1,0.6008205711841583,1,1
SIHDR_085,SIHDR_085_e09.jpg,78,9,train,9.38082218170166,11.287712097167969,10.718928337097168,0.5687837600708008,1,8.38082218170166,13.287712097167969,1,1,1,0.9045255780220032,1,1,0.6008205711841583,1,1
SIHDR_085,SIHDR_085_e10.jpg,78,10,train,8.38082218170166,11.287712097167969,10.600412368774414,0.6872997283935547,1,8.38082218170166,13.287712097167969,1,1,1,0.8546658754348755,1,1,0.6008205711841583,1,1
SIHDR_085,SIHDR_085_e11.jpg,78,11,train,7.380821704864502,11.287712097167969,10.025116920471191,1.2625951766967773,1,8.38082218170166,13.287712097167969,1,1,1,0.7381185293197632,1,1,0.6008205711841583,1,1
SIHDR_085,SIHDR_085_e12.jpg,78,12,train,6.321928024291992,11.287712097167969,9.612205505371094,1.675506591796875,1,8.38082218170166,13.287712097167969,1,1,1,0.6608742475509644,1,1,0.6008205711841583,1,1
SIHDR_085,SIHDR_085_e13.jpg,78,13,train,5.321928024291992,11.287712097167969,9.646720886230469,1.6409912109375,1,8.38082218170166,13.287712097167969,1,1,1,0.6071245074272156,1,1,0.6008205711841583,1,1
SIHDR_085,SIHDR_085_e14.jpg,78,14,train,4.321928024291992,11.287712097167969,9.423890113830566,1.8638219833374023,1,8.38082218170166,13.287712097167969,1,1,1,0.6058422327041626,1,1,0.6008205711841583,1,1
SIHDR_086,SIHDR_086_e00.jpg,79,0,test,17.194602966308594,9.38082218170166,10.093809127807617,0.712986946105957,1,8.38082218170166,11.287712097167969,1,1,1,0.9950719475746155,1,1,0.6008205711841583,1,1
SIHDR_086,SIHDR_086_e01.jpg,79,1,test,16.28771209716797,9.38082218170166,10.289755821228027,0.9089336395263672,1,8.38082218170166,11.287712097167969,1,1,1,0.9945695996284485,1,1,0.6008205711841583,1,1
SIHDR_086,SIHDR_086_e02.jpg,79,2,test,15.872674942016602,9.38082218170166,10.51707649230957,1.1362543106079102,1,8.38082218170166,11.287712097167969,1,1,1,0.9941273927688599,1,1,0.6008205711841583,1,1
SIHDR_086,SIHDR_086_e03.jpg,79,3,test,15.287712097167969,9.38082218170166,10.824288368225098,1.4434661865234375,1,8.38082218170166,11.287712097167969,1,1,1,0.992608368396759,1,1,0.6008205711841583,1,1
SIHDR_086,SIHDR_086_e04.jpg,79,4,test,14.287712097167969,9.38082218170166,11.316864967346191,1.9360427856445312,1,8.38082218170166,11.287712097167969,0,1,1,0.987106204032898,1,1,0.6008205711841583,1,1
SIHDR_086,SIHDR_086_e05.jpg,79,5,test,13.287712097167969,9.38082218170166,11.665311813354492,2.284489631652832,1,8.38082218170166,11.287712097167969,0,1,1,0.9758256077766418,1,1,0.6008205711841583,1,1
SIHDR_086,SIHDR_086_e06.jpg,79,6,test,12.287712097167969,9.38082218170166,11.379403114318848,1.9985809326171875,1,8.38082218170166,11.287712097167969,0,1,1,0.9632322788238525,1,1,0.6008205711841583,1,1
SIHDR_086,SIHDR_086_e07.jpg,79,7,test,11.287712097167969,9.38082218170166,11.267192840576172,1.8863706588745117,1,8.38082218170166,11.287712097167969,1,1,1,0.9513494968414307,1,1,0.6008205711841583,1,1
SIHDR_086,SIHDR_086_e08.jpg,79,8,test,10.287712097167969,9.38082218170166,10.987143516540527,1.6063213348388672,1,8.38082218170166,11.287712097167969,1,1,1,0.9165033102035522,1,1,0.6008205711841583,1,1
SIHDR_086,SIHDR_086_e09.jpg,79,9,test,9.38082218170166,9.38082218170166,10.070181846618652,0.6893596649169922,1,8.38082218170166,11.287712097167969,1,1,1,0.849032461643219,1,1,0.6008205711841583,1,1
SIHDR_086,SIHDR_086_e10.jpg,79,10,test,8.38082218170166,9.38082218170166,10.123600959777832,0.7427787780761719,1,8.38082218170166,11.287712097167969,1,1,1,0.7467077970504761,1,1,0.6008205711841583,1,1
SIHDR_086,SIHDR_086_e11.jpg,79,11,test,7.380821704864502,9.38082218170166,9.844830513000488,0.4640083312988281,1,8.38082218170166,11.287712097167969,1,1,1,0.6636232733726501,1,1,0.6008205711841583,1,1
SIHDR_086,SIHDR_086_e12.jpg,79,12,test,6.321928024291992,9.38082218170166,9.301000595092773,0.07982158660888672,1,8.38082218170166,11.287712097167969,1,1,1,0.6247393488883972,1,1,0.6008205711841583,1,1
SIHDR_086,SIHDR_086_e13.jpg,79,13,test,5.321928024291992,9.38082218170166,9.871868133544922,0.4910459518432617,1,8.38082218170166,11.287712097167969,1,1,1,0.5938411951065063,1,1,0.6008205711841583,0,0
SIHDR_086,SIHDR_086_e14.jpg,79,14,test,4.321928024291992,9.38082218170166,11.609910011291504,2.2290878295898438,1,8.38082218170166,11.287712097167969,0,1,1,0.5670777559280396,1,1,0.6008205711841583,0,0
SIHDR_087,SIHDR_087_e00.jpg,80,0,train,17.194602966308594,10.287712097167969,10.167317390441895,0.12039470672607422,1,8.38082218170166,12.287712097167969,1,1,1,0.9950957298278809,1,1,0.6008205711841583,1,1
SIHDR_087,SIHDR_087_e01.jpg,80,1,train,16.28771209716797,10.287712097167969,9.933659553527832,0.3540525436401367,1,8.38082218170166,12.287712097167969,1,1,1,0.9949772953987122,1,1,0.6008205711841583,1,1
SIHDR_087,SIHDR_087_e02.jpg,80,2,train,15.872674942016602,10.287712097167969,9.938372611999512,0.34933948516845703,1,8.38082218170166,12.287712097167969,1,1,1,0.9946883916854858,1,1,0.6008205711841583,1,1
SIHDR_087,SIHDR_087_e03.jpg,80,3,train,15.287712097167969,10.287712097167969,9.960872650146484,0.3268394470214844,1,8.38082218170166,12.287712097167969,1,1,1,0.993821382522583,1,1,0.6008205711841583,1,1
SIHDR_087,SIHDR_087_e04.jpg,80,4,train,14.287712097167969,10.287712097167969,10.294058799743652,0.006346702575683594,1,8.38082218170166,12.287712097167969,1,1,1,0.9902745485305786,1,1,0.6008205711841583,1,1
SIHDR_087,SIHDR_087_e05.jpg,80,5,train,13.287712097167969,10.287712097167969,10.428397178649902,0.1406850814819336,1,8.38082218170166,12.287712097167969,1,1,1,0.983653724193573,1,1,0.6008205711841583,1,1
SIHDR_087,SIHDR_087_e06.jpg,80,6,train,12.287712097167969,10.287712097167969,10.457242012023926,0.16952991485595703,1,8.38082218170166,12.287712097167969,1,1,1,0.9751190543174744,1,1,0.6008205711841583,1,1
SIHDR_087,SIHDR_087_e07.jpg,80,7,train,11.287712097167969,10.287712097167969,10.234408378601074,0.05330371856689453,1,8.38082218170166,12.287712097167969,1,1,1,0.9651588797569275,1,1,0.6008205711841583,1,1
SIHDR_087,SIHDR_087_e08.jpg,80,8,train,10.287712097167969,10.287712097167969,10.022821426391602,0.2648906707763672,1,8.38082218170166,12.287712097167969,1,1,1,0.9432039856910706,1,1,0.6008205711841583,1,1
SIHDR_087,SIHDR_087_e09.jpg,80,9,train,9.38082218170166,10.287712097167969,9.853480339050293,0.4342317581176758,1,8.38082218170166,12.287712097167969,1,1,1,0.8901461362838745,1,1,0.6008205711841583,1,1
SIHDR_087,SIHDR_087_e10.jpg,80,10,train,8.38082218170166,10.287712097167969,9.894307136535645,0.3934049606323242,1,8.38082218170166,12.287712097167969,1,1,1,0.7784548997879028,1,1,0.6008205711841583,1,1
SIHDR_087,SIHDR_087_e11.jpg,80,11,train,7.380821704864502,10.287712097167969,9.7382173538208,0.549494743347168,1,8.38082218170166,12.287712097167969,1,1,1,0.6825456619262695,1,1,0.6008205711841583,1,1
SIHDR_087,SIHDR_087_e12.jpg,80,12,train,6.321928024291992,10.287712097167969,9.361323356628418,0.9263887405395508,1,8.38082218170166,12.287712097167969,1,1,1,0.6290187835693359,1,1,0.6008205711841583,1,1
SIHDR_087,SIHDR_087_e13.jpg,80,13,train,5.321928024291992,10.287712097167969,9.56261157989502,0.7251005172729492,1,8.38082218170166,12.287712097167969,1,1,1,0.5992144346237183,1,1,0.6008205711841583,0,0
SIHDR_087,SIHDR_087_e14.jpg,80,14,train,4.321928024291992,10.287712097167969,11.10617733001709,0.8184652328491211,1,8.38082218170166,12.287712097167969,1,1,1,0.5756909251213074,1,1,0.6008205711841583,0,0
SIHDR_088,SIHDR_088_e00.jpg,81,0,train,17.194602966308594,10.287712097167969,10.111416816711426,0.17629528045654297,1,8.38082218170166,11.287712097167969,1,1,1,0.9951068162918091,1,1,0.6008205711841583,1,1
SIHDR_088,SIHDR_088_e01.jpg,81,1,train,16.28771209716797,10.287712097167969,9.814408302307129,0.47330379486083984,1,8.38082218170166,11.287712097167969,1,1,1,0.9953258037567139,1,1,0.6008205711841583,1,1
SIHDR_088,SIHDR_088_e02.jpg,81,2,train,15.872674942016602,10.287712097167969,9.813222885131836,0.4744892120361328,1,8.38082218170166,11.287712097167969,1,1,1,0.9953581690788269,1,1,0.6008205711841583,1,1
SIHDR_088,SIHDR_088_e03.jpg,81,3,train,15.287712097167969,10.287712097167969,9.848777770996094,0.438934326171875,1,8.38082218170166,11.287712097167969,1,1,1,0.9949737787246704,1,1,0.6008205711841583,1,1
SIHDR_088,SIHDR_088_e04.jpg,81,4,train,14.287712097167969,10.287712097167969,9.93064022064209,0.3570718765258789,1,8.38082218170166,11.287712097167969,1,1,1,0.9931695461273193,1,1,0.6008205711841583,1,1
SIHDR_088,SIHDR_088_e05.jpg,81,5,train,13.287712097167969,10.287712097167969,10.665663719177246,0.37795162200927734,1,8.38082218170166,11.287712097167969,1,1,1,0.9894409775733948,1,1,0.6008205711841583,1,1
SIHDR_088,SIHDR_088_e06.jpg,81,6,train,12.287712097167969,10.287712097167969,10.580445289611816,0.29273319244384766,1,8.38082218170166,11.287712097167969,1,1,1,0.9830850958824158,1,1,0.6008205711841583,1,1
SIHDR_088,SIHDR_088_e07.jpg,81,7,train,11.287712097167969,10.287712097167969,9.973118782043457,0.3145933151245117,1,8.38082218170166,11.287712097167969,1,1,1,0.9769629240036011,1,1,0.6008205711841583,1,1
SIHDR_088,SIHDR_088_e08.jpg,81,8,train,10.287712097167969,10.287712097167969,9.730560302734375,0.5571517944335938,1,8.38082218170166,11.287712097167969,1,1,1,0.9623441696166992,1,1,0.6008205711841583,1,1
SIHDR_088,SIHDR_088_e09.jpg,81,9,train,9.38082218170166,10.287712097167969,9.625964164733887,0.661747932434082,1,8.38082218170166,11.287712097167969,1,1,1,0.9338540434837341,1,1,0.6008205711841583,1,1
SIHDR_088,SIHDR_088_e10.jpg,81,10,train,8.38082218170166,10.287712097167969,9.740678787231445,0.5470333099365234,1,8.38082218170166,11.287712097167969,1,1,1,0.8652032017707825,1,1,0.6008205711841583,1,1
SIHDR_088,SIHDR_088_e11.jpg,81,11,train,7.380821704864502,10.287712097167969,9.493203163146973,0.7945089340209961,1,8.38082218170166,11.287712097167969,1,1,1,0.7499828338623047,1,1,0.6008205711841583,1,1
SIHDR_088,SIHDR_088_e12.jpg,81,12,train,6.321928024291992,10.287712097167969,9.12707805633545,1.1606340408325195,1,8.38082218170166,11.287712097167969,1,1,1,0.66742342710495,1,1,0.6008205711841583,1,1
SIHDR_088,SIHDR_088_e13.jpg,81,13,train,5.321928024291992,10.287712097167969,9.19884967803955,1.088862419128418,1,8.38082218170166,11.287712097167969,1,1,1,0.6198177337646484,1,1,0.6008205711841583,1,1
SIHDR_088,SIHDR_088_e14.jpg,81,14,train,4.321928024291992,10.287712097167969,10.619797706604004,0.33208560943603516,1,8.38082218170166,11.287712097167969,1,1,1,0.5896754860877991,1,1,0.6008205711841583,0,0
SIHDR_089,SIHDR_089_e00.jpg,82,0,train,17.194602966308594,9.38082218170166,10.063883781433105,0.6830615997314453,1,8.38082218170166,10.287712097167969,1,1,1,0.9951017498970032,1,1,0.6008205711841583,1,1
SIHDR_089,SIHDR_089_e01.jpg,82,1,train,16.28771209716797,9.38082218170166,9.429410934448242,0.04858875274658203,1,8.38082218170166,10.287712097167969,1,1,1,0.9951984286308289,1,1,0.6008205711841583,1,1
SIHDR_089,SIHDR_089_e02.jpg,82,2,train,15.872674942016602,9.38082218170166,9.389543533325195,0.008721351623535156,1,8.38082218170166,10.287712097167969,1,1,1,0.995033860206604,1,1,0.6008205711841583,1,1
SIHDR_089,SIHDR_089_e03.jpg,82,3,train,15.287712097167969,9.38082218170166,9.472349166870117,0.09152698516845703,1,8.38082218170166,10.287712097167969,1,1,1,0.9944954514503479,1,1,0.6008205711841583,1,1
SIHDR_089,SIHDR_089_e04.jpg,82,4,train,14.287712097167969,9.38082218170166,9.339638710021973,0.0411834716796875,1,8.38082218170166,10.287712097167969,1,1,1,0.9928697943687439,1,1,0.6008205711841583,1,1
SIHDR_089,SIHDR_089_e05.jpg,82,5,train,13.287712097167969,9.38082218170166,9.530417442321777,0.1495952606201172,1,8.38082218170166,10.287712097167969,1,1,1,0.989339292049408,1,1,0.6008205711841583,1,1
SIHDR_089,SIHDR_089_e06.jpg,82,6,train,12.287712097167969,9.38082218170166,8.936707496643066,0.44411468505859375,1,8.38082218170166,10.287712097167969,1,1,1,0.9822725057601929,1,1,0.6008205711841583,1,1
SIHDR_089,SIHDR_089_e07.jpg,82,7,train,11.287712097167969,9.38082218170166,8.399079322814941,0.9817428588867188,1,8.38082218170166,10.287712097167969,1,1,1,0.9757446050643921,1,1,0.6008205711841583,1,1
SIHDR_089,SIHDR_089_e08.jpg,82,8,train,10.287712097167969,9.38082218170166,8.224390029907227,1.1564321517944336,1,8.38082218170166,10.287712097167969,0,1,1,0.9568137526512146,1,1,0.6008205711841583,1,1
SIHDR_089,SIHDR_089_e09.jpg,82,9,train,9.38082218170166,9.38082218170166,7.83251428604126,1.5483078956604004,1,8.38082218170166,10.287712097167969,0,1,1,0.931928277015686,1,1,0.6008205711841583,1,1
SIHDR_089,SIHDR_089_e10.jpg,82,10,train,8.38082218170166,9.38082218170166,8.7238187789917,0.6570034027099609,1,8.38082218170166,10.287712097167969,1,1,1,0.8724710941314697,1,1,0.6008205711841583,1,1
SIHDR_089,SIHDR_089_e11.jpg,82,11,train,7.380821704864502,9.38082218170166,9.138901710510254,0.24192047119140625,1,8.38082218170166,10.287712097167969,1,1,1,0.7596264481544495,1,1,0.6008205711841583,1,1
SIHDR_089,SIHDR_089_e12.jpg,82,12,train,6.321928024291992,9.38082218170166,8.806884765625,0.5739374160766602,1,8.38082218170166,10.287712097167969,1,1,1,0.6777318120002747,1,1,0.6008205711841583,1,1
SIHDR_089,SIHDR_089_e13.jpg,82,13,train,5.321928024291992,9.38082218170166,9.050871849060059,0.32995033264160156,1,8.38082218170166,10.287712097167969,1,1,1,0.6258682608604431,1,1,0.6008205711841583,1,1
SIHDR_089,SIHDR_089_e14.jpg,82,14,train,4.321928024291992,9.38082218170166,10.919025421142578,1.538203239440918,1,8.38082218170166,10.287712097167969,0,1,1,0.5858954191207886,1,1,0.6008205711841583,0,0
SIHDR_090,SIHDR_090_e00.jpg,83,0,validation,17.194602966308594,9.38082218170166,10.059283256530762,0.6784610748291016,1,8.38082218170166,10.287712097167969,1,1,1,0.9951024055480957,1,1,0.6008205711841583,1,1
SIHDR_090,SIHDR_090_e01.jpg,83,1,validation,16.28771209716797,9.38082218170166,9.414353370666504,0.03353118896484375,1,8.38082218170166,10.287712097167969,1,1,1,0.9951810240745544,1,1,0.6008205711841583,1,1
SIHDR_090,SIHDR_090_e02.jpg,83,2,validation,15.872674942016602,9.38082218170166,9.329264640808105,0.05155754089355469,1,8.38082218170166,10.287712097167969,1,1,1,0.9949824810028076,1,1,0.6008205711841583,1,1
SIHDR_090,SIHDR_090_e03.jpg,83,3,validation,15.287712097167969,9.38082218170166,9.570526123046875,0.18970394134521484,1,8.38082218170166,10.287712097167969,1,1,1,0.9941592216491699,1,1,0.6008205711841583,1,1
SIHDR_090,SIHDR_090_e04.jpg,83,4,validation,14.287712097167969,9.38082218170166,10.421847343444824,1.041025161743164,1,8.38082218170166,10.287712097167969,0,1,1,0.9910157918930054,1,1,0.6008205711841583,1,1
SIHDR_090,SIHDR_090_e05.jpg,83,5,validation,13.287712097167969,9.38082218170166,10.383471488952637,1.0026493072509766,1,8.38082218170166,10.287712097167969,0,1,1,0.9841808080673218,1,1,0.6008205711841583,1,1
SIHDR_090,SIHDR_090_e06.jpg,83,6,validation,12.287712097167969,9.38082218170166,9.918814659118652,0.5379924774169922,1,8.38082218170166,10.287712097167969,1,1,1,0.9776110649108887,1,1,0.6008205711841583,1,1
SIHDR_090,SIHDR_090_e07.jpg,83,7,validation,11.287712097167969,9.38082218170166,9.309551239013672,0.07127094268798828,1,8.38082218170166,10.287712097167969,1,1,1,0.9722646474838257,1,1,0.6008205711841583,1,1
SIHDR_090,SIHDR_090_e08.jpg,83,8,validation,10.287712097167969,9.38082218170166,9.4128999710083,0.032077789306640625,1,8.38082218170166,10.287712097167969,1,1,1,0.9513946175575256,1,1,0.6008205711841583,1,1
SIHDR_090,SIHDR_090_e09.jpg,83,9,validation,9.38082218170166,9.38082218170166,9.792786598205566,0.41196441650390625,1,8.38082218170166,10.287712097167969,1,1,1,0.9009395241737366,1,1,0.6008205711841583,1,1
SIHDR_090,SIHDR_090_e10.jpg,83,10,validation,8.38082218170166,9.38082218170166,10.108290672302246,0.7274684906005859,1,8.38082218170166,10.287712097167969,1,1,1,0.8191068768501282,1,1,0.6008205711841583,1,1
SIHDR_090,SIHDR_090_e11.jpg,83,11,validation,7.380821704864502,9.38082218170166,9.905353546142578,0.524531364440918,1,8.38082218170166,10.287712097167969,1,1,1,0.7175029516220093,1,1,0.6008205711841583,1,1
SIHDR_090,SIHDR_090_e12.jpg,83,12,validation,6.321928024291992,9.38082218170166,9.014769554138184,0.36605262756347656,1,8.38082218170166,10.287712097167969,1,1,1,0.6569642424583435,1,1,0.6008205711841583,1,1
SIHDR_090,SIHDR_090_e13.jpg,83,13,validation,5.321928024291992,9.38082218170166,9.079257011413574,0.30156517028808594,1,8.38082218170166,10.287712097167969,1,1,1,0.6179478168487549,1,1,0.6008205711841583,1,1
SIHDR_090,SIHDR_090_e14.jpg,83,14,validation,4.321928024291992,9.38082218170166,11.11441421508789,1.7335920333862305,1,8.38082218170166,10.287712097167969,0,1,1,0.578654408454895,1,1,0.6008205711841583,0,0
SIHDR_091,SIHDR_091_e00.jpg,84,0,train,17.194602966308594,8.38082218170166,10.063536643981934,1.6827144622802734,1,7.380821704864502,10.287712097167969,1,1,1,0.9951016306877136,1,1,0.6008205711841583,1,1
SIHDR_091,SIHDR_091_e01.jpg,84,1,train,16.28771209716797,8.38082218170166,9.444228172302246,1.063405990600586,1,7.380821704864502,10.287712097167969,1,1,1,0.9952113032341003,1,1,0.6008205711841583,1,1
SIHDR_091,SIHDR_091_e02.jpg,84,2,train,15.872674942016602,8.38082218170166,9.245354652404785,0.864532470703125,1,7.380821704864502,10.287712097167969,1,1,1,0.9951593279838562,1,1,0.6008205711841583,1,1
SIHDR_091,SIHDR_091_e03.jpg,84,3,train,15.287712097167969,8.38082218170166,9.043082237243652,0.6622600555419922,1,7.380821704864502,10.287712097167969,1,1,1,0.9949339032173157,1,1,0.6008205711841583,1,1
SIHDR_091,SIHDR_091_e04.jpg,84,4,train,14.287712097167969,8.38082218170166,8.76682186126709,0.3859996795654297,1,7.380821704864502,10.287712097167969,1,1,1,0.9940416216850281,1,1,0.6008205711841583,1,1
SIHDR_091,SIHDR_091_e05.jpg,84,5,train,13.287712097167969,8.38082218170166,8.536613464355469,0.1557912826538086,1,7.380821704864502,10.287712097167969,1,1,1,0.9926906228065491,1,1,0.6008205711841583,1,1
SIHDR_091,SIHDR_091_e06.jpg,84,6,train,12.287712097167969,8.38082218170166,8.198172569274902,0.1826496124267578,1,7.380821704864502,10.287712097167969,1,1,1,0.9884803295135498,1,1,0.6008205711841583,1,1
SIHDR_091,SIHDR_091_e07.jpg,84,7,train,11.287712097167969,8.38082218170166,7.957031726837158,0.42379045486450195,1,7.380821704864502,10.287712097167969,1,1,1,0.9825752973556519,1,1,0.6008205711841583,1,1
SIHDR_091,SIHDR_091_e08.jpg,84,8,train,10.287712097167969,8.38082218170166,8.372045516967773,0.008776664733886719,1,7.380821704864502,10.287712097167969,1,1,1,0.9714438319206238,1,1,0.6008205711841583,1,1
SIHDR_091,SIHDR_091_e09.jpg,84,9,train,9.38082218170166,8.38082218170166,8.479843139648438,0.09902095794677734,1,7.380821704864502,10.287712097167969,1,1,1,0.9488981366157532,1,1,0.6008205711841583,1,1
SIHDR_091,SIHDR_091_e10.jpg,84,10,train,8.38082218170166,8.38082218170166,8.859124183654785,0.478302001953125,1,7.380821704864502,10.287712097167969,1,1,1,0.8958012461662292,1,1,0.6008205711841583,1,1
SIHDR_091,SIHDR_091_e11.jpg,84,11,train,7.380821704864502,8.38082218170166,9.184980392456055,0.8041582107543945,1,7.380821704864502,10.287712097167969,1,1,1,0.7863768339157104,1,1,0.6008205711841583,1,1
SIHDR_091,SIHDR_091_e12.jpg,84,12,train,6.321928024291992,8.38082218170166,8.863896369934082,0.4830741882324219,1,7.380821704864502,10.287712097167969,1,1,1,0.6926513910293579,1,1,0.6008205711841583,1,1
SIHDR_091,SIHDR_091_e13.jpg,84,13,train,5.321928024291992,8.38082218170166,8.869467735290527,0.4886455535888672,1,7.380821704864502,10.287712097167969,1,1,1,0.6347227096557617,1,1,0.6008205711841583,1,1
SIHDR_091,SIHDR_091_e14.jpg,84,14,train,4.321928024291992,8.38082218170166,10.375423431396484,1.9946012496948242,1,7.380821704864502,10.287712097167969,0,1,1,0.5953541398048401,1,1,0.6008205711841583,0,0
SIHDR_092,SIHDR_092_e00.jpg,85,0,train,17.194602966308594,10.287712097167969,10.059524536132812,0.22818756103515625,1,8.38082218170166,11.287712097167969,1,1,1,0.9951024055480957,1,1,0.6008205711841583,1,1
SIHDR_092,SIHDR_092_e01.jpg,85,1,train,16.28771209716797,10.287712097167969,9.401986122131348,0.8857259750366211,1,8.38082218170166,11.287712097167969,1,1,1,0.9952301979064941,1,1,0.6008205711841583,1,1
SIHDR_092,SIHDR_092_e02.jpg,85,2,train,15.872674942016602,10.287712097167969,9.188756942749023,1.0989551544189453,1,8.38082218170166,11.287712097167969,1,1,1,0.9952154159545898,1,1,0.6008205711841583,1,1
SIHDR_092,SIHDR_092_e03.jpg,85,3,train,15.287712097167969,10.287712097167969,9.099072456359863,1.1886396408081055,1,8.38082218170166,11.287712097167969,1,1,1,0.9950000047683716,1,1,0.6008205711841583,1,1
SIHDR_092,SIHDR_092_e04.jpg,85,4,train,14.287712097167969,10.287712097167969,9.21125316619873,1.0764589309692383,1,8.38082218170166,11.287712097167969,1,1,1,0.993926465511322,1,1,0.6008205711841583,1,1
SIHDR_092,SIHDR_092_e05.jpg,85,5,train,13.287712097167969,10.287712097167969,9.162651062011719,1.12506103515625,1,8.38082218170166,11.287712097167969,1,1,1,0.9913411736488342,1,1,0.6008205711841583,1,1
SIHDR_092,SIHDR_092_e06.jpg,85,6,train,12.287712097167969,10.287712097167969,9.33381175994873,0.9539003372192383,1,8.38082218170166,11.287712097167969,1,1,1,0.9843363761901855,1,1,0.6008205711841583,1,1
SIHDR_092,SIHDR_092_e07.jpg,85,7,train,11.287712097167969,10.287712097167969,9.703271865844727,0.5844402313232422,1,8.38082218170166,11.287712097167969,1,1,1,0.9706050157546997,1,1,0.6008205711841583,1,1
SIHDR_092,SIHDR_092_e08.jpg,85,8,train,10.287712097167969,10.287712097167969,9.872048377990723,0.4156637191772461,1,8.38082218170166,11.287712097167969,1,1,1,0.9533095359802246,1,1,0.6008205711841583,1,1
SIHDR_092,SIHDR_092_e09.jpg,85,9,train,9.38082218170166,10.287712097167969,9.59639835357666,0.6913137435913086,1,8.38082218170166,11.287712097167969,1,1,1,0.9227441549301147,1,1,0.6008205711841583,1,1
SIHDR_092,SIHDR_092_e10.jpg,85,10,train,8.38082218170166,10.287712097167969,9.871426582336426,0.41628551483154297,1,8.38082218170166,11.287712097167969,1,1,1,0.8560197353363037,1,1,0.6008205711841583,1,1
SIHDR_092,SIHDR_092_e11.jpg,85,11,train,7.380821704864502,10.287712097167969,9.664523124694824,0.6231889724731445,1,8.38082218170166,11.287712097167969,1,1,1,0.7514220476150513,1,1,0.6008205711841583,1,1
SIHDR_092,SIHDR_092_e12.jpg,85,12,train,6.321928024291992,10.287712097167969,9.067309379577637,1.220402717590332,1,8.38082218170166,11.287712097167969,1,1,1,0.6684122085571289,1,1,0.6008205711841583,1,1
SIHDR_092,SIHDR_092_e13.jpg,85,13,train,5.321928024291992,10.287712097167969,8.741002082824707,1.5467100143432617,1,8.38082218170166,11.287712097167969,1,1,1,0.6253376603126526,1,1,0.6008205711841583,1,1
SIHDR_092,SIHDR_092_e14.jpg,85,14,train,4.321928024291992,10.287712097167969,9.342156410217285,0.9455556869506836,1,8.38082218170166,11.287712097167969,1,1,1,0.5978319644927979,1,1,0.6008205711841583,0,0
SIHDR_093,SIHDR_093_e00.jpg,86,0,train,17.194602966308594,11.287712097167969,11.071920394897461,0.2157917022705078,1,11.287712097167969,11.287712097167969,0,1,1,0.9942560791969299,1,1,0.6008205711841583,1,1
SIHDR_093,SIHDR_093_e01.jpg,86,1,train,16.28771209716797,11.287712097167969,11.323161125183105,0.03544902801513672,1,11.287712097167969,11.287712097167969,0,1,1,0.9923117756843567,1,1,0.6008205711841583,1,1
SIHDR_093,SIHDR_093_e02.jpg,86,2,train,15.872674942016602,11.287712097167969,11.3859281539917,0.09821605682373047,1,11.287712097167969,11.287712097167969,0,1,1,0.9906274080276489,1,1,0.6008205711841583,1,1
SIHDR_093,SIHDR_093_e03.jpg,86,3,train,15.287712097167969,11.287712097167969,11.645567893981934,0.35785579681396484,1,11.287712097167969,11.287712097167969,0,1,1,0.9862668514251709,1,1,0.6008205711841583,1,1
SIHDR_093,SIHDR_093_e04.jpg,86,4,train,14.287712097167969,11.287712097167969,11.866437911987305,0.5787258148193359,1,11.287712097167969,11.287712097167969,0,1,1,0.9608165621757507,1,1,0.6008205711841583,1,1
SIHDR_093,SIHDR_093_e05.jpg,86,5,train,13.287712097167969,11.287712097167969,11.590547561645508,0.30283546447753906,1,11.287712097167969,11.287712097167969,0,1,1,0.9111388921737671,1,1,0.6008205711841583,1,1
SIHDR_093,SIHDR_093_e06.jpg,86,6,train,12.287712097167969,11.287712097167969,11.938233375549316,0.6505212783813477,1,11.287712097167969,11.287712097167969,0,1,1,0.8304656147956848,1,1,0.6008205711841583,1,1
SIHDR_093,SIHDR_093_e07.jpg,86,7,train,11.287712097167969,11.287712097167969,11.750921249389648,0.4632091522216797,1,11.287712097167969,11.287712097167969,0,1,1,0.7438563704490662,1,1,0.6008205711841583,1,1
SIHDR_093,SIHDR_093_e08.jpg,86,8,train,10.287712097167969,11.287712097167969,11.822213172912598,0.5345010757446289,1,11.287712097167969,11.287712097167969,0,1,1,0.6601153016090393,1,1,0.6008205711841583,1,1
SIHDR_093,SIHDR_093_e09.jpg,86,9,train,9.38082218170166,11.287712097167969,11.881918907165527,0.5942068099975586,1,11.287712097167969,11.287712097167969,0,1,1,0.6002418994903564,1,1,0.6008205711841583,0,0
SIHDR_093,SIHDR_093_e10.jpg,86,10,train,8.38082218170166,11.287712097167969,12.369698524475098,1.081986427307129,1,11.287712097167969,11.287712097167969,0,1,1,0.5618338584899902,1,1,0.6008205711841583,0,0
SIHDR_093,SIHDR_093_e11.jpg,86,11,train,7.380821704864502,11.287712097167969,13.226393699645996,1.9386816024780273,1,11.287712097167969,11.287712097167969,0,1,1,0.5439934134483337,1,1,0.6008205711841583,0,0
SIHDR_093,SIHDR_093_e12.jpg,86,12,train,6.321928024291992,11.287712097167969,13.78087043762207,2.4931583404541016,1,11.287712097167969,11.287712097167969,0,1,1,0.5331969261169434,1,1,0.6008205711841583,0,0
SIHDR_093,SIHDR_093_e13.jpg,86,13,train,5.321928024291992,11.287712097167969,13.695512771606445,2.4078006744384766,1,11.287712097167969,11.287712097167969,0,1,1,0.5333710312843323,1,1,0.6008205711841583,0,0
SIHDR_093,SIHDR_093_e14.jpg,86,14,train,4.321928024291992,11.287712097167969,13.349053382873535,2.0613412857055664,1,11.287712097167969,11.287712097167969,0,1,1,0.5377479195594788,1,1,0.6008205711841583,0,0
SIHDR_096,SIHDR_096_e00.jpg,87,0,train,17.194602966308594,17.194602966308594,18.554792404174805,1.360189437866211,0,17.194602966308594,17.194602966308594,0,0,1,0.46664512157440186,0,1,0.6008205711841583,0,1
SIHDR_096,SIHDR_096_e01.jpg,87,1,train,16.28771209716797,17.194602966308594,18.262989044189453,1.0683860778808594,0,17.194602966308594,17.194602966308594,0,0,1,0.4640898108482361,0,1,0.6008205711841583,0,1
SIHDR_096,SIHDR_096_e02.jpg,87,2,train,15.872674942016602,17.194602966308594,18.15738296508789,0.9627799987792969,0,17.194602966308594,17.194602966308594,0,0,1,0.46394437551498413,0,1,0.6008205711841583,0,1
SIHDR_096,SIHDR_096_e03.jpg,87,3,train,15.287712097167969,17.194602966308594,17.972248077392578,0.7776451110839844,0,17.194602966308594,17.194602966308594,0,0,1,0.46476301550865173,0,1,0.6008205711841583,0,1
SIHDR_096,SIHDR_096_e04.jpg,87,4,train,14.287712097167969,17.194602966308594,17.792200088500977,0.5975971221923828,0,17.194602966308594,17.194602966308594,0,0,1,0.4663103520870209,0,1,0.6008205711841583,0,1
SIHDR_096,SIHDR_096_e05.jpg,87,5,train,13.287712097167969,17.194602966308594,17.476476669311523,0.2818737030029297,0,17.194602966308594,17.194602966308594,0,0,1,0.47066575288772583,0,1,0.6008205711841583,0,1
SIHDR_096,SIHDR_096_e06.jpg,87,6,train,12.287712097167969,17.194602966308594,17.095802307128906,0.0988006591796875,0,17.194602966308594,17.194602966308594,0,0,1,0.47638919949531555,0,1,0.6008205711841583,0,1
SIHDR_096,SIHDR_096_e07.jpg,87,7,train,11.287712097167969,17.194602966308594,16.6905517578125,0.5040512084960938,0,17.194602966308594,17.194602966308594,0,0,1,0.48269200325012207,0,1,0.6008205711841583,0,1
SIHDR_096,SIHDR_096_e08.jpg,87,8,train,10.287712097167969,17.194602966308594,16.27239418029785,0.9222087860107422,0,17.194602966308594,17.194602966308594,0,0,1,0.4892711043357849,0,1,0.6008205711841583,0,1
SIHDR_096,SIHDR_096_e09.jpg,87,9,train,9.38082218170166,17.194602966308594,15.880911827087402,1.3136911392211914,0,17.194602966308594,17.194602966308594,0,0,1,0.49554046988487244,0,1,0.6008205711841583,0,1
SIHDR_096,SIHDR_096_e10.jpg,87,10,train,8.38082218170166,17.194602966308594,15.444990158081055,1.749612808227539,0,17.194602966308594,17.194602966308594,0,0,1,0.5028229355812073,1,0,0.6008205711841583,0,1
SIHDR_096,SIHDR_096_e11.jpg,87,11,train,7.380821704864502,17.194602966308594,14.989188194274902,2.2054147720336914,0,17.194602966308594,17.194602966308594,0,0,1,0.5111700892448425,1,0,0.6008205711841583,0,1
SIHDR_096,SIHDR_096_e12.jpg,87,12,train,6.321928024291992,17.194602966308594,14.458592414855957,2.7360105514526367,0,17.194602966308594,17.194602966308594,0,0,1,0.5196034908294678,1,0,0.6008205711841583,0,1
SIHDR_096,SIHDR_096_e13.jpg,87,13,train,5.321928024291992,17.194602966308594,13.957097053527832,3.2375059127807617,0,17.194602966308594,17.194602966308594,0,0,1,0.5275664329528809,1,0,0.6008205711841583,0,1
SIHDR_096,SIHDR_096_e14.jpg,87,14,train,4.321928024291992,17.194602966308594,13.455472946166992,3.7391300201416016,0,17.194602966308594,17.194602966308594,0,0,1,0.5351898670196533,1,0,0.6008205711841583,0,1
SIHDR_097,SIHDR_097_e00.jpg,88,0,train,17.194602966308594,17.194602966308594,18.60286521911621,1.4082622528076172,0,17.194602966308594,17.194602966308594,0,0,1,0.4623098075389862,0,1,0.6008205711841583,0,1
SIHDR_097,SIHDR_097_e01.jpg,88,1,train,16.28771209716797,17.194602966308594,18.40869903564453,1.2140960693359375,0,17.194602966308594,17.194602966308594,0,0,1,0.45961007475852966,0,1,0.6008205711841583,0,1
SIHDR_097,SIHDR_097_e02.jpg,88,2,train,15.872674942016602,17.194602966308594,18.290546417236328,1.0959434509277344,0,17.194602966308594,17.194602966308594,0,0,1,0.45991820096969604,0,1,0.6008205711841583,0,1
SIHDR_097,SIHDR_097_e03.jpg,88,3,train,15.287712097167969,17.194602966308594,18.118349075317383,0.9237461090087891,0,17.194602966308594,17.194602966308594,0,0,1,0.4612291157245636,0,1,0.6008205711841583,0,1
SIHDR_097,SIHDR_097_e04.jpg,88,4,train,14.287712097167969,17.194602966308594,17.86701774597168,0.6724147796630859,0,17.194602966308594,17.194602966308594,0,0,1,0.46450525522232056,0,1,0.6008205711841583,0,1
SIHDR_097,SIHDR_097_e05.jpg,88,5,train,13.287712097167969,17.194602966308594,17.516164779663086,0.3215618133544922,0,17.194602966308594,17.194602966308594,0,0,1,0.46973562240600586,0,1,0.6008205711841583,0,1
SIHDR_097,SIHDR_097_e06.jpg,88,6,train,12.287712097167969,17.194602966308594,17.12127113342285,0.07333183288574219,0,17.194602966308594,17.194602966308594,0,0,1,0.4758542478084564,0,1,0.6008205711841583,0,1
SIHDR_097,SIHDR_097_e07.jpg,88,7,train,11.287712097167969,17.194602966308594,16.703947067260742,0.49065589904785156,0,17.194602966308594,17.194602966308594,0,0,1,0.4824105501174927,0,1,0.6008205711841583,0,1
SIHDR_097,SIHDR_097_e08.jpg,88,8,train,10.287712097167969,17.194602966308594,16.27591896057129,0.9186840057373047,0,17.194602966308594,17.194602966308594,0,0,1,0.4891788363456726,0,1,0.6008205711841583,0,1
SIHDR_097,SIHDR_097_e09.jpg,88,9,train,9.38082218170166,17.194602966308594,15.882776260375977,1.3118267059326172,0,17.194602966308594,17.194602966308594,0,0,1,0.495493620634079,0,1,0.6008205711841583,0,1
SIHDR_097,SIHDR_097_e10.jpg,88,10,train,8.38082218170166,17.194602966308594,15.44591999053955,1.748682975769043,0,17.194602966308594,17.194602966308594,0,0,1,0.5027990937232971,1,0,0.6008205711841583,0,1
SIHDR_097,SIHDR_097_e11.jpg,88,11,train,7.380821704864502,17.194602966308594,14.989676475524902,2.2049264907836914,0,17.194602966308594,17.194602966308594,0,0,1,0.5111597180366516,1,0,0.6008205711841583,0,1
SIHDR_097,SIHDR_097_e12.jpg,88,12,train,6.321928024291992,17.194602966308594,14.458897590637207,2.7357053756713867,0,17.194602966308594,17.194602966308594,0,0,1,0.5195974111557007,1,0,0.6008205711841583,0,1
SIHDR_097,SIHDR_097_e13.jpg,88,13,train,5.321928024291992,17.194602966308594,13.957230567932129,3.237372398376465,0,17.194602966308594,17.194602966308594,0,0,1,0.5275635719299316,1,0,0.6008205711841583,0,1
SIHDR_097,SIHDR_097_e14.jpg,88,14,train,4.321928024291992,17.194602966308594,13.455530166625977,3.739072799682617,0,17.194602966308594,17.194602966308594,0,0,1,0.535188615322113,1,0,0.6008205711841583,0,1
SIHDR_098,SIHDR_098_e00.jpg,89,0,train,17.194602966308594,17.194602966308594,18.51478385925293,1.320180892944336,0,17.194602966308594,17.194602966308594,0,0,1,0.4671788811683655,0,1,0.6008205711841583,0,1
SIHDR_098,SIHDR_098_e01.jpg,89,1,train,16.28771209716797,17.194602966308594,18.330326080322266,1.1357231140136719,0,17.194602966308594,17.194602966308594,0,0,1,0.46271461248397827,0,1,0.6008205711841583,0,1
SIHDR_098,SIHDR_098_e02.jpg,89,2,train,15.872674942016602,17.194602966308594,18.217565536499023,1.0229625701904297,0,17.194602966308594,17.194602966308594,0,0,1,0.46255168318748474,0,1,0.6008205711841583,0,1
SIHDR_098,SIHDR_098_e03.jpg,89,3,train,15.287712097167969,17.194602966308594,18.042818069458008,0.8482151031494141,0,17.194602966308594,17.194602966308594,0,0,1,0.46360817551612854,0,1,0.6008205711841583,0,1
SIHDR_098,SIHDR_098_e04.jpg,89,4,train,14.287712097167969,17.194602966308594,17.831693649291992,0.6370906829833984,0,17.194602966308594,17.194602966308594,0,0,1,0.46575257182121277,0,1,0.6008205711841583,0,1
SIHDR_098,SIHDR_098_e05.jpg,89,5,train,13.287712097167969,17.194602966308594,17.50294303894043,0.30834007263183594,0,17.194602966308594,17.194602966308594,0,0,1,0.4703466594219208,0,1,0.6008205711841583,0,1
SIHDR_098,SIHDR_098_e06.jpg,89,6,train,12.287712097167969,17.194602966308594,17.115137100219727,0.07946586608886719,0,17.194602966308594,17.194602966308594,0,0,1,0.4761841297149658,0,1,0.6008205711841583,0,1
SIHDR_098,SIHDR_098_e07.jpg,89,7,train,11.287712097167969,17.194602966308594,16.70025062561035,0.4943523406982422,0,17.194602966308594,17.194602966308594,0,0,1,0.4825997054576874,0,1,0.6008205711841583,0,1
SIHDR_098,SIHDR_098_e08.jpg,89,8,train,10.287712097167969,17.194602966308594,16.273380279541016,0.9212226867675781,0,17.194602966308594,17.194602966308594,0,0,1,0.48929479718208313,0,1,0.6008205711841583,0,1
SIHDR_098,SIHDR_098_e09.jpg,89,9,train,9.38082218170166,17.194602966308594,15.880935668945312,1.3136672973632812,0,17.194602966308594,17.194602966308594,0,0,1,0.4955810308456421,0,1,0.6008205711841583,0,1
SIHDR_098,SIHDR_098_e10.jpg,89,10,train,8.38082218170166,17.194602966308594,15.444823265075684,1.7497797012329102,0,17.194602966308594,17.194602966308594,0,0,1,0.5028470754623413,1,0,0.6008205711841583,0,1
SIHDR_098,SIHDR_098_e11.jpg,89,11,train,7.380821704864502,17.194602966308594,14.989023208618164,2.2055797576904297,0,17.194602966308594,17.194602966308594,0,0,1,0.5111822485923767,1,0,0.6008205711841583,0,1
SIHDR_098,SIHDR_098_e12.jpg,89,12,train,6.321928024291992,17.194602966308594,14.458537101745605,2.7360658645629883,0,17.194602966308594,17.194602966308594,0,0,1,0.5196089148521423,1,0,0.6008205711841583,0,1
SIHDR_098,SIHDR_098_e13.jpg,89,13,train,5.321928024291992,17.194602966308594,13.957040786743164,3.2375621795654297,0,17.194602966308594,17.194602966308594,0,0,1,0.5275694131851196,1,0,0.6008205711841583,0,1
SIHDR_098,SIHDR_098_e14.jpg,89,14,train,4.321928024291992,17.194602966308594,13.455435752868652,3.7391672134399414,0,17.194602966308594,17.194602966308594,0,0,1,0.5351911187171936,1,0,0.6008205711841583,0,1
SIHDR_099,SIHDR_099_e00.jpg,90,0,train,17.194602966308594,17.194602966308594,18.363149642944336,1.1685466766357422,0,17.194602966308594,17.194602966308594,0,0,1,0.47751036286354065,0,1,0.6008205711841583,0,1
SIHDR_099,SIHDR_099_e01.jpg,90,1,train,16.28771209716797,17.194602966308594,17.938940048217773,0.7443370819091797,0,17.194602966308594,17.194602966308594,0,0,1,0.47003814578056335,0,1,0.6008205711841583,0,1
SIHDR_099,SIHDR_099_e02.jpg,90,2,train,15.872674942016602,17.194602966308594,17.895872116088867,0.7012691497802734,0,17.194602966308594,17.194602966308594,0,0,1,0.46795445680618286,0,1,0.6008205711841583,0,1
SIHDR_099,SIHDR_099_e03.jpg,90,3,train,15.287712097167969,17.194602966308594,17.784435272216797,0.5898323059082031,0,17.194602966308594,17.194602966308594,0,0,1,0.4674268066883087,0,1,0.6008205711841583,0,1
SIHDR_099,SIHDR_099_e04.jpg,90,4,train,14.287712097167969,17.194602966308594,17.570375442504883,0.37577247619628906,0,17.194602966308594,17.194602966308594,0,0,1,0.4692823588848114,0,1,0.6008205711841583,0,1
SIHDR_099,SIHDR_099_e05.jpg,90,5,train,13.287712097167969,17.194602966308594,17.38852310180664,0.19392013549804688,0,17.194602966308594,17.194602966308594,0,0,1,0.4717692732810974,0,1,0.6008205711841583,0,1
SIHDR_099,SIHDR_099_e06.jpg,90,6,train,12.287712097167969,17.194602966308594,17.060596466064453,0.13400650024414062,0,17.194602966308594,17.194602966308594,0,0,1,0.47681817412376404,0,1,0.6008205711841583,0,1
SIHDR_099,SIHDR_099_e07.jpg,90,7,train,11.287712097167969,17.194602966308594,16.671903610229492,0.5226993560791016,0,17.194602966308594,17.194602966308594,0,0,1,0.4828990399837494,0,1,0.6008205711841583,0,1
SIHDR_099,SIHDR_099_e08.jpg,90,8,train,10.287712097167969,17.194602966308594,16.259765625,0.9348373413085938,0,17.194602966308594,17.194602966308594,0,0,1,0.48942822217941284,0,1,0.6008205711841583,0,1
SIHDR_099,SIHDR_099_e09.jpg,90,9,train,9.38082218170166,17.194602966308594,15.877032279968262,1.317570686340332,0,17.194602966308594,17.194602966308594,0,0,1,0.49558261036872864,0,1,0.6008205711841583,0,1
SIHDR_099,SIHDR_099_e10.jpg,90,10,train,8.38082218170166,17.194602966308594,15.443928718566895,1.7506742477416992,0,17.194602966308594,17.194602966308594,0,0,1,0.5028311610221863,1,0,0.6008205711841583,0,1
SIHDR_099,SIHDR_099_e11.jpg,90,11,train,7.380821704864502,17.194602966308594,14.988581657409668,2.206021308898926,0,17.194602966308594,17.194602966308594,0,0,1,0.5111805200576782,1,0,0.6008205711841583,0,1
SIHDR_099,SIHDR_099_e12.jpg,90,12,train,6.321928024291992,17.194602966308594,14.458316802978516,2.736286163330078,0,17.194602966308594,17.194602966308594,0,0,1,0.5196083188056946,1,0,0.6008205711841583,0,1
SIHDR_099,SIHDR_099_e13.jpg,90,13,train,5.321928024291992,17.194602966308594,13.956986427307129,3.237616539001465,0,17.194602966308594,17.194602966308594,0,0,1,0.5275684595108032,1,0,0.6008205711841583,0,1
SIHDR_099,SIHDR_099_e14.jpg,90,14,train,4.321928024291992,17.194602966308594,13.455416679382324,3.7391862869262695,0,17.194602966308594,17.194602966308594,0,0,1,0.5351904034614563,1,0,0.6008205711841583,0,1
SIHDR_100,SIHDR_100_e00.jpg,91,0,train,17.194602966308594,17.194602966308594,18.380952835083008,1.186349868774414,0,17.194602966308594,17.194602966308594,0,0,1,0.4689140021800995,0,1,0.6008205711841583,0,1
SIHDR_100,SIHDR_100_e01.jpg,91,1,train,16.28771209716797,17.194602966308594,18.12701988220215,0.9324169158935547,0,17.194602966308594,17.194602966308594,0,0,1,0.46719518303871155,0,1,0.6008205711841583,0,1
SIHDR_100,SIHDR_100_e02.jpg,91,2,train,15.872674942016602,17.194602966308594,18.01133918762207,0.8167362213134766,0,17.194602966308594,17.194602966308594,0,0,1,0.4676409065723419,0,1,0.6008205711841583,0,1
SIHDR_100,SIHDR_100_e03.jpg,91,3,train,15.287712097167969,17.194602966308594,17.805822372436523,0.6112194061279297,0,17.194602966308594,17.194602966308594,0,0,1,0.46948689222335815,0,1,0.6008205711841583,0,1
SIHDR_100,SIHDR_100_e04.jpg,91,4,train,14.287712097167969,17.194602966308594,17.493438720703125,0.29883575439453125,0,17.194602966308594,17.194602966308594,0,0,1,0.4730658531188965,0,1,0.6008205711841583,0,1
SIHDR_100,SIHDR_100_e05.jpg,91,5,train,13.287712097167969,17.194602966308594,17.233945846557617,0.03934288024902344,0,17.194602966308594,17.194602966308594,0,0,1,0.47625160217285156,0,1,0.6008205711841583,0,1
SIHDR_100,SIHDR_100_e06.jpg,91,6,train,12.287712097167969,17.194602966308594,16.95406723022461,0.24053573608398438,0,17.194602966308594,17.194602966308594,0,0,1,0.47963759303092957,0,1,0.6008205711841583,0,1
SIHDR_100,SIHDR_100_e07.jpg,91,7,train,11.287712097167969,17.194602966308594,16.611074447631836,0.5835285186767578,0,17.194602966308594,17.194602966308594,0,0,1,0.4844353199005127,0,1,0.6008205711841583,0,1
SIHDR_100,SIHDR_100_e08.jpg,91,8,train,10.287712097167969,17.194602966308594,16.220380783081055,0.9742221832275391,0,17.194602966308594,17.194602966308594,0,0,1,0.4903194010257721,0,1,0.6008205711841583,0,1
SIHDR_100,SIHDR_100_e09.jpg,91,9,train,9.38082218170166,17.194602966308594,15.846013069152832,1.3485898971557617,0,17.194602966308594,17.194602966308594,0,0,1,0.49621695280075073,0,1,0.6008205711841583,0,1
SIHDR_100,SIHDR_100_e10.jpg,91,10,train,8.38082218170166,17.194602966308594,15.426722526550293,1.7678804397583008,0,17.194602966308594,17.194602966308594,0,0,1,0.5031844973564148,1,0,0.6008205711841583,0,1
SIHDR_100,SIHDR_100_e11.jpg,91,11,train,7.380821704864502,17.194602966308594,14.984858512878418,2.209744453430176,0,17.194602966308594,17.194602966308594,0,0,1,0.511285662651062,1,0,0.6008205711841583,0,1
SIHDR_100,SIHDR_100_e12.jpg,91,12,train,6.321928024291992,17.194602966308594,14.456751823425293,2.737851142883301,0,17.194602966308594,17.194602966308594,0,0,1,0.5196543335914612,1,0,0.6008205711841583,0,1
SIHDR_100,SIHDR_100_e13.jpg,91,13,train,5.321928024291992,17.194602966308594,13.95616626739502,3.238436698913574,0,17.194602966308594,17.194602966308594,0,0,1,0.5275920033454895,1,0,0.6008205711841583,0,1
SIHDR_100,SIHDR_100_e14.jpg,91,14,train,4.321928024291992,17.194602966308594,13.45500373840332,3.7395992279052734,0,17.194602966308594,17.194602966308594,0,0,1,0.53520268201828,1,0,0.6008205711841583,0,1
SIHDR_101,SIHDR_101_e00.jpg,92,0,validation,17.194602966308594,17.194602966308594,18.803668975830078,1.6090660095214844,0,17.194602966308594,17.194602966308594,0,0,1,0.4540223777294159,0,1,0.6008205711841583,0,1
SIHDR_101,SIHDR_101_e01.jpg,92,1,validation,16.28771209716797,17.194602966308594,18.548479080200195,1.3538761138916016,0,17.194602966308594,17.194602966308594,0,0,1,0.4551948308944702,0,1,0.6008205711841583,0,1
SIHDR_101,SIHDR_101_e02.jpg,92,2,validation,15.872674942016602,17.194602966308594,18.39266586303711,1.1980628967285156,0,17.194602966308594,17.194602966308594,0,0,1,0.45666608214378357,0,1,0.6008205711841583,0,1
SIHDR_101,SIHDR_101_e03.jpg,92,3,validation,15.287712097167969,17.194602966308594,18.224720001220703,1.0301170349121094,0,17.194602966308594,17.194602966308594,0,0,1,0.45870739221572876,0,1,0.6008205711841583,0,1
SIHDR_101,SIHDR_101_e04.jpg,92,4,validation,14.287712097167969,17.194602966308594,17.91873550415039,0.7241325378417969,0,17.194602966308594,17.194602966308594,0,0,1,0.4632090628147125,0,1,0.6008205711841583,0,1
SIHDR_101,SIHDR_101_e05.jpg,92,5,validation,13.287712097167969,17.194602966308594,17.542644500732422,0.3480415344238281,0,17.194602966308594,17.194602966308594,0,0,1,0.469083696603775,0,1,0.6008205711841583,0,1
SIHDR_101,SIHDR_101_e06.jpg,92,6,validation,12.287712097167969,17.194602966308594,17.133928298950195,0.06067466735839844,0,17.194602966308594,17.194602966308594,0,0,1,0.475532591342926,0,1,0.6008205711841583,0,1
SIHDR_101,SIHDR_101_e07.jpg,92,7,validation,11.287712097167969,17.194602966308594,16.71000862121582,0.48459434509277344,0,17.194602966308594,17.194602966308594,0,0,1,0.48225289583206177,0,1,0.6008205711841583,0,1
SIHDR_101,SIHDR_101_e08.jpg,92,8,validation,10.287712097167969,17.194602966308594,16.278871536254883,0.9157314300537109,0,17.194602966308594,17.194602966308594,0,0,1,0.48910102248191833,0,1,0.6008205711841583,0,1
SIHDR_101,SIHDR_101_e09.jpg,92,9,validation,9.38082218170166,17.194602966308594,15.884336471557617,1.3102664947509766,0,17.194602966308594,17.194602966308594,0,0,1,0.4954524338245392,0,1,0.6008205711841583,0,1
SIHDR_101,SIHDR_101_e10.jpg,92,10,validation,8.38082218170166,17.194602966308594,15.446784019470215,1.747818946838379,0,17.194602966308594,17.194602966308594,0,0,1,0.5027774572372437,1,0,0.6008205711841583,0,1
SIHDR_101,SIHDR_101_e11.jpg,92,11,validation,7.380821704864502,17.194602966308594,14.9901123046875,2.2044906616210938,0,17.194602966308594,17.194602966308594,0,0,1,0.5111476182937622,1,0,0.6008205711841583,0,1
SIHDR_101,SIHDR_101_e12.jpg,92,12,validation,6.321928024291992,17.194602966308594,14.459078788757324,2.7355241775512695,0,17.194602966308594,17.194602966308594,0,0,1,0.5195919871330261,1,0,0.6008205711841583,0,1
SIHDR_101,SIHDR_101_e13.jpg,92,13,validation,5.321928024291992,17.194602966308594,13.95732307434082,3.2372798919677734,0,17.194602966308594,17.194602966308594,0,0,1,0.527560830116272,1,0,0.6008205711841583,0,1
SIHDR_101,SIHDR_101_e14.jpg,92,14,validation,4.321928024291992,17.194602966308594,13.45557689666748,3.7390260696411133,0,17.194602966308594,17.194602966308594,0,0,1,0.5351872444152832,1,0,0.6008205711841583,0,1
SIHDR_103,SIHDR_103_e00.jpg,93,0,train,17.194602966308594,15.872674942016602,17.835378646850586,1.9627037048339844,1,15.287712097167969,17.194602966308594,0,,0,0.5566462874412537,1,,0.6008205711841583,0,
SIHDR_103,SIHDR_103_e01.jpg,93,1,train,16.28771209716797,15.872674942016602,17.38304901123047,1.5103740692138672,1,15.287712097167969,17.194602966308594,0,,0,0.5450747609138489,1,,0.6008205711841583,0,
SIHDR_103,SIHDR_103_e02.jpg,93,2,train,15.872674942016602,15.872674942016602,17.201448440551758,1.3287734985351562,1,15.287712097167969,17.194602966308594,0,,0,0.5389620661735535,1,,0.6008205711841583,0,
SIHDR_103,SIHDR_103_e03.jpg,93,3,train,15.287712097167969,15.872674942016602,16.9212646484375,1.0485897064208984,1,15.287712097167969,17.194602966308594,1,,0,0.5302864909172058,1,,0.6008205711841583,0,
SIHDR_103,SIHDR_103_e04.jpg,93,4,train,14.287712097167969,15.872674942016602,16.667648315429688,0.7949733734130859,1,15.287712097167969,17.194602966308594,1,,0,0.5188837647438049,1,,0.6008205711841583,0,
SIHDR_103,SIHDR_103_e05.jpg,93,5,train,13.287712097167969,15.872674942016602,16.519739151000977,0.647064208984375,1,15.287712097167969,17.194602966308594,1,,0,0.5109736323356628,1,,0.6008205711841583,0,
SIHDR_103,SIHDR_103_e06.jpg,93,6,train,12.287712097167969,15.872674942016602,16.436017990112305,0.5633430480957031,1,15.287712097167969,17.194602966308594,1,,0,0.5023786425590515,1,,0.6008205711841583,0,
SIHDR_103,SIHDR_103_e07.jpg,93,7,train,11.287712097167969,15.872674942016602,16.2609920501709,0.3883171081542969,1,15.287712097167969,17.194602966308594,1,,0,0.4984937012195587,0,,0.6008205711841583,0,
SIHDR_103,SIHDR_103_e08.jpg,93,8,train,10.287712097167969,15.872674942016602,16.00897789001465,0.13630294799804688,1,15.287712097167969,17.194602966308594,1,,0,0.4988676905632019,0,,0.6008205711841583,0,
SIHDR_103,SIHDR_103_e09.jpg,93,9,train,9.38082218170166,15.872674942016602,15.720686912536621,0.15198802947998047,1,15.287712097167969,17.194602966308594,1,,0,0.5013548731803894,1,,0.6008205711841583,0,
SIHDR_103,SIHDR_103_e10.jpg,93,10,train,8.38082218170166,15.872674942016602,15.3549222946167,0.5177526473999023,1,15.287712097167969,17.194602966308594,1,,0,0.5058626532554626,1,,0.6008205711841583,0,
SIHDR_103,SIHDR_103_e11.jpg,93,11,train,7.380821704864502,15.872674942016602,14.94783878326416,0.9248361587524414,1,15.287712097167969,17.194602966308594,0,,0,0.51255202293396,1,,0.6008205711841583,0,
SIHDR_103,SIHDR_103_e12.jpg,93,12,train,6.321928024291992,15.872674942016602,14.438424110412598,1.434250831604004,1,15.287712097167969,17.194602966308594,0,,0,0.5202644467353821,1,,0.6008205711841583,0,
SIHDR_103,SIHDR_103_e13.jpg,93,13,train,5.321928024291992,15.872674942016602,13.946210861206055,1.9264640808105469,1,15.287712097167969,17.194602966308594,0,,0,0.5279098153114319,1,,0.6008205711841583,0,
SIHDR_103,SIHDR_103_e14.jpg,93,14,train,4.321928024291992,15.872674942016602,13.450937271118164,2.4217376708984375,1,15.287712097167969,17.194602966308594,0,,0,0.5353561639785767,1,,0.6008205711841583,0,
SIHDR_104,SIHDR_104_e00.jpg,94,0,test,17.194602966308594,17.194602966308594,18.577348709106445,1.3827457427978516,0,17.194602966308594,17.194602966308594,0,0,1,0.4651288390159607,0,1,0.6008205711841583,0,1
SIHDR_104,SIHDR_104_e01.jpg,94,1,test,16.28771209716797,17.194602966308594,18.363901138305664,1.1692981719970703,0,17.194602966308594,17.194602966308594,0,0,1,0.46325916051864624,0,1,0.6008205711841583,0,1
SIHDR_104,SIHDR_104_e02.jpg,94,2,test,15.872674942016602,17.194602966308594,18.214052200317383,1.019449234008789,0,17.194602966308594,17.194602966308594,0,0,1,0.4638904929161072,0,1,0.6008205711841583,0,1
SIHDR_104,SIHDR_104_e03.jpg,94,3,test,15.287712097167969,17.194602966308594,17.975303649902344,0.78070068359375,0,17.194602966308594,17.194602966308594,0,0,1,0.4658434987068176,0,1,0.6008205711841583,0,1
SIHDR_104,SIHDR_104_e04.jpg,94,4,test,14.287712097167969,17.194602966308594,17.690340042114258,0.49573707580566406,0,17.194602966308594,17.194602966308594,0,0,1,0.4687773883342743,0,1,0.6008205711841583,0,1
SIHDR_104,SIHDR_104_e05.jpg,94,5,test,13.287712097167969,17.194602966308594,17.368120193481445,0.17351722717285156,0,17.194602966308594,17.194602966308594,0,0,1,0.4729840159416199,0,1,0.6008205711841583,0,1
SIHDR_104,SIHDR_104_e06.jpg,94,6,test,12.287712097167969,17.194602966308594,17.008323669433594,0.186279296875,0,17.194602966308594,17.194602966308594,0,0,1,0.4781968295574188,0,1,0.6008205711841583,0,1
SIHDR_104,SIHDR_104_e07.jpg,94,7,test,11.287712097167969,17.194602966308594,16.625329971313477,0.5692729949951172,0,17.194602966308594,17.194602966308594,0,0,1,0.4839899241924286,0,1,0.6008205711841583,0,1
SIHDR_104,SIHDR_104_e08.jpg,94,8,test,10.287712097167969,17.194602966308594,16.224708557128906,0.9698944091796875,0,17.194602966308594,17.194602966308594,0,0,1,0.4902075529098511,0,1,0.6008205711841583,0,1
SIHDR_104,SIHDR_104_e09.jpg,94,9,test,9.38082218170166,17.194602966308594,15.850908279418945,1.3436946868896484,0,17.194602966308594,17.194602966308594,0,0,1,0.4961559474468231,0,1,0.6008205711841583,0,1
SIHDR_104,SIHDR_104_e10.jpg,94,10,test,8.38082218170166,17.194602966308594,15.42728328704834,1.767319679260254,0,17.194602966308594,17.194602966308594,0,0,1,0.5031945109367371,1,0,0.6008205711841583,0,1
SIHDR_104,SIHDR_104_e11.jpg,94,11,test,7.380821704864502,17.194602966308594,14.980023384094238,2.2145795822143555,0,17.194602966308594,17.194602966308594,0,0,1,0.5113543272018433,1,0,0.6008205711841583,0,1
SIHDR_104,SIHDR_104_e12.jpg,94,12,test,6.321928024291992,17.194602966308594,14.453893661499023,2.7407093048095703,0,17.194602966308594,17.194602966308594,0,0,1,0.5196956992149353,1,0,0.6008205711841583,0,1
SIHDR_104,SIHDR_104_e13.jpg,94,13,test,5.321928024291992,17.194602966308594,13.954771995544434,3.23983097076416,0,17.194602966308594,17.194602966308594,0,0,1,0.5276119709014893,1,0,0.6008205711841583,0,1
SIHDR_104,SIHDR_104_e14.jpg,94,14,test,4.321928024291992,17.194602966308594,13.454355239868164,3.7402477264404297,0,17.194602966308594,17.194602966308594,0,0,1,0.5352123379707336,1,0,0.6008205711841583,0,1
SIHDR_105,SIHDR_105_e00.jpg,95,0,validation,17.194602966308594,13.287712097167969,17.099958419799805,3.812246322631836,1,11.287712097167969,15.872674942016602,0,,0,0.5798001885414124,1,,0.6008205711841583,0,
SIHDR_105,SIHDR_105_e01.jpg,95,1,validation,16.28771209716797,13.287712097167969,16.949777603149414,3.6620655059814453,1,11.287712097167969,15.872674942016602,0,,0,0.5395451784133911,1,,0.6008205711841583,0,
SIHDR_105,SIHDR_105_e02.jpg,95,2,validation,15.872674942016602,13.287712097167969,16.81650733947754,3.5287952423095703,1,11.287712097167969,15.872674942016602,0,,0,0.5267439484596252,1,,0.6008205711841583,0,
SIHDR_105,SIHDR_105_e03.jpg,95,3,validation,15.287712097167969,13.287712097167969,16.603147506713867,3.3154354095458984,1,11.287712097167969,15.872674942016602,0,,0,0.5130925178527832,1,,0.6008205711841583,0,
SIHDR_105,SIHDR_105_e04.jpg,95,4,validation,14.287712097167969,13.287712097167969,16.171653747558594,2.883941650390625,1,11.287712097167969,15.872674942016602,0,,0,0.5002833604812622,1,,0.6008205711841583,0,
SIHDR_105,SIHDR_105_e05.jpg,95,5,validation,13.287712097167969,13.287712097167969,16.029016494750977,2.741304397583008,1,11.287712097167969,15.872674942016602,0,,0,0.4945695698261261,0,,0.6008205711841583,0,
SIHDR_105,SIHDR_105_e06.jpg,95,6,validation,12.287712097167969,13.287712097167969,16.058074951171875,2.7703628540039062,1,11.287712097167969,15.872674942016602,0,,0,0.49185997247695923,0,,0.6008205711841583,0,
SIHDR_105,SIHDR_105_e07.jpg,95,7,validation,11.287712097167969,13.287712097167969,16.07236671447754,2.7846546173095703,1,11.287712097167969,15.872674942016602,0,,0,0.4915245771408081,0,,0.6008205711841583,0,
SIHDR_105,SIHDR_105_e08.jpg,95,8,validation,10.287712097167969,13.287712097167969,15.900228500366211,2.612516403198242,1,11.287712097167969,15.872674942016602,0,,0,0.494383841753006,0,,0.6008205711841583,0,
SIHDR_105,SIHDR_105_e09.jpg,95,9,validation,9.38082218170166,13.287712097167969,15.641948699951172,2.354236602783203,1,11.287712097167969,15.872674942016602,1,,0,0.49870672821998596,0,,0.6008205711841583,0,
SIHDR_105,SIHDR_105_e10.jpg,95,10,validation,8.38082218170166,13.287712097167969,15.294690132141113,2.0069780349731445,1,11.287712097167969,15.872674942016602,1,,0,0.504793107509613,1,,0.6008205711841583,0,
SIHDR_105,SIHDR_105_e11.jpg,95,11,validation,7.380821704864502,13.287712097167969,14.905156135559082,1.6174440383911133,1,11.287712097167969,15.872674942016602,1,,0,0.5122067928314209,1,,0.6008205711841583,0,
SIHDR_105,SIHDR_105_e12.jpg,95,12,validation,6.321928024291992,13.287712097167969,14.418564796447754,1.1308526992797852,1,11.287712097167969,15.872674942016602,1,,0,0.5200744271278381,1,,0.6008205711841583,0,
SIHDR_105,SIHDR_105_e13.jpg,95,13,validation,5.321928024291992,13.287712097167969,13.933053970336914,0.6453418731689453,1,11.287712097167969,15.872674942016602,1,,0,0.5278387665748596,1,,0.6008205711841583,0,
SIHDR_105,SIHDR_105_e14.jpg,95,14,validation,4.321928024291992,13.287712097167969,13.443233489990234,0.15552139282226562,1,11.287712097167969,15.872674942016602,1,,0,0.535340428352356,1,,0.6008205711841583,0,
SIHDR_106,SIHDR_106_e00.jpg,96,0,validation,17.194602966308594,15.287712097167969,16.9637508392334,1.6760387420654297,1,12.287712097167969,16.28771209716797,0,,0,0.6824894547462463,1,,0.6008205711841583,1,
SIHDR_106,SIHDR_106_e01.jpg,96,1,validation,16.28771209716797,15.287712097167969,16.82936668395996,1.5416545867919922,1,12.287712097167969,16.28771209716797,0,,0,0.62083899974823,1,,0.6008205711841583,1,
SIHDR_106,SIHDR_106_e02.jpg,96,2,validation,15.872674942016602,15.287712097167969,16.744150161743164,1.4564380645751953,1,12.287712097167969,16.28771209716797,0,,0,0.5958384275436401,1,,0.6008205711841583,0,
SIHDR_106,SIHDR_106_e03.jpg,96,3,validation,15.287712097167969,15.287712097167969,16.569828033447266,1.2821159362792969,1,12.287712097167969,16.28771209716797,0,,0,0.5660314559936523,1,,0.6008205711841583,0,
SIHDR_106,SIHDR_106_e04.jpg,96,4,validation,14.287712097167969,15.287712097167969,16.15390968322754,0.8661975860595703,1,12.287712097167969,16.28771209716797,1,,0,0.5306388139724731,1,,0.6008205711841583,0,
SIHDR_106,SIHDR_106_e05.jpg,96,5,validation,13.287712097167969,15.287712097167969,15.64668083190918,0.35896873474121094,1,12.287712097167969,16.28771209716797,1,,0,0.5134807825088501,1,,0.6008205711841583,0,
SIHDR_106,SIHDR_106_e06.jpg,96,6,validation,12.287712097167969,15.287712097167969,15.685561180114746,0.39784908294677734,1,12.287712097167969,16.28771209716797,1,,0,0.5047336220741272,1,,0.6008205711841583,0,
SIHDR_106,SIHDR_106_e07.jpg,96,7,validation,11.287712097167969,15.287712097167969,15.873493194580078,0.5857810974121094,1,12.287712097167969,16.28771209716797,1,,0,0.49842965602874756,0,,0.6008205711841583,0,
SIHDR_106,SIHDR_106_e08.jpg,96,8,validation,10.287712097167969,15.287712097167969,15.883277893066406,0.5955657958984375,1,12.287712097167969,16.28771209716797,1,,0,0.4968404173851013,0,,0.6008205711841583,0,
SIHDR_106,SIHDR_106_e09.jpg,96,9,validation,9.38082218170166,15.287712097167969,15.675138473510742,0.38742637634277344,1,12.287712097167969,16.28771209716797,1,,0,0.4996810853481293,0,,0.6008205711841583,0,
SIHDR_106,SIHDR_106_e10.jpg,96,10,validation,8.38082218170166,15.287712097167969,15.327853202819824,0.04014110565185547,1,12.287712097167969,16.28771209716797,1,,0,0.5050352215766907,1,,0.6008205711841583,0,
SIHDR_106,SIHDR_106_e11.jpg,96,11,validation,7.380821704864502,15.287712097167969,14.924651145935059,0.36306095123291016,1,12.287712097167969,16.28771209716797,1,,0,0.5123417973518372,1,,0.6008205711841583,0,
SIHDR_106,SIHDR_106_e12.jpg,96,12,validation,6.321928024291992,15.287712097167969,14.432851791381836,0.8548603057861328,1,12.287712097167969,16.28771209716797,1,,0,0.5201070308685303,1,,0.6008205711841583,0,
SIHDR_106,SIHDR_106_e13.jpg,96,13,validation,5.321928024291992,15.287712097167969,13.941000938415527,1.3467111587524414,1,12.287712097167969,16.28771209716797,1,,0,0.527861475944519,1,,0.6008205711841583,0,
SIHDR_106,SIHDR_106_e14.jpg,96,14,validation,4.321928024291992,15.287712097167969,13.444987297058105,1.8427248001098633,1,12.287712097167969,16.28771209716797,1,,0,0.5353650450706482,1,,0.6008205711841583,0,
SIHDR_107,SIHDR_107_e00.jpg,97,0,validation,17.194602966308594,14.287712097167969,17.74807357788086,3.4603614807128906,1,13.287712097167969,15.287712097167969,0,1,1,0.582817792892456,1,1,0.6008205711841583,0,0
SIHDR_107,SIHDR_107_e01.jpg,97,1,validation,16.28771209716797,14.287712097167969,17.34636116027832,3.0586490631103516,1,13.287712097167969,15.287712097167969,0,1,1,0.5549516081809998,1,1,0.6008205711841583,0,0
SIHDR_107,SIHDR_107_e02.jpg,97,2,validation,15.872674942016602,14.287712097167969,17.04012107849121,2.752408981323242,1,13.287712097167969,15.287712097167969,0,1,1,0.5483385324478149,1,1,0.6008205711841583,0,0
SIHDR_107,SIHDR_107_e03.jpg,97,3,validation,15.287712097167969,14.287712097167969,16.753158569335938,2.4654464721679688,1,13.287712097167969,15.287712097167969,0,1,1,0.5347508192062378,1,1,0.6008205711841583,0,0
SIHDR_107,SIHDR_107_e04.jpg,97,4,validation,14.287712097167969,14.287712097167969,16.50929832458496,2.221586227416992,1,13.287712097167969,15.287712097167969,0,1,1,0.5107489228248596,1,1,0.6008205711841583,0,0
SIHDR_107,SIHDR_107_e05.jpg,97,5,validation,13.287712097167969,14.287712097167969,16.07808494567871,1.7903728485107422,1,13.287712097167969,15.287712097167969,0,1,1,0.5023531913757324,1,1,0.6008205711841583,0,0
SIHDR_107,SIHDR_107_e06.jpg,97,6,validation,12.287712097167969,14.287712097167969,16.078710556030273,1.7909984588623047,1,13.287712097167969,15.287712097167969,0,1,1,0.49684402346611023,0,0,0.6008205711841583,0,0
SIHDR_107,SIHDR_107_e07.jpg,97,7,validation,11.287712097167969,14.287712097167969,16.107446670532227,1.8197345733642578,1,13.287712097167969,15.287712097167969,0,1,1,0.49440112709999084,0,0,0.6008205711841583,0,0
SIHDR_107,SIHDR_107_e08.jpg,97,8,validation,10.287712097167969,14.287712097167969,15.908686637878418,1.6209745407104492,1,13.287712097167969,15.287712097167969,0,1,1,0.4966837465763092,0,0,0.6008205711841583,0,0
SIHDR_107,SIHDR_107_e09.jpg,97,9,validation,9.38082218170166,14.287712097167969,15.667468070983887,1.379755973815918,1,13.287712097167969,15.287712097167969,0,1,1,0.5002732872962952,1,1,0.6008205711841583,0,0
SIHDR_107,SIHDR_107_e10.jpg,97,10,validation,8.38082218170166,14.287712097167969,15.351792335510254,1.0640802383422852,1,13.287712097167969,15.287712097167969,0,1,1,0.5051409602165222,1,1,0.6008205711841583,0,0
SIHDR_107,SIHDR_107_e11.jpg,97,11,validation,7.380821704864502,14.287712097167969,14.94728946685791,0.6595773696899414,1,13.287712097167969,15.287712097167969,1,1,1,0.5121705532073975,1,1,0.6008205711841583,0,0
SIHDR_107,SIHDR_107_e12.jpg,97,12,validation,6.321928024291992,14.287712097167969,14.438963890075684,0.15125179290771484,1,13.287712097167969,15.287712097167969,1,1,1,0.5200768113136292,1,1,0.6008205711841583,0,0
SIHDR_107,SIHDR_107_e13.jpg,97,13,validation,5.321928024291992,14.287712097167969,13.946359634399414,0.3413524627685547,1,13.287712097167969,15.287712097167969,1,1,1,0.5278083682060242,1,1,0.6008205711841583,0,0
SIHDR_107,SIHDR_107_e14.jpg,97,14,validation,4.321928024291992,14.287712097167969,13.449626922607422,0.8380851745605469,1,13.287712097167969,15.287712097167969,1,1,1,0.535313606262207,1,1,0.6008205711841583,0,0
SIHDR_108,SIHDR_108_e00.jpg,98,0,train,17.194602966308594,17.194602966308594,17.791101455688477,0.5964984893798828,0,17.194602966308594,17.194602966308594,0,0,1,0.5386353135108948,1,0,0.6008205711841583,0,1
SIHDR_108,SIHDR_108_e01.jpg,98,1,train,16.28771209716797,17.194602966308594,17.301382064819336,0.10677909851074219,0,17.194602966308594,17.194602966308594,0,0,1,0.5098506212234497,1,0,0.6008205711841583,0,1
SIHDR_108,SIHDR_108_e02.jpg,98,2,train,15.872674942016602,17.194602966308594,17.09986686706543,0.09473609924316406,0,17.194602966308594,17.194602966308594,0,0,1,0.5022873878479004,1,0,0.6008205711841583,0,1
SIHDR_108,SIHDR_108_e03.jpg,98,3,train,15.287712097167969,17.194602966308594,17.06044578552246,0.1341571807861328,0,17.194602966308594,17.194602966308594,0,0,1,0.48969417810440063,0,1,0.6008205711841583,0,1
SIHDR_108,SIHDR_108_e04.jpg,98,4,train,14.287712097167969,17.194602966308594,17.548030853271484,0.3534278869628906,0,17.194602966308594,17.194602966308594,0,0,1,0.4737979471683502,0,1,0.6008205711841583,0,1
SIHDR_108,SIHDR_108_e05.jpg,98,5,train,13.287712097167969,17.194602966308594,17.392404556274414,0.1978015899658203,0,17.194602966308594,17.194602966308594,0,0,1,0.4738393723964691,0,1,0.6008205711841583,0,1
SIHDR_108,SIHDR_108_e06.jpg,98,6,train,12.287712097167969,17.194602966308594,17.0561580657959,0.1384449005126953,0,17.194602966308594,17.194602966308594,0,0,1,0.47792673110961914,0,1,0.6008205711841583,0,1
SIHDR_108,SIHDR_108_e07.jpg,98,7,train,11.287712097167969,17.194602966308594,16.669931411743164,0.5246715545654297,0,17.194602966308594,17.194602966308594,0,0,1,0.4834510087966919,0,1,0.6008205711841583,0,1
SIHDR_108,SIHDR_108_e08.jpg,98,8,train,10.287712097167969,17.194602966308594,16.25792121887207,0.9366817474365234,0,17.194602966308594,17.194602966308594,0,0,1,0.48970216512680054,0,1,0.6008205711841583,0,1
SIHDR_108,SIHDR_108_e09.jpg,98,9,train,9.38082218170166,17.194602966308594,15.872546195983887,1.322056770324707,0,17.194602966308594,17.194602966308594,0,0,1,0.4958031177520752,0,1,0.6008205711841583,0,1
SIHDR_108,SIHDR_108_e10.jpg,98,10,train,8.38082218170166,17.194602966308594,15.440774917602539,1.7538280487060547,0,17.194602966308594,17.194602966308594,0,0,1,0.5029544830322266,1,0,0.6008205711841583,0,1
SIHDR_108,SIHDR_108_e11.jpg,98,11,train,7.380821704864502,17.194602966308594,14.986846923828125,2.2077560424804688,0,17.194602966308594,17.194602966308594,0,0,1,0.5112371444702148,1,0,0.6008205711841583,0,1
SIHDR_108,SIHDR_108_e12.jpg,98,12,train,6.321928024291992,17.194602966308594,14.457440376281738,2.7371625900268555,0,17.194602966308594,17.194602966308594,0,0,1,0.5196359157562256,1,0,0.6008205711841583,0,1
SIHDR_108,SIHDR_108_e13.jpg,98,13,train,5.321928024291992,17.194602966308594,13.956559181213379,3.238043785095215,0,17.194602966308594,17.194602966308594,0,0,1,0.5275822281837463,1,0,0.6008205711841583,0,1
SIHDR_108,SIHDR_108_e14.jpg,98,14,train,4.321928024291992,17.194602966308594,13.455246925354004,3.73935604095459,0,17.194602966308594,17.194602966308594,0,0,1,0.5351970791816711,1,0,0.6008205711841583,0,1
SIHDR_109,SIHDR_109_e00.jpg,99,0,train,17.194602966308594,16.28771209716797,17.86821937561035,1.5805072784423828,1,15.872674942016602,17.194602966308594,0,,0,0.5551089644432068,1,,0.6008205711841583,0,
SIHDR_109,SIHDR_109_e01.jpg,99,1,train,16.28771209716797,16.28771209716797,17.530353546142578,1.2426414489746094,1,15.872674942016602,17.194602966308594,0,,0,0.513397753238678,1,,0.6008205711841583,0,
SIHDR_109,SIHDR_109_e02.jpg,99,2,train,15.872674942016602,16.28771209716797,17.3221492767334,1.0344371795654297,1,15.872674942016602,17.194602966308594,0,,0,0.5025400519371033,1,,0.6008205711841583,0,
SIHDR_109,SIHDR_109_e03.jpg,99,3,train,15.287712097167969,16.28771209716797,17.040285110473633,0.7525730133056641,1,15.872674942016602,17.194602966308594,1,,0,0.49291136860847473,0,,0.6008205711841583,0,
SIHDR_109,SIHDR_109_e04.jpg,99,4,train,14.287712097167969,16.28771209716797,16.71845054626465,0.4307384490966797,1,15.872674942016602,17.194602966308594,1,,0,0.4848628342151642,0,,0.6008205711841583,0,
SIHDR_109,SIHDR_109_e05.jpg,99,5,train,13.287712097167969,16.28771209716797,16.57065773010254,0.2829456329345703,1,15.872674942016602,17.194602966308594,1,,0,0.4836299419403076,0,,0.6008205711841583,0,
SIHDR_109,SIHDR_109_e06.jpg,99,6,train,12.287712097167969,16.28771209716797,16.54420280456543,0.25649070739746094,1,15.872674942016602,17.194602966308594,1,,0,0.4838823676109314,0,,0.6008205711841583,0,
SIHDR_109,SIHDR_109_e07.jpg,99,7,train,11.287712097167969,16.28771209716797,16.32085418701172,0.03314208984375,1,15.872674942016602,17.194602966308594,1,,0,0.4873267114162445,0,,0.6008205711841583,0,
SIHDR_109,SIHDR_109_e08.jpg,99,8,train,10.287712097167969,16.28771209716797,16.051982879638672,0.23572921752929688,1,15.872674942016602,17.194602966308594,1,,0,0.4920428991317749,0,,0.6008205711841583,0,
SIHDR_109,SIHDR_109_e09.jpg,99,9,train,9.38082218170166,16.28771209716797,15.74902057647705,0.538691520690918,1,15.872674942016602,17.194602966308594,0,,0,0.4973190128803253,0,,0.6008205711841583,0,
SIHDR_109,SIHDR_109_e10.jpg,99,10,train,8.38082218170166,16.28771209716797,15.366610527038574,0.9211015701293945,1,15.872674942016602,17.194602966308594,0,,0,0.5038941502571106,1,,0.6008205711841583,0,
SIHDR_109,SIHDR_109_e11.jpg,99,11,train,7.380821704864502,16.28771209716797,14.937005043029785,1.3507070541381836,1,15.872674942016602,17.194602966308594,0,,0,0.511868953704834,1,,0.6008205711841583,0,
SIHDR_109,SIHDR_109_e12.jpg,99,12,train,6.321928024291992,16.28771209716797,14.431473731994629,1.8562383651733398,1,15.872674942016602,17.194602966308594,0,,0,0.5199992656707764,1,,0.6008205711841583,0,
SIHDR_109,SIHDR_109_e13.jpg,99,13,train,5.321928024291992,16.28771209716797,13.950637817382812,2.3370742797851562,1,15.872674942016602,17.194602966308594,0,,0,0.5276623964309692,1,,0.6008205711841583,0,
SIHDR_109,SIHDR_109_e14.jpg,99,14,train,4.321928024291992,16.28771209716797,13.452302932739258,2.835409164428711,1,15.872674942016602,17.194602966308594,0,,0,0.5352342128753662,1,,0.6008205711841583,0,
SIHDR_110,SIHDR_110_e00.jpg,100,0,test,17.194602966308594,16.28771209716797,16.62607765197754,0.3383655548095703,1,15.872674942016602,17.194602966308594,1,0,1,0.6514467000961304,1,0,0.6008205711841583,1,0
SIHDR_110,SIHDR_110_e01.jpg,100,1,test,16.28771209716797,16.28771209716797,16.38018226623535,0.09247016906738281,1,15.872674942016602,17.194602966308594,1,0,1,0.577551007270813,1,0,0.6008205711841583,0,1
SIHDR_110,SIHDR_110_e02.jpg,100,2,test,15.872674942016602,16.28771209716797,15.978629112243652,0.3090829849243164,1,15.872674942016602,17.194602966308594,1,0,1,0.5652092695236206,1,0,0.6008205711841583,0,1
SIHDR_110,SIHDR_110_e03.jpg,100,3,test,15.287712097167969,16.28771209716797,15.420193672180176,0.867518424987793,1,15.872674942016602,17.194602966308594,0,0,1,0.5606471300125122,1,0,0.6008205711841583,0,1
SIHDR_110,SIHDR_110_e04.jpg,100,4,test,14.287712097167969,16.28771209716797,15.836298942565918,0.4514131546020508,1,15.872674942016602,17.194602966308594,0,0,1,0.5089513063430786,1,0,0.6008205711841583,0,1
SIHDR_110,SIHDR_110_e05.jpg,100,5,test,13.287712097167969,16.28771209716797,15.357989311218262,0.929722785949707,1,15.872674942016602,17.194602966308594,0,0,1,0.5019885301589966,1,0,0.6008205711841583,0,1
SIHDR_110,SIHDR_110_e06.jpg,100,6,test,12.287712097167969,16.28771209716797,15.976263999938965,0.3114480972290039,1,15.872674942016602,17.194602966308594,1,0,1,0.4879552125930786,0,1,0.6008205711841583,0,1
SIHDR_110,SIHDR_110_e07.jpg,100,7,test,11.287712097167969,16.28771209716797,16.19698715209961,0.09072494506835938,1,15.872674942016602,17.194602966308594,1,0,1,0.4867788851261139,0,1,0.6008205711841583,0,1
SIHDR_110,SIHDR_110_e08.jpg,100,8,test,10.287712097167969,16.28771209716797,15.994973182678223,0.2927389144897461,1,15.872674942016602,17.194602966308594,1,0,1,0.4913312792778015,0,1,0.6008205711841583,0,1
SIHDR_110,SIHDR_110_e09.jpg,100,9,test,9.38082218170166,16.28771209716797,15.714558601379395,0.5731534957885742,1,15.872674942016602,17.194602966308594,0,0,1,0.4968048334121704,0,1,0.6008205711841583,0,1
SIHDR_110,SIHDR_110_e10.jpg,100,10,test,8.38082218170166,16.28771209716797,15.351929664611816,0.9357824325561523,1,15.872674942016602,17.194602966308594,0,0,1,0.5035274028778076,1,0,0.6008205711841583,0,1
SIHDR_110,SIHDR_110_e11.jpg,100,11,test,7.380821704864502,16.28771209716797,14.936844825744629,1.3508672714233398,1,15.872674942016602,17.194602966308594,0,0,1,0.5116603970527649,1,0,0.6008205711841583,0,1
SIHDR_110,SIHDR_110_e12.jpg,100,12,test,6.321928024291992,16.28771209716797,14.430243492126465,1.857468605041504,1,15.872674942016602,17.194602966308594,0,0,1,0.5199143886566162,1,0,0.6008205711841583,0,1
SIHDR_110,SIHDR_110_e13.jpg,100,13,test,5.321928024291992,16.28771209716797,13.941187858581543,2.346524238586426,1,15.872674942016602,17.194602966308594,0,0,1,0.5277458429336548,1,0,0.6008205711841583,0,1
SIHDR_110,SIHDR_110_e14.jpg,100,14,test,4.321928024291992,16.28771209716797,13.447930335998535,2.8397817611694336,1,15.872674942016602,17.194602966308594,0,0,1,0.5352780818939209,1,0,0.6008205711841583,0,1
SIHDR_111,SIHDR_111_e00.jpg,101,0,train,17.194602966308594,16.28771209716797,17.85793685913086,1.5702247619628906,1,15.872674942016602,17.194602966308594,0,0,1,0.494676411151886,0,1,0.6008205711841583,0,1
SIHDR_111,SIHDR_111_e01.jpg,101,1,train,16.28771209716797,16.28771209716797,17.522920608520508,1.235208511352539,1,15.872674942016602,17.194602966308594,0,0,1,0.4832655191421509,0,1,0.6008205711841583,0,1
SIHDR_111,SIHDR_111_e02.jpg,101,2,train,15.872674942016602,16.28771209716797,17.478546142578125,1.1908340454101562,1,15.872674942016602,17.194602966308594,0,0,1,0.48055529594421387,0,1,0.6008205711841583,0,1
SIHDR_111,SIHDR_111_e03.jpg,101,3,train,15.287712097167969,16.28771209716797,17.491844177246094,1.204132080078125,1,15.872674942016602,17.194602966308594,0,0,1,0.47723329067230225,0,1,0.6008205711841583,0,1
SIHDR_111,SIHDR_111_e04.jpg,101,4,train,14.287712097167969,16.28771209716797,17.240196228027344,0.952484130859375,1,15.872674942016602,17.194602966308594,0,0,1,0.47811076045036316,0,1,0.6008205711841583,0,1
SIHDR_111,SIHDR_111_e05.jpg,101,5,train,13.287712097167969,16.28771209716797,17.135957717895508,0.8482456207275391,1,15.872674942016602,17.194602966308594,1,0,1,0.4784758388996124,0,1,0.6008205711841583,0,1
SIHDR_111,SIHDR_111_e06.jpg,101,6,train,12.287712097167969,16.28771209716797,16.885738372802734,0.5980262756347656,1,15.872674942016602,17.194602966308594,1,0,1,0.48149925470352173,0,1,0.6008205711841583,0,1
SIHDR_111,SIHDR_111_e07.jpg,101,7,train,11.287712097167969,16.28771209716797,16.557998657226562,0.27028656005859375,1,15.872674942016602,17.194602966308594,1,0,1,0.4858497679233551,0,1,0.6008205711841583,0,1
SIHDR_111,SIHDR_111_e08.jpg,101,8,train,10.287712097167969,16.28771209716797,16.179800033569336,0.10791206359863281,1,15.872674942016602,17.194602966308594,1,0,1,0.4913750886917114,0,1,0.6008205711841583,0,1
SIHDR_111,SIHDR_111_e09.jpg,101,9,train,9.38082218170166,16.28771209716797,15.825614929199219,0.46209716796875,1,15.872674942016602,17.194602966308594,0,0,1,0.49673786759376526,0,1,0.6008205711841583,0,1
SIHDR_111,SIHDR_111_e10.jpg,101,10,train,8.38082218170166,16.28771209716797,15.413858413696289,0.8738536834716797,1,15.872674942016602,17.194602966308594,0,0,1,0.5034831762313843,1,0,0.6008205711841583,0,1
SIHDR_111,SIHDR_111_e11.jpg,101,11,train,7.380821704864502,16.28771209716797,14.97266960144043,1.315042495727539,1,15.872674942016602,17.194602966308594,0,0,1,0.5115190744400024,1,0,0.6008205711841583,0,1
SIHDR_111,SIHDR_111_e12.jpg,101,12,train,6.321928024291992,16.28771209716797,14.450150489807129,1.8375616073608398,1,15.872674942016602,17.194602966308594,0,0,1,0.5197749733924866,1,0,0.6008205711841583,0,1
SIHDR_111,SIHDR_111_e13.jpg,101,13,train,5.321928024291992,16.28771209716797,13.95256519317627,2.335146903991699,1,15.872674942016602,17.194602966308594,0,0,1,0.5276589393615723,1,0,0.6008205711841583,0,1
SIHDR_111,SIHDR_111_e14.jpg,101,14,train,4.321928024291992,16.28771209716797,13.453789710998535,2.8339223861694336,1,15.872674942016602,17.194602966308594,0,0,1,0.5352272987365723,1,0,0.6008205711841583,0,1
SIHDR_112,SIHDR_112_e00.jpg,102,0,train,17.194602966308594,17.194602966308594,18.10674476623535,0.9121417999267578,0,17.194602966308594,17.194602966308594,0,0,1,0.5056920647621155,1,0,0.6008205711841583,0,1
SIHDR_112,SIHDR_112_e01.jpg,102,1,train,16.28771209716797,17.194602966308594,17.832077026367188,0.6374740600585938,0,17.194602966308594,17.194602966308594,0,0,1,0.48508399724960327,0,1,0.6008205711841583,0,1
SIHDR_112,SIHDR_112_e02.jpg,102,2,train,15.872674942016602,17.194602966308594,17.722497940063477,0.5278949737548828,0,17.194602966308594,17.194602966308594,0,0,1,0.4807303547859192,0,1,0.6008205711841583,0,1
SIHDR_112,SIHDR_112_e03.jpg,102,3,train,15.287712097167969,17.194602966308594,17.672588348388672,0.4779853820800781,0,17.194602966308594,17.194602966308594,0,0,1,0.47661423683166504,0,1,0.6008205711841583,0,1
SIHDR_112,SIHDR_112_e04.jpg,102,4,train,14.287712097167969,17.194602966308594,17.53041648864746,0.3358135223388672,0,17.194602966308594,17.194602966308594,0,0,1,0.47470012307167053,0,1,0.6008205711841583,0,1
SIHDR_112,SIHDR_112_e05.jpg,102,5,train,13.287712097167969,17.194602966308594,17.332469940185547,0.13786697387695312,0,17.194602966308594,17.194602966308594,0,0,1,0.4755164086818695,0,1,0.6008205711841583,0,1
SIHDR_112,SIHDR_112_e06.jpg,102,6,train,12.287712097167969,17.194602966308594,17.014196395874023,0.1804065704345703,0,17.194602966308594,17.194602966308594,0,0,1,0.47909244894981384,0,1,0.6008205711841583,0,1
SIHDR_112,SIHDR_112_e07.jpg,102,7,train,11.287712097167969,17.194602966308594,16.64142608642578,0.5531768798828125,0,17.194602966308594,17.194602966308594,0,0,1,0.4842076003551483,0,1,0.6008205711841583,0,1
SIHDR_112,SIHDR_112_e08.jpg,102,8,train,10.287712097167969,17.194602966308594,16.244216918945312,0.9503860473632812,0,17.194602966308594,17.194602966308594,0,0,1,0.4900869131088257,0,1,0.6008205711841583,0,1
SIHDR_112,SIHDR_112_e09.jpg,102,9,train,9.38082218170166,17.194602966308594,15.86621379852295,1.3283891677856445,0,17.194602966308594,17.194602966308594,0,0,1,0.49601560831069946,0,1,0.6008205711841583,0,1
SIHDR_112,SIHDR_112_e10.jpg,102,10,train,8.38082218170166,17.194602966308594,15.439435005187988,1.7551679611206055,0,17.194602966308594,17.194602966308594,0,0,1,0.5030336976051331,1,0,0.6008205711841583,0,1
SIHDR_112,SIHDR_112_e11.jpg,102,11,train,7.380821704864502,17.194602966308594,14.986542701721191,2.2080602645874023,0,17.194602966308594,17.194602966308594,0,0,1,0.5112820863723755,1,0,0.6008205711841583,0,1
SIHDR_112,SIHDR_112_e12.jpg,102,12,train,6.321928024291992,17.194602966308594,14.457697868347168,2.736905097961426,0,17.194602966308594,17.194602966308594,0,0,1,0.5196517705917358,1,0,0.6008205711841583,0,1
SIHDR_112,SIHDR_112_e13.jpg,102,13,train,5.321928024291992,17.194602966308594,13.95665454864502,3.237948417663574,0,17.194602966308594,17.194602966308594,0,0,1,0.5275905132293701,1,0,0.6008205711841583,0,1
SIHDR_112,SIHDR_112_e14.jpg,102,14,train,4.321928024291992,17.194602966308594,13.455267906188965,3.739335060119629,0,17.194602966308594,17.194602966308594,0,0,1,0.5352020263671875,1,0,0.6008205711841583,0,1
SIHDR_113,SIHDR_113_e00.jpg,103,0,validation,17.194602966308594,16.28771209716797,17.789554595947266,1.5018424987792969,1,15.872674942016602,17.194602966308594,0,0,1,0.5236982703208923,1,0,0.6008205711841583,0,1
SIHDR_113,SIHDR_113_e01.jpg,103,1,validation,16.28771209716797,16.28771209716797,17.427297592163086,1.1395854949951172,1,15.872674942016602,17.194602966308594,0,0,1,0.4999309778213501,0,1,0.6008205711841583,0,1
SIHDR_113,SIHDR_113_e02.jpg,103,2,validation,15.872674942016602,16.28771209716797,17.30198860168457,1.0142765045166016,1,15.872674942016602,17.194602966308594,0,0,1,0.4911537170410156,0,1,0.6008205711841583,0,1
SIHDR_113,SIHDR_113_e03.jpg,103,3,validation,15.287712097167969,16.28771209716797,17.101415634155273,0.8137035369873047,1,15.872674942016602,17.194602966308594,1,0,1,0.48366978764533997,0,1,0.6008205711841583,0,1
SIHDR_113,SIHDR_113_e04.jpg,103,4,validation,14.287712097167969,16.28771209716797,17.110822677612305,0.8231105804443359,1,15.872674942016602,17.194602966308594,1,0,1,0.4769553244113922,0,1,0.6008205711841583,0,1
SIHDR_113,SIHDR_113_e05.jpg,103,5,validation,13.287712097167969,16.28771209716797,16.992143630981445,0.7044315338134766,1,15.872674942016602,17.194602966308594,1,0,1,0.4773336350917816,0,1,0.6008205711841583,0,1
SIHDR_113,SIHDR_113_e06.jpg,103,6,validation,12.287712097167969,16.28771209716797,16.824949264526367,0.5372371673583984,1,15.872674942016602,17.194602966308594,1,0,1,0.479969322681427,0,1,0.6008205711841583,0,1
SIHDR_113,SIHDR_113_e07.jpg,103,7,validation,11.287712097167969,16.28771209716797,16.540315628051758,0.25260353088378906,1,15.872674942016602,17.194602966308594,1,0,1,0.48471710085868835,0,1,0.6008205711841583,0,1
SIHDR_113,SIHDR_113_e08.jpg,103,8,validation,10.287712097167969,16.28771209716797,16.212581634521484,0.07513046264648438,1,15.872674942016602,17.194602966308594,1,0,1,0.4900221526622772,0,1,0.6008205711841583,0,1
SIHDR_113,SIHDR_113_e09.jpg,103,9,validation,9.38082218170166,16.28771209716797,15.8463773727417,0.44133472442626953,1,15.872674942016602,17.194602966308594,0,0,1,0.49597805738449097,0,1,0.6008205711841583,0,1
SIHDR_113,SIHDR_113_e10.jpg,103,10,validation,8.38082218170166,16.28771209716797,15.428023338317871,0.8596887588500977,1,15.872674942016602,17.194602966308594,0,0,1,0.5030368566513062,1,0,0.6008205711841583,0,1
SIHDR_113,SIHDR_113_e11.jpg,103,11,validation,7.380821704864502,16.28771209716797,14.981114387512207,1.3065977096557617,1,15.872674942016602,17.194602966308594,0,0,1,0.5112848281860352,1,0,0.6008205711841583,0,1
SIHDR_113,SIHDR_113_e12.jpg,103,12,validation,6.321928024291992,16.28771209716797,14.454349517822266,1.8333625793457031,1,15.872674942016602,17.194602966308594,0,0,1,0.5196635723114014,1,0,0.6008205711841583,0,1
SIHDR_113,SIHDR_113_e13.jpg,103,13,validation,5.321928024291992,16.28771209716797,13.95486068725586,2.3328514099121094,1,15.872674942016602,17.194602966308594,0,0,1,0.5275989174842834,1,0,0.6008205711841583,0,1
SIHDR_113,SIHDR_113_e14.jpg,103,14,validation,4.321928024291992,16.28771209716797,13.454322814941406,2.8333892822265625,1,15.872674942016602,17.194602966308594,0,0,1,0.5352071523666382,1,0,0.6008205711841583,0,1
SIHDR_114,SIHDR_114_e00.jpg,104,0,train,17.194602966308594,16.28771209716797,17.19221305847168,0.9045009613037109,1,15.872674942016602,17.194602966308594,1,,0,0.5815073847770691,1,,0.6008205711841583,0,
SIHDR_114,SIHDR_114_e01.jpg,104,1,train,16.28771209716797,16.28771209716797,17.249284744262695,0.9615726470947266,1,15.872674942016602,17.194602966308594,0,,0,0.5386553406715393,1,,0.6008205711841583,0,
SIHDR_114,SIHDR_114_e02.jpg,104,2,train,15.872674942016602,16.28771209716797,17.277761459350586,0.9900493621826172,1,15.872674942016602,17.194602966308594,0,,0,0.5203648209571838,1,,0.6008205711841583,0,
SIHDR_114,SIHDR_114_e03.jpg,104,3,train,15.287712097167969,16.28771209716797,17.130186080932617,0.8424739837646484,1,15.872674942016602,17.194602966308594,1,,0,0.5044777393341064,1,,0.6008205711841583,0,
SIHDR_114,SIHDR_114_e04.jpg,104,4,train,14.287712097167969,16.28771209716797,16.723804473876953,0.4360923767089844,1,15.872674942016602,17.194602966308594,1,,0,0.4935426414012909,0,,0.6008205711841583,0,
SIHDR_114,SIHDR_114_e05.jpg,104,5,train,13.287712097167969,16.28771209716797,16.615942001342773,0.3282299041748047,1,15.872674942016602,17.194602966308594,1,,0,0.4894396960735321,0,,0.6008205711841583,0,
SIHDR_114,SIHDR_114_e06.jpg,104,6,train,12.287712097167969,16.28771209716797,16.468231201171875,0.18051910400390625,1,15.872674942016602,17.194602966308594,1,,0,0.48900437355041504,0,,0.6008205711841583,0,
SIHDR_114,SIHDR_114_e07.jpg,104,7,train,11.287712097167969,16.28771209716797,16.317325592041016,0.029613494873046875,1,15.872674942016602,17.194602966308594,1,,0,0.4900677800178528,0,,0.6008205711841583,0,
SIHDR_114,SIHDR_114_e08.jpg,104,8,train,10.287712097167969,16.28771209716797,16.018169403076172,0.2695426940917969,1,15.872674942016602,17.194602966308594,1,,0,0.49419382214546204,0,,0.6008205711841583,0,
SIHDR_114,SIHDR_114_e09.jpg,104,9,train,9.38082218170166,16.28771209716797,15.712546348571777,0.5751657485961914,1,15.872674942016602,17.194602966308594,0,,0,0.49896377325057983,0,,0.6008205711841583,0,
SIHDR_114,SIHDR_114_e10.jpg,104,10,train,8.38082218170166,16.28771209716797,15.351761817932129,0.9359502792358398,1,15.872674942016602,17.194602966308594,0,,0,0.5048062205314636,1,,0.6008205711841583,0,
SIHDR_114,SIHDR_114_e11.jpg,104,11,train,7.380821704864502,16.28771209716797,14.94511890411377,1.3425931930541992,1,15.872674942016602,17.194602966308594,0,,0,0.5121284127235413,1,,0.6008205711841583,0,
SIHDR_114,SIHDR_114_e12.jpg,104,12,train,6.321928024291992,16.28771209716797,14.436551094055176,1.851161003112793,1,15.872674942016602,17.194602966308594,0,,0,0.5200759768486023,1,,0.6008205711841583,0,
SIHDR_114,SIHDR_114_e13.jpg,104,13,train,5.321928024291992,16.28771209716797,13.943694114685059,2.34401798248291,1,15.872674942016602,17.194602966308594,0,,0,0.5278182029724121,1,,0.6008205711841583,0,
SIHDR_114,SIHDR_114_e14.jpg,104,14,train,4.321928024291992,16.28771209716797,13.446383476257324,2.8413286209106445,1,15.872674942016602,17.194602966308594,0,,0,0.5353628396987915,1,,0.6008205711841583,0,
SIHDR_115,SIHDR_115_e00.jpg,105,0,validation,17.194602966308594,16.28771209716797,16.851511001586914,0.5637989044189453,1,15.872674942016602,17.194602966308594,1,,0,0.5805633664131165,1,,0.6008205711841583,0,
SIHDR_115,SIHDR_115_e01.jpg,105,1,validation,16.28771209716797,16.28771209716797,17.16448402404785,0.8767719268798828,1,15.872674942016602,17.194602966308594,1,,0,0.5267814993858337,1,,0.6008205711841583,0,
SIHDR_115,SIHDR_115_e02.jpg,105,2,validation,15.872674942016602,16.28771209716797,17.092845916748047,0.8051338195800781,1,15.872674942016602,17.194602966308594,1,,0,0.5131136775016785,1,,0.6008205711841583,0,
SIHDR_115,SIHDR_115_e03.jpg,105,3,validation,15.287712097167969,16.28771209716797,16.97075843811035,0.6830463409423828,1,15.872674942016602,17.194602966308594,1,,0,0.50002521276474,1,,0.6008205711841583,0,
SIHDR_115,SIHDR_115_e04.jpg,105,4,validation,14.287712097167969,16.28771209716797,16.72825813293457,0.44054603576660156,1,15.872674942016602,17.194602966308594,1,,0,0.4909324049949646,0,,0.6008205711841583,0,
SIHDR_115,SIHDR_115_e05.jpg,105,5,validation,13.287712097167969,16.28771209716797,16.523160934448242,0.23544883728027344,1,15.872674942016602,17.194602966308594,1,,0,0.4896990954875946,0,,0.6008205711841583,0,
SIHDR_115,SIHDR_115_e06.jpg,105,6,validation,12.287712097167969,16.28771209716797,16.48436164855957,0.19664955139160156,1,15.872674942016602,17.194602966308594,1,,0,0.4887174367904663,0,,0.6008205711841583,0,
SIHDR_115,SIHDR_115_e07.jpg,105,7,validation,11.287712097167969,16.28771209716797,16.34798240661621,0.06027030944824219,1,15.872674942016602,17.194602966308594,1,,0,0.48953232169151306,0,,0.6008205711841583,0,
SIHDR_115,SIHDR_115_e08.jpg,105,8,validation,10.287712097167969,16.28771209716797,16.07522964477539,0.21248245239257812,1,15.872674942016602,17.194602966308594,1,,0,0.49306538701057434,0,,0.6008205711841583,0,
SIHDR_115,SIHDR_115_e09.jpg,105,9,validation,9.38082218170166,16.28771209716797,15.763102531433105,0.5246095657348633,1,15.872674942016602,17.194602966308594,0,,0,0.49782440066337585,0,,0.6008205711841583,0,
SIHDR_115,SIHDR_115_e10.jpg,105,10,validation,8.38082218170166,16.28771209716797,15.374881744384766,0.9128303527832031,1,15.872674942016602,17.194602966308594,0,,0,0.5041124820709229,1,,0.6008205711841583,0,
SIHDR_115,SIHDR_115_e11.jpg,105,11,validation,7.380821704864502,16.28771209716797,14.95400333404541,1.3337087631225586,1,15.872674942016602,17.194602966308594,0,,0,0.5118266940116882,1,,0.6008205711841583,0,
SIHDR_115,SIHDR_115_e12.jpg,105,12,validation,6.321928024291992,16.28771209716797,14.446420669555664,1.8412914276123047,1,15.872674942016602,17.194602966308594,0,,0,0.5198579430580139,1,,0.6008205711841583,0,
SIHDR_115,SIHDR_115_e13.jpg,105,13,validation,5.321928024291992,16.28771209716797,13.952815055847168,2.334897041320801,1,15.872674942016602,17.194602966308594,0,,0,0.5276675820350647,1,,0.6008205711841583,0,
SIHDR_115,SIHDR_115_e14.jpg,105,14,validation,4.321928024291992,16.28771209716797,13.45328426361084,2.834427833557129,1,15.872674942016602,17.194602966308594,0,,0,0.5352396965026855,1,,0.6008205711841583,0,
SIHDR_116,SIHDR_116_e00.jpg,106,0,train,17.194602966308594,16.28771209716797,16.943998336791992,0.6562862396240234,1,15.872674942016602,17.194602966308594,1,,0,0.6032047867774963,1,,0.6008205711841583,1,
SIHDR_116,SIHDR_116_e01.jpg,106,1,train,16.28771209716797,16.28771209716797,17.259607315063477,0.9718952178955078,1,15.872674942016602,17.194602966308594,0,,0,0.5519656538963318,1,,0.6008205711841583,0,
SIHDR_116,SIHDR_116_e02.jpg,106,2,train,15.872674942016602,16.28771209716797,17.1820011138916,0.8942890167236328,1,15.872674942016602,17.194602966308594,1,,0,0.5378865599632263,1,,0.6008205711841583,0,
SIHDR_116,SIHDR_116_e03.jpg,106,3,train,15.287712097167969,16.28771209716797,16.91422462463379,0.6265125274658203,1,15.872674942016602,17.194602966308594,1,,0,0.5267767310142517,1,,0.6008205711841583,0,
SIHDR_116,SIHDR_116_e04.jpg,106,4,train,14.287712097167969,16.28771209716797,16.522756576538086,0.2350444793701172,1,15.872674942016602,17.194602966308594,1,,0,0.5179486274719238,1,,0.6008205711841583,0,
SIHDR_116,SIHDR_116_e05.jpg,106,5,train,13.287712097167969,16.28771209716797,16.291332244873047,0.003620147705078125,1,15.872674942016602,17.194602966308594,1,,0,0.5127780437469482,1,,0.6008205711841583,0,
SIHDR_116,SIHDR_116_e06.jpg,106,6,train,12.287712097167969,16.28771209716797,16.179866790771484,0.10784530639648438,1,15.872674942016602,17.194602966308594,1,,0,0.5077866315841675,1,,0.6008205711841583,0,
SIHDR_116,SIHDR_116_e07.jpg,106,7,train,11.287712097167969,16.28771209716797,16.100467681884766,0.18724441528320312,1,15.872674942016602,17.194602966308594,1,,0,0.504108726978302,1,,0.6008205711841583,0,
SIHDR_116,SIHDR_116_e08.jpg,106,8,train,10.287712097167969,16.28771209716797,15.892256736755371,0.39545536041259766,1,15.872674942016602,17.194602966308594,1,,0,0.5026805400848389,1,,0.6008205711841583,0,
SIHDR_116,SIHDR_116_e09.jpg,106,9,train,9.38082218170166,16.28771209716797,15.64778995513916,0.6399221420288086,1,15.872674942016602,17.194602966308594,0,,0,0.503042459487915,1,,0.6008205711841583,0,
SIHDR_116,SIHDR_116_e10.jpg,106,10,train,8.38082218170166,16.28771209716797,15.309453964233398,0.9782581329345703,1,15.872674942016602,17.194602966308594,0,,0,0.5068100094795227,1,,0.6008205711841583,0,
SIHDR_116,SIHDR_116_e11.jpg,106,11,train,7.380821704864502,16.28771209716797,14.911269187927246,1.3764429092407227,1,15.872674942016602,17.194602966308594,0,,0,0.5131774544715881,1,,0.6008205711841583,0,
SIHDR_116,SIHDR_116_e12.jpg,106,12,train,6.321928024291992,16.28771209716797,14.415656089782715,1.872056007385254,1,15.872674942016602,17.194602966308594,0,,0,0.5206789970397949,1,,0.6008205711841583,0,
SIHDR_116,SIHDR_116_e13.jpg,106,13,train,5.321928024291992,16.28771209716797,13.9473876953125,2.3403244018554688,1,15.872674942016602,17.194602966308594,0,,0,0.5279351472854614,1,,0.6008205711841583,0,
SIHDR_116,SIHDR_116_e14.jpg,106,14,train,4.321928024291992,16.28771209716797,13.450507164001465,2.837204933166504,1,15.872674942016602,17.194602966308594,0,,0,0.5353766083717346,1,,0.6008205711841583,0,
SIHDR_117,SIHDR_117_e00.jpg,107,0,train,17.194602966308594,16.28771209716797,17.172388076782227,0.8846759796142578,1,15.872674942016602,17.194602966308594,1,,0,0.554813802242279,1,,0.6008205711841583,0,
SIHDR_117,SIHDR_117_e01.jpg,107,1,train,16.28771209716797,16.28771209716797,17.154844284057617,0.8671321868896484,1,15.872674942016602,17.194602966308594,1,,0,0.5157114863395691,1,,0.6008205711841583,0,
SIHDR_117,SIHDR_117_e02.jpg,107,2,train,15.872674942016602,16.28771209716797,17.084943771362305,0.7972316741943359,1,15.872674942016602,17.194602966308594,1,,0,0.5034696459770203,1,,0.6008205711841583,0,
SIHDR_117,SIHDR_117_e03.jpg,107,3,train,15.287712097167969,16.28771209716797,16.98912811279297,0.701416015625,1,15.872674942016602,17.194602966308594,1,,0,0.490240216255188,0,,0.6008205711841583,0,
SIHDR_117,SIHDR_117_e04.jpg,107,4,train,14.287712097167969,16.28771209716797,17.1032657623291,0.8155536651611328,1,15.872674942016602,17.194602966308594,1,,0,0.4799463450908661,0,,0.6008205711841583,0,
SIHDR_117,SIHDR_117_e05.jpg,107,5,train,13.287712097167969,16.28771209716797,17.08824348449707,0.8005313873291016,1,15.872674942016602,17.194602966308594,1,,0,0.47837549448013306,0,,0.6008205711841583,0,
SIHDR_117,SIHDR_117_e06.jpg,107,6,train,12.287712097167969,16.28771209716797,16.892345428466797,0.6046333312988281,1,15.872674942016602,17.194602966308594,1,,0,0.4806576371192932,0,,0.6008205711841583,0,
SIHDR_117,SIHDR_117_e07.jpg,107,7,train,11.287712097167969,16.28771209716797,16.582984924316406,0.2952728271484375,1,15.872674942016602,17.194602966308594,1,,0,0.4850596487522125,0,,0.6008205711841583,0,
SIHDR_117,SIHDR_117_e08.jpg,107,8,train,10.287712097167969,16.28771209716797,16.21034812927246,0.07736396789550781,1,15.872674942016602,17.194602966308594,1,,0,0.4906497895717621,0,,0.6008205711841583,0,
SIHDR_117,SIHDR_117_e09.jpg,107,9,train,9.38082218170166,16.28771209716797,15.845345497131348,0.4423666000366211,1,15.872674942016602,17.194602966308594,0,,0,0.49628427624702454,0,,0.6008205711841583,0,
SIHDR_117,SIHDR_117_e10.jpg,107,10,train,8.38082218170166,16.28771209716797,15.426444053649902,0.8612680435180664,1,15.872674942016602,17.194602966308594,0,,0,0.5032109022140503,1,,0.6008205711841583,0,
SIHDR_117,SIHDR_117_e11.jpg,107,11,train,7.380821704864502,16.28771209716797,14.97860050201416,1.3091115951538086,1,15.872674942016602,17.194602966308594,0,,0,0.5114064812660217,1,,0.6008205711841583,0,
SIHDR_117,SIHDR_117_e12.jpg,107,12,train,6.321928024291992,16.28771209716797,14.452643394470215,1.835068702697754,1,15.872674942016602,17.194602966308594,0,,0,0.5197348594665527,1,,0.6008205711841583,0,
SIHDR_117,SIHDR_117_e13.jpg,107,13,train,5.321928024291992,16.28771209716797,13.955575942993164,2.3321361541748047,1,15.872674942016602,17.194602966308594,0,,0,0.5276111960411072,1,,0.6008205711841583,0,
SIHDR_117,SIHDR_117_e14.jpg,107,14,train,4.321928024291992,16.28771209716797,13.454693794250488,2.8330183029174805,1,15.872674942016602,17.194602966308594,0,,0,0.5352120399475098,1,,0.6008205711841583,0,
SIHDR_118,SIHDR_118_e00.jpg,108,0,train,17.194602966308594,16.28771209716797,18.545467376708984,2.2577552795410156,1,15.872674942016602,17.194602966308594,0,0,1,0.46647578477859497,0,1,0.6008205711841583,0,1
SIHDR_118,SIHDR_118_e01.jpg,108,1,train,16.28771209716797,16.28771209716797,18.26116180419922,1.97344970703125,1,15.872674942016602,17.194602966308594,0,0,1,0.4624261260032654,0,1,0.6008205711841583,0,1
SIHDR_118,SIHDR_118_e02.jpg,108,2,train,15.872674942016602,16.28771209716797,18.150053024291992,1.8623409271240234,1,15.872674942016602,17.194602966308594,0,0,1,0.4624446928501129,0,1,0.6008205711841583,0,1
SIHDR_118,SIHDR_118_e03.jpg,108,3,train,15.287712097167969,16.28771209716797,17.955097198486328,1.6673851013183594,1,15.872674942016602,17.194602966308594,0,0,1,0.4638300836086273,0,1,0.6008205711841583,0,1
SIHDR_118,SIHDR_118_e04.jpg,108,4,train,14.287712097167969,16.28771209716797,17.652273178100586,1.3645610809326172,1,15.872674942016602,17.194602966308594,0,0,1,0.4671940803527832,0,1,0.6008205711841583,0,1
SIHDR_118,SIHDR_118_e05.jpg,108,5,train,13.287712097167969,16.28771209716797,17.34576988220215,1.0580577850341797,1,15.872674942016602,17.194602966308594,0,0,1,0.47153809666633606,0,1,0.6008205711841583,0,1
SIHDR_118,SIHDR_118_e06.jpg,108,6,train,12.287712097167969,16.28771209716797,16.985427856445312,0.6977157592773438,1,15.872674942016602,17.194602966308594,1,0,1,0.4769884943962097,0,1,0.6008205711841583,0,1
SIHDR_118,SIHDR_118_e07.jpg,108,7,train,11.287712097167969,16.28771209716797,16.602218627929688,0.31450653076171875,1,15.872674942016602,17.194602966308594,1,0,1,0.48295918107032776,0,1,0.6008205711841583,0,1
SIHDR_118,SIHDR_118_e08.jpg,108,8,train,10.287712097167969,16.28771209716797,16.199804306030273,0.08790779113769531,1,15.872674942016602,17.194602966308594,1,0,1,0.48945152759552,0,1,0.6008205711841583,0,1
SIHDR_118,SIHDR_118_e09.jpg,108,9,train,9.38082218170166,16.28771209716797,15.826109886169434,0.46160221099853516,1,15.872674942016602,17.194602966308594,0,0,1,0.4957228899002075,0,1,0.6008205711841583,0,1
SIHDR_118,SIHDR_118_e10.jpg,108,10,train,8.38082218170166,16.28771209716797,15.405879020690918,0.8818330764770508,1,15.872674942016602,17.194602966308594,0,0,1,0.5029816627502441,1,0,0.6008205711841583,0,1
SIHDR_118,SIHDR_118_e11.jpg,108,11,train,7.380821704864502,16.28771209716797,14.962262153625488,1.3254499435424805,1,15.872674942016602,17.194602966308594,0,0,1,0.5113115906715393,1,0,0.6008205711841583,0,1
SIHDR_118,SIHDR_118_e12.jpg,108,12,train,6.321928024291992,16.28771209716797,14.445113182067871,1.8425989151000977,1,15.872674942016602,17.194602966308594,0,0,1,0.5196382403373718,1,0,0.6008205711841583,0,1
SIHDR_118,SIHDR_118_e13.jpg,108,13,train,5.321928024291992,16.28771209716797,13.948882102966309,2.33882999420166,1,15.872674942016602,17.194602966308594,0,0,1,0.5275881886482239,1,0,0.6008205711841583,0,1
SIHDR_118,SIHDR_118_e14.jpg,108,14,train,4.321928024291992,16.28771209716797,13.451336860656738,2.8363752365112305,1,15.872674942016602,17.194602966308594,0,0,1,0.5352004766464233,1,0,0.6008205711841583,0,1
SIHDR_119,SIHDR_119_e00.jpg,109,0,train,17.194602966308594,16.28771209716797,18.347997665405273,2.0602855682373047,1,15.872674942016602,17.194602966308594,0,0,1,0.46895432472229004,0,1,0.6008205711841583,0,1
SIHDR_119,SIHDR_119_e01.jpg,109,1,train,16.28771209716797,16.28771209716797,17.928848266601562,1.6411361694335938,1,15.872674942016602,17.194602966308594,0,0,1,0.4641386866569519,0,1,0.6008205711841583,0,1
SIHDR_119,SIHDR_119_e02.jpg,109,2,train,15.872674942016602,16.28771209716797,17.82115936279297,1.533447265625,1,15.872674942016602,17.194602966308594,0,0,1,0.46384382247924805,0,1,0.6008205711841583,0,1
SIHDR_119,SIHDR_119_e03.jpg,109,3,train,15.287712097167969,16.28771209716797,17.655183792114258,1.367471694946289,1,15.872674942016602,17.194602966308594,0,0,1,0.46482017636299133,0,1,0.6008205711841583,0,1
SIHDR_119,SIHDR_119_e04.jpg,109,4,train,14.287712097167969,16.28771209716797,17.423429489135742,1.1357173919677734,1,15.872674942016602,17.194602966308594,0,0,1,0.46775928139686584,0,1,0.6008205711841583,0,1
SIHDR_119,SIHDR_119_e05.jpg,109,5,train,13.287712097167969,16.28771209716797,17.17481231689453,0.8871002197265625,1,15.872674942016602,17.194602966308594,1,0,1,0.47216394543647766,0,1,0.6008205711841583,0,1
SIHDR_119,SIHDR_119_e06.jpg,109,6,train,12.287712097167969,16.28771209716797,16.85377311706543,0.5660610198974609,1,15.872674942016602,17.194602966308594,1,0,1,0.47763630747795105,0,1,0.6008205711841583,0,1
SIHDR_119,SIHDR_119_e07.jpg,109,7,train,11.287712097167969,16.28771209716797,16.50525665283203,0.2175445556640625,1,15.872674942016602,17.194602966308594,1,0,1,0.48343273997306824,0,1,0.6008205711841583,0,1
SIHDR_119,SIHDR_119_e08.jpg,109,8,train,10.287712097167969,16.28771209716797,16.123559951782227,0.1641521453857422,1,15.872674942016602,17.194602966308594,1,0,1,0.48965099453926086,0,1,0.6008205711841583,0,1
SIHDR_119,SIHDR_119_e09.jpg,109,9,train,9.38082218170166,16.28771209716797,15.769654273986816,0.5180578231811523,1,15.872674942016602,17.194602966308594,0,0,1,0.49567604064941406,0,1,0.6008205711841583,0,1
SIHDR_119,SIHDR_119_e10.jpg,109,10,train,8.38082218170166,16.28771209716797,15.371378898620605,0.9163331985473633,1,15.872674942016602,17.194602966308594,0,0,1,0.5028645992279053,1,0,0.6008205711841583,0,1
SIHDR_119,SIHDR_119_e11.jpg,109,11,train,7.380821704864502,16.28771209716797,14.945303916931152,1.3424081802368164,1,15.872674942016602,17.194602966308594,0,0,1,0.5113176703453064,1,0,0.6008205711841583,0,1
SIHDR_119,SIHDR_119_e12.jpg,109,12,train,6.321928024291992,16.28771209716797,14.436481475830078,1.8512306213378906,1,15.872674942016602,17.194602966308594,0,0,1,0.5196652412414551,1,0,0.6008205711841583,0,1
SIHDR_119,SIHDR_119_e13.jpg,109,13,train,5.321928024291992,16.28771209716797,13.943680763244629,2.34403133392334,1,15.872674942016602,17.194602966308594,0,0,1,0.5276274681091309,1,0,0.6008205711841583,0,1
SIHDR_119,SIHDR_119_e14.jpg,109,14,train,4.321928024291992,16.28771209716797,13.44820499420166,2.8395071029663086,1,15.872674942016602,17.194602966308594,0,0,1,0.5352330207824707,1,0,0.6008205711841583,0,1
SIHDR_120,SIHDR_120_e00.jpg,110,0,validation,17.194602966308594,16.28771209716797,17.309663772583008,1.021951675415039,1,15.872674942016602,17.194602966308594,0,0,1,0.5474314093589783,1,0,0.6008205711841583,0,1
SIHDR_120,SIHDR_120_e01.jpg,110,1,validation,16.28771209716797,16.28771209716797,17.265539169311523,0.9778270721435547,1,15.872674942016602,17.194602966308594,0,0,1,0.5122748613357544,1,0,0.6008205711841583,0,1
SIHDR_120,SIHDR_120_e02.jpg,110,2,validation,15.872674942016602,16.28771209716797,17.248586654663086,0.9608745574951172,1,15.872674942016602,17.194602966308594,0,0,1,0.4999537467956543,0,1,0.6008205711841583,0,1
SIHDR_120,SIHDR_120_e03.jpg,110,3,validation,15.287712097167969,16.28771209716797,17.302602767944336,1.0148906707763672,1,15.872674942016602,17.194602966308594,0,0,1,0.4888647496700287,0,1,0.6008205711841583,0,1
SIHDR_120,SIHDR_120_e04.jpg,110,4,validation,14.287712097167969,16.28771209716797,17.218923568725586,0.9312114715576172,1,15.872674942016602,17.194602966308594,0,0,1,0.48169949650764465,0,1,0.6008205711841583,0,1
SIHDR_120,SIHDR_120_e05.jpg,110,5,validation,13.287712097167969,16.28771209716797,17.167692184448242,0.8799800872802734,1,15.872674942016602,17.194602966308594,1,0,1,0.47883424162864685,0,1,0.6008205711841583,0,1
SIHDR_120,SIHDR_120_e06.jpg,110,6,validation,12.287712097167969,16.28771209716797,16.94488525390625,0.6571731567382812,1,15.872674942016602,17.194602966308594,1,0,1,0.48045337200164795,0,1,0.6008205711841583,0,1
SIHDR_120,SIHDR_120_e07.jpg,110,7,validation,11.287712097167969,16.28771209716797,16.617534637451172,0.3298225402832031,1,15.872674942016602,17.194602966308594,1,0,1,0.4846974313259125,0,1,0.6008205711841583,0,1
SIHDR_120,SIHDR_120_e08.jpg,110,8,validation,10.287712097167969,16.28771209716797,16.230844497680664,0.05686759948730469,1,15.872674942016602,17.194602966308594,1,0,1,0.4903540313243866,0,1,0.6008205711841583,0,1
SIHDR_120,SIHDR_120_e09.jpg,110,9,validation,9.38082218170166,16.28771209716797,15.858783721923828,0.4289283752441406,1,15.872674942016602,17.194602966308594,0,0,1,0.4961738586425781,0,1,0.6008205711841583,0,1
SIHDR_120,SIHDR_120_e10.jpg,110,10,validation,8.38082218170166,16.28771209716797,15.435641288757324,0.8520708084106445,1,15.872674942016602,17.194602966308594,0,0,1,0.5031289458274841,1,0,0.6008205711841583,0,1
SIHDR_120,SIHDR_120_e11.jpg,110,11,validation,7.380821704864502,16.28771209716797,14.983826637268066,1.3038854598999023,1,15.872674942016602,17.194602966308594,0,0,1,0.5113292336463928,1,0,0.6008205711841583,0,1
SIHDR_120,SIHDR_120_e12.jpg,110,12,validation,6.321928024291992,16.28771209716797,14.455833435058594,1.831878662109375,1,15.872674942016602,17.194602966308594,0,0,1,0.519688606262207,1,0,0.6008205711841583,0,1
SIHDR_120,SIHDR_120_e13.jpg,110,13,validation,5.321928024291992,16.28771209716797,13.955521583557129,2.33219051361084,1,15.872674942016602,17.194602966308594,0,0,1,0.5276139974594116,1,0,0.6008205711841583,0,1
SIHDR_120,SIHDR_120_e14.jpg,110,14,validation,4.321928024291992,16.28771209716797,13.454550743103027,2.8331613540649414,1,15.872674942016602,17.194602966308594,0,0,1,0.5352175831794739,1,0,0.6008205711841583,0,1
SIHDR_121,SIHDR_121_e00.jpg,111,0,train,17.194602966308594,16.28771209716797,17.46013832092285,1.1724262237548828,1,15.872674942016602,17.194602966308594,0,0,1,0.5264023542404175,1,0,0.6008205711841583,0,1
SIHDR_121,SIHDR_121_e01.jpg,111,1,train,16.28771209716797,16.28771209716797,17.2932186126709,1.0055065155029297,1,15.872674942016602,17.194602966308594,0,0,1,0.49985256791114807,0,1,0.6008205711841583,0,1
SIHDR_121,SIHDR_121_e02.jpg,111,2,train,15.872674942016602,16.28771209716797,17.198957443237305,0.9112453460693359,1,15.872674942016602,17.194602966308594,0,0,1,0.4919091761112213,0,1,0.6008205711841583,0,1
SIHDR_121,SIHDR_121_e03.jpg,111,3,train,15.287712097167969,16.28771209716797,17.260696411132812,0.9729843139648438,1,15.872674942016602,17.194602966308594,0,0,1,0.4817964434623718,0,1,0.6008205711841583,0,1
SIHDR_121,SIHDR_121_e04.jpg,111,4,train,14.287712097167969,16.28771209716797,17.21511459350586,0.9274024963378906,1,15.872674942016602,17.194602966308594,0,0,1,0.47782909870147705,0,1,0.6008205711841583,0,1
SIHDR_121,SIHDR_121_e05.jpg,111,5,train,13.287712097167969,16.28771209716797,17.233600616455078,0.9458885192871094,1,15.872674942016602,17.194602966308594,0,0,1,0.4762866497039795,0,1,0.6008205711841583,0,1
SIHDR_121,SIHDR_121_e06.jpg,111,6,train,12.287712097167969,16.28771209716797,16.976659774780273,0.6889476776123047,1,15.872674942016602,17.194602966308594,1,0,1,0.47951656579971313,0,1,0.6008205711841583,0,1
SIHDR_121,SIHDR_121_e07.jpg,111,7,train,11.287712097167969,16.28771209716797,16.620351791381836,0.3326396942138672,1,15.872674942016602,17.194602966308594,1,0,1,0.4846636652946472,0,1,0.6008205711841583,0,1
SIHDR_121,SIHDR_121_e08.jpg,111,8,train,10.287712097167969,16.28771209716797,16.226238250732422,0.061473846435546875,1,15.872674942016602,17.194602966308594,1,0,1,0.4906076490879059,0,1,0.6008205711841583,0,1
SIHDR_121,SIHDR_121_e09.jpg,111,9,train,9.38082218170166,16.28771209716797,15.850693702697754,0.43701839447021484,1,15.872674942016602,17.194602966308594,0,0,1,0.4965185225009918,0,1,0.6008205711841583,0,1
SIHDR_121,SIHDR_121_e10.jpg,111,10,train,8.38082218170166,16.28771209716797,15.425333023071289,0.8623790740966797,1,15.872674942016602,17.194602966308594,0,0,1,0.5034961700439453,1,0,0.6008205711841583,0,1
SIHDR_121,SIHDR_121_e11.jpg,111,11,train,7.380821704864502,16.28771209716797,14.976431846618652,1.3112802505493164,1,15.872674942016602,17.194602966308594,0,0,1,0.5116917490959167,1,0,0.6008205711841583,0,1
SIHDR_121,SIHDR_121_e12.jpg,111,12,train,6.321928024291992,16.28771209716797,14.451075553894043,1.8366365432739258,1,15.872674942016602,17.194602966308594,0,0,1,0.5199307203292847,1,0,0.6008205711841583,0,1
SIHDR_121,SIHDR_121_e13.jpg,111,13,train,5.321928024291992,16.28771209716797,13.952286720275879,2.33542537689209,1,15.872674942016602,17.194602966308594,0,0,1,0.5277841091156006,1,0,0.6008205711841583,0,1
SIHDR_121,SIHDR_121_e14.jpg,111,14,train,4.321928024291992,16.28771209716797,13.452592849731445,2.8351192474365234,1,15.872674942016602,17.194602966308594,0,0,1,0.5353151559829712,1,0,0.6008205711841583,0,1
SIHDR_122,SIHDR_122_e00.jpg,112,0,train,17.194602966308594,16.28771209716797,17.847795486450195,1.5600833892822266,1,15.872674942016602,17.194602966308594,0,0,1,0.49570056796073914,0,1,0.6008205711841583,0,1
SIHDR_122,SIHDR_122_e01.jpg,112,1,train,16.28771209716797,16.28771209716797,17.570026397705078,1.2823143005371094,1,15.872674942016602,17.194602966308594,0,0,1,0.4791660010814667,0,1,0.6008205711841583,0,1
SIHDR_122,SIHDR_122_e02.jpg,112,2,train,15.872674942016602,16.28771209716797,17.483360290527344,1.195648193359375,1,15.872674942016602,17.194602966308594,0,0,1,0.4740813672542572,0,1,0.6008205711841583,0,1
SIHDR_122,SIHDR_122_e03.jpg,112,3,train,15.287712097167969,16.28771209716797,17.496278762817383,1.208566665649414,1,15.872674942016602,17.194602966308594,0,0,1,0.46903330087661743,0,1,0.6008205711841583,0,1
SIHDR_122,SIHDR_122_e04.jpg,112,4,train,14.287712097167969,16.28771209716797,17.342126846313477,1.0544147491455078,1,15.872674942016602,17.194602966308594,0,0,1,0.47027334570884705,0,1,0.6008205711841583,0,1
SIHDR_122,SIHDR_122_e05.jpg,112,5,train,13.287712097167969,16.28771209716797,17.225008010864258,0.9372959136962891,1,15.872674942016602,17.194602966308594,0,0,1,0.4727126955986023,0,1,0.6008205711841583,0,1
SIHDR_122,SIHDR_122_e06.jpg,112,6,train,12.287712097167969,16.28771209716797,16.93244171142578,0.6447296142578125,1,15.872674942016602,17.194602966308594,1,0,1,0.4777185618877411,0,1,0.6008205711841583,0,1
SIHDR_122,SIHDR_122_e07.jpg,112,7,train,11.287712097167969,16.28771209716797,16.575302124023438,0.28759002685546875,1,15.872674942016602,17.194602966308594,1,0,1,0.4836276173591614,0,1,0.6008205711841583,0,1
SIHDR_122,SIHDR_122_e08.jpg,112,8,train,10.287712097167969,16.28771209716797,16.18882942199707,0.09888267517089844,1,15.872674942016602,17.194602966308594,1,0,1,0.4899490773677826,0,1,0.6008205711841583,0,1
SIHDR_122,SIHDR_122_e09.jpg,112,9,train,9.38082218170166,16.28771209716797,15.822938919067383,0.46477317810058594,1,15.872674942016602,17.194602966308594,0,0,1,0.4960739314556122,0,1,0.6008205711841583,0,1
SIHDR_122,SIHDR_122_e10.jpg,112,10,train,8.38082218170166,16.28771209716797,15.405328750610352,0.8823833465576172,1,15.872674942016602,17.194602966308594,0,0,1,0.5031095743179321,1,0,0.6008205711841583,0,1
SIHDR_122,SIHDR_122_e11.jpg,112,11,train,7.380821704864502,16.28771209716797,14.960390090942383,1.327322006225586,1,15.872674942016602,17.194602966308594,0,0,1,0.5112982988357544,1,0,0.6008205711841583,0,1
SIHDR_122,SIHDR_122_e12.jpg,112,12,train,6.321928024291992,16.28771209716797,14.438139915466309,1.8495721817016602,1,15.872674942016602,17.194602966308594,0,0,1,0.5196499228477478,1,0,0.6008205711841583,0,1
SIHDR_122,SIHDR_122_e13.jpg,112,13,train,5.321928024291992,16.28771209716797,13.945256233215332,2.3424558639526367,1,15.872674942016602,17.194602966308594,0,0,1,0.5275771617889404,1,0,0.6008205711841583,0,1
SIHDR_122,SIHDR_122_e14.jpg,112,14,train,4.321928024291992,16.28771209716797,13.44926643371582,2.8384456634521484,1,15.872674942016602,17.194602966308594,0,0,1,0.5352002382278442,1,0,0.6008205711841583,0,1
SIHDR_123,SIHDR_123_e00.jpg,113,0,train,17.194602966308594,13.287712097167969,12.541009902954102,0.7467021942138672,1,12.287712097167969,13.287712097167969,1,1,1,0.9782981276512146,1,1,0.6008205711841583,1,1
SIHDR_123,SIHDR_123_e01.jpg,113,1,train,16.28771209716797,13.287712097167969,12.816473960876465,0.4712381362915039,1,12.287712097167969,13.287712097167969,1,1,1,0.9617828130722046,1,1,0.6008205711841583,1,1
SIHDR_123,SIHDR_123_e02.jpg,113,2,train,15.872674942016602,13.287712097167969,12.704657554626465,0.5830545425415039,1,12.287712097167969,13.287712097167969,1,1,1,0.9528049230575562,1,1,0.6008205711841583,1,1
SIHDR_123,SIHDR_123_e03.jpg,113,3,train,15.287712097167969,13.287712097167969,12.581838607788086,0.7058734893798828,1,12.287712097167969,13.287712097167969,1,1,1,0.9365582466125488,1,1,0.6008205711841583,1,1
SIHDR_123,SIHDR_123_e04.jpg,113,4,train,14.287712097167969,13.287712097167969,13.033963203430176,0.25374889373779297,1,12.287712097167969,13.287712097167969,1,1,1,0.8955848217010498,1,1,0.6008205711841583,1,1
SIHDR_123,SIHDR_123_e05.jpg,113,5,train,13.287712097167969,13.287712097167969,12.947491645812988,0.34022045135498047,1,12.287712097167969,13.287712097167969,1,1,1,0.82066410779953,1,1,0.6008205711841583,1,1
SIHDR_123,SIHDR_123_e06.jpg,113,6,train,12.287712097167969,13.287712097167969,12.45175552368164,0.8359565734863281,1,12.287712097167969,13.287712097167969,1,1,1,0.7429943084716797,1,1,0.6008205711841583,1,1
SIHDR_123,SIHDR_123_e07.jpg,113,7,train,11.287712097167969,13.287712097167969,12.666703224182129,0.6210088729858398,1,12.287712097167969,13.287712097167969,1,1,1,0.6582898497581482,1,1,0.6008205711841583,1,1
SIHDR_123,SIHDR_123_e08.jpg,113,8,train,10.287712097167969,13.287712097167969,12.161873817443848,1.125838279724121,1,12.287712097167969,13.287712097167969,0,1,1,0.6274052858352661,1,1,0.6008205711841583,1,1
SIHDR_123,SIHDR_123_e09.jpg,113,9,train,9.38082218170166,13.287712097167969,12.125391960144043,1.1623201370239258,1,12.287712097167969,13.287712097167969,0,1,1,0.6001214981079102,1,1,0.6008205711841583,0,0
SIHDR_123,SIHDR_123_e10.jpg,113,10,train,8.38082218170166,13.287712097167969,12.309122085571289,0.9785900115966797,1,12.287712097167969,13.287712097167969,1,1,1,0.5808483362197876,1,1,0.6008205711841583,0,0
SIHDR_123,SIHDR_123_e11.jpg,113,11,train,7.380821704864502,13.287712097167969,13.58370304107666,0.2959909439086914,1,12.287712097167969,13.287712097167969,0,1,1,0.5468416810035706,1,1,0.6008205711841583,0,0
SIHDR_123,SIHDR_123_e12.jpg,113,12,train,6.321928024291992,13.287712097167969,13.74073600769043,0.45302391052246094,1,12.287712097167969,13.287712097167969,0,1,1,0.5379990339279175,1,1,0.6008205711841583,0,0
SIHDR_123,SIHDR_123_e13.jpg,113,13,train,5.321928024291992,13.287712097167969,13.52429485321045,0.23658275604248047,1,12.287712097167969,13.287712097167969,0,1,1,0.5371035933494568,1,1,0.6008205711841583,0,0
SIHDR_123,SIHDR_123_e14.jpg,113,14,train,4.321928024291992,13.287712097167969,13.123668670654297,0.16404342651367188,1,12.287712097167969,13.287712097167969,1,1,1,0.5418161153793335,1,1,0.6008205711841583,0,0
SIHDR_124,SIHDR_124_e00.jpg,114,0,test,17.194602966308594,11.287712097167969,10.465479850769043,0.8222322463989258,1,10.287712097167969,11.287712097167969,1,1,1,0.9944722056388855,1,1,0.6008205711841583,1,1
SIHDR_124,SIHDR_124_e01.jpg,114,1,test,16.28771209716797,11.287712097167969,10.852456092834473,0.4352560043334961,1,10.287712097167969,11.287712097167969,1,1,1,0.9923967719078064,1,1,0.6008205711841583,1,1
SIHDR_124,SIHDR_124_e02.jpg,114,2,test,15.872674942016602,11.287712097167969,11.200730323791504,0.08698177337646484,1,10.287712097167969,11.287712097167969,1,1,1,0.9904991984367371,1,1,0.6008205711841583,1,1
SIHDR_124,SIHDR_124_e03.jpg,114,3,test,15.287712097167969,11.287712097167969,11.659989356994629,0.37227725982666016,1,10.287712097167969,11.287712097167969,0,1,1,0.9871484637260437,1,1,0.6008205711841583,1,1
SIHDR_124,SIHDR_124_e04.jpg,114,4,test,14.287712097167969,11.287712097167969,11.875761985778809,0.5880498886108398,1,10.287712097167969,11.287712097167969,0,1,1,0.9793382287025452,1,1,0.6008205711841583,1,1
SIHDR_124,SIHDR_124_e05.jpg,114,5,test,13.287712097167969,11.287712097167969,11.823410987854004,0.5356988906860352,1,10.287712097167969,11.287712097167969,0,1,1,0.9648004770278931,1,1,0.6008205711841583,1,1
SIHDR_124,SIHDR_124_e06.jpg,114,6,test,12.287712097167969,11.287712097167969,11.690348625183105,0.4026365280151367,1,10.287712097167969,11.287712097167969,0,1,1,0.9321574568748474,1,1,0.6008205711841583,1,1
SIHDR_124,SIHDR_124_e07.jpg,114,7,test,11.287712097167969,11.287712097167969,11.485077857971191,0.19736576080322266,1,10.287712097167969,11.287712097167969,0,1,1,0.8805109858512878,1,1,0.6008205711841583,1,1
SIHDR_124,SIHDR_124_e08.jpg,114,8,test,10.287712097167969,11.287712097167969,11.591828346252441,0.30411624908447266,1,10.287712097167969,11.287712097167969,0,1,1,0.8093886971473694,1,1,0.6008205711841583,1,1
SIHDR_124,SIHDR_124_e09.jpg,114,9,test,9.38082218170166,11.287712097167969,11.315912246704102,0.028200149536132812,1,10.287712097167969,11.287712097167969,0,1,1,0.7465943694114685,1,1,0.6008205711841583,1,1
SIHDR_124,SIHDR_124_e10.jpg,114,10,test,8.38082218170166,11.287712097167969,10.985824584960938,0.30188751220703125,1,10.287712097167969,11.287712097167969,1,1,1,0.6746811270713806,1,1,0.6008205711841583,1,1
SIHDR_124,SIHDR_124_e11.jpg,114,11,test,7.380821704864502,11.287712097167969,10.955198287963867,0.33251380920410156,1,10.287712097167969,11.287712097167969,1,1,1,0.6162944436073303,1,1,0.6008205711841583,1,1
SIHDR_124,SIHDR_124_e12.jpg,114,12,test,6.321928024291992,11.287712097167969,11.52309513092041,0.2353830337524414,1,10.287712097167969,11.287712097167969,0,1,1,0.5800544619560242,1,1,0.6008205711841583,0,0
SIHDR_124,SIHDR_124_e13.jpg,114,13,test,5.321928024291992,11.287712097167969,12.344635963439941,1.0569238662719727,1,10.287712097167969,11.287712097167969,0,1,1,0.5594159364700317,1,1,0.6008205711841583,0,0
SIHDR_124,SIHDR_124_e14.jpg,114,14,test,4.321928024291992,11.287712097167969,12.576189041137695,1.2884769439697266,1,10.287712097167969,11.287712097167969,0,1,1,0.5517364740371704,1,1,0.6008205711841583,0,0
SIHDR_125,SIHDR_125_e00.jpg,115,0,train,17.194602966308594,9.38082218170166,10.121420860290527,0.7405986785888672,1,8.38082218170166,11.287712097167969,1,1,1,0.99489825963974,1,1,0.6008205711841583,1,1
SIHDR_125,SIHDR_125_e01.jpg,115,1,train,16.28771209716797,9.38082218170166,10.139665603637695,0.7588434219360352,1,8.38082218170166,11.287712097167969,1,1,1,0.9940916895866394,1,1,0.6008205711841583,1,1
SIHDR_125,SIHDR_125_e02.jpg,115,2,train,15.872674942016602,9.38082218170166,10.126153945922852,0.7453317642211914,1,8.38082218170166,11.287712097167969,1,1,1,0.992659866809845,1,1,0.6008205711841583,1,1
SIHDR_125,SIHDR_125_e03.jpg,115,3,train,15.287712097167969,9.38082218170166,9.910652160644531,0.5298299789428711,1,8.38082218170166,11.287712097167969,1,1,1,0.9889457821846008,1,1,0.6008205711841583,1,1
SIHDR_125,SIHDR_125_e04.jpg,115,4,train,14.287712097167969,9.38082218170166,9.712198257446289,0.3313760757446289,1,8.38082218170166,11.287712097167969,1,1,1,0.9777246713638306,1,1,0.6008205711841583,1,1
SIHDR_125,SIHDR_125_e05.jpg,115,5,train,13.287712097167969,9.38082218170166,9.708374977111816,0.32755279541015625,1,8.38082218170166,11.287712097167969,1,1,1,0.9462398886680603,1,1,0.6008205711841583,1,1
SIHDR_125,SIHDR_125_e06.jpg,115,6,train,12.287712097167969,9.38082218170166,9.457812309265137,0.07699012756347656,1,8.38082218170166,11.287712097167969,1,1,1,0.9031911492347717,1,1,0.6008205711841583,1,1
SIHDR_125,SIHDR_125_e07.jpg,115,7,train,11.287712097167969,9.38082218170166,9.668999671936035,0.288177490234375,1,8.38082218170166,11.287712097167969,1,1,1,0.8607422709465027,1,1,0.6008205711841583,1,1
SIHDR_125,SIHDR_125_e08.jpg,115,8,train,10.287712097167969,9.38082218170166,9.864855766296387,0.48403358459472656,1,8.38082218170166,11.287712097167969,1,1,1,0.8147587180137634,1,1,0.6008205711841583,1,1
SIHDR_125,SIHDR_125_e09.jpg,115,9,train,9.38082218170166,9.38082218170166,9.708100318908691,0.32727813720703125,1,8.38082218170166,11.287712097167969,1,1,1,0.7786210775375366,1,1,0.6008205711841583,1,1
SIHDR_125,SIHDR_125_e10.jpg,115,10,train,8.38082218170166,9.38082218170166,9.816704750061035,0.435882568359375,1,8.38082218170166,11.287712097167969,1,1,1,0.7184885144233704,1,1,0.6008205711841583,1,1
SIHDR_125,SIHDR_125_e11.jpg,115,11,train,7.380821704864502,9.38082218170166,9.834275245666504,0.45345306396484375,1,8.38082218170166,11.287712097167969,1,1,1,0.6476683616638184,1,1,0.6008205711841583,1,1
SIHDR_125,SIHDR_125_e12.jpg,115,12,train,6.321928024291992,9.38082218170166,9.914656639099121,0.5338344573974609,1,8.38082218170166,11.287712097167969,1,1,1,0.6022458076477051,1,1,0.6008205711841583,1,1
SIHDR_125,SIHDR_125_e13.jpg,115,13,train,5.321928024291992,9.38082218170166,11.173361778259277,1.7925395965576172,1,8.38082218170166,11.287712097167969,1,1,1,0.5747833847999573,1,1,0.6008205711841583,0,0
SIHDR_125,SIHDR_125_e14.jpg,115,14,train,4.321928024291992,9.38082218170166,11.686348915100098,2.3055267333984375,1,8.38082218170166,11.287712097167969,0,1,1,0.5630277395248413,1,1,0.6008205711841583,0,0
SIHDR_126,SIHDR_126_e00.jpg,116,0,train,17.194602966308594,10.287712097167969,10.182951927185059,0.10476016998291016,1,10.287712097167969,11.287712097167969,0,1,1,0.9949055910110474,1,1,0.6008205711841583,1,1
SIHDR_126,SIHDR_126_e01.jpg,116,1,train,16.28771209716797,10.287712097167969,10.541450500488281,0.2537384033203125,1,10.287712097167969,11.287712097167969,1,1,1,0.9919463992118835,1,1,0.6008205711841583,1,1
SIHDR_126,SIHDR_126_e02.jpg,116,2,train,15.872674942016602,10.287712097167969,10.581040382385254,0.29332828521728516,1,10.287712097167969,11.287712097167969,1,1,1,0.9896454811096191,1,1,0.6008205711841583,1,1
SIHDR_126,SIHDR_126_e03.jpg,116,3,train,15.287712097167969,10.287712097167969,10.398797035217285,0.1110849380493164,1,10.287712097167969,11.287712097167969,1,1,1,0.9856418967247009,1,1,0.6008205711841583,1,1
SIHDR_126,SIHDR_126_e04.jpg,116,4,train,14.287712097167969,10.287712097167969,10.029959678649902,0.2577524185180664,1,10.287712097167969,11.287712097167969,0,1,1,0.9793955683708191,1,1,0.6008205711841583,1,1
SIHDR_126,SIHDR_126_e05.jpg,116,5,train,13.287712097167969,10.287712097167969,9.56742000579834,0.7202920913696289,1,10.287712097167969,11.287712097167969,0,1,1,0.9730165004730225,1,1,0.6008205711841583,1,1
SIHDR_126,SIHDR_126_e06.jpg,116,6,train,12.287712097167969,10.287712097167969,9.11524772644043,1.172464370727539,1,10.287712097167969,11.287712097167969,0,1,1,0.9554603099822998,1,1,0.6008205711841583,1,1
SIHDR_126,SIHDR_126_e07.jpg,116,7,train,11.287712097167969,10.287712097167969,9.722644805908203,0.5650672912597656,1,10.287712097167969,11.287712097167969,0,1,1,0.9185945391654968,1,1,0.6008205711841583,1,1
SIHDR_126,SIHDR_126_e08.jpg,116,8,train,10.287712097167969,10.287712097167969,9.919411659240723,0.3683004379272461,1,10.287712097167969,11.287712097167969,0,1,1,0.8658825755119324,1,1,0.6008205711841583,1,1
SIHDR_126,SIHDR_126_e09.jpg,116,9,train,9.38082218170166,10.287712097167969,9.542705535888672,0.7450065612792969,1,10.287712097167969,11.287712097167969,0,1,1,0.8111304640769958,1,1,0.6008205711841583,1,1
SIHDR_126,SIHDR_126_e10.jpg,116,10,train,8.38082218170166,10.287712097167969,9.576546669006348,0.7111654281616211,1,10.287712097167969,11.287712097167969,0,1,1,0.735424280166626,1,1,0.6008205711841583,1,1
SIHDR_126,SIHDR_126_e11.jpg,116,11,train,7.380821704864502,10.287712097167969,9.863848686218262,0.42386341094970703,1,10.287712097167969,11.287712097167969,0,1,1,0.653931736946106,1,1,0.6008205711841583,1,1
SIHDR_126,SIHDR_126_e12.jpg,116,12,train,6.321928024291992,10.287712097167969,10.32807731628418,0.04036521911621094,1,10.287712097167969,11.287712097167969,1,1,1,0.6034935116767883,1,1,0.6008205711841583,1,1
SIHDR_126,SIHDR_126_e13.jpg,116,13,train,5.321928024291992,10.287712097167969,11.306118965148926,1.018406867980957,1,10.287712097167969,11.287712097167969,0,1,1,0.5748063921928406,1,1,0.6008205711841583,0,0
SIHDR_126,SIHDR_126_e14.jpg,116,14,train,4.321928024291992,10.287712097167969,11.997328758239746,1.7096166610717773,1,10.287712097167969,11.287712097167969,0,1,1,0.5615676045417786,1,1,0.6008205711841583,0,0
SIHDR_128,SIHDR_128_e00.jpg,117,0,train,17.194602966308594,12.287712097167969,11.014336585998535,1.2733755111694336,1,11.287712097167969,13.287712097167969,0,1,1,0.9939524531364441,1,1,0.6008205711841583,1,1
SIHDR_128,SIHDR_128_e01.jpg,117,1,train,16.28771209716797,12.287712097167969,11.130654335021973,1.157057762145996,1,11.287712097167969,13.287712097167969,0,1,1,0.9904220104217529,1,1,0.6008205711841583,1,1
SIHDR_128,SIHDR_128_e02.jpg,117,2,train,15.872674942016602,12.287712097167969,11.188199996948242,1.0995121002197266,1,11.287712097167969,13.287712097167969,0,1,1,0.9863812327384949,1,1,0.6008205711841583,1,1
SIHDR_128,SIHDR_128_e03.jpg,117,3,train,15.287712097167969,12.287712097167969,11.654500961303711,0.6332111358642578,1,11.287712097167969,13.287712097167969,1,1,1,0.9738839864730835,1,1,0.6008205711841583,1,1
SIHDR_128,SIHDR_128_e04.jpg,117,4,train,14.287712097167969,12.287712097167969,12.182999610900879,0.10471248626708984,1,11.287712097167969,13.287712097167969,1,1,1,0.9299750924110413,1,1,0.6008205711841583,1,1
SIHDR_128,SIHDR_128_e05.jpg,117,5,train,13.287712097167969,12.287712097167969,12.152897834777832,0.13481426239013672,1,11.287712097167969,13.287712097167969,1,1,1,0.882407546043396,1,1,0.6008205711841583,1,1
SIHDR_128,SIHDR_128_e06.jpg,117,6,train,12.287712097167969,12.287712097167969,11.977052688598633,0.31065940856933594,1,11.287712097167969,13.287712097167969,1,1,1,0.8390661478042603,1,1,0.6008205711841583,1,1
SIHDR_128,SIHDR_128_e07.jpg,117,7,train,11.287712097167969,12.287712097167969,11.786345481872559,0.5013666152954102,1,11.287712097167969,13.287712097167969,1,1,1,0.8081770539283752,1,1,0.6008205711841583,1,1
SIHDR_128,SIHDR_128_e08.jpg,117,8,train,10.287712097167969,12.287712097167969,12.189148902893066,0.09856319427490234,1,11.287712097167969,13.287712097167969,1,1,1,0.7356410026550293,1,1,0.6008205711841583,1,1
SIHDR_128,SIHDR_128_e09.jpg,117,9,train,9.38082218170166,12.287712097167969,11.786768913269043,0.5009431838989258,1,11.287712097167969,13.287712097167969,1,1,1,0.6812393665313721,1,1,0.6008205711841583,1,1
SIHDR_128,SIHDR_128_e10.jpg,117,10,train,8.38082218170166,12.287712097167969,11.346161842346191,0.9415502548217773,1,11.287712097167969,13.287712097167969,1,1,1,0.6437682509422302,1,1,0.6008205711841583,1,1
SIHDR_128,SIHDR_128_e11.jpg,117,11,train,7.380821704864502,12.287712097167969,11.165717124938965,1.121994972229004,1,11.287712097167969,13.287712097167969,0,1,1,0.6123292446136475,1,1,0.6008205711841583,1,1
SIHDR_128,SIHDR_128_e12.jpg,117,12,train,6.321928024291992,12.287712097167969,11.672587394714355,0.6151247024536133,1,11.287712097167969,13.287712097167969,1,1,1,0.587184488773346,1,1,0.6008205711841583,0,0
SIHDR_128,SIHDR_128_e13.jpg,117,13,train,5.321928024291992,12.287712097167969,12.850199699401855,0.5624876022338867,1,11.287712097167969,13.287712097167969,1,1,1,0.558142900466919,1,1,0.6008205711841583,0,0
SIHDR_128,SIHDR_128_e14.jpg,117,14,train,4.321928024291992,12.287712097167969,12.861845016479492,0.5741329193115234,1,11.287712097167969,13.287712097167969,1,1,1,0.5509706735610962,1,1,0.6008205711841583,0,0
SIHDR_129,SIHDR_129_e00.jpg,118,0,train,17.194602966308594,9.38082218170166,10.05949878692627,0.6786766052246094,1,8.38082218170166,10.287712097167969,1,1,1,0.9951025247573853,1,1,0.6008205711841583,1,1
SIHDR_129,SIHDR_129_e01.jpg,118,1,train,16.28771209716797,9.38082218170166,9.385892868041992,0.005070686340332031,1,8.38082218170166,10.287712097167969,1,1,1,0.9952335953712463,1,1,0.6008205711841583,1,1
SIHDR_129,SIHDR_129_e02.jpg,118,2,train,15.872674942016602,9.38082218170166,9.147809028625488,0.23301315307617188,1,8.38082218170166,10.287712097167969,1,1,1,0.9952270984649658,1,1,0.6008205711841583,1,1
SIHDR_129,SIHDR_129_e03.jpg,118,3,train,15.287712097167969,9.38082218170166,8.90070629119873,0.4801158905029297,1,8.38082218170166,10.287712097167969,1,1,1,0.9951011538505554,1,1,0.6008205711841583,1,1
SIHDR_129,SIHDR_129_e04.jpg,118,4,train,14.287712097167969,9.38082218170166,8.983097076416016,0.39772510528564453,1,8.38082218170166,10.287712097167969,1,1,1,0.9937582015991211,1,1,0.6008205711841583,1,1
SIHDR_129,SIHDR_129_e05.jpg,118,5,train,13.287712097167969,9.38082218170166,9.402783393859863,0.021961212158203125,1,8.38082218170166,10.287712097167969,1,1,1,0.9898191094398499,1,1,0.6008205711841583,1,1
SIHDR_129,SIHDR_129_e06.jpg,118,6,train,12.287712097167969,9.38082218170166,9.2752046585083,0.10561752319335938,1,8.38082218170166,10.287712097167969,1,1,1,0.9772695302963257,1,1,0.6008205711841583,1,1
SIHDR_129,SIHDR_129_e07.jpg,118,7,train,11.287712097167969,9.38082218170166,9.11965560913086,0.2611665725708008,1,8.38082218170166,10.287712097167969,1,1,1,0.9417563676834106,1,1,0.6008205711841583,1,1
SIHDR_129,SIHDR_129_e08.jpg,118,8,train,10.287712097167969,9.38082218170166,8.932069778442383,0.44875240325927734,1,8.38082218170166,10.287712097167969,1,1,1,0.8741315007209778,1,1,0.6008205711841583,1,1
SIHDR_129,SIHDR_129_e09.jpg,118,9,train,9.38082218170166,9.38082218170166,9.35659122467041,0.02423095703125,1,8.38082218170166,10.287712097167969,1,1,1,0.7889916300773621,1,1,0.6008205711841583,1,1
SIHDR_129,SIHDR_129_e10.jpg,118,10,train,8.38082218170166,9.38082218170166,9.734304428100586,0.3534822463989258,1,8.38082218170166,10.287712097167969,1,1,1,0.702174961566925,1,1,0.6008205711841583,1,1
SIHDR_129,SIHDR_129_e11.jpg,118,11,train,7.380821704864502,9.38082218170166,10.007737159729004,0.6269149780273438,1,8.38082218170166,10.287712097167969,1,1,1,0.6398167610168457,1,1,0.6008205711841583,1,1
SIHDR_129,SIHDR_129_e12.jpg,118,12,train,6.321928024291992,9.38082218170166,10.960183143615723,1.5793609619140625,1,8.38082218170166,10.287712097167969,0,1,1,0.5887366533279419,1,1,0.6008205711841583,0,0
SIHDR_129,SIHDR_129_e13.jpg,118,13,train,5.321928024291992,9.38082218170166,12.231858253479004,2.8510360717773438,1,8.38082218170166,10.287712097167969,0,1,1,0.5627274513244629,1,1,0.6008205711841583,0,0
SIHDR_129,SIHDR_129_e14.jpg,118,14,train,4.321928024291992,9.38082218170166,12.82935619354248,3.4485340118408203,1,8.38082218170166,10.287712097167969,0,1,1,0.5491853356361389,1,1,0.6008205711841583,0,0
SIHDR_130,SIHDR_130_e00.jpg,119,0,train,17.194602966308594,10.287712097167969,11.071537971496582,0.7838258743286133,1,10.287712097167969,10.287712097167969,0,1,1,0.9944814443588257,1,1,0.6008205711841583,1,1
SIHDR_130,SIHDR_130_e01.jpg,119,1,train,16.28771209716797,10.287712097167969,11.45995044708252,1.1722383499145508,1,10.287712097167969,10.287712097167969,0,1,1,0.9933338761329651,1,1,0.6008205711841583,1,1
SIHDR_130,SIHDR_130_e02.jpg,119,2,train,15.872674942016602,10.287712097167969,11.540465354919434,1.2527532577514648,1,10.287712097167969,10.287712097167969,0,1,1,0.9920282959938049,1,1,0.6008205711841583,1,1
SIHDR_130,SIHDR_130_e03.jpg,119,3,train,15.287712097167969,10.287712097167969,11.719779014587402,1.4320669174194336,1,10.287712097167969,10.287712097167969,0,1,1,0.9894046783447266,1,1,0.6008205711841583,1,1
SIHDR_130,SIHDR_130_e04.jpg,119,4,train,14.287712097167969,10.287712097167969,11.627745628356934,1.3400335311889648,1,10.287712097167969,10.287712097167969,0,1,1,0.9816898107528687,1,1,0.6008205711841583,1,1
SIHDR_130,SIHDR_130_e05.jpg,119,5,train,13.287712097167969,10.287712097167969,11.262721061706543,0.9750089645385742,1,10.287712097167969,10.287712097167969,0,1,1,0.9660568833351135,1,1,0.6008205711841583,1,1
SIHDR_130,SIHDR_130_e06.jpg,119,6,train,12.287712097167969,10.287712097167969,10.924030303955078,0.6363182067871094,1,10.287712097167969,10.287712097167969,0,1,1,0.9435337781906128,1,1,0.6008205711841583,1,1
SIHDR_130,SIHDR_130_e07.jpg,119,7,train,11.287712097167969,10.287712097167969,10.770272254943848,0.4825601577758789,1,10.287712097167969,10.287712097167969,0,1,1,0.9129785895347595,1,1,0.6008205711841583,1,1
SIHDR_130,SIHDR_130_e08.jpg,119,8,train,10.287712097167969,10.287712097167969,11.004581451416016,0.7168693542480469,1,10.287712097167969,10.287712097167969,0,1,1,0.8298934698104858,1,1,0.6008205711841583,1,1
SIHDR_130,SIHDR_130_e09.jpg,119,9,train,9.38082218170166,10.287712097167969,10.98465633392334,0.6969442367553711,1,10.287712097167969,10.287712097167969,0,1,1,0.7322148680686951,1,1,0.6008205711841583,1,1
SIHDR_130,SIHDR_130_e10.jpg,119,10,train,8.38082218170166,10.287712097167969,10.913338661193848,0.6256265640258789,1,10.287712097167969,10.287712097167969,0,1,1,0.6530302166938782,1,1,0.6008205711841583,1,1
SIHDR_130,SIHDR_130_e11.jpg,119,11,train,7.380821704864502,10.287712097167969,10.706849098205566,0.41913700103759766,1,10.287712097167969,10.287712097167969,0,1,1,0.6086370944976807,1,1,0.6008205711841583,1,1
SIHDR_130,SIHDR_130_e12.jpg,119,12,train,6.321928024291992,10.287712097167969,11.763680458068848,1.475968360900879,1,10.287712097167969,10.287712097167969,0,1,1,0.5764830708503723,1,1,0.6008205711841583,0,0
SIHDR_130,SIHDR_130_e13.jpg,119,13,train,5.321928024291992,10.287712097167969,12.965117454528809,2.67740535736084,1,10.287712097167969,10.287712097167969,0,1,1,0.5517706274986267,1,1,0.6008205711841583,0,0
SIHDR_130,SIHDR_130_e14.jpg,119,14,train,4.321928024291992,10.287712097167969,13.043255805969238,2.7555437088012695,1,10.287712097167969,10.287712097167969,0,1,1,0.5464067459106445,1,1,0.6008205711841583,0,0
SIHDR_131,SIHDR_131_e00.jpg,120,0,train,17.194602966308594,10.287712097167969,10.038895606994629,0.24881649017333984,1,9.38082218170166,10.287712097167969,1,1,1,0.9951074123382568,1,1,0.6008205711841583,1,1
SIHDR_131,SIHDR_131_e01.jpg,120,1,train,16.28771209716797,10.287712097167969,9.352368354797363,0.9353437423706055,1,9.38082218170166,10.287712097167969,0,1,1,0.9952605366706848,1,1,0.6008205711841583,1,1
SIHDR_131,SIHDR_131_e02.jpg,120,2,train,15.872674942016602,10.287712097167969,9.109201431274414,1.1785106658935547,1,9.38082218170166,10.287712097167969,0,1,1,0.995288610458374,1,1,0.6008205711841583,1,1
SIHDR_131,SIHDR_131_e03.jpg,120,3,train,15.287712097167969,10.287712097167969,8.870990753173828,1.4167213439941406,1,9.38082218170166,10.287712097167969,0,1,1,0.9952021837234497,1,1,0.6008205711841583,1,1
SIHDR_131,SIHDR_131_e04.jpg,120,4,train,14.287712097167969,10.287712097167969,9.093283653259277,1.1944284439086914,1,9.38082218170166,10.287712097167969,0,1,1,0.993885338306427,1,1,0.6008205711841583,1,1
SIHDR_131,SIHDR_131_e05.jpg,120,5,train,13.287712097167969,10.287712097167969,10.049772262573242,0.23793983459472656,1,9.38082218170166,10.287712097167969,1,1,1,0.985618531703949,1,1,0.6008205711841583,1,1
SIHDR_131,SIHDR_131_e06.jpg,120,6,train,12.287712097167969,10.287712097167969,10.57628345489502,0.2885713577270508,1,9.38082218170166,10.287712097167969,0,1,1,0.9448966383934021,1,1,0.6008205711841583,1,1
SIHDR_131,SIHDR_131_e07.jpg,120,7,train,11.287712097167969,10.287712097167969,10.510419845581055,0.22270774841308594,1,9.38082218170166,10.287712097167969,0,1,1,0.8661227822303772,1,1,0.6008205711841583,1,1
SIHDR_131,SIHDR_131_e08.jpg,120,8,train,10.287712097167969,10.287712097167969,10.449280738830566,0.16156864166259766,1,9.38082218170166,10.287712097167969,0,1,1,0.77470463514328,1,1,0.6008205711841583,1,1
SIHDR_131,SIHDR_131_e09.jpg,120,9,train,9.38082218170166,10.287712097167969,10.281081199645996,0.006630897521972656,1,9.38082218170166,10.287712097167969,1,1,1,0.715279757976532,1,1,0.6008205711841583,1,1
SIHDR_131,SIHDR_131_e10.jpg,120,10,train,8.38082218170166,10.287712097167969,10.646347999572754,0.35863590240478516,1,9.38082218170166,10.287712097167969,0,1,1,0.6504747271537781,1,1,0.6008205711841583,1,1
SIHDR_131,SIHDR_131_e11.jpg,120,11,train,7.380821704864502,10.287712097167969,10.668120384216309,0.38040828704833984,1,9.38082218170166,10.287712097167969,0,1,1,0.6011615991592407,1,1,0.6008205711841583,1,1
SIHDR_131,SIHDR_131_e12.jpg,120,12,train,6.321928024291992,10.287712097167969,11.428520202636719,1.14080810546875,1,9.38082218170166,10.287712097167969,0,1,1,0.5725719332695007,1,1,0.6008205711841583,0,0
SIHDR_131,SIHDR_131_e13.jpg,120,13,train,5.321928024291992,10.287712097167969,12.175932884216309,1.8882207870483398,1,9.38082218170166,10.287712097167969,0,1,1,0.5567956566810608,1,1,0.6008205711841583,0,0
SIHDR_131,SIHDR_131_e14.jpg,120,14,train,4.321928024291992,10.287712097167969,12.464177131652832,2.1764650344848633,1,9.38082218170166,10.287712097167969,0,1,1,0.5519196391105652,1,1,0.6008205711841583,0,0
SIHDR_132,SIHDR_132_e00.jpg,121,0,train,17.194602966308594,10.287712097167969,10.09917163848877,0.18854045867919922,1,9.38082218170166,10.287712097167969,1,1,1,0.9950994849205017,1,1,0.6008205711841583,1,1
SIHDR_132,SIHDR_132_e01.jpg,121,1,train,16.28771209716797,10.287712097167969,9.557169914245605,0.7305421829223633,1,9.38082218170166,10.287712097167969,1,1,1,0.9950729012489319,1,1,0.6008205711841583,1,1
SIHDR_132,SIHDR_132_e02.jpg,121,2,train,15.872674942016602,10.287712097167969,9.391757011413574,0.8959550857543945,1,9.38082218170166,10.287712097167969,1,1,1,0.9949016571044922,1,1,0.6008205711841583,1,1
SIHDR_132,SIHDR_132_e03.jpg,121,3,train,15.287712097167969,10.287712097167969,9.131839752197266,1.1558723449707031,1,9.38082218170166,10.287712097167969,0,1,1,0.994594156742096,1,1,0.6008205711841583,1,1
SIHDR_132,SIHDR_132_e04.jpg,121,4,train,14.287712097167969,10.287712097167969,9.130175590515137,1.157536506652832,1,9.38082218170166,10.287712097167969,0,1,1,0.9929024577140808,1,1,0.6008205711841583,1,1
SIHDR_132,SIHDR_132_e05.jpg,121,5,train,13.287712097167969,10.287712097167969,9.489540100097656,0.7981719970703125,1,9.38082218170166,10.287712097167969,1,1,1,0.9864308834075928,1,1,0.6008205711841583,1,1
SIHDR_132,SIHDR_132_e06.jpg,121,6,train,12.287712097167969,10.287712097167969,10.122490882873535,0.1652212142944336,1,9.38082218170166,10.287712097167969,1,1,1,0.9662695527076721,1,1,0.6008205711841583,1,1
SIHDR_132,SIHDR_132_e07.jpg,121,7,train,11.287712097167969,10.287712097167969,10.183247566223145,0.10446453094482422,1,9.38082218170166,10.287712097167969,1,1,1,0.9257916212081909,1,1,0.6008205711841583,1,1
SIHDR_132,SIHDR_132_e08.jpg,121,8,train,10.287712097167969,10.287712097167969,10.236703872680664,0.05100822448730469,1,9.38082218170166,10.287712097167969,1,1,1,0.8596062660217285,1,1,0.6008205711841583,1,1
SIHDR_132,SIHDR_132_e09.jpg,121,9,train,9.38082218170166,10.287712097167969,10.26415729522705,0.02355480194091797,1,9.38082218170166,10.287712097167969,1,1,1,0.7811116576194763,1,1,0.6008205711841583,1,1
SIHDR_132,SIHDR_132_e10.jpg,121,10,train,8.38082218170166,10.287712097167969,10.300187110900879,0.012475013732910156,1,9.38082218170166,10.287712097167969,0,1,1,0.6927040815353394,1,1,0.6008205711841583,1,1
SIHDR_132,SIHDR_132_e11.jpg,121,11,train,7.380821704864502,10.287712097167969,10.282829284667969,0.0048828125,1,9.38082218170166,10.287712097167969,1,1,1,0.6288831830024719,1,1,0.6008205711841583,1,1
SIHDR_132,SIHDR_132_e12.jpg,121,12,train,6.321928024291992,10.287712097167969,11.08621597290039,0.7985038757324219,1,9.38082218170166,10.287712097167969,0,1,1,0.5848244428634644,1,1,0.6008205711841583,0,0
SIHDR_132,SIHDR_132_e13.jpg,121,13,train,5.321928024291992,10.287712097167969,12.257025718688965,1.969313621520996,1,9.38082218170166,10.287712097167969,0,1,1,0.5608227849006653,1,1,0.6008205711841583,0,0
SIHDR_132,SIHDR_132_e14.jpg,121,14,train,4.321928024291992,10.287712097167969,12.846243858337402,2.5585317611694336,1,9.38082218170166,10.287712097167969,0,1,1,0.548539400100708,1,1,0.6008205711841583,0,0
SIHDR_133,SIHDR_133_e00.jpg,122,0,train,17.194602966308594,9.38082218170166,10.059553146362305,0.6787309646606445,1,8.38082218170166,10.287712097167969,1,,0,0.9951004385948181,1,,0.6008205711841583,1,
SIHDR_133,SIHDR_133_e01.jpg,122,1,train,16.28771209716797,9.38082218170166,9.359567642211914,0.021254539489746094,1,8.38082218170166,10.287712097167969,1,,0,0.9952406883239746,1,,0.6008205711841583,1,
SIHDR_133,SIHDR_133_e02.jpg,122,2,train,15.872674942016602,9.38082218170166,9.104188919067383,0.27663326263427734,1,8.38082218170166,10.287712097167969,1,,0,0.9952467083930969,1,,0.6008205711841583,1,
SIHDR_133,SIHDR_133_e03.jpg,122,3,train,15.287712097167969,9.38082218170166,8.90264892578125,0.47817325592041016,1,8.38082218170166,10.287712097167969,1,,0,0.9951763153076172,1,,0.6008205711841583,1,
SIHDR_133,SIHDR_133_e04.jpg,122,4,train,14.287712097167969,9.38082218170166,8.731305122375488,0.6495170593261719,1,8.38082218170166,10.287712097167969,1,,0,0.9947788715362549,1,,0.6008205711841583,1,
SIHDR_133,SIHDR_133_e05.jpg,122,5,train,13.287712097167969,9.38082218170166,9.001702308654785,0.379119873046875,1,8.38082218170166,10.287712097167969,1,,0,0.9920313358306885,1,,0.6008205711841583,1,
SIHDR_133,SIHDR_133_e06.jpg,122,6,train,12.287712097167969,9.38082218170166,9.481993675231934,0.10117149353027344,1,8.38082218170166,10.287712097167969,1,,0,0.9796388149261475,1,,0.6008205711841583,1,
SIHDR_133,SIHDR_133_e07.jpg,122,7,train,11.287712097167969,9.38082218170166,9.644034385681152,0.2632122039794922,1,8.38082218170166,10.287712097167969,1,,0,0.9396365284919739,1,,0.6008205711841583,1,
SIHDR_133,SIHDR_133_e08.jpg,122,8,train,10.287712097167969,9.38082218170166,9.575704574584961,0.19488239288330078,1,8.38082218170166,10.287712097167969,1,,0,0.8625825047492981,1,,0.6008205711841583,1,
SIHDR_133,SIHDR_133_e09.jpg,122,9,train,9.38082218170166,9.38082218170166,9.442727088928223,0.0619049072265625,1,8.38082218170166,10.287712097167969,1,,0,0.7791584730148315,1,,0.6008205711841583,1,
SIHDR_133,SIHDR_133_e10.jpg,122,10,train,8.38082218170166,9.38082218170166,9.603987693786621,0.22316551208496094,1,8.38082218170166,10.287712097167969,1,,0,0.6929386258125305,1,,0.6008205711841583,1,
SIHDR_133,SIHDR_133_e11.jpg,122,11,train,7.380821704864502,9.38082218170166,9.9746675491333,0.5938453674316406,1,8.38082218170166,10.287712097167969,1,,0,0.6264082789421082,1,,0.6008205711841583,1,
SIHDR_133,SIHDR_133_e12.jpg,122,12,train,6.321928024291992,9.38082218170166,11.218047142028809,1.8372249603271484,1,8.38082218170166,10.287712097167969,0,,0,0.5790426135063171,1,,0.6008205711841583,0,
SIHDR_133,SIHDR_133_e13.jpg,122,13,train,5.321928024291992,9.38082218170166,12.332812309265137,2.9519901275634766,1,8.38082218170166,10.287712097167969,0,,0,0.5580047965049744,1,,0.6008205711841583,0,
SIHDR_133,SIHDR_133_e14.jpg,122,14,train,4.321928024291992,9.38082218170166,12.875737190246582,3.494915008544922,1,8.38082218170166,10.287712097167969,0,,0,0.5477299094200134,1,,0.6008205711841583,0,
SIHDR_134,SIHDR_134_e00.jpg,123,0,train,17.194602966308594,9.38082218170166,10.059263229370117,0.678441047668457,1,8.38082218170166,9.38082218170166,0,1,1,0.9951024055480957,1,1,0.6008205711841583,1,1
SIHDR_134,SIHDR_134_e01.jpg,123,1,train,16.28771209716797,9.38082218170166,9.378938674926758,0.0018835067749023438,1,8.38082218170166,9.38082218170166,1,1,1,0.9952066540718079,1,1,0.6008205711841583,1,1
SIHDR_134,SIHDR_134_e02.jpg,123,2,train,15.872674942016602,9.38082218170166,9.11365795135498,0.2671642303466797,1,8.38082218170166,9.38082218170166,1,1,1,0.9951649904251099,1,1,0.6008205711841583,1,1
SIHDR_134,SIHDR_134_e03.jpg,123,3,train,15.287712097167969,9.38082218170166,8.850828170776367,0.529994010925293,1,8.38082218170166,9.38082218170166,1,1,1,0.9947906732559204,1,1,0.6008205711841583,1,1
SIHDR_134,SIHDR_134_e04.jpg,123,4,train,14.287712097167969,9.38082218170166,8.969319343566895,0.4115028381347656,1,8.38082218170166,9.38082218170166,1,1,1,0.9929009675979614,1,1,0.6008205711841583,1,1
SIHDR_134,SIHDR_134_e05.jpg,123,5,train,13.287712097167969,9.38082218170166,8.991722106933594,0.3891000747680664,1,8.38082218170166,9.38082218170166,1,1,1,0.9874251484870911,1,1,0.6008205711841583,1,1
SIHDR_134,SIHDR_134_e06.jpg,123,6,train,12.287712097167969,9.38082218170166,9.215376853942871,0.16544532775878906,1,8.38082218170166,9.38082218170166,1,1,1,0.9772120118141174,1,1,0.6008205711841583,1,1
SIHDR_134,SIHDR_134_e07.jpg,123,7,train,11.287712097167969,9.38082218170166,9.173929214477539,0.2068929672241211,1,8.38082218170166,9.38082218170166,1,1,1,0.9517703652381897,1,1,0.6008205711841583,1,1
SIHDR_134,SIHDR_134_e08.jpg,123,8,train,10.287712097167969,9.38082218170166,8.53084945678711,0.8499727249145508,1,8.38082218170166,9.38082218170166,1,1,1,0.8916416168212891,1,1,0.6008205711841583,1,1
SIHDR_134,SIHDR_134_e09.jpg,123,9,train,9.38082218170166,9.38082218170166,9.171660423278809,0.20916175842285156,1,8.38082218170166,9.38082218170166,1,1,1,0.7907511591911316,1,1,0.6008205711841583,1,1
SIHDR_134,SIHDR_134_e10.jpg,123,10,train,8.38082218170166,9.38082218170166,9.303814888000488,0.07700729370117188,1,8.38082218170166,9.38082218170166,1,1,1,0.691481351852417,1,1,0.6008205711841583,1,1
SIHDR_134,SIHDR_134_e11.jpg,123,11,train,7.380821704864502,9.38082218170166,9.417048454284668,0.03622627258300781,1,8.38082218170166,9.38082218170166,0,1,1,0.6339536905288696,1,1,0.6008205711841583,1,1
SIHDR_134,SIHDR_134_e12.jpg,123,12,train,6.321928024291992,9.38082218170166,9.560461044311523,0.17963886260986328,1,8.38082218170166,9.38082218170166,0,1,1,0.5977325439453125,1,1,0.6008205711841583,0,0
SIHDR_134,SIHDR_134_e13.jpg,123,13,train,5.321928024291992,9.38082218170166,10.969666481018066,1.5888442993164062,1,8.38082218170166,9.38082218170166,0,1,1,0.5713927745819092,1,1,0.6008205711841583,0,0
SIHDR_134,SIHDR_134_e14.jpg,123,14,train,4.321928024291992,9.38082218170166,11.842663764953613,2.461841583251953,1,8.38082218170166,9.38082218170166,0,1,1,0.5595051646232605,1,1,0.6008205711841583,0,0
SIHDR_135,SIHDR_135_e00.jpg,124,0,test,17.194602966308594,8.38082218170166,10.059263229370117,1.678441047668457,1,7.380821704864502,8.38082218170166,0,1,1,0.9951024055480957,1,1,0.6008205711841583,1,1
SIHDR_135,SIHDR_135_e01.jpg,124,1,test,16.28771209716797,8.38082218170166,9.356842994689941,0.9760208129882812,1,7.380821704864502,8.38082218170166,0,1,1,0.9952444434165955,1,1,0.6008205711841583,1,1
SIHDR_135,SIHDR_135_e02.jpg,124,2,test,15.872674942016602,8.38082218170166,9.062699317932129,0.6818771362304688,1,7.380821704864502,8.38082218170166,0,1,1,0.995263934135437,1,1,0.6008205711841583,1,1
SIHDR_135,SIHDR_135_e03.jpg,124,3,test,15.287712097167969,8.38082218170166,8.668621063232422,0.2877988815307617,1,7.380821704864502,8.38082218170166,0,1,1,0.9952669143676758,1,1,0.6008205711841583,1,1
SIHDR_135,SIHDR_135_e04.jpg,124,4,test,14.287712097167969,8.38082218170166,8.193954467773438,0.18686771392822266,1,7.380821704864502,8.38082218170166,1,1,1,0.9950621724128723,1,1,0.6008205711841583,1,1
SIHDR_135,SIHDR_135_e05.jpg,124,5,test,13.287712097167969,8.38082218170166,8.29878044128418,0.08204174041748047,1,7.380821704864502,8.38082218170166,1,1,1,0.9928897619247437,1,1,0.6008205711841583,1,1
SIHDR_135,SIHDR_135_e06.jpg,124,6,test,12.287712097167969,8.38082218170166,8.518872261047363,0.13805007934570312,1,7.380821704864502,8.38082218170166,0,1,1,0.9848489165306091,1,1,0.6008205711841583,1,1
SIHDR_135,SIHDR_135_e07.jpg,124,7,test,11.287712097167969,8.38082218170166,8.071335792541504,0.30948638916015625,1,7.380821704864502,8.38082218170166,1,1,1,0.9708796739578247,1,1,0.6008205711841583,1,1
SIHDR_135,SIHDR_135_e08.jpg,124,8,test,10.287712097167969,8.38082218170166,7.525515079498291,0.8553071022033691,1,7.380821704864502,8.38082218170166,1,1,1,0.9539212584495544,1,1,0.6008205711841583,1,1
SIHDR_135,SIHDR_135_e09.jpg,124,9,test,9.38082218170166,8.38082218170166,7.19653844833374,1.18428373336792,1,7.380821704864502,8.38082218170166,0,1,1,0.9334168434143066,1,1,0.6008205711841583,1,1
SIHDR_135,SIHDR_135_e10.jpg,124,10,test,8.38082218170166,8.38082218170166,7.977514266967773,0.4033079147338867,1,7.380821704864502,8.38082218170166,1,1,1,0.854282796382904,1,1,0.6008205711841583,1,1
SIHDR_135,SIHDR_135_e11.jpg,124,11,test,7.380821704864502,8.38082218170166,8.857583045959473,0.4767608642578125,1,7.380821704864502,8.38082218170166,0,1,1,0.7431297898292542,1,1,0.6008205711841583,1,1
SIHDR_135,SIHDR_135_e12.jpg,124,12,test,6.321928024291992,8.38082218170166,8.909893989562988,0.5290718078613281,1,7.380821704864502,8.38082218170166,0,1,1,0.6715583801269531,1,1,0.6008205711841583,1,1
SIHDR_135,SIHDR_135_e13.jpg,124,13,test,5.321928024291992,8.38082218170166,8.398893356323242,0.01807117462158203,1,7.380821704864502,8.38082218170166,0,1,1,0.6266318559646606,1,1,0.6008205711841583,1,1
SIHDR_135,SIHDR_135_e14.jpg,124,14,test,4.321928024291992,8.38082218170166,7.879049301147461,0.5017728805541992,1,7.380821704864502,8.38082218170166,1,1,1,0.6206327080726624,1,1,0.6008205711841583,1,1
SIHDR_136,SIHDR_136_e00.jpg,125,0,train,17.194602966308594,9.38082218170166,10.059799194335938,0.6789770126342773,1,8.38082218170166,9.38082218170166,0,1,1,0.9951026439666748,1,1,0.6008205711841583,1,1
SIHDR_136,SIHDR_136_e01.jpg,125,1,train,16.28771209716797,9.38082218170166,9.374687194824219,0.006134986877441406,1,8.38082218170166,9.38082218170166,1,1,1,0.9952394962310791,1,1,0.6008205711841583,1,1
SIHDR_136,SIHDR_136_e02.jpg,125,2,train,15.872674942016602,9.38082218170166,9.115752220153809,0.26506996154785156,1,8.38082218170166,9.38082218170166,1,1,1,0.9952421188354492,1,1,0.6008205711841583,1,1
SIHDR_136,SIHDR_136_e03.jpg,125,3,train,15.287712097167969,9.38082218170166,8.847926139831543,0.5328960418701172,1,8.38082218170166,9.38082218170166,1,1,1,0.9952154159545898,1,1,0.6008205711841583,1,1
SIHDR_136,SIHDR_136_e04.jpg,125,4,train,14.287712097167969,9.38082218170166,8.829133033752441,0.5516891479492188,1,8.38082218170166,9.38082218170166,1,1,1,0.9944117665290833,1,1,0.6008205711841583,1,1
SIHDR_136,SIHDR_136_e05.jpg,125,5,train,13.287712097167969,9.38082218170166,9.179059982299805,0.20176219940185547,1,8.38082218170166,9.38082218170166,1,1,1,0.9900179505348206,1,1,0.6008205711841583,1,1
SIHDR_136,SIHDR_136_e06.jpg,125,6,train,12.287712097167969,9.38082218170166,9.273772239685059,0.10704994201660156,1,8.38082218170166,9.38082218170166,1,1,1,0.9773463606834412,1,1,0.6008205711841583,1,1
SIHDR_136,SIHDR_136_e07.jpg,125,7,train,11.287712097167969,9.38082218170166,9.33337116241455,0.047451019287109375,1,8.38082218170166,9.38082218170166,1,1,1,0.9500439763069153,1,1,0.6008205711841583,1,1
SIHDR_136,SIHDR_136_e08.jpg,125,8,train,10.287712097167969,9.38082218170166,9.356893539428711,0.02392864227294922,1,8.38082218170166,9.38082218170166,1,1,1,0.9020003080368042,1,1,0.6008205711841583,1,1
SIHDR_136,SIHDR_136_e09.jpg,125,9,train,9.38082218170166,9.38082218170166,9.482755661010742,0.10193347930908203,1,8.38082218170166,9.38082218170166,0,1,1,0.8390100002288818,1,1,0.6008205711841583,1,1
SIHDR_136,SIHDR_136_e10.jpg,125,10,train,8.38082218170166,9.38082218170166,9.770956039428711,0.3901338577270508,1,8.38082218170166,9.38082218170166,0,1,1,0.7321638464927673,1,1,0.6008205711841583,1,1
SIHDR_136,SIHDR_136_e11.jpg,125,11,train,7.380821704864502,9.38082218170166,9.986145973205566,0.6053237915039062,1,8.38082218170166,9.38082218170166,0,1,1,0.6500080227851868,1,1,0.6008205711841583,1,1
SIHDR_136,SIHDR_136_e12.jpg,125,12,train,6.321928024291992,9.38082218170166,10.257814407348633,0.8769922256469727,1,8.38082218170166,9.38082218170166,0,1,1,0.5997234582901001,1,1,0.6008205711841583,0,0
SIHDR_136,SIHDR_136_e13.jpg,125,13,train,5.321928024291992,9.38082218170166,11.460600852966309,2.0797786712646484,1,8.38082218170166,9.38082218170166,0,1,1,0.5727168321609497,1,1,0.6008205711841583,0,0
SIHDR_136,SIHDR_136_e14.jpg,125,14,train,4.321928024291992,9.38082218170166,12.45555305480957,3.07473087310791,1,8.38082218170166,9.38082218170166,0,1,1,0.554654061794281,1,1,0.6008205711841583,0,0
SIHDR_137,SIHDR_137_e00.jpg,126,0,train,17.194602966308594,10.287712097167969,10.06060791015625,0.22710418701171875,1,9.38082218170166,11.287712097167969,1,1,1,0.995101809501648,1,1,0.6008205711841583,1,1
SIHDR_137,SIHDR_137_e01.jpg,126,1,train,16.28771209716797,10.287712097167969,9.459711074829102,0.8280010223388672,1,9.38082218170166,11.287712097167969,1,1,1,0.9951781034469604,1,1,0.6008205711841583,1,1
SIHDR_137,SIHDR_137_e02.jpg,126,2,train,15.872674942016602,10.287712097167969,9.452557563781738,0.8351545333862305,1,9.38082218170166,11.287712097167969,1,1,1,0.9949971437454224,1,1,0.6008205711841583,1,1
SIHDR_137,SIHDR_137_e03.jpg,126,3,train,15.287712097167969,10.287712097167969,10.096208572387695,0.19150352478027344,1,9.38082218170166,11.287712097167969,1,1,1,0.9941574335098267,1,1,0.6008205711841583,1,1
SIHDR_137,SIHDR_137_e04.jpg,126,4,train,14.287712097167969,10.287712097167969,11.145779609680176,0.858067512512207,1,9.38082218170166,11.287712097167969,1,1,1,0.98843914270401,1,1,0.6008205711841583,1,1
SIHDR_137,SIHDR_137_e05.jpg,126,5,train,13.287712097167969,10.287712097167969,11.911911964416504,1.6241998672485352,1,9.38082218170166,11.287712097167969,0,1,1,0.9721254706382751,1,1,0.6008205711841583,1,1
SIHDR_137,SIHDR_137_e06.jpg,126,6,train,12.287712097167969,10.287712097167969,12.1806058883667,1.8928937911987305,1,9.38082218170166,11.287712097167969,0,1,1,0.937730610370636,1,1,0.6008205711841583,1,1
SIHDR_137,SIHDR_137_e07.jpg,126,7,train,11.287712097167969,10.287712097167969,11.561283111572266,1.2735710144042969,1,9.38082218170166,11.287712097167969,0,1,1,0.8969927430152893,1,1,0.6008205711841583,1,1
SIHDR_137,SIHDR_137_e08.jpg,126,8,train,10.287712097167969,10.287712097167969,11.771190643310547,1.4834785461425781,1,9.38082218170166,11.287712097167969,0,1,1,0.823723554611206,1,1,0.6008205711841583,1,1
SIHDR_137,SIHDR_137_e09.jpg,126,9,train,9.38082218170166,10.287712097167969,12.003312110900879,1.7156000137329102,1,9.38082218170166,11.287712097167969,0,1,1,0.7288478016853333,1,1,0.6008205711841583,1,1
SIHDR_137,SIHDR_137_e10.jpg,126,10,train,8.38082218170166,10.287712097167969,11.651866912841797,1.3641548156738281,1,9.38082218170166,11.287712097167969,0,1,1,0.6450809836387634,1,1,0.6008205711841583,1,1
SIHDR_137,SIHDR_137_e11.jpg,126,11,train,7.380821704864502,10.287712097167969,11.31828498840332,1.0305728912353516,1,9.38082218170166,11.287712097167969,0,1,1,0.595639705657959,1,1,0.6008205711841583,0,0
SIHDR_137,SIHDR_137_e12.jpg,126,12,train,6.321928024291992,10.287712097167969,12.115806579589844,1.828094482421875,1,9.38082218170166,11.287712097167969,0,1,1,0.5668123364448547,1,1,0.6008205711841583,0,0
SIHDR_137,SIHDR_137_e13.jpg,126,13,train,5.321928024291992,10.287712097167969,12.771685600280762,2.483973503112793,1,9.38082218170166,11.287712097167969,0,1,1,0.550843358039856,1,1,0.6008205711841583,0,0
SIHDR_137,SIHDR_137_e14.jpg,126,14,train,4.321928024291992,10.287712097167969,12.896767616271973,2.609055519104004,1,9.38082218170166,11.287712097167969,0,1,1,0.5463744401931763,1,1,0.6008205711841583,0,0
SIHDR_138,SIHDR_138_e00.jpg,127,0,train,17.194602966308594,10.287712097167969,10.061363220214844,0.226348876953125,1,9.38082218170166,10.287712097167969,1,1,1,0.995101273059845,1,1,0.6008205711841583,1,1
SIHDR_138,SIHDR_138_e01.jpg,127,1,train,16.28771209716797,10.287712097167969,9.39255428314209,0.8951578140258789,1,9.38082218170166,10.287712097167969,1,1,1,0.9951977133750916,1,1,0.6008205711841583,1,1
SIHDR_138,SIHDR_138_e02.jpg,127,2,train,15.872674942016602,10.287712097167969,9.145047187805176,1.142664909362793,1,9.38082218170166,10.287712097167969,0,1,1,0.9951640367507935,1,1,0.6008205711841583,1,1
SIHDR_138,SIHDR_138_e03.jpg,127,3,train,15.287712097167969,10.287712097167969,8.925137519836426,1.362574577331543,1,9.38082218170166,10.287712097167969,0,1,1,0.9949681162834167,1,1,0.6008205711841583,1,1
SIHDR_138,SIHDR_138_e04.jpg,127,4,train,14.287712097167969,10.287712097167969,9.188084602355957,1.0996274948120117,1,9.38082218170166,10.287712097167969,0,1,1,0.9932405948638916,1,1,0.6008205711841583,1,1
SIHDR_138,SIHDR_138_e05.jpg,127,5,train,13.287712097167969,10.287712097167969,9.808611869812012,0.47910022735595703,1,9.38082218170166,10.287712097167969,1,1,1,0.9860710501670837,1,1,0.6008205711841583,1,1
SIHDR_138,SIHDR_138_e06.jpg,127,6,train,12.287712097167969,10.287712097167969,10.092753410339355,0.19495868682861328,1,9.38082218170166,10.287712097167969,1,1,1,0.9701265692710876,1,1,0.6008205711841583,1,1
SIHDR_138,SIHDR_138_e07.jpg,127,7,train,11.287712097167969,10.287712097167969,10.23609447479248,0.05161762237548828,1,9.38082218170166,10.287712097167969,1,1,1,0.9322264194488525,1,1,0.6008205711841583,1,1
SIHDR_138,SIHDR_138_e08.jpg,127,8,train,10.287712097167969,10.287712097167969,10.141447067260742,0.14626502990722656,1,9.38082218170166,10.287712097167969,1,1,1,0.8470820784568787,1,1,0.6008205711841583,1,1
SIHDR_138,SIHDR_138_e09.jpg,127,9,train,9.38082218170166,10.287712097167969,10.08325481414795,0.20445728302001953,1,9.38082218170166,10.287712097167969,1,1,1,0.7519639730453491,1,1,0.6008205711841583,1,1
SIHDR_138,SIHDR_138_e10.jpg,127,10,train,8.38082218170166,10.287712097167969,10.24268627166748,0.04502582550048828,1,9.38082218170166,10.287712097167969,1,1,1,0.6647160053253174,1,1,0.6008205711841583,1,1
SIHDR_138,SIHDR_138_e11.jpg,127,11,train,7.380821704864502,10.287712097167969,10.072806358337402,0.2149057388305664,1,9.38082218170166,10.287712097167969,1,1,1,0.6134272813796997,1,1,0.6008205711841583,1,1
SIHDR_138,SIHDR_138_e12.jpg,127,12,train,6.321928024291992,10.287712097167969,10.864933013916016,0.5772209167480469,1,9.38082218170166,10.287712097167969,0,1,1,0.58127361536026,1,1,0.6008205711841583,0,0
SIHDR_138,SIHDR_138_e13.jpg,127,13,train,5.321928024291992,10.287712097167969,12.763239860534668,2.475527763366699,1,9.38082218170166,10.287712097167969,0,1,1,0.5507181286811829,1,1,0.6008205711841583,0,0
SIHDR_138,SIHDR_138_e14.jpg,127,14,train,4.321928024291992,10.287712097167969,13.007431983947754,2.719719886779785,1,9.38082218170166,10.287712097167969,0,1,1,0.5448715686798096,1,1,0.6008205711841583,0,0
SIHDR_139,SIHDR_139_e00.jpg,128,0,train,17.194602966308594,10.287712097167969,10.068127632141113,0.21958446502685547,1,10.287712097167969,11.287712097167969,0,,0,0.9950984120368958,1,,0.6008205711841583,1,
SIHDR_139,SIHDR_139_e01.jpg,128,1,train,16.28771209716797,10.287712097167969,9.419061660766602,0.8686504364013672,1,10.287712097167969,11.287712097167969,0,,0,0.9950584173202515,1,,0.6008205711841583,1,
SIHDR_139,SIHDR_139_e02.jpg,128,2,train,15.872674942016602,10.287712097167969,9.271498680114746,1.0162134170532227,1,10.287712097167969,11.287712097167969,0,,0,0.994429349899292,1,,0.6008205711841583,1,
SIHDR_139,SIHDR_139_e03.jpg,128,3,train,15.287712097167969,10.287712097167969,9.490396499633789,0.7973155975341797,1,10.287712097167969,11.287712097167969,0,,0,0.992732584476471,1,,0.6008205711841583,1,
SIHDR_139,SIHDR_139_e04.jpg,128,4,train,14.287712097167969,10.287712097167969,10.619471549987793,0.3317594528198242,1,10.287712097167969,11.287712097167969,1,,0,0.9850319623947144,1,,0.6008205711841583,1,
SIHDR_139,SIHDR_139_e05.jpg,128,5,train,13.287712097167969,10.287712097167969,11.081658363342285,0.7939462661743164,1,10.287712097167969,11.287712097167969,1,,0,0.9682129621505737,1,,0.6008205711841583,1,
SIHDR_139,SIHDR_139_e06.jpg,128,6,train,12.287712097167969,10.287712097167969,11.208740234375,0.9210281372070312,1,10.287712097167969,11.287712097167969,1,,0,0.9298245906829834,1,,0.6008205711841583,1,
SIHDR_139,SIHDR_139_e07.jpg,128,7,train,11.287712097167969,10.287712097167969,11.192911148071289,0.9051990509033203,1,10.287712097167969,11.287712097167969,1,,0,0.8557608127593994,1,,0.6008205711841583,1,
SIHDR_139,SIHDR_139_e08.jpg,128,8,train,10.287712097167969,10.287712097167969,11.040745735168457,0.7530336380004883,1,10.287712097167969,11.287712097167969,1,,0,0.7526038289070129,1,,0.6008205711841583,1,
SIHDR_139,SIHDR_139_e09.jpg,128,9,train,9.38082218170166,10.287712097167969,11.187352180480957,0.8996400833129883,1,10.287712097167969,11.287712097167969,1,,0,0.666129469871521,1,,0.6008205711841583,1,
SIHDR_139,SIHDR_139_e10.jpg,128,10,train,8.38082218170166,10.287712097167969,11.178140640258789,0.8904285430908203,1,10.287712097167969,11.287712097167969,1,,0,0.6050000190734863,1,,0.6008205711841583,1,
SIHDR_139,SIHDR_139_e11.jpg,128,11,train,7.380821704864502,10.287712097167969,11.67689323425293,1.389181137084961,1,10.287712097167969,11.287712097167969,0,,0,0.5719853639602661,1,,0.6008205711841583,0,
SIHDR_139,SIHDR_139_e12.jpg,128,12,train,6.321928024291992,10.287712097167969,13.110870361328125,2.8231582641601562,1,10.287712097167969,11.287712097167969,0,,0,0.5457456111907959,1,,0.6008205711841583,0,
SIHDR_139,SIHDR_139_e13.jpg,128,13,train,5.321928024291992,10.287712097167969,13.5237398147583,3.236027717590332,1,10.287712097167969,11.287712097167969,0,,0,0.537253201007843,1,,0.6008205711841583,0,
SIHDR_139,SIHDR_139_e14.jpg,128,14,train,4.321928024291992,10.287712097167969,13.262450218200684,2.974738121032715,1,10.287712097167969,11.287712097167969,0,,0,0.5396879315376282,1,,0.6008205711841583,0,
SIHDR_140,SIHDR_140_e00.jpg,129,0,train,17.194602966308594,10.287712097167969,10.060837745666504,0.22687435150146484,1,9.38082218170166,10.287712097167969,1,,0,0.9950917959213257,1,,0.6008205711841583,1,
SIHDR_140,SIHDR_140_e01.jpg,129,1,train,16.28771209716797,10.287712097167969,9.369304656982422,0.9184074401855469,1,9.38082218170166,10.287712097167969,0,,0,0.9952607750892639,1,,0.6008205711841583,1,
SIHDR_140,SIHDR_140_e02.jpg,129,2,train,15.872674942016602,10.287712097167969,9.094538688659668,1.1931734085083008,1,9.38082218170166,10.287712097167969,0,,0,0.9952793121337891,1,,0.6008205711841583,1,
SIHDR_140,SIHDR_140_e03.jpg,129,3,train,15.287712097167969,10.287712097167969,8.792003631591797,1.4957084655761719,1,9.38082218170166,10.287712097167969,0,,0,0.9952078461647034,1,,0.6008205711841583,1,
SIHDR_140,SIHDR_140_e04.jpg,129,4,train,14.287712097167969,10.287712097167969,9.014020919799805,1.273691177368164,1,9.38082218170166,10.287712097167969,0,,0,0.993755578994751,1,,0.6008205711841583,1,
SIHDR_140,SIHDR_140_e05.jpg,129,5,train,13.287712097167969,10.287712097167969,9.781403541564941,0.5063085556030273,1,9.38082218170166,10.287712097167969,1,,0,0.9857298135757446,1,,0.6008205711841583,1,
SIHDR_140,SIHDR_140_e06.jpg,129,6,train,12.287712097167969,10.287712097167969,10.072455406188965,0.2152566909790039,1,9.38082218170166,10.287712097167969,1,,0,0.9620867967605591,1,,0.6008205711841583,1,
SIHDR_140,SIHDR_140_e07.jpg,129,7,train,11.287712097167969,10.287712097167969,10.215882301330566,0.07182979583740234,1,9.38082218170166,10.287712097167969,1,,0,0.912303626537323,1,,0.6008205711841583,1,
SIHDR_140,SIHDR_140_e08.jpg,129,8,train,10.287712097167969,10.287712097167969,9.973213195800781,0.3144989013671875,1,9.38082218170166,10.287712097167969,1,,0,0.8299241662025452,1,,0.6008205711841583,1,
SIHDR_140,SIHDR_140_e09.jpg,129,9,train,9.38082218170166,10.287712097167969,10.069951057434082,0.21776103973388672,1,9.38082218170166,10.287712097167969,1,,0,0.7388361096382141,1,,0.6008205711841583,1,
SIHDR_140,SIHDR_140_e10.jpg,129,10,train,8.38082218170166,10.287712097167969,10.55064582824707,0.26293373107910156,1,9.38082218170166,10.287712097167969,0,,0,0.6473563313484192,1,,0.6008205711841583,1,
SIHDR_140,SIHDR_140_e11.jpg,129,11,train,7.380821704864502,10.287712097167969,10.559037208557129,0.27132511138916016,1,9.38082218170166,10.287712097167969,0,,0,0.5998666286468506,1,,0.6008205711841583,0,
SIHDR_140,SIHDR_140_e12.jpg,129,12,train,6.321928024291992,10.287712097167969,11.685456275939941,1.3977441787719727,1,9.38082218170166,10.287712097167969,0,,0,0.5701192617416382,1,,0.6008205711841583,0,
SIHDR_140,SIHDR_140_e13.jpg,129,13,train,5.321928024291992,10.287712097167969,12.963461875915527,2.6757497787475586,1,9.38082218170166,10.287712097167969,0,,0,0.548148512840271,1,,0.6008205711841583,0,
SIHDR_140,SIHDR_140_e14.jpg,129,14,train,4.321928024291992,10.287712097167969,13.143599510192871,2.8558874130249023,1,9.38082218170166,10.287712097167969,0,,0,0.5429607629776001,1,,0.6008205711841583,0,
SIHDR_141,SIHDR_141_e00.jpg,130,0,train,17.194602966308594,11.287712097167969,10.550214767456055,0.7374973297119141,1,10.287712097167969,11.287712097167969,1,1,1,0.9940007328987122,1,1,0.6008205711841583,1,1
SIHDR_141,SIHDR_141_e01.jpg,130,1,train,16.28771209716797,11.287712097167969,10.53659725189209,0.7511148452758789,1,10.287712097167969,11.287712097167969,1,1,1,0.991732120513916,1,1,0.6008205711841583,1,1
SIHDR_141,SIHDR_141_e02.jpg,130,2,train,15.872674942016602,11.287712097167969,10.701529502868652,0.5861825942993164,1,10.287712097167969,11.287712097167969,1,1,1,0.9896911382675171,1,1,0.6008205711841583,1,1
SIHDR_141,SIHDR_141_e03.jpg,130,3,train,15.287712097167969,11.287712097167969,10.891507148742676,0.39620494842529297,1,10.287712097167969,11.287712097167969,1,1,1,0.9852933287620544,1,1,0.6008205711841583,1,1
SIHDR_141,SIHDR_141_e04.jpg,130,4,train,14.287712097167969,11.287712097167969,11.204106330871582,0.08360576629638672,1,10.287712097167969,11.287712097167969,1,1,1,0.9727218151092529,1,1,0.6008205711841583,1,1
SIHDR_141,SIHDR_141_e05.jpg,130,5,train,13.287712097167969,11.287712097167969,11.388057708740234,0.10034561157226562,1,10.287712097167969,11.287712097167969,0,1,1,0.9526321291923523,1,1,0.6008205711841583,1,1
SIHDR_141,SIHDR_141_e06.jpg,130,6,train,12.287712097167969,11.287712097167969,11.61463451385498,0.3269224166870117,1,10.287712097167969,11.287712097167969,0,1,1,0.9105131030082703,1,1,0.6008205711841583,1,1
SIHDR_141,SIHDR_141_e07.jpg,130,7,train,11.287712097167969,11.287712097167969,11.66461181640625,0.37689971923828125,1,10.287712097167969,11.287712097167969,0,1,1,0.85374516248703,1,1,0.6008205711841583,1,1
SIHDR_141,SIHDR_141_e08.jpg,130,8,train,10.287712097167969,11.287712097167969,11.58061408996582,0.29290199279785156,1,10.287712097167969,11.287712097167969,0,1,1,0.7880592942237854,1,1,0.6008205711841583,1,1
SIHDR_141,SIHDR_141_e09.jpg,130,9,train,9.38082218170166,11.287712097167969,11.355114936828613,0.06740283966064453,1,10.287712097167969,11.287712097167969,0,1,1,0.7332471013069153,1,1,0.6008205711841583,1,1
SIHDR_141,SIHDR_141_e10.jpg,130,10,train,8.38082218170166,11.287712097167969,11.14226245880127,0.14544963836669922,1,10.287712097167969,11.287712097167969,1,1,1,0.6781130433082581,1,1,0.6008205711841583,1,1
SIHDR_141,SIHDR_141_e11.jpg,130,11,train,7.380821704864502,11.287712097167969,10.946940422058105,0.3407716751098633,1,10.287712097167969,11.287712097167969,1,1,1,0.6283304691314697,1,1,0.6008205711841583,1,1
SIHDR_141,SIHDR_141_e12.jpg,130,12,train,6.321928024291992,11.287712097167969,11.426859855651855,0.13914775848388672,1,10.287712097167969,11.287712097167969,0,1,1,0.5912518501281738,1,1,0.6008205711841583,0,0
SIHDR_141,SIHDR_141_e13.jpg,130,13,train,5.321928024291992,11.287712097167969,12.241976737976074,0.9542646408081055,1,10.287712097167969,11.287712097167969,0,1,1,0.5658509731292725,1,1,0.6008205711841583,0,0
SIHDR_141,SIHDR_141_e14.jpg,130,14,train,4.321928024291992,11.287712097167969,12.481337547302246,1.1936254501342773,1,10.287712097167969,11.287712097167969,0,1,1,0.5565497875213623,1,1,0.6008205711841583,0,0
SIHDR_142,SIHDR_142_e00.jpg,131,0,train,17.194602966308594,10.287712097167969,10.187402725219727,0.10030937194824219,1,9.38082218170166,10.287712097167969,1,1,1,0.9948898553848267,1,1,0.6008205711841583,1,1
SIHDR_142,SIHDR_142_e01.jpg,131,1,train,16.28771209716797,10.287712097167969,10.09146499633789,0.19624710083007812,1,9.38082218170166,10.287712097167969,1,1,1,0.9941880702972412,1,1,0.6008205711841583,1,1
SIHDR_142,SIHDR_142_e02.jpg,131,2,train,15.872674942016602,10.287712097167969,10.119906425476074,0.16780567169189453,1,9.38082218170166,10.287712097167969,1,1,1,0.9934855103492737,1,1,0.6008205711841583,1,1
SIHDR_142,SIHDR_142_e03.jpg,131,3,train,15.287712097167969,10.287712097167969,10.253873825073242,0.03383827209472656,1,9.38082218170166,10.287712097167969,1,1,1,0.9919191002845764,1,1,0.6008205711841583,1,1
SIHDR_142,SIHDR_142_e04.jpg,131,4,train,14.287712097167969,10.287712097167969,10.526281356811523,0.2385692596435547,1,9.38082218170166,10.287712097167969,0,1,1,0.9874508380889893,1,1,0.6008205711841583,1,1
SIHDR_142,SIHDR_142_e05.jpg,131,5,train,13.287712097167969,10.287712097167969,10.478598594665527,0.1908864974975586,1,9.38082218170166,10.287712097167969,0,1,1,0.9780147075653076,1,1,0.6008205711841583,1,1
SIHDR_142,SIHDR_142_e06.jpg,131,6,train,12.287712097167969,10.287712097167969,10.214526176452637,0.07318592071533203,1,9.38082218170166,10.287712097167969,1,1,1,0.963572084903717,1,1,0.6008205711841583,1,1
SIHDR_142,SIHDR_142_e07.jpg,131,7,train,11.287712097167969,10.287712097167969,9.856854438781738,0.43085765838623047,1,9.38082218170166,10.287712097167969,1,1,1,0.9401662349700928,1,1,0.6008205711841583,1,1
SIHDR_142,SIHDR_142_e08.jpg,131,8,train,10.287712097167969,10.287712097167969,9.691740989685059,0.5959711074829102,1,9.38082218170166,10.287712097167969,1,1,1,0.8842431902885437,1,1,0.6008205711841583,1,1
SIHDR_142,SIHDR_142_e09.jpg,131,9,train,9.38082218170166,10.287712097167969,9.901254653930664,0.3864574432373047,1,9.38082218170166,10.287712097167969,1,1,1,0.8105551600456238,1,1,0.6008205711841583,1,1
SIHDR_142,SIHDR_142_e10.jpg,131,10,train,8.38082218170166,10.287712097167969,10.17948055267334,0.1082315444946289,1,9.38082218170166,10.287712097167969,1,1,1,0.7201183438301086,1,1,0.6008205711841583,1,1
SIHDR_142,SIHDR_142_e11.jpg,131,11,train,7.380821704864502,10.287712097167969,10.194653511047363,0.09305858612060547,1,9.38082218170166,10.287712097167969,1,1,1,0.6448302268981934,1,1,0.6008205711841583,1,1
SIHDR_142,SIHDR_142_e12.jpg,131,12,train,6.321928024291992,10.287712097167969,10.721602439880371,0.43389034271240234,1,9.38082218170166,10.287712097167969,0,1,1,0.5983120799064636,1,1,0.6008205711841583,0,0
SIHDR_142,SIHDR_142_e13.jpg,131,13,train,5.321928024291992,10.287712097167969,12.173399925231934,1.8856878280639648,1,9.38082218170166,10.287712097167969,0,1,1,0.5657171010971069,1,1,0.6008205711841583,0,0
SIHDR_142,SIHDR_142_e14.jpg,131,14,train,4.321928024291992,10.287712097167969,12.599075317382812,2.3113632202148438,1,9.38082218170166,10.287712097167969,0,1,1,0.5535928010940552,1,1,0.6008205711841583,0,0
SIHDR_143,SIHDR_143_e00.jpg,132,0,train,17.194602966308594,16.28771209716797,17.32032585144043,1.032613754272461,1,15.872674942016602,17.194602966308594,0,,0,0.6184254288673401,1,,0.6008205711841583,1,
SIHDR_143,SIHDR_143_e01.jpg,132,1,train,16.28771209716797,16.28771209716797,17.11585235595703,0.8281402587890625,1,15.872674942016602,17.194602966308594,1,,0,0.5693650245666504,1,,0.6008205711841583,0,
SIHDR_143,SIHDR_143_e02.jpg,132,2,train,15.872674942016602,16.28771209716797,17.12705421447754,0.8393421173095703,1,15.872674942016602,17.194602966308594,1,,0,0.5440765023231506,1,,0.6008205711841583,0,
SIHDR_143,SIHDR_143_e03.jpg,132,3,train,15.287712097167969,16.28771209716797,16.9255313873291,0.6378192901611328,1,15.872674942016602,17.194602966308594,1,,0,0.5206392407417297,1,,0.6008205711841583,0,
SIHDR_143,SIHDR_143_e04.jpg,132,4,train,14.287712097167969,16.28771209716797,16.426576614379883,0.13886451721191406,1,15.872674942016602,17.194602966308594,1,,0,0.5007862448692322,1,,0.6008205711841583,0,
SIHDR_143,SIHDR_143_e05.jpg,132,5,train,13.287712097167969,16.28771209716797,16.26907730102539,0.018634796142578125,1,15.872674942016602,17.194602966308594,1,,0,0.49376609921455383,0,,0.6008205711841583,0,
SIHDR_143,SIHDR_143_e06.jpg,132,6,train,12.287712097167969,16.28771209716797,16.23064613342285,0.05706596374511719,1,15.872674942016602,17.194602966308594,1,,0,0.49125584959983826,0,,0.6008205711841583,0,
SIHDR_143,SIHDR_143_e07.jpg,132,7,train,11.287712097167969,16.28771209716797,16.133899688720703,0.15381240844726562,1,15.872674942016602,17.194602966308594,1,,0,0.4924146234989166,0,,0.6008205711841583,0,
SIHDR_143,SIHDR_143_e08.jpg,132,8,train,10.287712097167969,16.28771209716797,15.972764015197754,0.31494808197021484,1,15.872674942016602,17.194602966308594,1,,0,0.49439355731010437,0,,0.6008205711841583,0,
SIHDR_143,SIHDR_143_e09.jpg,132,9,train,9.38082218170166,16.28771209716797,15.715619087219238,0.5720930099487305,1,15.872674942016602,17.194602966308594,0,,0,0.49843278527259827,0,,0.6008205711841583,0,
SIHDR_143,SIHDR_143_e10.jpg,132,10,train,8.38082218170166,16.28771209716797,15.349617004394531,0.9380950927734375,1,15.872674942016602,17.194602966308594,0,,0,0.5045034289360046,1,,0.6008205711841583,0,
SIHDR_143,SIHDR_143_e11.jpg,132,11,train,7.380821704864502,16.28771209716797,14.92178726196289,1.3659248352050781,1,15.872674942016602,17.194602966308594,0,,0,0.5122169852256775,1,,0.6008205711841583,0,
SIHDR_143,SIHDR_143_e12.jpg,132,12,train,6.321928024291992,16.28771209716797,14.408834457397461,1.8788776397705078,1,15.872674942016602,17.194602966308594,0,,0,0.5204193592071533,1,,0.6008205711841583,0,
SIHDR_143,SIHDR_143_e13.jpg,132,13,train,5.321928024291992,16.28771209716797,13.947714805603027,2.3399972915649414,1,15.872674942016602,17.194602966308594,0,,0,0.5277520418167114,1,,0.6008205711841583,0,
SIHDR_143,SIHDR_143_e14.jpg,132,14,train,4.321928024291992,16.28771209716797,13.450855255126953,2.8368568420410156,1,15.872674942016602,17.194602966308594,0,,0,0.5352789759635925,1,,0.6008205711841583,0,
SIHDR_144,SIHDR_144_e00.jpg,133,0,validation,17.194602966308594,17.194602966308594,17.01637077331543,0.17823219299316406,0,17.194602966308594,17.194602966308594,0,0,1,0.5810174345970154,1,0,0.6008205711841583,0,1
SIHDR_144,SIHDR_144_e01.jpg,133,1,validation,16.28771209716797,17.194602966308594,16.844079971313477,0.3505229949951172,0,17.194602966308594,17.194602966308594,0,0,1,0.5324497222900391,1,0,0.6008205711841583,0,1
SIHDR_144,SIHDR_144_e02.jpg,133,2,validation,15.872674942016602,17.194602966308594,16.72063636779785,0.4739665985107422,0,17.194602966308594,17.194602966308594,0,0,1,0.5204384326934814,1,0,0.6008205711841583,0,1
SIHDR_144,SIHDR_144_e03.jpg,133,3,validation,15.287712097167969,17.194602966308594,16.53070068359375,0.6639022827148438,0,17.194602966308594,17.194602966308594,0,0,1,0.507721483707428,1,0,0.6008205711841583,0,1
SIHDR_144,SIHDR_144_e04.jpg,133,4,validation,14.287712097167969,17.194602966308594,17.102602005004883,0.09200096130371094,0,17.194602966308594,17.194602966308594,0,0,1,0.4800061285495758,0,1,0.6008205711841583,0,1
SIHDR_144,SIHDR_144_e05.jpg,133,5,validation,13.287712097167969,17.194602966308594,17.2442684173584,0.04966545104980469,0,17.194602966308594,17.194602966308594,0,0,1,0.47552570700645447,0,1,0.6008205711841583,0,1
SIHDR_144,SIHDR_144_e06.jpg,133,6,validation,12.287712097167969,17.194602966308594,16.98759651184082,0.20700645446777344,0,17.194602966308594,17.194602966308594,0,0,1,0.4786747694015503,0,1,0.6008205711841583,0,1
SIHDR_144,SIHDR_144_e07.jpg,133,7,validation,11.287712097167969,17.194602966308594,16.636985778808594,0.5576171875,0,17.194602966308594,17.194602966308594,0,0,1,0.48382341861724854,0,1,0.6008205711841583,0,1
SIHDR_144,SIHDR_144_e08.jpg,133,8,validation,10.287712097167969,17.194602966308594,16.24231719970703,0.9522857666015625,0,17.194602966308594,17.194602966308594,0,0,1,0.48988690972328186,0,1,0.6008205711841583,0,1
SIHDR_144,SIHDR_144_e09.jpg,133,9,validation,9.38082218170166,17.194602966308594,15.864668846130371,1.3299341201782227,0,17.194602966308594,17.194602966308594,0,0,1,0.4959050714969635,0,1,0.6008205711841583,0,1
SIHDR_144,SIHDR_144_e10.jpg,133,10,validation,8.38082218170166,17.194602966308594,15.43685245513916,1.7577505111694336,0,17.194602966308594,17.194602966308594,0,0,1,0.5030050873756409,1,0,0.6008205711841583,0,1
SIHDR_144,SIHDR_144_e11.jpg,133,11,validation,7.380821704864502,17.194602966308594,14.985032081604004,2.20957088470459,0,17.194602966308594,17.194602966308594,0,0,1,0.5112743973731995,1,0,0.6008205711841583,0,1
SIHDR_144,SIHDR_144_e12.jpg,133,12,validation,6.321928024291992,17.194602966308594,14.456623077392578,2.7379798889160156,0,17.194602966308594,17.194602966308594,0,0,1,0.5196530222892761,1,0,0.6008205711841583,0,1
SIHDR_144,SIHDR_144_e13.jpg,133,13,validation,5.321928024291992,17.194602966308594,13.956093788146973,3.238509178161621,0,17.194602966308594,17.194602966308594,0,0,1,0.5275914072990417,1,0,0.6008205711841583,0,1
SIHDR_144,SIHDR_144_e14.jpg,133,14,validation,4.321928024291992,17.194602966308594,13.454964637756348,3.739638328552246,0,17.194602966308594,17.194602966308594,0,0,1,0.5352020263671875,1,0,0.6008205711841583,0,1
SIHDR_145,SIHDR_145_e00.jpg,134,0,test,17.194602966308594,11.287712097167969,11.339982032775879,0.052269935607910156,1,11.287712097167969,12.287712097167969,1,1,1,0.9918388724327087,1,1,0.6008205711841583,1,1
SIHDR_145,SIHDR_145_e01.jpg,134,1,test,16.28771209716797,11.287712097167969,11.827471733093262,0.539759635925293,1,11.287712097167969,12.287712097167969,1,1,1,0.9872444272041321,1,1,0.6008205711841583,1,1
SIHDR_145,SIHDR_145_e02.jpg,134,2,test,15.872674942016602,11.287712097167969,11.940040588378906,0.6523284912109375,1,11.287712097167969,12.287712097167969,1,1,1,0.9843106269836426,1,1,0.6008205711841583,1,1
SIHDR_145,SIHDR_145_e03.jpg,134,3,test,15.287712097167969,11.287712097167969,11.883513450622559,0.5958013534545898,1,11.287712097167969,12.287712097167969,1,1,1,0.9785565137863159,1,1,0.6008205711841583,1,1
SIHDR_145,SIHDR_145_e04.jpg,134,4,test,14.287712097167969,11.287712097167969,11.289100646972656,0.0013885498046875,1,11.287712097167969,12.287712097167969,1,1,1,0.96294105052948,1,1,0.6008205711841583,1,1
SIHDR_145,SIHDR_145_e05.jpg,134,5,test,13.287712097167969,11.287712097167969,10.764466285705566,0.5232458114624023,1,11.287712097167969,12.287712097167969,0,1,1,0.9384825825691223,1,1,0.6008205711841583,1,1
SIHDR_145,SIHDR_145_e06.jpg,134,6,test,12.287712097167969,11.287712097167969,10.924479484558105,0.3632326126098633,1,11.287712097167969,12.287712097167969,0,1,1,0.9024087190628052,1,1,0.6008205711841583,1,1
SIHDR_145,SIHDR_145_e07.jpg,134,7,test,11.287712097167969,11.287712097167969,11.196224212646484,0.09148788452148438,1,11.287712097167969,12.287712097167969,0,1,1,0.8529356122016907,1,1,0.6008205711841583,1,1
SIHDR_145,SIHDR_145_e08.jpg,134,8,test,10.287712097167969,11.287712097167969,11.458673477172852,0.1709613800048828,1,11.287712097167969,12.287712097167969,1,1,1,0.7406590580940247,1,1,0.6008205711841583,1,1
SIHDR_145,SIHDR_145_e09.jpg,134,9,test,9.38082218170166,11.287712097167969,11.48406982421875,0.19635772705078125,1,11.287712097167969,12.287712097167969,1,1,1,0.6502391695976257,1,1,0.6008205711841583,1,1
SIHDR_145,SIHDR_145_e10.jpg,134,10,test,8.38082218170166,11.287712097167969,11.408738136291504,0.12102603912353516,1,11.287712097167969,12.287712097167969,1,1,1,0.5990541577339172,1,1,0.6008205711841583,0,0
SIHDR_145,SIHDR_145_e11.jpg,134,11,test,7.380821704864502,11.287712097167969,11.731908798217773,0.4441967010498047,1,11.287712097167969,12.287712097167969,1,1,1,0.5688673853874207,1,1,0.6008205711841583,0,0
SIHDR_145,SIHDR_145_e12.jpg,134,12,test,6.321928024291992,11.287712097167969,12.335099220275879,1.0473871231079102,1,11.287712097167969,12.287712097167969,0,1,1,0.5583108067512512,1,1,0.6008205711841583,0,0
SIHDR_145,SIHDR_145_e13.jpg,134,13,test,5.321928024291992,11.287712097167969,13.56843090057373,2.2807188034057617,1,11.287712097167969,12.287712097167969,0,1,1,0.5371363759040833,1,1,0.6008205711841583,0,0
SIHDR_145,SIHDR_145_e14.jpg,134,14,test,4.321928024291992,11.287712097167969,13.269036293029785,1.9813241958618164,1,11.287712097167969,12.287712097167969,0,1,1,0.5398396253585815,1,1,0.6008205711841583,0,0
SIHDR_146,SIHDR_146_e00.jpg,135,0,train,17.194602966308594,10.287712097167969,10.075234413146973,0.2124776840209961,1,9.38082218170166,11.287712097167969,1,1,1,0.9950779676437378,1,1,0.6008205711841583,1,1
SIHDR_146,SIHDR_146_e01.jpg,135,1,train,16.28771209716797,10.287712097167969,9.5754976272583,0.712214469909668,1,9.38082218170166,11.287712097167969,1,1,1,0.9949625730514526,1,1,0.6008205711841583,1,1
SIHDR_146,SIHDR_146_e02.jpg,135,2,train,15.872674942016602,10.287712097167969,9.51656436920166,0.7711477279663086,1,9.38082218170166,11.287712097167969,1,1,1,0.9946850538253784,1,1,0.6008205711841583,1,1
SIHDR_146,SIHDR_146_e03.jpg,135,3,train,15.287712097167969,10.287712097167969,9.736546516418457,0.5511655807495117,1,9.38082218170166,11.287712097167969,1,1,1,0.9938369393348694,1,1,0.6008205711841583,1,1
SIHDR_146,SIHDR_146_e04.jpg,135,4,train,14.287712097167969,10.287712097167969,10.90743637084961,0.6197242736816406,1,9.38082218170166,11.287712097167969,1,1,1,0.988993227481842,1,1,0.6008205711841583,1,1
SIHDR_146,SIHDR_146_e05.jpg,135,5,train,13.287712097167969,10.287712097167969,11.085721969604492,0.7980098724365234,1,9.38082218170166,11.287712097167969,1,1,1,0.9732649922370911,1,1,0.6008205711841583,1,1
SIHDR_146,SIHDR_146_e06.jpg,135,6,train,12.287712097167969,10.287712097167969,10.83350658416748,0.5457944869995117,1,9.38082218170166,11.287712097167969,1,1,1,0.9379764795303345,1,1,0.6008205711841583,1,1
SIHDR_146,SIHDR_146_e07.jpg,135,7,train,11.287712097167969,10.287712097167969,10.520648002624512,0.23293590545654297,1,9.38082218170166,11.287712097167969,1,1,1,0.8677247762680054,1,1,0.6008205711841583,1,1
SIHDR_146,SIHDR_146_e08.jpg,135,8,train,10.287712097167969,10.287712097167969,10.194584846496582,0.09312725067138672,1,9.38082218170166,11.287712097167969,1,1,1,0.778126060962677,1,1,0.6008205711841583,1,1
SIHDR_146,SIHDR_146_e09.jpg,135,9,train,9.38082218170166,10.287712097167969,10.781529426574707,0.4938173294067383,1,9.38082218170166,11.287712097167969,1,1,1,0.6865933537483215,1,1,0.6008205711841583,1,1
SIHDR_146,SIHDR_146_e10.jpg,135,10,train,8.38082218170166,10.287712097167969,10.976241111755371,0.6885290145874023,1,9.38082218170166,11.287712097167969,1,1,1,0.6162247657775879,1,1,0.6008205711841583,1,1
SIHDR_146,SIHDR_146_e11.jpg,135,11,train,7.380821704864502,10.287712097167969,11.595508575439453,1.3077964782714844,1,9.38082218170166,11.287712097167969,0,1,1,0.5778279304504395,1,1,0.6008205711841583,0,0
SIHDR_146,SIHDR_146_e12.jpg,135,12,train,6.321928024291992,10.287712097167969,13.039456367492676,2.751744270324707,1,9.38082218170166,11.287712097167969,0,1,1,0.5485416054725647,1,1,0.6008205711841583,0,0
SIHDR_146,SIHDR_146_e13.jpg,135,13,train,5.321928024291992,10.287712097167969,13.342482566833496,3.0547704696655273,1,9.38082218170166,11.287712097167969,0,1,1,0.5407666563987732,1,1,0.6008205711841583,0,0
SIHDR_146,SIHDR_146_e14.jpg,135,14,train,4.321928024291992,10.287712097167969,13.189826011657715,2.902113914489746,1,9.38082218170166,11.287712097167969,0,1,1,0.5412929058074951,1,1,0.6008205711841583,0,0
SIHDR_147,SIHDR_147_e00.jpg,136,0,train,17.194602966308594,10.287712097167969,10.138689041137695,0.14902305603027344,1,9.38082218170166,10.287712097167969,1,1,1,0.9950974583625793,1,1,0.6008205711841583,1,1
SIHDR_147,SIHDR_147_e01.jpg,136,1,train,16.28771209716797,10.287712097167969,9.814276695251465,0.4734354019165039,1,9.38082218170166,10.287712097167969,1,1,1,0.9949823021888733,1,1,0.6008205711841583,1,1
SIHDR_147,SIHDR_147_e02.jpg,136,2,train,15.872674942016602,10.287712097167969,9.834945678710938,0.45276641845703125,1,9.38082218170166,10.287712097167969,1,1,1,0.9944456815719604,1,1,0.6008205711841583,1,1
SIHDR_147,SIHDR_147_e03.jpg,136,3,train,15.287712097167969,10.287712097167969,9.944745063781738,0.34296703338623047,1,9.38082218170166,10.287712097167969,1,1,1,0.992321789264679,1,1,0.6008205711841583,1,1
SIHDR_147,SIHDR_147_e04.jpg,136,4,train,14.287712097167969,10.287712097167969,10.418045043945312,0.13033294677734375,1,9.38082218170166,10.287712097167969,0,1,1,0.9794110655784607,1,1,0.6008205711841583,1,1
SIHDR_147,SIHDR_147_e05.jpg,136,5,train,13.287712097167969,10.287712097167969,10.6530179977417,0.36530590057373047,1,9.38082218170166,10.287712097167969,0,1,1,0.948307454586029,1,1,0.6008205711841583,1,1
SIHDR_147,SIHDR_147_e06.jpg,136,6,train,12.287712097167969,10.287712097167969,10.685773849487305,0.39806175231933594,1,9.38082218170166,10.287712097167969,0,1,1,0.8983308672904968,1,1,0.6008205711841583,1,1
SIHDR_147,SIHDR_147_e07.jpg,136,7,train,11.287712097167969,10.287712097167969,10.629502296447754,0.34179019927978516,1,9.38082218170166,10.287712097167969,0,1,1,0.8376937508583069,1,1,0.6008205711841583,1,1
SIHDR_147,SIHDR_147_e08.jpg,136,8,train,10.287712097167969,10.287712097167969,11.08225154876709,0.7945394515991211,1,9.38082218170166,10.287712097167969,0,1,1,0.743408739566803,1,1,0.6008205711841583,1,1
SIHDR_147,SIHDR_147_e09.jpg,136,9,train,9.38082218170166,10.287712097167969,11.478405952453613,1.1906938552856445,1,9.38082218170166,10.287712097167969,0,1,1,0.6551684737205505,1,1,0.6008205711841583,1,1
SIHDR_147,SIHDR_147_e10.jpg,136,10,train,8.38082218170166,10.287712097167969,11.489426612854004,1.2017145156860352,1,9.38082218170166,10.287712097167969,0,1,1,0.5967034101486206,1,1,0.6008205711841583,0,0
SIHDR_147,SIHDR_147_e11.jpg,136,11,train,7.380821704864502,10.287712097167969,11.992294311523438,1.7045822143554688,1,9.38082218170166,10.287712097167969,0,1,1,0.5688023567199707,1,1,0.6008205711841583,0,0
SIHDR_147,SIHDR_147_e12.jpg,136,12,train,6.321928024291992,10.287712097167969,13.047609329223633,2.759897232055664,1,9.38082218170166,10.287712097167969,0,1,1,0.5479093790054321,1,1,0.6008205711841583,0,0
SIHDR_147,SIHDR_147_e13.jpg,136,13,train,5.321928024291992,10.287712097167969,13.490137100219727,3.202425003051758,1,9.38082218170166,10.287712097167969,0,1,1,0.5385372638702393,1,1,0.6008205711841583,0,0
SIHDR_147,SIHDR_147_e14.jpg,136,14,train,4.321928024291992,10.287712097167969,13.277414321899414,2.9897022247314453,1,9.38082218170166,10.287712097167969,0,1,1,0.5399447083473206,1,1,0.6008205711841583,0,0
SIHDR_148,SIHDR_148_e00.jpg,137,0,validation,17.194602966308594,11.287712097167969,10.093074798583984,1.1946372985839844,1,10.287712097167969,11.287712097167969,0,1,1,0.9950839877128601,1,1,0.6008205711841583,1,1
SIHDR_148,SIHDR_148_e01.jpg,137,1,validation,16.28771209716797,11.287712097167969,9.745074272155762,1.542637825012207,1,10.287712097167969,11.287712097167969,0,1,1,0.9950142502784729,1,1,0.6008205711841583,1,1
SIHDR_148,SIHDR_148_e02.jpg,137,2,validation,15.872674942016602,11.287712097167969,9.807978630065918,1.4797334671020508,1,10.287712097167969,11.287712097167969,0,1,1,0.9947103261947632,1,1,0.6008205711841583,1,1
SIHDR_148,SIHDR_148_e03.jpg,137,3,validation,15.287712097167969,11.287712097167969,10.060505867004395,1.2272062301635742,1,10.287712097167969,11.287712097167969,0,1,1,0.9935486912727356,1,1,0.6008205711841583,1,1
SIHDR_148,SIHDR_148_e04.jpg,137,4,validation,14.287712097167969,11.287712097167969,10.510541915893555,0.7771701812744141,1,10.287712097167969,11.287712097167969,1,1,1,0.9873773455619812,1,1,0.6008205711841583,1,1
SIHDR_148,SIHDR_148_e05.jpg,137,5,validation,13.287712097167969,11.287712097167969,10.69149112701416,0.5962209701538086,1,10.287712097167969,11.287712097167969,1,1,1,0.9726448059082031,1,1,0.6008205711841583,1,1
SIHDR_148,SIHDR_148_e06.jpg,137,6,validation,12.287712097167969,11.287712097167969,10.718379020690918,0.5693330764770508,1,10.287712097167969,11.287712097167969,1,1,1,0.9401561617851257,1,1,0.6008205711841583,1,1
SIHDR_148,SIHDR_148_e07.jpg,137,7,validation,11.287712097167969,11.287712097167969,10.80834674835205,0.47936534881591797,1,10.287712097167969,11.287712097167969,1,1,1,0.8721755743026733,1,1,0.6008205711841583,1,1
SIHDR_148,SIHDR_148_e08.jpg,137,8,validation,10.287712097167969,11.287712097167969,11.177105903625488,0.11060619354248047,1,10.287712097167969,11.287712097167969,1,1,1,0.7664396166801453,1,1,0.6008205711841583,1,1
SIHDR_148,SIHDR_148_e09.jpg,137,9,validation,9.38082218170166,11.287712097167969,11.320101737976074,0.03238964080810547,1,10.287712097167969,11.287712097167969,0,1,1,0.6754717826843262,1,1,0.6008205711841583,1,1
SIHDR_148,SIHDR_148_e10.jpg,137,10,validation,8.38082218170166,11.287712097167969,11.184638023376465,0.1030740737915039,1,10.287712097167969,11.287712097167969,1,1,1,0.6124274134635925,1,1,0.6008205711841583,1,1
SIHDR_148,SIHDR_148_e11.jpg,137,11,validation,7.380821704864502,11.287712097167969,11.903402328491211,0.6156902313232422,1,10.287712097167969,11.287712097167969,0,1,1,0.5756704211235046,1,1,0.6008205711841583,0,0
SIHDR_148,SIHDR_148_e12.jpg,137,12,validation,6.321928024291992,11.287712097167969,13.265073776245117,1.9773616790771484,1,10.287712097167969,11.287712097167969,0,1,1,0.5467013716697693,1,1,0.6008205711841583,0,0
SIHDR_148,SIHDR_148_e13.jpg,137,13,validation,5.321928024291992,11.287712097167969,13.50512409210205,2.217411994934082,1,10.287712097167969,11.287712097167969,0,1,1,0.5393243432044983,1,1,0.6008205711841583,0,0
SIHDR_148,SIHDR_148_e14.jpg,137,14,validation,4.321928024291992,11.287712097167969,13.290848731994629,2.00313663482666,1,10.287712097167969,11.287712097167969,0,1,1,0.5402312278747559,1,1,0.6008205711841583,0,0
SIHDR_149,SIHDR_149_e00.jpg,138,0,train,17.194602966308594,10.287712097167969,10.473650932312012,0.18593883514404297,1,10.287712097167969,11.287712097167969,1,1,1,0.9946708083152771,1,1,0.6008205711841583,1,1
SIHDR_149,SIHDR_149_e01.jpg,138,1,train,16.28771209716797,10.287712097167969,10.593695640563965,0.3059835433959961,1,10.287712097167969,11.287712097167969,1,1,1,0.993202805519104,1,1,0.6008205711841583,1,1
SIHDR_149,SIHDR_149_e02.jpg,138,2,train,15.872674942016602,10.287712097167969,10.680071830749512,0.39235973358154297,1,10.287712097167969,11.287712097167969,1,1,1,0.9920559525489807,1,1,0.6008205711841583,1,1
SIHDR_149,SIHDR_149_e03.jpg,138,3,train,15.287712097167969,10.287712097167969,10.680123329162598,0.3924112319946289,1,10.287712097167969,11.287712097167969,1,1,1,0.989991307258606,1,1,0.6008205711841583,1,1
SIHDR_149,SIHDR_149_e04.jpg,138,4,train,14.287712097167969,10.287712097167969,10.487509727478027,0.1997976303100586,1,10.287712097167969,11.287712097167969,1,1,1,0.9852874279022217,1,1,0.6008205711841583,1,1
SIHDR_149,SIHDR_149_e05.jpg,138,5,train,13.287712097167969,10.287712097167969,10.422073364257812,0.13436126708984375,1,10.287712097167969,11.287712097167969,1,1,1,0.9786813855171204,1,1,0.6008205711841583,1,1
SIHDR_149,SIHDR_149_e06.jpg,138,6,train,12.287712097167969,10.287712097167969,10.368011474609375,0.08029937744140625,1,10.287712097167969,11.287712097167969,1,1,1,0.9654142260551453,1,1,0.6008205711841583,1,1
SIHDR_149,SIHDR_149_e07.jpg,138,7,train,11.287712097167969,10.287712097167969,10.610179901123047,0.3224678039550781,1,10.287712097167969,11.287712097167969,1,1,1,0.9321473836898804,1,1,0.6008205711841583,1,1
SIHDR_149,SIHDR_149_e08.jpg,138,8,train,10.287712097167969,10.287712097167969,10.80395793914795,0.5162458419799805,1,10.287712097167969,11.287712097167969,1,1,1,0.8708916902542114,1,1,0.6008205711841583,1,1
SIHDR_149,SIHDR_149_e09.jpg,138,9,train,9.38082218170166,10.287712097167969,10.767449378967285,0.4797372817993164,1,10.287712097167969,11.287712097167969,1,1,1,0.8049992918968201,1,1,0.6008205711841583,1,1
SIHDR_149,SIHDR_149_e10.jpg,138,10,train,8.38082218170166,10.287712097167969,10.680856704711914,0.3931446075439453,1,10.287712097167969,11.287712097167969,1,1,1,0.7212299108505249,1,1,0.6008205711841583,1,1
SIHDR_149,SIHDR_149_e11.jpg,138,11,train,7.380821704864502,10.287712097167969,10.407974243164062,0.12026214599609375,1,10.287712097167969,11.287712097167969,1,1,1,0.6460891962051392,1,1,0.6008205711841583,1,1
SIHDR_149,SIHDR_149_e12.jpg,138,12,train,6.321928024291992,10.287712097167969,10.93135929107666,0.6436471939086914,1,10.287712097167969,11.287712097167969,1,1,1,0.5944387316703796,1,1,0.6008205711841583,0,0
SIHDR_149,SIHDR_149_e13.jpg,138,13,train,5.321928024291992,10.287712097167969,12.01206111907959,1.724349021911621,1,10.287712097167969,11.287712097167969,0,1,1,0.5652909278869629,1,1,0.6008205711841583,0,0
SIHDR_149,SIHDR_149_e14.jpg,138,14,train,4.321928024291992,10.287712097167969,12.397756576538086,2.110044479370117,1,10.287712097167969,11.287712097167969,0,1,1,0.5557429194450378,1,1,0.6008205711841583,0,0
SIHDR_150,SIHDR_150_e00.jpg,139,0,test,17.194602966308594,9.38082218170166,10.058775901794434,0.6779537200927734,1,9.38082218170166,10.287712097167969,1,,0,0.9951030015945435,1,,0.6008205711841583,1,
SIHDR_150,SIHDR_150_e01.jpg,139,1,test,16.28771209716797,9.38082218170166,9.360841751098633,0.019980430603027344,1,9.38082218170166,10.287712097167969,0,,0,0.9952432513237,1,,0.6008205711841583,1,
SIHDR_150,SIHDR_150_e02.jpg,139,2,test,15.872674942016602,9.38082218170166,9.076266288757324,0.30455589294433594,1,9.38082218170166,10.287712097167969,0,,0,0.9952729344367981,1,,0.6008205711841583,1,
SIHDR_150,SIHDR_150_e03.jpg,139,3,test,15.287712097167969,9.38082218170166,8.69897174835205,0.6818504333496094,1,9.38082218170166,10.287712097167969,0,,0,0.9952837824821472,1,,0.6008205711841583,1,
SIHDR_150,SIHDR_150_e04.jpg,139,4,test,14.287712097167969,9.38082218170166,8.175373077392578,1.205449104309082,1,9.38082218170166,10.287712097167969,0,,0,0.994123637676239,1,,0.6008205711841583,1,
SIHDR_150,SIHDR_150_e05.jpg,139,5,test,13.287712097167969,9.38082218170166,8.344280242919922,1.0365419387817383,1,9.38082218170166,10.287712097167969,0,,0,0.9870874881744385,1,,0.6008205711841583,1,
SIHDR_150,SIHDR_150_e06.jpg,139,6,test,12.287712097167969,9.38082218170166,8.589472770690918,0.7913494110107422,1,9.38082218170166,10.287712097167969,0,,0,0.9656125903129578,1,,0.6008205711841583,1,
SIHDR_150,SIHDR_150_e07.jpg,139,7,test,11.287712097167969,9.38082218170166,9.026860237121582,0.3539619445800781,1,9.38082218170166,10.287712097167969,0,,0,0.9134722948074341,1,,0.6008205711841583,1,
SIHDR_150,SIHDR_150_e08.jpg,139,8,test,10.287712097167969,9.38082218170166,9.406054496765137,0.025232315063476562,1,9.38082218170166,10.287712097167969,1,,0,0.8339942097663879,1,,0.6008205711841583,1,
SIHDR_150,SIHDR_150_e09.jpg,139,9,test,9.38082218170166,9.38082218170166,9.73169231414795,0.35087013244628906,1,9.38082218170166,10.287712097167969,1,,0,0.7428816556930542,1,,0.6008205711841583,1,
SIHDR_150,SIHDR_150_e10.jpg,139,10,test,8.38082218170166,9.38082218170166,10.006368637084961,0.6255464553833008,1,9.38082218170166,10.287712097167969,1,,0,0.6583240032196045,1,,0.6008205711841583,1,
SIHDR_150,SIHDR_150_e11.jpg,139,11,test,7.380821704864502,9.38082218170166,10.0609769821167,0.6801548004150391,1,9.38082218170166,10.287712097167969,1,,0,0.6111851334571838,1,,0.6008205711841583,1,
SIHDR_150,SIHDR_150_e12.jpg,139,12,test,6.321928024291992,9.38082218170166,10.98189640045166,1.60107421875,1,9.38082218170166,10.287712097167969,0,,0,0.5738728642463684,1,,0.6008205711841583,0,
SIHDR_150,SIHDR_150_e13.jpg,139,13,test,5.321928024291992,9.38082218170166,12.237000465393066,2.8561782836914062,1,9.38082218170166,10.287712097167969,0,,0,0.5557063817977905,1,,0.6008205711841583,0,
SIHDR_150,SIHDR_150_e14.jpg,139,14,test,4.321928024291992,9.38082218170166,12.99811840057373,3.6172962188720703,1,9.38082218170166,10.287712097167969,0,,0,0.5436609387397766,1,,0.6008205711841583,0,
SIHDR_151,SIHDR_151_e00.jpg,140,0,test,17.194602966308594,8.38082218170166,10.075423240661621,1.694601058959961,1,8.38082218170166,9.38082218170166,0,1,1,0.9950506091117859,1,1,0.6008205711841583,1,1
SIHDR_151,SIHDR_151_e01.jpg,140,1,test,16.28771209716797,8.38082218170166,9.454630851745605,1.0738086700439453,1,8.38082218170166,9.38082218170166,0,1,1,0.994979202747345,1,1,0.6008205711841583,1,1
SIHDR_151,SIHDR_151_e02.jpg,140,2,test,15.872674942016602,8.38082218170166,9.260353088378906,0.8795309066772461,1,8.38082218170166,9.38082218170166,1,1,1,0.9948264956474304,1,1,0.6008205711841583,1,1
SIHDR_151,SIHDR_151_e03.jpg,140,3,test,15.287712097167969,8.38082218170166,9.165961265563965,0.7851390838623047,1,8.38082218170166,9.38082218170166,1,1,1,0.9943713545799255,1,1,0.6008205711841583,1,1
SIHDR_151,SIHDR_151_e04.jpg,140,4,test,14.287712097167969,8.38082218170166,9.701083183288574,1.320261001586914,1,8.38082218170166,9.38082218170166,0,1,1,0.9920530319213867,1,1,0.6008205711841583,1,1
SIHDR_151,SIHDR_151_e05.jpg,140,5,test,13.287712097167969,8.38082218170166,10.076277732849121,1.695455551147461,1,8.38082218170166,9.38082218170166,0,1,1,0.9856777787208557,1,1,0.6008205711841583,1,1
SIHDR_151,SIHDR_151_e06.jpg,140,6,test,12.287712097167969,8.38082218170166,9.894145011901855,1.5133228302001953,1,8.38082218170166,9.38082218170166,0,1,1,0.9721489548683167,1,1,0.6008205711841583,1,1
SIHDR_151,SIHDR_151_e07.jpg,140,7,test,11.287712097167969,8.38082218170166,9.372223854064941,0.9914016723632812,1,8.38082218170166,9.38082218170166,1,1,1,0.9467401504516602,1,1,0.6008205711841583,1,1
SIHDR_151,SIHDR_151_e08.jpg,140,8,test,10.287712097167969,8.38082218170166,9.223660469055176,0.8428382873535156,1,8.38082218170166,9.38082218170166,1,1,1,0.8943246006965637,1,1,0.6008205711841583,1,1
SIHDR_151,SIHDR_151_e09.jpg,140,9,test,9.38082218170166,8.38082218170166,9.664657592773438,1.2838354110717773,1,8.38082218170166,9.38082218170166,0,1,1,0.7974426746368408,1,1,0.6008205711841583,1,1
SIHDR_151,SIHDR_151_e10.jpg,140,10,test,8.38082218170166,8.38082218170166,9.888315200805664,1.507493019104004,1,8.38082218170166,9.38082218170166,0,1,1,0.6990340948104858,1,1,0.6008205711841583,1,1
SIHDR_151,SIHDR_151_e11.jpg,140,11,test,7.380821704864502,8.38082218170166,9.941864967346191,1.5610427856445312,1,8.38082218170166,9.38082218170166,0,1,1,0.6306648254394531,1,1,0.6008205711841583,1,1
SIHDR_151,SIHDR_151_e12.jpg,140,12,test,6.321928024291992,8.38082218170166,10.238710403442383,1.8578882217407227,1,8.38082218170166,9.38082218170166,0,1,1,0.5947499871253967,1,1,0.6008205711841583,0,0
SIHDR_151,SIHDR_151_e13.jpg,140,13,test,5.321928024291992,8.38082218170166,12.065826416015625,3.685004234313965,1,8.38082218170166,9.38082218170166,0,1,1,0.5619873404502869,1,1,0.6008205711841583,0,0
SIHDR_151,SIHDR_151_e14.jpg,140,14,test,4.321928024291992,8.38082218170166,12.857062339782715,4.476240158081055,1,8.38082218170166,9.38082218170166,0,1,1,0.5476574301719666,1,1,0.6008205711841583,0,0
SIHDR_152,SIHDR_152_e00.jpg,141,0,train,17.194602966308594,9.38082218170166,10.076854705810547,0.6960325241088867,1,9.38082218170166,10.287712097167969,1,1,1,0.995046854019165,1,1,0.6008205711841583,1,1
SIHDR_152,SIHDR_152_e01.jpg,141,1,train,16.28771209716797,9.38082218170166,9.458706855773926,0.07788467407226562,1,9.38082218170166,10.287712097167969,1,1,1,0.9949946403503418,1,1,0.6008205711841583,1,1
SIHDR_152,SIHDR_152_e02.jpg,141,2,train,15.872674942016602,9.38082218170166,9.296883583068848,0.0839385986328125,1,9.38082218170166,10.287712097167969,0,1,1,0.9948363304138184,1,1,0.6008205711841583,1,1
SIHDR_152,SIHDR_152_e03.jpg,141,3,train,15.287712097167969,9.38082218170166,9.215231895446777,0.1655902862548828,1,9.38082218170166,10.287712097167969,0,1,1,0.994379460811615,1,1,0.6008205711841583,1,1
SIHDR_152,SIHDR_152_e04.jpg,141,4,train,14.287712097167969,9.38082218170166,9.640665054321289,0.2598428726196289,1,9.38082218170166,10.287712097167969,1,1,1,0.992891788482666,1,1,0.6008205711841583,1,1
SIHDR_152,SIHDR_152_e05.jpg,141,5,train,13.287712097167969,9.38082218170166,10.064691543579102,0.6838693618774414,1,9.38082218170166,10.287712097167969,1,1,1,0.9883578419685364,1,1,0.6008205711841583,1,1
SIHDR_152,SIHDR_152_e06.jpg,141,6,train,12.287712097167969,9.38082218170166,9.792216300964355,0.4113941192626953,1,9.38082218170166,10.287712097167969,1,1,1,0.9776214361190796,1,1,0.6008205711841583,1,1
SIHDR_152,SIHDR_152_e07.jpg,141,7,train,11.287712097167969,9.38082218170166,9.238112449645996,0.14270973205566406,1,9.38082218170166,10.287712097167969,0,1,1,0.9544216990470886,1,1,0.6008205711841583,1,1
SIHDR_152,SIHDR_152_e08.jpg,141,8,train,10.287712097167969,9.38082218170166,9.272364616394043,0.10845756530761719,1,9.38082218170166,10.287712097167969,0,1,1,0.9014108777046204,1,1,0.6008205711841583,1,1
SIHDR_152,SIHDR_152_e09.jpg,141,9,train,9.38082218170166,9.38082218170166,9.653329849243164,0.2725076675415039,1,9.38082218170166,10.287712097167969,1,1,1,0.8063432574272156,1,1,0.6008205711841583,1,1
SIHDR_152,SIHDR_152_e10.jpg,141,10,train,8.38082218170166,9.38082218170166,9.857072830200195,0.47625064849853516,1,9.38082218170166,10.287712097167969,1,1,1,0.7055752873420715,1,1,0.6008205711841583,1,1
SIHDR_152,SIHDR_152_e11.jpg,141,11,train,7.380821704864502,9.38082218170166,9.958086967468262,0.5772647857666016,1,9.38082218170166,10.287712097167969,1,1,1,0.6351076364517212,1,1,0.6008205711841583,1,1
SIHDR_152,SIHDR_152_e12.jpg,141,12,train,6.321928024291992,9.38082218170166,10.41220760345459,1.0313854217529297,1,9.38082218170166,10.287712097167969,0,1,1,0.5944728255271912,1,1,0.6008205711841583,0,0
SIHDR_152,SIHDR_152_e13.jpg,141,13,train,5.321928024291992,9.38082218170166,12.058257102966309,2.6774349212646484,1,9.38082218170166,10.287712097167969,0,1,1,0.563809335231781,1,1,0.6008205711841583,0,0
SIHDR_152,SIHDR_152_e14.jpg,141,14,train,4.321928024291992,9.38082218170166,12.903314590454102,3.5224924087524414,1,9.38082218170166,10.287712097167969,0,1,1,0.5479520559310913,1,1,0.6008205711841583,0,0
SIHDR_153,SIHDR_153_e00.jpg,142,0,train,17.194602966308594,10.287712097167969,10.0584135055542,0.22929859161376953,1,9.38082218170166,11.287712097167969,1,,0,0.9951021671295166,1,,0.6008205711841583,1,
SIHDR_153,SIHDR_153_e01.jpg,142,1,train,16.28771209716797,10.287712097167969,9.401274681091309,0.8864374160766602,1,9.38082218170166,11.287712097167969,1,,0,0.9952014684677124,1,,0.6008205711841583,1,
SIHDR_153,SIHDR_153_e02.jpg,142,2,train,15.872674942016602,10.287712097167969,9.186366081237793,1.1013460159301758,1,9.38082218170166,11.287712097167969,0,,0,0.9951359629631042,1,,0.6008205711841583,1,
SIHDR_153,SIHDR_153_e03.jpg,142,3,train,15.287712097167969,10.287712097167969,9.07638931274414,1.2113227844238281,1,9.38082218170166,11.287712097167969,0,,0,0.9946904182434082,1,,0.6008205711841583,1,
SIHDR_153,SIHDR_153_e04.jpg,142,4,train,14.287712097167969,10.287712097167969,9.635191917419434,0.6525201797485352,1,9.38082218170166,11.287712097167969,1,,0,0.9906021356582642,1,,0.6008205711841583,1,
SIHDR_153,SIHDR_153_e05.jpg,142,5,train,13.287712097167969,10.287712097167969,10.257055282592773,0.030656814575195312,1,9.38082218170166,11.287712097167969,1,,0,0.9753952622413635,1,,0.6008205711841583,1,
SIHDR_153,SIHDR_153_e06.jpg,142,6,train,12.287712097167969,10.287712097167969,10.511120796203613,0.22340869903564453,1,9.38082218170166,11.287712097167969,1,,0,0.9339019656181335,1,,0.6008205711841583,1,
SIHDR_153,SIHDR_153_e07.jpg,142,7,train,11.287712097167969,10.287712097167969,10.625117301940918,0.3374052047729492,1,9.38082218170166,11.287712097167969,1,,0,0.853897750377655,1,,0.6008205711841583,1,
SIHDR_153,SIHDR_153_e08.jpg,142,8,train,10.287712097167969,10.287712097167969,10.409189224243164,0.12147712707519531,1,9.38082218170166,11.287712097167969,1,,0,0.7741347551345825,1,,0.6008205711841583,1,
SIHDR_153,SIHDR_153_e09.jpg,142,9,train,9.38082218170166,10.287712097167969,10.79891300201416,0.5112009048461914,1,9.38082218170166,11.287712097167969,1,,0,0.6978441476821899,1,,0.6008205711841583,1,
SIHDR_153,SIHDR_153_e10.jpg,142,10,train,8.38082218170166,10.287712097167969,11.082070350646973,0.7943582534790039,1,9.38082218170166,11.287712097167969,1,,0,0.6306974291801453,1,,0.6008205711841583,1,
SIHDR_153,SIHDR_153_e11.jpg,142,11,train,7.380821704864502,10.287712097167969,11.242074012756348,0.9543619155883789,1,9.38082218170166,11.287712097167969,1,,0,0.5890046954154968,1,,0.6008205711841583,0,
SIHDR_153,SIHDR_153_e12.jpg,142,12,train,6.321928024291992,10.287712097167969,12.513457298278809,2.22574520111084,1,9.38082218170166,11.287712097167969,0,,0,0.5575286746025085,1,,0.6008205711841583,0,
SIHDR_153,SIHDR_153_e13.jpg,142,13,train,5.321928024291992,10.287712097167969,12.94238567352295,2.6546735763549805,1,9.38082218170166,11.287712097167969,0,,0,0.5467966198921204,1,,0.6008205711841583,0,
SIHDR_153,SIHDR_153_e14.jpg,142,14,train,4.321928024291992,10.287712097167969,12.89600944519043,2.608297348022461,1,9.38082218170166,11.287712097167969,0,,0,0.5452422499656677,1,,0.6008205711841583,0,
SIHDR_154,SIHDR_154_e00.jpg,143,0,train,17.194602966308594,9.38082218170166,10.060160636901855,0.6793384552001953,1,8.38082218170166,10.287712097167969,1,,0,0.9951013922691345,1,,0.6008205711841583,1,
SIHDR_154,SIHDR_154_e01.jpg,143,1,train,16.28771209716797,9.38082218170166,9.395981788635254,0.01515960693359375,1,8.38082218170166,10.287712097167969,1,,0,0.995198667049408,1,,0.6008205711841583,1,
SIHDR_154,SIHDR_154_e02.jpg,143,2,train,15.872674942016602,9.38082218170166,9.220044136047363,0.16077804565429688,1,8.38082218170166,10.287712097167969,1,,0,0.9951075315475464,1,,0.6008205711841583,1,
SIHDR_154,SIHDR_154_e03.jpg,143,3,train,15.287712097167969,9.38082218170166,9.231340408325195,0.14948177337646484,1,8.38082218170166,10.287712097167969,1,,0,0.9945908784866333,1,,0.6008205711841583,1,
SIHDR_154,SIHDR_154_e04.jpg,143,4,train,14.287712097167969,9.38082218170166,9.451788902282715,0.07096672058105469,1,8.38082218170166,10.287712097167969,1,,0,0.992191731929779,1,,0.6008205711841583,1,
SIHDR_154,SIHDR_154_e05.jpg,143,5,train,13.287712097167969,9.38082218170166,9.500177383422852,0.1193552017211914,1,8.38082218170166,10.287712097167969,1,,0,0.9863939881324768,1,,0.6008205711841583,1,
SIHDR_154,SIHDR_154_e06.jpg,143,6,train,12.287712097167969,9.38082218170166,9.89672565460205,0.5159034729003906,1,8.38082218170166,10.287712097167969,1,,0,0.9735140800476074,1,,0.6008205711841583,1,
SIHDR_154,SIHDR_154_e07.jpg,143,7,train,11.287712097167969,9.38082218170166,10.494762420654297,1.1139402389526367,1,8.38082218170166,10.287712097167969,0,,0,0.9335710406303406,1,,0.6008205711841583,1,
SIHDR_154,SIHDR_154_e08.jpg,143,8,train,10.287712097167969,9.38082218170166,10.957632064819336,1.5768098831176758,1,8.38082218170166,10.287712097167969,0,,0,0.8500418066978455,1,,0.6008205711841583,1,
SIHDR_154,SIHDR_154_e09.jpg,143,9,train,9.38082218170166,9.38082218170166,11.33388614654541,1.95306396484375,1,8.38082218170166,10.287712097167969,0,,0,0.7441779971122742,1,,0.6008205711841583,1,
SIHDR_154,SIHDR_154_e10.jpg,143,10,train,8.38082218170166,9.38082218170166,10.910212516784668,1.5293903350830078,1,8.38082218170166,10.287712097167969,0,,0,0.6523522734642029,1,,0.6008205711841583,1,
SIHDR_154,SIHDR_154_e11.jpg,143,11,train,7.380821704864502,9.38082218170166,10.563600540161133,1.1827783584594727,1,8.38082218170166,10.287712097167969,0,,0,0.6079351902008057,1,,0.6008205711841583,1,
SIHDR_154,SIHDR_154_e12.jpg,143,12,train,6.321928024291992,9.38082218170166,11.878693580627441,2.4978713989257812,1,8.38082218170166,10.287712097167969,0,,0,0.5683047771453857,1,,0.6008205711841583,0,
SIHDR_154,SIHDR_154_e13.jpg,143,13,train,5.321928024291992,9.38082218170166,12.561280250549316,3.1804580688476562,1,8.38082218170166,10.287712097167969,0,,0,0.553752601146698,1,,0.6008205711841583,0,
SIHDR_154,SIHDR_154_e14.jpg,143,14,train,4.321928024291992,9.38082218170166,12.937610626220703,3.556788444519043,1,8.38082218170166,10.287712097167969,0,,0,0.5464800596237183,1,,0.6008205711841583,0,
SIHDR_155,SIHDR_155_e00.jpg,144,0,train,17.194602966308594,10.287712097167969,10.126500129699707,0.16121196746826172,1,9.38082218170166,10.287712097167969,1,1,1,0.9949232935905457,1,1,0.6008205711841583,1,1
SIHDR_155,SIHDR_155_e01.jpg,144,1,train,16.28771209716797,10.287712097167969,9.752039909362793,0.5356721878051758,1,9.38082218170166,10.287712097167969,1,1,1,0.9940853118896484,1,1,0.6008205711841583,1,1
SIHDR_155,SIHDR_155_e02.jpg,144,2,train,15.872674942016602,10.287712097167969,9.803102493286133,0.48460960388183594,1,9.38082218170166,10.287712097167969,1,1,1,0.9932643175125122,1,1,0.6008205711841583,1,1
SIHDR_155,SIHDR_155_e03.jpg,144,3,train,15.287712097167969,10.287712097167969,10.101014137268066,0.18669795989990234,1,9.38082218170166,10.287712097167969,1,1,1,0.9912570714950562,1,1,0.6008205711841583,1,1
SIHDR_155,SIHDR_155_e04.jpg,144,4,train,14.287712097167969,10.287712097167969,10.480182647705078,0.19247055053710938,1,9.38082218170166,10.287712097167969,0,1,1,0.9837534427642822,1,1,0.6008205711841583,1,1
SIHDR_155,SIHDR_155_e05.jpg,144,5,train,13.287712097167969,10.287712097167969,10.378907203674316,0.09119510650634766,1,9.38082218170166,10.287712097167969,0,1,1,0.9722977876663208,1,1,0.6008205711841583,1,1
SIHDR_155,SIHDR_155_e06.jpg,144,6,train,12.287712097167969,10.287712097167969,10.275544166564941,0.012167930603027344,1,9.38082218170166,10.287712097167969,1,1,1,0.9518405795097351,1,1,0.6008205711841583,1,1
SIHDR_155,SIHDR_155_e07.jpg,144,7,train,11.287712097167969,10.287712097167969,10.302129745483398,0.014417648315429688,1,9.38082218170166,10.287712097167969,0,1,1,0.9190770983695984,1,1,0.6008205711841583,1,1
SIHDR_155,SIHDR_155_e08.jpg,144,8,train,10.287712097167969,10.287712097167969,10.675694465637207,0.3879823684692383,1,9.38082218170166,10.287712097167969,0,1,1,0.8622840642929077,1,1,0.6008205711841583,1,1
SIHDR_155,SIHDR_155_e09.jpg,144,9,train,9.38082218170166,10.287712097167969,10.752909660339355,0.4651975631713867,1,9.38082218170166,10.287712097167969,0,1,1,0.7939106225967407,1,1,0.6008205711841583,1,1
SIHDR_155,SIHDR_155_e10.jpg,144,10,train,8.38082218170166,10.287712097167969,10.842768669128418,0.5550565719604492,1,9.38082218170166,10.287712097167969,0,1,1,0.7052562236785889,1,1,0.6008205711841583,1,1
SIHDR_155,SIHDR_155_e11.jpg,144,11,train,7.380821704864502,10.287712097167969,10.643861770629883,0.35614967346191406,1,9.38082218170166,10.287712097167969,0,1,1,0.6339431405067444,1,1,0.6008205711841583,1,1
SIHDR_155,SIHDR_155_e12.jpg,144,12,train,6.321928024291992,10.287712097167969,11.059523582458496,0.7718114852905273,1,9.38082218170166,10.287712097167969,0,1,1,0.5901586413383484,1,1,0.6008205711841583,0,0
SIHDR_155,SIHDR_155_e13.jpg,144,13,train,5.321928024291992,10.287712097167969,11.887406349182129,1.5996942520141602,1,9.38082218170166,10.287712097167969,0,1,1,0.5666718482971191,1,1,0.6008205711841583,0,0
SIHDR_155,SIHDR_155_e14.jpg,144,14,train,4.321928024291992,10.287712097167969,12.496199607849121,2.2084875106811523,1,9.38082218170166,10.287712097167969,0,1,1,0.5549224019050598,1,1,0.6008205711841583,0,0
SIHDR_156,SIHDR_156_e00.jpg,145,0,train,17.194602966308594,6.321928024291992,10.059263229370117,3.737335205078125,1,6.321928024291992,8.38082218170166,0,1,1,0.9951024055480957,1,1,0.6008205711841583,1,1
SIHDR_156,SIHDR_156_e01.jpg,145,1,train,16.28771209716797,6.321928024291992,9.356842994689941,3.034914970397949,1,6.321928024291992,8.38082218170166,0,1,1,0.9952444434165955,1,1,0.6008205711841583,1,1
SIHDR_156,SIHDR_156_e02.jpg,145,2,train,15.872674942016602,6.321928024291992,9.062695503234863,2.740767478942871,1,6.321928024291992,8.38082218170166,0,1,1,0.995263934135437,1,1,0.6008205711841583,1,1
SIHDR_156,SIHDR_156_e03.jpg,145,3,train,15.287712097167969,6.321928024291992,8.667193412780762,2.3452653884887695,1,6.321928024291992,8.38082218170166,0,1,1,0.9952685236930847,1,1,0.6008205711841583,1,1
SIHDR_156,SIHDR_156_e04.jpg,145,4,train,14.287712097167969,6.321928024291992,8.147863388061523,1.8259353637695312,1,6.321928024291992,8.38082218170166,1,1,1,0.9951813817024231,1,1,0.6008205711841583,1,1
SIHDR_156,SIHDR_156_e05.jpg,145,5,train,13.287712097167969,6.321928024291992,7.870599269866943,1.5486712455749512,1,6.321928024291992,8.38082218170166,1,1,1,0.9941251277923584,1,1,0.6008205711841583,1,1
SIHDR_156,SIHDR_156_e06.jpg,145,6,train,12.287712097167969,6.321928024291992,7.517455577850342,1.1955275535583496,1,6.321928024291992,8.38082218170166,1,1,1,0.9917069673538208,1,1,0.6008205711841583,1,1
SIHDR_156,SIHDR_156_e07.jpg,145,7,train,11.287712097167969,6.321928024291992,7.118270397186279,0.7963423728942871,1,6.321928024291992,8.38082218170166,1,1,1,0.9875713586807251,1,1,0.6008205711841583,1,1
SIHDR_156,SIHDR_156_e08.jpg,145,8,train,10.287712097167969,6.321928024291992,6.803953647613525,0.4820256233215332,1,6.321928024291992,8.38082218170166,1,1,1,0.9826555252075195,1,1,0.6008205711841583,1,1
SIHDR_156,SIHDR_156_e09.jpg,145,9,train,9.38082218170166,6.321928024291992,6.274832725524902,0.047095298767089844,1,6.321928024291992,8.38082218170166,0,1,1,0.975590169429779,1,1,0.6008205711841583,1,1
SIHDR_156,SIHDR_156_e10.jpg,145,10,train,8.38082218170166,6.321928024291992,6.2771525382995605,0.04477548599243164,1,6.321928024291992,8.38082218170166,0,1,1,0.9619863033294678,1,1,0.6008205711841583,1,1
SIHDR_156,SIHDR_156_e11.jpg,145,11,train,7.380821704864502,6.321928024291992,6.69649600982666,0.37456798553466797,1,6.321928024291992,8.38082218170166,1,1,1,0.9317259192466736,1,1,0.6008205711841583,1,1
SIHDR_156,SIHDR_156_e12.jpg,145,12,train,6.321928024291992,6.321928024291992,7.152274131774902,0.8303461074829102,1,6.321928024291992,8.38082218170166,1,1,1,0.8731395602226257,1,1,0.6008205711841583,1,1
SIHDR_156,SIHDR_156_e13.jpg,145,13,train,5.321928024291992,6.321928024291992,7.008533000946045,0.6866049766540527,1,6.321928024291992,8.38082218170166,1,1,1,0.809045672416687,1,1,0.6008205711841583,1,1
SIHDR_156,SIHDR_156_e14.jpg,145,14,train,4.321928024291992,6.321928024291992,7.137307167053223,0.8153791427612305,1,6.321928024291992,8.38082218170166,1,1,1,0.7412073016166687,1,1,0.6008205711841583,1,1
SIHDR_158,SIHDR_158_e00.jpg,146,0,train,17.194602966308594,16.28771209716797,17.62902069091797,1.34130859375,1,16.28771209716797,17.194602966308594,0,,0,0.5516646504402161,1,,0.6008205711841583,0,
SIHDR_158,SIHDR_158_e01.jpg,146,1,train,16.28771209716797,16.28771209716797,17.522565841674805,1.234853744506836,1,16.28771209716797,17.194602966308594,0,,0,0.5180661678314209,1,,0.6008205711841583,0,
SIHDR_158,SIHDR_158_e02.jpg,146,2,train,15.872674942016602,16.28771209716797,17.37624168395996,1.0885295867919922,1,16.28771209716797,17.194602966308594,0,,0,0.5090413689613342,1,,0.6008205711841583,0,
SIHDR_158,SIHDR_158_e03.jpg,146,3,train,15.287712097167969,16.28771209716797,17.111799240112305,0.8240871429443359,1,16.28771209716797,17.194602966308594,1,,0,0.5007851719856262,1,,0.6008205711841583,0,
SIHDR_158,SIHDR_158_e04.jpg,146,4,train,14.287712097167969,16.28771209716797,17.03093719482422,0.74322509765625,1,16.28771209716797,17.194602966308594,1,,0,0.4890831708908081,0,,0.6008205711841583,0,
SIHDR_158,SIHDR_158_e05.jpg,146,5,train,13.287712097167969,16.28771209716797,16.99180793762207,0.7040958404541016,1,16.28771209716797,17.194602966308594,1,,0,0.4831063151359558,0,,0.6008205711841583,0,
SIHDR_158,SIHDR_158_e06.jpg,146,6,train,12.287712097167969,16.28771209716797,16.803752899169922,0.5160408020019531,1,16.28771209716797,17.194602966308594,1,,0,0.4832087457180023,0,,0.6008205711841583,0,
SIHDR_158,SIHDR_158_e07.jpg,146,7,train,11.287712097167969,16.28771209716797,16.50335693359375,0.21564483642578125,1,16.28771209716797,17.194602966308594,1,,0,0.48664164543151855,0,,0.6008205711841583,0,
SIHDR_158,SIHDR_158_e08.jpg,146,8,train,10.287712097167969,16.28771209716797,16.170976638793945,0.11673545837402344,1,16.28771209716797,17.194602966308594,0,,0,0.4914293587207794,0,,0.6008205711841583,0,
SIHDR_158,SIHDR_158_e09.jpg,146,9,train,9.38082218170166,16.28771209716797,15.851968765258789,0.4357433319091797,1,16.28771209716797,17.194602966308594,0,,0,0.4964018762111664,0,,0.6008205711841583,0,
SIHDR_158,SIHDR_158_e10.jpg,146,10,train,8.38082218170166,16.28771209716797,15.433808326721191,0.8539037704467773,1,16.28771209716797,17.194602966308594,0,,0,0.503206193447113,1,,0.6008205711841583,0,
SIHDR_158,SIHDR_158_e11.jpg,146,11,train,7.380821704864502,16.28771209716797,14.983471870422363,1.3042402267456055,1,16.28771209716797,17.194602966308594,0,,0,0.5113677978515625,1,,0.6008205711841583,0,
SIHDR_158,SIHDR_158_e12.jpg,146,12,train,6.321928024291992,16.28771209716797,14.4558744430542,1.8318376541137695,1,16.28771209716797,17.194602966308594,0,,0,0.5196978449821472,1,,0.6008205711841583,0,
SIHDR_158,SIHDR_158_e13.jpg,146,13,train,5.321928024291992,16.28771209716797,13.955721855163574,2.3319902420043945,1,16.28771209716797,17.194602966308594,0,,0,0.5276136994361877,1,,0.6008205711841583,0,
SIHDR_158,SIHDR_158_e14.jpg,146,14,train,4.321928024291992,16.28771209716797,13.4547700881958,2.832942008972168,1,16.28771209716797,17.194602966308594,0,,0,0.5352138876914978,1,,0.6008205711841583,0,
SIHDR_159,SIHDR_159_e00.jpg,147,0,train,17.194602966308594,16.28771209716797,17.15003776550293,0.8623256683349609,1,16.28771209716797,17.194602966308594,1,,0,0.6407543420791626,1,,0.6008205711841583,1,
SIHDR_159,SIHDR_159_e01.jpg,147,1,train,16.28771209716797,16.28771209716797,16.793283462524414,0.5055713653564453,1,16.28771209716797,17.194602966308594,1,,0,0.5824863910675049,1,,0.6008205711841583,0,
SIHDR_159,SIHDR_159_e02.jpg,147,2,train,15.872674942016602,16.28771209716797,16.607481002807617,0.31976890563964844,1,16.28771209716797,17.194602966308594,1,,0,0.5643061399459839,1,,0.6008205711841583,0,
SIHDR_159,SIHDR_159_e03.jpg,147,3,train,15.287712097167969,16.28771209716797,16.391313552856445,0.10360145568847656,1,16.28771209716797,17.194602966308594,1,,0,0.5446469783782959,1,,0.6008205711841583,0,
SIHDR_159,SIHDR_159_e04.jpg,147,4,train,14.287712097167969,16.28771209716797,16.128334045410156,0.1593780517578125,1,16.28771209716797,17.194602966308594,0,,0,0.5219976902008057,1,,0.6008205711841583,0,
SIHDR_159,SIHDR_159_e05.jpg,147,5,train,13.287712097167969,16.28771209716797,16.083173751831055,0.20453834533691406,1,16.28771209716797,17.194602966308594,0,,0,0.5101756453514099,1,,0.6008205711841583,0,
SIHDR_159,SIHDR_159_e06.jpg,147,6,train,12.287712097167969,16.28771209716797,16.117494583129883,0.17021751403808594,1,16.28771209716797,17.194602966308594,0,,0,0.505480945110321,1,,0.6008205711841583,0,
SIHDR_159,SIHDR_159_e07.jpg,147,7,train,11.287712097167969,16.28771209716797,16.024534225463867,0.26317787170410156,1,16.28771209716797,17.194602966308594,0,,0,0.5053632259368896,1,,0.6008205711841583,0,
SIHDR_159,SIHDR_159_e08.jpg,147,8,train,10.287712097167969,16.28771209716797,15.761195182800293,0.5265169143676758,1,16.28771209716797,17.194602966308594,0,,0,0.5078986883163452,1,,0.6008205711841583,0,
SIHDR_159,SIHDR_159_e09.jpg,147,9,train,9.38082218170166,16.28771209716797,15.49312686920166,0.7945852279663086,1,16.28771209716797,17.194602966308594,0,,0,0.5101996064186096,1,,0.6008205711841583,0,
SIHDR_159,SIHDR_159_e10.jpg,147,10,train,8.38082218170166,16.28771209716797,15.207987785339355,1.0797243118286133,1,16.28771209716797,17.194602966308594,0,,0,0.511090874671936,1,,0.6008205711841583,0,
SIHDR_159,SIHDR_159_e11.jpg,147,11,train,7.380821704864502,16.28771209716797,14.839210510253906,1.4485015869140625,1,16.28771209716797,17.194602966308594,0,,0,0.5156248807907104,1,,0.6008205711841583,0,
SIHDR_159,SIHDR_159_e12.jpg,147,12,train,6.321928024291992,16.28771209716797,14.3652925491333,1.922419548034668,1,16.28771209716797,17.194602966308594,0,,0,0.5220295786857605,1,,0.6008205711841583,0,
SIHDR_159,SIHDR_159_e13.jpg,147,13,train,5.321928024291992,16.28771209716797,13.895527839660645,2.392184257507324,1,16.28771209716797,17.194602966308594,0,,0,0.528940737247467,1,,0.6008205711841583,0,
SIHDR_159,SIHDR_159_e14.jpg,147,14,train,4.321928024291992,16.28771209716797,13.42359733581543,2.864114761352539,1,16.28771209716797,17.194602966308594,0,,0,0.5359586477279663,1,,0.6008205711841583,0,
SIHDR_160,SIHDR_160_e00.jpg,148,0,train,17.194602966308594,16.28771209716797,16.4185848236084,0.1308727264404297,1,16.28771209716797,17.194602966308594,1,0,1,0.714986264705658,1,0,0.6008205711841583,1,0
SIHDR_160,SIHDR_160_e01.jpg,148,1,train,16.28771209716797,16.28771209716797,16.457611083984375,0.16989898681640625,1,16.28771209716797,17.194602966308594,1,0,1,0.6466261148452759,1,0,0.6008205711841583,1,0
SIHDR_160,SIHDR_160_e02.jpg,148,2,train,15.872674942016602,16.28771209716797,16.50931739807129,0.2216053009033203,1,16.28771209716797,17.194602966308594,1,0,1,0.6205172538757324,1,0,0.6008205711841583,1,0
SIHDR_160,SIHDR_160_e03.jpg,148,3,train,15.287712097167969,16.28771209716797,16.485658645629883,0.19794654846191406,1,16.28771209716797,17.194602966308594,1,0,1,0.5928612351417542,1,0,0.6008205711841583,0,1
SIHDR_160,SIHDR_160_e04.jpg,148,4,train,14.287712097167969,16.28771209716797,16.198936462402344,0.088775634765625,1,16.28771209716797,17.194602966308594,0,0,1,0.5665845274925232,1,0,0.6008205711841583,0,1
SIHDR_160,SIHDR_160_e05.jpg,148,5,train,13.287712097167969,16.28771209716797,15.87050724029541,0.4172048568725586,1,16.28771209716797,17.194602966308594,0,0,1,0.5523746013641357,1,0,0.6008205711841583,0,1
SIHDR_160,SIHDR_160_e06.jpg,148,6,train,12.287712097167969,16.28771209716797,15.360590934753418,0.9271211624145508,1,16.28771209716797,17.194602966308594,0,0,1,0.5455621480941772,1,0,0.6008205711841583,0,1
SIHDR_160,SIHDR_160_e07.jpg,148,7,train,11.287712097167969,16.28771209716797,15.092387199401855,1.1953248977661133,1,16.28771209716797,17.194602966308594,0,0,1,0.5343355536460876,1,0,0.6008205711841583,0,1
SIHDR_160,SIHDR_160_e08.jpg,148,8,train,10.287712097167969,16.28771209716797,15.228523254394531,1.0591888427734375,1,16.28771209716797,17.194602966308594,0,0,1,0.5192866325378418,1,0,0.6008205711841583,0,1
SIHDR_160,SIHDR_160_e09.jpg,148,9,train,9.38082218170166,16.28771209716797,15.185746192932129,1.1019659042358398,1,16.28771209716797,17.194602966308594,0,0,1,0.5136386156082153,1,0,0.6008205711841583,0,1
SIHDR_160,SIHDR_160_e10.jpg,148,10,train,8.38082218170166,16.28771209716797,14.937304496765137,1.350407600402832,1,16.28771209716797,17.194602966308594,0,0,1,0.513617992401123,1,0,0.6008205711841583,0,1
SIHDR_160,SIHDR_160_e11.jpg,148,11,train,7.380821704864502,16.28771209716797,14.625014305114746,1.6626977920532227,1,16.28771209716797,17.194602966308594,0,0,1,0.5181481242179871,1,0,0.6008205711841583,0,1
SIHDR_160,SIHDR_160_e12.jpg,148,12,train,6.321928024291992,16.28771209716797,14.360167503356934,1.9275445938110352,1,16.28771209716797,17.194602966308594,0,0,1,0.5219706892967224,1,0,0.6008205711841583,0,1
SIHDR_160,SIHDR_160_e13.jpg,148,13,train,5.321928024291992,16.28771209716797,13.931227684020996,2.3564844131469727,1,16.28771209716797,17.194602966308594,0,0,1,0.5284144282341003,1,0,0.6008205711841583,0,1
SIHDR_160,SIHDR_160_e14.jpg,148,14,train,4.321928024291992,16.28771209716797,13.442559242248535,2.8451528549194336,1,16.28771209716797,17.194602966308594,0,0,1,0.5356130599975586,1,0,0.6008205711841583,0,1
SIHDR_161,SIHDR_161_e00.jpg,149,0,train,17.194602966308594,17.194602966308594,16.200279235839844,0.99432373046875,0,16.28771209716797,17.194602966308594,0,0,1,0.6722751259803772,1,0,0.6008205711841583,1,0
SIHDR_161,SIHDR_161_e01.jpg,149,1,train,16.28771209716797,17.194602966308594,16.445253372192383,0.7493495941162109,0,16.28771209716797,17.194602966308594,1,0,1,0.6123800873756409,1,0,0.6008205711841583,1,0
SIHDR_161,SIHDR_161_e02.jpg,149,2,train,15.872674942016602,17.194602966308594,16.44817543029785,0.7464275360107422,0,16.28771209716797,17.194602966308594,1,0,1,0.5926860570907593,1,0,0.6008205711841583,0,1
SIHDR_161,SIHDR_161_e03.jpg,149,3,train,15.287712097167969,17.194602966308594,16.407466888427734,0.7871360778808594,0,16.28771209716797,17.194602966308594,1,0,1,0.5694395899772644,1,0,0.6008205711841583,0,1
SIHDR_161,SIHDR_161_e04.jpg,149,4,train,14.287712097167969,17.194602966308594,16.15338706970215,1.0412158966064453,0,16.28771209716797,17.194602966308594,0,0,1,0.5436269044876099,1,0,0.6008205711841583,0,1
SIHDR_161,SIHDR_161_e05.jpg,149,5,train,13.287712097167969,17.194602966308594,15.672296524047852,1.5223064422607422,0,16.28771209716797,17.194602966308594,0,0,1,0.5337381362915039,1,0,0.6008205711841583,0,1
SIHDR_161,SIHDR_161_e06.jpg,149,6,train,12.287712097167969,17.194602966308594,15.158187866210938,2.0364151000976562,0,16.28771209716797,17.194602966308594,0,0,1,0.5304288268089294,1,0,0.6008205711841583,0,1
SIHDR_161,SIHDR_161_e07.jpg,149,7,train,11.287712097167969,17.194602966308594,14.75549602508545,2.4391069412231445,0,16.28771209716797,17.194602966308594,0,0,1,0.5296230912208557,1,0,0.6008205711841583,0,1
SIHDR_161,SIHDR_161_e08.jpg,149,8,train,10.287712097167969,17.194602966308594,14.565818786621094,2.6287841796875,0,16.28771209716797,17.194602966308594,0,0,1,0.5255544781684875,1,0,0.6008205711841583,0,1
SIHDR_161,SIHDR_161_e09.jpg,149,9,train,9.38082218170166,17.194602966308594,14.686898231506348,2.507704734802246,0,16.28771209716797,17.194602966308594,0,0,1,0.5188798904418945,1,0,0.6008205711841583,0,1
SIHDR_161,SIHDR_161_e10.jpg,149,10,train,8.38082218170166,17.194602966308594,14.730559349060059,2.464043617248535,0,16.28771209716797,17.194602966308594,0,0,1,0.5158481597900391,1,0,0.6008205711841583,0,1
SIHDR_161,SIHDR_161_e11.jpg,149,11,train,7.380821704864502,17.194602966308594,14.516965866088867,2.6776371002197266,0,16.28771209716797,17.194602966308594,0,0,1,0.5188558101654053,1,0,0.6008205711841583,0,1
SIHDR_161,SIHDR_161_e12.jpg,149,12,train,6.321928024291992,17.194602966308594,14.141815185546875,3.0527877807617188,0,16.28771209716797,17.194602966308594,0,0,1,0.5243978500366211,1,0,0.6008205711841583,0,1
SIHDR_161,SIHDR_161_e13.jpg,149,13,train,5.321928024291992,17.194602966308594,13.778410911560059,3.416192054748535,0,16.28771209716797,17.194602966308594,0,0,1,0.5303428769111633,1,0,0.6008205711841583,0,1
SIHDR_161,SIHDR_161_e14.jpg,149,14,train,4.321928024291992,17.194602966308594,13.401568412780762,3.793034553527832,0,16.28771209716797,17.194602966308594,0,0,1,0.5361191630363464,1,0,0.6008205711841583,0,1
SIHDR_162,SIHDR_162_e00.jpg,150,0,train,17.194602966308594,17.194602966308594,18.724294662475586,1.5296916961669922,0,15.872674942016602,17.194602966308594,0,0,1,0.4600614607334137,0,1,0.6008205711841583,0,1
SIHDR_162,SIHDR_162_e01.jpg,150,1,train,16.28771209716797,17.194602966308594,18.509443283081055,1.314840316772461,0,15.872674942016602,17.194602966308594,0,0,1,0.4583118259906769,0,1,0.6008205711841583,0,1
SIHDR_162,SIHDR_162_e02.jpg,150,2,train,15.872674942016602,17.194602966308594,18.361387252807617,1.1667842864990234,0,15.872674942016602,17.194602966308594,0,0,1,0.459125816822052,0,1,0.6008205711841583,0,1
SIHDR_162,SIHDR_162_e03.jpg,150,3,train,15.287712097167969,17.194602966308594,18.199871063232422,1.0052680969238281,0,15.872674942016602,17.194602966308594,0,0,1,0.46053457260131836,0,1,0.6008205711841583,0,1
SIHDR_162,SIHDR_162_e04.jpg,150,4,train,14.287712097167969,17.194602966308594,17.905323028564453,0.7107200622558594,0,15.872674942016602,17.194602966308594,0,0,1,0.4642179608345032,0,1,0.6008205711841583,0,1
SIHDR_162,SIHDR_162_e05.jpg,150,5,train,13.287712097167969,17.194602966308594,17.53528594970703,0.3406829833984375,0,15.872674942016602,17.194602966308594,0,0,1,0.46956807374954224,0,1,0.6008205711841583,0,1
SIHDR_162,SIHDR_162_e06.jpg,150,6,train,12.287712097167969,17.194602966308594,17.131555557250977,0.06304740905761719,0,15.872674942016602,17.194602966308594,1,0,1,0.47576335072517395,0,1,0.6008205711841583,0,1
SIHDR_162,SIHDR_162_e07.jpg,150,7,train,11.287712097167969,17.194602966308594,16.710508346557617,0.48409461975097656,0,15.872674942016602,17.194602966308594,1,0,1,0.482345849275589,0,1,0.6008205711841583,0,1
SIHDR_162,SIHDR_162_e08.jpg,150,8,train,10.287712097167969,17.194602966308594,16.279905319213867,0.9146976470947266,0,15.872674942016602,17.194602966308594,1,0,1,0.48913583159446716,0,1,0.6008205711841583,0,1
SIHDR_162,SIHDR_162_e09.jpg,150,9,train,9.38082218170166,17.194602966308594,15.884919166564941,1.3096837997436523,0,15.872674942016602,17.194602966308594,1,0,1,0.4954788088798523,0,1,0.6008205711841583,0,1
SIHDR_162,SIHDR_162_e10.jpg,150,10,train,8.38082218170166,17.194602966308594,15.446995735168457,1.7476072311401367,0,15.872674942016602,17.194602966308594,0,0,1,0.502791702747345,1,0,0.6008205711841583,0,1
SIHDR_162,SIHDR_162_e11.jpg,150,11,train,7.380821704864502,17.194602966308594,14.990172386169434,2.20443058013916,0,15.872674942016602,17.194602966308594,0,0,1,0.5111556053161621,1,0,0.6008205711841583,0,1
SIHDR_162,SIHDR_162_e12.jpg,150,12,train,6.321928024291992,17.194602966308594,14.459090232849121,2.7355127334594727,0,15.872674942016602,17.194602966308594,0,0,1,0.5195960998535156,1,0,0.6008205711841583,0,1
SIHDR_162,SIHDR_162_e13.jpg,150,13,train,5.321928024291992,17.194602966308594,13.957330703735352,3.237272262573242,0,15.872674942016602,17.194602966308594,0,0,1,0.5275629162788391,1,0,0.6008205711841583,0,1
SIHDR_162,SIHDR_162_e14.jpg,150,14,train,4.321928024291992,17.194602966308594,13.455580711364746,3.7390222549438477,0,15.872674942016602,17.194602966308594,0,0,1,0.5351881980895996,1,0,0.6008205711841583,0,1
SIHDR_163,SIHDR_163_e00.jpg,151,0,test,17.194602966308594,16.28771209716797,16.735010147094727,0.4472980499267578,1,15.872674942016602,17.194602966308594,1,,0,0.6580614447593689,1,,0.6008205711841583,1,
SIHDR_163,SIHDR_163_e01.jpg,151,1,test,16.28771209716797,16.28771209716797,16.90015411376953,0.6124420166015625,1,15.872674942016602,17.194602966308594,1,,0,0.5894474983215332,1,,0.6008205711841583,0,
SIHDR_163,SIHDR_163_e02.jpg,151,2,test,15.872674942016602,16.28771209716797,16.794984817504883,0.5072727203369141,1,15.872674942016602,17.194602966308594,1,,0,0.5682276487350464,1,,0.6008205711841583,0,
SIHDR_163,SIHDR_163_e03.jpg,151,3,test,15.287712097167969,16.28771209716797,16.781803131103516,0.4940910339355469,1,15.872674942016602,17.194602966308594,1,,0,0.5387089848518372,1,,0.6008205711841583,0,
SIHDR_163,SIHDR_163_e04.jpg,151,4,test,14.287712097167969,16.28771209716797,16.40475082397461,0.11703872680664062,1,15.872674942016602,17.194602966308594,1,,0,0.511665940284729,1,,0.6008205711841583,0,
SIHDR_163,SIHDR_163_e05.jpg,151,5,test,13.287712097167969,16.28771209716797,16.43587303161621,0.1481609344482422,1,15.872674942016602,17.194602966308594,1,,0,0.4984307885169983,0,,0.6008205711841583,0,
SIHDR_163,SIHDR_163_e06.jpg,151,6,test,12.287712097167969,16.28771209716797,16.484163284301758,0.19645118713378906,1,15.872674942016602,17.194602966308594,1,,0,0.49208930134773254,0,,0.6008205711841583,0,
SIHDR_163,SIHDR_163_e07.jpg,151,7,test,11.287712097167969,16.28771209716797,16.34983253479004,0.06212043762207031,1,15.872674942016602,17.194602966308594,1,,0,0.49118950963020325,0,,0.6008205711841583,0,
SIHDR_163,SIHDR_163_e08.jpg,151,8,test,10.287712097167969,16.28771209716797,16.079378128051758,0.20833396911621094,1,15.872674942016602,17.194602966308594,1,,0,0.49395012855529785,0,,0.6008205711841583,0,
SIHDR_163,SIHDR_163_e09.jpg,151,9,test,9.38082218170166,16.28771209716797,15.7708158493042,0.5168962478637695,1,15.872674942016602,17.194602966308594,0,,0,0.49827879667282104,0,,0.6008205711841583,0,
SIHDR_163,SIHDR_163_e10.jpg,151,10,test,8.38082218170166,16.28771209716797,15.389551162719727,0.8981609344482422,1,15.872674942016602,17.194602966308594,0,,0,0.5041912794113159,1,,0.6008205711841583,0,
SIHDR_163,SIHDR_163_e11.jpg,151,11,test,7.380821704864502,16.28771209716797,14.961116790771484,1.3265953063964844,1,15.872674942016602,17.194602966308594,0,,0,0.5118906497955322,1,,0.6008205711841583,0,
SIHDR_163,SIHDR_163_e12.jpg,151,12,test,6.321928024291992,16.28771209716797,14.447587013244629,1.8401250839233398,1,15.872674942016602,17.194602966308594,0,,0,0.5199188590049744,1,,0.6008205711841583,0,
SIHDR_163,SIHDR_163_e13.jpg,151,13,test,5.321928024291992,16.28771209716797,13.952958106994629,2.33475399017334,1,15.872674942016602,17.194602966308594,0,,0,0.5277056694030762,1,,0.6008205711841583,0,
SIHDR_163,SIHDR_163_e14.jpg,151,14,test,4.321928024291992,16.28771209716797,13.453740119934082,2.8339719772338867,1,15.872674942016602,17.194602966308594,0,,0,0.53525710105896,1,,0.6008205711841583,0,
SIHDR_164,SIHDR_164_e00.jpg,152,0,test,17.194602966308594,16.28771209716797,16.051101684570312,0.23661041259765625,1,15.872674942016602,17.194602966308594,1,1,1,0.7078319787979126,1,1,0.6008205711841583,1,1
SIHDR_164,SIHDR_164_e01.jpg,152,1,test,16.28771209716797,16.28771209716797,16.190656661987305,0.09705543518066406,1,15.872674942016602,17.194602966308594,1,1,1,0.6302214860916138,1,1,0.6008205711841583,1,1
SIHDR_164,SIHDR_164_e02.jpg,152,2,test,15.872674942016602,16.28771209716797,16.100116729736328,0.18759536743164062,1,15.872674942016602,17.194602966308594,1,1,1,0.604827880859375,1,1,0.6008205711841583,1,1
SIHDR_164,SIHDR_164_e03.jpg,152,3,test,15.287712097167969,16.28771209716797,15.996800422668457,0.2909116744995117,1,15.872674942016602,17.194602966308594,1,1,1,0.5726478099822998,1,1,0.6008205711841583,0,0
SIHDR_164,SIHDR_164_e04.jpg,152,4,test,14.287712097167969,16.28771209716797,15.714317321777344,0.573394775390625,1,15.872674942016602,17.194602966308594,0,1,1,0.5363180041313171,1,1,0.6008205711841583,0,0
SIHDR_164,SIHDR_164_e05.jpg,152,5,test,13.287712097167969,16.28771209716797,15.759777069091797,0.5279350280761719,1,15.872674942016602,17.194602966308594,0,1,1,0.5093180537223816,1,1,0.6008205711841583,0,0
SIHDR_164,SIHDR_164_e06.jpg,152,6,test,12.287712097167969,16.28771209716797,15.93799877166748,0.3497133255004883,1,15.872674942016602,17.194602966308594,1,1,1,0.4984520971775055,0,0,0.6008205711841583,0,0
SIHDR_164,SIHDR_164_e07.jpg,152,7,test,11.287712097167969,16.28771209716797,16.12030601501465,0.1674060821533203,1,15.872674942016602,17.194602966308594,1,1,1,0.49353474378585815,0,0,0.6008205711841583,0,0
SIHDR_164,SIHDR_164_e08.jpg,152,8,test,10.287712097167969,16.28771209716797,15.989800453186035,0.2979116439819336,1,15.872674942016602,17.194602966308594,1,1,1,0.49465373158454895,0,0,0.6008205711841583,0,0
SIHDR_164,SIHDR_164_e09.jpg,152,9,test,9.38082218170166,16.28771209716797,15.737030029296875,0.5506820678710938,1,15.872674942016602,17.194602966308594,0,1,1,0.4982784390449524,0,0,0.6008205711841583,0,0
SIHDR_164,SIHDR_164_e10.jpg,152,10,test,8.38082218170166,16.28771209716797,15.387221336364746,0.9004907608032227,1,15.872674942016602,17.194602966308594,0,1,1,0.5039979219436646,1,1,0.6008205711841583,0,0
SIHDR_164,SIHDR_164_e11.jpg,152,11,test,7.380821704864502,16.28771209716797,14.963944435119629,1.3237676620483398,1,15.872674942016602,17.194602966308594,0,1,1,0.5117324590682983,1,1,0.6008205711841583,0,0
SIHDR_164,SIHDR_164_e12.jpg,152,12,test,6.321928024291992,16.28771209716797,14.447367668151855,1.8403444290161133,1,15.872674942016602,17.194602966308594,0,1,1,0.5198602676391602,1,1,0.6008205711841583,0,0
SIHDR_164,SIHDR_164_e13.jpg,152,13,test,5.321928024291992,16.28771209716797,13.95146656036377,2.336245536804199,1,15.872674942016602,17.194602966308594,0,1,1,0.5276948809623718,1,1,0.6008205711841583,0,0
SIHDR_164,SIHDR_164_e14.jpg,152,14,test,4.321928024291992,16.28771209716797,13.45263385772705,2.835078239440918,1,15.872674942016602,17.194602966308594,0,1,1,0.5352535843849182,1,1,0.6008205711841583,0,0
SIHDR_165,SIHDR_165_e00.jpg,153,0,train,17.194602966308594,16.28771209716797,16.615262985229492,0.32755088806152344,1,15.872674942016602,17.194602966308594,1,,0,0.6378859281539917,1,,0.6008205711841583,1,
SIHDR_165,SIHDR_165_e01.jpg,153,1,train,16.28771209716797,16.28771209716797,16.871129989624023,0.5834178924560547,1,15.872674942016602,17.194602966308594,1,,0,0.5829948782920837,1,,0.6008205711841583,0,
SIHDR_165,SIHDR_165_e02.jpg,153,2,train,15.872674942016602,16.28771209716797,16.822277069091797,0.5345649719238281,1,15.872674942016602,17.194602966308594,1,,0,0.5641228556632996,1,,0.6008205711841583,0,
SIHDR_165,SIHDR_165_e03.jpg,153,3,train,15.287712097167969,16.28771209716797,16.60176658630371,0.3140544891357422,1,15.872674942016602,17.194602966308594,1,,0,0.5436515212059021,1,,0.6008205711841583,0,
SIHDR_165,SIHDR_165_e04.jpg,153,4,train,14.287712097167969,16.28771209716797,16.25515365600586,0.032558441162109375,1,15.872674942016602,17.194602966308594,1,,0,0.5176810026168823,1,,0.6008205711841583,0,
SIHDR_165,SIHDR_165_e05.jpg,153,5,train,13.287712097167969,16.28771209716797,16.304662704467773,0.016950607299804688,1,15.872674942016602,17.194602966308594,1,,0,0.5019095540046692,1,,0.6008205711841583,0,
SIHDR_165,SIHDR_165_e06.jpg,153,6,train,12.287712097167969,16.28771209716797,16.445981979370117,0.15826988220214844,1,15.872674942016602,17.194602966308594,1,,0,0.49343156814575195,0,,0.6008205711841583,0,
SIHDR_165,SIHDR_165_e07.jpg,153,7,train,11.287712097167969,16.28771209716797,16.35927963256836,0.07156753540039062,1,15.872674942016602,17.194602966308594,1,,0,0.4914547801017761,0,,0.6008205711841583,0,
SIHDR_165,SIHDR_165_e08.jpg,153,8,train,10.287712097167969,16.28771209716797,16.098913192749023,0.1887989044189453,1,15.872674942016602,17.194602966308594,1,,0,0.4937964379787445,0,,0.6008205711841583,0,
SIHDR_165,SIHDR_165_e09.jpg,153,9,train,9.38082218170166,16.28771209716797,15.790410041809082,0.4973020553588867,1,15.872674942016602,17.194602966308594,0,,0,0.49803128838539124,0,,0.6008205711841583,0,
SIHDR_165,SIHDR_165_e10.jpg,153,10,train,8.38082218170166,16.28771209716797,15.401756286621094,0.885955810546875,1,15.872674942016602,17.194602966308594,0,,0,0.5040379166603088,1,,0.6008205711841583,0,
SIHDR_165,SIHDR_165_e11.jpg,153,11,train,7.380821704864502,16.28771209716797,14.968146324157715,1.319565773010254,1,15.872674942016602,17.194602966308594,0,,0,0.5117935538291931,1,,0.6008205711841583,0,
SIHDR_165,SIHDR_165_e12.jpg,153,12,train,6.321928024291992,16.28771209716797,14.449983596801758,1.837728500366211,1,15.872674942016602,17.194602966308594,0,,0,0.5198827385902405,1,,0.6008205711841583,0,
SIHDR_165,SIHDR_165_e13.jpg,153,13,train,5.321928024291992,16.28771209716797,13.953227043151855,2.3344850540161133,1,15.872674942016602,17.194602966308594,0,,0,0.5276997685432434,1,,0.6008205711841583,0,
SIHDR_165,SIHDR_165_e14.jpg,153,14,train,4.321928024291992,16.28771209716797,13.45360279083252,2.834109306335449,1,15.872674942016602,17.194602966308594,0,,0,0.5352581143379211,1,,0.6008205711841583,0,
SIHDR_166,SIHDR_166_e00.jpg,154,0,train,17.194602966308594,16.28771209716797,15.850192070007324,0.43752002716064453,1,16.28771209716797,17.194602966308594,0,,0,0.6564794182777405,1,,0.6008205711841583,1,
SIHDR_166,SIHDR_166_e01.jpg,154,1,train,16.28771209716797,16.28771209716797,15.672513008117676,0.615199089050293,1,16.28771209716797,17.194602966308594,0,,0,0.5997924208641052,1,,0.6008205711841583,0,
SIHDR_166,SIHDR_166_e02.jpg,154,2,train,15.872674942016602,16.28771209716797,15.73559284210205,0.552119255065918,1,16.28771209716797,17.194602966308594,0,,0,0.576574981212616,1,,0.6008205711841583,0,
SIHDR_166,SIHDR_166_e03.jpg,154,3,train,15.287712097167969,16.28771209716797,15.870582580566406,0.4171295166015625,1,16.28771209716797,17.194602966308594,0,,0,0.5466884970664978,1,,0.6008205711841583,0,
SIHDR_166,SIHDR_166_e04.jpg,154,4,train,14.287712097167969,16.28771209716797,15.835946083068848,0.4517660140991211,1,16.28771209716797,17.194602966308594,0,,0,0.5155609250068665,1,,0.6008205711841583,0,
SIHDR_166,SIHDR_166_e05.jpg,154,5,train,13.287712097167969,16.28771209716797,16.08308982849121,0.2046222686767578,1,16.28771209716797,17.194602966308594,0,,0,0.49906453490257263,0,,0.6008205711841583,0,
SIHDR_166,SIHDR_166_e06.jpg,154,6,train,12.287712097167969,16.28771209716797,16.139543533325195,0.14816856384277344,1,16.28771209716797,17.194602966308594,0,,0,0.4951363503932953,0,,0.6008205711841583,0,
SIHDR_166,SIHDR_166_e07.jpg,154,7,train,11.287712097167969,16.28771209716797,16.030725479125977,0.2569866180419922,1,16.28771209716797,17.194602966308594,0,,0,0.4954715073108673,0,,0.6008205711841583,0,
SIHDR_166,SIHDR_166_e08.jpg,154,8,train,10.287712097167969,16.28771209716797,15.890983581542969,0.396728515625,1,16.28771209716797,17.194602966308594,0,,0,0.4963143467903137,0,,0.6008205711841583,0,
SIHDR_166,SIHDR_166_e09.jpg,154,9,train,9.38082218170166,16.28771209716797,15.64127254486084,0.6464395523071289,1,16.28771209716797,17.194602966308594,0,,0,0.49978765845298767,0,,0.6008205711841583,0,
SIHDR_166,SIHDR_166_e10.jpg,154,10,train,8.38082218170166,16.28771209716797,15.297625541687012,0.990086555480957,1,16.28771209716797,17.194602966308594,0,,0,0.5052823424339294,1,,0.6008205711841583,0,
SIHDR_166,SIHDR_166_e11.jpg,154,11,train,7.380821704864502,16.28771209716797,14.902174949645996,1.3855371475219727,1,16.28771209716797,17.194602966308594,0,,0,0.5125476717948914,1,,0.6008205711841583,0,
SIHDR_166,SIHDR_166_e12.jpg,154,12,train,6.321928024291992,16.28771209716797,14.41785717010498,1.8698549270629883,1,16.28771209716797,17.194602966308594,0,,0,0.5202640295028687,1,,0.6008205711841583,0,
SIHDR_166,SIHDR_166_e13.jpg,154,13,train,5.321928024291992,16.28771209716797,13.939879417419434,2.347832679748535,1,16.28771209716797,17.194602966308594,0,,0,0.5278347730636597,1,,0.6008205711841583,0,
SIHDR_166,SIHDR_166_e14.jpg,154,14,train,4.321928024291992,16.28771209716797,13.444616317749023,2.8430957794189453,1,16.28771209716797,17.194602966308594,0,,0,0.5353657007217407,1,,0.6008205711841583,0,
SIHDR_167,SIHDR_167_e00.jpg,155,0,test,17.194602966308594,16.28771209716797,17.13018035888672,0.84246826171875,1,15.872674942016602,17.194602966308594,1,,0,0.6634628772735596,1,,0.6008205711841583,1,
SIHDR_167,SIHDR_167_e01.jpg,155,1,test,16.28771209716797,16.28771209716797,16.806880950927734,0.5191688537597656,1,15.872674942016602,17.194602966308594,1,,0,0.6096069812774658,1,,0.6008205711841583,1,
SIHDR_167,SIHDR_167_e02.jpg,155,2,test,15.872674942016602,16.28771209716797,16.684499740600586,0.3967876434326172,1,15.872674942016602,17.194602966308594,1,,0,0.5856589078903198,1,,0.6008205711841583,0,
SIHDR_167,SIHDR_167_e03.jpg,155,3,test,15.287712097167969,16.28771209716797,16.363285064697266,0.07557296752929688,1,15.872674942016602,17.194602966308594,1,,0,0.5603652000427246,1,,0.6008205711841583,0,
SIHDR_167,SIHDR_167_e04.jpg,155,4,test,14.287712097167969,16.28771209716797,16.15146827697754,0.1362438201904297,1,15.872674942016602,17.194602966308594,1,,0,0.5189936757087708,1,,0.6008205711841583,0,
SIHDR_167,SIHDR_167_e05.jpg,155,5,test,13.287712097167969,16.28771209716797,16.37025260925293,0.08254051208496094,1,15.872674942016602,17.194602966308594,1,,0,0.4961455166339874,0,,0.6008205711841583,0,
SIHDR_167,SIHDR_167_e06.jpg,155,6,test,12.287712097167969,16.28771209716797,16.3242130279541,0.03650093078613281,1,15.872674942016602,17.194602966308594,1,,0,0.49082285165786743,0,,0.6008205711841583,0,
SIHDR_167,SIHDR_167_e07.jpg,155,7,test,11.287712097167969,16.28771209716797,16.24370765686035,0.04400444030761719,1,15.872674942016602,17.194602966308594,1,,0,0.49060961604118347,0,,0.6008205711841583,0,
SIHDR_167,SIHDR_167_e08.jpg,155,8,test,10.287712097167969,16.28771209716797,16.12138557434082,0.16632652282714844,1,15.872674942016602,17.194602966308594,1,,0,0.4919429421424866,0,,0.6008205711841583,0,
SIHDR_167,SIHDR_167_e09.jpg,155,9,test,9.38082218170166,16.28771209716797,15.805270195007324,0.48244190216064453,1,15.872674942016602,17.194602966308594,0,,0,0.49699926376342773,0,,0.6008205711841583,0,
SIHDR_167,SIHDR_167_e10.jpg,155,10,test,8.38082218170166,16.28771209716797,15.403306007385254,0.8844060897827148,1,15.872674942016602,17.194602966308594,0,,0,0.5036187767982483,1,,0.6008205711841583,0,
SIHDR_167,SIHDR_167_e11.jpg,155,11,test,7.380821704864502,16.28771209716797,14.965523719787598,1.322188377380371,1,15.872674942016602,17.194602966308594,0,,0,0.5116102695465088,1,,0.6008205711841583,0,
SIHDR_167,SIHDR_167_e12.jpg,155,12,test,6.321928024291992,16.28771209716797,14.445563316345215,1.842148780822754,1,15.872674942016602,17.194602966308594,0,,0,0.5198327898979187,1,,0.6008205711841583,0,
SIHDR_167,SIHDR_167_e13.jpg,155,13,test,5.321928024291992,16.28771209716797,13.950182914733887,2.337529182434082,1,15.872674942016602,17.194602966308594,0,,0,0.5276904106140137,1,,0.6008205711841583,0,
SIHDR_167,SIHDR_167_e14.jpg,155,14,test,4.321928024291992,16.28771209716797,13.452927589416504,2.834784507751465,1,15.872674942016602,17.194602966308594,0,,0,0.5352385640144348,1,,0.6008205711841583,0,
SIHDR_168,SIHDR_168_e00.jpg,156,0,train,17.194602966308594,16.28771209716797,16.849538803100586,0.5618267059326172,1,16.28771209716797,17.194602966308594,1,,0,0.6075970530509949,1,,0.6008205711841583,1,
SIHDR_168,SIHDR_168_e01.jpg,156,1,train,16.28771209716797,16.28771209716797,16.56203842163086,0.2743263244628906,1,16.28771209716797,17.194602966308594,1,,0,0.5640516877174377,1,,0.6008205711841583,0,
SIHDR_168,SIHDR_168_e02.jpg,156,2,train,15.872674942016602,16.28771209716797,16.478391647338867,0.19067955017089844,1,16.28771209716797,17.194602966308594,1,,0,0.547752857208252,1,,0.6008205711841583,0,
SIHDR_168,SIHDR_168_e03.jpg,156,3,train,15.287712097167969,16.28771209716797,16.58636474609375,0.29865264892578125,1,16.28771209716797,17.194602966308594,1,,0,0.5213953256607056,1,,0.6008205711841583,0,
SIHDR_168,SIHDR_168_e04.jpg,156,4,train,14.287712097167969,16.28771209716797,16.557209014892578,0.2694969177246094,1,16.28771209716797,17.194602966308594,1,,0,0.4994623363018036,0,,0.6008205711841583,0,
SIHDR_168,SIHDR_168_e05.jpg,156,5,train,13.287712097167969,16.28771209716797,16.688783645629883,0.40107154846191406,1,16.28771209716797,17.194602966308594,1,,0,0.48862701654434204,0,,0.6008205711841583,0,
SIHDR_168,SIHDR_168_e06.jpg,156,6,train,12.287712097167969,16.28771209716797,16.709035873413086,0.4213237762451172,1,16.28771209716797,17.194602966308594,1,,0,0.48479658365249634,0,,0.6008205711841583,0,
SIHDR_168,SIHDR_168_e07.jpg,156,7,train,11.287712097167969,16.28771209716797,16.468671798706055,0.18095970153808594,1,16.28771209716797,17.194602966308594,1,,0,0.48705172538757324,0,,0.6008205711841583,0,
SIHDR_168,SIHDR_168_e08.jpg,156,8,train,10.287712097167969,16.28771209716797,16.13275146484375,0.15496063232421875,1,16.28771209716797,17.194602966308594,0,,0,0.49184146523475647,0,,0.6008205711841583,0,
SIHDR_168,SIHDR_168_e09.jpg,156,9,train,9.38082218170166,16.28771209716797,15.7913818359375,0.49633026123046875,1,16.28771209716797,17.194602966308594,0,,0,0.49724650382995605,0,,0.6008205711841583,0,
SIHDR_168,SIHDR_168_e10.jpg,156,10,train,8.38082218170166,16.28771209716797,15.397821426391602,0.8898906707763672,1,16.28771209716797,17.194602966308594,0,,0,0.5036928653717041,1,,0.6008205711841583,0,
SIHDR_168,SIHDR_168_e11.jpg,156,11,train,7.380821704864502,16.28771209716797,14.963854789733887,1.323857307434082,1,16.28771209716797,17.194602966308594,0,,0,0.5116366744041443,1,,0.6008205711841583,0,
SIHDR_168,SIHDR_168_e12.jpg,156,12,train,6.321928024291992,16.28771209716797,14.445365905761719,1.84234619140625,1,16.28771209716797,17.194602966308594,0,,0,0.5198429226875305,1,,0.6008205711841583,0,
SIHDR_168,SIHDR_168_e13.jpg,156,13,train,5.321928024291992,16.28771209716797,13.950003623962402,2.3377084732055664,1,16.28771209716797,17.194602966308594,0,,0,0.5276893973350525,1,,0.6008205711841583,0,
SIHDR_168,SIHDR_168_e14.jpg,156,14,train,4.321928024291992,16.28771209716797,13.451713562011719,2.83599853515625,1,16.28771209716797,17.194602966308594,0,,0,0.5352534055709839,1,,0.6008205711841583,0,
SIHDR_169,SIHDR_169_e00.jpg,157,0,train,17.194602966308594,17.194602966308594,18.56683921813965,1.3722362518310547,0,17.194602966308594,17.194602966308594,0,0,1,0.47179120779037476,0,1,0.6008205711841583,0,1
SIHDR_169,SIHDR_169_e01.jpg,157,1,train,16.28771209716797,17.194602966308594,18.23503875732422,1.040435791015625,0,17.194602966308594,17.194602966308594,0,0,1,0.4651879668235779,0,1,0.6008205711841583,0,1
SIHDR_169,SIHDR_169_e02.jpg,157,2,train,15.872674942016602,17.194602966308594,18.15726661682129,0.9626636505126953,0,17.194602966308594,17.194602966308594,0,0,1,0.4643853008747101,0,1,0.6008205711841583,0,1
SIHDR_169,SIHDR_169_e03.jpg,157,3,train,15.287712097167969,17.194602966308594,17.9737491607666,0.7791461944580078,0,17.194602966308594,17.194602966308594,0,0,1,0.46506959199905396,0,1,0.6008205711841583,0,1
SIHDR_169,SIHDR_169_e04.jpg,157,4,train,14.287712097167969,17.194602966308594,17.72738265991211,0.5327796936035156,0,17.194602966308594,17.194602966308594,0,0,1,0.4674384891986847,0,1,0.6008205711841583,0,1
SIHDR_169,SIHDR_169_e05.jpg,157,5,train,13.287712097167969,17.194602966308594,17.440885543823242,0.24628257751464844,0,17.194602966308594,17.194602966308594,0,0,1,0.47127583622932434,0,1,0.6008205711841583,0,1
SIHDR_169,SIHDR_169_e06.jpg,157,6,train,12.287712097167969,17.194602966308594,17.07785987854004,0.11674308776855469,0,17.194602966308594,17.194602966308594,0,0,1,0.476739764213562,0,1,0.6008205711841583,0,1
SIHDR_169,SIHDR_169_e07.jpg,157,7,train,11.287712097167969,17.194602966308594,16.676881790161133,0.5177211761474609,0,17.194602966308594,17.194602966308594,0,0,1,0.48288729786872864,0,1,0.6008205711841583,0,1
SIHDR_169,SIHDR_169_e08.jpg,157,8,train,10.287712097167969,17.194602966308594,16.25577163696289,0.9388313293457031,0,17.194602966308594,17.194602966308594,0,0,1,0.4895371198654175,0,1,0.6008205711841583,0,1
SIHDR_169,SIHDR_169_e09.jpg,157,9,train,9.38082218170166,17.194602966308594,15.878996849060059,1.3156061172485352,0,17.194602966308594,17.194602966308594,0,0,1,0.4955958425998688,0,1,0.6008205711841583,0,1
SIHDR_169,SIHDR_169_e10.jpg,157,10,train,8.38082218170166,17.194602966308594,15.444287300109863,1.7503156661987305,0,17.194602966308594,17.194602966308594,0,0,1,0.5028469562530518,1,0,0.6008205711841583,0,1
SIHDR_169,SIHDR_169_e11.jpg,157,11,train,7.380821704864502,17.194602966308594,14.988978385925293,2.205624580383301,0,17.194602966308594,17.194602966308594,0,0,1,0.5111820101737976,1,0,0.6008205711841583,0,1
SIHDR_169,SIHDR_169_e12.jpg,157,12,train,6.321928024291992,17.194602966308594,14.458535194396973,2.736067771911621,0,17.194602966308594,17.194602966308594,0,0,1,0.5196084976196289,1,0,0.6008205711841583,0,1
SIHDR_169,SIHDR_169_e13.jpg,157,13,train,5.321928024291992,17.194602966308594,13.957050323486328,3.2375526428222656,0,17.194602966308594,17.194602966308594,0,0,1,0.5275691151618958,1,0,0.6008205711841583,0,1
SIHDR_169,SIHDR_169_e14.jpg,157,14,train,4.321928024291992,17.194602966308594,13.45544147491455,3.739161491394043,0,17.194602966308594,17.194602966308594,0,0,1,0.5351914763450623,1,0,0.6008205711841583,0,1
SIHDR_170,SIHDR_170_e00.jpg,158,0,train,17.194602966308594,17.194602966308594,16.62004280090332,0.5745601654052734,0,16.28771209716797,17.194602966308594,1,,0,0.6399768590927124,1,,0.6008205711841583,1,
SIHDR_170,SIHDR_170_e01.jpg,158,1,train,16.28771209716797,17.194602966308594,16.40614891052246,0.7884540557861328,0,16.28771209716797,17.194602966308594,1,,0,0.5947743058204651,1,,0.6008205711841583,0,
SIHDR_170,SIHDR_170_e02.jpg,158,2,train,15.872674942016602,17.194602966308594,16.267730712890625,0.9268722534179688,0,16.28771209716797,17.194602966308594,0,,0,0.5802779197692871,1,,0.6008205711841583,0,
SIHDR_170,SIHDR_170_e03.jpg,158,3,train,15.287712097167969,17.194602966308594,15.93187141418457,1.2627315521240234,0,16.28771209716797,17.194602966308594,0,,0,0.5712804794311523,1,,0.6008205711841583,0,
SIHDR_170,SIHDR_170_e04.jpg,158,4,train,14.287712097167969,17.194602966308594,15.817219734191895,1.3773832321166992,0,16.28771209716797,17.194602966308594,0,,0,0.5428398251533508,1,,0.6008205711841583,0,
SIHDR_170,SIHDR_170_e05.jpg,158,5,train,13.287712097167969,17.194602966308594,16.1152400970459,1.0793628692626953,0,16.28771209716797,17.194602966308594,0,,0,0.5163322687149048,1,,0.6008205711841583,0,
SIHDR_170,SIHDR_170_e06.jpg,158,6,train,12.287712097167969,17.194602966308594,16.15925407409668,1.035348892211914,0,16.28771209716797,17.194602966308594,0,,0,0.5038900971412659,1,,0.6008205711841583,0,
SIHDR_170,SIHDR_170_e07.jpg,158,7,train,11.287712097167969,17.194602966308594,16.164052963256836,1.0305500030517578,0,16.28771209716797,17.194602966308594,0,,0,0.49745631217956543,0,,0.6008205711841583,0,
SIHDR_170,SIHDR_170_e08.jpg,158,8,train,10.287712097167969,17.194602966308594,15.954789161682129,1.2398138046264648,0,16.28771209716797,17.194602966308594,0,,0,0.49750128388404846,0,,0.6008205711841583,0,
SIHDR_170,SIHDR_170_e09.jpg,158,9,train,9.38082218170166,17.194602966308594,15.67975902557373,1.5148439407348633,0,16.28771209716797,17.194602966308594,0,,0,0.5003485679626465,1,,0.6008205711841583,0,
SIHDR_170,SIHDR_170_e10.jpg,158,10,train,8.38082218170166,17.194602966308594,15.344840049743652,1.8497629165649414,0,16.28771209716797,17.194602966308594,0,,0,0.505254328250885,1,,0.6008205711841583,0,
SIHDR_170,SIHDR_170_e11.jpg,158,11,train,7.380821704864502,17.194602966308594,14.953856468200684,2.24074649810791,0,16.28771209716797,17.194602966308594,0,,0,0.512140691280365,1,,0.6008205711841583,0,
SIHDR_170,SIHDR_170_e12.jpg,158,12,train,6.321928024291992,17.194602966308594,14.443982124328613,2.7506208419799805,0,16.28771209716797,17.194602966308594,0,,0,0.5200353860855103,1,,0.6008205711841583,0,
SIHDR_170,SIHDR_170_e13.jpg,158,13,train,5.321928024291992,17.194602966308594,13.949870109558105,3.2447328567504883,0,16.28771209716797,17.194602966308594,0,,0,0.5277813673019409,1,,0.6008205711841583,0,
SIHDR_170,SIHDR_170_e14.jpg,158,14,train,4.321928024291992,17.194602966308594,13.451970100402832,3.7426328659057617,0,16.28771209716797,17.194602966308594,0,,0,0.5352960228919983,1,,0.6008205711841583,0,
SIHDR_171,SIHDR_171_e00.jpg,159,0,train,17.194602966308594,16.28771209716797,16.200864791870117,0.08684730529785156,1,15.872674942016602,17.194602966308594,1,,0,0.7670857906341553,1,,0.6008205711841583,1,
SIHDR_171,SIHDR_171_e01.jpg,159,1,train,16.28771209716797,16.28771209716797,15.702713012695312,0.5849990844726562,1,15.872674942016602,17.194602966308594,0,,0,0.6968255639076233,1,,0.6008205711841583,1,
SIHDR_171,SIHDR_171_e02.jpg,159,2,train,15.872674942016602,16.28771209716797,15.525642395019531,0.7620697021484375,1,15.872674942016602,17.194602966308594,0,,0,0.6695315837860107,1,,0.6008205711841583,1,
SIHDR_171,SIHDR_171_e03.jpg,159,3,train,15.287712097167969,16.28771209716797,15.25078296661377,1.0369291305541992,1,15.872674942016602,17.194602966308594,0,,0,0.6408156156539917,1,,0.6008205711841583,1,
SIHDR_171,SIHDR_171_e04.jpg,159,4,train,14.287712097167969,16.28771209716797,15.167741775512695,1.1199703216552734,1,15.872674942016602,17.194602966308594,0,,0,0.5940265655517578,1,,0.6008205711841583,0,
SIHDR_171,SIHDR_171_e05.jpg,159,5,train,13.287712097167969,16.28771209716797,15.346714973449707,0.9409971237182617,1,15.872674942016602,17.194602966308594,0,,0,0.5437516570091248,1,,0.6008205711841583,0,
SIHDR_171,SIHDR_171_e06.jpg,159,6,train,12.287712097167969,16.28771209716797,15.432795524597168,0.8549165725708008,1,15.872674942016602,17.194602966308594,0,,0,0.5187009572982788,1,,0.6008205711841583,0,
SIHDR_171,SIHDR_171_e07.jpg,159,7,train,11.287712097167969,16.28771209716797,15.578289985656738,0.7094221115112305,1,15.872674942016602,17.194602966308594,0,,0,0.5079211592674255,1,,0.6008205711841583,0,
SIHDR_171,SIHDR_171_e08.jpg,159,8,train,10.287712097167969,16.28771209716797,15.595863342285156,0.6918487548828125,1,15.872674942016602,17.194602966308594,0,,0,0.5037245154380798,1,,0.6008205711841583,0,
SIHDR_171,SIHDR_171_e09.jpg,159,9,train,9.38082218170166,16.28771209716797,15.460882186889648,0.8268299102783203,1,15.872674942016602,17.194602966308594,0,,0,0.5043383240699768,1,,0.6008205711841583,0,
SIHDR_171,SIHDR_171_e10.jpg,159,10,train,8.38082218170166,16.28771209716797,15.272732734680176,1.014979362487793,1,15.872674942016602,17.194602966308594,0,,0,0.5067030787467957,1,,0.6008205711841583,0,
SIHDR_171,SIHDR_171_e11.jpg,159,11,train,7.380821704864502,16.28771209716797,14.91341781616211,1.3742942810058594,1,15.872674942016602,17.194602966308594,0,,0,0.5129846334457397,1,,0.6008205711841583,0,
SIHDR_171,SIHDR_171_e12.jpg,159,12,train,6.321928024291992,16.28771209716797,14.423839569091797,1.8638725280761719,1,15.872674942016602,17.194602966308594,0,,0,0.5204517245292664,1,,0.6008205711841583,0,
SIHDR_171,SIHDR_171_e13.jpg,159,13,train,5.321928024291992,16.28771209716797,13.941758155822754,2.345953941345215,1,15.872674942016602,17.194602966308594,0,,0,0.5279645919799805,1,,0.6008205711841583,0,
SIHDR_171,SIHDR_171_e14.jpg,159,14,train,4.321928024291992,16.28771209716797,13.448697090148926,2.839015007019043,1,15.872674942016602,17.194602966308594,0,,0,0.5353736281394958,1,,0.6008205711841583,0,
SIHDR_172,SIHDR_172_e00.jpg,160,0,train,17.194602966308594,16.28771209716797,15.499956130981445,0.7877559661865234,1,15.872674942016602,17.194602966308594,0,,0,0.8382349014282227,1,,0.6008205711841583,1,
SIHDR_172,SIHDR_172_e01.jpg,160,1,train,16.28771209716797,16.28771209716797,15.316291809082031,0.9714202880859375,1,15.872674942016602,17.194602966308594,0,,0,0.7980177998542786,1,,0.6008205711841583,1,
SIHDR_172,SIHDR_172_e02.jpg,160,2,train,15.872674942016602,16.28771209716797,15.311802864074707,0.9759092330932617,1,15.872674942016602,17.194602966308594,0,,0,0.7780675292015076,1,,0.6008205711841583,1,
SIHDR_172,SIHDR_172_e03.jpg,160,3,train,15.287712097167969,16.28771209716797,15.397913932800293,0.8897981643676758,1,15.872674942016602,17.194602966308594,0,,0,0.7490447759628296,1,,0.6008205711841583,1,
SIHDR_172,SIHDR_172_e04.jpg,160,4,train,14.287712097167969,16.28771209716797,15.199565887451172,1.0881462097167969,1,15.872674942016602,17.194602966308594,0,,0,0.7125522494316101,1,,0.6008205711841583,1,
SIHDR_172,SIHDR_172_e05.jpg,160,5,train,13.287712097167969,16.28771209716797,15.025296211242676,1.262415885925293,1,15.872674942016602,17.194602966308594,0,,0,0.6563625335693359,1,,0.6008205711841583,1,
SIHDR_172,SIHDR_172_e06.jpg,160,6,train,12.287712097167969,16.28771209716797,14.671565055847168,1.6161470413208008,1,15.872674942016602,17.194602966308594,0,,0,0.5867390632629395,1,,0.6008205711841583,0,
SIHDR_172,SIHDR_172_e07.jpg,160,7,train,11.287712097167969,16.28771209716797,14.625593185424805,1.662118911743164,1,15.872674942016602,17.194602966308594,0,,0,0.5484007000923157,1,,0.6008205711841583,0,
SIHDR_172,SIHDR_172_e08.jpg,160,8,train,10.287712097167969,16.28771209716797,14.900397300720215,1.387314796447754,1,15.872674942016602,17.194602966308594,0,,0,0.5267369151115417,1,,0.6008205711841583,0,
SIHDR_172,SIHDR_172_e09.jpg,160,9,train,9.38082218170166,16.28771209716797,14.948766708374023,1.3389453887939453,1,15.872674942016602,17.194602966308594,0,,0,0.5186346173286438,1,,0.6008205711841583,0,
SIHDR_172,SIHDR_172_e10.jpg,160,10,train,8.38082218170166,16.28771209716797,15.02358341217041,1.2641286849975586,1,15.872674942016602,17.194602966308594,0,,0,0.5138928294181824,1,,0.6008205711841583,0,
SIHDR_172,SIHDR_172_e11.jpg,160,11,train,7.380821704864502,16.28771209716797,14.831597328186035,1.4561147689819336,1,15.872674942016602,17.194602966308594,0,,0,0.5159838199615479,1,,0.6008205711841583,0,
SIHDR_172,SIHDR_172_e12.jpg,160,12,train,6.321928024291992,16.28771209716797,14.38425350189209,1.903458595275879,1,15.872674942016602,17.194602966308594,0,,0,0.5219064950942993,1,,0.6008205711841583,0,
SIHDR_172,SIHDR_172_e13.jpg,160,13,train,5.321928024291992,16.28771209716797,13.921401023864746,2.3663110733032227,1,15.872674942016602,17.194602966308594,0,,0,0.5286955237388611,1,,0.6008205711841583,0,
SIHDR_172,SIHDR_172_e14.jpg,160,14,train,4.321928024291992,16.28771209716797,13.437935829162598,2.849776268005371,1,15.872674942016602,17.194602966308594,0,,0,0.5357664823532104,1,,0.6008205711841583,0,
SIHDR_173,SIHDR_173_e00.jpg,161,0,train,17.194602966308594,16.28771209716797,15.788844108581543,0.4988679885864258,1,15.872674942016602,17.194602966308594,0,,0,0.6975802183151245,1,,0.6008205711841583,1,
SIHDR_173,SIHDR_173_e01.jpg,161,1,train,16.28771209716797,16.28771209716797,15.854223251342773,0.4334888458251953,1,15.872674942016602,17.194602966308594,0,,0,0.6365518569946289,1,,0.6008205711841583,1,
SIHDR_173,SIHDR_173_e02.jpg,161,2,train,15.872674942016602,16.28771209716797,15.923669815063477,0.3640422821044922,1,15.872674942016602,17.194602966308594,1,,0,0.6114994883537292,1,,0.6008205711841583,1,
SIHDR_173,SIHDR_173_e03.jpg,161,3,train,15.287712097167969,16.28771209716797,16.013410568237305,0.27430152893066406,1,15.872674942016602,17.194602966308594,1,,0,0.5793963670730591,1,,0.6008205711841583,0,
SIHDR_173,SIHDR_173_e04.jpg,161,4,train,14.287712097167969,16.28771209716797,15.77766227722168,0.5100498199462891,1,15.872674942016602,17.194602966308594,0,,0,0.5448642373085022,1,,0.6008205711841583,0,
SIHDR_173,SIHDR_173_e05.jpg,161,5,train,13.287712097167969,16.28771209716797,15.368393898010254,0.9193181991577148,1,15.872674942016602,17.194602966308594,0,,0,0.524232804775238,1,,0.6008205711841583,0,
SIHDR_173,SIHDR_173_e06.jpg,161,6,train,12.287712097167969,16.28771209716797,15.522027015686035,0.7656850814819336,1,15.872674942016602,17.194602966308594,0,,0,0.5102449655532837,1,,0.6008205711841583,0,
SIHDR_173,SIHDR_173_e07.jpg,161,7,train,11.287712097167969,16.28771209716797,15.733092308044434,0.5546197891235352,1,15.872674942016602,17.194602966308594,0,,0,0.5018594264984131,1,,0.6008205711841583,0,
SIHDR_173,SIHDR_173_e08.jpg,161,8,train,10.287712097167969,16.28771209716797,15.69709587097168,0.5906162261962891,1,15.872674942016602,17.194602966308594,0,,0,0.5001327395439148,1,,0.6008205711841583,0,
SIHDR_173,SIHDR_173_e09.jpg,161,9,train,9.38082218170166,16.28771209716797,15.530694007873535,0.7570180892944336,1,15.872674942016602,17.194602966308594,0,,0,0.5020464062690735,1,,0.6008205711841583,0,
SIHDR_173,SIHDR_173_e10.jpg,161,10,train,8.38082218170166,16.28771209716797,15.267573356628418,1.0201387405395508,1,15.872674942016602,17.194602966308594,0,,0,0.5061396956443787,1,,0.6008205711841583,0,
SIHDR_173,SIHDR_173_e11.jpg,161,11,train,7.380821704864502,16.28771209716797,14.919814109802246,1.3678979873657227,1,15.872674942016602,17.194602966308594,0,,0,0.5125830769538879,1,,0.6008205711841583,0,
SIHDR_173,SIHDR_173_e12.jpg,161,12,train,6.321928024291992,16.28771209716797,14.431822776794434,1.8558893203735352,1,15.872674942016602,17.194602966308594,0,,0,0.5201687216758728,1,,0.6008205711841583,0,
SIHDR_173,SIHDR_173_e13.jpg,161,13,train,5.321928024291992,16.28771209716797,13.944241523742676,2.343470573425293,1,15.872674942016602,17.194602966308594,0,,0,0.5278443694114685,1,,0.6008205711841583,0,
SIHDR_173,SIHDR_173_e14.jpg,161,14,train,4.321928024291992,16.28771209716797,13.449851036071777,2.8378610610961914,1,15.872674942016602,17.194602966308594,0,,0,0.5353173613548279,1,,0.6008205711841583,0,
SIHDR_174,SIHDR_174_e00.jpg,162,0,test,17.194602966308594,17.194602966308594,17.05369758605957,0.14090538024902344,0,16.28771209716797,17.194602966308594,1,,0,0.5940603017807007,1,,0.6008205711841583,0,
SIHDR_174,SIHDR_174_e01.jpg,162,1,test,16.28771209716797,17.194602966308594,17.18189811706543,0.012704849243164062,0,16.28771209716797,17.194602966308594,1,,0,0.5396252274513245,1,,0.6008205711841583,0,
SIHDR_174,SIHDR_174_e02.jpg,162,2,test,15.872674942016602,17.194602966308594,17.210046768188477,0.015443801879882812,0,16.28771209716797,17.194602966308594,0,,0,0.5199248194694519,1,,0.6008205711841583,0,
SIHDR_174,SIHDR_174_e03.jpg,162,3,test,15.287712097167969,17.194602966308594,17.095293045043945,0.09930992126464844,0,16.28771209716797,17.194602966308594,1,,0,0.5036296248435974,1,,0.6008205711841583,0,
SIHDR_174,SIHDR_174_e04.jpg,162,4,test,14.287712097167969,17.194602966308594,16.961301803588867,0.23330116271972656,0,16.28771209716797,17.194602966308594,1,,0,0.4916227459907532,0,,0.6008205711841583,0,
SIHDR_174,SIHDR_174_e05.jpg,162,5,test,13.287712097167969,17.194602966308594,16.869474411010742,0.32512855529785156,0,16.28771209716797,17.194602966308594,1,,0,0.48660823702812195,0,,0.6008205711841583,0,
SIHDR_174,SIHDR_174_e06.jpg,162,6,test,12.287712097167969,17.194602966308594,16.747591018676758,0.44701194763183594,0,16.28771209716797,17.194602966308594,1,,0,0.48535534739494324,0,,0.6008205711841583,0,
SIHDR_174,SIHDR_174_e07.jpg,162,7,test,11.287712097167969,17.194602966308594,16.485380172729492,0.7092227935791016,0,16.28771209716797,17.194602966308594,1,,0,0.4877941608428955,0,,0.6008205711841583,0,
SIHDR_174,SIHDR_174_e08.jpg,162,8,test,10.287712097167969,17.194602966308594,16.15055274963379,1.0440502166748047,0,16.28771209716797,17.194602966308594,0,,0,0.49216488003730774,0,,0.6008205711841583,0,
SIHDR_174,SIHDR_174_e09.jpg,162,9,test,9.38082218170166,17.194602966308594,15.811174392700195,1.3834285736083984,0,16.28771209716797,17.194602966308594,0,,0,0.49727651476860046,0,,0.6008205711841583,0,
SIHDR_174,SIHDR_174_e10.jpg,162,10,test,8.38082218170166,17.194602966308594,15.415484428405762,1.779118537902832,0,16.28771209716797,17.194602966308594,0,,0,0.5036503672599792,1,,0.6008205711841583,0,
SIHDR_174,SIHDR_174_e11.jpg,162,11,test,7.380821704864502,17.194602966308594,14.9755277633667,2.2190752029418945,0,16.28771209716797,17.194602966308594,0,,0,0.5116060972213745,1,,0.6008205711841583,0,
SIHDR_174,SIHDR_174_e12.jpg,162,12,test,6.321928024291992,17.194602966308594,14.452720642089844,2.74188232421875,0,16.28771209716797,17.194602966308594,0,,0,0.5198115706443787,1,,0.6008205711841583,0,
SIHDR_174,SIHDR_174_e13.jpg,162,13,test,5.321928024291992,17.194602966308594,13.95419979095459,3.240403175354004,0,16.28771209716797,17.194602966308594,0,,0,0.5276694893836975,1,,0.6008205711841583,0,
SIHDR_174,SIHDR_174_e14.jpg,162,14,test,4.321928024291992,17.194602966308594,13.453866958618164,3.7407360076904297,0,16.28771209716797,17.194602966308594,0,,0,0.5352435111999512,1,,0.6008205711841583,0,
SIHDR_175,SIHDR_175_e00.jpg,163,0,train,17.194602966308594,17.194602966308594,15.465171813964844,1.72943115234375,0,16.28771209716797,17.194602966308594,0,,0,0.7149706482887268,1,,0.6008205711841583,1,
SIHDR_175,SIHDR_175_e01.jpg,163,1,train,16.28771209716797,17.194602966308594,15.849686622619629,1.3449163436889648,0,16.28771209716797,17.194602966308594,0,,0,0.657559335231781,1,,0.6008205711841583,1,
SIHDR_175,SIHDR_175_e02.jpg,163,2,train,15.872674942016602,17.194602966308594,16.115123748779297,1.0794792175292969,0,16.28771209716797,17.194602966308594,0,,0,0.6279908418655396,1,,0.6008205711841583,1,
SIHDR_175,SIHDR_175_e03.jpg,163,3,train,15.287712097167969,17.194602966308594,16.140972137451172,1.0536308288574219,0,16.28771209716797,17.194602966308594,0,,0,0.5961971282958984,1,,0.6008205711841583,0,
SIHDR_175,SIHDR_175_e04.jpg,163,4,train,14.287712097167969,17.194602966308594,15.719222068786621,1.4753808975219727,0,16.28771209716797,17.194602966308594,0,,0,0.5504453778266907,1,,0.6008205711841583,0,
SIHDR_175,SIHDR_175_e05.jpg,163,5,train,13.287712097167969,17.194602966308594,15.213295936584473,1.981307029724121,0,16.28771209716797,17.194602966308594,0,,0,0.5193811655044556,1,,0.6008205711841583,0,
SIHDR_175,SIHDR_175_e06.jpg,163,6,train,12.287712097167969,17.194602966308594,14.811023712158203,2.3835792541503906,0,16.28771209716797,17.194602966308594,0,,0,0.5073850154876709,1,,0.6008205711841583,0,
SIHDR_175,SIHDR_175_e07.jpg,163,7,train,11.287712097167969,17.194602966308594,14.504589080810547,2.690013885498047,0,16.28771209716797,17.194602966308594,0,,0,0.5063228607177734,1,,0.6008205711841583,0,
SIHDR_175,SIHDR_175_e08.jpg,163,8,train,10.287712097167969,17.194602966308594,14.626551628112793,2.568051338195801,0,16.28771209716797,17.194602966308594,0,,0,0.5066962838172913,1,,0.6008205711841583,0,
SIHDR_175,SIHDR_175_e09.jpg,163,9,train,9.38082218170166,17.194602966308594,14.820387840270996,2.3742151260375977,0,16.28771209716797,17.194602966308594,0,,0,0.5070340037345886,1,,0.6008205711841583,0,
SIHDR_175,SIHDR_175_e10.jpg,163,10,train,8.38082218170166,17.194602966308594,14.841500282287598,2.353102684020996,0,16.28771209716797,17.194602966308594,0,,0,0.5096635222434998,1,,0.6008205711841583,0,
SIHDR_175,SIHDR_175_e11.jpg,163,11,train,7.380821704864502,17.194602966308594,14.6639986038208,2.530604362487793,0,16.28771209716797,17.194602966308594,0,,0,0.5148869156837463,1,,0.6008205711841583,0,
SIHDR_175,SIHDR_175_e12.jpg,163,12,train,6.321928024291992,17.194602966308594,14.291643142700195,2.9029598236083984,0,16.28771209716797,17.194602966308594,0,,0,0.5215203762054443,1,,0.6008205711841583,0,
SIHDR_175,SIHDR_175_e13.jpg,163,13,train,5.321928024291992,17.194602966308594,13.86566162109375,3.3289413452148438,0,16.28771209716797,17.194602966308594,0,,0,0.52861088514328,1,,0.6008205711841583,0,
SIHDR_175,SIHDR_175_e14.jpg,163,14,train,4.321928024291992,17.194602966308594,13.409414291381836,3.785188674926758,0,16.28771209716797,17.194602966308594,0,,0,0.5357782244682312,1,,0.6008205711841583,0,
SIHDR_176,SIHDR_176_e00.jpg,164,0,validation,17.194602966308594,16.28771209716797,16.715993881225586,0.4282817840576172,1,16.28771209716797,17.194602966308594,1,,0,0.6332923173904419,1,,0.6008205711841583,1,
SIHDR_176,SIHDR_176_e01.jpg,164,1,validation,16.28771209716797,16.28771209716797,16.84391212463379,0.5562000274658203,1,16.28771209716797,17.194602966308594,1,,0,0.5871575474739075,1,,0.6008205711841583,0,
SIHDR_176,SIHDR_176_e02.jpg,164,2,validation,15.872674942016602,16.28771209716797,16.73682975769043,0.44911766052246094,1,16.28771209716797,17.194602966308594,1,,0,0.574678897857666,1,,0.6008205711841583,0,
SIHDR_176,SIHDR_176_e03.jpg,164,3,validation,15.287712097167969,16.28771209716797,16.500139236450195,0.21242713928222656,1,16.28771209716797,17.194602966308594,1,,0,0.5616030693054199,1,,0.6008205711841583,0,
SIHDR_176,SIHDR_176_e04.jpg,164,4,validation,14.287712097167969,16.28771209716797,15.986767768859863,0.30094432830810547,1,16.28771209716797,17.194602966308594,0,,0,0.5459272265434265,1,,0.6008205711841583,0,
SIHDR_176,SIHDR_176_e05.jpg,164,5,validation,13.287712097167969,16.28771209716797,15.686341285705566,0.6013708114624023,1,16.28771209716797,17.194602966308594,0,,0,0.5291423797607422,1,,0.6008205711841583,0,
SIHDR_176,SIHDR_176_e06.jpg,164,6,validation,12.287712097167969,16.28771209716797,15.86084270477295,0.42686939239501953,1,16.28771209716797,17.194602966308594,0,,0,0.5099962949752808,1,,0.6008205711841583,0,
SIHDR_176,SIHDR_176_e07.jpg,164,7,validation,11.287712097167969,16.28771209716797,15.962759971618652,0.3249521255493164,1,16.28771209716797,17.194602966308594,0,,0,0.5008217692375183,1,,0.6008205711841583,0,
SIHDR_176,SIHDR_176_e08.jpg,164,8,validation,10.287712097167969,16.28771209716797,15.806588172912598,0.4811239242553711,1,16.28771209716797,17.194602966308594,0,,0,0.4997580051422119,0,,0.6008205711841583,0,
SIHDR_176,SIHDR_176_e09.jpg,164,9,validation,9.38082218170166,16.28771209716797,15.57241439819336,0.7152976989746094,1,16.28771209716797,17.194602966308594,0,,0,0.5020488500595093,1,,0.6008205711841583,0,
SIHDR_176,SIHDR_176_e10.jpg,164,10,validation,8.38082218170166,16.28771209716797,15.304369926452637,0.983342170715332,1,16.28771209716797,17.194602966308594,0,,0,0.5059976577758789,1,,0.6008205711841583,0,
SIHDR_176,SIHDR_176_e11.jpg,164,11,validation,7.380821704864502,16.28771209716797,14.955757141113281,1.3319549560546875,1,16.28771209716797,17.194602966308594,0,,0,0.5122213363647461,1,,0.6008205711841583,0,
SIHDR_176,SIHDR_176_e12.jpg,164,12,validation,6.321928024291992,16.28771209716797,14.442873001098633,1.844839096069336,1,16.28771209716797,17.194602966308594,0,,0,0.5201027989387512,1,,0.6008205711841583,0,
SIHDR_176,SIHDR_176_e13.jpg,164,13,validation,5.321928024291992,16.28771209716797,13.94921875,2.3384933471679688,1,16.28771209716797,17.194602966308594,0,,0,0.5278159379959106,1,,0.6008205711841583,0,
SIHDR_176,SIHDR_176_e14.jpg,164,14,validation,4.321928024291992,16.28771209716797,13.451507568359375,2.8362045288085938,1,16.28771209716797,17.194602966308594,0,,0,0.5353167653083801,1,,0.6008205711841583,0,
SIHDR_177,SIHDR_177_e00.jpg,165,0,train,17.194602966308594,16.28771209716797,17.222108840942383,0.9343967437744141,1,15.287712097167969,17.194602966308594,0,,0,0.5901415944099426,1,,0.6008205711841583,0,
SIHDR_177,SIHDR_177_e01.jpg,165,1,train,16.28771209716797,16.28771209716797,17.06406593322754,0.7763538360595703,1,15.287712097167969,17.194602966308594,1,,0,0.5523632168769836,1,,0.6008205711841583,0,
SIHDR_177,SIHDR_177_e02.jpg,165,2,train,15.872674942016602,16.28771209716797,16.848783493041992,0.5610713958740234,1,15.287712097167969,17.194602966308594,1,,0,0.5437870621681213,1,,0.6008205711841583,0,
SIHDR_177,SIHDR_177_e03.jpg,165,3,train,15.287712097167969,16.28771209716797,16.53445816040039,0.24674606323242188,1,15.287712097167969,17.194602966308594,1,,0,0.5338074564933777,1,,0.6008205711841583,0,
SIHDR_177,SIHDR_177_e04.jpg,165,4,train,14.287712097167969,16.28771209716797,15.93756103515625,0.35015106201171875,1,15.287712097167969,17.194602966308594,1,,0,0.5215097069740295,1,,0.6008205711841583,0,
SIHDR_177,SIHDR_177_e05.jpg,165,5,train,13.287712097167969,16.28771209716797,15.633668899536133,0.6540431976318359,1,15.287712097167969,17.194602966308594,1,,0,0.5041570067405701,1,,0.6008205711841583,0,
SIHDR_177,SIHDR_177_e06.jpg,165,6,train,12.287712097167969,16.28771209716797,15.792582511901855,0.4951295852661133,1,15.287712097167969,17.194602966308594,1,,0,0.49553751945495605,0,,0.6008205711841583,0,
SIHDR_177,SIHDR_177_e07.jpg,165,7,train,11.287712097167969,16.28771209716797,15.889968872070312,0.39774322509765625,1,15.287712097167969,17.194602966308594,1,,0,0.49398934841156006,0,,0.6008205711841583,0,
SIHDR_177,SIHDR_177_e08.jpg,165,8,train,10.287712097167969,16.28771209716797,15.81435489654541,0.4733572006225586,1,15.287712097167969,17.194602966308594,1,,0,0.49563363194465637,0,,0.6008205711841583,0,
SIHDR_177,SIHDR_177_e09.jpg,165,9,train,9.38082218170166,16.28771209716797,15.625082969665527,0.6626291275024414,1,15.287712097167969,17.194602966308594,1,,0,0.49936148524284363,0,,0.6008205711841583,0,
SIHDR_177,SIHDR_177_e10.jpg,165,10,train,8.38082218170166,16.28771209716797,15.367325782775879,0.9203863143920898,1,15.287712097167969,17.194602966308594,1,,0,0.5040227174758911,1,,0.6008205711841583,0,
SIHDR_177,SIHDR_177_e11.jpg,165,11,train,7.380821704864502,16.28771209716797,14.953356742858887,1.334355354309082,1,15.287712097167969,17.194602966308594,0,,0,0.5117968916893005,1,,0.6008205711841583,0,
SIHDR_177,SIHDR_177_e12.jpg,165,12,train,6.321928024291992,16.28771209716797,14.44141674041748,1.8462953567504883,1,15.287712097167969,17.194602966308594,0,,0,0.5199029445648193,1,,0.6008205711841583,0,
SIHDR_177,SIHDR_177_e13.jpg,165,13,train,5.321928024291992,16.28771209716797,13.948530197143555,2.339181900024414,1,15.287712097167969,17.194602966308594,0,,0,0.5277155041694641,1,,0.6008205711841583,0,
SIHDR_177,SIHDR_177_e14.jpg,165,14,train,4.321928024291992,16.28771209716797,13.451279640197754,2.836432456970215,1,15.287712097167969,17.194602966308594,0,,0,0.5352587699890137,1,,0.6008205711841583,0,
SIHDR_178,SIHDR_178_e00.jpg,166,0,test,17.194602966308594,12.287712097167969,13.568548202514648,1.2808361053466797,1,12.287712097167969,13.287712097167969,0,1,1,0.9897192716598511,1,1,0.6008205711841583,1,1
SIHDR_178,SIHDR_178_e01.jpg,166,1,test,16.28771209716797,12.287712097167969,13.449426651000977,1.1617145538330078,1,12.287712097167969,13.287712097167969,0,1,1,0.9864745736122131,1,1,0.6008205711841583,1,1
SIHDR_178,SIHDR_178_e02.jpg,166,2,test,15.872674942016602,12.287712097167969,13.251404762268066,0.9636926651000977,1,12.287712097167969,13.287712097167969,1,1,1,0.9835130572319031,1,1,0.6008205711841583,1,1
SIHDR_178,SIHDR_178_e03.jpg,166,3,test,15.287712097167969,12.287712097167969,13.406861305236816,1.1191492080688477,1,12.287712097167969,13.287712097167969,0,1,1,0.9739474058151245,1,1,0.6008205711841583,1,1
SIHDR_178,SIHDR_178_e04.jpg,166,4,test,14.287712097167969,12.287712097167969,13.565869331359863,1.2781572341918945,1,12.287712097167969,13.287712097167969,0,1,1,0.9306374788284302,1,1,0.6008205711841583,1,1
SIHDR_178,SIHDR_178_e05.jpg,166,5,test,13.287712097167969,12.287712097167969,13.211804389953613,0.9240922927856445,1,12.287712097167969,13.287712097167969,1,1,1,0.8426190614700317,1,1,0.6008205711841583,1,1
SIHDR_178,SIHDR_178_e06.jpg,166,6,test,12.287712097167969,12.287712097167969,13.076260566711426,0.788548469543457,1,12.287712097167969,13.287712097167969,1,1,1,0.7225190997123718,1,1,0.6008205711841583,1,1
SIHDR_178,SIHDR_178_e07.jpg,166,7,test,11.287712097167969,12.287712097167969,12.463053703308105,0.17534160614013672,1,12.287712097167969,13.287712097167969,1,1,1,0.6541253328323364,1,1,0.6008205711841583,1,1
SIHDR_178,SIHDR_178_e08.jpg,166,8,test,10.287712097167969,12.287712097167969,12.604837417602539,0.3171253204345703,1,12.287712097167969,13.287712097167969,1,1,1,0.5865545272827148,1,1,0.6008205711841583,0,0
SIHDR_178,SIHDR_178_e09.jpg,166,9,test,9.38082218170166,12.287712097167969,12.897314071655273,0.6096019744873047,1,12.287712097167969,13.287712097167969,1,1,1,0.55573570728302,1,1,0.6008205711841583,0,0
SIHDR_178,SIHDR_178_e10.jpg,166,10,test,8.38082218170166,12.287712097167969,14.28774642944336,2.0000343322753906,1,12.287712097167969,13.287712097167969,0,1,1,0.5270773768424988,1,1,0.6008205711841583,0,0
SIHDR_178,SIHDR_178_e11.jpg,166,11,test,7.380821704864502,12.287712097167969,14.53410530090332,2.2463932037353516,1,12.287712097167969,13.287712097167969,0,1,1,0.5215196013450623,1,1,0.6008205711841583,0,0
SIHDR_178,SIHDR_178_e12.jpg,166,12,test,6.321928024291992,12.287712097167969,14.269031524658203,1.9813194274902344,1,12.287712097167969,13.287712097167969,0,1,1,0.5241789221763611,1,1,0.6008205711841583,0,0
SIHDR_178,SIHDR_178_e13.jpg,166,13,test,5.321928024291992,12.287712097167969,13.868121147155762,1.580409049987793,1,12.287712097167969,13.287712097167969,0,1,1,0.5297714471817017,1,1,0.6008205711841583,0,0
SIHDR_178,SIHDR_178_e14.jpg,166,14,test,4.321928024291992,12.287712097167969,13.41186809539795,1.1241559982299805,1,12.287712097167969,13.287712097167969,0,1,1,0.5362561345100403,1,1,0.6008205711841583,0,0
SIHDR_179,SIHDR_179_e00.jpg,167,0,train,17.194602966308594,13.287712097167969,12.29386043548584,0.9938516616821289,1,12.287712097167969,13.287712097167969,1,1,1,0.9899922013282776,1,1,0.6008205711841583,1,1
SIHDR_179,SIHDR_179_e01.jpg,167,1,train,16.28771209716797,13.287712097167969,13.143856048583984,0.14385604858398438,1,12.287712097167969,13.287712097167969,1,1,1,0.9838775396347046,1,1,0.6008205711841583,1,1
SIHDR_179,SIHDR_179_e02.jpg,167,2,train,15.872674942016602,13.287712097167969,13.409214973449707,0.12150287628173828,1,12.287712097167969,13.287712097167969,0,1,1,0.9794267416000366,1,1,0.6008205711841583,1,1
SIHDR_179,SIHDR_179_e03.jpg,167,3,train,15.287712097167969,13.287712097167969,13.568572044372559,0.28085994720458984,1,12.287712097167969,13.287712097167969,0,1,1,0.9654341340065002,1,1,0.6008205711841583,1,1
SIHDR_179,SIHDR_179_e04.jpg,167,4,train,14.287712097167969,13.287712097167969,13.4083890914917,0.12067699432373047,1,12.287712097167969,13.287712097167969,0,1,1,0.9006662964820862,1,1,0.6008205711841583,1,1
SIHDR_179,SIHDR_179_e05.jpg,167,5,train,13.287712097167969,13.287712097167969,13.07870101928711,0.20901107788085938,1,12.287712097167969,13.287712097167969,1,1,1,0.8157825469970703,1,1,0.6008205711841583,1,1
SIHDR_179,SIHDR_179_e06.jpg,167,6,train,12.287712097167969,13.287712097167969,13.013233184814453,0.2744789123535156,1,12.287712097167969,13.287712097167969,1,1,1,0.6984069347381592,1,1,0.6008205711841583,1,1
SIHDR_179,SIHDR_179_e07.jpg,167,7,train,11.287712097167969,13.287712097167969,12.50583553314209,0.7818765640258789,1,12.287712097167969,13.287712097167969,1,1,1,0.6337988972663879,1,1,0.6008205711841583,1,1
SIHDR_179,SIHDR_179_e08.jpg,167,8,train,10.287712097167969,13.287712097167969,12.94542407989502,0.3422880172729492,1,12.287712097167969,13.287712097167969,1,1,1,0.5692662000656128,1,1,0.6008205711841583,0,0
SIHDR_179,SIHDR_179_e09.jpg,167,9,train,9.38082218170166,13.287712097167969,13.727968215942383,0.44025611877441406,1,12.287712097167969,13.287712097167969,0,1,1,0.5382049679756165,1,1,0.6008205711841583,0,0
SIHDR_179,SIHDR_179_e10.jpg,167,10,train,8.38082218170166,13.287712097167969,14.470273971557617,1.1825618743896484,1,12.287712097167969,13.287712097167969,0,1,1,0.5231643915176392,1,1,0.6008205711841583,0,0
SIHDR_179,SIHDR_179_e11.jpg,167,11,train,7.380821704864502,13.287712097167969,14.631669044494629,1.3439569473266602,1,12.287712097167969,13.287712097167969,0,1,1,0.5194799304008484,1,1,0.6008205711841583,0,0
SIHDR_179,SIHDR_179_e12.jpg,167,12,train,6.321928024291992,13.287712097167969,14.304213523864746,1.0165014266967773,1,12.287712097167969,13.287712097167969,0,1,1,0.5233495831489563,1,1,0.6008205711841583,0,0
SIHDR_179,SIHDR_179_e13.jpg,167,13,train,5.321928024291992,13.287712097167969,13.881633758544922,0.5939216613769531,1,12.287712097167969,13.287712097167969,0,1,1,0.5294135212898254,1,1,0.6008205711841583,0,0
SIHDR_179,SIHDR_179_e14.jpg,167,14,train,4.321928024291992,13.287712097167969,13.418132781982422,0.13042068481445312,1,12.287712097167969,13.287712097167969,0,1,1,0.5360943078994751,1,1,0.6008205711841583,0,0
SIHDR_180,SIHDR_180_e00.jpg,168,0,validation,17.194602966308594,13.287712097167969,13.460654258728027,0.1729421615600586,1,12.287712097167969,13.287712097167969,0,1,1,0.9876917004585266,1,1,0.6008205711841583,1,1
SIHDR_180,SIHDR_180_e01.jpg,168,1,validation,16.28771209716797,13.287712097167969,14.014155387878418,0.7264432907104492,1,12.287712097167969,13.287712097167969,0,1,1,0.9767544865608215,1,1,0.6008205711841583,1,1
SIHDR_180,SIHDR_180_e02.jpg,168,2,validation,15.872674942016602,13.287712097167969,14.234474182128906,0.9467620849609375,1,12.287712097167969,13.287712097167969,0,1,1,0.9707294702529907,1,1,0.6008205711841583,1,1
SIHDR_180,SIHDR_180_e03.jpg,168,3,validation,15.287712097167969,13.287712097167969,14.290899276733398,1.0031871795654297,1,12.287712097167969,13.287712097167969,0,1,1,0.9535831212997437,1,1,0.6008205711841583,1,1
SIHDR_180,SIHDR_180_e04.jpg,168,4,validation,14.287712097167969,13.287712097167969,13.769026756286621,0.48131465911865234,1,12.287712097167969,13.287712097167969,0,1,1,0.8836988210678101,1,1,0.6008205711841583,1,1
SIHDR_180,SIHDR_180_e05.jpg,168,5,validation,13.287712097167969,13.287712097167969,13.307740211486816,0.020028114318847656,1,12.287712097167969,13.287712097167969,0,1,1,0.7861723899841309,1,1,0.6008205711841583,1,1
SIHDR_180,SIHDR_180_e06.jpg,168,6,validation,12.287712097167969,13.287712097167969,13.058691024780273,0.2290210723876953,1,12.287712097167969,13.287712097167969,1,1,1,0.6838045716285706,1,1,0.6008205711841583,1,1
SIHDR_180,SIHDR_180_e07.jpg,168,7,validation,11.287712097167969,13.287712097167969,12.652653694152832,0.6350584030151367,1,12.287712097167969,13.287712097167969,1,1,1,0.6217661499977112,1,1,0.6008205711841583,1,1
SIHDR_180,SIHDR_180_e08.jpg,168,8,validation,10.287712097167969,13.287712097167969,13.077120780944824,0.21059131622314453,1,12.287712097167969,13.287712097167969,1,1,1,0.5608382225036621,1,1,0.6008205711841583,0,0
SIHDR_180,SIHDR_180_e09.jpg,168,9,validation,9.38082218170166,13.287712097167969,13.854121208190918,0.5664091110229492,1,12.287712097167969,13.287712097167969,0,1,1,0.5348226428031921,1,1,0.6008205711841583,0,0
SIHDR_180,SIHDR_180_e10.jpg,168,10,validation,8.38082218170166,13.287712097167969,14.489521026611328,1.2018089294433594,1,12.287712097167969,13.287712097167969,0,1,1,0.5205793380737305,1,1,0.6008205711841583,0,0
SIHDR_180,SIHDR_180_e11.jpg,168,11,validation,7.380821704864502,13.287712097167969,14.55764102935791,1.2699289321899414,1,12.287712097167969,13.287712097167969,0,1,1,0.5190653800964355,1,1,0.6008205711841583,0,0
SIHDR_180,SIHDR_180_e12.jpg,168,12,validation,6.321928024291992,13.287712097167969,14.264984130859375,0.9772720336914062,1,12.287712097167969,13.287712097167969,0,1,1,0.5231276750564575,1,1,0.6008205711841583,0,0
SIHDR_180,SIHDR_180_e13.jpg,168,13,validation,5.321928024291992,13.287712097167969,13.857239723205566,0.5695276260375977,1,12.287712097167969,13.287712097167969,0,1,1,0.5293658971786499,1,1,0.6008205711841583,0,0
SIHDR_180,SIHDR_180_e14.jpg,168,14,validation,4.321928024291992,13.287712097167969,13.40279483795166,0.1150827407836914,1,12.287712097167969,13.287712097167969,0,1,1,0.5360932946205139,1,1,0.6008205711841583,0,0
SIHDR_181,SIHDR_181_e00.jpg,169,0,train,17.194602966308594,11.287712097167969,12.089871406555176,0.802159309387207,1,11.287712097167969,11.287712097167969,0,1,1,0.9886919260025024,1,1,0.6008205711841583,1,1
SIHDR_181,SIHDR_181_e01.jpg,169,1,train,16.28771209716797,11.287712097167969,11.989713668823242,0.7020015716552734,1,11.287712097167969,11.287712097167969,0,1,1,0.9826814532279968,1,1,0.6008205711841583,1,1
SIHDR_181,SIHDR_181_e02.jpg,169,2,train,15.872674942016602,11.287712097167969,11.923243522644043,0.6355314254760742,1,11.287712097167969,11.287712097167969,0,1,1,0.9767119884490967,1,1,0.6008205711841583,1,1
SIHDR_181,SIHDR_181_e03.jpg,169,3,train,15.287712097167969,11.287712097167969,11.886919975280762,0.599207878112793,1,11.287712097167969,11.287712097167969,0,1,1,0.9617553353309631,1,1,0.6008205711841583,1,1
SIHDR_181,SIHDR_181_e04.jpg,169,4,train,14.287712097167969,11.287712097167969,11.750060081481934,0.46234798431396484,1,11.287712097167969,11.287712097167969,0,1,1,0.9081244468688965,1,1,0.6008205711841583,1,1
SIHDR_181,SIHDR_181_e05.jpg,169,5,train,13.287712097167969,11.287712097167969,11.726560592651367,0.43884849548339844,1,11.287712097167969,11.287712097167969,0,1,1,0.8124388456344604,1,1,0.6008205711841583,1,1
SIHDR_181,SIHDR_181_e06.jpg,169,6,train,12.287712097167969,11.287712097167969,11.976574897766113,0.6888628005981445,1,11.287712097167969,11.287712097167969,0,1,1,0.7148026823997498,1,1,0.6008205711841583,1,1
SIHDR_181,SIHDR_181_e07.jpg,169,7,train,11.287712097167969,11.287712097167969,12.183206558227539,0.8954944610595703,1,11.287712097167969,11.287712097167969,0,1,1,0.6331846117973328,1,1,0.6008205711841583,1,1
SIHDR_181,SIHDR_181_e08.jpg,169,8,train,10.287712097167969,11.287712097167969,12.082844734191895,0.7951326370239258,1,11.287712097167969,11.287712097167969,0,1,1,0.5893657803535461,1,1,0.6008205711841583,0,0
SIHDR_181,SIHDR_181_e09.jpg,169,9,train,9.38082218170166,11.287712097167969,12.100942611694336,0.8132305145263672,1,11.287712097167969,11.287712097167969,0,1,1,0.5617539882659912,1,1,0.6008205711841583,0,0
SIHDR_181,SIHDR_181_e10.jpg,169,10,train,8.38082218170166,11.287712097167969,12.633465766906738,1.3457536697387695,1,11.287712097167969,11.287712097167969,0,1,1,0.5423096418380737,1,1,0.6008205711841583,0,0
SIHDR_181,SIHDR_181_e11.jpg,169,11,train,7.380821704864502,11.287712097167969,13.41064739227295,2.1229352951049805,1,11.287712097167969,11.287712097167969,0,1,1,0.5336968898773193,1,1,0.6008205711841583,0,0
SIHDR_181,SIHDR_181_e12.jpg,169,12,train,6.321928024291992,11.287712097167969,14.164420127868652,2.8767080307006836,1,11.287712097167969,11.287712097167969,0,1,1,0.5233497023582458,1,1,0.6008205711841583,0,0
SIHDR_181,SIHDR_181_e13.jpg,169,13,train,5.321928024291992,11.287712097167969,13.810884475708008,2.523172378540039,1,11.287712097167969,11.287712097167969,0,1,1,0.5293974876403809,1,1,0.6008205711841583,0,0
SIHDR_181,SIHDR_181_e14.jpg,169,14,train,4.321928024291992,11.287712097167969,13.381464004516602,2.093751907348633,1,11.287712097167969,11.287712097167969,0,1,1,0.5361049771308899,1,1,0.6008205711841583,0,0
SIHDR_182,SIHDR_182_e00.jpg,170,0,test,17.194602966308594,11.287712097167969,11.517935752868652,0.2302236557006836,1,11.287712097167969,11.287712097167969,0,1,1,0.9934418201446533,1,1,0.6008205711841583,1,1
SIHDR_182,SIHDR_182_e01.jpg,170,1,test,16.28771209716797,11.287712097167969,11.935791015625,0.6480789184570312,1,11.287712097167969,11.287712097167969,0,1,1,0.9908108711242676,1,1,0.6008205711841583,1,1
SIHDR_182,SIHDR_182_e02.jpg,170,2,test,15.872674942016602,11.287712097167969,11.955460548400879,0.6677484512329102,1,11.287712097167969,11.287712097167969,0,1,1,0.9893671870231628,1,1,0.6008205711841583,1,1
SIHDR_182,SIHDR_182_e03.jpg,170,3,test,15.287712097167969,11.287712097167969,11.911027908325195,0.6233158111572266,1,11.287712097167969,11.287712097167969,0,1,1,0.9870707392692566,1,1,0.6008205711841583,1,1
SIHDR_182,SIHDR_182_e04.jpg,170,4,test,14.287712097167969,11.287712097167969,12.024669647216797,0.7369575500488281,1,11.287712097167969,11.287712097167969,0,1,1,0.9773926138877869,1,1,0.6008205711841583,1,1
SIHDR_182,SIHDR_182_e05.jpg,170,5,test,13.287712097167969,11.287712097167969,12.348758697509766,1.0610466003417969,1,11.287712097167969,11.287712097167969,0,1,1,0.9470391869544983,1,1,0.6008205711841583,1,1
SIHDR_182,SIHDR_182_e06.jpg,170,6,test,12.287712097167969,11.287712097167969,11.778096199035645,0.4903841018676758,1,11.287712097167969,11.287712097167969,0,1,1,0.8737122416496277,1,1,0.6008205711841583,1,1
SIHDR_182,SIHDR_182_e07.jpg,170,7,test,11.287712097167969,11.287712097167969,11.715319633483887,0.42760753631591797,1,11.287712097167969,11.287712097167969,0,1,1,0.7541266083717346,1,1,0.6008205711841583,1,1
SIHDR_182,SIHDR_182_e08.jpg,170,8,test,10.287712097167969,11.287712097167969,11.739831924438477,0.4521198272705078,1,11.287712097167969,11.287712097167969,0,1,1,0.6600624322891235,1,1,0.6008205711841583,1,1
SIHDR_182,SIHDR_182_e09.jpg,170,9,test,9.38082218170166,11.287712097167969,11.543103218078613,0.25539112091064453,1,11.287712097167969,11.287712097167969,0,1,1,0.6090289354324341,1,1,0.6008205711841583,1,1
SIHDR_182,SIHDR_182_e10.jpg,170,10,test,8.38082218170166,11.287712097167969,11.497431755065918,0.20971965789794922,1,11.287712097167969,11.287712097167969,0,1,1,0.5764736533164978,1,1,0.6008205711841583,0,0
SIHDR_182,SIHDR_182_e11.jpg,170,11,test,7.380821704864502,11.287712097167969,12.923251152038574,1.6355390548706055,1,11.287712097167969,11.287712097167969,0,1,1,0.5494180917739868,1,1,0.6008205711841583,0,0
SIHDR_182,SIHDR_182_e12.jpg,170,12,test,6.321928024291992,11.287712097167969,14.067516326904297,2.779804229736328,1,11.287712097167969,11.287712097167969,0,1,1,0.5292963981628418,1,1,0.6008205711841583,0,0
SIHDR_182,SIHDR_182_e13.jpg,170,13,test,5.321928024291992,11.287712097167969,13.767293930053711,2.479581832885742,1,11.287712097167969,11.287712097167969,0,1,1,0.5322758555412292,1,1,0.6008205711841583,0,0
SIHDR_182,SIHDR_182_e14.jpg,170,14,test,4.321928024291992,11.287712097167969,13.359764099121094,2.072052001953125,1,11.287712097167969,11.287712097167969,0,1,1,0.5375603437423706,1,1,0.6008205711841583,0,0
SIHDR_183,SIHDR_183_e00.jpg,171,0,train,17.194602966308594,12.287712097167969,11.279610633850098,1.008101463317871,1,12.287712097167969,13.287712097167969,0,0,1,0.9931095838546753,1,0,0.6008205711841583,1,0
SIHDR_183,SIHDR_183_e01.jpg,171,1,train,16.28771209716797,12.287712097167969,11.254183769226074,1.0335283279418945,1,12.287712097167969,13.287712097167969,0,0,1,0.991041362285614,1,0,0.6008205711841583,1,0
SIHDR_183,SIHDR_183_e02.jpg,171,2,train,15.872674942016602,12.287712097167969,11.357795715332031,0.9299163818359375,1,12.287712097167969,13.287712097167969,0,0,1,0.9888226985931396,1,0,0.6008205711841583,1,0
SIHDR_183,SIHDR_183_e03.jpg,171,3,train,15.287712097167969,12.287712097167969,12.226850509643555,0.06086158752441406,1,12.287712097167969,13.287712097167969,0,0,1,0.9781848192214966,1,0,0.6008205711841583,1,0
SIHDR_183,SIHDR_183_e04.jpg,171,4,train,14.287712097167969,12.287712097167969,13.028519630432129,0.7408075332641602,1,12.287712097167969,13.287712097167969,1,0,1,0.9204117655754089,1,0,0.6008205711841583,1,0
SIHDR_183,SIHDR_183_e05.jpg,171,5,train,13.287712097167969,12.287712097167969,12.740195274353027,0.4524831771850586,1,12.287712097167969,13.287712097167969,1,0,1,0.801009476184845,1,0,0.6008205711841583,1,0
SIHDR_183,SIHDR_183_e06.jpg,171,6,train,12.287712097167969,12.287712097167969,12.489781379699707,0.20206928253173828,1,12.287712097167969,13.287712097167969,1,0,1,0.695770800113678,1,0,0.6008205711841583,1,0
SIHDR_183,SIHDR_183_e07.jpg,171,7,train,11.287712097167969,12.287712097167969,11.734089851379395,0.5536222457885742,1,12.287712097167969,13.287712097167969,0,0,1,0.6421411633491516,1,0,0.6008205711841583,1,0
SIHDR_183,SIHDR_183_e08.jpg,171,8,train,10.287712097167969,12.287712097167969,11.883997917175293,0.4037141799926758,1,12.287712097167969,13.287712097167969,0,0,1,0.5946142673492432,1,0,0.6008205711841583,0,1
SIHDR_183,SIHDR_183_e09.jpg,171,9,train,9.38082218170166,12.287712097167969,13.460867881774902,1.1731557846069336,1,12.287712097167969,13.287712097167969,0,0,1,0.5396561026573181,1,0,0.6008205711841583,0,1
SIHDR_183,SIHDR_183_e10.jpg,171,10,train,8.38082218170166,12.287712097167969,14.793381690979004,2.505669593811035,1,12.287712097167969,13.287712097167969,0,0,1,0.516757071018219,1,0,0.6008205711841583,0,1
SIHDR_183,SIHDR_183_e11.jpg,171,11,train,7.380821704864502,12.287712097167969,14.655792236328125,2.3680801391601562,1,12.287712097167969,13.287712097167969,0,0,1,0.5183724761009216,1,0,0.6008205711841583,0,1
SIHDR_183,SIHDR_183_e12.jpg,171,12,train,6.321928024291992,12.287712097167969,14.292923927307129,2.00521183013916,1,12.287712097167969,13.287712097167969,0,0,1,0.5230953693389893,1,0,0.6008205711841583,0,1
SIHDR_183,SIHDR_183_e13.jpg,171,13,train,5.321928024291992,12.287712097167969,13.870945930480957,1.5832338333129883,1,12.287712097167969,13.287712097167969,0,0,1,0.5293164849281311,1,0,0.6008205711841583,0,1
SIHDR_183,SIHDR_183_e14.jpg,171,14,train,4.321928024291992,12.287712097167969,13.411079406738281,1.1233673095703125,1,12.287712097167969,13.287712097167969,0,0,1,0.5360657572746277,1,0,0.6008205711841583,0,1
SIHDR_184,SIHDR_184_e00.jpg,172,0,train,17.194602966308594,15.872674942016602,14.276145935058594,1.5965290069580078,1,15.287712097167969,17.194602966308594,0,,0,0.9115577340126038,1,,0.6008205711841583,1,
SIHDR_184,SIHDR_184_e01.jpg,172,1,train,16.28771209716797,15.872674942016602,14.589009284973145,1.283665657043457,1,15.287712097167969,17.194602966308594,0,,0,0.8175347447395325,1,,0.6008205711841583,1,
SIHDR_184,SIHDR_184_e02.jpg,172,2,train,15.872674942016602,15.872674942016602,14.77780532836914,1.094869613647461,1,15.287712097167969,17.194602966308594,0,,0,0.7600908279418945,1,,0.6008205711841583,1,
SIHDR_184,SIHDR_184_e03.jpg,172,3,train,15.287712097167969,15.872674942016602,14.630242347717285,1.2424325942993164,1,15.287712097167969,17.194602966308594,0,,0,0.720982551574707,1,,0.6008205711841583,1,
SIHDR_184,SIHDR_184_e04.jpg,172,4,train,14.287712097167969,15.872674942016602,14.215350151062012,1.6573247909545898,1,15.287712097167969,17.194602966308594,0,,0,0.6640772819519043,1,,0.6008205711841583,1,
SIHDR_184,SIHDR_184_e05.jpg,172,5,train,13.287712097167969,15.872674942016602,14.755656242370605,1.117018699645996,1,15.287712097167969,17.194602966308594,0,,0,0.6067878603935242,1,,0.6008205711841583,1,
SIHDR_184,SIHDR_184_e06.jpg,172,6,train,12.287712097167969,15.872674942016602,15.53007984161377,0.34259510040283203,1,15.287712097167969,17.194602966308594,1,,0,0.5518894791603088,1,,0.6008205711841583,0,
SIHDR_184,SIHDR_184_e07.jpg,172,7,train,11.287712097167969,15.872674942016602,14.956025123596191,0.9166498184204102,1,15.287712097167969,17.194602966308594,0,,0,0.5437497496604919,1,,0.6008205711841583,0,
SIHDR_184,SIHDR_184_e08.jpg,172,8,train,10.287712097167969,15.872674942016602,14.314715385437012,1.5579595565795898,1,15.287712097167969,17.194602966308594,0,,0,0.5379817485809326,1,,0.6008205711841583,0,
SIHDR_184,SIHDR_184_e09.jpg,172,9,train,9.38082218170166,15.872674942016602,14.100754737854004,1.7719202041625977,1,15.287712097167969,17.194602966308594,0,,0,0.5325246453285217,1,,0.6008205711841583,0,
SIHDR_184,SIHDR_184_e10.jpg,172,10,train,8.38082218170166,15.872674942016602,14.241216659545898,1.6314582824707031,1,15.287712097167969,17.194602966308594,0,,0,0.5234124660491943,1,,0.6008205711841583,0,
SIHDR_184,SIHDR_184_e11.jpg,172,11,train,7.380821704864502,15.872674942016602,14.198434829711914,1.6742401123046875,1,15.287712097167969,17.194602966308594,0,,0,0.523247480392456,1,,0.6008205711841583,0,
SIHDR_184,SIHDR_184_e12.jpg,172,12,train,6.321928024291992,15.872674942016602,13.981646537780762,1.8910284042358398,1,15.287712097167969,17.194602966308594,0,,0,0.526597797870636,1,,0.6008205711841583,0,
SIHDR_184,SIHDR_184_e13.jpg,172,13,train,5.321928024291992,15.872674942016602,13.647011756896973,2.225663185119629,1,15.287712097167969,17.194602966308594,0,,0,0.5320151448249817,1,,0.6008205711841583,0,
SIHDR_184,SIHDR_184_e14.jpg,172,14,train,4.321928024291992,15.872674942016602,13.331718444824219,2.540956497192383,1,15.287712097167969,17.194602966308594,0,,0,0.5370160937309265,1,,0.6008205711841583,0,
SIHDR_185,SIHDR_185_e00.jpg,173,0,train,17.194602966308594,15.287712097167969,15.841104507446289,0.5533924102783203,1,13.287712097167969,16.28771209716797,1,1,1,0.8915117979049683,1,1,0.6008205711841583,1,1
SIHDR_185,SIHDR_185_e01.jpg,173,1,train,16.28771209716797,15.287712097167969,15.904603958129883,0.6168918609619141,1,13.287712097167969,16.28771209716797,1,1,1,0.8459383249282837,1,1,0.6008205711841583,1,1
SIHDR_185,SIHDR_185_e02.jpg,173,2,train,15.872674942016602,15.287712097167969,15.644182205200195,0.35647010803222656,1,13.287712097167969,16.28771209716797,1,1,1,0.8300209641456604,1,1,0.6008205711841583,1,1
SIHDR_185,SIHDR_185_e03.jpg,173,3,train,15.287712097167969,15.287712097167969,15.254563331604004,0.033148765563964844,1,13.287712097167969,16.28771209716797,1,1,1,0.8163824677467346,1,1,0.6008205711841583,1,1
SIHDR_185,SIHDR_185_e04.jpg,173,4,train,14.287712097167969,15.287712097167969,15.109450340270996,0.17826175689697266,1,13.287712097167969,16.28771209716797,1,1,1,0.7896010875701904,1,1,0.6008205711841583,1,1
SIHDR_185,SIHDR_185_e05.jpg,173,5,train,13.287712097167969,15.287712097167969,15.334247589111328,0.046535491943359375,1,13.287712097167969,16.28771209716797,1,1,1,0.7539978623390198,1,1,0.6008205711841583,1,1
SIHDR_185,SIHDR_185_e06.jpg,173,6,train,12.287712097167969,15.287712097167969,14.807475090026855,0.4802370071411133,1,13.287712097167969,16.28771209716797,1,1,1,0.7279865145683289,1,1,0.6008205711841583,1,1
SIHDR_185,SIHDR_185_e07.jpg,173,7,train,11.287712097167969,15.287712097167969,14.066715240478516,1.2209968566894531,1,13.287712097167969,16.28771209716797,1,1,1,0.6633920073509216,1,1,0.6008205711841583,1,1
SIHDR_185,SIHDR_185_e08.jpg,173,8,train,10.287712097167969,15.287712097167969,13.48483943939209,1.802872657775879,1,13.287712097167969,16.28771209716797,1,1,1,0.5923100709915161,1,1,0.6008205711841583,0,0
SIHDR_185,SIHDR_185_e09.jpg,173,9,train,9.38082218170166,15.287712097167969,13.705338478088379,1.5823736190795898,1,13.287712097167969,16.28771209716797,1,1,1,0.5616178512573242,1,1,0.6008205711841583,0,0
SIHDR_185,SIHDR_185_e10.jpg,173,10,train,8.38082218170166,15.287712097167969,13.915091514587402,1.3726205825805664,1,13.287712097167969,16.28771209716797,1,1,1,0.539645791053772,1,1,0.6008205711841583,0,0
SIHDR_185,SIHDR_185_e11.jpg,173,11,train,7.380821704864502,15.287712097167969,13.790276527404785,1.4974355697631836,1,13.287712097167969,16.28771209716797,1,1,1,0.5369353890419006,1,1,0.6008205711841583,0,0
SIHDR_185,SIHDR_185_e12.jpg,173,12,train,6.321928024291992,15.287712097167969,14.28402042388916,1.0036916732788086,1,13.287712097167969,16.28771209716797,1,1,1,0.5263382792472839,1,1,0.6008205711841583,0,0
SIHDR_185,SIHDR_185_e13.jpg,173,13,train,5.321928024291992,15.287712097167969,13.881502151489258,1.406209945678711,1,13.287712097167969,16.28771209716797,1,1,1,0.530762255191803,1,1,0.6008205711841583,0,0
SIHDR_185,SIHDR_185_e14.jpg,173,14,train,4.321928024291992,15.287712097167969,13.417410850524902,1.8703012466430664,1,13.287712097167969,16.28771209716797,1,1,1,0.5368428230285645,1,1,0.6008205711841583,0,0
SIHDR_187,SIHDR_187_e00.jpg,174,0,test,17.194602966308594,14.287712097167969,14.3076171875,0.01990509033203125,1,14.287712097167969,15.287712097167969,1,1,1,0.8946611881256104,1,1,0.6008205711841583,1,1
SIHDR_187,SIHDR_187_e01.jpg,174,1,test,16.28771209716797,14.287712097167969,13.933801651000977,0.3539104461669922,1,14.287712097167969,15.287712097167969,0,1,1,0.8530893921852112,1,1,0.6008205711841583,1,1
SIHDR_187,SIHDR_187_e02.jpg,174,2,test,15.872674942016602,14.287712097167969,13.997401237487793,0.2903108596801758,1,14.287712097167969,15.287712097167969,0,1,1,0.8278601169586182,1,1,0.6008205711841583,1,1
SIHDR_187,SIHDR_187_e03.jpg,174,3,test,15.287712097167969,14.287712097167969,14.232115745544434,0.055596351623535156,1,14.287712097167969,15.287712097167969,0,1,1,0.7851857542991638,1,1,0.6008205711841583,1,1
SIHDR_187,SIHDR_187_e04.jpg,174,4,test,14.287712097167969,14.287712097167969,14.233780860900879,0.053931236267089844,1,14.287712097167969,15.287712097167969,0,1,1,0.7133091688156128,1,1,0.6008205711841583,1,1
SIHDR_187,SIHDR_187_e05.jpg,174,5,test,13.287712097167969,14.287712097167969,14.559332847595215,0.2716207504272461,1,14.287712097167969,15.287712097167969,1,1,1,0.6188767552375793,1,1,0.6008205711841583,1,1
SIHDR_187,SIHDR_187_e06.jpg,174,6,test,12.287712097167969,14.287712097167969,14.429598808288574,0.14188671112060547,1,14.287712097167969,15.287712097167969,1,1,1,0.5644341707229614,1,1,0.6008205711841583,0,0
SIHDR_187,SIHDR_187_e07.jpg,174,7,test,11.287712097167969,14.287712097167969,14.430627822875977,0.1429157257080078,1,14.287712097167969,15.287712097167969,1,1,1,0.5375242829322815,1,1,0.6008205711841583,0,0
SIHDR_187,SIHDR_187_e08.jpg,174,8,test,10.287712097167969,14.287712097167969,14.645392417907715,0.3576803207397461,1,14.287712097167969,15.287712097167969,1,1,1,0.5229511857032776,1,1,0.6008205711841583,0,0
SIHDR_187,SIHDR_187_e09.jpg,174,9,test,9.38082218170166,14.287712097167969,14.969782829284668,0.6820707321166992,1,14.287712097167969,15.287712097167969,1,1,1,0.5149279236793518,1,1,0.6008205711841583,0,0
SIHDR_187,SIHDR_187_e10.jpg,174,10,test,8.38082218170166,14.287712097167969,15.227434158325195,0.9397220611572266,1,14.287712097167969,15.287712097167969,1,1,1,0.5090265274047852,1,1,0.6008205711841583,0,0
SIHDR_187,SIHDR_187_e11.jpg,174,11,test,7.380821704864502,14.287712097167969,14.867766380310059,0.5800542831420898,1,14.287712097167969,15.287712097167969,1,1,1,0.5143813490867615,1,1,0.6008205711841583,0,0
SIHDR_187,SIHDR_187_e12.jpg,174,12,test,6.321928024291992,14.287712097167969,14.39687442779541,0.1091623306274414,1,14.287712097167969,15.287712097167969,1,1,1,0.5212087035179138,1,1,0.6008205711841583,0,0
SIHDR_187,SIHDR_187_e13.jpg,174,13,test,5.321928024291992,14.287712097167969,13.9300537109375,0.35765838623046875,1,14.287712097167969,15.287712097167969,0,1,1,0.5283132791519165,1,1,0.6008205711841583,0,0
SIHDR_187,SIHDR_187_e14.jpg,174,14,test,4.321928024291992,14.287712097167969,13.441960334777832,0.8457517623901367,1,14.287712097167969,15.287712097167969,0,1,1,0.5355654954910278,1,1,0.6008205711841583,0,0
SIHDR_190,SIHDR_190_e00.jpg,175,0,train,17.194602966308594,14.287712097167969,13.759026527404785,0.5286855697631836,1,14.287712097167969,14.287712097167969,0,1,1,0.9690893292427063,1,1,0.6008205711841583,1,1
SIHDR_190,SIHDR_190_e01.jpg,175,1,train,16.28771209716797,14.287712097167969,13.87780475616455,0.40990734100341797,1,14.287712097167969,14.287712097167969,0,1,1,0.9565445780754089,1,1,0.6008205711841583,1,1
SIHDR_190,SIHDR_190_e02.jpg,175,2,train,15.872674942016602,14.287712097167969,13.887333869934082,0.4003782272338867,1,14.287712097167969,14.287712097167969,0,1,1,0.9503194093704224,1,1,0.6008205711841583,1,1
SIHDR_190,SIHDR_190_e03.jpg,175,3,train,15.287712097167969,14.287712097167969,13.909104347229004,0.37860774993896484,1,14.287712097167969,14.287712097167969,0,1,1,0.9386683702468872,1,1,0.6008205711841583,1,1
SIHDR_190,SIHDR_190_e04.jpg,175,4,train,14.287712097167969,14.287712097167969,14.311110496520996,0.023398399353027344,1,14.287712097167969,14.287712097167969,0,1,1,0.8605383634567261,1,1,0.6008205711841583,1,1
SIHDR_190,SIHDR_190_e05.jpg,175,5,train,13.287712097167969,14.287712097167969,13.791590690612793,0.4961214065551758,1,14.287712097167969,14.287712097167969,0,1,1,0.7245791554450989,1,1,0.6008205711841583,1,1
SIHDR_190,SIHDR_190_e06.jpg,175,6,train,12.287712097167969,14.287712097167969,13.590516090393066,0.6971960067749023,1,14.287712097167969,14.287712097167969,0,1,1,0.6327964067459106,1,1,0.6008205711841583,1,1
SIHDR_190,SIHDR_190_e07.jpg,175,7,train,11.287712097167969,14.287712097167969,13.264437675476074,1.0232744216918945,1,14.287712097167969,14.287712097167969,0,1,1,0.5733233690261841,1,1,0.6008205711841583,0,0
SIHDR_190,SIHDR_190_e08.jpg,175,8,train,10.287712097167969,14.287712097167969,12.593060493469238,1.6946516036987305,1,14.287712097167969,14.287712097167969,0,1,1,0.5644145607948303,1,1,0.6008205711841583,0,0
SIHDR_190,SIHDR_190_e09.jpg,175,9,train,9.38082218170166,14.287712097167969,14.969761848449707,0.6820497512817383,1,14.287712097167969,14.287712097167969,0,1,1,0.5149526000022888,1,1,0.6008205711841583,0,0
SIHDR_190,SIHDR_190_e10.jpg,175,10,train,8.38082218170166,14.287712097167969,15.040640830993652,0.7529287338256836,1,14.287712097167969,14.287712097167969,0,1,1,0.5121665000915527,1,1,0.6008205711841583,0,0
SIHDR_190,SIHDR_190_e11.jpg,175,11,train,7.380821704864502,14.287712097167969,14.78372859954834,0.4960165023803711,1,14.287712097167969,14.287712097167969,0,1,1,0.5160015225410461,1,1,0.6008205711841583,0,0
SIHDR_190,SIHDR_190_e12.jpg,175,12,train,6.321928024291992,14.287712097167969,14.359997749328613,0.07228565216064453,1,14.287712097167969,14.287712097167969,0,1,1,0.521919846534729,1,1,0.6008205711841583,0,0
SIHDR_190,SIHDR_190_e13.jpg,175,13,train,5.321928024291992,14.287712097167969,13.907784461975098,0.3799276351928711,1,14.287712097167969,14.287712097167969,0,1,1,0.5287231206893921,1,1,0.6008205711841583,0,0
SIHDR_190,SIHDR_190_e14.jpg,175,14,train,4.321928024291992,14.287712097167969,13.43077278137207,0.8569393157958984,1,14.287712097167969,14.287712097167969,0,1,1,0.5357739329338074,1,1,0.6008205711841583,0,0
SIHDR_191,SIHDR_191_e00.jpg,176,0,validation,17.194602966308594,16.28771209716797,15.387818336486816,0.8998937606811523,1,15.287712097167969,17.194602966308594,1,,0,0.7574428915977478,1,,0.6008205711841583,1,
SIHDR_191,SIHDR_191_e01.jpg,176,1,validation,16.28771209716797,16.28771209716797,15.424890518188477,0.8628215789794922,1,15.287712097167969,17.194602966308594,1,,0,0.648451030254364,1,,0.6008205711841583,1,
SIHDR_191,SIHDR_191_e02.jpg,176,2,validation,15.872674942016602,16.28771209716797,14.991500854492188,1.2962112426757812,1,15.287712097167969,17.194602966308594,0,,0,0.6412427425384521,1,,0.6008205711841583,1,
SIHDR_191,SIHDR_191_e03.jpg,176,3,validation,15.287712097167969,16.28771209716797,14.140265464782715,2.147446632385254,1,15.287712097167969,17.194602966308594,0,,0,0.6394586563110352,1,,0.6008205711841583,1,
SIHDR_191,SIHDR_191_e04.jpg,176,4,validation,14.287712097167969,16.28771209716797,16.08914566040039,0.19856643676757812,1,15.287712097167969,17.194602966308594,1,,0,0.5288519859313965,1,,0.6008205711841583,0,
SIHDR_191,SIHDR_191_e05.jpg,176,5,validation,13.287712097167969,16.28771209716797,15.703123092651367,0.5845890045166016,1,15.287712097167969,17.194602966308594,1,,0,0.5099323391914368,1,,0.6008205711841583,0,
SIHDR_191,SIHDR_191_e06.jpg,176,6,validation,12.287712097167969,16.28771209716797,15.647528648376465,0.6401834487915039,1,15.287712097167969,17.194602966308594,1,,0,0.5026105642318726,1,,0.6008205711841583,0,
SIHDR_191,SIHDR_191_e07.jpg,176,7,validation,11.287712097167969,16.28771209716797,15.658316612243652,0.6293954849243164,1,15.287712097167969,17.194602966308594,1,,0,0.5008615255355835,1,,0.6008205711841583,0,
SIHDR_191,SIHDR_191_e08.jpg,176,8,validation,10.287712097167969,16.28771209716797,15.543831825256348,0.7438802719116211,1,15.287712097167969,17.194602966308594,1,,0,0.5024967193603516,1,,0.6008205711841583,0,
SIHDR_191,SIHDR_191_e09.jpg,176,9,validation,9.38082218170166,16.28771209716797,15.407649040222168,0.8800630569458008,1,15.287712097167969,17.194602966308594,1,,0,0.5045159459114075,1,,0.6008205711841583,0,
SIHDR_191,SIHDR_191_e10.jpg,176,10,validation,8.38082218170166,16.28771209716797,15.120373725891113,1.1673383712768555,1,15.287712097167969,17.194602966308594,0,,0,0.5093123316764832,1,,0.6008205711841583,0,
SIHDR_191,SIHDR_191_e11.jpg,176,11,validation,7.380821704864502,16.28771209716797,14.799053192138672,1.4886589050292969,1,15.287712097167969,17.194602966308594,0,,0,0.5151514410972595,1,,0.6008205711841583,0,
SIHDR_191,SIHDR_191_e12.jpg,176,12,validation,6.321928024291992,16.28771209716797,14.351455688476562,1.9362564086914062,1,15.287712097167969,17.194602966308594,0,,0,0.5217964053153992,1,,0.6008205711841583,0,
SIHDR_191,SIHDR_191_e13.jpg,176,13,validation,5.321928024291992,16.28771209716797,13.887619972229004,2.400092124938965,1,15.287712097167969,17.194602966308594,0,,0,0.5288495421409607,1,,0.6008205711841583,0,
SIHDR_191,SIHDR_191_e14.jpg,176,14,validation,4.321928024291992,16.28771209716797,13.409897804260254,2.877814292907715,1,15.287712097167969,17.194602966308594,0,,0,0.5359857678413391,1,,0.6008205711841583,0,
SIHDR_192,SIHDR_192_e00.jpg,177,0,test,17.194602966308594,16.28771209716797,15.882555961608887,0.40515613555908203,1,14.287712097167969,17.194602966308594,1,,0,0.8275070190429688,1,,0.6008205711841583,1,
SIHDR_192,SIHDR_192_e01.jpg,177,1,test,16.28771209716797,16.28771209716797,15.871057510375977,0.4166545867919922,1,14.287712097167969,17.194602966308594,1,,0,0.7265898585319519,1,,0.6008205711841583,1,
SIHDR_192,SIHDR_192_e02.jpg,177,2,test,15.872674942016602,16.28771209716797,15.619669914245605,0.6680421829223633,1,14.287712097167969,17.194602966308594,1,,0,0.7008087038993835,1,,0.6008205711841583,1,
SIHDR_192,SIHDR_192_e03.jpg,177,3,test,15.287712097167969,16.28771209716797,14.745186805725098,1.542525291442871,1,14.287712097167969,17.194602966308594,1,,0,0.6844619512557983,1,,0.6008205711841583,1,
SIHDR_192,SIHDR_192_e04.jpg,177,4,test,14.287712097167969,16.28771209716797,16.08988380432129,0.1978282928466797,1,14.287712097167969,17.194602966308594,1,,0,0.5891014337539673,1,,0.6008205711841583,0,
SIHDR_192,SIHDR_192_e05.jpg,177,5,test,13.287712097167969,16.28771209716797,15.68040943145752,0.6073026657104492,1,14.287712097167969,17.194602966308594,1,,0,0.5550887584686279,1,,0.6008205711841583,0,
SIHDR_192,SIHDR_192_e06.jpg,177,6,test,12.287712097167969,16.28771209716797,15.184338569641113,1.1033735275268555,1,14.287712097167969,17.194602966308594,1,,0,0.5414343476295471,1,,0.6008205711841583,0,
SIHDR_192,SIHDR_192_e07.jpg,177,7,test,11.287712097167969,16.28771209716797,14.9728422164917,1.3148698806762695,1,14.287712097167969,17.194602966308594,1,,0,0.5346778631210327,1,,0.6008205711841583,0,
SIHDR_192,SIHDR_192_e08.jpg,177,8,test,10.287712097167969,16.28771209716797,14.97270679473877,1.3150053024291992,1,14.287712097167969,17.194602966308594,1,,0,0.5295512676239014,1,,0.6008205711841583,0,
SIHDR_192,SIHDR_192_e09.jpg,177,9,test,9.38082218170166,16.28771209716797,15.012293815612793,1.2754182815551758,1,14.287712097167969,17.194602966308594,1,,0,0.5240426659584045,1,,0.6008205711841583,0,
SIHDR_192,SIHDR_192_e10.jpg,177,10,test,8.38082218170166,16.28771209716797,14.82324504852295,1.4644670486450195,1,14.287712097167969,17.194602966308594,1,,0,0.521111249923706,1,,0.6008205711841583,0,
SIHDR_192,SIHDR_192_e11.jpg,177,11,test,7.380821704864502,16.28771209716797,14.606415748596191,1.6812963485717773,1,14.287712097167969,17.194602966308594,1,,0,0.5208449363708496,1,,0.6008205711841583,0,
SIHDR_192,SIHDR_192_e12.jpg,177,12,test,6.321928024291992,16.28771209716797,14.226183891296387,2.061528205871582,1,14.287712097167969,17.194602966308594,0,,0,0.5251284837722778,1,,0.6008205711841583,0,
SIHDR_192,SIHDR_192_e13.jpg,177,13,test,5.321928024291992,16.28771209716797,13.804734230041504,2.482977867126465,1,14.287712097167969,17.194602966308594,0,,0,0.5306755900382996,1,,0.6008205711841583,0,
SIHDR_192,SIHDR_192_e14.jpg,177,14,test,4.321928024291992,16.28771209716797,13.35755443572998,2.9301576614379883,1,14.287712097167969,17.194602966308594,0,,0,0.5371887683868408,1,,0.6008205711841583,0,
SIHDR_193,SIHDR_193_e00.jpg,178,0,train,17.194602966308594,16.28771209716797,15.82981014251709,0.4579019546508789,1,14.287712097167969,17.194602966308594,1,1,1,0.7098816633224487,1,1,0.6008205711841583,1,1
SIHDR_193,SIHDR_193_e01.jpg,178,1,train,16.28771209716797,16.28771209716797,15.445727348327637,0.841984748840332,1,14.287712097167969,17.194602966308594,1,1,1,0.6623252630233765,1,1,0.6008205711841583,1,1
SIHDR_193,SIHDR_193_e02.jpg,178,2,train,15.872674942016602,16.28771209716797,15.61611270904541,0.6715993881225586,1,14.287712097167969,17.194602966308594,1,1,1,0.6324477195739746,1,1,0.6008205711841583,1,1
SIHDR_193,SIHDR_193_e03.jpg,178,3,train,15.287712097167969,16.28771209716797,16.083412170410156,0.2042999267578125,1,14.287712097167969,17.194602966308594,1,1,1,0.5879525542259216,1,1,0.6008205711841583,0,0
SIHDR_193,SIHDR_193_e04.jpg,178,4,train,14.287712097167969,16.28771209716797,15.801005363464355,0.4867067337036133,1,14.287712097167969,17.194602966308594,1,1,1,0.551791787147522,1,1,0.6008205711841583,0,0
SIHDR_193,SIHDR_193_e05.jpg,178,5,train,13.287712097167969,16.28771209716797,15.383650779724121,0.9040613174438477,1,14.287712097167969,17.194602966308594,1,1,1,0.5244410634040833,1,1,0.6008205711841583,0,0
SIHDR_193,SIHDR_193_e06.jpg,178,6,train,12.287712097167969,16.28771209716797,15.27525806427002,1.0124540328979492,1,14.287712097167969,17.194602966308594,1,1,1,0.5098181962966919,1,1,0.6008205711841583,0,0
SIHDR_193,SIHDR_193_e07.jpg,178,7,train,11.287712097167969,16.28771209716797,15.573652267456055,0.7140598297119141,1,14.287712097167969,17.194602966308594,1,1,1,0.501718282699585,1,1,0.6008205711841583,0,0
SIHDR_193,SIHDR_193_e08.jpg,178,8,train,10.287712097167969,16.28771209716797,15.621272087097168,0.6664400100708008,1,14.287712097167969,17.194602966308594,1,1,1,0.49981677532196045,0,0,0.6008205711841583,0,0
SIHDR_193,SIHDR_193_e09.jpg,178,9,train,9.38082218170166,16.28771209716797,15.521952629089355,0.7657594680786133,1,14.287712097167969,17.194602966308594,1,1,1,0.5017055869102478,1,1,0.6008205711841583,0,0
SIHDR_193,SIHDR_193_e10.jpg,178,10,train,8.38082218170166,16.28771209716797,15.355193138122559,0.9325189590454102,1,14.287712097167969,17.194602966308594,1,1,1,0.5046236515045166,1,1,0.6008205711841583,0,0
SIHDR_193,SIHDR_193_e11.jpg,178,11,train,7.380821704864502,16.28771209716797,14.94821834564209,1.339493751525879,1,14.287712097167969,17.194602966308594,1,1,1,0.512066662311554,1,1,0.6008205711841583,0,0
SIHDR_193,SIHDR_193_e12.jpg,178,12,train,6.321928024291992,16.28771209716797,14.43978214263916,1.8479299545288086,1,14.287712097167969,17.194602966308594,1,1,1,0.5200091600418091,1,1,0.6008205711841583,0,0
SIHDR_193,SIHDR_193_e13.jpg,178,13,train,5.321928024291992,16.28771209716797,13.947674751281738,2.3400373458862305,1,14.287712097167969,17.194602966308594,0,1,1,0.527769148349762,1,1,0.6008205711841583,0,0
SIHDR_193,SIHDR_193_e14.jpg,178,14,train,4.321928024291992,16.28771209716797,13.450773239135742,2.8369388580322266,1,14.287712097167969,17.194602966308594,0,1,1,0.5352858901023865,1,1,0.6008205711841583,0,0
SIHDR_194,SIHDR_194_e00.jpg,179,0,train,17.194602966308594,15.287712097167969,14.387060165405273,0.9006519317626953,1,15.287712097167969,15.287712097167969,0,1,1,0.9320736527442932,1,1,0.6008205711841583,1,1
SIHDR_194,SIHDR_194_e01.jpg,179,1,train,16.28771209716797,15.287712097167969,14.685415267944336,0.6022968292236328,1,15.287712097167969,15.287712097167969,0,1,1,0.888256311416626,1,1,0.6008205711841583,1,1
SIHDR_194,SIHDR_194_e02.jpg,179,2,train,15.872674942016602,15.287712097167969,14.691191673278809,0.5965204238891602,1,15.287712097167969,15.287712097167969,0,1,1,0.858467161655426,1,1,0.6008205711841583,1,1
SIHDR_194,SIHDR_194_e03.jpg,179,3,train,15.287712097167969,15.287712097167969,14.727428436279297,0.5602836608886719,1,15.287712097167969,15.287712097167969,0,1,1,0.8009189963340759,1,1,0.6008205711841583,1,1
SIHDR_194,SIHDR_194_e04.jpg,179,4,train,14.287712097167969,15.287712097167969,14.852438926696777,0.4352731704711914,1,15.287712097167969,15.287712097167969,0,1,1,0.6884872913360596,1,1,0.6008205711841583,1,1
SIHDR_194,SIHDR_194_e05.jpg,179,5,train,13.287712097167969,15.287712097167969,14.646414756774902,0.6412973403930664,1,15.287712097167969,15.287712097167969,0,1,1,0.6057440042495728,1,1,0.6008205711841583,1,1
SIHDR_194,SIHDR_194_e06.jpg,179,6,train,12.287712097167969,15.287712097167969,14.199392318725586,1.0883197784423828,1,15.287712097167969,15.287712097167969,0,1,1,0.5633492469787598,1,1,0.6008205711841583,0,0
SIHDR_194,SIHDR_194_e07.jpg,179,7,train,11.287712097167969,15.287712097167969,14.510424613952637,0.777287483215332,1,15.287712097167969,15.287712097167969,0,1,1,0.534872829914093,1,1,0.6008205711841583,0,0
SIHDR_194,SIHDR_194_e08.jpg,179,8,train,10.287712097167969,15.287712097167969,15.4899320602417,0.20221996307373047,1,15.287712097167969,15.287712097167969,0,1,1,0.5102957487106323,1,1,0.6008205711841583,0,0
SIHDR_194,SIHDR_194_e09.jpg,179,9,train,9.38082218170166,15.287712097167969,15.538065910339355,0.2503538131713867,1,15.287712097167969,15.287712097167969,0,1,1,0.5057065486907959,1,1,0.6008205711841583,0,0
SIHDR_194,SIHDR_194_e10.jpg,179,10,train,8.38082218170166,15.287712097167969,15.276908874511719,0.01080322265625,1,15.287712097167969,15.287712097167969,0,1,1,0.50787353515625,1,1,0.6008205711841583,0,0
SIHDR_194,SIHDR_194_e11.jpg,179,11,train,7.380821704864502,15.287712097167969,14.889800071716309,0.39791202545166016,1,15.287712097167969,15.287712097167969,0,1,1,0.5137875080108643,1,1,0.6008205711841583,0,0
SIHDR_194,SIHDR_194_e12.jpg,179,12,train,6.321928024291992,15.287712097167969,14.397673606872559,0.8900384902954102,1,15.287712097167969,15.287712097167969,0,1,1,0.5211089849472046,1,1,0.6008205711841583,0,0
SIHDR_194,SIHDR_194_e13.jpg,179,13,train,5.321928024291992,15.287712097167969,13.93934154510498,1.3483705520629883,1,15.287712097167969,15.287712097167969,0,1,1,0.5281362533569336,1,1,0.6008205711841583,0,0
SIHDR_194,SIHDR_194_e14.jpg,179,14,train,4.321928024291992,15.287712097167969,13.446535110473633,1.841176986694336,1,15.287712097167969,15.287712097167969,0,1,1,0.5354756712913513,1,1,0.6008205711841583,0,0
SIHDR_195,SIHDR_195_e00.jpg,180,0,train,17.194602966308594,15.872674942016602,15.283246040344238,0.5894289016723633,1,14.287712097167969,16.28771209716797,1,1,1,0.9116270542144775,1,1,0.6008205711841583,1,1
SIHDR_195,SIHDR_195_e01.jpg,180,1,train,16.28771209716797,15.872674942016602,15.763535499572754,0.10913944244384766,1,14.287712097167969,16.28771209716797,1,1,1,0.8329377174377441,1,1,0.6008205711841583,1,1
SIHDR_195,SIHDR_195_e02.jpg,180,2,train,15.872674942016602,15.872674942016602,15.709635734558105,0.1630392074584961,1,14.287712097167969,16.28771209716797,1,1,1,0.8022069931030273,1,1,0.6008205711841583,1,1
SIHDR_195,SIHDR_195_e03.jpg,180,3,train,15.287712097167969,15.872674942016602,15.207118034362793,0.6655569076538086,1,14.287712097167969,16.28771209716797,1,1,1,0.7789493203163147,1,1,0.6008205711841583,1,1
SIHDR_195,SIHDR_195_e04.jpg,180,4,train,14.287712097167969,15.872674942016602,15.95751667022705,0.08484172821044922,1,14.287712097167969,16.28771209716797,1,1,1,0.7249590754508972,1,1,0.6008205711841583,1,1
SIHDR_195,SIHDR_195_e05.jpg,180,5,train,13.287712097167969,15.872674942016602,16.111045837402344,0.2383708953857422,1,14.287712097167969,16.28771209716797,1,1,1,0.691631019115448,1,1,0.6008205711841583,1,1
SIHDR_195,SIHDR_195_e06.jpg,180,6,train,12.287712097167969,15.872674942016602,15.879297256469727,0.006622314453125,1,14.287712097167969,16.28771209716797,1,1,1,0.6748521327972412,1,1,0.6008205711841583,1,1
SIHDR_195,SIHDR_195_e07.jpg,180,7,train,11.287712097167969,15.872674942016602,15.27437686920166,0.5982980728149414,1,14.287712097167969,16.28771209716797,1,1,1,0.6689230799674988,1,1,0.6008205711841583,1,1
SIHDR_195,SIHDR_195_e08.jpg,180,8,train,10.287712097167969,15.872674942016602,14.455540657043457,1.4171342849731445,1,14.287712097167969,16.28771209716797,1,1,1,0.6585990786552429,1,1,0.6008205711841583,1,1
SIHDR_195,SIHDR_195_e09.jpg,180,9,train,9.38082218170166,15.872674942016602,14.149113655090332,1.7235612869262695,1,14.287712097167969,16.28771209716797,0,1,1,0.5995340347290039,1,1,0.6008205711841583,0,0
SIHDR_195,SIHDR_195_e10.jpg,180,10,train,8.38082218170166,15.872674942016602,14.257322311401367,1.6153526306152344,1,14.287712097167969,16.28771209716797,0,1,1,0.560478150844574,1,1,0.6008205711841583,0,0
SIHDR_195,SIHDR_195_e11.jpg,180,11,train,7.380821704864502,15.872674942016602,14.076852798461914,1.7958221435546875,1,14.287712097167969,16.28771209716797,0,1,1,0.542846143245697,1,1,0.6008205711841583,0,0
SIHDR_195,SIHDR_195_e12.jpg,180,12,train,6.321928024291992,15.872674942016602,13.477348327636719,2.395326614379883,1,14.287712097167969,16.28771209716797,0,1,1,0.5433058142662048,1,1,0.6008205711841583,0,0
SIHDR_195,SIHDR_195_e13.jpg,180,13,train,5.321928024291992,15.872674942016602,13.8815279006958,1.9911470413208008,1,14.287712097167969,16.28771209716797,0,1,1,0.5335143208503723,1,1,0.6008205711841583,0,0
SIHDR_195,SIHDR_195_e14.jpg,180,14,train,4.321928024291992,15.872674942016602,13.416887283325195,2.4557876586914062,1,14.287712097167969,16.28771209716797,0,1,1,0.5383831262588501,1,1,0.6008205711841583,0,0
