epoch,train_loss,validation_loss,train_ev_mse,validation_ev_mse,train_hdr_bce,validation_hdr_bce
0,146.31812369256352,140.47237563898534,146.24643252212388,140.40054253472223,0.0,0.0
1,137.72795608579696,131.7160649052373,137.65610250737464,131.64405381944445,0.0,0.0
2,129.5189985935985,123.36880646882234,129.44692109144543,123.29654947916667,0.0,0.0
3,121.53994342467878,115.30429896978684,121.46759771386431,115.23174913194444,0.0,0.0
4,113.76248860903911,107.50146830994406,113.68984144542773,107.4285915798611,0.0,0.0
5,106.23286237981293,100.00598204059365,106.1598820058997,99.93274739583333,0.0,0.0
6,99.05910415253528,92.9329573115596,98.98576696165192,92.85934244791666,0.0,0.0
7,92.3953338819395,86.43441382137345,92.32163532448378,86.36041666666667,0.0,0.0
8,86.365810370176,80.63491739908855,86.2917680678466,80.56055772569445,0.0,0.0
9,81.03655812273037,75.58169832959588,80.96221423303835,75.50702039930556,0.0,0.0
10,76.34981690479522,71.2083101851852,76.27523045722714,71.13337673611112,0.0,0.0
11,72.16718182192861,67.35076565212674,72.09242256637168,67.27565104166666,0.0,0.0
12,68.32061074079931,63.8199419111087,68.24575036873156,63.74472113715278,0.0,0.0
13,64.66451862861074,60.45269766348379,64.58962020648967,60.377435980902774,0.0,0.0
14,61.0766163762951,57.1259191442419,61.001733038348085,57.05067274305556,0.0,0.0
15,57.50023507419724,53.78877602659626,57.42539638643068,53.71357964409722,0.0,0.0
16,53.89249318200459,50.40383614245756,53.817708333333336,50.328700086805554,0.0,0.0
17,50.250535452283195,46.97458036446277,50.17581120943953,46.89951171875,0.0,0.0
18,46.58891130191276,43.51777483904803,46.51424225663717,43.442768012152776,0.0,0.0
19,42.95518580738693,40.08033914448303,42.880581674041295,40.00540364583333,0.0,0.0
20,39.375970702682686,36.69074826087481,39.30142883480826,36.61588270399306,0.0,0.0
21,35.873745244438,33.37134482301312,35.799271755162245,33.29655490451389,0.0,0.0
22,32.47399919197069,30.148203125000002,32.39959439528024,30.073489040798613,0.0,0.0
23,29.20431996705233,27.048085033275463,29.12998248525074,26.973445638020834,0.0,0.0
24,26.09337428740856,24.099213091061436,26.01910029498525,24.024644639756943,0.0,0.0
25,23.167169249250648,21.328681535132137,23.092950313421827,21.2541748046875,0.0,0.0
26,20.44773235951999,18.758049271195024,20.37357116519174,18.683607313368057,0.0,0.0
27,17.956282732978647,16.407509991681135,17.88217298119469,16.333125813802084,0.0,0.0
28,15.704332089590157,14.2875835126712,15.630263643067847,14.213245985243056,0.0,0.0
29,13.698532105640503,12.406370646158853,13.624505669247787,12.332080078125,0.0,0.0
30,11.937850573643424,10.762093709309896,11.863856240781711,10.68783908420139,0.0,0.0
31,10.414391267932565,9.344998221691743,10.340431415929203,9.270781792534722,0.0,0.0
32,9.110381391059784,8.134723804615161,9.036451995759586,8.060541449652778,0.0,0.0
33,8.00571264360933,7.113387609411169,7.931813467920354,7.039240180121528,0.0,0.0
34,7.081245715899952,6.2640765154803235,7.007373478982301,6.1899603949652775,0.0,0.0
35,6.316761422353879,5.568230944974923,6.2429209301253685,5.494150797526042,0.0,0.0
36,5.6910604674171585,5.00441177179784,5.617252604166667,4.930367702907986,0.0,0.0
37,5.183057842189514,4.551494577666859,5.109280512536873,4.477484809027778,0.0,0.0
38,4.771768160279009,4.1881102611400465,4.698021812776549,4.114134724934896,0.0,0.0
39,4.440756917198624,3.898909075701678,4.367046344948378,3.8249718560112846,0.0,0.0
40,4.175307220465364,3.6698817575713734,4.101627028023599,3.5959774441189234,0.0,0.0
41,3.9637924705336847,3.4906231086636765,3.890144208609882,3.4167527940538194,0.0,0.0
42,3.7959558206123667,3.351067700798129,3.722336778668879,3.2772291395399304,0.0,0.0
43,3.66287575540522,3.2430043538411457,3.58928719579646,3.1691989474826388,0.0,0.0
44,3.5574875969326687,3.1597569444444447,3.4839296414085545,3.085984293619792,0.0,0.0
45,3.4741366946381858,3.095912807134934,3.400607830936578,3.0221716986762153,0.0,0.0
46,3.4081123473084776,3.047266257957176,3.3346129470870207,2.973556857638889,0.0,0.0
47,3.355707203026829,3.01045144163532,3.2822369330752212,2.936773003472222,0.0,0.0
48,3.313920357112527,2.982577582465278,3.240478371589233,2.908929443359375,0.0,0.0
49,3.2803625620692083,2.961648785626447,3.206949437684366,2.8880313449435766,0.0,0.0
50,3.253175957699485,2.9458285936897184,3.1797894773230087,2.872239515516493,0.0,0.0
51,3.230933122787066,2.9338669539086615,3.157572248340708,2.8603051079644097,0.0,0.0
52,3.2125699327672796,2.9248896695360727,3.139234766777286,2.85135498046875,0.0,0.0
53,3.1972010479815576,2.918271537121431,3.123891500737463,2.8447638617621527,0.0,0.0
54,3.1841247144916225,2.9131748604480134,3.1108395556784663,2.839692857530382,0.0,0.0
55,3.1728695948707117,2.9094196762273343,3.099608798856932,2.8359632703993056,0.0,0.0
56,3.1630069821394744,2.9064582617488908,3.089769427544248,2.8330262925889755,0.0,0.0
57,3.154289376860897,2.9042563732759454,3.0810751405789087,2.830848863389757,0.0,0.0
58,3.146457458117575,2.9024507875795718,3.073265521294248,2.829066636827257,0.0,0.0
59,3.1393018611326444,2.9010898128556617,3.066132005899705,2.827728780110677,0.0,0.0
60,3.13273205511684,2.90000596034674,3.0595835637905604,2.8266672770182293,0.0,0.0
61,3.126661681554748,2.8991304600091627,3.053534925792773,2.825814480251736,0.0,0.0
62,3.1209637075913337,2.898443822036555,3.047858764288348,2.825150553385417,0.0,0.0
63,3.115564246507393,2.8978583065080055,3.0424807568215337,2.82458733452691,0.0,0.0
64,3.1103811848164433,2.897280974211516,3.037319091076696,2.824032253689236,0.0,0.0
65,3.1054018794104437,2.8967935896508488,3.0323610919063424,2.8235670301649307,0.0,0.0
66,3.1006094491273837,2.896324839650849,3.0275900511615044,2.8231204562717016,0.0,0.0
67,3.0960043099130723,2.8959867953076777,3.023006544985251,2.8228047688802085,0.0,0.0
68,3.091558685717404,2.8955796493718653,3.0185823423672566,2.8224197387695313,0.0,0.0
69,3.087275451414899,2.895270920741705,3.0143197478797936,2.822132364908854,0.0,0.0
70,3.0831059663538802,2.8950154019579477,3.010171517791298,2.8218987358940972,0.0,0.0
71,3.0790279281269233,2.894837691695602,3.006114606379056,2.8217427571614584,0.0,0.0
72,3.075081507685658,2.894767384470245,3.0021881913716815,2.8216930813259546,0.0,0.0
73,3.0712500601094144,2.894642431942033,2.998376428834808,2.8215884738498263,0.0,0.0
74,3.067528400110583,2.8945512032214507,2.994674133480826,2.8215172661675347,0.0,0.0
75,3.0638832896780204,2.894476649908372,2.991049041297935,2.821463351779514,0.0,0.0
76,3.0603414495446564,2.894472513081115,2.9875273667957227,2.821479966905382,0.0,0.0
77,3.056945445228392,2.8944754555784624,2.9841503042035398,2.821502516004774,0.0,0.0
78,3.0536539270092966,2.894526608314043,2.980878387721239,2.8215738932291665,0.0,0.0
79,3.0504495543419954,2.894594229239005,2.977692892699115,2.8216610378689237,0.0,0.0
80,3.0473228200152644,2.894645483699846,2.9745851769911504,2.821731906467014,0.0,0.0
81,3.044241882938072,2.894721061800733,2.9715229765855455,2.821826850043403,0.0,0.0
82,3.0411912245607886,2.894809257601514,2.968491887905605,2.8219351874457463,0.0,0.0
83,3.0382005753400967,2.894876362364969,2.965520141961652,2.8220218234592016,0.0,0.0
84,3.035300015614838,2.8949347903404705,2.9626385624078173,2.822099812825521,0.0,0.0
85,3.0324680113573677,2.895005560980903,2.9598246796644543,2.8221893310546875,0.0,0.0
86,3.029705797589327,2.8951029874071663,2.957080222160767,2.822305128309462,0.0,0.0
87,3.0269871333189613,2.89521075213397,2.9543798396017698,2.8224317762586804,0.0,0.0
88,3.024314912644462,2.8953343822337962,2.9517258365597345,2.822574191623264,0.0,0.0
89,3.021674098458586,2.8954579369815776,2.949102945243363,2.8227162679036457,0.0,0.0
90,3.019088977630043,2.8955852630991994,2.946536227876106,2.822862582736545,0.0,0.0
91,3.0165595003133854,2.8957087311921295,2.944024244100295,2.823004150390625,0.0,0.0
92,3.014082605805272,2.8958388076593846,2.941564689343658,2.8231521606445313,0.0,0.0
93,3.011649683432067,2.8959717437367383,2.939149497603245,2.823303392198351,0.0,0.0
94,3.009268076806313,2.896126660005546,2.9367850064528023,2.8234759860568577,0.0,0.0
95,3.0069194571498357,2.8962793044102044,2.934453931600295,2.823646714952257,0.0,0.0
96,3.0046169295058562,2.896459124529803,2.9321683720501475,2.823844061957465,0.0,0.0
97,3.0023451034825532,2.896662966881269,2.9299139242256635,2.8240658230251734,0.0,0.0
98,3.0001015538918785,2.8968528314284336,2.9276871312684367,2.8242730034722223,0.0,0.0
99,2.9978837708255304,2.897045529212481,2.9254859766777286,2.824482896592882,0.0,0.0
100,2.9956799555993303,2.8972230699327257,2.9232992256637167,2.8246780395507813,0.0,0.0
101,2.9934967478084786,2.8973457016179593,2.9211323515855456,2.824817572699653,0.0,0.0
102,2.991326726945749,2.8974647955246913,2.918979016869469,2.824953884548611,0.0,0.0
103,2.9892120163846014,2.897612244405864,2.9168804157448376,2.825118001302083,0.0,0.0
104,2.9871920172792112,2.8978637318552276,2.914876590154867,2.825386216905382,0.0,0.0
105,2.985198501247736,2.89812104401765,2.912899555217552,2.8256605360243054,0.0,0.0
106,2.9832230704945975,2.8983557128906248,2.9109398045722714,2.825911458333333,0.0,0.0
107,2.9812778554966046,2.8985781445915317,2.9090100133665193,2.82614983452691,0.0,0.0
108,2.979365090339233,2.8987833018361786,2.9071124861725663,2.8263707478841145,0.0,0.0
109,2.9774731298441384,2.8990020488220964,2.9052362762721238,2.826605733235677,0.0,0.0
110,2.9755820472300307,2.8991373848620756,2.903360066371681,2.8267564561631944,0.0,0.0
111,2.973769909032,2.8993746307749806,2.901562788071534,2.827009073893229,0.0,0.0
112,2.9719988173983047,2.8996767585660206,2.8998069920722713,2.8273269653320314,0.0,0.0
113,2.970277460180802,2.900005086263021,2.89810045630531,2.827670627170139,0.0,0.0
114,2.968569411924873,2.90032467312283,2.8964071718289084,2.8280054728190103,0.0,0.0
115,2.9668838909196045,2.9006514410325037,2.8947363569321536,2.828347439236111,0.0,0.0
116,2.9652122034723187,2.9009800023208427,2.8930796575405604,2.82869144015842,0.0,0.0
117,2.963566167774404,2.9012926982361593,2.891448020372419,2.829018995496962,0.0,0.0
118,2.9619377108479483,2.9015977496865357,2.8898339555678465,2.8293389214409723,0.0,0.0
119,2.960329040863333,2.9019230143229167,2.888240055770649,2.8296793619791667,0.0,0.0
120,2.9587640875486136,2.902268096547068,2.8866896547750738,2.830039469401042,0.0,0.0
121,2.957213538094126,2.9026185890480325,2.885153369284661,2.8304046630859374,0.0,0.0
122,2.955684459438984,2.90298454378858,2.8836386891592922,2.830785454644097,0.0,0.0
123,2.954177600739296,2.903340009524498,2.8821461905420356,2.8311557345920138,0.0,0.0
124,2.952689268328245,2.903692868079668,2.8806721285029497,2.8315233018663193,0.0,0.0
125,2.951215908945533,2.904063456970968,2.8792133342551622,2.8319088406032984,0.0,0.0
126,2.9497566723264783,2.904404033142843,2.877767791297935,2.8322635226779513,0.0,0.0
127,2.948317517412223,2.9047490663881654,2.8763424133480826,2.832622782389323,0.0,0.0
128,2.9468918701041447,2.905092890233169,2.8749302866887905,2.832980516221788,0.0,0.0
129,2.94547853297734,2.9054333872853975,2.873530547105457,2.83333502875434,0.0,0.0
130,2.9440890286096315,2.9058227576738522,2.8721550055309732,2.8337387084960937,0.0,0.0
131,2.9427175390334663,2.906189077871817,2.8707967482485253,2.83411865234375,0.0,0.0
132,2.941359710285778,2.9065521730022668,2.869452318399705,2.8344955444335938,0.0,0.0
133,2.9400194795332206,2.9069047941984953,2.868125460914454,2.8348619249131946,0.0,0.0
134,2.938696853183685,2.9072518506462193,2.866816175792773,2.8352227105034724,0.0,0.0
135,2.9373808393801135,2.907616961443866,2.8655138043879056,2.835601806640625,0.0,0.0
136,2.9360721109510006,2.9079501757209685,2.8642183466998525,2.835948689778646,0.0,0.0
137,2.9347717753272495,2.9082740877881466,2.8629309550147495,2.8362859090169272,0.0,0.0
138,2.9335017320697925,2.9086206092363525,2.861673810840708,2.8366456773546007,0.0,0.0
139,2.9322492346937388,2.9089952030888306,2.860435103244838,2.837034437391493,0.0,0.0
140,2.931007966550222,2.9093384504906923,2.859206766224189,2.8373909844292533,0.0,0.0
141,2.9297806537146074,2.9096859251422647,2.857992544708702,2.837751939561632,0.0,0.0
142,2.9285647929700205,2.91005529333044,2.8567901341261064,2.8381351047092016,0.0,0.0
143,2.9273591562697794,2.9103861905321664,2.85559722990413,2.8384791056315106,0.0,0.0
144,2.9261684288025083,2.9107185457959583,2.8544193054019176,2.8388246324327255,0.0,0.0
145,2.924985293721365,2.911052038875627,2.853248870759587,2.8391711764865453,0.0,0.0
146,2.9237952699879,2.911395855185426,2.8520720985435104,2.839528571234809,0.0,0.0
147,2.92261331951588,2.9117013662832756,2.850902528115782,2.8398468017578127,0.0,0.0
148,2.9214416370928347,2.9120150568455827,2.8497433282632745,2.84017333984375,0.0,0.0
149,2.9202800048504898,2.912345283414111,2.8485944989859884,2.8405166625976563,0.0,0.0
150,2.9191236097259483,2.9126267685124905,2.8474502788532448,2.8408106486002604,0.0,0.0
151,2.917977597708874,2.9129058950918694,2.8463167173672566,2.8411026000976562,0.0,0.0
152,2.916842033445241,2.913189173568914,2.845193238384956,2.8413982815212675,0.0,0.0
153,2.915713651179215,2.913491516113281,2.844077537334071,2.841713629828559,0.0,0.0
154,2.9145940590077566,2.9137562655225215,2.8429699022861357,2.841990661621094,0.0,0.0
155,2.91348652739338,2.914012338143808,2.8418743662426253,2.842259046766493,0.0,0.0
156,2.9123848399451875,2.914279796459057,2.8407851677728613,2.842539299858941,0.0,0.0
157,2.911291084784851,2.9145045753761574,2.8397031710914455,2.842776150173611,0.0,0.0
158,2.9102027324968645,2.9147287778501156,2.838626647769174,2.843012491861979,0.0,0.0
159,2.9091178108686533,2.9149771306544174,2.837554157448378,2.8432735866970487,0.0,0.0
160,2.9080357579906053,2.915180728111738,2.8364836836283187,2.843489074707031,0.0,0.0
161,2.906964184338381,2.9153846232096354,2.8354238684550146,2.843705071343316,0.0,0.0
162,2.905907328249483,2.915573790750386,2.834378456858407,2.843905978732639,0.0,0.0
163,2.904854133220881,2.915778601375627,2.833337366334808,2.8441231621636285,0.0,0.0
164,2.9038049973923856,2.9159215705777393,2.8322997326696164,2.8442779541015626,0.0,0.0
165,2.902754709277754,2.9160518542631175,2.831260946718289,2.8444200303819445,0.0,0.0
166,2.9017134594642067,2.9161739095052086,2.830231955199115,2.844554646809896,0.0,0.0
167,2.900675692991233,2.916252788025656,2.829205556323746,2.8446451822916665,0.0,0.0
168,2.89965756664569,2.916336798020351,2.8281987463126845,2.844740804036458,0.0,0.0
169,2.8986769091067623,2.916624883957851,2.8272290975294987,2.845040215386285,0.0,0.0
170,2.8976909247395652,2.916765151789159,2.82625483960177,2.845192464192708,0.0,0.0
171,2.8967042500214126,2.916987447856385,2.825278853244838,2.845425754123264,0.0,0.0
172,2.895723823450075,2.917234060028453,2.824308916390118,2.845683119032118,0.0,0.0
173,2.894765936094574,2.9175097053433645,2.823362313329646,2.8459703233506946,0.0,0.0
174,2.8937981969194397,2.9176089063102815,2.8224056277654865,2.846080864800347,0.0,0.0
175,2.892837212114465,2.917815981264468,2.82145499170354,2.846298556857639,0.0,0.0
176,2.8918860083587923,2.9180855305989586,2.820514726216814,2.846579318576389,0.0,0.0
177,2.8909456365464514,2.918310087227527,2.81958483130531,2.8468146430121526,0.0,0.0
178,2.8900038497244678,2.9184181194540897,2.8186537841076698,2.8469336615668404,0.0,0.0
179,2.8890640409558785,2.9186556215639468,2.817724753410767,2.847182210286458,0.0,0.0
180,2.8881223187798684,2.9188690486955053,2.816793130070059,2.847406005859375,0.0,0.0
181,2.8871876830501795,2.919068121262539,2.815868708517699,2.8476155598958335,0.0,0.0
182,2.8862731919700537,2.91921243549865,2.8149656042588496,2.8477715386284723,0.0,0.0
183,2.88535082184994,2.9193886085792826,2.8140532817109145,2.847958034939236,0.0,0.0
184,2.884441005127401,2.919591079523534,2.813153634310472,2.8481709798177084,0.0,0.0
185,2.8835351314123363,2.9197871229383683,2.8122583079830386,2.8483778211805557,0.0,0.0
186,2.8826329391153784,2.919951443142361,2.811366150442478,2.848552449544271,0.0,0.0
187,2.8817439917010903,2.9201462658540702,2.810487244192478,2.848757595486111,0.0,0.0
188,2.8808527324560353,2.920209704740548,2.8096068975848083,2.848832194010417,0.0,0.0
189,2.87996199894153,2.920367491922261,2.808726262905605,2.8490003797743055,0.0,0.0
190,2.8790830312211475,2.920554500626929,2.807857727230826,2.8491980658637153,0.0,0.0
191,2.8781973233640623,2.9207049334490742,2.806981701696165,2.8493584526909723,0.0,0.0
192,2.877330832997174,2.9208651092906055,2.806124976954277,2.8495286729600693,0.0,0.0
193,2.8764640216686956,2.9209308464144486,2.8052688283554574,2.8496053059895834,0.0,0.0
194,2.875598235602684,2.9210599470727234,2.8044126797566373,2.8497443305121526,0.0,0.0
195,2.8747402012694563,2.9212284719208137,2.803564885232301,2.849923366970486,0.0,0.0
196,2.873881252309109,2.921348989981192,2.8027153622787613,2.8500535753038196,0.0,0.0
197,2.873032827429818,2.921492068443769,2.8018764979719766,2.850206502278646,0.0,0.0
198,2.8721947210120193,2.9215454252266593,2.8010488684550148,2.8502705891927085,0.0,0.0
199,2.8713513407302846,2.92164018795814,2.8002149013643067,2.850375027126736,0.0,0.0
200,2.8705200396622335,2.9217991129557292,2.7993936094210916,2.850544230143229,0.0,0.0
201,2.8696822608974513,2.921886189778646,2.798565115689528,2.850640869140625,0.0,0.0
202,2.8688568243533954,2.922017995575328,2.7977490090339234,2.850782267252604,0.0,0.0
203,2.8680346521474984,2.92215066038532,2.7969366473082595,2.850925021701389,0.0,0.0
204,2.8672201299987443,2.9221400960286457,2.7961317754424777,2.850924343532986,0.0,0.0
205,2.8664049548122374,2.922267094364873,2.7953263274336284,2.8510613335503474,0.0,0.0
206,2.865588800919706,2.9223677270206405,2.7945191509955754,2.851171196831597,0.0,0.0
207,2.864783254127271,2.922483641071084,2.793722921275811,2.851296657986111,0.0,0.0
208,2.8639717990897484,2.922579601900077,2.792920353982301,2.851401774088542,0.0,0.0
209,2.863177410759522,2.92267362618152,2.792134782909292,2.851504855685764,0.0,0.0
210,2.8623867411606048,2.9228077151451584,2.7913535329092922,2.851648627387153,0.0,0.0
211,2.861600015136231,2.922756890190972,2.790576027839233,2.851607259114583,0.0,0.0
212,2.8608070092091253,2.922873640649113,2.7897921851954277,2.8517333984375,0.0,0.0
213,2.8600161225925387,2.9229446222752697,2.789010070980826,2.8518134223090277,0.0,0.0
214,2.859231489963588,2.9230454357759452,2.7882345824115045,2.851923624674479,0.0,0.0
215,2.858443324148615,2.9231080759307484,2.787455060840708,2.851995171440972,0.0,0.0
216,2.857663653381715,2.9231718991126545,2.7866838933443954,2.8520677354600696,0.0,0.0
217,2.856885563379004,2.923277685848283,2.78591474234882,2.8521826850043404,0.0,0.0
218,2.856116986428338,2.923326069396219,2.7851548096423304,2.852239990234375,0.0,0.0
219,2.855351398276543,2.923290684076003,2.784398621865782,2.8522142198350693,0.0,0.0
220,2.8545841402171632,2.92332297242718,2.7836398414454275,2.8522552490234374,0.0,0.0
221,2.8538219838592838,2.923413929880401,2.782886534384218,2.8523552788628472,0.0,0.0
222,2.8530567551164228,2.9234560516734183,2.7821297704646017,2.8524061414930557,0.0,0.0
223,2.852299438870676,2.9234840977044754,2.781380784476401,2.8524427625868056,0.0,0.0
224,2.8515428904376403,2.9235585756655094,2.7806329507743364,2.8525261773003474,0.0,0.0
225,2.850790529078984,2.923592770423418,2.7798888620022124,2.8525689019097222,0.0,0.0
226,2.8500403438512563,2.923681520061728,2.779147365873894,2.852666558159722,0.0,0.0
227,2.849300740942668,2.9237188419294946,2.7784159522492624,2.8527123345269096,0.0,0.0
228,2.8485576803250683,2.9236641438802087,2.777681945980826,2.8526668972439237,0.0,0.0
229,2.8478122201509803,2.9236999888478974,2.7769444828539824,2.852710978190104,0.0,0.0
230,2.8470689678637378,2.923759223090278,2.776209900442478,2.8527791341145834,0.0,0.0
231,2.8463212928278443,2.923777533637153,2.775470132743363,2.852805582682292,0.0,0.0
232,2.845582445483256,2.9237990993923613,2.7747392952617993,2.852835422092014,0.0,0.0
233,2.8448412612434093,2.9238583788459684,2.7740064412794987,2.8529032389322917,0.0,0.0
234,2.8441102943564833,2.923875317985629,2.773283381729351,2.8529283311631946,0.0,0.0
235,2.8433745962915618,2.9239352605372297,2.7725560011061945,2.852996826171875,0.0,0.0
236,2.8426495830720273,2.923955123336227,2.7718387029867255,2.853024631076389,0.0,0.0
237,2.841921112427016,2.9240147418740356,2.7711185241519174,2.853092787000868,0.0,0.0
238,2.8412009323446537,2.924054542824074,2.770406123248525,2.853140597873264,0.0,0.0
239,2.840477012889636,2.923975151909722,2.7696908416297936,2.853070068359375,0.0,0.0
240,2.8397568840703973,2.924002444420332,2.7689784407264013,2.8531053331163196,0.0,0.0
241,2.839036569138801,2.924036737135899,2.7682663278945427,2.8531480577256945,0.0,0.0
242,2.83831990358586,2.924060284649884,2.7675573838495575,2.8531795925564234,0.0,0.0
243,2.837603833116123,2.92408735110436,2.766849304019174,2.853214857313368,0.0,0.0
244,2.8368934541573396,2.9240962426456405,2.7661464094764012,2.8532314724392362,0.0,0.0
245,2.836190270011944,2.9241462764033566,2.7654512928650443,2.853289794921875,0.0,0.0
246,2.8354917981044077,2.9241457866150653,2.7647602092551624,2.853296915690104,0.0,0.0
247,2.8347947467637997,2.9241985933280286,2.7640711421460176,2.853357950846354,0.0,0.0
248,2.8341029838041196,2.9241947880497685,2.763386684181416,2.8533616807725695,0.0,0.0
249,2.8334076227289073,2.9242458465952934,2.762699057429941,2.853420681423611,0.0,0.0
250,2.8327236184769715,2.924256591796875,2.762022377396755,2.853438991970486,0.0,0.0
251,2.8320311573407704,2.924304591049383,2.7613376313606195,2.8534949408637154,0.0,0.0
252,2.831350244697488,2.9243580608603392,2.760664408185841,2.8535563151041665,0.0,0.0
253,2.8306603639563805,2.9243330439814814,2.7599816786504423,2.8535386827256946,0.0,0.0
254,2.8299894630464557,2.9242634111569252,2.759318826050885,2.853477308485243,0.0,0.0
255,2.829313998697826,2.924256034191744,2.758650500092183,2.853477308485243,0.0,0.0
256,2.828636191046047,2.9243012680242093,2.757980157632743,2.8535302056206597,0.0,0.0
257,2.827965099033549,2.924284441912616,2.75731615274705,2.853520711263021,0.0,0.0
258,2.8272849868094996,2.9243150800540123,2.7566435057153393,2.8535590277777776,0.0,0.0
259,2.8266181450996806,2.9243247251157407,2.7559841099741886,2.8535763210720484,0.0,0.0
260,2.8259449023042817,2.924301961263021,2.755317800516224,2.8535607231987847,0.0,0.0
261,2.8252805125482148,2.924328025535301,2.754660709347345,2.8535942925347224,0.0,0.0
262,2.8246172945854893,2.924301124855324,2.754004482393068,2.8535746256510417,0.0,0.0
263,2.8239551199747623,2.924311463155864,2.7533494077249263,2.853592258029514,0.0,0.0
264,2.8233005188100275,2.92428552698206,2.7527015348451327,2.853573269314236,0.0,0.0
265,2.822637294155877,2.9242990376036846,2.7520455959623895,2.8535942925347224,0.0,0.0
266,2.8219788452514196,2.9242886616271218,2.751394266224189,2.8535912407769097,0.0,0.0
267,2.821323085392659,2.9242752489631556,2.75074524105826,2.853584798177083,0.0,0.0
268,2.8206657887743374,2.924289626133295,2.7500950636061945,2.8536064995659722,0.0,0.0
269,2.820014669816037,2.9242763340326006,2.749450935656342,2.8536003960503473,0.0,0.0
270,2.8193601775854398,2.9242610074266975,2.7488030627765485,2.8535919189453125,0.0,0.0
271,2.8187064211281005,2.9242615725670333,2.7481563421828907,2.8535997178819446,0.0,0.0
272,2.8180603406430014,2.924255446445795,2.7475168233775813,2.8536003960503473,0.0,0.0
273,2.8174168653339526,2.9242463891300154,2.7468801852876106,2.853598361545139,0.0,0.0
274,2.816769280128744,2.924259281864873,2.7462395141961653,2.853618367513021,0.0,0.0
275,2.816128487457502,2.9242505560980905,2.7456051806784663,2.8536163330078126,0.0,0.0
276,2.815486823880232,2.9242347924503282,2.7449702710176993,2.8536075168185766,0.0,0.0
277,2.814853072516542,2.9242558081356096,2.744343427359882,2.8536356608072917,0.0,0.0
278,2.814223405984521,2.924223557460455,2.743720040560472,2.853609890407986,0.0,0.0
279,2.8135916009183086,2.924226172176408,2.7430949253318584,2.853619384765625,0.0,0.0
280,2.8129697181585236,2.924241483711902,2.7424798926069323,2.8536417643229166,0.0,0.0
281,2.8123415688788564,2.9242035364221644,2.741857946165192,2.8536102294921877,0.0,0.0
282,2.8117189628780586,2.9242112072603206,2.7412420492256637,2.8536248101128474,0.0,0.0
283,2.8111037511858563,2.924183741440008,2.7406330660029496,2.853603786892361,0.0,0.0
284,2.8104824961157977,2.9241899353780862,2.7400183213495577,2.8536166720920138,0.0,0.0
285,2.809865709216692,2.924189860026042,2.7394081858407078,2.853623453776042,0.0,0.0
286,2.8092566495529496,2.9241435185185183,2.7388052521202066,2.8535834418402777,0.0,0.0
287,2.8086443759635653,2.9241256826895254,2.738199437684366,2.853572252061632,0.0,0.0
288,2.8080368970640115,2.9241107780550735,2.737598520464602,2.8535641140407986,0.0,0.0
289,2.8074283427730062,2.9240885039906446,2.736996450958702,2.853548516167535,0.0,0.0
290,2.8068173178716496,2.924045583465953,2.7363915007374633,2.8535118950737846,0.0,0.0
291,2.806207124861907,2.9240179895471643,2.73578770280236,2.8534908718532987,0.0,0.0
292,2.805602654835501,2.9240167839144484,2.735189666297935,2.853496297200521,0.0,0.0
293,2.804995746238194,2.923969884801794,2.734588749078171,2.8534556070963544,0.0,0.0
294,2.8043902584913507,2.923925766179591,2.7339895602876108,2.85341796875,0.0,0.0
295,2.8037892901785844,2.9239127227406443,2.733394980641593,2.8534115261501736,0.0,0.0
296,2.8031911903324467,2.9238487111786267,2.7328027055678468,2.8533535427517362,0.0,0.0
297,2.8025915729504187,2.9238219913435572,2.7322092782079648,2.8533331976996528,0.0,0.0
298,2.801999919045094,2.9237907428505983,2.7316239168510323,2.8533084445529515,0.0,0.0
299,2.8014117225652466,2.9237346507884836,2.7310414362094395,2.853258260091146,0.0,0.0
300,2.8008237562023846,2.9236924687138313,2.7304595317109146,2.8532223171657987,0.0,0.0
301,2.8002385103576004,2.9236633225429207,2.7298805079277284,2.8531995985243057,0.0,0.0
302,2.7996557805454723,2.923589319299768,2.7293037887168143,2.8531317816840276,0.0,0.0
303,2.7990779482329553,2.9235447259596836,2.7287316786504423,2.8530931260850694,0.0,0.0
304,2.7985021321376418,2.923503945433063,2.7281618731563424,2.8530585394965278,0.0,0.0
305,2.797926924224847,2.92344352816358,2.7275926438053095,2.8530042860243054,0.0,0.0
306,2.797353969621201,2.923384406949267,2.7270257190265488,2.852951388888889,0.0,0.0
307,2.7967879992211633,2.923346052758488,2.7264657079646017,2.852919175889757,0.0,0.0
308,2.796222829523894,2.92327328528887,2.725905984974189,2.852852037217882,0.0,0.0
309,2.7956600663580717,2.9232342755353007,2.725349142699115,2.852819146050347,0.0,0.0
310,2.7950999342833978,2.9231593831380205,2.7247948930678465,2.852750311957465,0.0,0.0
311,2.794541556269489,2.9231251808449072,2.7242423718657816,2.85272216796875,0.0,0.0
312,2.7939842349904294,2.9230599410445604,2.7236904268067845,2.8526624891493055,0.0,0.0
313,2.7934271438283553,2.9229963966652197,2.7231390578908554,2.8526048448350694,0.0,0.0
314,2.792871185728746,2.9229267336998457,2.722588841261062,2.8525410970052083,0.0,0.0
315,2.79231780104927,2.9228929835190005,2.722041217275074,2.8525132921006944,0.0,0.0
316,2.7917669455017653,2.9227905725549768,2.721495609789823,2.8524163140190972,0.0,0.0
317,2.7912158974340127,2.9227419403452934,2.720950290376106,2.8523735894097224,0.0,0.0
318,2.790668709638229,2.922677823290413,2.7204087158923302,2.8523152669270835,0.0,0.0
319,2.7901191083360373,2.9226142789110727,2.719864836836283,2.8522576226128473,0.0,0.0
320,2.789576875427344,2.9225577045958717,2.719328159568584,2.852206759982639,0.0,0.0
321,2.789033823442817,2.922479722764757,2.718790330014749,2.852134195963542,0.0,0.0
322,2.7884878327884017,2.922422440140336,2.718249907817109,2.8520826551649305,0.0,0.0
323,2.7879453502555176,2.9223770857445985,2.7177129424778763,2.852042982313368,0.0,0.0
324,2.787409755807885,2.9223052601755404,2.717182890855457,2.8519768608940974,0.0,0.0
325,2.7868688292582324,2.9222470507209684,2.7166470778023597,2.8519239637586806,0.0,0.0
326,2.786329938149454,2.9221899790822725,2.716113569321534,2.8518724229600694,0.0,0.0
327,2.785791456578592,2.922130654417438,2.7155806369837756,2.85181884765625,0.0,0.0
328,2.7852491855060912,2.922067215530961,2.7150436716445427,2.8517608642578125,0.0,0.0
329,2.7847115299860237,2.92201293191792,2.7145113154498524,2.8517120361328123,0.0,0.0
330,2.784174431668888,2.9219368338879246,2.713979247326696,2.8516411675347224,0.0,0.0
331,2.7836359439736706,2.9218927529417438,2.713446026917404,2.8516025119357638,0.0,0.0
332,2.7831009900315453,2.9218250265239196,2.712916263366519,2.851540120442708,0.0,0.0
333,2.7825675850976923,2.9217733576268325,2.712388228244838,2.8514940049913196,0.0,0.0
334,2.782033578672744,2.9217124957802856,2.7118593289085546,2.8514383951822917,0.0,0.0
335,2.7815028368694907,2.9216663351176697,2.7113338864306784,2.851397705078125,0.0,0.0
336,2.7809784262320933,2.9215988121503664,2.710814781526549,2.851335652669271,0.0,0.0
337,2.7804536896428895,2.9215372570650078,2.7102948124078172,2.851279025607639,0.0,0.0
338,2.779930796257846,2.92147353184076,2.709777147861357,2.851220703125,0.0,0.0
339,2.779412294432607,2.921403107819734,2.7092638043879056,2.8511555989583335,0.0,0.0
340,2.7788915585218907,2.921338192033179,2.7087481563421827,2.851095920138889,0.0,0.0
341,2.7783730695124325,2.9212752278645833,2.7082348128687315,2.851038275824653,0.0,0.0
342,2.7778562256296015,2.921186417944637,2.7077231978244836,2.850954861111111,0.0,0.0
343,2.7773405917039207,2.9211271686318483,2.7072127350663715,2.8509009467230904,0.0,0.0
344,2.7768249198979675,2.9210335286458333,2.706701696165192,2.8508121066623264,0.0,0.0
345,2.776312826133269,2.9209689444082754,2.7061946902654865,2.850752766927083,0.0,0.0
346,2.7757989783078054,2.9208721019603585,2.7056859559365782,2.850661214192708,0.0,0.0
347,2.775286020328505,2.9207963204089507,2.7051780858222716,2.8505906846788194,0.0,0.0
348,2.774774278714245,2.9207226411795912,2.7046713679941004,2.850522189670139,0.0,0.0
349,2.774261051887082,2.9206333037953316,2.7041632098082595,2.8504380967881944,0.0,0.0
350,2.7737470890031255,2.9205651403356483,2.703654187407817,2.850375027126736,0.0,0.0
351,2.7732367813386447,2.920509771653163,2.703148909937316,2.8503248426649304,0.0,0.0
352,2.7727231708886615,2.920384604371624,2.7026398875368733,2.8502044677734375,0.0,0.0
353,2.772201782223727,2.920314481758777,2.7021233752765488,2.850139363606771,0.0,0.0
354,2.7716826981310643,2.9202209321952157,2.7016091675884955,2.850050862630208,0.0,0.0
355,2.771171347114585,2.9201161476417825,2.7011027378318584,2.849951171875,0.0,0.0
356,2.7706587159376963,2.9200091703438464,2.7005948677175518,2.849849107530382,0.0,0.0
357,2.7701476145454076,2.9199284155574845,2.7000887260324484,2.849773491753472,0.0,0.0
358,2.7696355915510384,2.919816721221547,2.6995814320612093,2.8496666802300346,0.0,0.0
359,2.7691220833437673,2.9196890447169173,2.699072697732301,2.849543931749132,0.0,0.0
360,2.7686099514152613,2.9195894217785496,2.698565403761062,2.8494493272569446,0.0,0.0
361,2.7681016477192717,2.9194875458140435,2.698061854719764,2.8493523491753474,0.0,0.0
362,2.7675968201053607,2.9193626271942517,2.697561762536873,2.8492323133680557,0.0,0.0
363,2.7670912756583275,2.9192527187017747,2.6970608061393806,2.849127197265625,0.0,0.0
364,2.7665850845814317,2.919134672188464,2.69655927359882,2.849013943142361,0.0,0.0
365,2.766082036659847,2.9190206494743443,2.6960609098451327,2.848904758029514,0.0,0.0
366,2.765578591732592,2.918889536916474,2.6955622580199115,2.8487786187065973,0.0,0.0
367,2.7650810235780425,2.918783659758391,2.6950693676253685,2.848677571614583,0.0,0.0
368,2.764584927820615,2.918666291413484,2.6945779175884956,2.8485649956597223,0.0,0.0
369,2.764086405740998,2.9185616500289355,2.694084162979351,2.848465304904514,0.0,0.0
370,2.7635866739877666,2.918445072880498,2.693588968012537,2.8483534071180556,0.0,0.0
371,2.763086878155631,2.918339617693866,2.6930937730457227,2.848252699110243,0.0,0.0
372,2.762592440340612,2.9182353606047453,2.692604051438053,2.848153347439236,0.0,0.0
373,2.7620973433634854,2.918120825496721,2.692113465615782,2.8480434841579862,0.0,0.0
374,2.761601113323894,2.9180151517891586,2.691621727507375,2.847942437065972,0.0,0.0
375,2.7611058625573963,2.9179140142746913,2.691131141685103,2.8478461371527777,0.0,0.0
376,2.7606104198377217,2.9177777250313466,2.6906402677912977,2.847714572482639,0.0,0.0
377,2.760120547162618,2.917741759500386,2.6901542911135694,2.8476826985677084,0.0,0.0
378,2.7596243683861497,2.917624594605999,2.6896625530051623,2.847570122612847,0.0,0.0
379,2.7591359355016456,2.917500617886767,2.689178592828171,2.847450764973958,0.0,0.0
380,2.7586460881745682,2.9174521966628086,2.6886929042219765,2.847406684027778,0.0,0.0
381,2.7581528093371106,2.9173384452160493,2.6882040468289086,2.8472974989149304,0.0,0.0
382,2.7576694597810403,2.91728817033179,2.6877246957964602,2.847251383463542,0.0,0.0
383,2.757178395805388,2.9171451521508485,2.6872381429756635,2.847113037109375,0.0,0.0
384,2.756694412151701,2.9170290873963154,2.6867585038716815,2.847001478407118,0.0,0.0
385,2.756206178195335,2.916991381233121,2.6862742556231565,2.8469679090711804,0.0,0.0
386,2.7557209909923888,2.916835590880594,2.6857934642330386,2.846816677517361,0.0,0.0
387,2.7552373405490034,2.9168103931568288,2.685313825129056,2.846795654296875,0.0,0.0
388,2.7547506043377856,2.9166693868754825,2.6848313053097344,2.8466590033637154,0.0,0.0
389,2.754269853549876,2.9165733959056714,2.684354834992625,2.8465674506293404,0.0,0.0
390,2.7537870801368736,2.9165051420235337,2.6838760601032448,2.8465033637152777,0.0,0.0
391,2.753302392465845,2.9163845109350888,2.6833955567846606,2.8463870578342014,0.0,0.0
392,2.7528265584012184,2.916340030623071,2.6829236956120943,2.846346706814236,0.0,0.0
393,2.7523426196027643,2.916198579764661,2.6824440565081122,2.846209716796875,0.0,0.0
394,2.7518672976023013,2.9160977662639853,2.6819727714786135,2.846113077799479,0.0,0.0
395,2.7513889349727734,2.916057400173611,2.681498317662242,2.8460767957899304,0.0,0.0
396,2.7509099766929714,2.9159360607759455,2.6810235757743364,2.8459598117404514,0.0,0.0
397,2.750432580804292,2.9158788610387734,2.6805499861725663,2.8459065755208335,0.0,0.0
398,2.749955402216817,2.9157585841049385,2.6800769727138642,2.8457906087239584,0.0,0.0
399,2.74948489441339,2.9157206820264276,2.6796102968289084,2.8457567003038196,0.0,0.0
400,2.7490095339655847,2.915581182785976,2.67913901179941,2.8456214057074654,0.0,0.0
401,2.7485399733958,2.9154739040798607,2.67867348820059,2.845518324110243,0.0,0.0
402,2.7480648756715014,2.915445534035012,2.6782022031710913,2.845493910047743,0.0,0.0
403,2.747591115778626,2.9153224766107253,2.6777323584992625,2.8453748914930554,0.0,0.0
404,2.747121824340239,2.915278862847222,2.6772668349004425,2.845335218641493,0.0,0.0
405,2.7466479555132266,2.9151597614052855,2.6767969902286137,2.845220269097222,0.0,0.0
406,2.7461819799596574,2.9150621352961035,2.676334923488201,2.845126681857639,0.0,0.0
407,2.7457155820523904,2.9149954864125194,2.67587228060472,2.845063951280382,0.0,0.0
408,2.7452495744593692,2.91490529001495,2.675410213864307,2.8449778238932293,0.0,0.0
409,2.744784751475471,2.914856416678723,2.6749490113384957,2.8449327256944446,0.0,0.0
410,2.7443184237714635,2.9147431098090277,2.6744866565265486,2.844823540581597,0.0,0.0
411,2.7438547979289334,2.914696677879051,2.674026606286873,2.8447808159722223,0.0,0.0
412,2.7433845141181363,2.9145722641179588,2.6735602184734515,2.844660441080729,0.0,0.0
413,2.7429176938571715,2.914523744936343,2.6730969994469027,2.844615681966146,0.0,0.0
414,2.742443076157585,2.9144108600380982,2.672626290560472,2.8445068359375,0.0,0.0
415,2.7419780932599607,2.914333639262635,2.672164799963127,2.8444332546657987,0.0,0.0
416,2.7415046086228383,2.914204440646701,2.671695243362832,2.844308132595486,0.0,0.0
417,2.7410390495821466,2.9141648732880014,2.671233176622419,2.844272189670139,0.0,0.0
418,2.7405662820616814,2.914032102985147,2.670764196165192,2.844143337673611,0.0,0.0
419,2.7401035588810956,2.9139524558738423,2.670305010140118,2.8440673828125,0.0,0.0
420,2.739631348280027,2.9138264371141975,2.669836605825959,2.8439453125,0.0,0.0
421,2.739167037643827,2.9137679789978783,2.6693756913716813,2.843890380859375,0.0,0.0
422,2.7387000635934924,2.9136357474621435,2.668912472345133,2.8437620374891495,0.0,0.0
423,2.7382426025952022,2.9135699086130398,2.6684584716076696,2.8436998155381943,0.0,0.0
424,2.737776262358949,2.91343265109592,2.6679958287241887,2.843566385904948,0.0,0.0
425,2.7373214260439167,2.913383465048707,2.6675444206305308,2.843520779079861,0.0,0.0
426,2.736861449012972,2.913241652500482,2.6670881153207966,2.8433827718098956,0.0,0.0
427,2.7364043337572297,2.913170294114101,2.6666344026548674,2.843314954969618,0.0,0.0
428,2.7359435694063676,2.9130214286144867,2.666177233130531,2.8431698269314234,0.0,0.0
429,2.735490474336319,2.9129754789375966,2.6657275534660765,2.84312744140625,0.0,0.0
430,2.735035836382355,2.9128355275848765,2.6652764334439527,2.8429911295572916,0.0,0.0
431,2.7345859485465227,2.91278130048587,2.664829922566372,2.842940436469184,0.0,0.0
432,2.7341315409930784,2.912643978919512,2.664379090615782,2.842806837293837,0.0,0.0
433,2.7336823766817933,2.9126018006124617,2.6639331558812684,2.842768012152778,0.0,0.0
434,2.7332342938863143,2.912468694993007,2.6634886615044246,2.8426386515299478,0.0,0.0
435,2.732789188208066,2.912444333676939,2.6630467597713863,2.842617628309462,0.0,0.0
436,2.7323404078031364,2.9123029393325615,2.662601401179941,2.842479790581597,0.0,0.0
437,2.731891307570756,2.912273876048901,2.662155466445428,2.842454020182292,0.0,0.0
438,2.7314406449472526,2.9121590960467305,2.6617083794247787,2.842342970106337,0.0,0.0
439,2.73099395181339,2.912110294294946,2.661264749262537,2.84229736328125,0.0,0.0
440,2.7305450368427615,2.9119724867078993,2.6608193906710915,2.842163255479601,0.0,0.0
441,2.730099976019746,2.9119412118417243,2.660377488938053,2.842135281032986,0.0,0.0
442,2.729650581024406,2.9118101294246723,2.6599315542035398,2.842007785373264,0.0,0.0
443,2.7292077222474154,2.911760762532552,2.659491957042773,2.8419618394639756,0.0,0.0
444,2.7287635445791376,2.9116442984121815,2.65905120759587,2.841848924424913,0.0,0.0
445,2.7283208075520653,2.911587113745419,2.6586116104351034,2.8417950100368925,0.0,0.0
446,2.7278777373146905,2.911470073181906,2.6581720132743363,2.8416815863715277,0.0,0.0
447,2.7274356276938088,2.9114227596330053,2.657732992256637,2.8416375054253473,0.0,0.0
448,2.726995291073829,2.911285716869213,2.6572959877396753,2.84150390625,0.0,0.0
449,2.7265553068878225,2.911209193100164,2.656858983222714,2.841430494520399,0.0,0.0
450,2.7261174411617293,2.911076916353202,2.6564245713495573,2.8413018120659723,0.0,0.0
451,2.725678890925502,2.911021238727334,2.6559890071902656,2.841249254014757,0.0,0.0
452,2.725240007478972,2.9108831561053243,2.6555534430309735,2.8411146375868057,0.0,0.0
453,2.724799959214061,2.910796229986497,2.655116438514012,2.8410308837890623,0.0,0.0
454,2.7243596930808756,2.9106709459092883,2.65467943399705,2.840908983018663,0.0,0.0
455,2.72391721236942,2.910587075315876,2.6542398368362834,2.840828111436632,0.0,0.0
456,2.7234771317815216,2.910472344292535,2.6538031203908554,2.8407168918185763,0.0,0.0
457,2.723036059388283,2.9103901239089023,2.6533649635877583,2.840637715657552,0.0,0.0
458,2.722600440846983,2.910248925479842,2.652932568215339,2.8404998779296875,0.0,0.0
459,2.722160194221004,2.9101766628689236,2.6524952756268436,2.8404307047526043,0.0,0.0
460,2.7217260737083873,2.9100492727020644,2.6520643206120944,2.840306599934896,0.0,0.0
461,2.721286179232846,2.909976746358989,2.6516273160951327,2.840237087673611,0.0,0.0
462,2.7208536913146113,2.909917007257909,2.651197801438053,2.8401804606119794,0.0,0.0
463,2.7204138542265492,2.909750837161217,2.6507610849926255,2.8400175306532116,0.0,0.0
464,2.7199736140084605,2.909686550564236,2.6503237924041296,2.8399563259548612,0.0,0.0
465,2.7195314467165654,2.9095403562946087,2.649884771386431,2.839813401963976,0.0,0.0
466,2.7190873593258233,2.9094801650812596,2.64944344579646,2.839756096733941,0.0,0.0
467,2.7186478807960897,2.9093293215904708,2.649007017422566,2.839608425564236,0.0,0.0
468,2.7182044910147996,2.909252681025752,2.648566556047198,2.8395348442925346,0.0,0.0
469,2.717766766545831,2.909081345546393,2.6481318561025073,2.839366658528646,0.0,0.0
470,2.7173232424823763,2.909025893976659,2.647691106655605,2.8393141004774307,0.0,0.0
471,2.7168857230659014,2.9089208758318867,2.6472564067109143,2.8392120361328126,0.0,0.0
472,2.716445694024661,2.9087760039906443,2.6468194021939526,2.839070298936632,0.0,0.0
473,2.716009691860541,2.9086817574206694,2.646386142606932,2.8389789157443577,0.0,0.0
474,2.715573100454037,2.9085570309485917,2.6459525949483775,2.8388573540581596,0.0,0.0
475,2.715133116551565,2.908465195644049,2.645515302359882,2.8387683444552954,0.0,0.0
476,2.7146957506409253,2.9083358199508105,2.645080890486726,2.838642035590278,0.0,0.0
477,2.714254486294509,2.9082504686897184,2.6446424456120945,2.83855963812934,0.0,0.0
478,2.7138196236007435,2.908152993284626,2.6442103383112094,2.838465033637153,0.0,0.0
479,2.7133826546957747,2.9079988154658567,2.643776214509587,2.8383138020833334,0.0,0.0
480,2.712944283880479,2.907924314899209,2.643340650350295,2.8382422553168403,0.0,0.0
481,2.712510726978684,2.907760265962577,2.6429099834070797,2.8380811903211804,0.0,0.0
482,2.7120698340063774,2.9076848234953703,2.642471826603982,2.8380086263020834,0.0,0.0
483,2.7116347729515438,2.907562176739728,2.6420394312315634,2.8378887600368925,0.0,0.0
484,2.711196043577919,2.9074257631655094,2.6416035790007375,2.837755330403646,0.0,0.0
485,2.7107581146235273,2.907332624270592,2.6411683029129795,2.8376649644639755,0.0,0.0
486,2.710325370673211,2.9071856161988814,2.6407385001843657,2.837521023220486,0.0,0.0
487,2.7098880691250105,2.907111179681472,2.6403038002396757,2.8374493069118922,0.0,0.0
488,2.7094585326924445,2.9069979180230034,2.639876878226401,2.8373387654622397,0.0,0.0
489,2.709026121668895,2.90686688458478,2.6394473635693214,2.837210761176215,0.0,0.0
490,2.7085937557841135,2.906779099452643,2.639017560840708,2.8371256510416667,0.0,0.0
491,2.7081659349649705,2.9066871850284532,2.638592367256637,2.8370364718967016,0.0,0.0
492,2.7077384788285115,2.906515020676601,2.638167749815634,2.836867268880208,0.0,0.0
493,2.7073138267962418,2.906444792570891,2.6377457250184366,2.836799791124132,0.0,0.0
494,2.706895556909416,2.906260383511767,2.637330325866519,2.8366183810763888,0.0,0.0
495,2.706468734870574,2.9061792783383966,2.6369059964970503,2.836539883083767,0.0,0.0
496,2.7060487816933123,2.9060721955475985,2.636488580844395,2.8364354451497396,0.0,0.0
497,2.7056296860392277,2.905932428807388,2.636072317477876,2.836298624674479,0.0,0.0
498,2.705208273280626,2.9058222565827543,2.6356534614675518,2.8361911349826388,0.0,0.0
499,2.7047903301962117,2.9057294002580054,2.635238062315634,2.8361009385850693,0.0,0.0
500,2.7043710489968396,2.9055512529538,2.634821510877581,2.8359256320529513,0.0,0.0
501,2.7039478821774727,2.905474951473283,2.6344009264380532,2.83585205078125,0.0,0.0
502,2.7035340361734375,2.9053774157865546,2.6339895602876107,2.835757107204861,0.0,0.0
503,2.703113039360643,2.905222356348862,2.633571280420354,2.8356048583984377,0.0,0.0
504,2.702694833836256,2.9051020342038,2.6331555931969026,2.8354871961805554,0.0,0.0
505,2.702279509027209,2.905028189199942,2.6327427866887905,2.835415988498264,0.0,0.0
506,2.7018577248944977,2.904855896749614,2.632323642606932,2.8352464463975693,0.0,0.0
507,2.701434353306172,2.904762739016686,2.6319027700958704,2.8351559109157987,0.0,0.0
508,2.701018836543947,2.9046511916172357,2.631489675516224,2.835046895345052,0.0,0.0
509,2.7005995745682467,2.904487131377797,2.631073124078171,2.834885660807292,0.0,0.0
510,2.7001782515201103,2.904348065411603,2.6306542680678464,2.8347491794162325,0.0,0.0
511,2.699761019144463,2.904234313964844,2.630239445058997,2.8346379597981772,0.0,0.0
512,2.6993415780313654,2.904033745659722,2.62982260554941,2.8344401041666667,0.0,0.0
513,2.698921087158379,2.903919564706308,2.6294046137536875,2.83432854546441,0.0,0.0
514,2.6985041941173886,2.903775695047261,2.6289900788163716,2.8341871473524307,0.0,0.0
515,2.69808245483991,2.903558858235677,2.628570934734513,2.8339730156792533,0.0,0.0
516,2.6976554600715614,2.9034171624831213,2.6281463172935102,2.8338338216145833,0.0,0.0
517,2.6972273002012965,2.903291573230131,2.627720547566372,2.8337107340494794,0.0,0.0
518,2.6967911701629026,2.903061003508391,2.6272869999078172,2.833482869466146,0.0,0.0
519,2.696355302848016,2.9029183507848666,2.6268534522492626,2.8333426581488714,0.0,0.0
520,2.695924364788658,2.9027682909553434,2.6264248018067846,2.8331949869791666,0.0,0.0
521,2.695492575046944,2.902550127947772,2.6259955752212387,2.832979498969184,0.0,0.0
522,2.6950581737212893,2.9023907056266878,2.625563467920354,2.832822502983941,0.0,0.0
523,2.6946301548246128,2.9022549250096454,2.6251376981932153,2.8326890733506946,0.0,0.0
524,2.6941993574553096,2.9020358728479456,2.6247093358222715,2.8324725680881078,0.0,0.0
525,2.6937698020826075,2.9019043797622492,2.624282125737463,2.8323435465494793,0.0,0.0
526,2.6933429867351903,2.9017447389202355,2.62385750829646,2.832186211480035,0.0,0.0
527,2.692920812288233,2.901530426402151,2.623437788071534,2.8319744533962674,0.0,0.0
528,2.6924950915559385,2.901375619393808,2.6230143229166667,2.831822035047743,0.0,0.0
529,2.6920748698143497,2.901250534999518,2.622596331120944,2.8316992865668404,0.0,0.0
530,2.691652215342681,2.9010334231529704,2.62217603475295,2.831484646267361,0.0,0.0
531,2.6912308541307373,2.9008966403537326,2.6217568906710915,2.8313501993815104,0.0,0.0
532,2.6908110486184906,2.90074624520761,2.6213391869469027,2.8312020195855037,0.0,0.0
533,2.690393528171309,2.900542481975791,2.6209240758665193,2.8310007731119793,0.0,0.0
534,2.6899687549561917,2.90038114571277,2.620501474926254,2.8308417426215278,0.0,0.0
535,2.68955009532219,2.9002522899486403,2.6200849234882004,2.830715094672309,0.0,0.0
536,2.689126928786358,2.90002965102961,2.6196640509771387,2.830494859483507,0.0,0.0
537,2.688707014339974,2.8999166041244697,2.61924634725295,2.8303841484917536,0.0,0.0
538,2.688287522530823,2.8997458940670815,2.618828931600295,2.8302156236436633,0.0,0.0
539,2.6878698485778068,2.899542274004147,2.6184135324483777,2.830014377170139,0.0,0.0
540,2.687445741216223,2.8993762885199654,2.61799150765118,2.829850599500868,0.0,0.0
541,2.687027408101098,2.899269002278646,2.617575244284661,2.8297454833984377,0.0,0.0
542,2.6866074936547144,2.899036273720824,2.617157540560472,2.829515075683594,0.0,0.0
543,2.686191727551833,2.8989196174527394,2.6167438698377583,2.829400634765625,0.0,0.0
544,2.6857780612522646,2.8987393188476562,2.6163322156157816,2.8292224460177953,0.0,0.0
545,2.6853704762108257,2.898576388888889,2.6159268989675515,2.8290618896484374,0.0,0.0
546,2.684955932880875,2.898416228117766,2.6155143805309735,2.8289038764105903,0.0,0.0
547,2.6845460435507,2.898300046567564,2.615106471238938,2.828789774576823,0.0,0.0
548,2.684134796881896,2.898068210931472,2.614697409660767,2.828560214572483,0.0,0.0
549,2.683725176399583,2.897959621099778,2.6142897884402654,2.8284537421332465,0.0,0.0
550,2.683315530285709,2.8977721640504437,2.613882167219764,2.8282684326171874,0.0,0.0
551,2.682908342249941,2.897582736545139,2.6134771386430677,2.828081258138021,0.0,0.0
552,2.6824939078541274,2.8974071059992283,2.6130646202064898,2.8279076470269096,0.0,0.0
553,2.682084242516582,2.8972735407323014,2.612656998985988,2.8277762518988716,0.0,0.0
554,2.681676241529336,2.8970609387056325,2.6122511061946905,2.8275658501519096,0.0,0.0
555,2.681267382735378,2.8969125855999227,2.6118443491887904,2.827419704861111,0.0,0.0
556,2.6808569621173683,2.896732008192274,2.6114358637536874,2.8272411770290797,0.0,0.0
557,2.680450548869272,2.896582426848235,2.611031411320059,2.8270936754014757,0.0,0.0
558,2.6800406720713426,2.8963656051070603,2.6106237900995577,2.826879204644097,0.0,0.0
559,2.679634572526341,2.8962055422935955,2.610219625737463,2.82672119140625,0.0,0.0
560,2.6792305791925433,2.8960540696132333,2.6098174778761063,2.8265716552734377,0.0,0.0
561,2.678830183123672,2.895852306978202,2.609419363016224,2.826372273763021,0.0,0.0
562,2.6784244357291085,2.895676699037905,2.6090154867256636,2.8261986626519096,0.0,0.0
563,2.6780241745094706,2.8955184220679016,2.6086170837942477,2.8260423448350696,0.0,0.0
564,2.6776233048237783,2.895316595383632,2.608218392791298,2.825842793782552,0.0,0.0
565,2.6772221793895388,2.895172906569493,2.60781912564528,2.8257010565863716,0.0,0.0
566,2.6768213548426143,2.8950215732904128,2.6074201465707967,2.8255516899956596,0.0,0.0
567,2.6764273988737357,2.894808571897907,2.6070283692846608,2.8253409491644965,0.0,0.0
568,2.6760269136614685,2.894643573525511,2.606629678281711,2.8251778496636284,0.0,0.0
569,2.6756315368421264,2.8944957780249325,2.606236172566372,2.825032043457031,0.0,0.0
570,2.675239046862479,2.8943109356915513,2.6058458356379055,2.8248494466145835,0.0,0.0
571,2.6748423386196047,2.8941397019374517,2.6054508895648967,2.8246800740559896,0.0,0.0
572,2.6744499001866155,2.894013174551505,2.6050602645648966,2.8245554606119794,0.0,0.0
573,2.674056712597518,2.8938571355372296,2.604669063421829,2.8244015163845484,0.0,0.0
574,2.6736595240463967,2.893639443479938,2.604273829277286,2.824185858832465,0.0,0.0
575,2.6732601975281556,2.893463594413098,2.6038762905604718,2.8240119086371527,0.0,0.0
576,2.6728670804258523,2.893342224874614,2.603485089417404,2.8238925509982638,0.0,0.0
577,2.672470173538375,2.8931019686475214,2.6030901433443954,2.8236543443467883,0.0,0.0
578,2.6720760835708677,2.8929807724187406,2.602697789915192,2.8235349867078994,0.0,0.0
579,2.6716792279465134,2.892835851598669,2.6023028438421827,2.823392062717014,0.0,0.0
580,2.6712844144544587,2.892592780972705,2.6019099142699114,2.8231509738498266,0.0,0.0
581,2.670890318079061,2.892487698778694,2.601517560840708,2.8230477227105033,0.0,0.0
582,2.6704937441183505,2.8923200367115163,2.601122902839233,2.822882080078125,0.0,0.0
583,2.6701012544222387,2.8921297238196857,2.600732277839233,2.8226937188042536,0.0,0.0
584,2.669706377134814,2.8919687680844905,2.6003390601954277,2.8225345187717013,0.0,0.0
585,2.669316076668946,2.8918632450810184,2.5999507397676993,2.8224310980902776,0.0,0.0
586,2.668923855820696,2.8915984806013695,2.599560402839233,2.8221683078342013,0.0,0.0
587,2.6685318464328307,2.891489743833189,2.599170065910767,2.8220613267686634,0.0,0.0
588,2.6681355669515447,2.8913213960624033,2.598775695980826,2.821895005967882,0.0,0.0
589,2.6677469695668528,2.8912107265142746,2.598388815910767,2.821786159939236,0.0,0.0
590,2.6673530651446327,2.8909785593291857,2.597996750553097,2.821555921766493,0.0,0.0
591,2.666961132367917,2.890867546929253,2.597606701696165,2.8214469061957463,0.0,0.0
592,2.666575191705935,2.8906850744176795,2.5972224142699116,2.8212661743164062,0.0,0.0
593,2.66619506345422,2.8905247328016492,2.5968441763458703,2.8211078219943575,0.0,0.0
594,2.665805256112379,2.8903556804892454,2.5964561439896756,2.8209406534830728,0.0,0.0
595,2.6654181695721513,2.890224571698978,2.596070704277286,2.820811292860243,0.0,0.0
596,2.6650304553421984,2.8900214075159143,2.595684976493363,2.8206102159288196,0.0,0.0
597,2.6646399375751253,2.889886421862944,2.595296079922566,2.8204769558376737,0.0,0.0
598,2.664253395138514,2.889720187717014,2.594911216353245,2.8203125,0.0,0.0
599,2.663868062375517,2.889528311270255,2.594527793141593,2.8201226128472223,0.0,0.0
600,2.6634787545655936,2.8893779575677563,2.594140048856932,2.819973924424913,0.0,0.0
601,2.663089946004053,2.8892410918812694,2.593752880715339,2.8198387993706597,0.0,0.0
602,2.662705919316562,2.8890876675829475,2.593370609789823,2.819687228732639,0.0,0.0
603,2.6623179044828285,2.8888837800202545,2.592984305862832,2.819485134548611,0.0,0.0
604,2.6619340636241593,2.8887244405864196,2.5926020349373156,2.819327460394965,0.0,0.0
605,2.661547719548616,2.8885937123239778,2.592217459439528,2.8191986083984375,0.0,0.0
606,2.661164019380001,2.888380484875338,2.591835476585546,2.8189871893988716,0.0,0.0
607,2.6607780851259095,2.888251764744888,2.591451189159292,2.8188602023654514,0.0,0.0
608,2.66039279750168,2.888084434226707,2.591067477876106,2.818694559733073,0.0,0.0
609,2.660009667068243,2.8879135923032404,2.590686071165192,2.8185255262586804,0.0,0.0
610,2.6596214090182086,2.8877187206127024,2.5902994791666667,2.8183324178059896,0.0,0.0
611,2.659232978238668,2.8875970270604263,2.589912599096608,2.818212381998698,0.0,0.0
612,2.658847876159726,2.8873562094606,2.5895291758849557,2.817973327636719,0.0,0.0
613,2.6584607383563754,2.8872352279851463,2.5891437361725664,2.8178541395399304,0.0,0.0
614,2.65806865235736,2.8870427713276428,2.5887531111725663,2.8176632351345487,0.0,0.0
615,2.657687288800468,2.8868661800431616,2.5883734328908554,2.8174884372287328,0.0,0.0
616,2.6572979169116406,2.886650514955874,2.5879856886061945,2.817274475097656,0.0,0.0
617,2.6569127446294396,2.886524850350839,2.587601977323009,2.817150370279948,0.0,0.0
618,2.656529511669755,2.886273008746865,2.5872205706120943,2.816900465223524,0.0,0.0
619,2.6561395254740523,2.8861118457935477,2.5868319621128317,2.8167407565646703,0.0,0.0
620,2.655747765993913,2.8859435168607734,2.586441625184366,2.8165739271375867,0.0,0.0
621,2.6553583620656336,2.885789320203993,2.586053880899705,2.8164215087890625,0.0,0.0
622,2.6549650084384546,2.885522837697724,2.5856621036135694,2.816156684027778,0.0,0.0
623,2.6545711363392215,2.885339491102431,2.585269750184366,2.8159749348958334,0.0,0.0
624,2.654180849256204,2.8851581300335165,2.5848808536135692,2.8157950507269964,0.0,0.0
625,2.653790331489131,2.8849324318214697,2.584491957042773,2.815571085611979,0.0,0.0
626,2.6533981557796493,2.884759042998891,2.584101332042773,2.815399339463976,0.0,0.0
627,2.6530090850616714,2.8845864039291573,2.583713587758112,2.8152281019422745,0.0,0.0
628,2.6526250583741806,2.8843502355504915,2.583331316832596,2.8149937947591144,0.0,0.0
629,2.6522327676062063,2.8841594027295527,2.582940403761062,2.814804416232639,0.0,0.0
630,2.6518395229131646,2.883964904031636,2.5825486264749262,2.8146114773220487,0.0,0.0
631,2.6514444921199054,2.883740690254871,2.582155120759587,2.814388868543837,0.0,0.0
632,2.6510491796630027,2.8835398657527973,2.581761326972714,2.814189656575521,0.0,0.0
633,2.6506540209954697,2.883390239197531,2.5813675331858406,2.814041476779514,0.0,0.0
634,2.6502652060260394,2.8831258853865256,2.580980365044248,2.813778856065538,0.0,0.0
635,2.649869477623329,2.882954210822965,2.5805859951143066,2.813608635796441,0.0,0.0
636,2.6494726674212776,2.8827466837565106,2.58019047289823,2.8134024726019966,0.0,0.0
637,2.649080274127057,2.882611686800733,2.579799559826696,2.81326904296875,0.0,0.0
638,2.6486835341282657,2.8823356082115645,2.5794043256821535,2.8129945543077257,0.0,0.0
639,2.6482869094715014,2.882190875771605,2.5790090915376105,2.812851291232639,0.0,0.0
640,2.6478895551658352,2.881981683424961,2.5786129931784663,2.8126434326171874,0.0,0.0
641,2.6474967136028194,2.8817641307689525,2.5782217920353983,2.8124276055230033,0.0,0.0
642,2.647093565827022,2.881543526355131,2.5778199322455753,2.8122083875868054,0.0,0.0
643,2.646694374158015,2.881373053656684,2.5774221054572273,2.812039354112413,0.0,0.0
644,2.6462964373013893,2.8811814936885125,2.5770254309550147,2.811849127875434,0.0,0.0
645,2.6458989930017216,2.8809459544994214,2.576629620667404,2.8116153293185766,0.0,0.0
646,2.6454961909684718,2.880751711998457,2.576228048949115,2.8114223904079862,0.0,0.0
647,2.645097601074094,2.880573971595293,2.575830798303835,2.811246066623264,0.0,0.0
648,2.6446998113154137,2.8802866467134454,2.5754344118731565,2.810960218641493,0.0,0.0
649,2.6442982702189015,2.8801315345293212,2.575034280512537,2.810806613498264,0.0,0.0
650,2.6438972094306363,2.8799386709707755,2.5746344372234513,2.8106150309244793,0.0,0.0
651,2.6434990418899558,2.879693633656443,2.5742377627212387,2.810371568467882,0.0,0.0
652,2.643095945377282,2.879509548611111,2.5738359029314157,2.810188802083333,0.0,0.0
653,2.642691011501267,2.879337064013069,2.5734323147123894,2.8100177341037327,0.0,0.0
654,2.6422870892213344,2.8791213122709296,2.5730295907079648,2.809803263346354,0.0,0.0
655,2.641880593237732,2.87886883770978,2.5726245621312684,2.8095523410373264,0.0,0.0
656,2.6414754866322108,2.8786732313368057,2.572220685840708,2.8093580457899305,0.0,0.0
657,2.6410691380300877,2.8784985577618634,2.5718156572640116,2.809184773763021,0.0,0.0
658,2.640668544450753,2.8782514897099247,2.571416390117994,2.8089391072591146,0.0,0.0
659,2.640262464696493,2.878066104841821,2.571011649612832,2.808755154079861,0.0,0.0
660,2.639862895529021,2.877848695354697,2.570613246681416,2.8085389879014757,0.0,0.0
661,2.6394649010013818,2.877657244646991,2.5702165721792034,2.8083489312065972,0.0,0.0
662,2.639064896380896,2.8773923897448883,2.5698178811762538,2.808085462782118,0.0,0.0
663,2.6386568257574603,2.877188215844425,2.569411124170354,2.8078826904296874,0.0,0.0
664,2.638257000557906,2.8769828739872687,2.569012433167404,2.8076785617404516,0.0,0.0
665,2.6378545375757785,2.8767290506245176,2.5686114375921827,2.807426283094618,0.0,0.0
666,2.63745380330639,2.8765184002158084,2.5682118823746314,2.8072168986002604,0.0,0.0
667,2.6370503994985106,2.876274798357928,2.567809734513274,2.806974622938368,0.0,0.0
668,2.636656399525004,2.875999710648148,2.567417093012537,2.8067009819878472,0.0,0.0
669,2.636255012217862,2.8758108633535877,2.5670169616519174,2.806513468424479,0.0,0.0
670,2.635858656692496,2.8755831419391398,2.566621727507375,2.8062869601779514,0.0,0.0
671,2.6354638950306346,2.8754041356216242,2.5662282217920356,2.8061092800564236,0.0,0.0
672,2.635069101329321,2.8751077609592013,2.5658347160766963,2.805814276801215,0.0,0.0
673,2.6346728160072144,2.8749149087034622,2.5654397700036875,2.805622863769531,0.0,0.0
674,2.6342756218988077,2.8746823233145253,2.565043671644543,2.8053914388020833,0.0,0.0
675,2.6338807064475764,2.874444497190876,2.5646501659292036,2.8051550971137154,0.0,0.0
676,2.6334782950121074,2.8742201666184415,2.5642488822824485,2.8049319797092016,0.0,0.0
677,2.633077931833293,2.8740164184570314,2.5638499032079647,2.804729715983073,0.0,0.0
678,2.6326780361469435,2.8737277711467977,2.5634512122050146,2.8044423421223956,0.0,0.0
679,2.632278166092157,2.8735383210358796,2.563052521202065,2.804254150390625,0.0,0.0
680,2.6318753576510163,2.8732953747407888,2.5626509494837757,2.8040125528971354,0.0,0.0
681,2.6314766334744744,2.873110163182388,2.5622534107669614,2.803828599717882,0.0,0.0
682,2.6310767570117974,2.8728081521870177,2.561854719764012,2.80352783203125,0.0,0.0
683,2.6306768549175583,2.872646631311487,2.561456028761062,2.8033676147460938,0.0,0.0
684,2.6302752436177865,2.8723915382667826,2.5610556093289087,2.803113810221354,0.0,0.0
685,2.6298810260595404,2.872159943757234,2.560662679756637,2.802883572048611,0.0,0.0
686,2.629481284162562,2.8719089159553435,2.5602639887536873,2.8026336669921874,0.0,0.0
687,2.629082995155499,2.8717196316189235,2.559867026179941,2.802445814344618,0.0,0.0
688,2.6286861916448734,2.871496122383777,2.5594712158923305,2.802223375108507,0.0,0.0
689,2.6282881266304394,2.8712425439151716,2.559074541390118,2.801971266004774,0.0,0.0
690,2.627889300211186,2.8710327751253857,2.55867671460177,2.8017625596788194,0.0,0.0
691,2.6274928037122303,2.8708318602008585,2.558281480457227,2.801563008626302,0.0,0.0
692,2.6271007051809687,2.870563573013117,2.557890567385693,2.8012959798177084,0.0,0.0
693,2.626701673709222,2.8703608760127315,2.557492740597345,2.801094563802083,0.0,0.0
694,2.6263071299156344,2.8701376606505593,2.557099234882006,2.8008724636501734,0.0,0.0
695,2.625915370435495,2.869919478804977,2.55670889795354,2.800655788845486,0.0,0.0
696,2.625516031952078,2.869702826605903,2.556310495022124,2.800440131293403,0.0,0.0
697,2.6251161234499483,2.86950791347174,2.555911804019174,2.8002465142144097,0.0,0.0
698,2.6247204081465543,2.869303995768229,2.5555171460176993,2.800043741861979,0.0,0.0
699,2.6243238475686943,2.869024707181954,2.5551219118731563,2.799765862358941,0.0,0.0
700,2.623925923811385,2.8688400682990935,2.55472494929941,2.799582248263889,0.0,0.0
701,2.623525720829831,2.8686388745720004,2.554325970224926,2.79938235812717,0.0,0.0
702,2.623133936001665,2.868368236400463,2.553935345224926,2.7991129557291665,0.0,0.0
703,2.6227343796499736,2.8682001711998457,2.55353694229351,2.7989461263020834,0.0,0.0
704,2.6223381586903063,2.867980753580729,2.5531417081489676,2.798727756076389,0.0,0.0
705,2.6219437235473206,2.8677692102502896,2.552748490505162,2.798517523871528,0.0,0.0
706,2.621551996390169,2.8675205108265818,2.5523578655051624,2.798269992404514,0.0,0.0
707,2.621153880396147,2.8673293954354744,2.551960902931416,2.798080105251736,0.0,0.0
708,2.620760252080285,2.867099628213011,2.5515682614306785,2.797851392957899,0.0,0.0
709,2.620365304873136,2.866928010163484,2.5511744676438055,2.7976810031467014,0.0,0.0
710,2.619967816285305,2.8666523460105613,2.5507780812131267,2.7974065144856772,0.0,0.0
711,2.619570334105365,2.8664553569275655,2.5503816947824482,2.797210693359375,0.0,0.0
712,2.6191769746373654,2.866229805652006,2.549989341353245,2.7969862196180557,0.0,0.0
713,2.6187801452116433,2.865978514117959,2.549593819137168,2.796736314561632,0.0,0.0
714,2.6183811716944447,2.865767362618152,2.549195704277286,2.796526082356771,0.0,0.0
715,2.6179804246092755,2.8655731502580055,2.5487961490597346,2.7963331434461804,0.0,0.0
716,2.6175831154423763,2.865363780834057,2.548399762629056,2.7961247762044272,0.0,0.0
717,2.6171828676055893,2.865098146038291,2.5480007835545724,2.7958604600694446,0.0,0.0
718,2.616785308814499,2.8648744182822146,2.54760410905236,2.795637681749132,0.0,0.0
719,2.6163851763197394,2.8646820934907886,2.547205129977876,2.795446607801649,0.0,0.0
720,2.615992079291712,2.864403468002508,2.5468130646202063,2.7951690673828127,0.0,0.0
721,2.615592311763172,2.8642292126314137,2.5464143736172566,2.7949959648980034,0.0,0.0
722,2.6151940935264384,2.864001148365162,2.5460171229719766,2.7947689480251734,0.0,0.0
723,2.6147986470709066,2.8637972306616515,2.5456227530420352,2.794566175672743,0.0,0.0
724,2.6144041160931,2.863532522696036,2.545229247326696,2.794302537706163,0.0,0.0
725,2.614001762328645,2.8632978952666863,2.544827963679941,2.794069078233507,0.0,0.0
726,2.6136063607283466,2.8630753882137348,2.54443359375,2.79384765625,0.0,0.0
727,2.613209179435721,2.862824153193721,2.5440374953908553,2.7935975816514755,0.0,0.0
728,2.6128083365157297,2.8626018382884837,2.54363765210177,2.7933763292100693,0.0,0.0
729,2.612409318143299,2.8623935162579572,2.543239537241888,2.79316897922092,0.0,0.0
730,2.612007239634597,2.8621738160686725,2.542838541666667,2.792950439453125,0.0,0.0
731,2.6116078306643846,2.8618874142493733,2.542440138735251,2.7926651000976563,0.0,0.0
732,2.611203505254425,2.8616521764684606,2.5420368385877583,2.792430962456597,0.0,0.0
733,2.6108046532036093,2.8614672926914544,2.54163901179941,2.7922471788194443,0.0,0.0
734,2.610404777024467,2.8612153983410495,2.541240032724926,2.7919962565104166,0.0,0.0
735,2.6100049838643646,2.8609565339265046,2.5408413417219764,2.7917385525173612,0.0,0.0
736,2.609602803112951,2.8607414528175634,2.5404400580752213,2.791524420844184,0.0,0.0
737,2.6091984200319773,2.8605039356372974,2.5400367579277288,2.791288079155816,0.0,0.0
738,2.60879778857237,2.8602718287338447,2.5396369146386433,2.791056823730469,0.0,0.0
739,2.608395037802244,2.8600045738691167,2.539235342920354,2.790790812174479,0.0,0.0
740,2.6079928762745013,2.859791018639082,2.538834059273599,2.7905782063802085,0.0,0.0
741,2.6075834104321634,2.8595653354974444,2.5384255738384955,2.7903535630967884,0.0,0.0
742,2.6071789122926976,2.859333609121817,2.5380219856194692,2.790122816297743,0.0,0.0
743,2.606773946660766,2.8590562495478875,2.5376181093289087,2.7898466322157116,0.0,0.0
744,2.606365056961496,2.8587958102756073,2.5372102000368733,2.789587232801649,0.0,0.0
745,2.605957812672389,2.8585940740137925,2.5368037311025073,2.7893863254123263,0.0,0.0
746,2.6055518165042395,2.8583600833092206,2.536398702525811,2.7891533745659722,0.0,0.0
747,2.605151280879454,2.858080647786458,2.5359991473082597,2.788874986436632,0.0,0.0
748,2.604745848038591,2.8578573382342305,2.5355946948746313,2.7886527167426216,0.0,0.0
749,2.604343878464026,2.8576519926094712,2.53519369929941,2.7884484185112846,0.0,0.0
750,2.603941550614668,2.8573802429952737,2.534792127581121,2.788177490234375,0.0,0.0
751,2.603543716284289,2.857127067660108,2.5343954530789086,2.787925550672743,0.0,0.0
752,2.603144281966051,2.856898242338204,2.533996762075959,2.787697516547309,0.0,0.0
753,2.6027449050352907,2.85668525978371,2.5335983591445426,2.787485588921441,0.0,0.0
754,2.6023493691528286,2.8564645837854457,2.533203701143068,2.787265862358941,0.0,0.0
755,2.6019540059998723,2.856183953932774,2.532809331213127,2.7869862874348956,0.0,0.0
756,2.6015589501421212,2.8559375866548513,2.53241524935472,2.786740960015191,0.0,0.0
757,2.6011628445244814,2.8557253877616224,2.532020015210177,2.786529710557726,0.0,0.0
758,2.6007673278656904,2.85548117555218,2.531625357208702,2.7862864176432294,0.0,0.0
759,2.600377751774974,2.855204983934944,2.5312367487094396,2.786011250813802,0.0,0.0
760,2.5999865113339586,2.855001740632234,2.5308464117809732,2.7858089870876737,0.0,0.0
761,2.5995935873189735,2.854762599615403,2.530454346423304,2.7855707804361978,0.0,0.0
762,2.599199408491605,2.854486415533372,2.5300611287794985,2.785295613606771,0.0,0.0
763,2.5988077456968917,2.854294350706501,2.5296702157079647,2.7851043701171876,0.0,0.0
764,2.598415659981411,2.854007760507089,2.529279302636431,2.7848190307617187,0.0,0.0
765,2.5980202458488666,2.853778920114776,2.5288846446349558,2.7845909966362847,0.0,0.0
766,2.5976238649754735,2.8535442022629725,2.528489122418879,2.784357198079427,0.0,0.0
767,2.5972254804171238,2.8533356014298805,2.5280915837020648,2.7841495090060766,0.0,0.0
768,2.59682703177987,2.8530582606939623,2.5276940449852505,2.7838731553819445,0.0,0.0
769,2.5964285959583973,2.8527595877941745,2.5272965062684367,2.783575439453125,0.0,0.0
770,2.5960309730884026,2.8525129040376638,2.526899831766224,2.7833297729492186,0.0,0.0
771,2.5956329919436145,2.852315289532697,2.526502581120944,2.7831329345703124,0.0,0.0
772,2.5952284553568057,2.852026713806906,2.5260989929019173,2.782845391167535,0.0,0.0
773,2.5948252761086263,2.851786182544849,2.5256965569690264,2.7826056586371526,0.0,0.0
774,2.5944272754566318,2.8514736335660205,2.52529959439528,2.782294209798177,0.0,0.0
775,2.5940237312422334,2.8512518235194833,2.5248968703908554,2.7820732964409722,0.0,0.0
776,2.5936207247235603,2.850984553584346,2.5244947225294987,2.7818069458007812,0.0,0.0
777,2.5932190499119545,2.8507506947458525,2.5240937269542774,2.7815738254123263,0.0,0.0
778,2.5928176949278,2.8504987627194254,2.523693307522124,2.7813229031032987,0.0,0.0
779,2.592419323185231,2.850278810100791,2.5232957688053097,2.7811038547092015,0.0,0.0
780,2.5920225709377287,2.8499536509572723,2.522899958517699,2.7807796902126736,0.0,0.0
781,2.591621990741245,2.8497066695601854,2.5225001152286137,2.7805335150824653,0.0,0.0
782,2.5912155017326026,2.8494498810944733,2.5220945105088495,2.7802776760525174,0.0,0.0
783,2.590810869310973,2.8492254337263696,2.521690634218289,2.7800540500217013,0.0,0.0
784,2.5904049948927415,2.848934612509645,2.521285605641593,2.7797641330295138,0.0,0.0
785,2.5900033200811357,2.8487204130196275,2.5208846100663718,2.7795506795247396,0.0,0.0
786,2.5895992571111477,2.8484144535771123,2.520481597990413,2.779245842827691,0.0,0.0
787,2.5891883576025663,2.8481382092134453,2.520071384126106,2.7789703369140626,0.0,0.0
788,2.5887727592389758,2.847873572832272,2.5196565611172566,2.778706529405382,0.0,0.0
789,2.58836202605201,2.8476187020760992,2.5192466353244836,2.7784525553385415,0.0,0.0
790,2.5879486745896774,2.847369256667149,2.5188341168879056,2.7782040066189237,0.0,0.0
791,2.5875298689918713,2.8470367582344713,2.518416125092183,2.7778723822699654,0.0,0.0
792,2.587113432045241,2.8467806290991513,2.5180004378687317,2.7776170518663195,0.0,0.0
793,2.5867001318460314,2.846548522195698,2.5175879194321533,2.777385796440972,0.0,0.0
794,2.5862845014429885,2.846245848102334,2.5171730964233037,2.777084011501736,0.0,0.0
795,2.585867040368031,2.845993923611111,2.516756256913717,2.776832750108507,0.0,0.0
796,2.5854496302726617,2.845709676860291,2.5163397054756635,2.7765494452582464,0.0,0.0
797,2.5850310742990468,2.84543191038532,2.5159220017514747,2.7762725830078123,0.0,0.0
798,2.5846019237575817,2.84513079231168,2.515493639380531,2.7759723239474825,0.0,0.0
799,2.5841724021255414,2.8448678777247296,2.5150647008665192,2.775710042317708,0.0,0.0
800,2.583742316882679,2.844583137418017,2.5146354742809733,2.775426228841146,0.0,0.0
801,2.583310701855217,2.8443040334442515,2.514204519266224,2.7751478407118055,0.0,0.0
802,2.582881487234847,2.8439474148220487,2.5137761568952803,2.7747921413845487,0.0,0.0
803,2.582451818221328,2.8437082474320023,2.5133472183812686,2.7745537651909724,0.0,0.0
804,2.5820180713511003,2.8434005322868443,2.512914246865782,2.7742468939887153,0.0,0.0
805,2.581587634241335,2.8431421425901817,2.512484444137168,2.77398918999566,0.0,0.0
806,2.5811519413571644,2.842839249975887,2.512049456120944,2.773687065972222,0.0,0.0
807,2.580717387943349,2.8425682237413197,2.5116156203908555,2.7734168158637154,0.0,0.0
808,2.580282917548574,2.842193904923804,2.511182072732301,2.773043484157986,0.0,0.0
809,2.5798490492119637,2.8419563839759356,2.5107488131452804,2.772806633843316,0.0,0.0
810,2.579411909562233,2.841686898690683,2.5103123847713866,2.7725379096137153,0.0,0.0
811,2.5789756789823373,2.8413981082115645,2.5098768206120945,2.7722498575846353,0.0,0.0
812,2.578540523793892,2.8411153609664352,2.509442408738938,2.7719679090711806,0.0,0.0
813,2.5781112069308105,2.84088099350164,2.5090137582964602,2.7717342800564237,0.0,0.0
814,2.5776796556987174,2.840543849615403,2.5085830913532448,2.7713980780707463,0.0,0.0
815,2.5772508829392513,2.840288782943914,2.5081550170538347,2.771143764919705,0.0,0.0
816,2.5768190311033785,2.840010402349778,2.5077237739675518,2.770866054958767,0.0,0.0
817,2.576392191542075,2.8397905100127794,2.507297716168879,2.77064700656467,0.0,0.0
818,2.5759612359602553,2.8395174153645835,2.5068673372971975,2.770374552408854,0.0,0.0
819,2.575531278875202,2.839256893205054,2.506438110711652,2.7701148139105904,0.0,0.0
820,2.575107672179675,2.8389278986424578,2.5060152216998524,2.769786580403646,0.0,0.0
821,2.5746814023535487,2.8386995141300155,2.5055897400442477,2.769559054904514,0.0,0.0
822,2.5742532698160554,2.8384221281828705,2.5051622418879056,2.7692823621961806,0.0,0.0
823,2.5738277235144764,2.838173733934944,2.504737336375369,2.769034661187066,0.0,0.0
824,2.573404513824621,2.837927573875145,2.5043147354351034,2.7687891642252604,0.0,0.0
825,2.572984267869145,2.837680170506607,2.503895303281711,2.7685426500108505,0.0,0.0
826,2.572570622210923,2.837416946976273,2.503482208702065,2.768280029296875,0.0,0.0
827,2.57215703394018,2.8371226407274786,2.503069402193953,2.767986551920573,0.0,0.0
828,2.5717433242030534,2.8368746157045717,2.502656307614307,2.76773918999566,0.0,0.0
829,2.571325715746616,2.8366506543571566,2.5022394681047198,2.7675160725911456,0.0,0.0
830,2.570904266525416,2.8363679108796296,2.5018185955936576,2.76723395453559,0.0,0.0
831,2.57048187619493,2.836133573555652,2.5013968588679942,2.7670003255208333,0.0,0.0
832,2.570064492014657,2.835878341109664,2.500980019358407,2.76674567328559,0.0,0.0
833,2.5696424471431834,2.8355861032744984,2.500558858775811,2.766454399956597,0.0,0.0
834,2.569220607324203,2.8353015664183063,2.5001376981932153,2.7661705864800346,0.0,0.0
835,2.568800617684344,2.835049016505112,2.499718266039823,2.765918646918403,0.0,0.0
836,2.5683844880329185,2.8348069518289445,2.4993028668879056,2.7656773885091144,0.0,0.0
837,2.5679685890655484,2.834578729323399,2.498887467735988,2.765449693467882,0.0,0.0
838,2.567552485045685,2.8342927909191746,2.498472068584071,2.765164523654514,0.0,0.0
839,2.5671384103423396,2.834014858669705,2.498058685932891,2.7648873223198787,0.0,0.0
840,2.5667208531490253,2.8337297453703707,2.4976418464233037,2.764603000217014,0.0,0.0
841,2.5663071818592416,2.833503960503472,2.497228751843658,2.7643778483072916,0.0,0.0
842,2.5658916924297883,2.8332377341941553,2.496813928834808,2.764112345377604,0.0,0.0
843,2.5654795704318114,2.8330287076220104,2.496402274612832,2.76390380859375,0.0,0.0
844,2.5650667630730943,2.8326881728937594,2.4959903323193213,2.763564215766059,0.0,0.0
845,2.564654013668926,2.8324644978841147,2.495578101954277,2.763341098361545,0.0,0.0
846,2.5642413729153604,2.8322197582103588,2.495166159660767,2.763097127278646,0.0,0.0
847,2.5638288154643694,2.8319647744261185,2.4947542173672566,2.762842814127604,0.0,0.0
848,2.563413089226506,2.831690979003906,2.494339106286873,2.7625696818033854,0.0,0.0
849,2.5630032653929096,2.831455812807436,2.493929756637168,2.762335035536024,0.0,0.0
850,2.5625923722922184,2.831199743953752,2.4935195427728614,2.7620797051323787,0.0,0.0
851,2.562185908915138,2.8309114432629245,2.4931139380530976,2.7617923312717014,0.0,0.0
852,2.561774305389215,2.8306387555157695,2.4927028599741887,2.7615202162000867,0.0,0.0
853,2.561368744957614,2.8303821667329765,2.492297831397493,2.761264207628038,0.0,0.0
854,2.560957307753307,2.830143590856481,2.491887041390118,2.7610263400607638,0.0,0.0
855,2.5605402308682392,2.8298942999192227,2.4914704899520648,2.760777621799045,0.0,0.0
856,2.5601221552028712,2.8296231719593945,2.49105307429941,2.7605072021484376,0.0,0.0
857,2.55971140948366,2.829387444390191,2.4906428604351034,2.7602720472547744,0.0,0.0
858,2.5592992936100383,2.829048563639323,2.490231494284661,2.7599339803059895,0.0,0.0
859,2.558886531390089,2.8287931541160303,2.4898192639196166,2.759679158528646,0.0,0.0
860,2.5584719382146894,2.828519513165509,2.4894053051253686,2.7594061957465277,0.0,0.0
861,2.5580617750464363,2.8283024276921775,2.48899566740413,2.759189690483941,0.0,0.0
862,2.557652040639771,2.8280382434232734,2.488586605825959,2.7589262220594617,0.0,0.0
863,2.55724251769349,2.827803585853106,2.4881775442477876,2.758692084418403,0.0,0.0
864,2.55683369876455,2.8275343605324075,2.4877693468842184,2.7584235297309028,0.0,0.0
865,2.556427280526237,2.827293038073881,2.4873634540929204,2.7581827799479166,0.0,0.0
866,2.556016931529162,2.826973707411024,2.4869538163716816,2.7578642103407116,0.0,0.0
867,2.5556081574554543,2.826735538435571,2.486545619008112,2.757626681857639,0.0,0.0
868,2.5551950494929576,2.8264839831693673,2.486133100571534,2.7573757595486112,0.0,0.0
869,2.554785763355087,2.8262460741584685,2.4857243270648968,2.757138400607639,0.0,0.0
870,2.554375254444286,2.8259975781852815,2.4853144012721238,2.7568905300564235,0.0,0.0
871,2.5539677223671804,2.825725082585841,2.4849073561946904,2.7566185845269096,0.0,0.0
872,2.5535580648552,2.825477596330054,2.484498294616519,2.7563717312282985,0.0,0.0
873,2.553151633801107,2.8252376076027197,2.484092401825221,2.756132337782118,0.0,0.0
874,2.552737578321433,2.82493408203125,2.4836790191740414,2.7558295355902778,0.0,0.0
875,2.552325123396689,2.824657679428289,2.483267076880531,2.755553690592448,0.0,0.0
876,2.551910869555947,2.8244073034215855,2.482853406157817,2.755303955078125,0.0,0.0
877,2.551497287976629,2.8241419587311922,2.4824403115781712,2.7550391303168404,0.0,0.0
878,2.5510786874313163,2.8238944423345873,2.4820223197824482,2.7547922770182294,0.0,0.0
879,2.5506607655553184,2.823606164249373,2.4816049041297936,2.7545045640733505,0.0,0.0
880,2.5502442327738666,2.823352435076678,2.481188928834808,2.7542514377170138,0.0,0.0
881,2.549829742124714,2.8230514413339116,2.4807749700405606,2.753951009114583,0.0,0.0
882,2.5494114488746065,2.82278072781033,2.4803572663163718,2.753680928548177,0.0,0.0
883,2.548994397621101,2.8224861842025946,2.479940714878319,2.753386942545573,0.0,0.0
884,2.5485714760027793,2.8222405252338927,2.479518402009587,2.7531419542100695,0.0,0.0
885,2.5481472550003774,2.821945710358796,2.4790946487831858,2.7528476291232638,0.0,0.0
886,2.5477215423771824,2.8216506430543498,2.478669455199115,2.7525531344943577,0.0,0.0
887,2.5472990049487514,2.8213528630762923,2.4782474304019173,2.75225592719184,0.0,0.0
888,2.5468781575021815,2.8211084587191357,2.4778271340339235,2.7520121256510417,0.0,0.0
889,2.546458103783418,2.82073378574701,2.477407701880531,2.7516381157769096,0.0,0.0
890,2.5460346893246046,2.8204761872468174,2.4769848128687317,2.751381089952257,0.0,0.0
891,2.545614181212691,2.8201747074833623,2.4765648045722712,2.7510801527235245,0.0,0.0
892,2.5451924823673,2.8199181036301604,2.4761436439896753,2.750824144151476,0.0,0.0
893,2.5447760585199855,2.8196316038532023,2.4757276686946903,2.750538126627604,0.0,0.0
894,2.544363001820612,2.8193894186137634,2.475315150258112,2.7502965291341144,0.0,0.0
895,2.5439499643449097,2.819089434588397,2.474902631821534,2.749997117784288,0.0,0.0
896,2.5435381432342474,2.818844958646798,2.4744912656710913,2.749753146701389,0.0,0.0
897,2.543126763700954,2.818489134988667,2.4740804756637167,2.749397956000434,0.0,0.0
898,2.5427154674702366,2.8182517346040705,2.473669685656342,2.749161105685764,0.0,0.0
899,2.54230419046319,2.81798806272907,2.4732588956489674,2.748897976345486,0.0,0.0
900,2.5418922411947196,2.817715145158179,2.4728475294985253,2.7486256917317706,0.0,0.0
901,2.5414790245816206,2.8174468165268136,2.472434722990413,2.7483578152126737,0.0,0.0
902,2.5410650780360835,2.8171759485315393,2.472021340339233,2.7480875651041665,0.0,0.0
903,2.5406524311581618,2.816904051980855,2.471609109974189,2.747816128200955,0.0,0.0
904,2.5402410067696355,2.8165966646170912,2.471198319966814,2.7475094265407987,0.0,0.0
905,2.539828033372838,2.8163255705656827,2.470785801530236,2.7472388373480903,0.0,0.0
906,2.5394147206413824,2.816076132691937,2.470372995022124,2.746989949544271,0.0,0.0
907,2.539000569326887,2.8157558412905095,2.4699593242994102,2.746670193142361,0.0,0.0
908,2.5385849392073796,2.8155165684076002,2.4695442132190264,2.7464314778645833,0.0,0.0
909,2.5381720106658148,2.8152214596595293,2.4691316947824484,2.7461368136935764,0.0,0.0
910,2.537758403454935,2.814981339066117,2.4687186002028025,2.745897250705295,0.0,0.0
911,2.537344860322959,2.8147121175130208,2.468305505623156,2.7456285264756946,0.0,0.0
912,2.5369317010973393,2.8143380850332753,2.4678929871865782,2.7452551947699653,0.0,0.0
913,2.53651908625887,2.814107432424286,2.467480756821534,2.7450249565972222,0.0,0.0
914,2.536104928536484,2.8138325783058447,2.46706708609882,2.7447506374782984,0.0,0.0
915,2.535692211171768,2.813564313723717,2.466654855733776,2.744482930501302,0.0,0.0
916,2.535280057134339,2.8132899606963733,2.466243201511799,2.7442091200086804,0.0,0.0
917,2.5348694523887163,2.8130423463421104,2.4658329876474925,2.743961927625868,0.0,0.0
918,2.5344576440938353,2.812751608012635,2.4654216214970504,2.743671671549479,0.0,0.0
919,2.534048594764375,2.812416822645399,2.465013136061947,2.7433375040690104,0.0,0.0
920,2.533640781023626,2.812183837890625,2.4646058029129794,2.7431050618489583,0.0,0.0
921,2.5332336075048487,2.8119155167944636,2.4641990459070797,2.742837185329861,0.0,0.0
922,2.532827522193303,2.811673738456067,2.4637934411873155,2.742595926920573,0.0,0.0
923,2.532421500960662,2.8113881014600213,2.4633878364675517,2.7423107571072047,0.0,0.0
924,2.5320148330981582,2.81109375,2.46298165560472,2.7420169406467014,0.0,0.0
925,2.531608818273407,2.810887466242284,2.4625760508849557,2.7418111165364585,0.0,0.0
926,2.5312013118278633,2.8105972063982927,2.4621690058075223,2.7415213690863713,0.0,0.0
927,2.5307949448526745,2.8102777853129823,2.4617631130162243,2.741202460394965,0.0,0.0
928,2.5303859916415705,2.810023306387442,2.461354627581121,2.740948486328125,0.0,0.0
929,2.5299802969278056,2.809760094159915,2.460949310932891,2.7406856960720485,0.0,0.0
930,2.529569295176512,2.8094998055917246,2.4605388089970504,2.740425957573785,0.0,0.0
931,2.5291598170854637,2.8092223066165123,2.460129747418879,2.74014892578125,0.0,0.0
932,2.528752617935125,2.8089647985387733,2.4597229904129794,2.7398918999565973,0.0,0.0
933,2.5283489204984266,2.808717847282504,2.459319690265487,2.7396453857421874,0.0,0.0
934,2.5279462215584934,2.8083966403537324,2.4589175424041296,2.739324781629774,0.0,0.0
935,2.527543049001739,2.8081352177372687,2.458514818399705,2.7390638563368057,0.0,0.0
936,2.52713873697463,2.807880930959443,2.4581109421091445,2.738810051812066,0.0,0.0
937,2.526736556790286,2.8076469553252794,2.4577090823193215,2.738576422797309,0.0,0.0
938,2.526334235632353,2.8073750060281637,2.4573072225294985,2.7383049858940973,0.0,0.0
939,2.525934564789239,2.807112780912423,2.456907955383481,2.738043212890625,0.0,0.0
940,2.525539739899078,2.8068762734495563,2.45651358545354,2.737807210286458,0.0,0.0
941,2.5251467331485866,2.806638692220052,2.4561209439528024,2.7375700208875866,0.0,0.0
942,2.5247538094171356,2.8063045774860145,2.455728590523599,2.7372365315755207,0.0,0.0
943,2.524362819167382,2.8060601995020735,2.455337965523599,2.7369925604926215,0.0,0.0
944,2.5239714767671892,2.8058394820601853,2.4549470524520647,2.7367723253038196,0.0,0.0
945,2.523580768181079,2.80557595335407,2.4545567155235988,2.7365091959635417,0.0,0.0
946,2.523191711129487,2.805344539689429,2.454168107024336,2.736278279622396,0.0,0.0
947,2.5228021548295123,2.8051011714228875,2.4537789223820057,2.7360353257921006,0.0,0.0
948,2.5224128225221674,2.8048324735665027,2.4533900258112094,2.735767110188802,0.0,0.0
949,2.522026985520572,2.8045312688380113,2.45300458609882,2.7354663425021704,0.0,0.0
950,2.521639656898184,2.804334795916522,2.4526177060287613,2.7352703518337673,0.0,0.0
951,2.5212512272527827,2.804063924153646,2.452229673672566,2.7349999321831597,0.0,0.0
952,2.5208648012923387,2.8038161176516687,2.451843657817109,2.7347525702582467,0.0,0.0
953,2.5204781641550458,2.803573457694348,2.451457353890118,2.734510294596354,0.0,0.0
954,2.5200925767776416,2.8033142541956018,2.4510722022492626,2.7342515733506945,0.0,0.0
955,2.5197079176937436,2.803080881377797,2.4506879148230087,2.7340186225043404,0.0,0.0
956,2.5193232201625033,2.802855292426215,2.4503036273967553,2.733793470594618,0.0,0.0
957,2.518936166795868,2.80252283166956,2.4499170353982302,2.7334615071614583,0.0,0.0
958,2.518548588549288,2.80228756374783,2.4495298672566372,2.7332266913519967,0.0,0.0
959,2.518159883648134,2.8020204294463733,2.4491415468289084,2.732960001627604,0.0,0.0
960,2.5177682724000796,2.8017909259560665,2.448750345685841,2.732730950249566,0.0,0.0
961,2.5173758802399986,2.8015009788230616,2.448358280328171,2.73244137234158,0.0,0.0
962,2.5169843074392864,2.8012365948712383,2.447967079185103,2.7321773952907984,0.0,0.0
963,2.516592728230684,2.801004732861931,2.4475758780420356,2.7319459703233506,0.0,0.0
964,2.516202441998271,2.800662879472897,2.447186117256637,2.7316046820746527,0.0,0.0
965,2.515809774582437,2.8003949878833914,2.4467937638274337,2.731337144639757,0.0,0.0
966,2.5154181697422726,2.8001280231240355,2.4464025626843657,2.731070624457465,0.0,0.0
967,2.515025463879096,2.7998828049647955,2.4460102092551623,2.7308258056640624,0.0,0.0
968,2.5146341471104656,2.7996273766034916,2.4456192961836285,2.730570814344618,0.0,0.0
969,2.514240679558934,2.7993509061836903,2.445226078539823,2.730294630262587,0.0,0.0
970,2.513850239820686,2.799105650348428,2.444836029682891,2.730049811469184,0.0,0.0
971,2.5134583469089877,2.7988025655864197,2.444444540468289,2.7297471788194443,0.0,0.0
972,2.513068668859095,2.7984648038134163,2.4440553558259586,2.7294099595811634,0.0,0.0
973,2.5126774546167114,2.798230835714458,2.4436644427544247,2.729176330566406,0.0,0.0
974,2.5122890185634206,2.7979404816804108,2.44327641039823,2.7288864135742186,0.0,0.0
975,2.5118995071186783,2.7976561143663194,2.4428872257558996,2.7286024305555556,0.0,0.0
976,2.5115145471474656,2.7973961234387055,2.442502650258112,2.7283428615993923,0.0,0.0
977,2.5111267769477084,2.7971031320830924,2.4421151940449852,2.7280502319335938,0.0,0.0
978,2.5107433085972883,2.796854899842062,2.441732058904867,2.7278023613823783,0.0,0.0
979,2.510357330622104,2.7965408136815197,2.441346619192478,2.7274888780381943,0.0,0.0
980,2.509970149381195,2.796262094003183,2.4409597391224187,2.7272104899088543,0.0,0.0
981,2.5095828784298204,2.796002257547261,2.44057285905236,2.726951090494792,0.0,0.0
982,2.509192253146286,2.7957286392023537,2.440182522123894,2.7266777886284723,0.0,0.0
983,2.5088008979303122,2.7954507634669175,2.4397916090523597,2.7264004177517362,0.0,0.0
984,2.508407680002972,2.795159166124132,2.4393986794800884,2.726109144422743,0.0,0.0
985,2.5080181493345597,2.794909894024884,2.4390094948377583,2.7258602566189234,0.0,0.0
986,2.5076271142295727,2.794554929380064,2.438618869837758,2.7255057440863717,0.0,0.0
987,2.5072386653605006,2.7942733538592304,2.4382308374815636,2.72522464328342,0.0,0.0
988,2.506846023576228,2.7940422905815976,2.4378384840523597,2.724993896484375,0.0,0.0
989,2.506454809333844,2.7937537223910107,2.437447570980826,2.7247056749131944,0.0,0.0
990,2.506064113563515,2.79348036777826,2.43705723405236,2.7244327121310765,0.0,0.0
991,2.5056746085266632,2.7932250147690008,2.4366680494100295,2.724177720811632,0.0,0.0
992,2.5052861916970435,2.7929614483868637,2.436280017053835,2.7239145914713543,0.0,0.0
993,2.5049013214362965,2.7926612043969423,2.435895441556047,2.7236146714952256,0.0,0.0
994,2.5045165726419323,2.7923689175829476,2.4355111541297934,2.7233228895399306,0.0,0.0
995,2.5041271060524237,2.792085974422502,2.4351219694874633,2.7230402628580728,0.0,0.0
996,2.503741269050828,2.7918235797646607,2.4347365297750736,2.7227783203125,0.0,0.0
997,2.503352679491702,2.7915925315574364,2.434348209347345,2.722547573513455,0.0,0.0
998,2.502964928515616,2.791281436873071,2.4339607531342184,2.722236802842882,0.0,0.0
999,2.5025741814821627,2.791025130660446,2.433570416205752,2.721980963812934,0.0,0.0
1000,2.502185886402461,2.7907627246997975,2.4331823838495574,2.7217188517252606,0.0,0.0
1001,2.5017993963631127,2.790434988516348,2.4327963679941003,2.72139163547092,0.0,0.0
1002,2.5014108196197675,2.790165461787471,2.432408047566372,2.721122402615017,0.0,0.0
1003,2.501026480646855,2.7898929699556327,2.4320240482116517,2.720850287543403,0.0,0.0
1004,2.500636988425785,2.789602860815731,2.4316348635693217,2.720560540093316,0.0,0.0
1005,2.500251785238271,2.789357834804205,2.43125,2.7203158908420138,0.0,0.0
1006,2.499862011353557,2.7890972410602335,2.4308605272861357,2.720055643717448,0.0,0.0
1007,2.4994757135509214,2.7888305739414547,2.4304745114306785,2.719789293077257,0.0,0.0
1008,2.499089223511573,2.7884701236677762,2.4300884955752213,2.719429355197483,0.0,0.0
1009,2.4987029577483897,2.788221119068287,2.429702479719764,2.719180636935764,0.0,0.0
1010,2.4983171784178078,2.787949474946952,2.4293170400073745,2.7189093695746527,0.0,0.0
1011,2.497932282525499,2.787713619279273,2.428932464509587,2.7186738755967883,0.0,0.0
1012,2.4975467848585606,2.7874321266456885,2.4285473128687314,2.718392774793837,0.0,0.0
1013,2.4971610760147738,2.787144443841628,2.428161873156342,2.7181054009331596,0.0,0.0
1014,2.49677586641937,2.786862619659047,2.427777009587021,2.717823961046007,0.0,0.0
1015,2.4963907465344315,2.7866035970052083,2.427392146017699,2.717565239800347,0.0,0.0
1016,2.496006618738368,2.7862632129810474,2.427008434734513,2.7172253078884547,0.0,0.0
1017,2.4956222669496753,2.7859986670223282,2.4266244353797934,2.716961161295573,0.0,0.0
1018,2.4952385681987357,2.785743705843702,2.4262410121681417,2.7167065090603297,0.0,0.0
1019,2.4948559384313556,2.785456603250386,2.4258587412426253,2.7164198133680557,0.0,0.0
1020,2.4944739745175095,2.7852029984085647,2.425477046460177,2.716166517469618,0.0,0.0
1021,2.4940928876340465,2.7849195692274304,2.4250962158923306,2.7158833821614583,0.0,0.0
1022,2.4937111220812684,2.784671645929784,2.424714809181416,2.7156358506944445,0.0,0.0
1023,2.4933301951115303,2.784299919222608,2.4243342666851033,2.7152645534939235,0.0,0.0
1024,2.4929472708647267,2.7840473956826295,2.4239517076880532,2.715012444390191,0.0,0.0
1025,2.4925644427362785,2.783779048213252,2.423569148691003,2.714744398328993,0.0,0.0
1026,2.4921855771225108,2.783520281756366,2.4231906226954276,2.714486016167535,0.0,0.0
1027,2.4918047654948006,2.783280586902006,2.422810080199115,2.714246622721354,0.0,0.0
1028,2.491422468654188,2.7829675820433066,2.422428097345133,2.7139339870876737,0.0,0.0
1029,2.491039045159001,2.782708536783854,2.422044962205015,2.713675265842014,0.0,0.0
1030,2.4906559225511287,2.7824352650583526,2.4216621151364306,2.7134023030598957,0.0,0.0
1031,2.4902732222969544,2.782086889949846,2.4212798442109142,2.713054402669271,0.0,0.0
1032,2.4898871933421813,2.7818342646846066,2.4208941164269913,2.7128021240234377,0.0,0.0
1033,2.4895009083553266,2.781520981023341,2.420508100571534,2.7124891493055556,0.0,0.0
1034,2.489113682259185,2.7812464546862943,2.420121220501475,2.7122149997287326,0.0,0.0
1035,2.488727461351234,2.780984440556279,2.4197352046460177,2.7119532267252606,0.0,0.0
1036,2.4883424885642405,2.780702379014757,2.41935062914823,2.711671617296007,0.0,0.0
1037,2.4879579512302605,2.780405224458671,2.418966341721976,2.711374749077691,0.0,0.0
1038,2.4875752253445245,2.780056148576148,2.4185840707964603,2.711026170518663,0.0,0.0
1039,2.4871884347013964,2.7797858419536077,2.4181974787979352,2.710756089952257,0.0,0.0
1040,2.486802457009747,2.779514288254726,2.417811751014012,2.710484822591146,0.0,0.0
1041,2.4864169529349183,2.779216165424865,2.4174265993731563,2.7101871066623264,0.0,0.0
1042,2.4860301110286667,2.77892172354239,2.417040007374631,2.7098929511176215,0.0,0.0
1043,2.4856460665351787,2.778634990174093,2.4166562960914453,2.7096065945095487,0.0,0.0
1044,2.4852606713944874,2.7783576720437884,2.4162711444505898,2.7093295627170138,0.0,0.0
1045,2.4848813385717894,2.7781136067708334,2.4158920423119468,2.7090857611762154,0.0,0.0
1046,2.4844989071654777,2.7777357087311922,2.4155100594579646,2.7087083604600695,0.0,0.0
1047,2.484116104668592,2.7774663666148247,2.4151275004609145,2.7084392971462674,0.0,0.0
1048,2.483736400471784,2.777208817093461,2.4147481102507373,2.708182101779514,0.0,0.0
1049,2.483355182368334,2.776946765287423,2.4143671356471237,2.7079203287760416,0.0,0.0
1050,2.482976563316581,2.7766657398365164,2.4139887536873155,2.7076395670572917,0.0,0.0
1051,2.4825961261251575,2.776362398877556,2.413608643298304,2.707336595323351,0.0,0.0
1052,2.4822157273810768,2.776128261236497,2.413228532909292,2.707102796766493,0.0,0.0
1053,2.4818376875345685,2.7757928240740743,2.4128508711283185,2.706767781575521,0.0,0.0
1054,2.481456632690557,2.7755165608723957,2.4124700405604718,2.7064917670355904,0.0,0.0
1055,2.4810787402255285,2.7752501085069445,2.4120923787794983,2.7062255859375,0.0,0.0
1056,2.4806986966940636,2.7749604552469136,2.4117127004977874,2.7059363471137154,0.0,0.0
1057,2.480319114247174,2.774699141890914,2.4113333102876107,2.705675252278646,0.0,0.0
1058,2.479942290765706,2.774436336564429,2.410956800792773,2.7054128011067706,0.0,0.0
1059,2.4795674038281126,2.7741322383174194,2.4105821637629057,2.7051089816623266,0.0,0.0
1060,2.4791936948082163,2.7738844355830437,2.410208679019174,2.7048614501953123,0.0,0.0
1061,2.4788180651224034,2.773575586389612,2.409833465846239,2.7045530531141493,0.0,0.0
1062,2.4784392956269925,2.7732845428843556,2.4094549398506637,2.704262288411458,0.0,0.0
1063,2.478063413254811,2.7730216433678145,2.409079294570428,2.7039996676974827,0.0,0.0
1064,2.4776830081028396,2.7727061330536262,2.408699184181416,2.7036844889322915,0.0,0.0
1065,2.477303963351676,2.7724652890805843,2.408320370114307,2.703443908691406,0.0,0.0
1066,2.4769258884035374,2.772173537266107,2.4079425642975663,2.7031524658203123,0.0,0.0
1067,2.4765498684034797,2.771880990487558,2.4075667749815635,2.7028601752387154,0.0,0.0
1068,2.4761792287063873,2.771541548363956,2.407196603060472,2.702521260579427,0.0,0.0
1069,2.4758008177693047,2.771276697229456,2.4068183651364308,2.702256605360243,0.0,0.0
1070,2.475423232599481,2.7710092502170136,2.406440991426991,2.7019894070095485,0.0,0.0
1071,2.475046409118013,2.7707150796019,2.4060644819321535,2.701695590549045,0.0,0.0
1072,2.4746722487671446,2.770413192937404,2.405690565081121,2.70139397515191,0.0,0.0
1073,2.4742986389277823,2.7701806037808643,2.405317224373156,2.7011617024739585,0.0,0.0
1074,2.4739208776827395,2.769864630051601,2.4049397066279496,2.7008460150824654,0.0,0.0
1075,2.4735457347130643,2.769588721004533,2.4045647815265485,2.700570339626736,0.0,0.0
1076,2.4731731938572623,2.769265867633584,2.4041925931047197,2.700247870551215,0.0,0.0
1077,2.472797010597766,2.7689922643590856,2.40381665975295,2.6999745686848957,0.0,0.0
1078,2.4724230806474177,2.768698285891686,2.403443030973451,2.699680921766493,0.0,0.0
1079,2.4720489331123305,2.76841843970028,2.403069114122419,2.699401346842448,0.0,0.0
1080,2.4716770166005415,2.7681603777850117,2.4026973578078907,2.699143473307292,0.0,0.0
1081,2.4713058041060947,2.767882822295766,2.4023264657079646,2.698866271972656,0.0,0.0
1082,2.470930936392172,2.7675746625735433,2.401951828678097,2.698558383517795,0.0,0.0
1083,2.470560994588066,2.767252494906202,2.4015822329000738,2.698236592610677,0.0,0.0
1084,2.4701870295360875,2.766972177764516,2.401208460084808,2.69795650906033,0.0,0.0
1085,2.4698146232459846,2.7667013474452644,2.400836271662979,2.6976859198676215,0.0,0.0
1086,2.4694402291488835,2.7664022299684126,2.40046221077618,2.697387186686198,0.0,0.0
1087,2.4690645612992634,2.7661246707115645,2.400086709531711,2.697109815809462,0.0,0.0
1088,2.4686916109055446,2.765839621461468,2.3997139449668143,2.696824985080295,0.0,0.0
1089,2.4683201295632347,2.765567845474055,2.399342764795354,2.6965535481770835,0.0,0.0
1090,2.467946100432352,2.765256603853202,2.3989689919800883,2.6962426079644097,0.0,0.0
1091,2.46757519523311,2.7649309210129727,2.3985983879516963,2.695917256673177,0.0,0.0
1092,2.467201793508419,2.7646483998239777,2.3982251912794985,2.695634969075521,0.0,0.0
1093,2.466831278906958,2.764404880853347,2.3978548753226403,2.6953916761610244,0.0,0.0
1094,2.466458482019074,2.764082027482398,2.3974823988292773,2.6950692070855036,0.0,0.0
1095,2.466083278316207,2.763805014527874,2.3971073296921093,2.6947923448350695,0.0,0.0
1096,2.4657104527345837,2.7635228324230803,2.3967347091629794,2.6945103963216144,0.0,0.0
1097,2.465338708952302,2.763270915467062,2.3963632409199853,2.694258795844184,0.0,0.0
1098,2.4649647469625013,2.762870080264998,2.395989612140487,2.693858337402344,0.0,0.0
1099,2.4645945781035876,2.762620194046586,2.3956195842551624,2.693608601888021,0.0,0.0
1100,2.4642252829293434,2.762330638744213,2.3952505646202065,2.6933193630642362,0.0,0.0
1101,2.4638581067820837,2.7620701806339216,2.394883561485988,2.69305911593967,0.0,0.0
1102,2.463493772902821,2.761757134331597,2.394519439067109,2.692746310763889,0.0,0.0
1103,2.463126513452986,2.761495406539352,2.3941524359328907,2.692484876844618,0.0,0.0
1104,2.462759900633013,2.761207135989342,2.39378600894174,2.692196824815538,0.0,0.0
1105,2.4623934028715335,2.7609008751386477,2.393419870022124,2.6918909708658854,0.0,0.0
1106,2.4620220176475796,2.760583936903212,2.3930486898506635,2.6915742662217883,0.0,0.0
1107,2.461651685529228,2.760317228340808,2.392678517929572,2.6913077460394965,0.0,0.0
1108,2.46128168299193,2.7600276881088446,2.392308778115782,2.691018507215712,0.0,0.0
1109,2.46091160690566,2.7597709448543597,2.3919388942662243,2.690761990017361,0.0,0.0
1110,2.460542612618731,2.7594471646532597,2.3915701627028025,2.690438503689236,0.0,0.0
1111,2.460170382403847,2.7591721108519005,2.3911981183167406,2.6901636759440106,0.0,0.0
1112,2.4598010936374934,2.7588432443877795,2.3908290986817846,2.6898351033528645,0.0,0.0
1113,2.4594321057584545,2.7585728624131947,2.390460367118363,2.6895650227864585,0.0,0.0
1114,2.4590627498510194,2.758270689410928,2.39009120344764,2.6892630683051215,0.0,0.0
1115,2.458699481893139,2.758046196831597,2.3897280892791297,2.6890387641059026,0.0,0.0
1116,2.458333944464617,2.7576927467628765,2.389362814574115,2.6886856079101564,0.0,0.0
1117,2.457963180238964,2.7574102707851083,2.3889922105457226,2.6884033203125,0.0,0.0
1118,2.4576021079192176,2.757127681779273,2.3886314009494836,2.688121032714844,0.0,0.0
1119,2.457236007163409,2.7567706788616415,2.388265550101401,2.6877643161349827,0.0,0.0
1120,2.456865249345647,2.756504825544946,2.387894946073009,2.6874986436631945,0.0,0.0
1121,2.4565026118561355,2.756227507414641,2.3875325520833335,2.6872216118706596,0.0,0.0
1122,2.45613614947982,2.7558807523750963,2.38716626912795,2.6868750678168403,0.0,0.0
1123,2.4557668384276172,2.75564187132282,2.386797105457227,2.6866363525390624,0.0,0.0
1124,2.455401550623287,2.7553473691587094,2.3864321188237465,2.6863421969943575,0.0,0.0
1125,2.4550367367193124,2.7550283097632136,2.3860674202617993,2.6860232883029513,0.0,0.0
1126,2.4546701974483125,2.754673849977093,2.385701137306416,2.685669114854601,0.0,0.0
1127,2.454306983815733,2.7544563952787424,2.3853381671736726,2.685451931423611,0.0,0.0
1128,2.4539370325415586,2.7540970489125196,2.384968427359882,2.6850928412543404,0.0,0.0
1129,2.453571373646654,2.753847038363233,2.3846028645833335,2.6848429361979167,0.0,0.0
1130,2.453211629688262,2.7535019184630594,2.384243351308997,2.684498087565104,0.0,0.0
1131,2.4528418673050876,2.753257073296441,2.3838737555309732,2.684253438313802,0.0,0.0
1132,2.452477696685263,2.7529664065514083,2.3835097771478613,2.6839630126953127,0.0,0.0
1133,2.4521177189806385,2.752583572952836,2.383150119837758,2.683580525716146,0.0,0.0
1134,2.451748439967888,2.7523113222475404,2.3827809561670352,2.683308410644531,0.0,0.0
1135,2.4513872077344168,2.7520739670741703,2.3824198584992624,2.6830712212456596,0.0,0.0
1136,2.451023712438194,2.751723090277778,2.3820566002949852,2.6827206081814237,0.0,0.0
1137,2.450656949174564,2.751446163978106,2.381690029268068,2.6824439154730904,0.0,0.0
1138,2.4502975829981724,2.7511606588481383,2.3813308040652656,2.6821585761176214,0.0,0.0
1139,2.4499341197414015,2.7508647362979843,2.380967545860988,2.6818628946940106,0.0,0.0
1140,2.449565852041198,2.75049959535952,2.380599534476401,2.681498040093316,0.0,0.0
1141,2.449206210609053,2.7502537706163195,2.3802400212020647,2.68125237358941,0.0,0.0
1142,2.4488424592807485,2.749896812909915,2.3798764749262538,2.6808956570095486,0.0,0.0
1143,2.448472853749122,2.7496416482807677,2.379507023183997,2.6806406656901043,0.0,0.0
1144,2.4481101747500897,2.7493519045982833,2.3791444851585544,2.680351087782118,0.0,0.0
1145,2.447745821647156,2.7490160944432387,2.3787803627396755,2.6800155639648438,0.0,0.0
1146,2.447377512437432,2.7487078556013693,2.3784122073193217,2.679707505967882,0.0,0.0
1147,2.4470150958783723,2.748416047272859,2.378049957365413,2.6794158935546877,0.0,0.0
1148,2.446648162947414,2.748061124071663,2.3776832423027288,2.6790612114800347,0.0,0.0
1149,2.4462768353944737,2.747773399823978,2.3773120621312684,2.678773668077257,0.0,0.0
1150,2.4459128344419776,2.747478539737654,2.3769482277839233,2.67847900390625,0.0,0.0
1151,2.445545639071047,2.7471705872335552,2.376581224649705,2.6781712849934896,0.0,0.0
1152,2.4451728647525472,2.746857608748071,2.3762086041205754,2.6778584798177083,0.0,0.0
1153,2.444810185753515,2.7465527758186243,2.3758460660951326,2.6775538126627603,0.0,0.0
1154,2.4444460822747724,2.746175921404803,2.3754822317477875,2.677177259657118,0.0,0.0
1155,2.4440740537666694,2.745922120647666,2.375110331397493,2.676923624674479,0.0,0.0
1156,2.4437097839663102,2.7456301729178723,2.3747462089786135,2.676631842719184,0.0,0.0
1157,2.4433425885953794,2.745267465850453,2.374379205844395,2.676269361707899,0.0,0.0
1158,2.4429703776041665,2.7449795419198497,2.374007161458333,2.675981648763021,0.0,0.0
1159,2.4426058389559455,2.744716431417583,2.3736427509679205,2.6757186889648437,0.0,0.0
1160,2.442244987566651,2.7443798413688754,2.3732820854074483,2.675382317437066,0.0,0.0
1161,2.4418777537483773,2.744011339729215,2.37291508227323,2.6750140719943576,0.0,0.0
1162,2.4415172673253025,2.7437811279296875,2.372554704784292,2.6747840033637154,0.0,0.0
1163,2.4411529142223682,2.743440416124132,2.372190582365413,2.674443562825521,0.0,0.0
1164,2.4407879883220787,2.7431510868778934,2.371825739767699,2.6741543240017362,0.0,0.0
1165,2.4404267624964975,2.7428927084840375,2.371464642099926,2.6738961113823785,0.0,0.0
1166,2.4400653285562455,2.742556627061632,2.3711034003963865,2.6735602484809027,0.0,0.0
1167,2.4397000312818466,2.7422754772798514,2.3707382697271386,2.673279317220052,0.0,0.0
1168,2.4393430432266987,2.7419478578920717,2.3703814931323746,2.672951931423611,0.0,0.0
1169,2.4389804698160913,2.741626880787037,2.370019099142699,2.6726311577690973,0.0,0.0
1170,2.4386140715186806,2.7413507230782215,2.369652816187316,2.672355143229167,0.0,0.0
1171,2.438258005349148,2.7411082515010126,2.3692969038071534,2.6721128675672743,0.0,0.0
1172,2.43789686588832,2.740751655484423,2.3689359501751475,2.6717564900716146,0.0,0.0
1173,2.437530211558827,2.7404830103744695,2.36856937914823,2.6714879353841146,0.0,0.0
1174,2.437175323306992,2.7402331166208524,2.3682146190542035,2.6712381998697916,0.0,0.0
1175,2.4368149327187383,2.7398160430531444,2.367854529636799,2.6708214653862847,0.0,0.0
1176,2.4364505124747224,2.7395559390974635,2.3674902631821535,2.6705615573459203,0.0,0.0
1177,2.436093915017355,2.7393274377893517,2.367133774658923,2.6703331841362847,0.0,0.0
1178,2.435736959001659,2.7389666107554493,2.366776998064159,2.6699725680881077,0.0,0.0
1179,2.4353731533480536,2.738690961672936,2.3664133077525813,2.669697062174479,0.0,0.0
1180,2.43502080006901,2.7384428650655868,2.3660611403023597,2.669449191623264,0.0,0.0
1181,2.4346673808685844,2.7380977376302083,2.36570796460177,2.6691043429904515,0.0,0.0
1182,2.434307156885481,2.7378093653549382,2.3653478751843657,2.6688161214192707,0.0,0.0
1183,2.4339535905871106,2.7375549241054205,2.364994411412242,2.668561808268229,0.0,0.0
1184,2.4336010804565196,2.73726239239728,2.364642099926254,2.668269517686632,0.0,0.0
1185,2.433243724372975,2.7369746756847992,2.3642848912241887,2.667981974283854,0.0,0.0
1186,2.432892801981533,2.736766749252508,2.3639340200958703,2.667774115668403,0.0,0.0
1187,2.4325380065023414,2.736438643844039,2.3635794040376106,2.6674462212456596,0.0,0.0
1188,2.432182890912164,2.736117960611979,2.363224499907817,2.667125786675347,0.0,0.0
1189,2.431831885218147,2.735870949074074,2.3628736287794987,2.666878933376736,0.0,0.0
1190,2.4314779411377763,2.735566217869888,2.3625198769358406,2.6665744357638888,0.0,0.0
1191,2.4311210492009847,2.7353105822904613,2.3621631003410766,2.6663189358181425,0.0,0.0
1192,2.430771960827171,2.735065303849585,2.3618141016777288,2.666073777940538,0.0,0.0
1193,2.430422325004028,2.7347563265576773,2.3614646709070795,2.6657650417751735,0.0,0.0
1194,2.4300700422117796,2.7345059467833717,2.3611125034568583,2.6655147976345486,0.0,0.0
1195,2.4297245706100985,2.734194927451051,2.3607672497234513,2.6652040269639756,0.0,0.0
1196,2.4293768777387212,2.733914855203511,2.360419691417773,2.6649241129557293,0.0,0.0
1197,2.4290239995797327,2.7336864857614778,2.3600669478244836,2.6646959092881946,0.0,0.0
1198,2.42867991401042,2.7334167480468747,2.3597229904129793,2.66442633734809,0.0,0.0
1199,2.428333661496713,2.7331254935558933,2.3593768724649706,2.664135233561198,0.0,0.0
1200,2.42798193562386,2.7328989890769675,2.359025281157817,2.6639088948567706,0.0,0.0
1201,2.4276383685266016,2.732580038941937,2.3586818998893806,2.6635901557074653,0.0,0.0
1202,2.42729392439896,2.732283946849682,2.358337654406342,2.6632943047417537,0.0,0.0
1203,2.4269415360182873,2.732053780261381,2.357985342920354,2.663064236111111,0.0,0.0
1204,2.4265954339482367,2.731797281901042,2.357639369008112,2.662807888454861,0.0,0.0
1205,2.4262519501535533,2.731487739468798,2.3572959877396755,2.6624984741210938,0.0,0.0
1206,2.4258998370286333,2.731284175919898,2.3569439643252212,2.6622950236002603,0.0,0.0
1207,2.425553965359103,2.7309959053698885,2.356598278484513,2.6620069715711807,0.0,0.0
1208,2.425212558798349,2.7306279500325523,2.356257057752581,2.6616392347547744,0.0,0.0
1209,2.424861127404921,2.7304224838445217,2.3559057545169617,2.6614339192708334,0.0,0.0
1210,2.424514167528159,2.7301663245683834,2.355558916390118,2.6611779106987847,0.0,0.0
1211,2.424169224152135,2.7298928644627702,2.355214094764012,2.6609046088324653,0.0,0.0
1212,2.423818199234446,2.7296438108844523,2.354863223635693,2.660655721028646,0.0,0.0
1213,2.4234698182236865,2.7294220761899592,2.35451494515118,2.660434129503038,0.0,0.0
1214,2.4231241738924987,2.729135599018615,2.354169403346239,2.660147772894965,0.0,0.0
1215,2.4227731361590292,2.728821418668017,2.3538185322179204,2.659833780924479,0.0,0.0
1216,2.422427991076224,2.7286292784891013,2.353473566556047,2.659641859266493,0.0,0.0
1217,2.4220820586735026,2.7283387323073396,2.353127736679572,2.6593514336480033,0.0,0.0
1218,2.4217345675089064,2.7280926212263696,2.352780322409661,2.659105428059896,0.0,0.0
1219,2.421393186579713,2.7278701631522475,2.3524391016777284,2.6588831583658856,0.0,0.0
1220,2.4210505734075225,2.7276177714783465,2.3520965846238937,2.658630879720052,0.0,0.0
1221,2.420704970585855,2.727296417613088,2.35175118685472,2.6583097669813367,0.0,0.0
1222,2.420364322651278,2.7270892258632333,2.351410686301622,2.658102756076389,0.0,0.0
1223,2.420020269121417,2.726827332296489,2.351066728890118,2.6578409830729166,0.0,0.0
1224,2.419673210064121,2.7265963255328898,2.350719746727507,2.657610066731771,0.0,0.0
1225,2.4193301583767393,2.7263400117850596,2.350376797566372,2.6573538886176213,0.0,0.0
1226,2.4189882461597114,2.7261001360857926,2.3500350006913715,2.6571141560872396,0.0,0.0
1227,2.4186442085078093,2.7258065795898436,2.349691187315634,2.656820848253038,0.0,0.0
1228,2.4183041815715334,2.7255675591362847,2.349351262905605,2.6565819634331596,0.0,0.0
1229,2.4179635977158602,2.725324499813127,2.349010762352507,2.6563390096028647,0.0,0.0
1230,2.417622636078188,2.7251111894772375,2.3486699737278762,2.6561258951822917,0.0,0.0
1231,2.417287224694345,2.7248591218171296,2.3483346584623894,2.6558739556206596,0.0,0.0
1232,2.4169490958546005,2.7246230212553044,2.3479966065173303,2.655637953016493,0.0,0.0
1233,2.416609501025625,2.7244073976116416,2.3476571142146017,2.6554224650065104,0.0,0.0
1234,2.4162783402279966,2.7241144100236303,2.347326120022124,2.655129665798611,0.0,0.0
1235,2.4159420454058806,2.7238889454029223,2.3469899405420356,2.654904344346788,0.0,0.0
1236,2.4156005460724828,2.7236654926818096,2.3466485757743363,2.6546810574001736,0.0,0.0
1237,2.4152691805058955,2.7234338002146026,2.3463172935103245,2.654449462890625,0.0,0.0
1238,2.4149335994547236,2.723204605667679,2.345981834209071,2.6542204115125867,0.0,0.0
1239,2.41459258349175,2.7229698463722514,2.3456409015486726,2.653985765245226,0.0,0.0
1240,2.414260702515286,2.7226673568913964,2.3453091871773597,2.6536834716796873,0.0,0.0
1241,2.4139262288950176,2.7224375934365352,2.344974880162242,2.653453911675347,0.0,0.0
1242,2.4135837789822645,2.7222154028621723,2.344632507144174,2.6532318115234377,0.0,0.0
1243,2.413252275787801,2.722003878369743,2.3443010808443954,2.6530203925238713,0.0,0.0
1244,2.412916752407643,2.7217359264986016,2.3439656215431417,2.6527525160047745,0.0,0.0
1245,2.41257597966097,2.721517560040509,2.343624976954277,2.6525343153211804,0.0,0.0
1246,2.4122461023694632,2.721213205596547,2.3432952790837023,2.652230156792535,0.0,0.0
1247,2.4119114303881264,2.7210062512056328,2.3429606839970503,2.6520233154296875,0.0,0.0
1248,2.411570212718372,2.7207768720461996,2.342619607300885,2.6517940945095484,0.0,0.0
1249,2.4112371251304716,2.720524318365403,2.3422865966076696,2.6515416463216144,0.0,0.0
1250,2.4109018962297375,2.7202643349729936,2.3419514253779496,2.65128173828125,0.0,0.0
1251,2.410561411554599,2.7200659895531927,2.3416110688606193,2.651083543565538,0.0,0.0
1252,2.410230493973271,2.7197719168957373,2.3412803627396754,2.650789727105035,0.0,0.0
1253,2.409892534800856,2.719495148835359,2.3409424548303837,2.6505130343967016,0.0,0.0
1254,2.409551342762663,2.7193051260489005,2.340601378134218,2.6503231472439235,0.0,0.0
1255,2.4092172405165035,2.7190605408468365,2.340267359190634,2.6500786675347223,0.0,0.0
1256,2.408879418971965,2.7187629115728686,2.339929595317109,2.6497811211480036,0.0,0.0
1257,2.4085388158926206,2.718572218153212,2.339589094764012,2.649590555826823,0.0,0.0
1258,2.4082081927907173,2.7182903751326197,2.3392586767146017,2.6493089463975696,0.0,0.0
1259,2.407872813446326,2.7180091839072147,2.338923361449115,2.649027845594618,0.0,0.0
1260,2.407532680921626,2.7178036159939234,2.338583293003319,2.6488223605685763,0.0,0.0
1261,2.407203863143611,2.7176191730263795,2.338254603383112,2.6486380683051216,0.0,0.0
1262,2.4068671490299747,2.7173089448905285,2.337917991795723,2.6483279758029514,0.0,0.0
1263,2.4065295963332987,2.7170996395158182,2.3375805159937317,2.6481187608506946,0.0,0.0
1264,2.4062034511559514,2.7168069608711902,2.337254563053097,2.6478263007269964,0.0,0.0
1265,2.405863174595484,2.716565781581549,2.3369143505715337,2.647585211859809,0.0,0.0
1266,2.405530237451241,2.7163620786313656,2.3365814839140855,2.647381591796875,0.0,0.0
1267,2.4051952966220416,2.7161007313669465,2.3362466007558997,2.647120327419705,0.0,0.0
1268,2.404859094572569,2.715890634795766,2.335910565311578,2.6469104342990453,0.0,0.0
1269,2.4045290445515555,2.715607932761863,2.335580579369469,2.6466278076171874,0.0,0.0
1270,2.4041905635613734,2.715328176992911,2.3352422393528762,2.6463482326931422,0.0,0.0
1271,2.403862321926426,2.7151325593171296,2.3349141258757373,2.6461527506510416,0.0,0.0
1272,2.4035227655447935,2.714841873734086,2.3345746335730087,2.6458621554904513,0.0,0.0
1273,2.403184323001954,2.7146216724537036,2.334236293556416,2.64564208984375,0.0,0.0
1274,2.4028566031847736,2.714365942684221,2.333908612186578,2.6453864203559028,0.0,0.0
1275,2.4025175588673044,2.714141826865114,2.333569696026917,2.6451624552408854,0.0,0.0
1276,2.40218916038081,2.7138702241874033,2.333241438514012,2.6448910183376735,0.0,0.0
1277,2.4018568121954154,2.7135995596426503,2.332909147999631,2.644620429144965,0.0,0.0
1278,2.4015242302637883,2.71341796875,2.332576713449484,2.6444390190972222,0.0,0.0
1279,2.401194468314309,2.7131352516456886,2.3322470155789086,2.6441563924153644,0.0,0.0
1280,2.400858656862617,2.7129047685788,2.331911268206121,2.643925984700521,0.0,0.0
1281,2.4005320765157916,2.7127229365596066,2.3315847391224187,2.6437442355685765,0.0,0.0
1282,2.4002014534138882,2.712375819830247,2.331254321073009,2.6433973524305556,0.0,0.0
1283,2.3998668006562225,2.7121511087299868,2.330919725986357,2.6431727091471355,0.0,0.0
1284,2.3995370066672908,2.7119324408637153,2.3305900281157816,2.6429541693793404,0.0,0.0
1285,2.399207932857194,2.7116961481541764,2.330261050424041,2.6427179972330728,0.0,0.0
1286,2.3988729663964325,2.7114408817997684,2.3299261672658553,2.6424628363715277,0.0,0.0
1287,2.398544356733089,2.711224455656829,2.329597621681416,2.6422465006510416,0.0,0.0
1288,2.398216403169676,2.710899469823013,2.329269796275811,2.641921657986111,0.0,0.0
1289,2.397881811145202,2.710715173791956,2.3289353452249264,2.641737535264757,0.0,0.0
1290,2.3975511721653398,2.7104736403477045,2.3286047831397494,2.641496107313368,0.0,0.0
1291,2.39721911845937,2.71020162700135,2.328272780696903,2.641224161783854,0.0,0.0
1292,2.396886568567195,2.7099765090000485,2.327940346146755,2.640999179416233,0.0,0.0
1293,2.396558378195371,2.709752785011574,2.3276122326696167,2.6407755533854167,0.0,0.0
1294,2.3962281200596864,2.7094537315839604,2.3272821026917403,2.6404766506618924,0.0,0.0
1295,2.3958944691444994,2.7092198426046488,2.3269485158554573,2.6402428521050347,0.0,0.0
1296,2.3955663715453195,2.7090016607590663,2.3266205464140857,2.6400248209635415,0.0,0.0
1297,2.3952343242472396,2.708724892698688,2.326288543971239,2.639748128255208,0.0,0.0
1298,2.3949015311387636,2.7084950878002023,2.3259558213495577,2.639518398708767,0.0,0.0
1299,2.394576103078074,2.7083178258825233,2.325630444551991,2.6393412272135417,0.0,0.0
1300,2.3942473332174696,2.7079693302107444,2.3253018989675516,2.6389929877387153,0.0,0.0
1301,2.393913256602872,2.7077457983699844,2.3249678800239675,2.63876953125,0.0,0.0
1302,2.393585655189897,2.707539898907697,2.324640342689897,2.638563707139757,0.0,0.0
1303,2.393259029987838,2.707275801293644,2.3243138136061945,2.638299730088976,0.0,0.0
1304,2.3929276772370316,2.70707056492935,2.3239825313421827,2.6380945841471353,0.0,0.0
1305,2.3926024859847526,2.7068434124228395,2.3236574426161503,2.6378675672743057,0.0,0.0
1306,2.3922787094585813,2.7065179104275177,2.3233337942477874,2.637542215983073,0.0,0.0
1307,2.391948483362349,2.70631620430652,2.3230036642699115,2.637340630425347,0.0,0.0
1308,2.3916214516845513,2.7060885883849344,2.3226767030789084,2.637113104926215,0.0,0.0
1309,2.3912944520462065,2.705851515781732,2.3223497418879058,2.6368760850694444,0.0,0.0
1310,2.390963819474235,2.705602028929157,2.3220191798027288,2.636626688639323,0.0,0.0
1311,2.3906382952951883,2.7053866991584683,2.321693803005162,2.6364115397135417,0.0,0.0
1312,2.3903100536602415,2.705040675033758,2.3213656895280237,2.636065673828125,0.0,0.0
1313,2.3899794467198316,2.7048437763732154,2.3210351274428467,2.6358688354492186,0.0,0.0
1314,2.3896525847093626,2.7046160210503474,2.3207083102876105,2.6356411404079862,0.0,0.0
1315,2.3893249640727166,2.704337188343943,2.32038077295354,2.6353624131944446,0.0,0.0
1316,2.388993886577663,2.704085474838445,2.320049778761062,2.6351108127170138,0.0,0.0
1317,2.388665734653182,2.7038899325147088,2.3197216652839234,2.634915330674913,0.0,0.0
1318,2.3883395479663148,2.7035970278139465,2.319395568307522,2.6346225314670138,0.0,0.0
1319,2.3880079935087277,2.703279486762153,2.3190641420077434,2.634305148654514,0.0,0.0
1320,2.38767783789929,2.703077362437307,2.3187340120298674,2.634103054470486,0.0,0.0
1321,2.387349253867508,2.7027975576895256,2.318405466445428,2.6338233100043404,0.0,0.0
1322,2.3870181315172214,2.7025539219232253,2.31807447225295,2.633579847547743,0.0,0.0
1323,2.3866876750204686,2.702319561993634,2.3177440542035397,2.633345540364583,0.0,0.0
1324,2.386359955203289,2.7020574046947337,2.3174163728337023,2.6330834282769096,0.0,0.0
1325,2.386030141990686,2.7017388614607443,2.317086674963127,2.6327650282118054,0.0,0.0
1326,2.3857003544096447,2.701526496793017,2.3167569770925516,2.632552761501736,0.0,0.0
1327,2.3853714566747675,2.7012354570553625,2.3164281434365783,2.6322618272569445,0.0,0.0
1328,2.3850388460494005,2.7010155232747395,2.316095564850664,2.6320419311523438,0.0,0.0
1329,2.3847099611303038,2.7007826666184416,2.31576673119469,2.6318091498480904,0.0,0.0
1330,2.3843806056565633,2.7004982314875097,2.315437465431416,2.631524827745226,0.0,0.0
1331,2.384050792443961,2.700208687487944,2.315107767560841,2.6312354193793404,0.0,0.0
1332,2.3837219011169735,2.699988716031298,2.314778933904867,2.6310155232747396,0.0,0.0
1333,2.383392139167494,2.699706507553289,2.314449236034292,2.630733405219184,0.0,0.0
1334,2.383061212116098,2.699464126398534,2.314118385877581,2.6304911295572917,0.0,0.0
1335,2.382734487733506,2.6992607851381654,2.3137917127581122,2.630287848578559,0.0,0.0
1336,2.3824033110579186,2.698952158233266,2.3134605745298673,2.629979281955295,0.0,0.0
1337,2.382073209773782,2.698649898576148,2.313130588587758,2.629677157931858,0.0,0.0
1338,2.381744980954615,2.6984500348126446,2.3128024751106193,2.6294774373372394,0.0,0.0
1339,2.3814126712165637,2.6981599106023344,2.312470184596239,2.6291873508029515,0.0,0.0
1340,2.3810794780402387,2.697912156846788,2.3121370298672566,2.628939649793837,0.0,0.0
1341,2.3807504811248275,2.6976952748239773,2.3118080521755164,2.6287228054470484,0.0,0.0
1342,2.3804228668960716,2.6974286642192324,2.3114805148414455,2.628456285264757,0.0,0.0
1343,2.38009246472462,2.697095363287278,2.311150240827802,2.6281231350368923,0.0,0.0
1344,2.379763579805523,2.6968921764986016,2.310821407171829,2.6279200236002604,0.0,0.0
1345,2.3794361736914387,2.6966149450231485,2.3104940138735253,2.627642822265625,0.0,0.0
1346,2.37910582278311,2.6963956366644966,2.310163739859882,2.6274236043294272,0.0,0.0
1347,2.37877623050096,2.6961509271315585,2.309834186025074,2.627178955078125,0.0,0.0
1348,2.378449832637244,2.6958714991440007,2.309507800977139,2.6268995496961804,0.0,0.0
1349,2.3781224424011174,2.6955858169367284,2.3091805517146016,2.626614040798611,0.0,0.0
1350,2.3777909392066534,2.6953612527729556,2.308849125414823,2.626389567057292,0.0,0.0
1351,2.37746540555754,2.6950789350344815,2.30852360458149,2.6261072794596356,0.0,0.0
1352,2.377136395826347,2.6948410222559795,2.3081946268897493,2.625869411892361,0.0,0.0
1353,2.376804950302897,2.694621427559558,2.3078632005899706,2.625649854871962,0.0,0.0
1354,2.376481225039849,2.694404485255112,2.307539552221608,2.6254330105251737,0.0,0.0
1355,2.376157874213088,2.694041506920332,2.3072163359605455,2.6250701904296876,0.0,0.0
1356,2.375824124117367,2.6938288785204474,2.3068826050884956,2.6248575846354165,0.0,0.0
1357,2.375494557466778,2.693635570384838,2.306553051253687,2.624664306640625,0.0,0.0
1358,2.3751718532698796,2.6933265742549186,2.3062304111356933,2.6243554009331596,0.0,0.0
1359,2.37483896738876,2.693096991644965,2.305897544478245,2.6241258409288193,0.0,0.0
1360,2.3745102200975396,2.6928765040268132,2.305568854858038,2.6239054361979166,0.0,0.0
1361,2.374192544336704,2.692546145592207,2.305251255991888,2.6235751681857638,0.0,0.0
1362,2.3738617677289655,2.6923371793016972,2.304920549870944,2.623366292317708,0.0,0.0
1363,2.373531906598952,2.6921318336769384,2.3045907079646017,2.623160976833767,0.0,0.0
1364,2.3732121279726264,2.691838996793017,2.304270948561947,2.622868177625868,0.0,0.0
1365,2.3728822796583935,2.691636710461275,2.303941106655605,2.6226659138997395,0.0,0.0
1366,2.372556224191513,2.691424831814236,2.3036151537149707,2.6224541558159724,0.0,0.0
1367,2.3722396943089223,2.691080894941165,2.3032987071349558,2.6221103244357638,0.0,0.0
1368,2.3719117248675508,2.690890661168982,2.302970737693584,2.621920098198785,0.0,0.0
1369,2.371586911397271,2.6907146613980517,2.3026459370390855,2.6217441134982638,0.0,0.0
1370,2.3712715594323783,2.6904509405442223,2.3023306427452064,2.621480475531684,0.0,0.0
1371,2.370944835049786,2.690213506251206,2.3020039696257375,2.621243116590712,0.0,0.0
1372,2.3706208986098893,2.69003497088397,2.301680033185841,2.6210645887586805,0.0,0.0
1373,2.370306090748612,2.6897100227261763,2.3013653150350293,2.62073974609375,0.0,0.0
1374,2.3699805186521554,2.689495484151958,2.3010397942016962,2.6205252753363717,0.0,0.0
1375,2.369655705181876,2.689289629900897,2.3007149935471976,2.6203194512261283,0.0,0.0
1376,2.369338832902451,2.6890595612702546,2.300398114859882,2.620089382595486,0.0,0.0
1377,2.369013260805994,2.6888183970510227,2.3000725940265485,2.6198482937282987,0.0,0.0
1378,2.368690274945452,2.6886102935414256,2.2997496658370205,2.6196402655707467,0.0,0.0
1379,2.368373738654972,2.6882936529465664,2.299433219257006,2.61932373046875,0.0,0.0
1380,2.368047785714338,2.688085108627508,2.299107266316372,2.619115193684896,0.0,0.0
1381,2.36772341716714,2.6879050473813657,2.298782897769174,2.618935139973958,0.0,0.0
1382,2.367405911073633,2.687631500620901,2.2984654429387907,2.6186616685655384,0.0,0.0
1383,2.3670812095996685,2.6873950911156923,2.298140786320059,2.61842532687717,0.0,0.0
1384,2.3667582814101404,2.687217573001061,2.297817858130531,2.618247816297743,0.0,0.0
1385,2.3664401799498944,2.686882128303434,2.2974998271570795,2.6179124620225696,0.0,0.0
1386,2.3661159041753406,2.6866696317696275,2.297175602645649,2.6177000257703993,0.0,0.0
1387,2.365791103520842,2.6864821182062593,2.2968508019911504,2.617512512207031,0.0,0.0
1388,2.3654690010985733,2.686200949586468,2.296528738016224,2.61723141140408,0.0,0.0
1389,2.365143048157939,2.685969347541715,2.29620278507559,2.6169998168945314,0.0,0.0
1390,2.3648207888841224,2.6857866904176313,2.2958805770648967,2.6168172200520834,0.0,0.0
1391,2.364501554361412,2.685450575086805,2.29556139380531,2.616481187608507,0.0,0.0
1392,2.364177473885748,2.6852593240620175,2.295237313329646,2.6162899441189236,0.0,0.0
1393,2.36385640534541,2.685061622902199,2.2949162576050885,2.616092258029514,0.0,0.0
1394,2.3635360057207833,2.6847953589168596,2.294595922059366,2.6158260769314237,0.0,0.0
1395,2.363210504111121,2.684583947452498,2.2942704012260324,2.6156146579318578,0.0,0.0
1396,2.362890744708466,2.6843789559823494,2.2939506418233777,2.615409681532118,0.0,0.0
1397,2.362570338675949,2.684044204523534,2.293630306277655,2.6150750054253473,0.0,0.0
1398,2.3622447986189443,2.683857338987751,2.2933047854443216,2.614888170030382,0.0,0.0
1399,2.3619248887726316,2.683647430796682,2.2929848820058996,2.6146782769097223,0.0,0.0
1400,2.3615984716852445,2.6833603357385707,2.2926584969579644,2.6143912421332467,0.0,0.0
1401,2.3612728196319255,2.6831607922212575,2.2923328320888645,2.614191691080729,0.0,0.0
1402,2.3609586840320724,2.682967005600164,2.292018690081121,2.6139979044596355,0.0,0.0
1403,2.360637093673967,2.682624749077691,2.2916972022492623,2.613655768500434,0.0,0.0
1404,2.3603124370552355,2.682434684847608,2.291372545630531,2.6134657118055555,0.0,0.0
1405,2.3599978373086294,2.6822355896749612,2.2910579715154866,2.6132666693793403,0.0,0.0
1406,2.359675504485841,2.68196841392988,2.2907356194690265,2.6129994710286457,0.0,0.0
1407,2.359352243369546,2.6817681244273244,2.2904124032079647,2.6127992418077257,0.0,0.0
1408,2.3590362288968323,2.6815587173273534,2.290096388735251,2.612589857313368,0.0,0.0
1409,2.3587173273008886,2.6812826952522184,2.2897774935471977,2.6123138427734376,0.0,0.0
1410,2.358393057934225,2.6810135716567807,2.289453269035767,2.6120447794596355,0.0,0.0
1411,2.358078019672428,2.68081973982446,2.289138262813422,2.6118509928385416,0.0,0.0
1412,2.35775467859927,2.680564085407022,2.288814902516593,2.6115953233506946,0.0,0.0
1413,2.357431043046688,2.6803909829222126,2.28849125414823,2.6114222208658853,0.0,0.0
1414,2.357118290133491,2.6800991406852814,2.2881785524981564,2.6111304389105903,0.0,0.0
1415,2.356792938967486,2.679886727038725,2.2878531757005898,2.61091800265842,0.0,0.0
1416,2.356474555843597,2.6796496318299092,2.2875348566556046,2.6106809828016493,0.0,0.0
1417,2.3561578019683767,2.679371198489342,2.287218122004056,2.610402594672309,0.0,0.0
1418,2.355832313174496,2.6791740511670525,2.286892601170723,2.6102054172092015,0.0,0.0
1419,2.355516116218672,2.679005982198833,2.2865764426622417,2.610037400987413,0.0,0.0
1420,2.3551957934887304,2.6786965829354745,2.286256107116519,2.609727986653646,0.0,0.0
1421,2.3548692772208093,2.6784941496672454,2.285929578032817,2.6095255533854167,0.0,0.0
1422,2.354555855391901,2.6782754252869405,2.2856161562039086,2.6093068440755207,0.0,0.0
1423,2.3542325750519346,2.6779932318793405,2.2852929399428468,2.6090247260199653,0.0,0.0
1424,2.3539102358212554,2.6777938503689236,2.2849705878963866,2.6088253445095484,0.0,0.0
1425,2.3535923296598997,2.6775440922489873,2.284652700958702,2.608575608995226,0.0,0.0
1426,2.3532681307800307,2.6773657565646705,2.2843284764472713,2.6083972507052953,0.0,0.0
1427,2.352949241999868,2.6771300855095004,2.2840095812592183,2.6081615871853296,0.0,0.0
1428,2.3526275973164616,2.6768787939754533,2.283687949391593,2.607910325792101,0.0,0.0
1429,2.3523074985791492,2.676623580367477,2.283367901917404,2.6076551649305557,0.0,0.0
1430,2.3519913208469974,2.6764428183473186,2.2830517434089233,2.607474433051215,0.0,0.0
1431,2.3516718687395475,2.6761685067635996,2.2827322720778023,2.607200113932292,0.0,0.0
1432,2.35135039372347,2.6759769317250193,2.282410784245944,2.607008531358507,0.0,0.0
1433,2.3510359444205218,2.675784972391011,2.282096354166667,2.606816609700521,0.0,0.0
1434,2.350716492313072,2.675522882908951,2.281776882835546,2.6065544976128474,0.0,0.0
1435,2.3503967072788554,2.6753278642819254,2.2814571234328906,2.6063595241970487,0.0,0.0
1436,2.3500835030346865,2.6750348126446757,2.2811439896755163,2.6060665554470486,0.0,0.0
1437,2.3497647839218523,2.674824957200039,2.28082523852323,2.605856662326389,0.0,0.0
1438,2.3494418749559953,2.674610833062066,2.280502310333702,2.6056425306532116,0.0,0.0
1439,2.349127857760348,2.6743878399884258,2.2801883123617257,2.6054195827907987,0.0,0.0
1440,2.3488094267190474,2.6741605217074174,2.2798698492809732,2.6051922268337675,0.0,0.0
1441,2.3484874747404363,2.67394904996142,2.279547929341814,2.6049808078342016,0.0,0.0
1442,2.3481761493691278,2.673648206922743,2.27923666804941,2.6046800401475694,0.0,0.0
1443,2.347857004556883,2.6734386980975113,2.278917484789823,2.604470486111111,0.0,0.0
1444,2.3475348093619712,2.6732198117103105,2.27859527677913,2.6042516072591146,0.0,0.0
1445,2.3472224501087324,2.672989807128906,2.278283007236357,2.6040217081705728,0.0,0.0
1446,2.3469038686237744,2.672723132474923,2.2779644001198376,2.6037550184461806,0.0,0.0
1447,2.3465813853573283,2.672514264142072,2.2776419040376106,2.603546142578125,0.0,0.0
1448,2.3462696406945,2.672249541106048,2.2773302106379054,2.603281487358941,0.0,0.0
1449,2.345949618851873,2.6719865963782796,2.277010163163717,2.603018527560764,0.0,0.0
1450,2.345626965918098,2.6717837938850306,2.2766875230457226,2.6028157552083333,0.0,0.0
1451,2.345313518457628,2.6715870949074074,2.276374101216814,2.602619086371528,0.0,0.0
1452,2.34499349020711,2.671310925895785,2.2760540537426253,2.6023429022894966,0.0,0.0
1453,2.344671019756445,2.6711207147292146,2.2757315576603983,2.6021526760525173,0.0,0.0
1454,2.3443611411506966,2.6708661717544366,2.2754217367256637,2.601898193359375,0.0,0.0
1455,2.3440430845456834,2.6706189416956017,2.2751037057522123,2.6016510009765623,0.0,0.0
1456,2.3437207196834424,2.6704157925829475,2.274781353705752,2.6014478895399304,0.0,0.0
1457,2.3434084757722315,2.670233041268808,2.2744690841629795,2.601265123155382,0.0,0.0
1458,2.3430907585018756,2.669978065019772,2.274151341261062,2.6010101318359373,0.0,0.0
1459,2.3427705285445772,2.669784063645351,2.273831149751106,2.600816175672743,0.0,0.0
1460,2.3424586334380915,2.6695120578342015,2.273519312315634,2.600544230143229,0.0,0.0
1461,2.342140032729463,2.669291476025993,2.273200705199115,2.6003236558702256,0.0,0.0
1462,2.3418154145580736,2.669116192099489,2.2728760485803834,2.6001483493381077,0.0,0.0
1463,2.3415024440601373,2.6689068226755404,2.272563058858776,2.59993896484375,0.0,0.0
1464,2.3411841186072615,2.6686614801854267,2.2722447398137904,2.5996936374240454,0.0,0.0
1465,2.3408610656056377,2.668480077672888,2.2719216675884955,2.599512227376302,0.0,0.0
1466,2.340548876019728,2.66819364571277,2.2716095420814897,2.599225870768229,0.0,0.0
1467,2.3402307138262906,2.667969673062548,2.2712913670722714,2.599001905653212,0.0,0.0
1468,2.3399071966779137,2.6677853657286845,2.2709678627396754,2.598817613389757,0.0,0.0
1469,2.3395929298580747,2.66757682894483,2.2706535766961653,2.5986090766059027,0.0,0.0
1470,2.3392740603015834,2.6673113561559605,2.2703346815081122,2.5983435736762153,0.0,0.0
1471,2.338951583443027,2.667125722626109,2.270012185425885,2.598157925075955,0.0,0.0
1472,2.3386414103578548,2.6669186212987075,2.2697020764196165,2.597950914171007,0.0,0.0
1473,2.3383198904865443,2.666606957706404,2.269380588587758,2.5976392957899304,0.0,0.0
1474,2.3379955924261413,2.666431048357928,2.2690562200405604,2.5974633110894096,0.0,0.0
1475,2.3376825706650814,2.666203138563368,2.268743230318953,2.5972354465060765,0.0,0.0
1476,2.337362123123044,2.665945125626929,2.268422750737463,2.5969774034288196,0.0,0.0
1477,2.3370377802074076,2.665765934696904,2.2680983821902654,2.5967981974283854,0.0,0.0
1478,2.336720882296421,2.6655331081814237,2.26778150350295,2.596565416124132,0.0,0.0
1479,2.3363965937060858,2.6652110723801603,2.267457278991519,2.596243455674913,0.0,0.0
1480,2.336068361824742,2.665016645266686,2.2671290214786137,2.5960489908854165,0.0,0.0
1481,2.335751083069578,2.6648071063006364,2.266811710683997,2.595839436848958,0.0,0.0
1482,2.335430008121349,2.664528865107784,2.2664906549594397,2.595561218261719,0.0,0.0
1483,2.335102746043031,2.664320460190008,2.2661634056969024,2.5953528510199653,0.0,0.0
1484,2.3347877654522478,2.664103800455729,2.2658483994745575,2.5951361762152776,0.0,0.0
1485,2.3344662455809373,2.663808250898196,2.265526911642699,2.594840664333767,0.0,0.0
1486,2.3341404302681794,2.6636054634753568,2.265201102737832,2.594637891981337,0.0,0.0
1487,2.3338245726470133,2.6633625096450615,2.264885232300885,2.5943949381510416,0.0,0.0
1488,2.333505126947454,2.663112634729456,2.264565760969764,2.594145033094618,0.0,0.0
1489,2.333180419065599,2.662920283564815,2.2642411043510324,2.5939527723524307,0.0,0.0
1490,2.3328659953942124,2.6626898833851755,2.263926674271755,2.593722364637587,0.0,0.0
1491,2.3325452213332984,2.662387744291329,2.2636059066187317,2.593420240614149,0.0,0.0
1492,2.3322215345175934,2.662185088734568,2.263282258250369,2.5932176378038196,0.0,0.0
1493,2.3319058081164132,2.6619524694372108,2.2629665318491887,2.5929850260416667,0.0,0.0
1494,2.3315858918622108,2.661691336926119,2.262646628410767,2.592723931206597,0.0,0.0
1495,2.331261680166561,2.6614933192877124,2.2623224038993364,2.592525906032986,0.0,0.0
1496,2.3309483575181864,2.6612730162820695,2.2620091261061948,2.592305670844184,0.0,0.0
1497,2.3306291934822703,2.6610175238715277,2.2616899428466075,2.5920501708984376,0.0,0.0
1498,2.3303067773569057,2.660748893831983,2.2613675908001474,2.5917816162109375,0.0,0.0
1499,2.3299949527372146,2.6605742730034723,2.2610557533646753,2.5916069878472223,0.0,0.0
1500,2.3296774402358174,2.660306984230324,2.260738298534292,2.5913397894965278,0.0,0.0
1501,2.329354374418413,2.660106593002508,2.260415226308997,2.591139390733507,0.0,0.0
1502,2.3290416855841203,2.6598899106626157,2.2601025246589233,2.5909227159288193,0.0,0.0
1503,2.328726064771365,2.659664027838059,2.2597869422935104,2.5906968858506945,0.0,0.0
1504,2.3284045064527117,2.659372841163918,2.259465454461652,2.5904057820638022,0.0,0.0
1505,2.3280909469959266,2.6591793936270256,2.2591518885969766,2.59021233452691,0.0,0.0
1506,2.3277717509205584,2.6589331732855905,2.2588327053373893,2.5899661593967016,0.0,0.0
1507,2.3274486915110444,2.658735487196181,2.2585096331120944,2.589768473307292,0.0,0.0
1508,2.327136991703449,2.6585328768506464,2.2581979397123892,2.589565870496962,0.0,0.0
1509,2.326819268025203,2.658292473687066,2.257880196810472,2.589325459798177,0.0,0.0
1510,2.32649999505515,2.6579900670934604,2.257561013550885,2.589023166232639,0.0,0.0
1511,2.32619027970884,2.657788259247203,2.2572513366519176,2.5888214111328125,0.0,0.0
1512,2.325875679962234,2.657544242953077,2.2569367625368733,2.5885774400499133,0.0,0.0
1513,2.3255576425808924,2.6573553579824942,2.256618731563422,2.5883885701497396,0.0,0.0
1514,2.325249687703238,2.6571484940140335,2.256310783093658,2.5881817287868922,0.0,0.0
1515,2.3249384328187244,2.656926393862124,2.255999521801254,2.587959628634983,0.0,0.0
1516,2.324627062592183,2.6567009443118246,2.2556882605088497,2.5877343071831596,0.0,0.0
1517,2.324323252712318,2.6565240365487557,2.2553844890763273,2.5875574747721353,0.0,0.0
1518,2.324011559312613,2.656304980619454,2.2550727956766226,2.587338426378038,0.0,0.0
1519,2.3236982558879102,2.6561186161747687,2.254759517883481,2.587152099609375,0.0,0.0
1520,2.3233948845232364,2.6559195285373267,2.2544561785582595,2.58695305718316,0.0,0.0
1521,2.3230874673413076,2.655694979443962,2.2541488062315636,2.58672858344184,0.0,0.0
1522,2.3227765356299575,2.6554531069155094,2.25383797704646,2.58648681640625,0.0,0.0
1523,2.32247328907738,2.6552912808641973,2.253534781757006,2.5863250732421874,0.0,0.0
1524,2.3221627351480296,2.6550623764226464,2.2532242406434366,2.58609619140625,0.0,0.0
1525,2.3218509776694205,2.6548941077715087,2.2529125472437315,2.5859280056423612,0.0,0.0
1526,2.321546028319201,2.6546841619044175,2.2526076235250736,2.5857181125217013,0.0,0.0
1527,2.3212383486972996,2.654461360978492,2.2522999631268434,2.585495334201389,0.0,0.0
1528,2.3209262454761426,2.654234540020978,2.2519879816556045,2.5852686564127603,0.0,0.0
1529,2.320620588762869,2.654076327100212,2.251682337758112,2.5851104736328123,0.0,0.0
1530,2.3203105725292446,2.653850760754244,2.2513723727876105,2.584884982638889,0.0,0.0
1531,2.3199965489257064,2.653672873414593,2.251058374815634,2.5847071329752604,0.0,0.0
1532,2.319690296845694,2.653478193871769,2.250752154775074,2.5845124986436634,0.0,0.0
1533,2.319381189681904,2.6532782735942324,2.250443054019174,2.5843126085069446,0.0,0.0
1534,2.3190690672370757,2.6530287189248165,2.2501310725479353,2.5840632120768228,0.0,0.0
1535,2.318762383049762,2.6528418383186247,2.2498244204000737,2.5838763766818578,0.0,0.0
1536,2.318451108941577,2.6526003726912135,2.2495131591076696,2.583634948730469,0.0,0.0
1537,2.318137379817463,2.6524258912639853,2.249199449207227,2.583460489908854,0.0,0.0
1538,2.3178324176514633,2.652222896623023,2.2488945254885695,2.583257548014323,0.0,0.0
1539,2.31752308314933,2.6519884688765916,2.2485852806969024,2.5830232408311633,0.0,0.0
1540,2.3172120202179944,2.651736924913194,2.2482743074760325,2.582771809895833,0.0,0.0
1541,2.316904635075517,2.651550737545814,2.247966935149336,2.582585652669271,0.0,0.0
1542,2.3165953774680696,2.651325223946277,2.2476576903576695,2.5823601616753473,0.0,0.0
1543,2.316283946508337,2.651152592411748,2.2473462850294985,2.5821875678168404,0.0,0.0
1544,2.3159776175336395,2.6509442590784142,2.247040064988938,2.5819793701171876,0.0,0.0
1545,2.315673263550159,2.6507238242066937,2.246735717413348,2.581758965386285,0.0,0.0
1546,2.3153645115989847,2.650480271327643,2.2464270487647493,2.5815155029296877,0.0,0.0
1547,2.315054965920003,2.6502947545934608,2.2461175159015485,2.5813300238715278,0.0,0.0
1548,2.3147532045803283,2.6500867189007042,2.245815760969764,2.5811219957139757,0.0,0.0
1549,2.314443614046114,2.649912693353347,2.2455062281065636,2.5809480455186633,0.0,0.0
1550,2.3141343243992143,2.6496937391493054,2.2451969833148966,2.5807291666666665,0.0,0.0
1551,2.313829086977461,2.6495163679711613,2.244891771524705,2.5805518256293403,0.0,0.0
1552,2.313524387251433,2.649235346287857,2.2445871358775813,2.5802708943684896,0.0,0.0
1553,2.3132144158730408,2.6490500217013886,2.2442771709070795,2.5800855848524304,0.0,0.0
1554,2.3129055583334424,2.648873814712336,2.243968358222714,2.579909430609809,0.0,0.0
1555,2.3126011979420715,2.648638298128858,2.243664010647124,2.5796739366319446,0.0,0.0
1556,2.312291626631528,2.6484312269422743,2.243354477783923,2.5794669257269964,0.0,0.0
1557,2.3119833836823402,2.64825521963614,2.2430462412426255,2.5792909410264757,0.0,0.0
1558,2.311681846335295,2.6479653817635995,2.2427447743823747,2.579001193576389,0.0,0.0
1559,2.3113718685490126,2.647791578504774,2.2424348094118733,2.578827412923177,0.0,0.0
1560,2.3110619899432643,2.647608066134983,2.242124988477139,2.578643968370226,0.0,0.0
1561,2.3107595020168636,2.647378977080922,2.241822513366519,2.5784149169921875,0.0,0.0
1562,2.310451220620333,2.647176136911651,2.2415142768252214,2.578212144639757,0.0,0.0
1563,2.31014146682668,2.646934102376302,2.2412045999262538,2.577970208062066,0.0,0.0
1564,2.3098404192579496,2.646734366711275,2.240903565173304,2.577770487467448,0.0,0.0
1565,2.3095326084160623,2.6465470076195987,2.240595760739307,2.5775831434461804,0.0,0.0
1566,2.3092233059533815,2.6463680653513215,2.24028651594764,2.577404276529948,0.0,0.0
1567,2.308922546456185,2.646135592990451,2.2399857692662244,2.5771718343098957,0.0,0.0
1568,2.308615254086351,2.6459488442503374,2.239678540975295,2.576985168457031,0.0,0.0
1569,2.308305362664822,2.645696467646846,2.2393687200405603,2.576732889811198,0.0,0.0
1570,2.30800676370413,2.645503513665847,2.239070133895649,2.5765399509006075,0.0,0.0
1571,2.307696648289971,2.6453105446144383,2.2387600248893804,2.576347011990017,0.0,0.0
1572,2.3073851788828956,2.645126176998939,2.2384486195612094,2.5761627197265624,0.0,0.0
1573,2.307083987278398,2.6448901517891588,2.238147440772493,2.5759267171223956,0.0,0.0
1574,2.306774902400457,2.6446226256570697,2.23783848405236,2.5756593492296007,0.0,0.0
1575,2.3064645053226545,2.644455950701678,2.2375280869745575,2.575492689344618,0.0,0.0
1576,2.306162174247802,2.6442341820987654,2.237225755899705,2.5752709282769097,0.0,0.0
1577,2.305851044175384,2.6440317186897184,2.236914638643068,2.5750684950086806,0.0,0.0
1578,2.3055414408253885,2.6438500562126257,2.236605105779867,2.574886915418837,0.0,0.0
1579,2.305241977650095,2.64361759138696,2.236305655420354,2.574654473198785,0.0,0.0
1580,2.3049310203071833,2.643340401355131,2.2359948262352507,2.57437744140625,0.0,0.0
1581,2.3046204791936136,2.643171183268229,2.2356842851216814,2.574208238389757,0.0,0.0
1582,2.304320747170457,2.642956019272039,2.2353845466906344,2.5739930894639755,0.0,0.0
1583,2.304008746475547,2.6427544186439045,2.2350725652193955,2.57379150390625,0.0,0.0
1584,2.3037017421772474,2.6425763090157215,2.234765625,2.573613484700521,0.0,0.0
1585,2.303405089230498,2.642247299382716,2.234469055355826,2.5732845730251737,0.0,0.0
1586,2.3030939399344086,2.642094312126254,2.2341579380991887,2.573131646050347,0.0,0.0
1587,2.3027862731282878,2.641920015311536,2.2338502777009586,2.5729573567708335,0.0,0.0
1588,2.3024870916166376,2.6416756750036168,2.2335511154129795,2.5727130466037327,0.0,0.0
1589,2.302176400059411,2.6415028965326,2.2332404302636433,2.572540283203125,0.0,0.0
1590,2.3018714635249724,2.6413334938331885,2.2329355065449854,2.572370910644531,0.0,0.0
1591,2.301575047386633,2.64101594524619,2.232639224972345,2.5720535278320313,0.0,0.0
1592,2.3012646054535977,2.6408492250795716,2.2323288278945426,2.5718868679470486,0.0,0.0
1593,2.3009572331269017,2.640668817214024,2.2320214555678466,2.5717064751519096,0.0,0.0
1594,2.3006583332788946,2.6404227814850985,2.2317225813514012,2.571460469563802,0.0,0.0
1595,2.300348249904188,2.6402607143072436,2.231412472345133,2.5712983873155384,0.0,0.0
1596,2.3000447601353096,2.6400711436330537,2.2311089889841447,2.571108839246962,0.0,0.0
1597,2.299746378759356,2.639750102478781,2.230810690910767,2.5707878960503474,0.0,0.0
1598,2.2994379212876064,2.6395916446638696,2.2305023103337023,2.5706295437282987,0.0,0.0
1599,2.2991316948391556,2.6393986906828704,2.2301960902931417,2.5704366048177083,0.0,0.0
1600,2.2988293573564125,2.6391811380268617,2.2298937592182893,2.5702190823025175,0.0,0.0
1601,2.2985257171438764,2.6389527497468173,2.229590131821534,2.569990709092882,0.0,0.0
1602,2.2982226594822985,2.638773344063465,2.2292870805678464,2.5698113335503474,0.0,0.0
1603,2.2979165001749298,2.6384830050998263,2.228981004563053,2.5695210774739583,0.0,0.0
1604,2.29761528293887,2.6383218722873263,2.228679825774336,2.5693600124782985,0.0,0.0
1605,2.297312231685183,2.638088921440972,2.228376774520649,2.5691270616319444,0.0,0.0
1606,2.2970050961668975,2.6378784518771705,2.2280696902654866,2.568916659884983,0.0,0.0
1607,2.2967013119185946,2.637684812192564,2.2277659188329646,2.5687230428059897,0.0,0.0
1608,2.2964027193657923,2.637454713421103,2.227467332688053,2.568492974175347,0.0,0.0
1609,2.2960967169099713,2.637180982048129,2.2271614007190266,2.5682193332248264,0.0,0.0
1610,2.2957903143863017,2.6370218912760417,2.226855036642699,2.568060302734375,0.0,0.0
1611,2.2954948970282634,2.6367745293511287,2.226559619284661,2.567812940809462,0.0,0.0
1612,2.2951884273635113,2.6366172168872977,2.2262531111725665,2.5676556057400175,0.0,0.0
1613,2.2948834844211823,2.636426621425299,2.2259481874539087,2.5674650404188366,0.0,0.0
1614,2.294586274555036,2.6362195276331017,2.2256510416666666,2.567258029513889,0.0,0.0
1615,2.2942870481881528,2.635929196204668,2.2253518793786875,2.5669677734375,0.0,0.0
1616,2.2939809657754684,2.635756579740548,2.225045803373894,2.566795179578993,0.0,0.0
1617,2.2936760036094683,2.635546110176746,2.224740879655236,2.5665847778320314,0.0,0.0
1618,2.293373096391548,2.635360292034385,2.2244379724373156,2.5663989596896704,0.0,0.0
1619,2.2930753616454576,2.63513528706115,2.224140250507006,2.5661739773220487,0.0,0.0
1620,2.292772886534838,2.6349321605541087,2.2238377753963863,2.565970865885417,0.0,0.0
1621,2.2924677034383856,2.6346811026114008,2.2235327076419615,2.565719943576389,0.0,0.0
1622,2.292167526492147,2.634509164315683,2.2232325371036135,2.5655480278862846,0.0,0.0
1623,2.2918683706120584,2.634250944161121,2.2229333748156344,2.5652898152669272,0.0,0.0
1624,2.2915619680883883,2.634071685414255,2.222627010739307,2.565110609266493,0.0,0.0
1625,2.291258766391043,2.633892449273003,2.2223238154498524,2.564931403266059,0.0,0.0
1626,2.2909605290508575,2.6336144793475116,2.222025661412242,2.564653523763021,0.0,0.0
1627,2.2906613667628783,2.6333903296199845,2.2217264991242627,2.5644293891059027,0.0,0.0
1628,2.2903612889971736,2.633236988208912,2.2214264726216815,2.564276123046875,0.0,0.0
1629,2.2900553313965855,2.6330080762321564,2.221120540652655,2.5640472412109374,0.0,0.0
1630,2.2897547287509363,2.6328195303457753,2.220819938007006,2.5638587103949653,0.0,0.0
1631,2.2894586968024875,2.632566343707803,2.2205239445058997,2.5636055840386285,0.0,0.0
1632,2.289155357477266,2.632397980866609,2.2202206051806783,2.563437228732639,0.0,0.0
1633,2.2888526678440853,2.6321386605721933,2.219917986034292,2.563177998860677,0.0,0.0
1634,2.288554939505885,2.6319670764310863,2.219620264103982,2.5630064222547744,0.0,0.0
1635,2.28825565240581,2.6317432808581698,2.219320957780236,2.562782626681858,0.0,0.0
1636,2.2879553314238046,2.6315788099500868,2.219020643206121,2.562618170844184,0.0,0.0
1637,2.2876555929927576,2.6313812783323685,2.2187209047750738,2.562420654296875,0.0,0.0
1638,2.287359522596966,2.6312031611689815,2.2184249112739676,2.562242635091146,0.0,0.0
1639,2.287066476952281,2.63089703971957,2.2181319425239674,2.5619366115993922,0.0,0.0
1640,2.2867652917556742,2.630722396285446,2.217830763735251,2.561761983235677,0.0,0.0
1641,2.286462967088712,2.630556414568866,2.2175284326603983,2.561596001519097,0.0,0.0
1642,2.2861672616591395,2.6303790509259257,2.217232727230826,2.561418660481771,0.0,0.0
1643,2.2858713993780193,2.6301335388937113,2.2169368777654865,2.5611731635199653,0.0,0.0
1644,2.2855716609469723,2.6299616156684027,2.2166371393344395,2.561001247829861,0.0,0.0
1645,2.285275081549195,2.6297081389250576,2.2163407137260323,2.5607479519314236,0.0,0.0
1646,2.2849769146958034,2.6295141526210455,2.2160425596884217,2.5605539957682293,0.0,0.0
1647,2.284679205581275,2.629290364583333,2.215744837758112,2.5603302001953123,0.0,0.0
1648,2.2843801873290626,2.629098088770737,2.2154458195059,2.560137939453125,0.0,0.0
1649,2.284077712218443,2.62891192400897,2.21514334439528,2.5599517822265625,0.0,0.0
1650,2.2837829894076775,2.628727424527392,2.2148486472160767,2.559767320421007,0.0,0.0
1651,2.2834903950939647,2.6284126790364586,2.2145561105733775,2.559452650282118,0.0,0.0
1652,2.2831889889669053,2.6282537050600405,2.2142547877488936,2.5592937893337675,0.0,0.0
1653,2.282888824836448,2.628064665617766,2.2139546172105455,2.559104749891493,0.0,0.0
1654,2.282593257034752,2.627858479817708,2.2136590558167404,2.5588985866970484,0.0,0.0
1655,2.2822935121958148,2.627613653489101,2.2133593173856934,2.5586537679036456,0.0,0.0
1656,2.2819947756072456,2.6274457766685955,2.213060587205015,2.558485921223958,0.0,0.0
1657,2.281696557490731,2.6271768075448496,2.2127624331674043,2.558217027452257,0.0,0.0
1658,2.2813995493313657,2.627015049310378,2.212465431415929,2.5580552842881943,0.0,0.0
1659,2.281106798166105,2.626790485146605,2.212172750737463,2.557830810546875,0.0,0.0
1660,2.280805907448922,2.626573456187307,2.2118718600202802,2.557613796657986,0.0,0.0
1661,2.2805035763740698,2.6264001690899885,2.211569528945428,2.5574405246310765,0.0,0.0
1662,2.2802090104148522,2.6262202698507426,2.211274975801991,2.5572606404622396,0.0,0.0
1663,2.2799144572714156,2.6259695095486113,2.2109804226585545,2.5570098876953127,0.0,0.0
1664,2.2796139345826294,2.6257183348102338,2.2106799640486727,2.556758795844184,0.0,0.0
1665,2.2793167759796065,2.625521650903019,2.2103828182614307,2.5565621270073784,0.0,0.0
1666,2.2790195532976796,2.6253455607096354,2.2100856724741886,2.5563861423068577,0.0,0.0
1667,2.2787225643619857,2.6251070149739584,2.209788670722714,2.5561475965711806,0.0,0.0
1668,2.2784238341813072,2.6249240639769003,2.2094899405420354,2.5559646606445314,0.0,0.0
1669,2.278122066433742,2.6247105878665122,2.209188185610251,2.555751207139757,0.0,0.0
1670,2.2778270683672233,2.6245400059076003,2.208893200359513,2.555580647786458,0.0,0.0
1671,2.2775341859819767,2.6242171223958333,2.2086003756452803,2.5552578396267362,0.0,0.0
1672,2.277233157636917,2.624062839084201,2.2082993408923306,2.555103556315104,0.0,0.0
1673,2.2769350707403886,2.6238775936173804,2.208001330890487,2.554918416341146,0.0,0.0
1674,2.276637905729475,2.623657497829861,2.207704185103245,2.5546983506944443,0.0,0.0
1675,2.276340916793781,2.623430318950135,2.20740718335177,2.554471164279514,0.0,0.0
1676,2.2760424746846364,2.6232512749565973,2.2071087412426253,2.5542921278211805,0.0,0.0
1677,2.2757428674735753,2.6230408430688175,2.206809146847345,2.5540817260742186,0.0,0.0
1678,2.2754460897147304,2.622788997697241,2.206512433167404,2.5538299560546873,0.0,0.0
1679,2.2751531145568396,2.6225682388117284,2.206219464417404,2.5536092122395835,0.0,0.0
1680,2.274852278164958,2.622367048852238,2.205918717735988,2.55340813530816,0.0,0.0
1681,2.274551387447775,2.622163760338301,2.205617827018805,2.5532048543294272,0.0,0.0
1682,2.274255682018203,2.6219579211576485,2.205322121589233,2.552999030219184,0.0,0.0
1683,2.273958392195194,2.621721394856771,2.205024831766224,2.552762518988715,0.0,0.0
1684,2.2736592363151047,2.621543029031636,2.2047256694782447,2.552584160698785,0.0,0.0
1685,2.2733612199053708,2.6213260076075424,2.204427659476401,2.5523671468098956,0.0,0.0
1686,2.2730645733665122,2.6210792258933737,2.2041310898322273,2.5521204630533854,0.0,0.0
1687,2.272769700112089,2.620848087263696,2.2038362486172565,2.5518893771701388,0.0,0.0
1688,2.272468226843948,2.62064614755136,2.2035347817570057,2.5516874525282116,0.0,0.0
1689,2.272165607697562,2.6204474291389372,2.2032321626106195,2.551488749186198,0.0,0.0
1690,2.2718708656631255,2.6202615507149405,2.202937465431416,2.551302931043837,0.0,0.0
1691,2.271571834595132,2.619971611117139,2.2026384471792033,2.5510130140516494,0.0,0.0
1692,2.271269797999704,2.619791056315104,2.202336404175885,2.5508324517144096,0.0,0.0
1693,2.270970786155382,2.6195665675033757,2.2020373859236724,2.5506079779730904,0.0,0.0
1694,2.270670650718664,2.6193083887924384,2.2017373594210916,2.5503499348958334,0.0,0.0
1695,2.270372791160477,2.619118671181761,2.2014394934550148,2.550160217285156,0.0,0.0
1696,2.2700798288183677,2.6188628321518133,2.2011465247050146,2.549904378255208,0.0,0.0
1697,2.2697779298508163,2.6186797116126543,2.200844625737463,2.549721272786458,0.0,0.0
1698,2.2694788795591516,2.618476053873698,2.2005456074852505,2.5495176527235244,0.0,0.0
1699,2.2691799989348156,2.618248859923563,2.200246733268805,2.5492904663085936,0.0,0.0
1700,2.268882533036588,2.618055691189236,2.1999492994100294,2.549097357855903,0.0,0.0
1701,2.268588523996767,2.617804893211082,2.1996553224096607,2.5488466050889755,0.0,0.0
1702,2.2682870635444066,2.617583463692371,2.19935385554941,2.548625183105469,0.0,0.0
1703,2.26798733152125,2.617390686788677,2.199054117118363,2.5484324137369794,0.0,0.0
1704,2.2676899712114467,2.6171274820963544,2.198756827295354,2.5481692843967014,0.0,0.0
1705,2.2673951428122567,2.6168772379557295,2.1984619860803836,2.5479190402560765,0.0,0.0
1706,2.2670939576156495,2.616680900667921,2.1981608072916665,2.5477227105034723,0.0,0.0
1707,2.2667956659501622,2.6164625153718175,2.197862509218289,2.547504340277778,0.0,0.0
1708,2.266495543329225,2.616259113829813,2.197562482715708,2.5473010592990453,0.0,0.0
1709,2.2661973892916145,2.616021916895737,2.1972643286780973,2.5470638699001737,0.0,0.0
1710,2.265904420541615,2.615755389178241,2.1969713599280976,2.546797349717882,0.0,0.0
1711,2.265602796829816,2.615568192093461,2.1966697490320795,2.5466101752387154,0.0,0.0
1712,2.2653039162054798,2.615357605733989,2.196370874815634,2.5463996039496526,0.0,0.0
1713,2.2650037456671317,2.6151341341748653,2.196070704277286,2.5461761474609377,0.0,0.0
1714,2.2647044329354955,2.614929481788918,2.19577139795354,2.5459715101453995,0.0,0.0
1715,2.264414143194054,2.6146305187837577,2.195481165883112,2.545672607421875,0.0,0.0
1716,2.264113502101062,2.6144231009777683,2.195180563237463,2.545465257432726,0.0,0.0
1717,2.2638129058633036,2.614213377399209,2.1948799605918143,2.5452555338541667,0.0,0.0
1718,2.263515747260281,2.6139995546694155,2.1945828148045723,2.545041741265191,0.0,0.0
1719,2.263219308836093,2.613785909016927,2.194286389196165,2.544828118218316,0.0,0.0
1720,2.262923609814411,2.613542277018229,2.193990683766593,2.544584486219618,0.0,0.0
1721,2.2626257310325535,2.613331675588349,2.193692817800516,2.5443739149305555,0.0,0.0
1722,2.2623248274995897,2.613115833423756,2.1933919270833333,2.5441580878363714,0.0,0.0
1723,2.262028513887498,2.6129191043053144,2.1930956455106934,2.543961418999566,0.0,0.0
1724,2.2617356891732645,2.6126659779489776,2.19280282079646,2.5437082926432293,0.0,0.0
1725,2.2614352433791636,2.6124789730119113,2.1925023621865782,2.543521287706163,0.0,0.0
1726,2.2611396691695775,2.612276517138069,2.192206800792773,2.543318854437934,0.0,0.0
1727,2.260842308859774,2.611998893831983,2.191909510969764,2.543041314019097,0.0,0.0
1728,2.2605484823030624,2.6117744200906636,2.1916156780051623,2.5428168402777778,0.0,0.0
1729,2.260252482394066,2.6115584008487653,2.191319684504056,2.542600843641493,0.0,0.0
1730,2.25995298717932,2.6113603153935188,2.191020234144543,2.542402818467882,0.0,0.0
1731,2.2596559854278446,2.611169218840422,2.1907232323930677,2.542211744520399,0.0,0.0
1732,2.2593650203628015,2.610888434516059,2.1904322801438054,2.541930982801649,0.0,0.0
1733,2.2590647057886866,2.6107051519700035,2.1901319655696905,2.5417477077907984,0.0,0.0
1734,2.2587678416650876,2.6105027036313655,2.189835107853982,2.5415452745225693,0.0,0.0
1735,2.2584705326184076,2.610270223735291,2.1895378180309732,2.541312832302517,0.0,0.0
1736,2.2581778455320514,2.610013699001736,2.1892451373525073,2.5410563151041665,0.0,0.0
1737,2.2578809942242337,2.609827880859375,2.1889482796367994,2.5408704969618054,0.0,0.0
1738,2.257582356816199,2.609585352768133,2.1886496934918878,2.5406280517578126,0.0,0.0
1739,2.2572879477085293,2.6094054761345005,2.1883552843842184,2.5404481675889756,0.0,0.0
1740,2.256999674467825,2.609073599356192,2.188067068814528,2.540116373697917,0.0,0.0
1741,2.2567013828023383,2.6089172890745562,2.1877687707411506,2.5399600558810764,0.0,0.0
1742,2.256405101229698,2.6087223005883486,2.1874724891685102,2.5397650824652778,0.0,0.0
1743,2.2561112490414246,2.608492548436294,2.1871786562039084,2.5395353529188367,0.0,0.0
1744,2.2558195702054373,2.6082631353684413,2.1868869837758114,2.5393059624565972,0.0,0.0
1745,2.2555246841352337,2.608063015407986,2.1865921425608406,2.5391059027777776,0.0,0.0
1746,2.2552291227414285,2.6078497163749037,2.1862965811670354,2.538892618815104,0.0,0.0
1747,2.25493370538339,2.607659814151717,2.186001163808997,2.5387027316623265,0.0,0.0
1748,2.254645051298508,2.607432273582176,2.1857125161320057,2.5384752061631946,0.0,0.0
1749,2.2543490577974024,2.60722678102093,2.1854165226309,2.5382697211371528,0.0,0.0
1750,2.254053144253159,2.6069669671706213,2.1851206731655606,2.538009982638889,0.0,0.0
1751,2.2537616158608285,2.6067765563211323,2.18482914477323,2.537819586859809,0.0,0.0
1752,2.2534707691999905,2.606535915798611,2.1845383365597346,2.5375790066189237,0.0,0.0
1753,2.253175076586199,2.606365872606819,2.184242631130162,2.537408955891927,0.0,0.0
1754,2.2528807986985155,2.6061432336877894,2.1839483660582597,2.5371863471137153,0.0,0.0
1755,2.2525855125604632,2.605953161922502,2.1836530927359883,2.536996290418837,0.0,0.0
1756,2.2522974538423206,2.6057203806182487,2.1833650212020648,2.5367635091145835,0.0,0.0
1757,2.2520021677042683,2.605512167848187,2.1830697478797934,2.5365553114149306,0.0,0.0
1758,2.2517069007898876,2.605327698507427,2.182774474557522,2.536370849609375,0.0,0.0
1759,2.2514151835065577,2.605148933316454,2.182482802129425,2.536192152235243,0.0,0.0
1760,2.2511261229459367,2.6049019255461516,2.182193722345133,2.5359451293945314,0.0,0.0
1761,2.2508318066109103,2.6046684057918594,2.18189945727323,2.535711669921875,0.0,0.0
1762,2.250539977331265,2.6044635838638115,2.1816076408093656,2.535506863064236,0.0,0.0
1763,2.2502457186672533,2.6042892870490935,2.181313375737463,2.5353325737847223,0.0,0.0
1764,2.249960239777135,2.6040492078993056,2.181027896847345,2.535092502170139,0.0,0.0
1765,2.249667258211354,2.6038679447880497,2.180734928097345,2.5349112616644964,0.0,0.0
1766,2.2493732812109855,2.6036787282684704,2.180440951096976,2.5347220526801215,0.0,0.0
1767,2.249082873065339,2.603501334484713,2.180150574990782,2.5345447116427953,0.0,0.0
1768,2.2487919272239667,2.6032931292498556,2.1798596227415192,2.5343365139431424,0.0,0.0
1769,2.2485042877973442,2.6030635692455153,2.1795719833148968,2.534106953938802,0.0,0.0
1770,2.2482136236196157,2.602879600995853,2.1792813191371683,2.5339230007595486,0.0,0.0
1771,2.2479199346907808,2.6026958022882907,2.1789876302083333,2.533739217122396,0.0,0.0
1772,2.247629414548819,2.602513714072145,2.1786971100663717,2.53355712890625,0.0,0.0
1773,2.2473404211292802,2.6022345724223572,2.1784081743178465,2.533278062608507,0.0,0.0
1774,2.247053213809959,2.6020480761115934,2.178120966998525,2.533091566297743,0.0,0.0
1775,2.2467630873279556,2.6018732179241417,2.1778308789638645,2.532916768391927,0.0,0.0
1776,2.2464724359660075,2.6016743450400273,2.1775402147861356,2.5327178955078127,0.0,0.0
1777,2.2461803250227192,2.6014890279887637,2.1772481102507375,2.5325325859917536,0.0,0.0
1778,2.2458934185907125,2.6013123726550442,2.17696119100295,2.5323559231228296,0.0,0.0
1779,2.245606505750815,2.601062467598621,2.176674271755162,2.5321060180664063,0.0,0.0
1780,2.2453146828790604,2.6008942592291184,2.176382455291298,2.5319378323025172,0.0,0.0
1781,2.245025321431125,2.600682847764757,2.176093087435472,2.5317264133029513,0.0,0.0
1782,2.2447329288241926,2.600501437717014,2.1758006948285398,2.5315450032552085,0.0,0.0
1783,2.2444477187819376,2.600336944203318,2.175515504009956,2.531380547417535,0.0,0.0
1784,2.244161042750451,2.6000235776548033,2.175228872833702,2.5310672336154516,0.0,0.0
1785,2.2438679427804646,2.5998674293800637,2.1749357600479353,2.530911085340712,0.0,0.0
1786,2.243579307919254,2.5996933247130594,2.174647112370944,2.5307369656032987,0.0,0.0
1787,2.243287203383856,2.599470531322338,2.174355007835546,2.530514187282986,0.0,0.0
1788,2.2429976850843727,2.59928911373939,2.1740654959439527,2.530332777235243,0.0,0.0
1789,2.242715243761142,2.5990346235110433,2.173783041804941,2.5300782945421005,0.0,0.0
1790,2.2424231456336337,2.5988720477068865,2.1734909372695426,2.529915703667535,0.0,0.0
1791,2.2421334640747124,2.598677707248264,2.173201281342183,2.529721408420139,0.0,0.0
1792,2.2418439521831193,2.598477802041136,2.17291176945059,2.52952151828342,0.0,0.0
1793,2.2415534384490483,2.5982828436957464,2.1726212493086283,2.5293265448676214,0.0,0.0
1794,2.2412723798124734,2.598001343526958,2.1723402355272863,2.5290451049804688,0.0,0.0
1795,2.240981433971101,2.597829427836854,2.1720492832780236,2.5288731892903646,0.0,0.0
1796,2.240691051457016,2.5976413981119792,2.171758907171829,2.5286851671006945,0.0,0.0
1797,2.2404041386171185,2.59743896484375,2.171471987924041,2.5284827338324654,0.0,0.0
1798,2.2401154909401275,2.59724720519266,2.17118334024705,2.5282909817165797,0.0,0.0
1799,2.239831433184008,2.5970270943347322,2.1708993017146017,2.5280709160698787,0.0,0.0
1800,2.239543079986441,2.596832290461034,2.1706109421091444,2.5278761121961804,0.0,0.0
1801,2.2392525598444792,2.5966407078872495,2.1703204219671828,2.527684529622396,0.0,0.0
1802,2.2389652148972816,2.5964681140287427,2.1700330706120945,2.527511935763889,0.0,0.0
1803,2.238678577313137,2.5962429470486112,2.1697464394358406,2.5272867838541666,0.0,0.0
1804,2.238392967203033,2.5960242377387153,2.1694608165099556,2.5270680745442706,0.0,0.0
1805,2.2381062048067935,2.5958640279887635,2.1691740412979352,2.5269078572591144,0.0,0.0
1806,2.2378163920278857,2.5956410650559416,2.1688842413348084,2.5266849093967014,0.0,0.0
1807,2.2375272802041417,2.5954552017023533,2.1685951615505163,2.5264990912543404,0.0,0.0
1808,2.2372430912280357,2.595246487841194,2.168310978982301,2.5262903849283855,0.0,0.0
1809,2.2369561463486867,2.594967037248023,2.1680240597345133,2.526010979546441,0.0,0.0
1810,2.2366677867432294,2.5948090240101753,2.167735700129056,2.5258529663085936,0.0,0.0
1811,2.236379427137772,2.594608787254051,2.1674473405235988,2.5256527370876736,0.0,0.0
1812,2.236089915246179,2.5944229615764853,2.1671578286320057,2.5254669189453125,0.0,0.0
1813,2.2358073170714006,2.594255446445795,2.166875230457227,2.5252994113498266,0.0,0.0
1814,2.2355202601957362,2.59400146484375,2.1665881671736726,2.5250454372829862,0.0,0.0
1815,2.2352307098568005,2.593817805537471,2.1662986552820795,2.524861823187934,0.0,0.0
1816,2.234943364909603,2.593613838855131,2.1660113039269913,2.5246578640407984,0.0,0.0
1817,2.234653264059161,2.593425462510851,2.1657212158923302,2.524469502766927,0.0,0.0
1818,2.2343697952618897,2.5932391282069833,2.1654377535029496,2.524283175998264,0.0,0.0
1819,2.2340845980354156,2.5929775021399983,2.1651525626843657,2.5240215725368924,0.0,0.0
1820,2.233794221929221,2.59281185950762,2.164862186578171,2.523855929904514,0.0,0.0
1821,2.2335080164523777,2.5926151680652003,2.164575987509218,2.523659261067708,0.0,0.0
1822,2.233218655004442,2.592413582507475,2.1642866196533923,2.5234576755099827,0.0,0.0
1823,2.2329371194053333,2.5921252554434315,2.164005173764749,2.523169453938802,0.0,0.0
1824,2.2326496368302586,2.5919575858410493,2.1637176783738936,2.523001776801215,0.0,0.0
1825,2.232359830459241,2.5917642852406444,2.163427878410767,2.5228084988064237,0.0,0.0
1826,2.2320724855120435,2.5915825436439044,2.1631405270556785,2.522626749674479,0.0,0.0
1827,2.231786987398254,2.5913592340916765,2.1628550481655604,2.5224034627278646,0.0,0.0
1828,2.231502811237929,2.5911454415027007,2.162570865597345,2.522189670138889,0.0,0.0
1829,2.2312170442762773,2.5909652031792536,2.162285098635693,2.5220094468858507,0.0,0.0
1830,2.230927532384684,2.5907505628797742,2.1619955867441,2.5217948065863713,0.0,0.0
1831,2.2306397040670616,2.5905565388997394,2.1617078032817107,2.521600850423177,0.0,0.0
1832,2.230359704943979,2.5903190104166667,2.1614277977507377,2.5213633219401044,0.0,0.0
1833,2.2300698985729612,2.5901386100863233,2.1611379977876104,2.5211829291449654,0.0,0.0
1834,2.2297826848457496,2.5899520987051505,2.160850790468289,2.5209964328342016,0.0,0.0
1835,2.2294954647106473,2.5897289511598185,2.1605635831489676,2.5207733154296874,0.0,0.0
1836,2.2292085454628596,2.5895414375964507,2.16027666390118,2.5205858018663196,0.0,0.0
1837,2.228928539931886,2.589324585714458,2.1599966583702064,2.520368957519531,0.0,0.0
1838,2.2286390216324032,2.5891192626953123,2.1597071464786137,2.52016364203559,0.0,0.0
1839,2.228351574158958,2.588866015775704,2.159419795123525,2.5199105156792534,0.0,0.0
1840,2.2280656631615394,2.5886700251073016,2.1591338841261063,2.519714525010851,0.0,0.0
1841,2.2277823448079257,2.58844960530599,2.1588505657724926,2.519494120279948,0.0,0.0
1842,2.2274952558928094,2.5882747772593557,2.158563502488938,2.519319322374132,0.0,0.0
1843,2.227207616466187,2.5880680979034048,2.1582758630623156,2.5191126505533856,0.0,0.0
1844,2.2269193752649348,2.5878673299153645,2.157987647492625,2.518911912706163,0.0,0.0
1845,2.226641386234699,2.5876355583285107,2.1577096584623896,2.518680148654514,0.0,0.0
1846,2.2263517303073392,2.5874463418089313,2.1574200025350296,2.518490939670139,0.0,0.0
1847,2.226065191903729,2.587250283323688,2.1571335153945426,2.518294949001736,0.0,0.0
1848,2.2257788423911187,2.5870300330644773,2.156847172289823,2.518074713812934,0.0,0.0
1849,2.225492774542152,2.5868428359796973,2.1565611172566372,2.5178875393337674,0.0,0.0
1850,2.2252127754190694,2.5866385377483603,2.1562811117256637,2.5176832411024304,0.0,0.0
1851,2.224924338918927,2.586357693142361,2.1559927521202065,2.5174024793836804,0.0,0.0
1852,2.2246355472061685,2.5861820324556324,2.155703960407448,2.517226833767361,0.0,0.0
1853,2.2243529233998283,2.585958538290895,2.1554213622326697,2.517003377278646,0.0,0.0
1854,2.2240691601231335,2.5857350742669754,2.1551376117717553,2.5167799207899306,0.0,0.0
1855,2.223781795952264,2.5855604157624423,2.1548502604166666,2.5166052924262154,0.0,0.0
1856,2.2234958721390643,2.585324059003665,2.154564349419248,2.516368950737847,0.0,0.0
1857,2.2232097786585356,2.585140723711179,2.154278294386062,2.5161856757269967,0.0,0.0
1858,2.222929196984494,2.5849143774715473,2.1539977127120205,2.5159593370225695,0.0,0.0
1859,2.2226411126347903,2.5847046312873743,2.1537096411780974,2.5157496134440103,0.0,0.0
1860,2.22235331635662,2.584514559522087,2.153421857715708,2.515559556749132,0.0,0.0
1861,2.222071713616429,2.584299557532793,2.153140267791298,2.5153445773654513,0.0,0.0
1862,2.221787374196666,2.5840740514684604,2.152855941187316,2.5151190863715276,0.0,0.0
1863,2.2215005989846452,2.583885004490982,2.152569165975295,2.5149300469292535,0.0,0.0
1864,2.2212141118441586,2.5836608547634548,2.1522826788348084,2.5147059122721354,0.0,0.0
1865,2.2209268981169465,2.583471984863281,2.1519954715154865,2.5145170423719616,0.0,0.0
1866,2.220644588013702,2.5832347803940006,2.151713161412242,2.51427985297309,0.0,0.0
1867,2.220354887231109,2.5830124504183547,2.151423505484882,2.51405758327908,0.0,0.0
1868,2.2200652377116397,2.582817985628858,2.1511338495575223,2.513863118489583,0.0,0.0
1869,2.2197826203131896,2.5825918013961227,2.1508512513827434,2.513636949327257,0.0,0.0
1870,2.2194972918667286,2.582363420651283,2.150565916528392,2.5134085761176217,0.0,0.0
1871,2.2192096524401066,2.5821713294511963,2.15027827710177,2.513216484917535,0.0,0.0
1872,2.2189227267844287,2.581946494020062,2.1499913578539824,2.512991672092014,0.0,0.0
1873,2.218636934191215,2.581748777789834,2.1497055908923306,2.5127939860026043,0.0,0.0
1874,2.218355501118353,2.581532796223958,2.1494241450036875,2.5125779893663194,0.0,0.0
1875,2.2180669846613474,2.581307614173418,2.149135641362463,2.5123528374565973,0.0,0.0
1876,2.217778474612233,2.5811034779489774,2.148847137721239,2.512148708767361,0.0,0.0
1877,2.2174970223156993,2.5808917123300055,2.1485656918325957,2.5119369506835936,0.0,0.0
1878,2.217212087529197,2.580655140817901,2.1482807890855455,2.511700439453125,0.0,0.0
1879,2.216925305909286,2.5804623563790026,2.147994013873525,2.5115076700846353,0.0,0.0
1880,2.2166385306972654,2.5802326343677664,2.1477072386615044,2.5112779405381946,0.0,0.0
1881,2.2163527509198326,2.580030008951823,2.1474214716998525,2.5110753377278647,0.0,0.0
1882,2.216073321531927,2.5798046875000002,2.147142042311947,2.510850016276042,0.0,0.0
1883,2.2157856821053046,2.5795947793089313,2.1468544028853245,2.510640123155382,0.0,0.0
1884,2.2154991885569277,2.579390805091387,2.146567915744838,2.5104361640082464,0.0,0.0
1885,2.215218024331928,2.5791641122323496,2.1462867579277285,2.510209486219618,0.0,0.0
1886,2.21493543897293,2.578948123131269,2.14600415975295,2.509993489583333,0.0,0.0
1887,2.2146500913027984,2.5787511001398538,2.1457188248985988,2.5097964816623266,0.0,0.0
1888,2.2143656078472684,2.5785188048562886,2.1454343542588497,2.509564208984375,0.0,0.0
1889,2.2140819629747783,2.5783332730516975,2.145150747833702,2.5093787299262154,0.0,0.0
1890,2.213804694123377,2.578117947048611,2.144873478982301,2.509163411458333,0.0,0.0
1891,2.2135171987325215,2.577897203233507,2.1445859835914454,2.5089426676432294,0.0,0.0
1892,2.2132324272054573,2.577700858410494,2.144301224880162,2.508746337890625,0.0,0.0
1893,2.212949960250665,2.577477725935571,2.1440187707411504,2.508523220486111,0.0,0.0
1894,2.2126667731170375,2.5772383174189812,2.143735596423304,2.5082838270399304,0.0,0.0
1895,2.21238214562574,2.5770448472764755,2.1434509817477876,2.508090379503038,0.0,0.0
1896,2.212095501633706,2.5768232331452547,2.143164350571534,2.5078687879774306,0.0,0.0
1897,2.2118098530762595,2.576617209352093,2.142878727645649,2.507662794325087,0.0,0.0
1898,2.2115327154448443,2.5763620258849347,2.1426016028300148,2.507407633463542,0.0,0.0
1899,2.2112430467017035,2.576171777042342,2.142311946902655,2.5072174072265625,0.0,0.0
1900,2.210956946813285,2.575951820656105,2.1420258918694692,2.506997511121962,0.0,0.0
1901,2.210671029407975,2.575731747474199,2.14173998087205,2.5067774454752603,0.0,0.0
1902,2.2103853936663094,2.575517423653308,2.141454357946165,2.5065631442599825,0.0,0.0
1903,2.2101071293803205,2.5752931194540896,2.1411760808443954,2.506338840060764,0.0,0.0
1904,2.2098178863365905,2.575069301275559,2.1408868570243365,2.506115044487847,0.0,0.0
1905,2.209531524008199,2.5748480262285396,2.1406005139196167,2.505893792046441,0.0,0.0
1906,2.209246602037478,2.5746172492886767,2.1403156111725665,2.505663045247396,0.0,0.0
1907,2.208961673658866,2.5744158031322337,2.1400307084255163,2.5054616292317706,0.0,0.0
1908,2.208682826821919,2.574183360912182,2.1397518551806787,2.505229187011719,0.0,0.0
1909,2.2083951745795156,2.5739724279333047,2.139464215754056,2.505018276638455,0.0,0.0
1910,2.20810809848018,2.5737469143337677,2.1391771524705017,2.5047927856445313,0.0,0.0
1911,2.207824572011895,2.5735237215772084,2.138893690081121,2.504569668240017,0.0,0.0
1912,2.207538510570819,2.5733039799442996,2.138607635047935,2.5043499416775172,0.0,0.0
1913,2.20726067198424,2.573086118344907,2.138329790053466,2.504132080078125,0.0,0.0
1914,2.206972587634536,2.572850100670332,2.138041718519543,2.5038960774739585,0.0,0.0
1915,2.2066839271417646,2.5726327326268326,2.137753070842552,2.503678724500868,0.0,0.0
1916,2.2064001574571783,2.572398903929157,2.137469320381637,2.5034449259440104,0.0,0.0
1917,2.206112786878419,2.5721874547887733,2.1371819690265488,2.5032335069444445,0.0,0.0
1918,2.205830319923626,2.571988905918451,2.1368995148875367,2.503034973144531,0.0,0.0
1919,2.2055485731476683,2.5717072663483793,2.13661778092736,2.5027533637152777,0.0,0.0
1920,2.2052587603687606,2.571513464656877,2.136327980964233,2.502559577094184,0.0,0.0
1921,2.2049736943622724,2.571304057556906,2.136042934181416,2.5023501925998266,0.0,0.0
1922,2.2046848577942812,2.571055101936246,2.1357541424686577,2.502101304796007,0.0,0.0
1923,2.204400950481819,2.5708438449435764,2.1354702479719765,2.5018900553385417,0.0,0.0
1924,2.204119786256819,2.5705791746539837,2.135189090154867,2.501625400119358,0.0,0.0
1925,2.2038298294421446,2.5703775664906443,2.1348991461559734,2.501423814561632,0.0,0.0
1926,2.2035444753641222,2.5701681593906733,2.134613811301622,2.5012144300672743,0.0,0.0
1927,2.203256384606528,2.5699199120792344,2.134325739767699,2.5009662204318577,0.0,0.0
1928,2.2029701791296845,2.5697159453968945,2.1340395406987462,2.5007622612847222,0.0,0.0
1929,2.202687705767002,2.5694741557556906,2.1337570865597346,2.500520494249132,0.0,0.0
1930,2.2024039488981964,2.569232373649691,2.13347333609882,2.5002787272135416,0.0,0.0
1931,2.2021170040188474,2.5690353355878663,2.1331864168510326,2.5000817192925346,0.0,0.0
1932,2.2018296270321973,2.5687880979938273,2.132899065495944,2.4998345269097224,0.0,0.0
1933,2.201541929934561,2.5685823756088446,2.1326114260693214,2.49962887234158,0.0,0.0
1934,2.2012590372803578,2.568353478702498,2.1323285398230087,2.4993999905056423,0.0,0.0
1935,2.200971823553146,2.568130862389082,2.1320413325036873,2.4991773817274305,0.0,0.0
1936,2.200688485975861,2.5679143345208812,2.1317580141500736,2.4989608764648437,0.0,0.0
1937,2.2004068896435607,2.5676542343328026,2.1314764242256636,2.4987007988823784,0.0,0.0
1938,2.2001196566926775,2.5674687251338253,2.131189216906342,2.498515319824219,0.0,0.0
1939,2.199835179645038,2.5672232281720198,2.130904746266593,2.4982698228624134,0.0,0.0
1940,2.199547245738991,2.5670073860074267,2.1306168187684364,2.4980539957682293,0.0,0.0
1941,2.1992608834106,2.566791528772425,2.1303304756637167,2.497838168674045,0.0,0.0
1942,2.1989781283842733,2.5665604278187693,2.130047733453171,2.4976070827907986,0.0,0.0
1943,2.1986901624387745,2.566309445228106,2.1297598059550147,2.497356160481771,0.0,0.0
1944,2.1984108770866357,2.566090057749807,2.129480520602876,2.497136773003472,0.0,0.0
1945,2.198121064307728,2.5658733603395065,2.129190720639749,2.496920098198785,0.0,0.0
1946,2.1978345579435703,2.5656363254123264,2.1289042334992625,2.4966830783420138,0.0,0.0
1947,2.1975493607170957,2.565426409686053,2.1286190426806786,2.496473185221354,0.0,0.0
1948,2.1972618525104597,2.5652076928409526,2.128331547289823,2.496254475911458,0.0,0.0
1949,2.1969775130906966,2.5649987943672836,2.1280472206858407,2.4960456000434026,0.0,0.0
1950,2.1966943259570693,2.5647585306049865,2.1277640463679943,2.495805358886719,0.0,0.0
1951,2.1964082645159926,2.564528793523341,2.1274779913348083,2.4955756293402778,0.0,0.0
1952,2.1961298369705653,2.564282610857928,2.1271995701972712,2.4953294542100695,0.0,0.0
1953,2.195841464549327,2.564090327510127,2.126911210591814,2.495137193467882,0.0,0.0
1954,2.19555641776651,2.5638609295126833,2.126626163808997,2.4949078030056424,0.0,0.0
1955,2.1952711885005836,2.5636442019615644,2.126340972990413,2.4946911282009547,0.0,0.0
1956,2.194984832580083,2.5634268339180655,2.1260546298856933,2.4944737752278647,0.0,0.0
1957,2.1947042316823704,2.5632125100971743,2.125774048211652,2.494259474012587,0.0,0.0
1958,2.1944193353432104,2.56298821343316,2.1254891454646017,2.494035169813368,0.0,0.0
1959,2.194140194026839,2.562769504123264,2.1252100041482302,2.493816460503472,0.0,0.0
1960,2.193853694070571,2.562553654423467,2.124923517007743,2.4936006334092884,0.0,0.0
1961,2.193567338150071,2.5623642683617867,2.1246371739030234,2.4934112548828127,0.0,0.0
1962,2.193286730844468,2.5621295844184027,2.1243565922289824,2.4931766086154514,0.0,0.0
1963,2.1930005317755152,2.561891539773823,2.1240703931600295,2.4929385715060763,0.0,0.0
1964,2.19271676849882,2.5616921431929978,2.123786642699115,2.49273918999566,0.0,0.0
1965,2.19243560427382,2.5614807091230225,2.123505484882006,2.4925277709960936,0.0,0.0
1966,2.192156325329572,2.5612228506582753,2.123226199529867,2.4922698974609374,0.0,0.0
1967,2.191872510789753,2.5610452496563947,2.122942449068953,2.4920923868815104,0.0,0.0
1968,2.1915850025831167,2.5608095559956117,2.122654953678097,2.491856723361545,0.0,0.0
1969,2.1912989347341503,2.560615422755112,2.1223688986449116,2.49166259765625,0.0,0.0
1970,2.1910179465843695,2.5603675823447145,2.122087884863569,2.4914147271050346,0.0,0.0
1971,2.1907327173184434,2.5601768022702065,2.1218026940449852,2.4912239922417534,0.0,0.0
1972,2.190449248521172,2.55995519567419,2.1215192316556046,2.491002400716146,0.0,0.0
1973,2.190170676939978,2.5597120572313847,2.1212406664823007,2.49075927734375,0.0,0.0
1974,2.1898840649873956,2.5595123592423805,2.120954035306047,2.490559556749132,0.0,0.0
1975,2.1896028623150534,2.559311067557629,2.120672877488938,2.4903583102756075,0.0,0.0
1976,2.189315792623608,2.559063012393904,2.1203858142053833,2.4901102701822917,0.0,0.0
1977,2.1890324678621047,2.558869380244502,2.12010249585177,2.4899166531032986,0.0,0.0
1978,2.1887579613218375,2.5585959314416953,2.119827963679941,2.4896431816948783,0.0,0.0
1979,2.1884711092151314,2.558412057382089,2.1195411884679203,2.4894593980577255,0.0,0.0
1980,2.188187790861518,2.5582162287205827,2.119257870114307,2.4892635769314237,0.0,0.0
1981,2.187905141423616,2.5578906476056136,2.118975271939528,2.4889380560980903,0.0,0.0
1982,2.1876211157069485,2.5577221378279322,2.1186912334070795,2.48876953125,0.0,0.0
1983,2.18734308822937,2.557542886616271,2.1184132443768435,2.488590325249566,0.0,0.0
1984,2.1870625193711097,2.5572848510742188,2.1181326627028025,2.488332282172309,0.0,0.0
1985,2.1867766211894715,2.557073609151958,2.1178467517053834,2.4881210327148438,0.0,0.0
1986,2.186494298270446,2.556874890739535,2.1175644416021386,2.4879223293728296,0.0,0.0
1987,2.1862126570829123,2.556684773763021,2.1172828516777287,2.4877322726779516,0.0,0.0
1988,2.185934680868457,2.556424040617766,2.1170048626474927,2.487471516927083,0.0,0.0
1989,2.1856484817995043,2.5562260079089505,2.1167186635785398,2.4872734917534722,0.0,0.0
1990,2.1853650194101237,2.5560462782118054,2.116435201189159,2.487093777126736,0.0,0.0
1991,2.1850847065839454,2.5558156858844523,2.116154907586652,2.486863199869792,0.0,0.0
1992,2.1848052451565874,2.555562013225791,2.1158754781987463,2.4866095648871527,0.0,0.0
1993,2.184521062588372,2.5553919474283853,2.115591295630531,2.486439514160156,0.0,0.0
1994,2.1842395910681676,2.5551343903718173,2.115309849741888,2.4861819797092015,0.0,0.0
1995,2.1839516635700114,2.5549306007667827,2.1150219222437316,2.485978190104167,0.0,0.0
1996,2.183669785574067,2.5547344179506655,2.1147400442477875,2.485782029893663,0.0,0.0
1997,2.1833874818787127,2.554479110152633,2.1144577341445427,2.485526699490017,0.0,0.0
1998,2.1831044259650714,2.5542469768759646,2.114174703862463,2.4852945963541666,0.0,0.0
1999,2.1828215461266494,2.5540360665027007,2.1138918176161505,2.4850836859809027,0.0,0.0
2000,2.1825338426211225,2.5537398011007424,2.113604178189528,2.4847874959309895,0.0,0.0
2001,2.182250092160208,2.553573126145351,2.1133204277286137,2.484620836046007,0.0,0.0
2002,2.1819748205858733,2.553290823477286,2.11304517537795,2.484338548448351,0.0,0.0
2003,2.181684005964487,2.553096351152585,2.112754367164454,2.484144083658854,0.0,0.0
2004,2.1814005435751063,2.5529096777645157,2.1124709047750736,2.4839574178059896,0.0,0.0
2005,2.1811160601195763,2.552651951165847,2.1121864341353245,2.483699713812934,0.0,0.0
2006,2.1808292528681035,2.55246033091604,2.1118996589233037,2.4835081312391494,0.0,0.0
2007,2.180550111551732,2.5522682321807486,2.1116205176069323,2.4833160400390626,0.0,0.0
2008,2.1802675326006247,2.5519844413097994,2.1113379194321533,2.4830322265625,0.0,0.0
2009,2.1799808757928094,2.5518094437210648,2.1110512882559,2.482857259114583,0.0,0.0
2010,2.179699154648413,2.5515544674720294,2.1107695542957225,2.482602267795139,0.0,0.0
2011,2.1794113711860237,2.551367292992863,2.110481770833333,2.4824150933159723,0.0,0.0
2012,2.17912949319008,2.5511648597246337,2.1101998928373895,2.482212660047743,0.0,0.0
2013,2.1788497500990784,2.550920504346306,2.1099201753779497,2.4819683498806424,0.0,0.0
2014,2.1785659868223832,2.5506911138840667,2.1096364249170354,2.481738959418403,0.0,0.0
2015,2.178282373989345,2.550509172604408,2.109352818491888,2.4815570407443577,0.0,0.0
2016,2.177998591488979,2.5502573724440585,2.1090690680309736,2.4813052707248264,0.0,0.0
2017,2.1777130485199567,2.549994514371142,2.1087835891408555,2.48104248046875,0.0,0.0
2018,2.1774325852501204,2.549800505461516,2.108503151502581,2.4808485243055554,0.0,0.0
2019,2.1771519779445176,2.5495393880208335,2.10822256982854,2.480587429470486,0.0,0.0
2020,2.176864338517895,2.549364251030816,2.1079349304019175,2.4804122924804686,0.0,0.0
2021,2.1765774192701075,2.5491375581717786,2.10764801115413,2.48018561469184,0.0,0.0
2022,2.176289360551965,2.5489117431640627,2.1073599396202063,2.4799597846137154,0.0,0.0
2023,2.1760096430925255,2.548734394591532,2.107080222160767,2.479782443576389,0.0,0.0
2024,2.175727294541938,2.548466126241802,2.106797912057522,2.47951422797309,0.0,0.0
2025,2.1754395238953297,2.5482450584129053,2.106510128595133,2.4792931450737847,0.0,0.0
2026,2.1751546083324986,2.548034980679736,2.1062252258480827,2.4790830824110244,0.0,0.0
2027,2.174870092837516,2.547834190086082,2.105940755208333,2.478882344563802,0.0,0.0
2028,2.1745879331779285,2.5475978559329184,2.1056585891408552,2.478646002875434,0.0,0.0
2029,2.174305479038917,2.5473540468569156,2.1053761350018436,2.4784022013346356,0.0,0.0
2030,2.1740202625887717,2.5471459960937497,2.1050909441832597,2.478194173177083,0.0,0.0
2031,2.1737362112405423,2.5469147180627894,2.104806905650811,2.477962917751736,0.0,0.0
2032,2.1734482452950434,2.546716640142747,2.104518978152655,2.477764892578125,0.0,0.0
2033,2.173168108544084,2.5464981154453605,2.1042388285859146,2.4775463528103296,0.0,0.0
2034,2.17288562877351,2.5462413910288872,2.1039563744469025,2.4772896660698787,0.0,0.0
2035,2.1725956206957124,2.545980737003279,2.103666430448009,2.477029079861111,0.0,0.0
2036,2.1723110252438675,2.5457837441526814,2.103381815772493,2.476832071940104,0.0,0.0
2037,2.1720223327116432,2.5455634637526523,2.1030931680955014,2.476611836751302,0.0,0.0
2038,2.171737285928826,2.5453625412929206,2.1028081213126844,2.4764109293619794,0.0,0.0
2039,2.171455865671745,2.545083674678096,2.1025266754240413,2.476132032606337,0.0,0.0
2040,2.1711656271934263,2.544929221824363,2.1022364433536134,2.475977579752604,0.0,0.0
2041,2.1708827089076617,2.5447419945987653,2.1019535571073007,2.4757904052734374,0.0,0.0
2042,2.1705953575525734,2.5444707347728586,2.1016662057522124,2.4755191379123263,0.0,0.0
2043,2.1703088704120868,2.5442891476478104,2.101379718611726,2.4753375583224826,0.0,0.0
2044,2.1700353080432837,2.5440605521496433,2.1011061946902654,2.4751090155707467,0.0,0.0
2045,2.169745220008623,2.5438299748926987,2.100816106655605,2.474878438313802,0.0,0.0
2046,2.1694594530469713,2.5436575505762926,2.100530339693953,2.474706013997396,0.0,0.0
2047,2.1691754273303037,2.543419690544223,2.1002463011615045,2.4744681464301217,0.0,0.0
2048,2.1688903356922538,2.543231623143326,2.0999612543786874,2.4742801242404515,0.0,0.0
2049,2.16861219621836,2.5429813563970876,2.0996831213126845,2.4740298800998266,0.0,0.0
2050,2.1683244191638615,2.542777751404562,2.099395337850295,2.4738262600368923,0.0,0.0
2051,2.16804117435922,2.5425238715277776,2.0991121635324483,2.4735724555121528,0.0,0.0
2052,2.16775711019521,2.542340212221499,2.098828125,2.473388841417101,0.0,0.0
2053,2.167471067977805,2.5421016815562307,2.0985420699668142,2.4731502956814237,0.0,0.0
2054,2.1671899101606957,2.541913474754051,2.098260912149705,2.4729621039496528,0.0,0.0
2055,2.1669104743649,2.5417176536277486,2.0979814827617993,2.4727662828233505,0.0,0.0
2056,2.1666233982655645,2.541504524136767,2.0976944194782448,2.472553168402778,0.0,0.0
2057,2.1663376184881318,2.54129121756848,2.097408652516593,2.472339884440104,0.0,0.0
2058,2.166053154256273,2.5410799831814237,2.097124181876844,2.472128634982639,0.0,0.0
2059,2.1657774313509655,2.5408479968412423,2.096848497418879,2.471896701388889,0.0,0.0
2060,2.165489647888576,2.54065081184293,2.0965607139564897,2.471699523925781,0.0,0.0
2061,2.165205321284594,2.540438722210166,2.0962763873525074,2.4714874267578124,0.0,0.0
2062,2.1649204121296535,2.5402340698242187,2.0959914846054573,2.471282789442274,0.0,0.0
2063,2.1646394975288454,2.5400442994671106,2.095710614859882,2.4710930718315973,0.0,0.0
2064,2.1643610892070893,2.5397604935257525,2.095432193722345,2.4708092583550347,0.0,0.0
2065,2.1640731040379193,2.5395300255292725,2.095144266224189,2.470578850640191,0.0,0.0
2066,2.1637909443783316,2.539378963517554,2.094862100156711,2.4704277886284722,0.0,0.0
2067,2.1635090599744973,2.5391497350622103,2.094580222160767,2.470198567708333,0.0,0.0
2068,2.1632253031056923,2.53892355836468,2.0942964716998524,2.469972398546007,0.0,0.0
2069,2.1629434379255295,2.5387055422935956,2.0940145937039087,2.469754367404514,0.0,0.0
2070,2.1626560865704407,2.538527847101659,2.09372724234882,2.469576687282986,0.0,0.0
2071,2.162375165561742,2.538331965693721,2.093446372603245,2.469380866156684,0.0,0.0
2072,2.1620979095261217,2.5380513885874807,2.0931691037518436,2.4691002739800347,0.0,0.0
2073,2.1618096939564313,2.5378848982445987,2.0928808881821532,2.4689337836371528,0.0,0.0
2074,2.161530120532759,2.537674319420332,2.0926013147584808,2.4687232123480904,0.0,0.0
2075,2.1612447600468467,2.537458631727431,2.09231597990413,2.468507554796007,0.0,0.0
2076,2.160964453628558,2.5372539793414837,2.0920356863016223,2.468302917480469,0.0,0.0
2077,2.160687636108129,2.536983736768181,2.091758849557522,2.4680326673719617,0.0,0.0
2078,2.160402733361079,2.536832181200569,2.091473946810472,2.467881096733941,0.0,0.0
2079,2.1601250803197876,2.5365462126555265,2.091196389887537,2.46759524875217,0.0,0.0
2080,2.1598402096121894,2.5363506062825523,2.090911487140487,2.4673995971679688,0.0,0.0
2081,2.1595643875263484,2.53615342128424,2.090635658646755,2.467202419704861,0.0,0.0
2082,2.1592820902388845,2.5359335477852527,2.0903533485435104,2.4669825236002603,0.0,0.0
2083,2.158995289395302,2.5357620955102234,2.0900665733314896,2.466811116536458,0.0,0.0
2084,2.158717143513518,2.535542361412519,2.0897884402654867,2.466591389973958,0.0,0.0
2085,2.1584342700829864,2.5353168704185953,2.089505554019174,2.4663658989800346,0.0,0.0
2086,2.158161597560347,2.535108834725839,2.0892328943123157,2.4661578708224825,0.0,0.0
2087,2.157880570963224,2.534888584466628,2.0889518805309732,2.4659376356336806,0.0,0.0
2088,2.157595655400393,2.5346925711926116,2.0886669777839235,2.4657416449652776,0.0,0.0
2089,2.1573187994326215,2.5344913021134743,2.088390141039823,2.4655403984917537,0.0,0.0
2090,2.157035919594199,2.534269209496769,2.0881072547935102,2.465318298339844,0.0,0.0
2091,2.156761624230781,2.5340819747359666,2.0878330106932155,2.4651311238606772,0.0,0.0
2092,2.1564842177515033,2.533808002236449,2.0875555978060474,2.464857143825955,0.0,0.0
2093,2.1562004608826983,2.5336494653018904,2.0872718473451326,2.4646986219618054,0.0,0.0
2094,2.1559247379773914,2.5333461243429305,2.0869961628871683,2.4643953111436634,0.0,0.0
2095,2.1556411251443537,2.533201489860629,2.086712556462021,2.464250691731771,0.0,0.0
2096,2.155367281111907,2.533036480185426,2.0864387444690267,2.464085727267795,0.0,0.0
2097,2.155088584718617,2.532760989342207,2.086160035259956,2.4638102213541666,0.0,0.0
2098,2.1548064186511393,2.532604671525367,2.085877869192478,2.4636539035373266,0.0,0.0
2099,2.1545272645189866,2.5323596831898634,2.085598727876106,2.463408915201823,0.0,0.0
2100,2.1542466572133834,2.5321922999252506,2.0853181462020647,2.4632415771484375,0.0,0.0
2101,2.1539728388124995,2.531960859887394,2.085044334209071,2.4630101521809897,0.0,0.0
2102,2.15369498741014,2.531728579674238,2.084766489214602,2.4627778795030384,0.0,0.0
2103,2.1534155452064536,2.5315688484097705,2.0844870598266962,2.462618170844184,0.0,0.0
2104,2.153138356311915,2.5312366551528744,2.084209935011062,2.4622860378689237,0.0,0.0
2105,2.152857211310587,2.531115101001881,2.083928777193953,2.4621644761827257,0.0,0.0
2106,2.152582115811471,2.530911835093557,2.083653668879056,2.461961195203993,0.0,0.0
2107,2.1523053910636856,2.530683254665799,2.083376976170723,2.461732652452257,0.0,0.0
2108,2.1520263809672997,2.5305058985580633,2.083097978890118,2.4615553114149304,0.0,0.0
2109,2.1517463754363266,2.5302900639286747,2.0828179733591448,2.4613394843207463,0.0,0.0
2110,2.1514669332326397,2.5301135630666476,2.0825385439712387,2.4611629909939237,0.0,0.0
2111,2.151192983611769,2.529896379635658,2.0822645879424777,2.460945807562934,0.0,0.0
2112,2.1509159964240117,2.529659529320988,2.0819876071626107,2.460708957248264,0.0,0.0
2113,2.1506387147568296,2.529474713360822,2.0817103383112094,2.460524156358507,0.0,0.0
2114,2.150360085504621,2.5291804899992765,2.0814317731379055,2.460230000813802,0.0,0.0
2115,2.150081834034413,2.5290136831778067,2.0811534960361358,2.460063171386719,0.0,0.0
2116,2.1498065624600784,2.5288134388864774,2.080878243685472,2.4598629421657985,0.0,0.0
2117,2.149530308266936,2.528627790286217,2.0806019830844393,2.459677293565538,0.0,0.0
2118,2.1492534907465073,2.5284433435510705,2.080325146340339,2.4594928317599827,0.0,0.0
2119,2.1489739716481355,2.5282187643168887,2.0800457169524336,2.4592683580186634,0.0,0.0
2120,2.1486964403567623,2.528015852563175,2.0797681600294986,2.459065416124132,0.0,0.0
2121,2.148419021061704,2.5278154538001543,2.0794907471423305,2.458865017361111,0.0,0.0
2122,2.148145935655435,2.527608273353106,2.079217655328171,2.4586578369140626,0.0,0.0
2123,2.147871934771441,2.527348821192612,2.07894369929941,2.4583984375,0.0,0.0
2124,2.1475916027215907,2.5271661866741417,2.0786634056969024,2.458215840657552,0.0,0.0
2125,2.1473139209865604,2.5269720760392556,2.0783857047382006,2.458021714952257,0.0,0.0
2126,2.1470354998490233,2.526777102623457,2.0781072836006635,2.4578267415364583,0.0,0.0
2127,2.146763691540986,2.52656515992718,2.077835488108407,2.4576148139105904,0.0,0.0
2128,2.1464845630403953,2.5263573163821373,2.0775563467920355,2.4574069552951388,0.0,0.0
2129,2.146205120836709,2.526188776463638,2.07727691740413,2.4572384304470485,0.0,0.0
2130,2.14592998689025,2.5259830917546777,2.077001809089233,2.4570327758789063,0.0,0.0
2131,2.1456554419026403,2.5257219743139947,2.076727276917404,2.4567716810438367,0.0,0.0
2132,2.1453781346038965,2.52546491081332,2.076450008066003,2.456514655219184,0.0,0.0
2133,2.1450983915128954,2.525299230504919,2.0761702906065636,2.4563490125868057,0.0,0.0
2134,2.1448208217741795,2.5251223754882814,2.075892733683628,2.4561721801757814,0.0,0.0
2135,2.144549051913484,2.5248974232614776,2.0756209381913715,2.4559471978081597,0.0,0.0
2136,2.144267423541732,2.524715289834105,2.0753393482669615,2.455765109592014,0.0,0.0
2137,2.1439892776599483,2.524479618778935,2.0750612152009587,2.4555294460720485,0.0,0.0
2138,2.143709115277427,2.5242948028187695,2.0747810656342183,2.455344645182292,0.0,0.0
2139,2.143435754615405,2.524057127399209,2.074507685748525,2.455106947157118,0.0,0.0
2140,2.1431563987764717,2.523789167992863,2.0742284003963865,2.454839070638021,0.0,0.0
2141,2.1428759226908545,2.5236402572820213,2.073947962758112,2.454690212673611,0.0,0.0
2142,2.142599073130974,2.523422395682629,2.0736711260140117,2.4544723510742186,0.0,0.0
2143,2.14232194831534,2.5231992632077063,2.073394001198378,2.454249233669705,0.0,0.0
2144,2.142040796906121,2.5229966754677853,2.0731128433812684,2.454046630859375,0.0,0.0
2145,2.1417598951210937,2.5227906366042148,2.0728319736356933,2.453840637207031,0.0,0.0
2146,2.141481054692037,2.5225833016854744,2.0725531203908556,2.453633287217882,0.0,0.0
2147,2.1412082381336304,2.5223606778368537,2.07228031664823,2.45341067843967,0.0,0.0
2148,2.140930684272873,2.5220997487762826,2.072002903761062,2.453149922688802,0.0,0.0
2149,2.140649251200011,2.5219090365186148,2.071721457872419,2.452959187825521,0.0,0.0
2150,2.1403700970678585,2.521712013527199,2.0714423165560474,2.452762179904514,0.0,0.0
2151,2.1400938492826067,2.521512138460889,2.0711660559550147,2.452562289767795,0.0,0.0
2152,2.1398195987744213,2.5212651080849726,2.07089181185472,2.452315266927083,0.0,0.0
2153,2.1395390363240514,2.521078295295621,2.0706112301806785,2.452128431532118,0.0,0.0
2154,2.139262762907238,2.520906541612413,2.070334969579646,2.4519566853841144,0.0,0.0
2155,2.1389902951535573,2.5206193787374613,2.0700625979443217,2.4516696506076388,0.0,0.0
2156,2.1387147739550305,2.520387467749325,2.0697870575221238,2.451437717013889,0.0,0.0
2157,2.138435344567125,2.5202130164629146,2.069507628134218,2.451263258192274,0.0,0.0
2158,2.138156353694411,2.5199819381148725,2.0692286308536136,2.4510321723090276,0.0,0.0
2159,2.1378789343993523,2.519802894121335,2.0689512179664455,2.4508531358506946,0.0,0.0
2160,2.1376071260913148,2.5195862042462385,2.068679422474189,2.450636461046007,0.0,0.0
2161,2.1373305517871866,2.519376789611063,2.0684028738016225,2.4504270765516494,0.0,0.0
2162,2.1370507958804046,2.5191532803759165,2.0681231563421827,2.450203620062934,0.0,0.0
2163,2.13677678858852,2.518866701479311,2.0678492003134217,2.4499170939127604,0.0,0.0
2164,2.136502282048253,2.5186620867693863,2.0675746681415927,2.449712456597222,0.0,0.0
2165,2.136225157232619,2.5185037344473375,2.067297543325959,2.4495541042751734,0.0,0.0
2166,2.135946028732028,2.518265380859375,2.067018402009587,2.449315728081597,0.0,0.0
2167,2.135668026886011,2.5180939587251636,2.066740412979351,2.449144321017795,0.0,0.0
2168,2.1353998194721475,2.5178460731035397,2.0664722183812683,2.44889645046658,0.0,0.0
2169,2.13511807269619,2.517647185149016,2.0661904844210914,2.448697577582465,0.0,0.0
2170,2.1348469461196444,2.517342642324942,2.0659194091076696,2.448393079969618,0.0,0.0
2171,2.1345678176190535,2.5171853072554975,2.0656402677912977,2.4482357449001735,0.0,0.0
2172,2.134296166162564,2.5169794982156635,2.0653686163348084,2.4480299207899305,0.0,0.0
2173,2.1340193294184635,2.516741122022087,2.0650917795907078,2.4477915445963543,0.0,0.0
2174,2.1337381780092453,2.5165803961106286,2.064810621773599,2.4476308186848956,0.0,0.0
2175,2.133468747822451,2.5163931161385995,2.0645412748893803,2.447443644205729,0.0,0.0
2176,2.1331939275790885,2.5160916627483605,2.0642664546460177,2.4471421983506945,0.0,0.0
2177,2.1329193954072596,2.515936023099923,2.0639919224741887,2.446986558702257,0.0,0.0
2178,2.1326439349419246,2.515598574037905,2.063716526087758,2.446649169921875,0.0,0.0
2179,2.1323647808097723,2.515452760296103,2.0634373847713863,2.4465033637152778,0.0,0.0
2180,2.132094582526733,2.515218630190249,2.0631671736725665,2.446269226074219,0.0,0.0
2181,2.1318163118328535,2.51502010392554,2.0628888965707963,2.4460706922743056,0.0,0.0
2182,2.1315436457181045,2.5148475025318286,2.062616236863938,2.4458980984157987,0.0,0.0
2183,2.131263496151364,2.514577259958526,2.0623360872971976,2.4456278483072915,0.0,0.0
2184,2.1309875236218656,2.5144011057159044,2.062060114767699,2.44545169406467,0.0,0.0
2185,2.1307146686161174,2.5140790849850503,2.061787311025074,2.4451297336154516,0.0,0.0
2186,2.130441013474671,2.5139129638671873,2.0615136430678467,2.444963582356771,0.0,0.0
2187,2.130163587771722,2.51370576834973,2.0612362301806786,2.4447564019097223,0.0,0.0
2188,2.129883306984995,2.513497585720486,2.060955936578171,2.4445482042100695,0.0,0.0
2189,2.12960719041973,2.5133036295572917,2.0606798200129055,2.444354248046875,0.0,0.0
2190,2.1293322069169287,2.5130862464433834,2.060404855733776,2.4441368950737847,0.0,0.0
2191,2.129057969224524,2.5128241494261188,2.0601306116334808,2.443874782986111,0.0,0.0
2192,2.128780818777328,2.512616946373457,2.0598534868178464,2.4436676025390627,0.0,0.0
2193,2.12850652341391,2.5123052601755402,2.0595792427175517,2.443355984157986,0.0,0.0
2194,2.1282298178897956,2.5121204517505786,2.0593025500092184,2.443171183268229,0.0,0.0
2195,2.127956261928883,2.511945100007234,2.059029026087758,2.442995876736111,0.0,0.0
2196,2.1276843288087504,2.5116748574339316,2.0587570865597344,2.4427256266276043,0.0,0.0
2197,2.1274051682687074,2.511472070011092,2.058477945243363,2.4425228542751736,0.0,0.0
2198,2.1271319260108905,2.51124809736087,2.0582047093934364,2.4422988891601562,0.0,0.0
2199,2.1268563471413504,2.5110264681592396,2.057929168971239,2.4420772976345484,0.0,0.0
2200,2.126584381981765,2.510842315297068,2.0576572294432154,2.4418931749131945,0.0,0.0
2201,2.1263200379020484,2.510512002073688,2.057392923810841,2.4415629069010416,0.0,0.0
2202,2.126042941780153,2.5102955156491125,2.0571159430309733,2.4413465711805555,0.0,0.0
2203,2.125773438044387,2.510163257740162,2.0568464521109884,2.441214328342014,0.0,0.0
2204,2.1254978848064088,2.5099253826376833,2.0565709116887905,2.4409764607747397,0.0,0.0
2205,2.1252263517541246,2.5097542845172645,2.056299404268068,2.4408053927951388,0.0,0.0
2206,2.1249631215132,2.5094407182858314,2.056036250921829,2.4404919094509547,0.0,0.0
2207,2.1246859966975657,2.5093201663170333,2.0557591261061945,2.440371365017361,0.0,0.0
2208,2.124418627866743,2.509112940658758,2.055491795722714,2.4401641845703126,0.0,0.0
2209,2.124145471973679,2.5088402491440007,2.0552187039085545,2.439891560872396,0.0,0.0
2210,2.1238778950281847,2.5086271761670527,2.0549512294893066,2.4396786159939237,0.0,0.0
2211,2.1236081160366655,2.508408474392361,2.0546814504977875,2.4394599066840277,0.0,0.0
2212,2.12333325093807,2.5082629469883293,2.054406630254425,2.439314439561632,0.0,0.0
2213,2.1230620251809906,2.5080669487847222,2.054135410905236,2.4391184488932294,0.0,0.0
2214,2.122787259262929,2.5077730192961516,2.0538607346976403,2.4388246324327256,0.0,0.0
2215,2.122517761935053,2.507661121509693,2.053591243777655,2.438712734646267,0.0,0.0
2216,2.1222461840275355,2.5073495822482643,2.053319736356932,2.438401285807292,0.0,0.0
2217,2.121970505977462,2.507183785144194,2.0530440518989677,2.4382354736328127,0.0,0.0
2218,2.1216960024993723,2.506899820963542,2.0527696637629056,2.43795166015625,0.0,0.0
2219,2.121419617086244,2.50674132924021,2.052493259126106,2.4377931382921005,0.0,0.0
2220,2.121146198753208,2.506530882282022,2.052219879240413,2.437582736545139,0.0,0.0
2221,2.1208788811855084,2.5063459193853683,2.0519525488569323,2.437397766113281,0.0,0.0
2222,2.120607146426443,2.506105248722029,2.0516808974004426,2.4371571858723957,0.0,0.0
2223,2.120328994136769,2.505939753026138,2.0514027643344397,2.436991712782118,0.0,0.0
2224,2.120059400690537,2.5056429337866515,2.0511332734144543,2.436695014105903,0.0,0.0
2225,2.1197921087543983,2.505513279290847,2.0508659430309732,2.4365653143988717,0.0,0.0
2226,2.119518901598212,2.5052350946120274,2.0505928512168143,2.436287265353733,0.0,0.0
2227,2.1192446574979167,2.5050579231168015,2.050318607116519,2.436110093858507,0.0,0.0
2228,2.118966943723434,2.5048898767541954,2.0500409061578173,2.4359420776367187,0.0,0.0
2229,2.1187013353612665,2.5047116880063656,2.04977530420354,2.435763888888889,0.0,0.0
2230,2.118426418999547,2.5044219970703128,2.049500483960177,2.435474310980903,0.0,0.0
2231,2.118155580494536,2.504179314507378,2.0492296967182893,2.435231696234809,0.0,0.0
2232,2.117877290576985,2.5039794243706597,2.048951419616519,2.4350318060980904,0.0,0.0
2233,2.1176020574499925,2.5038176962770065,2.0486761672658553,2.434870062934028,0.0,0.0
2234,2.117328418186505,2.5035539151415414,2.0484026433443954,2.434606424967448,0.0,0.0
2235,2.117048086136655,2.503363813235436,2.048122349741888,2.4344163682725695,0.0,0.0
2236,2.1167807429373933,2.503177802945361,2.047855019358407,2.4342303805881076,0.0,0.0
2237,2.116504082268512,2.5029594779308932,2.0475783266500738,2.434012010362413,0.0,0.0
2238,2.1162315568438173,2.502657342604649,2.047305955014749,2.4337100558810763,0.0,0.0
2239,2.1159544192124025,2.502530849127122,2.047028830199115,2.4335835774739585,0.0,0.0
2240,2.115678446682904,2.5023165328414354,2.0467528576696163,2.4333692762586807,0.0,0.0
2241,2.1154107034157934,2.502115146966628,2.0464850951788347,2.4331678602430555,0.0,0.0
2242,2.1151323301956673,2.5018668243031446,2.046206818077065,2.432919650607639,0.0,0.0
2243,2.1148564888861547,2.501693706747926,2.0459309895833333,2.4327465481228296,0.0,0.0
2244,2.114582075118531,2.50153786741657,2.0456566014472712,2.4325907389322916,0.0,0.0
2245,2.11431371085312,2.5012419863100406,2.0453882628134217,2.43229488796658,0.0,0.0
2246,2.1140409550279053,2.5010055315936053,2.0451156031065634,2.4320585462782116,0.0,0.0
2247,2.1137630908097647,2.5008541003568676,2.0448377581120942,2.431907145182292,0.0,0.0
2248,2.11348637246987,2.5006465506847992,2.044561065403761,2.4316996256510417,0.0,0.0
2249,2.1132151787522426,2.5005021309558257,2.044289846054572,2.43155517578125,0.0,0.0
2250,2.1129419844118367,2.5001724130135994,2.044016754240413,2.4312255859375,0.0,0.0
2251,2.112669462332855,2.500029990113812,2.0437442385693214,2.431083170572917,0.0,0.0
2252,2.112397164246503,2.4997437352309992,2.043472010969764,2.4307969835069443,0.0,0.0
2253,2.1121226577062355,2.499584896888262,2.0431974787979352,2.4306381225585936,0.0,0.0
2254,2.1118491752942954,2.4993577443817516,2.0429240989122417,2.430411105685764,0.0,0.0
2255,2.111573634872098,2.4991512571735144,2.0426485584900442,2.430204603407118,0.0,0.0
2256,2.111300386206391,2.498962025583526,2.042375322640118,2.430015394422743,0.0,0.0
2257,2.1110310521379536,2.4987719990294655,2.0421059757559,2.4298253377278645,0.0,0.0
2258,2.1107540808281544,2.4985030939549575,2.0418291390117993,2.429556613498264,0.0,0.0
2259,2.1104806560872285,2.4982762014130016,2.041555759126106,2.429329766167535,0.0,0.0
2260,2.1102055349565507,2.4980851048599053,2.0412806508112094,2.429138692220052,0.0,0.0
2261,2.109933915539513,2.4979328937295042,2.0410089993547196,2.4289864434136286,0.0,0.0
2262,2.109663163399255,2.4976270812234764,2.0407383561485988,2.4286807590060766,0.0,0.0
2263,2.1093860385836205,2.497480265299479,2.0404612313329644,2.428533935546875,0.0,0.0
2264,2.1091166532520598,2.49731236587336,2.0401918844487463,2.4283660888671874,0.0,0.0
2265,2.1088426587759566,2.4970364756643035,2.0399179284199853,2.4280902438693577,0.0,0.0
2266,2.1085702358775085,2.496850088614005,2.0396455567846608,2.4279039171006946,0.0,0.0
2267,2.1082972816912258,2.4966320574725116,2.0393726090062683,2.4276858859592014,0.0,0.0
2268,2.1080250827854075,2.4963860782576193,2.039100525442478,2.4274400499131943,0.0,0.0
2269,2.1077615165555392,2.496219942069348,2.038836939988938,2.427273898654514,0.0,0.0
2270,2.1074817990960995,2.4960836377555937,2.0385572225294983,2.4271375868055554,0.0,0.0
2271,2.1072104579969926,2.4958062857168692,2.0382860031803096,2.42686038547092,0.0,0.0
2272,2.106938086361668,2.4956311562620566,2.038013631544985,2.426685248480903,0.0,0.0
2273,2.1066655963221383,2.4954843629436727,2.0377411158738936,2.4265384250217013,0.0,0.0
2274,2.1064020844175713,2.4952031792534726,2.037477674456121,2.42625732421875,0.0,0.0
2275,2.106123567161678,2.4949455242392458,2.037199253318584,2.425999789767795,0.0,0.0
2276,2.1058546395689794,2.4948398919753085,2.0369303385416666,2.4258941650390624,0.0,0.0
2277,2.105581291722739,2.4946161340784143,2.0366569586559735,2.425670369466146,0.0,0.0
2278,2.105308817561167,2.494400016878858,2.036384587020649,2.425454372829861,0.0,0.0
2279,2.1050433596426568,2.4941680832851083,2.0361191291021385,2.4252224392361112,0.0,0.0
2280,2.1047689330592525,2.494031718689718,2.0358447409660765,2.4250861273871527,0.0,0.0
2281,2.104502966138756,2.493795957212095,2.0355788509402655,2.4248504638671875,0.0,0.0
2282,2.104228107448051,2.493551955988378,2.035304030696903,2.4246064927842883,0.0,0.0
2283,2.103955578961179,2.493411051432292,2.0350315150258114,2.424465603298611,0.0,0.0
2284,2.103694365220992,2.493094425907841,2.0347703781803097,2.4241490681966145,0.0,0.0
2285,2.103419583424972,2.4930095305266207,2.034495557936947,2.424064127604167,0.0,0.0
2286,2.103152371445696,2.4928372456114967,2.034228371589233,2.423891872829861,0.0,0.0
2287,2.1028811936060277,2.492548903477045,2.033957296275811,2.4236036512586807,0.0,0.0
2288,2.10261227242122,2.4924509081428434,2.033688381498894,2.423505655924479,0.0,0.0
2289,2.1023502521374455,2.492116209430459,2.0334263804387906,2.423170979817708,0.0,0.0
2290,2.1020747788563297,2.4919593001000675,2.03315098405236,2.423014153374566,0.0,0.0
2291,2.101803658687675,2.4917934125735437,2.032879908738938,2.422848341200087,0.0,0.0
2292,2.101531437496008,2.4916047272858797,2.0326076811393805,2.422659640842014,0.0,0.0
2293,2.101267631112016,2.4913601571542245,2.032343951650074,2.4224151611328124,0.0,0.0
2294,2.1009982970435783,2.491177405840085,2.0320746047658553,2.422232394748264,0.0,0.0
2295,2.100724465826913,2.4910278546368634,2.031800792772861,2.4220828586154513,0.0,0.0
2296,2.1004551540443246,2.4907476354528355,2.03153158992441,2.421802775065104,0.0,0.0
2297,2.1001834961799446,2.490520287031009,2.03125993846792,2.421575419108073,0.0,0.0
2298,2.0999113998003733,2.4903800606433255,2.03098785490413,2.4214352077907986,0.0,0.0
2299,2.0996422705008944,2.490051744249132,2.0307187960914455,2.421106974283854,0.0,0.0
2300,2.0993648640216165,2.4899549357096356,2.0304413832042774,2.4210101657443577,0.0,0.0
2301,2.0990932061572365,2.489739432629244,2.0301697317477876,2.420794677734375,0.0,0.0
2302,2.098821660289171,2.489462363160687,2.0298982243270647,2.4205176459418403,0.0,0.0
2303,2.0985504089005302,2.4893373729564523,2.029627004977876,2.4203926934136284,0.0,0.0
2304,2.0982801721701487,2.4890238594714504,2.029356793879056,2.4200792100694444,0.0,0.0
2305,2.098008142931659,2.4888070791739008,2.0290848543510323,2.419862535264757,0.0,0.0
2306,2.097735095972733,2.488676931122203,2.0288117625368733,2.4197323269314235,0.0,0.0
2307,2.0974617353107106,2.48848366819782,2.02853838265118,2.419539048936632,0.0,0.0
2308,2.0971912712419862,2.4882175436137635,2.0282680275165927,2.419273037380642,0.0,0.0
2309,2.0969222444687543,2.488028372305411,2.0279989687039084,2.4190838283962672,0.0,0.0
2310,2.096656524110272,2.487874119134597,2.0277332227138642,2.4189295450846355,0.0,0.0
2311,2.0963837234298244,2.4875641999421294,2.027460563007006,2.4186197916666665,0.0,0.0
2312,2.0961099306605013,2.487428935486593,2.027186751014012,2.4184844970703123,0.0,0.0
2313,2.0958400076332153,2.4872573438102816,2.026916827986726,2.41831292046441,0.0,0.0
2314,2.095574792931006,2.486954835491416,2.026651658139749,2.418010457356771,0.0,0.0
2315,2.095298657142069,2.4868469765745562,2.0263755415744837,2.417902628580729,0.0,0.0
2316,2.0950250020006225,2.486657112027392,2.0261018736172565,2.4177127414279513,0.0,0.0
2317,2.0947549700391996,2.4863908028308255,2.0258319505899705,2.417446560329861,0.0,0.0
2318,2.09448559752342,2.4861746065116224,2.0255626037057524,2.417230394151476,0.0,0.0
2319,2.094218600066706,2.48597731978805,2.0252955613938055,2.4170330471462673,0.0,0.0
2320,2.0939455753936285,2.485757657274788,2.025022613615413,2.416813490125868,0.0,0.0
2321,2.0936697597156773,2.4855993275583526,2.0247467851216814,2.4166551378038195,0.0,0.0
2322,2.093400393607788,2.4854084080825616,2.0244774382374633,2.4164642333984374,0.0,0.0
2323,2.0931321669702534,2.4851420197663483,2.0242092436393806,2.4161978827582464,0.0,0.0
2324,2.0928657072092647,2.485015047803337,2.0239427774705017,2.4160708957248263,0.0,0.0
2325,2.092593710010227,2.4847684657720874,2.0236708379424777,2.415824381510417,0.0,0.0
2326,2.09232068533715,2.484511858151283,2.0233978901640857,2.415567864312066,0.0,0.0
2327,2.0920517705602326,2.484385541751061,2.023128975387168,2.4154415554470487,0.0,0.0
2328,2.091779712628004,2.484207891770351,2.022856891823378,2.415263875325521,0.0,0.0
2329,2.091511421911565,2.4839419442635995,2.022588697225295,2.414998033311632,0.0,0.0
2330,2.0912407979291148,2.483754121756848,2.022318054019174,2.4148101806640625,0.0,0.0
2331,2.0909714446370065,2.4836123845606672,2.0220487071349558,2.414668443467882,0.0,0.0
2332,2.0907034291763207,2.4832718008535877,2.0217808006084073,2.4143280029296874,0.0,0.0
2333,2.090426618063782,2.483156896520544,2.0215039638643066,2.4142130533854167,0.0,0.0
2334,2.0901587115372333,2.4829856514636384,2.021236057337758,2.4140418158637154,0.0,0.0
2335,2.0898889996867958,2.4826641092182675,2.020966422382006,2.4137203640407985,0.0,0.0
2336,2.0896198224699063,2.482557342906057,2.0206972195335546,2.413613552517361,0.0,0.0
2337,2.0893468875072947,2.482376287012924,2.020424271755162,2.4134324815538193,0.0,0.0
2338,2.0890757096676262,2.4821099853515625,2.0201531964417403,2.413166300455729,0.0,0.0
2339,2.088806737219695,2.4818528917100697,2.019884281664823,2.4129092746310765,0.0,0.0
2340,2.0885439296160038,2.4817298719618055,2.019621416390118,2.412786187065972,0.0,0.0
2341,2.0882733407351837,2.4814954517505785,2.019350917219764,2.4125518798828125,0.0,0.0
2342,2.0879963727710975,2.481321863245081,2.019073936439897,2.4123782687717013,0.0,0.0
2343,2.0877305498863685,2.481076106318721,2.0188081904498527,2.4121326022677954,0.0,0.0
2344,2.087460076347576,2.480923394097222,2.0185376912794983,2.4119798448350696,0.0,0.0
2345,2.0871999733840045,2.480739293981481,2.0182775626843656,2.411795722113715,0.0,0.0
2346,2.0869279121060633,2.480391257957176,2.018005623156342,2.4114478217230904,0.0,0.0
2347,2.086652967050605,2.480314986617477,2.0177306588772126,2.411371527777778,0.0,0.0
2348,2.0863871441658755,2.480011076750579,2.017464912887168,2.4110677083333334,0.0,0.0
2349,2.086117259585932,2.479903308256173,2.017194989859882,2.4109598795572915,0.0,0.0
2350,2.0858584273127017,2.479737488546489,2.016936157586652,2.4107940673828123,0.0,0.0
2351,2.085588545794936,2.479442342122396,2.016666378595133,2.4104990641276043,0.0,0.0
2352,2.0853200118621964,2.4792373355818382,2.0163978959255164,2.4102940877278645,0.0,0.0
2353,2.0850509658652925,2.479034917384018,2.0161288371128316,2.4100916544596354,0.0,0.0
2354,2.0847831585192775,2.478802429952739,2.01586107462205,2.409859212239583,0.0,0.0
2355,2.084517575788672,2.47861137861087,2.0155954726677727,2.409668138292101,0.0,0.0
2356,2.0842431748368293,2.478449966995804,2.015321084531711,2.4095067342122394,0.0,0.0
2357,2.0839776143920723,2.478187210648148,2.0150556266132007,2.409244113498264,0.0,0.0
2358,2.0837081170641962,2.4779237497588733,2.0147861356932153,2.4089806450737847,0.0,0.0
2359,2.0834428159972336,2.477823727454668,2.0145208218104718,2.408880615234375,0.0,0.0
2360,2.083176266525779,2.477475397557388,2.014254355641593,2.4085323757595485,0.0,0.0
2361,2.0829040453341126,2.4773872432002313,2.0139821280420356,2.4084442138671873,0.0,0.0
2362,2.082641842567228,2.4770877715687694,2.0137199829461654,2.408144802517361,0.0,0.0
2363,2.0823675728353717,2.4769853304639278,2.01344573884587,2.408042399088542,0.0,0.0
2364,2.0821071049055813,2.476752665955343,2.0131853221792033,2.407809787326389,0.0,0.0
2365,2.0818373930551446,2.4764621423791957,2.0129156872234515,2.4075193617078994,0.0,0.0
2366,2.0815752992223975,2.4763664189091434,2.0126535421275813,2.407423570421007,0.0,0.0
2367,2.081306240409713,2.47616433226032,2.012384483314897,2.407221476236979,0.0,0.0
2368,2.081035638713112,2.475912611219618,2.0121139841445426,2.4069698757595486,0.0,0.0
2369,2.0807694798394385,2.475741742922936,2.011847806047198,2.4067989773220484,0.0,0.0
2370,2.0805063615948294,2.4754413482289253,2.0115847967367255,2.4064987182617186,0.0,0.0
2371,2.0802441045026443,2.4752913486810377,2.0113225076050885,2.4063486735026043,0.0,0.0
2372,2.0799700044381164,2.475165209358121,2.0110484075405606,2.4062225341796877,0.0,0.0
2373,2.0797057210915906,2.4749056743103783,2.010784245943953,2.405963134765625,0.0,0.0
2374,2.079435849327428,2.4747351752387154,2.010514322916667,2.4057925754123266,0.0,0.0
2375,2.079175976764377,2.4746111947518807,2.010254482393068,2.4056686401367187,0.0,0.0
2376,2.0789099649886476,2.4741817785192417,2.0099885923672565,2.4052393595377604,0.0,0.0
2377,2.078638038276405,2.474134491343557,2.009716652839233,2.4051920572916665,0.0,0.0
2378,2.0783744143755225,2.4738469027295524,2.009453067385693,2.404904513888889,0.0,0.0
2379,2.078101898704431,2.4737534925672744,2.0091805517146017,2.4048110961914064,0.0,0.0
2380,2.077842647139681,2.4735288718894672,2.0089212873340707,2.404586452907986,0.0,0.0
2381,2.077575463854145,2.47319928581332,2.008654245022124,2.4042570326063366,0.0,0.0
2382,2.077309349835704,2.47310051812066,2.0083880669247787,2.404158189561632,0.0,0.0
2383,2.0770434534020024,2.4729513210720486,2.0081221768989677,2.404008992513021,0.0,0.0
2384,2.076782364473911,2.4726721342110336,2.007861184089233,2.4037299262152776,0.0,0.0
2385,2.07651562945717,2.472515168366609,2.00759442984882,2.403572930230035,0.0,0.0
2386,2.076253426690286,2.472305199893904,2.00733228475295,2.403363037109375,0.0,0.0
2387,2.075988192764405,2.4720981211721162,2.0070671149059733,2.403156026204427,0.0,0.0
2388,2.075728070577163,2.471934181495949,2.0068069863108406,2.4029920789930554,0.0,0.0
2389,2.0754605256711205,2.471682505666474,2.0065395118915927,2.402740478515625,0.0,0.0
2390,2.0751955383072533,2.4715706530912422,2.0062744860803834,2.4026285807291665,0.0,0.0
2391,2.074931306223851,2.4713145691671485,2.0060103244837757,2.402372572157118,0.0,0.0
2392,2.07467204184332,2.4711529955451867,2.0057510601032447,2.402210998535156,0.0,0.0
2393,2.074404673012497,2.4709035689742476,2.005483729719764,2.4019616021050347,0.0,0.0
2394,2.0741410298879437,2.4706800371334876,2.0052201442662243,2.4017381456163194,0.0,0.0
2395,2.073872854513532,2.4705651177300347,2.0049519496681416,2.4016231960720487,0.0,0.0
2396,2.07361151596125,2.4703144591531636,2.004690668786873,2.401372612847222,0.0,0.0
2397,2.0733463332984927,2.47017441737799,2.004425498939897,2.4012325710720486,0.0,0.0
2398,2.073084543415238,2.4698591481903454,2.0041637859513273,2.400917392306858,0.0,0.0
2399,2.072818784609413,2.4698064055266205,2.003898039961283,2.400864664713542,0.0,0.0
2400,2.072555279112736,2.46949843418451,2.0036345985435102,2.4005567762586804,0.0,0.0
2401,2.0722920009544015,2.4693921614281926,2.0033713011615046,2.4004504733615453,0.0,0.0
2402,2.072023550324237,2.4692165685583043,2.0031028184918878,2.4002748277452257,0.0,0.0
2403,2.071768472451016,2.468910718376254,2.002847875184366,2.3999691433376737,0.0,0.0
2404,2.0714985750552914,2.4687632468894676,2.0025779521570795,2.3998216417100693,0.0,0.0
2405,2.071237799830296,2.468586169584298,2.002317247418879,2.3996446397569446,0.0,0.0
2406,2.0709692115722556,2.4684049893602915,2.0020486207134955,2.399463399251302,0.0,0.0
2407,2.0707083179430548,2.4682321581428432,2.001787771939528,2.3992906358506945,0.0,0.0
2408,2.070446473734499,2.4680165231963733,2.0015259149151916,2.399074978298611,0.0,0.0
2409,2.0701862362052297,2.467732412079234,2.001265786320059,2.3987909952799478,0.0,0.0
2410,2.0699195204121588,2.46764074254919,2.000999032079646,2.3986992730034724,0.0,0.0
2411,2.0696541680820735,2.4674894657841437,2.0007337181969027,2.398548041449653,0.0,0.0
2412,2.069398709364675,2.467181132752218,2.00047834278208,2.3982398139105903,0.0,0.0
2413,2.0691298394429904,2.4670557318793405,2.0002094280051623,2.3981143527560764,0.0,0.0
2414,2.068871624822348,2.466805028091242,1.999951315910767,2.39786376953125,0.0,0.0
2415,2.0686048833977164,2.466658905406057,1.999684561670354,2.3977176242404514,0.0,0.0
2416,2.068350007231276,2.4664306037808643,1.9994297623985988,2.3974894205729167,0.0,0.0
2417,2.068081287753249,2.4662755481107737,1.9991609916574484,2.3973342895507814,0.0,0.0
2418,2.06781813440701,2.466167719334732,1.9988978383112095,2.3972264607747396,0.0,0.0
2419,2.0675598813390255,2.4657867620020735,1.998639726216814,2.39684566921658,0.0,0.0
2420,2.0673003801500838,2.465711383584105,1.9983801737647493,2.396770222981771,0.0,0.0
2421,2.0670371627249406,2.4654627519772374,1.9981170204185104,2.3965216742621527,0.0,0.0
2422,2.0667670956618878,2.465365788966049,1.9978469533554573,2.3964246961805555,0.0,0.0
2423,2.0665132790089396,2.465187916696807,1.9975931623340708,2.396246846516927,0.0,0.0
2424,2.0662553652756124,2.4648237967785493,1.9973353383112094,2.395882839626736,0.0,0.0
2425,2.065989212809829,2.4647726402753665,1.9970691602138644,2.3958316379123263,0.0,0.0
2426,2.0657232458893326,2.4645216275438853,1.9968032701880531,2.3955807156032987,0.0,0.0
2427,2.0654680209181673,2.4643824410144197,1.9965480388089971,2.3954415215386287,0.0,0.0
2428,2.0652077931425,2.4641876898871526,1.9962877661780973,2.3952467176649304,0.0,0.0
2429,2.0649479556810793,2.4639026933834876,1.9960280696902655,2.394961886935764,0.0,0.0
2430,2.06468065092916,2.463769301426263,1.9957607393067847,2.394828457302517,0.0,0.0
2431,2.064427672859252,2.4635784987461418,1.9955078125,2.394637722439236,0.0,0.0
2432,2.0641664047937645,2.4633927107445985,1.9952465316187316,2.394451904296875,0.0,0.0
2433,2.063903840406374,2.4632726824725113,1.9949839544155605,2.394331868489583,0.0,0.0
2434,2.0636463075172244,2.4628900372540508,1.9947265625,2.3939493815104167,0.0,0.0
2435,2.0633864798094064,2.46284851450979,1.9944667219764012,2.3939078436957466,0.0,0.0
2436,2.0631288797791747,2.4625756459177275,1.9942091860250737,2.393635050455729,0.0,0.0
2437,2.0628632778248974,2.4624608809859665,1.9939435840707964,2.393520270453559,0.0,0.0
2438,2.0626080913010743,2.462298335322627,1.9936883526917404,2.393357679578993,0.0,0.0
2439,2.062352443692676,2.4619896255304785,1.9934328332411504,2.393049112955729,0.0,0.0
2440,2.0620917581781466,2.461852157027633,1.9931721285029498,2.392911614312066,0.0,0.0
2441,2.061835009546736,2.4616321554301694,1.9929154567662242,2.392691718207465,0.0,0.0
2442,2.061570742361704,2.461493368266541,1.9926511511338496,2.3925528632269963,0.0,0.0
2443,2.0613196816119994,2.4613670518663198,1.9924000967920354,2.3924265543619794,0.0,0.0
2444,2.0610588679396615,2.460972568841628,1.9921393920538348,2.392032199435764,0.0,0.0
2445,2.060803819043715,2.4609200560016395,1.9918843047105457,2.3919796413845487,0.0,0.0
2446,2.0605380089747665,2.460685164840133,1.9916185587205015,2.3917448255750866,0.0,0.0
2447,2.0602844675775716,2.460587463378906,1.991365055770649,2.3916471693250867,0.0,0.0
2448,2.0600277445777224,2.4602783278477047,1.9911083840339232,2.391338094075521,0.0,0.0
2449,2.059773140604858,2.4602160041714893,1.990853728797935,2.3912757025824654,0.0,0.0
2450,2.0595125957803826,2.4598589824158466,1.9905933121312684,2.3909188164605033,0.0,0.0
2451,2.0592575212528743,2.4598160957995754,1.9903382247879793,2.3908759223090277,0.0,0.0
2452,2.059004632893432,2.45958489312066,1.9900852979811947,2.3906446668836807,0.0,0.0
2453,2.0587464246806806,2.4593982913170334,1.9898271858867995,2.390458170572917,0.0,0.0
2454,2.05848674741652,2.459231654037664,1.9895674893989677,2.390291510687934,0.0,0.0
2455,2.0582401740614404,2.458965491777585,1.9893210442016962,2.3900254991319443,0.0,0.0
2456,2.0579854260528085,2.4588092493127895,1.989066244929941,2.3898691813151043,0.0,0.0
2457,2.0577273075505227,2.4587190453800156,1.9888081328355458,2.389778984917535,0.0,0.0
2458,2.057468961709895,2.458441738552517,1.9885498767053835,2.389501783582899,0.0,0.0
2459,2.057219091693668,2.4583532752519774,1.988299974649705,2.389413282606337,0.0,0.0
2460,2.0569676467540736,2.4580708670910494,1.9880486322363569,2.3891309950086805,0.0,0.0
2461,2.0567086255898435,2.457900601610725,1.9877896559273598,2.388960774739583,0.0,0.0
2462,2.0564561757455926,2.4577779058762537,1.987537161227876,2.3888380262586804,0.0,0.0
2463,2.0562040234429437,2.457552309389468,1.9872850986356931,2.388612535264757,0.0,0.0
2464,2.0559488048796686,2.4573939796730326,1.987029867256637,2.3884541829427084,0.0,0.0
2465,2.0556985186341,2.4571649923442322,1.9867796771294248,2.388225301106771,0.0,0.0
2466,2.0554407394664715,2.4570529852973086,1.9865218531065634,2.3881132337782116,0.0,0.0
2467,2.0551945246697203,2.456847764003424,1.9862756959808259,2.3879080878363714,0.0,0.0
2468,2.054936047609106,2.456567266016831,1.9860172958148967,2.387627665201823,0.0,0.0
2469,2.0546874739147825,2.456521696867766,1.985768690081121,2.387582058376736,0.0,0.0
2470,2.0544265482461297,2.456233384874132,1.9855078413071534,2.3872938368055556,0.0,0.0
2471,2.0541757819758497,2.4561601502218364,1.9852570750368732,2.3872205946180554,0.0,0.0
2472,2.05392688817054,2.4559268678264856,1.9850081812315634,2.3869873046875,0.0,0.0
2473,2.0536738460217276,2.4556436044198495,1.9847552544247788,2.3867041693793403,0.0,0.0
2474,2.053413573390828,2.4555518821433737,1.984494981793879,2.3866124471028645,0.0,0.0
2475,2.053165310053887,2.455332219630112,1.984246808167404,2.3863928900824654,0.0,0.0
2476,2.05291458863884,2.455139842092255,1.9839960418971239,2.386200459798177,0.0,0.0
2477,2.052659782959194,2.4550494686173807,1.9837412426253687,2.386110093858507,0.0,0.0
2478,2.0524052876369314,2.4546848174672067,1.9834868754609145,2.385745578342014,0.0,0.0
2479,2.052158160708168,2.4546516324266974,1.9832397100848083,2.3857123480902778,0.0,0.0
2480,2.0519063157007245,2.45436875331549,1.9829879355641593,2.3854295518663196,0.0,0.0
2481,2.051645198078894,2.454234837661555,1.9827267987186579,2.385295613606771,0.0,0.0
2482,2.0513945630286,2.4541029188368055,1.9824761764841445,2.3851637098524305,0.0,0.0
2483,2.0511451794449753,2.453813789273486,1.982226850571534,2.3848746405707466,0.0,0.0
2484,2.0508933728848744,2.4536374353479458,1.981975076050885,2.3846983167860243,0.0,0.0
2485,2.050639066453612,2.4534192987135897,1.9817208529221977,2.384480285644531,0.0,0.0
2486,2.0503830157151866,2.453295254177517,1.9814647573285398,2.3843561808268228,0.0,0.0
2487,2.0501351109365746,2.453167573905285,1.9812168717735987,2.384228515625,0.0,0.0
2488,2.0498786439688073,2.452851117922936,1.980960488108407,2.3839121500651044,0.0,0.0
2489,2.049633488685548,2.452700210382909,1.9807153392330383,2.383761257595486,0.0,0.0
2490,2.0493733024194016,2.452482797128183,1.9804552106379056,2.3835439046223956,0.0,0.0
2491,2.049125260012913,2.4523810718677663,1.9802071810471977,2.383442179361979,0.0,0.0
2492,2.048871417728403,2.4521000803252795,1.9799533900258113,2.3831612481011284,0.0,0.0
2493,2.0486222807067924,2.452000442316503,1.9797042081489675,2.38306155734592,0.0,0.0
2494,2.048365330368601,2.4516840880594137,1.9794473923764748,2.382745361328125,0.0,0.0
2495,2.048116750266387,2.451602413978106,1.9791987866426992,2.3826636420355904,0.0,0.0
2496,2.0478686022714734,2.451412387424045,1.9789506130162242,2.382473585340712,0.0,0.0
2497,2.04761428302443,2.4512091554241415,1.978696389887537,2.3822704739040796,0.0,0.0
2498,2.04735545715909,2.4510391273027587,1.9784375576143067,2.3821004231770835,0.0,0.0
2499,2.047116581778564,2.4508478009259256,1.9781987463126844,2.3819091796875,0.0,0.0
2500,2.0468610431043026,2.4505868605625483,1.9779432268620945,2.3816482543945314,0.0,0.0
2501,2.0466069063403682,2.450436917528694,1.977689147769174,2.3814983791775175,0.0,0.0
2502,2.046353979533584,2.450267382963204,1.9774362209623895,2.381328837076823,0.0,0.0
2503,2.046104903245164,2.4500218407901717,1.9771871831213126,2.3810833401150173,0.0,0.0
2504,2.045855433296787,2.449891639992043,1.976937713172935,2.380953131781684,0.0,0.0
2505,2.04560456450026,2.4496199129834584,1.976686946902655,2.3806815253363713,0.0,0.0
2506,2.045351682548708,2.4494916223596643,1.97643402009587,2.3805531819661456,0.0,0.0
2507,2.045101258675263,2.4493016372492282,1.976183685932891,2.380363294813368,0.0,0.0
2508,2.044850367592887,2.449129073531539,1.9759327756268437,2.380190700954861,0.0,0.0
2509,2.044600583941414,2.4488937189549573,1.9756830176069322,2.379955376519097,0.0,0.0
2510,2.0443480507945875,2.448732277199074,1.9754305229074485,2.379793972439236,0.0,0.0
2511,2.0441006516722484,2.448519904996142,1.9751832134955751,2.3795817057291666,0.0,0.0
2512,2.043853537559266,2.4483741590711805,1.974936048119469,2.3794358995225693,0.0,0.0
2513,2.043602287918561,2.448161662537375,1.9746848497418878,2.3792234632703995,0.0,0.0
2514,2.0433464739885467,2.448072490927614,1.9744290422197641,2.379134284125434,0.0,0.0
2515,2.043108110672184,2.447754441249518,1.9741908070612095,2.378816392686632,0.0,0.0
2516,2.042856675486192,2.4476383802625867,1.9739393206120943,2.3787002563476562,0.0,0.0
2517,2.042608005673512,2.4474184088059414,1.9736907148783185,2.3784803602430555,0.0,0.0
2518,2.0423504633142944,2.4473322814187886,1.9734331789269912,2.3783942328559027,0.0,0.0
2519,2.0421128299303692,2.447164133330922,1.9731955199115043,2.378226047092014,0.0,0.0
2520,2.041860933659802,2.446842707881221,1.9729437453908554,2.377904764811198,0.0,0.0
2521,2.0416127856648894,2.4467523720823685,1.9726955717643806,2.3778143988715277,0.0,0.0
2522,2.041360521365925,2.446543413327064,1.9724433651364306,2.377605523003472,0.0,0.0
2523,2.0411153853063375,2.4464535936897183,1.9721982162610618,2.377515665690104,0.0,0.0
2524,2.040868136627656,2.4461822208357447,1.9719510508849558,2.377244398328993,0.0,0.0
2525,2.0406254363603256,2.446012185179157,1.9717083506176254,2.3770743476019964,0.0,0.0
2526,2.0403703554249266,2.4459075777030286,1.9714532632743362,2.376969740125868,0.0,0.0
2527,2.0401252608748592,2.445663685739776,1.9712082584347346,2.3767259385850696,0.0,0.0
2528,2.0398817220244885,2.4455419846522957,1.9709646939528023,2.376604207356771,0.0,0.0
2529,2.0396334843191095,2.4453421887056326,1.9707165203263275,2.3764044867621528,0.0,0.0
2530,2.039379654850381,2.4451563253520447,1.970462729304941,2.3762186686197917,0.0,0.0
2531,2.039139620775828,2.444959411621094,1.970222765717183,2.3760218302408855,0.0,0.0
2532,2.038892055331873,2.444835521556713,1.9699751682337758,2.3758978949652776,0.0,0.0
2533,2.0386438881132882,2.444715161735629,1.9697269946073008,2.3757775200737847,0.0,0.0
2534,2.0383920174742833,2.4444705614631554,1.9694752200866519,2.375533040364583,0.0,0.0
2535,2.0381537694999476,2.4443228752230417,1.9692369849280973,2.3753853691948783,0.0,0.0
2536,2.037906965744348,2.4440696735146603,1.968990251659292,2.3751322428385415,0.0,0.0
2537,2.0376546343043023,2.4439884929892455,1.9687379009955752,2.375051032172309,0.0,0.0
2538,2.0374105736361647,2.443779726381655,1.968493904406342,2.374842325846354,0.0,0.0
2539,2.0371634274837302,2.443686161747685,1.968246739030236,2.3747487386067707,0.0,0.0
2540,2.036923707112273,2.443454684033806,1.968007063514012,2.374517313639323,0.0,0.0
2541,2.0366747684517303,2.4432354208863813,1.967758169708702,2.374298095703125,0.0,0.0
2542,2.036426300345831,2.4431869318455828,1.9675097080106931,2.3742496066623264,0.0,0.0
2543,2.036178049824671,2.442903536572868,1.9672615343842184,2.373966301812066,0.0,0.0
2544,2.03594215768573,2.442819488902151,1.967025603797935,2.3738822089301217,0.0,0.0
2545,2.0356928796905303,2.4425160650559414,1.9667764219210915,2.373578898111979,0.0,0.0
2546,2.035443416150043,2.4424787808641977,1.9665269519727138,2.3735415988498265,0.0,0.0
2547,2.035203388483381,2.44221083652826,1.9662869883849559,2.373273722330729,0.0,0.0
2548,2.034957676280725,2.4421386266637732,1.9660412633665192,2.3732014973958333,0.0,0.0
2549,2.0347079246687043,2.441958927107446,1.9657915053466077,2.373021782769097,0.0,0.0
2550,2.0344662421218107,2.4416822457019194,1.965549957365413,2.3727452596028646,0.0,0.0
2551,2.034218827121513,2.4415658230251736,1.965302503917773,2.3726287841796876,0.0,0.0
2552,2.033978066460235,2.44135922278887,1.96506182015118,2.372422281901042,0.0,0.0
2553,2.033727882740913,2.4412324279031634,1.9648116300239675,2.372295464409722,0.0,0.0
2554,2.0334852816541167,2.4410450236002603,1.9645690737924042,2.3721081203884546,0.0,0.0
2555,2.033238804417393,2.440847484447338,1.9643226285951327,2.3719106038411457,0.0,0.0
2556,2.0330008701461533,2.440701700846354,1.964084681508112,2.3717647976345484,0.0,0.0
2557,2.032751054455228,2.4404978358892744,1.9638349234882007,2.3715610080295138,0.0,0.0
2558,2.032503325751835,2.440413942690249,1.9635871819690265,2.37147708468967,0.0,0.0
2559,2.0322602477025047,2.440171738612799,1.9633441936301623,2.3712349785698783,0.0,0.0
2560,2.032023020794319,2.439974399142795,1.9631069667219765,2.37103763156467,0.0,0.0
2561,2.03177478308894,2.439808157461661,1.9628587930955015,2.3708714803059894,0.0,0.0
2562,2.0315240168186595,2.439683898172261,1.9626080268252213,2.3707472059461807,0.0,0.0
2563,2.031287314790418,2.439478013780382,1.9623713760601031,2.3705413818359373,0.0,0.0
2564,2.031041897067187,2.439351904598283,1.9621259391132007,2.3704152425130207,0.0,0.0
2565,2.030801299665347,2.4391424598222895,1.9618853993823746,2.370205858018663,0.0,0.0
2566,2.030551359162326,2.438946585949556,1.961635497326696,2.370010036892361,0.0,0.0
2567,2.030311395574568,2.4389123459804205,1.9613955337389382,2.369975789388021,0.0,0.0
2568,2.0300635771607087,2.4385855479299288,1.961147792219764,2.3696490817599827,0.0,0.0
2569,2.0298220612189666,2.4385321873794368,1.9609062442385694,2.369595675998264,0.0,0.0
2570,2.029572914443752,2.4382126344280475,1.9606572063974925,2.3692762586805554,0.0,0.0
2571,2.02933410314213,2.438200958628713,1.9604183950958702,2.3692645602756075,0.0,0.0
2572,2.0290894919624867,2.4378953910168306,1.9601738223635694,2.3689590454101563,0.0,0.0
2573,2.028841776074874,2.437818972740644,1.9599260808443952,2.368882581922743,0.0,0.0
2574,2.0285937336683855,2.43768332398968,1.9596780512536873,2.3687469482421877,0.0,0.0
2575,2.028363906909616,2.4373399032781156,1.9594483142053836,2.3684036254882814,0.0,0.0
2576,2.028107680095972,2.4373033047899786,1.9591920745759588,2.368367004394531,0.0,0.0
2577,2.0278647588981893,2.4370536408600985,1.9589492302728613,2.368117438422309,0.0,0.0
2578,2.02762021179745,2.436963821222753,1.9587046575405604,2.368027581108941,0.0,0.0
2579,2.0273849373110977,2.4367216472861206,1.958469447133112,2.3677854749891494,0.0,0.0
2580,2.027132109684847,2.4365456098391687,1.9582166643620944,2.3676094902886287,0.0,0.0
2581,2.0268949883650857,2.4363190639166183,1.9579795814896754,2.3673829820421006,0.0,0.0
2582,2.0266471156259254,2.4362760228286553,1.9577316959347346,2.367339918348524,0.0,0.0
2583,2.026409254903658,2.435988912700135,1.9574938928834809,2.3670528835720486,0.0,0.0
2584,2.026160674801444,2.435924701455199,1.957245287149705,2.3669886271158855,0.0,0.0
2585,2.0259231885154634,2.4356026053722992,1.9570079162057523,2.3666666666666667,0.0,0.0
2586,2.0256770442055068,2.435524977695795,1.9567617590800148,2.3665890163845487,0.0,0.0
2587,2.025439641222102,2.4352850379472897,1.9565243881360619,2.366349114312066,0.0,0.0
2588,2.0251848355424564,2.4352211281105323,1.9562695888643067,2.366285196940104,0.0,0.0
2589,2.0249524289556624,2.4349575692635996,1.9560372591721977,2.366021728515625,0.0,0.0
2590,2.0247091461373734,2.434772421754437,1.9557939827617994,2.365836588541667,0.0,0.0
2591,2.0244680430792608,2.434668175968123,1.9555528668879056,2.3657323201497396,0.0,0.0
2592,2.0242161852560363,2.43445445496359,1.9553010923672567,2.3655186971028646,0.0,0.0
2593,2.0239864802471845,2.4343458312234763,1.9550713553189527,2.3654100206163196,0.0,0.0
2594,2.02373938201216,2.4341199031876926,1.9548243339786135,2.3651841905381943,0.0,0.0
2595,2.023500820334729,2.4339293077256943,1.954585810748525,2.364993625217014,0.0,0.0
2596,2.0232567852981536,2.433775303216628,1.954341814159292,2.3648396809895833,0.0,0.0
2597,2.0230234601714567,2.4336427514347028,1.9541084762168142,2.36470709906684,0.0,0.0
2598,2.0227773637789106,2.4334670003255208,1.9538624631268438,2.3645314534505206,0.0,0.0
2599,2.0225418973393805,2.4333578754943095,1.9536269646478615,2.3644222683376737,0.0,0.0
2600,2.0223008806460205,2.4331764051649305,1.9533859928097346,2.3642408582899304,0.0,0.0
2601,2.022066326338503,2.4329220241970484,1.953151502581121,2.363986545138889,0.0,0.0
2602,2.021820777395285,2.4328789981794947,1.9529059215984512,2.3639434814453124,0.0,0.0
2603,2.021580730504952,2.432630027488426,1.9526659580106933,2.363694593641493,0.0,0.0
2604,2.0213410549887274,2.432574417679398,1.952426282494469,2.363638983832465,0.0,0.0
2605,2.021112393331874,2.4322065979757426,1.9521976977323008,2.363271247016059,0.0,0.0
2606,2.020858759162036,2.432204408998843,1.9519440507466814,2.36326904296875,0.0,0.0
2607,2.0206214617670555,2.4319384765625,1.9517068238384956,2.363003200954861,0.0,0.0
2608,2.0203803779326135,2.431845111611449,1.9514657079646018,2.3629097832573787,0.0,0.0
2609,2.0201420915109356,2.431641608344184,1.9512274728060472,2.362706332736545,0.0,0.0
2610,2.019892439079449,2.4314652393482348,1.9509778588219027,2.362530008951823,0.0,0.0
2611,2.0196615112976666,2.43125326651114,1.950746969487463,2.362318081325955,0.0,0.0
2612,2.0194133504869725,2.4311654663085935,1.9504987958609883,2.362230258517795,0.0,0.0
2613,2.019175326505267,2.4309178519543306,1.9502608487739677,2.361982727050781,0.0,0.0
2614,2.018930609737199,2.430766111774209,1.9500161320058997,2.3618309868706597,0.0,0.0
2615,2.0186961323243664,2.4306489883234472,1.9497816417772862,2.36171383327908,0.0,0.0
2616,2.018450186375478,2.4304052508318863,1.9495357727230826,2.361470201280382,0.0,0.0
2617,2.018214294236537,2.4303039324725115,1.9492998421367995,2.3613688151041665,0.0,0.0
2618,2.0179640143988586,2.4301146179952737,1.949049652009587,2.3611796061197916,0.0,0.0
2619,2.017731239783668,2.429897419493875,1.948816890210177,2.360962422688802,0.0,0.0
2620,2.0174916570400874,2.429710361810378,1.9485773587297197,2.360775417751736,0.0,0.0
2621,2.0172481245976073,2.429622915762442,1.9483337942477876,2.3606879340277778,0.0,0.0
2622,2.017001452061993,2.42940936430001,1.9480872050147493,2.3604744805230036,0.0,0.0
2623,2.016768440638392,2.429294305495274,1.9478541551438053,2.360359361436632,0.0,0.0
2624,2.0165278111971,2.429011403778453,1.9476136154129793,2.3600765652126734,0.0,0.0
2625,2.016287866833013,2.4289207288953993,1.9473736518252212,2.359985860188802,0.0,0.0
2626,2.0160418024799194,2.428717726719232,1.9471276387352507,2.359782918294271,0.0,0.0
2627,2.015804162688104,2.428613658010224,1.946889979719764,2.3596788194444445,0.0,0.0
2628,2.015568692902861,2.428290552209925,1.9466546252765486,2.3593558417426217,0.0,0.0
2629,2.0153273402205567,2.4282202600549767,1.946413221331121,2.3592854817708333,0.0,0.0
2630,2.015080386021299,2.428040455005787,1.9461663440265486,2.359105767144097,0.0,0.0
2631,2.0148470608946023,2.427917397581501,1.9459330060840707,2.358982679578993,0.0,0.0
2632,2.0146080063766787,2.4277738406334395,1.9456939067109145,2.358839077419705,0.0,0.0
2633,2.014365046731554,2.4274434369876063,1.9454510624078172,2.358508809407552,0.0,0.0
2634,2.014124218929194,2.427408187301071,1.9452102346054572,2.3584735446506078,0.0,0.0
2635,2.013891537086647,2.4270878393856092,1.9449776168418142,2.3581532796223956,0.0,0.0
2636,2.0136445285620885,2.427073281370563,1.9447305955014749,2.358138699001736,0.0,0.0
2637,2.0134079128986,2.426704229660976,1.9444940887721238,2.357769775390625,0.0,0.0
2638,2.0131668482878298,2.426653611924913,1.94425297289823,2.357719082302517,0.0,0.0
2639,2.012931135286286,2.426421086817612,1.944017330383481,2.3574866400824654,0.0,0.0
2640,2.012686287298232,2.4263178658191067,1.9437724695796461,2.357383388943142,0.0,0.0
2641,2.012451582547057,2.426076000825858,1.9435378353152655,2.357141621907552,0.0,0.0
2642,2.012209013499713,2.425916793258102,1.9432952790837021,2.356982421875,0.0,0.0
2643,2.0119797756997917,2.425710031014902,1.943066118178466,2.3567757500542537,0.0,0.0
2644,2.0117312148212485,2.42560956036603,1.9428175124446903,2.356675211588542,0.0,0.0
2645,2.011494912860856,2.4254265264817225,1.9425812937868732,2.3564922756618922,0.0,0.0
2646,2.011260121744928,2.425232393241223,1.9423465154867257,2.356298149956597,0.0,0.0
2647,2.0110275967539284,2.42498496349947,1.9421140417588496,2.356050788031684,0.0,0.0
2648,2.01077727540673,2.4249573582778745,1.9418637075958702,2.356023152669271,0.0,0.0
2649,2.0105464532133723,2.424698546609761,1.9416329622971977,2.3557644314236112,0.0,0.0
2650,2.010309997747145,2.424612649046345,1.9413964555678467,2.355678473578559,0.0,0.0
2651,2.0100722297975206,2.424308539496528,1.9411587965523598,2.355374484592014,0.0,0.0
2652,2.009829667158067,2.4242573453173226,1.9409162403207965,2.3553232828776043,0.0,0.0
2653,2.0095965788397803,2.4240046899112655,1.9406831904498525,2.3550706651475695,0.0,0.0
2654,2.0093557510374205,2.4239136458031925,1.9404423626474927,2.3549796210394964,0.0,0.0
2655,2.009126061906527,2.4235993712625383,1.9402127696349558,2.3546654595269096,0.0,0.0
2656,2.0088793414535027,2.4235346212504822,1.9399660363661504,2.3546006944444446,0.0,0.0
2657,2.0086434972319727,2.4233007548767844,1.9397302498156341,2.354366895887587,0.0,0.0
2658,2.0084104409531385,2.423205317744502,1.9394971999446902,2.3542714436848957,0.0,0.0
2659,2.0081724618266654,2.422955721631462,1.9392592528576695,2.3540218777126736,0.0,0.0
2660,2.0079275689833787,2.422823942207996,1.9390143920538347,2.353890143500434,0.0,0.0
2661,2.00769692286524,2.4225822844328704,1.938783790790929,2.3536485460069443,0.0,0.0
2662,2.0074588445582333,2.4225251788857545,1.9385456996681416,2.3535914103190105,0.0,0.0
2663,2.007219085739434,2.4222550003616896,1.9383060241519174,2.353321329752604,0.0,0.0
2664,2.0069831487452605,2.4221312270929785,1.9380700935656343,2.3531975640190974,0.0,0.0
2665,2.0067439852931996,2.4219170351381654,1.9378309941924778,2.35298343234592,0.0,0.0
2666,2.006510941830146,2.42182430314429,1.9375979443215339,2.3528906928168403,0.0,0.0
2667,2.006271221458689,2.4215780903380595,1.9373582688053097,2.352644517686632,0.0,0.0
2668,2.0060324229728477,2.4215387716411074,1.9371194575036874,2.352605183919271,0.0,0.0
2669,2.0057969531876045,2.421177341790847,1.936884103060472,2.352243889702691,0.0,0.0
2670,2.0055649692380433,2.4211067180869024,1.9366520614398968,2.3521731906467016,0.0,0.0
2671,2.0053211902335493,2.4209106369960454,1.9364083529221976,2.3519771999782986,0.0,0.0
2672,2.0050868055933604,2.4207959888599535,1.9361740067293511,2.351862589518229,0.0,0.0
2673,2.004853954083484,2.4205022364486886,1.935941244929941,2.3515689425998265,0.0,0.0
2674,2.0046184940518446,2.4204531219859184,1.9357057464509586,2.351519775390625,0.0,0.0
2675,2.0043809085853304,2.4202383987991896,1.935468231471239,2.351305135091146,0.0,0.0
2676,2.0041418668831876,2.420139793113426,1.9352291320980826,2.3512064615885415,0.0,0.0
2677,2.003905852994329,2.4199386257595483,1.9349932015117994,2.351005384657118,0.0,0.0
2678,2.0036799792801716,2.419733125663098,1.9347673534292036,2.3507998996310766,0.0,0.0
2679,2.0034379607443333,2.4195672607421876,1.934525373340708,2.3506340874565974,0.0,0.0
2680,2.0031982916359996,2.419468948929398,1.9342856978244838,2.3505357530381943,0.0,0.0
2681,2.0029675078899847,2.419260536476418,1.9340549525258113,2.350327385796441,0.0,0.0
2682,2.00273505979367,2.4191632569866415,1.933822478797935,2.3502300686306423,0.0,0.0
2683,2.0024990010495785,2.418851480366271,1.9335865482116519,2.349918450249566,0.0,0.0
2684,2.002261969440283,2.418810349452643,1.9333494653392331,2.3498772515190973,0.0,0.0
2685,2.0020271206533407,2.418602245943046,1.9331146870390856,2.3496692233615453,0.0,0.0
2686,2.001797364381366,2.4184849077389563,1.9328849499907816,2.3495519002278646,0.0,0.0
2687,2.0015639751757646,2.418269012827932,1.932651612048304,2.3493360731336805,0.0,0.0
2688,2.0013238547364587,2.4181143904320987,1.9324115044247787,2.3491814507378472,0.0,0.0
2689,2.001095218711167,2.4178993507667825,1.9321829196626106,2.3489664713541667,0.0,0.0
2690,2.0008620632517986,2.4178197187258874,1.9319497257558997,2.3488867865668404,0.0,0.0
2691,2.000624196121641,2.417584989571277,1.931711922704646,2.348652140299479,0.0,0.0
2692,2.000391146250697,2.4175310902536653,1.931478872833702,2.3485982259114584,0.0,0.0
2693,2.0001669625184,2.417174128779658,1.9312547531803097,2.3482413397894963,0.0,0.0
2694,1.9999249952456855,2.417195012598862,1.931012773091814,2.348262193467882,0.0,0.0
2695,1.9996940610560132,2.416930127555941,1.9307818837573747,2.347997368706597,0.0,0.0
2696,1.9994581368776203,2.416904711311246,1.9305459531710913,2.347971937391493,0.0,0.0
2697,1.9992327944512978,2.416609278549383,1.9303206812315634,2.3476765950520835,0.0,0.0
2698,1.9989965629776998,2.4164982360086324,1.9300844625737463,2.3475655449761286,0.0,0.0
2699,1.998764438054549,2.4163040123456794,1.929852420953171,2.3473714192708335,0.0,0.0
2700,1.998536304623353,2.4162307776933836,1.9296242682983038,2.347298177083333,0.0,0.0
2701,1.9983047942906127,2.4159838867187498,1.9293928028207965,2.347051323784722,0.0,0.0
2702,1.9980662902841955,2.415955765335648,1.929154279590708,2.347023179796007,0.0,0.0
2703,1.9978469589127428,2.4156206295814044,1.9289350571533923,2.346688164605035,0.0,0.0
2704,1.9976102089670906,2.4155752450448493,1.9286982623525073,2.3466427273220485,0.0,0.0
2705,1.9973760931747644,2.415360205379533,1.9284642042311948,2.346427747938368,0.0,0.0
2706,1.9971452166561057,2.4152993623709973,1.9282333148967552,2.3463668823242188,0.0,0.0
2707,1.9969233567197515,2.4150192336094234,1.9280114998156341,2.3460867987738716,0.0,0.0
2708,1.9966819207348718,2.4149116987063564,1.9277700958702064,2.3459793090820313,0.0,0.0
2709,1.9964554580618656,2.414699232313368,1.9275436716445429,2.345766872829861,0.0,0.0
2710,1.9962237365522764,2.4146472205644773,1.9273119180955014,2.345714823404948,0.0,0.0
2711,1.9959950813033136,2.4143885784384644,1.9270833333333333,2.345456271701389,0.0,0.0
2712,1.995759464420126,2.4143455674913192,1.926847690818584,2.3454132080078125,0.0,0.0
2713,1.9955340963622417,2.4140331503785686,1.926622418879056,2.345100911458333,0.0,0.0
2714,1.9953049162333345,2.413978211202739,1.92639325797382,2.345045979817708,0.0,0.0
2715,1.995075153553469,2.4137289391034917,1.9261635209255161,2.3447967529296876,0.0,0.0
2716,1.994835045929944,2.4136953923731674,1.9259234133019911,2.34476318359375,0.0,0.0
2717,1.9946219657674842,2.4134372814790703,1.9257103844026549,2.344505140516493,0.0,0.0
2718,1.9943811251493435,2.4132972397038968,1.925469556600295,2.3443650987413194,0.0,0.0
2719,1.994152069832532,2.4131008647400654,1.9252405397308259,2.344168768988715,0.0,0.0
2720,1.9939259721257445,2.413022065339265,1.925014403576696,2.3440899319118924,0.0,0.0
2721,1.993694730640867,2.4128121119369697,1.9247832261707227,2.343880038791233,0.0,0.0
2722,1.9934617863583475,2.412652874228395,1.9245503203355456,2.3437208387586805,0.0,0.0
2723,1.9932396639820213,2.4124524453245564,1.9243282171828908,2.3435204399956597,0.0,0.0
2724,1.9930046104261208,2.4123890667197143,1.9240931508112094,2.34345703125,0.0,0.0
2725,1.992780119398619,2.412124475549769,1.923868743086283,2.343192545572917,0.0,0.0
2726,1.9925440832239116,2.412095713674286,1.923632668464233,2.3431637234157985,0.0,0.0
2727,1.9923256032512795,2.4117495275426792,1.923414310241519,2.342817687988281,0.0,0.0
2728,1.9920897175202295,2.411752470040027,1.923178379655236,2.342820570203993,0.0,0.0
2729,1.9918604925360892,2.4115021505473573,1.92294921875,2.342570326063368,0.0,0.0
2730,1.9916335049831386,2.4114292625144675,1.9227222183812684,2.3424974229600695,0.0,0.0
2731,1.991408338632035,2.4111864480854552,1.9224970904775074,2.342254638671875,0.0,0.0
2732,1.9911699338061517,2.4110724856529706,1.922258711283186,2.342140706380208,0.0,0.0
2733,1.99095495554716,2.410844191562982,1.922043809918879,2.3419125027126735,0.0,0.0
2734,1.9907190634082192,2.410780504014757,1.921807879332596,2.3418487548828124,0.0,0.0
2735,1.990489143876806,2.4105697104371626,1.921577998248525,2.3416380140516493,0.0,0.0
2736,1.9902664709889737,2.410526153187693,1.9213553189528023,2.341594441731771,0.0,0.0
2737,1.9900434331349222,2.410161893868152,1.9211323515855456,2.341230265299479,0.0,0.0
2738,1.9898030694793154,2.410181266878858,1.9208919558904867,2.3412495930989583,0.0,0.0
2739,1.9895845095498208,2.4099346848476078,1.9206734536320058,2.3410030788845484,0.0,0.0
2740,1.9893526440044647,2.409863691918644,1.9204415560471977,2.3409320407443577,0.0,0.0
2741,1.9891255154779246,2.4095490330825617,1.920214555678466,2.3406175401475693,0.0,0.0
2742,1.988896229760593,2.4095475373444737,1.919985250737463,2.3406160142686634,0.0,0.0
2743,1.9886729550981312,2.4092492977189433,1.9197619952986726,2.340317789713542,0.0,0.0
2744,1.988433004326154,2.409237105758102,1.9195220317109145,2.3403055826822916,0.0,0.0
2745,1.9882109747224714,2.408961354950328,1.9193000725940266,2.3400299072265627,0.0,0.0
2746,1.9879864357775592,2.408825574333285,1.9190755208333334,2.339894104003906,0.0,0.0
2747,1.987751763065836,2.4086369907708813,1.9188408865689528,2.339705573187934,0.0,0.0
2748,1.9875240425182696,2.408587330005787,1.9186131660213865,2.3396558973524306,0.0,0.0
2749,1.987302201805587,2.4083028082200038,1.9183913509402655,2.3393714057074653,0.0,0.0
2750,1.9870693151940815,2.4082967273099922,1.9181584451050886,2.3393653021918404,0.0,0.0
2751,1.9868432141415813,2.4079361602406446,1.9179324529867257,2.339004855685764,0.0,0.0
2752,1.9866185760161348,2.407914202654803,1.9177077571902654,2.3389828152126735,0.0,0.0
2753,1.9863877730464485,2.407682517722801,1.917477011891593,2.338751220703125,0.0,0.0
2754,1.98615937076739,2.4076076403959297,1.9172485711651917,2.338676283094618,0.0,0.0
2755,1.9859350173677648,2.4074154437029804,1.9170243074760325,2.338484191894531,0.0,0.0
2756,1.9857112913743307,2.4071944851345486,1.916800619929941,2.3382632785373265,0.0,0.0
2757,1.9854796498216043,2.407033043378665,1.9165690104166666,2.338101874457465,0.0,0.0
2758,1.9852521181650378,2.406966650692033,1.9163414339048672,2.338035413953993,0.0,0.0
2759,1.98502936197463,2.4067215794692802,1.9161187546091445,2.3377904256184894,0.0,0.0
2760,1.984798667939081,2.406644166546103,1.915888009310472,2.337712944878472,0.0,0.0
2761,1.9845742953157843,2.406378188898534,1.9156637456213126,2.337447102864583,0.0,0.0
2762,1.984347759093806,2.4062805778597607,1.915437177359882,2.337349446614583,0.0,0.0
2763,1.9841182844854743,2.406049122751495,1.9152077283831122,2.3371180216471354,0.0,0.0
2764,1.9838934574690281,2.406034572271653,1.914982888550885,2.3371034410264757,0.0,0.0
2765,1.9836719976005228,2.4057262467749325,1.9147615055770648,2.336795213487413,0.0,0.0
2766,1.9834411210818643,2.4056240354938274,1.9145306162426254,2.3366929796006946,0.0,0.0
2767,1.9832139254142425,2.4054237535264753,1.9143034718381269,2.336492750379774,0.0,0.0
2768,1.9829926416209562,2.4052809463312594,1.9140822329000737,2.3363499959309895,0.0,0.0
2769,1.9827594669379167,2.4051811161747683,1.913849038993363,2.3362501356336804,0.0,0.0
2770,1.9825417519993525,2.4048948386863427,1.9136314009494837,2.3359639485677084,0.0,0.0
2771,1.9823152221852642,2.404824361918885,1.913404832688053,2.3358934190538196,0.0,0.0
2772,1.9820809687650613,2.4046108556676793,1.9131706305309735,2.335679965549045,0.0,0.0
2773,1.9818646398588657,2.4045537350501545,1.912954288808997,2.3356228298611112,0.0,0.0
2774,1.9816387533289275,2.404267502772955,1.9127284407264011,2.3353366427951388,0.0,0.0
2775,1.9814095667921299,2.404168637122637,1.9124992798211653,2.335237799750434,0.0,0.0
2776,1.9811890031776787,2.4039744586709104,1.912278761061947,2.335043674045139,0.0,0.0
2777,1.980964589044862,2.403807105547116,1.9120543533370207,2.3348763359917535,0.0,0.0
2778,1.9807321409485474,2.403743926625193,1.9118218796091446,2.3348130967881944,0.0,0.0
2779,1.9805173195411034,2.403524618266541,1.9116071222806048,2.3345938788519964,0.0,0.0
2780,1.9802924797088761,2.4033260995370367,1.9113822824483775,2.334395345052083,0.0,0.0
2781,1.9800622592901482,2.4031809036820024,1.911152113292773,2.334250217013889,0.0,0.0
2782,1.9798447460583648,2.403090006510417,1.9109346192846608,2.334159342447917,0.0,0.0
2783,1.9796201750740006,2.40282923568914,1.9107100675239677,2.3338985866970487,0.0,0.0
2784,1.9793898746984095,2.402830275547357,1.910479754332596,2.3338996039496527,0.0,0.0
2785,1.9791754597667048,2.4024893904320987,1.910265429111357,2.333558824327257,0.0,0.0
2786,1.9789475088186181,2.4024465640974633,1.9100374204922566,2.333515930175781,0.0,0.0
2787,1.9787165554052746,2.402202348120418,1.9098065311578172,2.333271789550781,0.0,0.0
2788,1.9785010266347767,2.40209174638913,1.9095910536504426,2.3331612481011286,0.0,0.0
2789,1.9782792243694363,2.401871880425347,1.9093692385693215,2.332941351996528,0.0,0.0
2790,1.9780461360511499,2.4017521309558254,1.9091361886983775,2.3328216552734373,0.0,0.0
2791,1.9778312603184047,2.401656731499566,1.9089212873340708,2.3327262030707465,0.0,0.0
2792,1.9776059435236437,2.4014289761766974,1.9086960153945427,2.3324985080295138,0.0,0.0
2793,1.977377477165681,2.401271626036844,1.9084675746681417,2.3323411729600694,0.0,0.0
2794,1.9771611098121429,2.401114260826582,1.9082512329461652,2.332183837890625,0.0,0.0
2795,1.976938763443187,2.401013598029996,1.9080288417219764,2.3320831298828124,0.0,0.0
2796,1.9767076211388435,2.40080357681086,1.90779780835177,2.331873236762153,0.0,0.0
2797,1.9764968711802169,2.4006818305121524,1.9075870840247051,2.331751505533854,0.0,0.0
2798,1.9762701588830192,2.4004637993706597,1.9073603717275074,2.3315334743923612,0.0,0.0
2799,1.976044480467752,2.400442128122589,1.9071346676806784,2.3315117730034722,0.0,0.0
2800,1.9758229021950418,2.400212854456018,1.9069131406710915,2.331282552083333,0.0,0.0
2801,1.9756096715889244,2.399933204179929,1.9066999677359882,2.3310029771592884,0.0,0.0
2802,1.9753760712064745,2.3999669882691936,1.9064663417219765,2.3310367160373264,0.0,0.0
2803,1.975160536028086,2.399722787362558,1.9062508642146017,2.3307925754123264,0.0,0.0
2804,1.974942510732139,2.3996628297405476,1.9060327940634219,2.3307325575086804,0.0,0.0
2805,1.974715702316585,2.3993636369116516,1.9058060817662241,2.3304334852430557,0.0,0.0
2806,1.97450311193244,2.399357548466435,1.905593484974189,2.3304273817274304,0.0,0.0
2807,1.9742778207692409,2.3990937183521415,1.9053682130346608,2.33016357421875,0.0,0.0
2808,1.9740540212268345,2.399074104214892,1.9051443814528024,2.3301439073350694,0.0,0.0
2809,1.9738371000160775,2.398764693648727,1.904927607623525,2.3298346625434028,0.0,0.0
2810,1.9736222755464556,2.3987091742621525,1.9047127062592182,2.329779052734375,0.0,0.0
2811,1.9733918790525087,2.398515466760706,1.9044823930678465,2.329585435655382,0.0,0.0
2812,1.9731783860064194,2.398379109700521,1.9042689320612094,2.3294491238064237,0.0,0.0
2813,1.9729614681413752,2.39819583468967,1.9040520141961652,2.329265848795573,0.0,0.0
2814,1.9727328577476453,2.398048140914352,1.903823429433997,2.329118177625868,0.0,0.0
2815,1.9725178379791333,2.3979620662736303,1.9036083840339233,2.329032050238715,0.0,0.0
2816,1.9723008688509658,2.3977497166763118,1.903391466168879,2.3288197835286457,0.0,0.0
2817,1.9720760162029578,2.397602900752315,1.903166626336652,2.3286729600694445,0.0,0.0
2818,1.9718617837543624,2.3974705976321373,1.90295244515118,2.328540717230903,0.0,0.0
2819,1.9716400263442553,2.3973262231143906,1.902730630070059,2.328396267361111,0.0,0.0
2820,1.9714172829696284,2.3971962785132135,1.9025079507743363,2.328266398111979,0.0,0.0
2821,1.9712030953762658,2.3969889209888597,1.9022937695888642,2.32805904812283,0.0,0.0
2822,1.9709845803020043,2.396813938470534,1.9020752673303836,2.327884080674913,0.0,0.0
2823,1.9707560562730275,2.396693974247685,1.9018468266039823,2.327764214409722,0.0,0.0
2824,1.9705463722357837,2.3966489287953316,1.9016371105272862,2.3277191162109374,0.0,0.0
2825,1.9703267976480299,2.3963029875578705,1.9014176000184366,2.327373250325521,0.0,0.0
2826,1.970102284334679,2.396310161072531,1.9011930482577433,2.32738037109375,0.0,0.0
2827,1.9698845886197862,2.396093587993104,1.9009754102138643,2.3271638658311633,0.0,0.0
2828,1.9696705450621907,2.395935073664159,1.9007613730641593,2.3270053439670138,0.0,0.0
2829,1.969446419000908,2.395768244237076,1.900537253410767,2.3268385145399306,0.0,0.0
2830,1.9692318984807788,2.3956340610833813,1.900322784153761,2.326704406738281,0.0,0.0
2831,1.9690122887913952,2.39550070680218,1.9001031296091446,2.326570977105035,0.0,0.0
2832,1.9687920068405875,2.3953377090265717,1.8998828989214602,2.326408047146267,0.0,0.0
2833,1.968575012080858,2.395108913845486,1.8996659810564158,2.3261793348524304,0.0,0.0
2834,1.96836275462348,2.395048971293885,1.8994536723359146,2.326119316948785,0.0,0.0
2835,1.9681315259543832,2.3948461386598185,1.899222494929941,2.325916544596354,0.0,0.0
2836,1.9679261437664768,2.394789865752797,1.8990170999262537,2.3258602566189235,0.0,0.0
2837,1.967705973811984,2.394484592013889,1.8987970132743364,2.3255550808376735,0.0,0.0
2838,1.967484478841849,2.3944583657347125,1.8985754862647493,2.325528801812066,0.0,0.0
2839,1.967266927162723,2.394266877350984,1.8983579922566372,2.325337388780382,0.0,0.0
2840,1.9670551881773992,2.3940707171404805,1.8981462596792036,2.3251412285698785,0.0,0.0
2841,1.9668313565955409,2.3939710339204767,1.8979224280973452,2.3250415378146703,0.0,0.0
2842,1.966616077449234,2.3937703676576967,1.8977072386615044,2.3248409695095487,0.0,0.0
2843,1.9663997933982715,2.39369923532745,1.897490896939528,2.324769761827257,0.0,0.0
2844,1.9661782151255611,2.393522681718991,1.897269369929941,2.324593268500434,0.0,0.0
2845,1.9659658871813883,2.393373978226273,1.8970570612094395,2.324444580078125,0.0,0.0
2846,1.9657483675417144,2.3931721929856287,1.8968395672013274,2.3242428249782985,0.0,0.0
2847,1.965523345226378,2.393049075279707,1.8966145833333334,2.3241197374131946,0.0,0.0
2848,1.9653147942515983,2.392944475338783,1.8964060195427728,2.324015129937066,0.0,0.0
2849,1.9650986380749091,2.3926710453739872,1.8961899658923305,2.3237418280707467,0.0,0.0
2850,1.9648752642319134,2.3926483794789255,1.895966566417773,2.3237191094292533,0.0,0.0
2851,1.9646598794971823,2.392458594051408,1.8957512329461652,2.3235293918185764,0.0,0.0
2852,1.9644467193778596,2.392258896062404,1.8955380600110618,2.3233296712239584,0.0,0.0
2853,1.964223124604412,2.392140672471788,1.8953145165007375,2.323211500379774,0.0,0.0
2854,1.9640095995188707,2.391956135314188,1.8951010554941004,2.3230270385742187,0.0,0.0
2855,1.9637973548772734,2.391898242338204,1.8948887467735989,2.3229690551757813,0.0,0.0
2856,1.9635735648049353,2.3916188859350886,1.8946650592275074,2.3226898193359373,0.0,0.0
2857,1.963362289966364,2.3916077338324655,1.8944537587573747,2.322678629557292,0.0,0.0
2858,1.9631456217255112,2.391354569800106,1.8942371289638642,2.3224255032009546,0.0,0.0
2859,1.9629281533489609,2.3913376457308546,1.8940196349557523,2.3224085489908854,0.0,0.0
2860,1.9627127173511065,2.3910209976007906,1.8938043014841446,2.3220920138888888,0.0,0.0
2861,1.9625021178361373,2.3909223014925733,1.8935937211928466,2.321993340386285,0.0,0.0
2862,1.9622761577572265,2.3908533430688177,1.8933677290744837,2.321924336751302,0.0,0.0
2863,1.9620723694328248,2.3906736472800927,1.8931640625,2.3217447916666667,0.0,0.0
2864,1.9618531662191803,2.3904742959104937,1.8929448400626843,2.32154541015625,0.0,0.0
2865,1.9616350448048772,2.390357598198785,1.8927267699115045,2.3214287651909724,0.0,0.0
2866,1.9614200250363651,2.390275577498071,1.8925117245114307,2.321346706814236,0.0,0.0
2867,1.9612124374567212,2.390052090868538,1.892304168971239,2.321123250325521,0.0,0.0
2868,1.9609886730159447,2.3898975475923514,1.8920804814251475,2.3209687974717883,0.0,0.0
2869,1.9607788449429338,2.389825529875579,1.8918706213126844,2.320896742078993,0.0,0.0
2870,1.960562740029368,2.3896101586612652,1.8916545676622418,2.320681423611111,0.0,0.0
2871,1.960347243298322,2.389479935257523,1.8914390901548672,2.320551215277778,0.0,0.0
2872,1.960134608058944,2.389329675745081,1.8912264933628318,2.3204010009765623,0.0,0.0
2873,1.9599216911559227,2.389158061463156,1.8910136084992626,2.32022942437066,0.0,0.0
2874,1.9597013420640328,2.3891331764503763,1.890793233775811,2.3202045016818578,0.0,0.0
2875,1.9594932518902937,2.3888373669282887,1.8905852461283186,2.3199088202582465,0.0,0.0
2876,1.959278833896411,2.3887989562234764,1.8903707768713127,2.319870334201389,0.0,0.0
2877,1.959056810700619,2.388600354606723,1.8901488177544248,2.319671800401476,0.0,0.0
2878,1.9588530129061492,2.388586975851177,1.8899450071441741,2.319658406575521,0.0,0.0
2879,1.9586373144683225,2.3882379677854937,1.8897293856010324,2.3193094889322916,0.0,0.0
2880,1.9584179095478975,2.3881960456753957,1.88951001912795,2.3192676120334204,0.0,0.0
2881,1.9582064330025455,2.3880734365957754,1.88929857462205,2.319145033094618,0.0,0.0
2882,1.9579997224532844,2.3879004885826585,1.8890918832964603,2.31897210015191,0.0,0.0
2883,1.9577770303417807,2.3877867107626836,1.8888692040007375,2.318858337402344,0.0,0.0
2884,1.9575666868588935,2.3876101722246332,1.8886589117809736,2.318681844075521,0.0,0.0
2885,1.95735393321531,2.387471132631655,1.888446170953171,2.3185428195529516,0.0,0.0
2886,1.9571388749994556,2.3873504035855517,1.8882311255530972,2.318422105577257,0.0,0.0
2887,1.9569277985219524,2.387170112515673,1.8880201131544985,2.3182418823242186,0.0,0.0
2888,1.9567178392289555,2.387107611762153,1.8878101090062684,2.3181793212890627,0.0,0.0
2889,1.9564964113999026,2.3869139419367285,1.8875887260324484,2.3179857042100696,0.0,0.0
2890,1.9562945275799233,2.3867322568540223,1.887386931922935,2.317804124620226,0.0,0.0
2891,1.9560776609780024,2.386642305350598,1.8871700140578909,2.317714097764757,0.0,0.0
2892,1.955862833162668,2.386504885826582,1.886955256729351,2.3175767686631943,0.0,0.0
2893,1.9556557289534484,2.3864360894097225,1.8867481332964602,2.3175079345703127,0.0,0.0
2894,1.9554468130124498,2.386091504509066,1.8865392814343658,2.3171634250217013,0.0,0.0
2895,1.9552261630332455,2.3861488398799193,1.8863186186393806,2.3172207302517362,0.0,0.0
2896,1.955018392970492,2.385896139262635,1.8861109190634218,2.3169681125217014,0.0,0.0
2897,1.9548121209364222,2.385797782238619,1.8859046598451328,2.3168697781032987,0.0,0.0
2898,1.95459443803731,2.3856485324435766,1.8856870218012536,2.3167205810546876,0.0,0.0
2899,1.9543848275490383,2.3855172691816167,1.8854774497603244,2.31658935546875,0.0,0.0
2900,1.9541777425634899,2.3854584832839025,1.8852703263274335,2.316530524359809,0.0,0.0
2901,1.9539601652528027,2.3851923813054587,1.8850528323193216,2.3162645128038193,0.0,0.0
2902,1.9537545749502248,2.385099080403646,1.8848472932798672,2.3161712646484376,0.0,0.0
2903,1.9535410019472728,2.385014015480324,1.884633688237463,2.316086154513889,0.0,0.0
2904,1.9533292309224966,2.3848701985677083,1.8844219556600295,2.3159423828125,0.0,0.0
2905,1.9531219378222773,2.384735551998939,1.8842146881913717,2.3158077663845487,0.0,0.0
2906,1.9529104676848157,2.3845290346498844,1.884003243685472,2.315601264105903,0.0,0.0
2907,1.952696449758782,2.384541441364053,1.8837892065357669,2.3156136406792536,0.0,0.0
2908,1.9524894126906445,2.3843062186535495,1.883582227138643,2.3153784857855904,0.0,0.0
2909,1.9522828077298078,2.384078286253376,1.8833756798488202,2.315150621202257,0.0,0.0
2910,1.9520635917003824,2.384089498637635,1.8831564574115045,2.3151618109809027,0.0,0.0
2911,1.9518587408003107,2.3838883764949843,1.8829516385508849,2.314960734049479,0.0,0.0
2912,1.9516531889450757,2.38373459427445,1.8827460995114307,2.3148069593641494,0.0,0.0
2913,1.9514334895452263,2.3835928118670426,1.8825264449668142,2.3146652221679687,0.0,0.0
2914,1.9512300469633723,2.3834294524016206,1.8823230664638644,2.314501953125,0.0,0.0
2915,1.9510242647076168,2.3834071331259645,1.882117239352876,2.3144795735677084,0.0,0.0
2916,1.9508079773109415,2.383101358295959,1.8819010416666666,2.3141738891601564,0.0,0.0
2917,1.9506082189258371,2.3831624160578224,1.881701264057891,2.3142349243164064,0.0,0.0
2918,1.9503917011286418,2.3828736481843174,1.8814847783001476,2.3139461941189237,0.0,0.0
2919,1.9501880537778291,2.382944716465326,1.8812811117256638,2.3140172322591144,0.0,0.0
2920,1.9499757993826288,2.3826151906708137,1.8810689470409292,2.313687811957465,0.0,0.0
2921,1.9497748566719364,2.3825202395592204,1.8808680171460177,2.3135928683810763,0.0,0.0
2922,1.9495575323311527,2.382508409288194,1.8806506671736725,2.3135810004340276,0.0,0.0
2923,1.9493556421032834,2.3822202442310476,1.8804488730641593,2.313292948404948,0.0,0.0
2924,1.9491504488063767,2.3821933699242863,1.8802436220962389,2.3132659912109377,0.0,0.0
2925,1.948934487928578,2.382043095341435,1.8800277124815634,2.313115776909722,0.0,0.0
2926,1.9487317655255587,2.3818931447723766,1.8798250541574484,2.312965901692708,0.0,0.0
2927,1.9485291136093341,2.3817622733410495,1.8796223958333333,2.3128350151909722,0.0,0.0
2928,1.9483110114187019,2.381624914098669,1.8794043256821533,2.3126976860894097,0.0,0.0
2929,1.9481100815237904,2.38158982641903,1.8792033957872418,2.312662590874566,0.0,0.0
2930,1.947904491221213,2.381364437150366,1.8789978567477876,2.312437269422743,0.0,0.0
2931,1.9476929890442993,2.3811849937909915,1.8787864122418878,2.3122578938802083,0.0,0.0
2932,1.9474886279225423,2.3811846923828126,1.8785820254885692,2.312257554796007,0.0,0.0
2933,1.947280176128297,2.3809413617922934,1.8783736057337759,2.3120142618815103,0.0,0.0
2934,1.9470739968668707,2.3808010901933834,1.8781674905512538,2.311874050564236,0.0,0.0
2935,1.946868339423211,2.380763828607253,1.8779618074760325,2.311836751302083,0.0,0.0
2936,1.9466636389667968,2.380555261682581,1.87775713265118,2.311628214518229,0.0,0.0
2937,1.946451586278377,2.3804853651258684,1.8775451120022124,2.311558363172743,0.0,0.0
2938,1.946251776630149,2.380319522810571,1.8773453343934365,2.311392550998264,0.0,0.0
2939,1.9460456358160654,2.3801613174250096,1.8771392192109144,2.311234368218316,0.0,0.0
2940,1.9458344473422475,2.380053959599248,1.8769280627765488,2.3111270480685766,0.0,0.0
2941,1.9456332485994734,2.3800099163290893,1.8767268448101033,2.311082967122396,0.0,0.0
2942,1.9454328371766159,2.37972297574267,1.8765264910582595,2.310796101888021,0.0,0.0
2943,1.9452175357444603,2.3797260802469133,1.876311157586652,2.310799153645833,0.0,0.0
2944,1.9450168170263975,2.37955728036386,1.8761105157632743,2.310630459255642,0.0,0.0
2945,1.9448144531817069,2.3794123444733795,1.8759081455106932,2.3104855007595484,0.0,0.0
2946,1.9446089077343625,2.3793038450641397,1.875702606471239,2.310376993815104,0.0,0.0
2947,1.9443988138756663,2.379152153862847,1.8754926023230087,2.310225423177083,0.0,0.0
2948,1.9442014784670385,2.3789858330620657,1.8752952733222714,2.310059102376302,0.0,0.0
2949,1.9439911670236032,2.378904283311632,1.8750849811025074,2.309977552625868,0.0,0.0
2950,1.94378773725753,2.3787122938368057,1.8748816025995576,2.309785630967882,0.0,0.0
2951,1.9435858503753731,2.378680156189718,1.8746796644542774,2.30975341796875,0.0,0.0
2952,1.9433752316367328,2.3785044578269674,1.8744690841629794,2.3095777723524304,0.0,0.0
2953,1.943176523011517,2.3783026123046875,1.8742704588403392,2.309376017252604,0.0,0.0
2954,1.9429718994497878,2.3782609652295523,1.8740657840154866,2.309334309895833,0.0,0.0
2955,1.942758092700603,2.3780801730685766,1.8738520349373156,2.309153578016493,0.0,0.0
2956,1.942567859899789,2.378056497456115,1.8736617636891593,2.309129842122396,0.0,0.0
2957,1.942358499035709,2.3777544525523244,1.873452479719764,2.308827887641059,0.0,0.0
2958,1.9421479443759726,2.377748386712722,1.873241899428466,2.308821784125434,0.0,0.0
2959,1.9419494118259761,2.377588964391638,1.873043418141593,2.3086624145507812,0.0,0.0
2960,1.9417491444388857,2.3773110170717593,1.8728432084255162,2.308384535047743,0.0,0.0
2961,1.9415403374320241,2.3773490472487464,1.8726343565634218,2.3084225124782987,0.0,0.0
2962,1.9413364371113075,2.3771529510874805,1.8724305459531712,2.3082265218098956,0.0,0.0
2963,1.9411390281537075,2.377104544933931,1.8722330729166667,2.308178032769097,0.0,0.0
2964,1.940925314177166,2.37682975863233,1.8720194678742625,2.307903374565972,0.0,0.0
2965,1.9407281099885243,2.3767470070167827,1.871822282909292,2.3078206380208335,0.0,0.0
2966,1.940523499242576,2.376661139594184,1.8716176080844396,2.3077346801757814,0.0,0.0
2967,1.9403179089399984,2.3765454515998745,1.8714120690449854,2.3076190524631075,0.0,0.0
2968,1.9401172543008398,2.3763747151692707,1.8712114272216076,2.307448323567708,0.0,0.0
2969,1.9399148520088068,2.3761939456139083,1.8710090569690265,2.307267591688368,0.0,0.0
2970,1.9397029625798252,2.3760884753568674,1.8707971803558259,2.307162136501736,0.0,0.0
2971,1.939512227184916,2.375938068907938,1.8706064770003688,2.30701175265842,0.0,0.0
2972,1.9393060991866131,2.3757908837589214,1.8704003618178466,2.3068645901150173,0.0,0.0
2973,1.9390982940222299,2.3757589005835262,1.870192518206121,2.306832546657986,0.0,0.0
2974,1.9389011954220126,2.3756060828691647,1.8699954772769174,2.3066797892252606,0.0,0.0
2975,1.9387007904070457,2.375323565447772,1.8697951235250738,2.3063973320855036,0.0,0.0
2976,1.9384911063698014,2.375361603159963,1.8695854074483775,2.306435309516059,0.0,0.0
2977,1.938294119765899,2.3751446382499037,1.869388510554941,2.306218465169271,0.0,0.0
2978,1.9380958401858066,2.3751030062451775,1.8691901733038347,2.3061767578125,0.0,0.0
2979,1.9378851765919332,2.374843508873457,1.8689795930125368,2.3059173583984376,0.0,0.0
2980,1.937689281540975,2.3747795990366996,1.868783704369469,2.3058534410264757,0.0,0.0
2981,1.937487106587284,2.3746711523738906,1.8685814781526549,2.305744934082031,0.0,0.0
2982,1.9372810457300629,2.374458957248264,1.8683755070058996,2.3055328369140624,0.0,0.0
2983,1.9370818250406838,2.374357209382234,1.8681763055401917,2.305431111653646,0.0,0.0
2984,1.9368858308091916,2.3742887746551893,1.867980272861357,2.3053626166449654,0.0,0.0
2985,1.9366743478559494,2.3741137544608413,1.8677688283554572,2.3051876491970487,0.0,0.0
2986,1.9364821336560278,2.3739383801118827,1.8675766846423303,2.3050123426649307,0.0,0.0
2987,1.9362782302731336,2.373875717351466,1.8673727299963128,2.3049496120876736,0.0,0.0
2988,1.9360710683929003,2.373721565905912,1.867165606563422,2.3047954983181422,0.0,0.0
2989,1.93587784594261,2.3734812493971837,1.8669724545999262,2.3045552571614585,0.0,0.0
2990,1.9356776810817662,2.3734574042426213,1.8667722448838495,2.3045313517252604,0.0,0.0
2991,1.9354665981963728,2.3732706404320987,1.8665612324852507,2.3043446858723957,0.0,0.0
2992,1.9352796525866374,2.3732759339132428,1.8663742740597344,2.3043499416775175,0.0,0.0
2993,1.9350742063198267,2.3729491584683644,1.8661688790560471,2.3040232340494793,0.0,0.0
2994,1.9348708790800002,2.3729648316936727,1.8659655005530973,2.304038831922743,0.0,0.0
2995,1.934671482315402,2.3728087851441937,1.8657661550516225,2.303882853190104,0.0,0.0
2996,1.9344773028778663,2.372613457573785,1.865571994837758,2.3036875406901043,0.0,0.0
2997,1.934269302414593,2.3725342814127606,1.8653640071902655,2.30360836452908,0.0,0.0
2998,1.9340727991811149,2.3723502830222802,1.8651675424041299,2.3034244113498263,0.0,0.0
2999,1.9338772562805946,2.3723059458791473,1.8649719418325958,2.3033799913194444,0.0,0.0
3000,1.933670030321457,2.3720428504472895,1.864764818399705,2.3031170315212672,0.0,0.0
3001,1.9334768591342901,2.3719741783613038,1.8645716664362095,2.303048366970486,0.0,0.0
3002,1.9332776961159248,2.371904711311246,1.8643724649705016,2.3029788547092016,0.0,0.0
3003,1.9330737030225644,2.3717595455970293,1.8641685103244838,2.302833726671007,0.0,0.0
3004,1.9328808199069316,2.3716203439971544,1.8639756464325221,2.3026945326063366,0.0,0.0
3005,1.9326813175539088,2.3714750313464505,1.8637761568952802,2.3025492350260417,0.0,0.0
3006,1.9324725392407869,2.3713237093701776,1.8635674490689529,2.3023980034722222,0.0,0.0
3007,1.9322870147650497,2.371252170138889,1.8633819310011062,2.302326456705729,0.0,0.0
3008,1.9320826216038407,2.3710683789665317,1.8631775442477876,2.3021426730685763,0.0,0.0
3009,1.9318802962064927,2.37106911741657,1.8629751739952065,2.302143351236979,0.0,0.0
3010,1.93168391778511,2.3708879861713927,1.8627788532448377,2.3019622802734374,0.0,0.0
3011,1.9314902888590806,2.370612604588638,1.8625852691740412,2.3016869439019096,0.0,0.0
3012,1.9312810497449182,2.370648954415027,1.862375985204646,2.3017232259114584,0.0,0.0
3013,1.9310872703752315,2.3704664592978397,1.8621822570980826,2.301540798611111,0.0,0.0
3014,1.9308920091383548,2.3704036269953224,1.8619869445980826,2.3014778984917537,0.0,0.0
3015,1.930686962939393,2.3701509263780385,1.861781981701696,2.301225280761719,0.0,0.0
3016,1.9304920697309131,2.370075804157022,1.861587101308997,2.301150173611111,0.0,0.0
3017,1.9302930635640954,2.369964991440008,1.861388043879056,2.301039293077257,0.0,0.0
3018,1.9300918742913895,2.369738679108796,1.8611869699483776,2.3008131239149305,0.0,0.0
3019,1.9298982774048121,2.369640845781491,1.8609933858775811,2.30071529812283,0.0,0.0
3020,1.9297025712448537,2.3695488371672453,1.8607976412702802,2.300623236762153,0.0,0.0
3021,1.9294958286561403,2.3693980614932966,1.8605909499446902,2.3004725138346354,0.0,0.0
3022,1.9293086685238434,2.369177419403453,1.860403847483407,2.300251939561632,0.0,0.0
3023,1.92910851007089,2.369123410825376,1.8602036377673303,2.3001978556315104,0.0,0.0
3024,1.9289036463550377,2.3689790702160494,1.859998818906711,2.3000535753038194,0.0,0.0
3025,1.9287142777688255,2.3689213166413485,1.8598094118731563,2.299995761447483,0.0,0.0
3026,1.9285203223239198,2.3686185935691553,1.859615539730826,2.299693128797743,0.0,0.0
3027,1.9283097292168412,2.3685458449375485,1.859404959439528,2.2996203952365453,0.0,0.0
3028,1.928124348776871,2.3684809103129822,1.8592195854074485,2.299555460611979,0.0,0.0
3029,1.9279269749209005,2.3682046659493152,1.859022256406711,2.299279276529948,0.0,0.0
3030,1.9277234203427316,2.368103249632282,1.858818733867994,2.2991778903537328,0.0,0.0
3031,1.9275298554956066,2.368070897231867,1.8586251497971977,2.2991455078125,0.0,0.0
3032,1.9273390944691353,2.3677766814055268,1.8584344464417404,2.2988513522677954,0.0,0.0
3033,1.9271330305497367,2.367804207507475,1.8582283312592183,2.2988788180881077,0.0,0.0
3034,1.9269392511800498,2.367585452986352,1.858034603152655,2.2986601087782117,0.0,0.0
3035,1.9267485478245925,2.3674588050371335,1.8578438997971976,2.298533460828993,0.0,0.0
3036,1.926544561139123,2.367330084906684,1.85763994515118,2.298404778374566,0.0,0.0
3037,1.926351953279243,2.3671832237714603,1.8574473693307523,2.2982579549153646,0.0,0.0
3038,1.9261581003605839,2.3671013650776427,1.8572534971884218,2.298176066080729,0.0,0.0
3039,1.9259568054994534,2.366896637339651,1.8570522792219764,2.297971428765191,0.0,0.0
3040,1.9257646297468747,2.3667452061029124,1.8568601355088497,2.2978200276692706,0.0,0.0
3041,1.925570815275558,2.36670916898751,1.8566662633665192,2.297783915201823,0.0,0.0
3042,1.9253665277027732,2.3665334781599636,1.8564620206489675,2.2976082695855036,0.0,0.0
3043,1.9251826996167878,2.3663976297260803,1.8562782310103245,2.2974724663628474,0.0,0.0
3044,1.9249819073497527,2.3662069023980035,1.85607744515118,2.297281731499566,0.0,0.0
3045,1.924782516993045,2.366124282648534,1.855878099649705,2.297199164496528,0.0,0.0
3046,1.924594838388694,2.3659991756486303,1.855690421045354,2.2970740424262153,0.0,0.0
3047,1.9244013791299932,2.365808580186632,1.8554969810103246,2.296883477105035,0.0,0.0
3048,1.924197693331838,2.365845525294174,1.8552933144358408,2.296920437282986,0.0,0.0
3049,1.9240135643585377,2.3656186101466052,1.8551092367256636,2.296693589952257,0.0,0.0
3050,1.923819784988851,2.36542086377556,1.8549155086191003,2.2964959038628474,0.0,0.0
3051,1.923617014668421,2.3654361753110535,1.8547127062592184,2.29651116265191,0.0,0.0
3052,1.9234277132232909,2.3652645610291283,1.8545234432614306,2.296339586046007,0.0,0.0
3053,1.923239125549105,2.365017138822579,1.8543349004424778,2.296092224121094,0.0,0.0
3054,1.923036191969237,2.3650670218762055,1.8541319540468288,2.296142069498698,0.0,0.0
3055,1.9228467336725592,2.3648378951461226,1.8539425470132744,2.2959130181206597,0.0,0.0
3056,1.9226592503670983,2.3648322060667435,1.8537550124446902,2.295907253689236,0.0,0.0
3057,1.9224543417960132,2.36457304024402,1.8535501935840708,2.295648193359375,0.0,0.0
3058,1.9222715091446152,2.364482783564815,1.8533674121957964,2.2955579969618056,0.0,0.0
3059,1.9220736424481526,2.3644279122058256,1.8531695070519911,2.2955030653211805,0.0,0.0
3060,1.9218779521661526,2.364203332971644,1.8529739064804571,2.2952785915798612,0.0,0.0
3061,1.921688007436873,2.3641681209611307,1.8527839233038348,2.295243326822917,0.0,0.0
3062,1.9214945225466105,2.3639642786096644,1.8525904832688054,2.295039537217882,0.0,0.0
3063,1.9212997028871028,2.363777507263937,1.8523957469118733,2.294852871365017,0.0,0.0
3064,1.9211106351882057,2.3637782607843847,1.8522066279498526,2.2948535495334204,0.0,0.0
3065,1.9209118401982368,2.363585461275077,1.8520078585914455,2.2946607801649304,0.0,0.0
3066,1.9207228011930788,2.363484346366223,1.8518188836651917,2.2945597330729166,0.0,0.0
3067,1.9205329684601138,2.363368048020351,1.8516290445243362,2.2944434271918404,0.0,0.0
3068,1.920334416686446,2.3631768911856192,1.851430563237463,2.2942523532443575,0.0,0.0
3069,1.9201458994990548,2.3631933819806137,1.8512420204185103,2.294268798828125,0.0,0.0
3070,1.9199524017930116,2.362884054301697,1.8510485803834809,2.293959554036458,0.0,0.0
3071,1.919759649897365,2.3628057107807674,1.8508558605272862,2.2938812255859373,0.0,0.0
3072,1.9195655153150621,2.3627755624276623,1.8506617003134218,2.293851047092014,0.0,0.0
3073,1.9193791937658056,2.3624913194444446,1.8504754620667405,2.29356689453125,0.0,0.0
3074,1.9191829050548888,2.3625188304759837,1.8502791413163717,2.2935943603515625,0.0,0.0
3075,1.9189918944042264,2.362337220745322,1.8500881498893806,2.293412780761719,0.0,0.0
3076,1.9187997058358666,2.3622276664074557,1.8498960061762537,2.2933032565646703,0.0,0.0
3077,1.918610574058065,2.362046749915606,1.849706887214233,2.2931223551432294,0.0,0.0
3078,1.918414896591846,2.361918131510417,1.849511286642699,2.292993842230903,0.0,0.0
3079,1.918225188670977,2.3618353798948686,1.8493215915376107,2.292911105685764,0.0,0.0
3080,1.9180367706641197,2.3616804108796297,1.8491331927544248,2.2927561442057294,0.0,0.0
3081,1.9178392719960535,2.3615393141758294,1.8489357197179204,2.2926150851779514,0.0,0.0
3082,1.9176475283507757,2.361438576027199,1.8487440081120945,2.292514377170139,0.0,0.0
3083,1.9174662001359515,2.361287035529996,1.8485626670814896,2.292362806532118,0.0,0.0
3084,1.9172683877647898,2.3612137330608602,1.8483649059734513,2.292289564344618,0.0,0.0
3085,1.917074045067816,2.3610288944950812,1.84817060172382,2.2921047634548612,0.0,0.0
3086,1.9168950534647158,2.3610255563994986,1.8479915652654868,2.2921013726128474,0.0,0.0
3087,1.916692743945326,2.3607479180230038,1.8477893390486726,2.2918238321940105,0.0,0.0
3088,1.9165062975839735,2.360707314573688,1.8476029567662242,2.2917833116319444,0.0,0.0
3089,1.9163188078706226,2.360604986496914,1.8474154221976402,2.291680908203125,0.0,0.0
3090,1.9161242634668678,2.3603317336094234,1.8472209739122418,2.2914077758789064,0.0,0.0
3091,1.9159343922865602,2.360312876760224,1.8470311347713864,2.2913889567057293,0.0,0.0
3092,1.9157483557466597,2.3602064872082367,1.846845040560472,2.291282484266493,0.0,0.0
3093,1.9155512315148806,2.3599802200882523,1.8466479996312684,2.2910563151041665,0.0,0.0
3094,1.915365956663335,2.3598838674286267,1.8464627696349558,2.290960015190972,0.0,0.0
3095,1.915176011934055,2.359870017722801,1.8462727864583333,2.290946112738715,0.0,0.0
3096,1.9149836344746953,2.3595776291835455,1.8460804987094395,2.290653822157118,0.0,0.0
3097,1.9147945155126747,2.3595676186644,1.8458913797474188,2.290643819173177,0.0,0.0
3098,1.914605409366435,2.3594532003520445,1.8457022607853983,2.2905293782552083,0.0,0.0
3099,1.9144172409837694,2.359308690200617,1.8455141500737464,2.2903849283854165,0.0,0.0
3100,1.914224162569246,2.359085659450955,1.8453211421460176,2.2901619805230036,0.0,0.0
3101,1.9140388269845088,2.3590997992621525,1.845135768113938,2.290176052517361,0.0,0.0
3102,1.9138434632213857,2.3588830491054207,1.8449404556139382,2.2899593777126737,0.0,0.0
3103,1.9136577562625392,2.3587019329306522,1.8447547935103246,2.289778306749132,0.0,0.0
3104,1.9134694951072297,2.358722941080729,1.8445665387629055,2.289799329969618,0.0,0.0
3105,1.91327875330443,2.358517086829668,1.8443758354074484,2.289593505859375,0.0,0.0
3106,1.9130895702635051,2.358313383879485,1.8441867164454278,2.289389885796441,0.0,0.0
3107,1.9129034888683716,2.358352570710359,1.8440006222345133,2.2894290500217016,0.0,0.0
3108,1.9127126286613665,2.358132497528453,1.8438097748432891,2.289208984375,0.0,0.0
3109,1.9125240089477287,2.3579508350513603,1.8436212320243364,2.2890274047851564,0.0,0.0
3110,1.912338778951416,2.35797524911386,1.8434360020280236,2.289051818847656,0.0,0.0
3111,1.9121451692490579,2.3577360026041667,1.843242417957227,2.2888125949435763,0.0,0.0
3112,1.9119569016858582,2.3577112343870565,1.8430541632098083,2.288787841796875,0.0,0.0
3113,1.9117724974568047,2.3575653905044365,1.8428697974280974,2.2886420355902777,0.0,0.0
3114,1.9115833400474416,2.357362565405575,1.8426806784660767,2.2884392632378474,0.0,0.0
3115,1.9113904441160279,2.3572759067865063,1.842487814574115,2.288352627224392,0.0,0.0
3116,1.911209391156957,2.3571992737569927,1.8423067616150441,2.2882759941948785,0.0,0.0
3117,1.9110146099447918,2.3570108672718946,1.842112025258112,2.288087632921007,0.0,0.0
3118,1.9108316396655176,2.356890786253376,1.8419290998340707,2.2879675971137154,0.0,0.0
3119,1.9106406482385265,2.3568038111557197,1.8417381084070796,2.287880622016059,0.0,0.0
3120,1.9104530752225999,2.3566289680386765,1.8415505738384956,2.287705824110243,0.0,0.0
3121,1.9102669681959048,2.3565389336480034,1.8413644796275812,2.2876157972547744,0.0,0.0
3122,1.9100772090119118,2.3564230610411845,1.8411747845224926,2.2875,0.0,0.0
3123,1.9098926479313105,2.3562514166184414,1.8409902747050146,2.287328423394097,0.0,0.0
3124,1.9097016565043194,2.356149706428434,1.8407992832780236,2.2872266981336806,0.0,0.0
3125,1.9095135650163388,2.3561690643687307,1.8406111725663716,2.2872460259331597,0.0,0.0
3126,1.9093283893453272,2.355844801914545,1.840426086605826,2.286921861436632,0.0,0.0
3127,1.9091444364472459,2.3557464448905283,1.840242152931416,2.286823527018229,0.0,0.0
3128,1.9089499945697381,2.3557590060763887,1.8400477046460177,2.2868360731336805,0.0,0.0
3129,1.908769584894817,2.3554852747034145,1.8398673718657816,2.28656243218316,0.0,0.0
3130,1.9085800146018244,2.3553553903838735,1.8396778207964601,2.286432562934028,0.0,0.0
3131,1.9083927873284456,2.35537949550299,1.83949057429941,2.2864566379123263,0.0,0.0
3132,1.9082081942083922,2.355083369502315,1.8393060644819321,2.286160617404514,0.0,0.0
3133,1.9080195009457819,2.3550314896195026,1.8391173776272123,2.2861087375217015,0.0,0.0
3134,1.9078335635864154,2.355032020851418,1.838931427452065,2.2861092461480035,0.0,0.0
3135,1.9076473668492542,2.354692299925251,1.8387453332411505,2.2857696533203127,0.0,0.0
3136,1.9074592240981503,2.3546203839337383,1.8385572225294986,2.285697767469618,0.0,0.0
3137,1.9072737380697555,2.354597880045573,1.8383717044616519,2.285675218370226,0.0,0.0
3138,1.9070878422199091,2.3543446481963737,1.8381858983222714,2.285422092013889,0.0,0.0
3139,1.9069017159695427,2.3542456130039544,1.837999804111357,2.285323079427083,0.0,0.0
3140,1.906717545486722,2.354249071662809,1.837815582365413,2.2853264702690974,0.0,0.0
3141,1.9065243358522126,2.354077766324267,1.8376224304019173,2.2851552327473956,0.0,0.0
3142,1.9063496876079702,2.3538591285988137,1.83744785905236,2.284936692979601,0.0,0.0
3143,1.906155559433558,2.353831892602238,1.8372536988384955,2.284909396701389,0.0,0.0
3144,1.9059692635158627,2.3536887237172066,1.8370674605918142,2.2847663031684027,0.0,0.0
3145,1.9057895932434477,2.353485212914738,1.836887847990413,2.2845628526475696,0.0,0.0
3146,1.9056006503566463,2.3534708470474053,1.8366988730641594,2.2845484415690103,0.0,0.0
3147,1.9054133397806918,2.3533015686788676,1.836511626567109,2.2843792385525172,0.0,0.0
3148,1.9052315089717726,2.353074815538194,1.8363298534292036,2.284152560763889,0.0,0.0
3149,1.9050428413407239,2.3530935103804977,1.8361411665744838,2.284171210394965,0.0,0.0
3150,1.9048554187684548,2.3529073079427083,1.8359537760416667,2.283985053168403,0.0,0.0
3151,1.90467141460725,2.352728365674431,1.8357698423672566,2.2838061862521704,0.0,0.0
3152,1.904483880038666,2.3526437717013886,1.8355823077986726,2.2837215847439234,0.0,0.0
3153,1.904296863942136,2.3524819607204863,1.8353953493731563,2.2835598415798612,0.0,0.0
3154,1.9041085323000322,2.352290958357446,1.8352070946257375,2.283368937174479,0.0,0.0
3155,1.9039304049115335,2.352266951195988,1.835028922382006,2.2833448621961807,0.0,0.0
3156,1.9037336007907406,2.3520666616934314,1.8348321695243364,2.2831446329752603,0.0,0.0
3157,1.9035546186577081,2.351872430495274,1.8346532771017698,2.282950507269965,0.0,0.0
3158,1.9033685628941364,2.351842489360291,1.8344671828908554,2.282920498318142,0.0,0.0
3159,1.9031778210913366,2.3516695036711517,1.8342764795353983,2.282747565375434,0.0,0.0
3160,1.9029964287976084,2.351556697892554,1.8340951385047934,2.282634819878472,0.0,0.0
3161,1.902811185985515,2.3514149606963737,1.833909908508481,2.282493082682292,0.0,0.0
3162,1.902623625785369,2.3512860860942326,1.8337223739398967,2.282364230685764,0.0,0.0
3163,1.902434468376006,2.351135148413387,1.833533254977876,2.282213338216146,0.0,0.0
3164,1.902256984271657,2.3509947298779896,1.8333558029129793,2.2820729573567706,0.0,0.0
3165,1.9020662616925288,2.350867889781057,1.8331650995575222,2.2819461398654513,0.0,0.0
3166,1.9018795144438614,2.3507569263599537,1.8329784292035398,2.281835259331597,0.0,0.0
3167,1.9016993128836115,2.350618911554784,1.8327982404590708,2.281697252061632,0.0,0.0
3168,1.9015146333988049,2.350408310124904,1.832613586605826,2.2814866807725696,0.0,0.0
3169,1.9013228705298557,2.350356207953559,1.832421875,2.2814346313476563,0.0,0.0
3170,1.9011451368013155,2.3501922758125966,1.8322441348635694,2.2812706841362846,0.0,0.0
3171,1.9009554096567747,2.3500549090350114,1.8320544397584808,2.281133355034722,0.0,0.0
3172,1.9007721192665146,2.3499140986689815,1.8318712262629055,2.280992635091146,0.0,0.0
3173,1.9005902085007322,2.3498184995298033,1.831689309089233,2.280897013346354,0.0,0.0
3174,1.9004020657496283,2.349642130533854,1.831501198377581,2.280720689561632,0.0,0.0
3175,1.900217949592109,2.349547495900849,1.8313171206674042,2.2806260850694446,0.0,0.0
3176,1.9000319866011806,2.34942185766903,1.8311311704922566,2.28050045437283,0.0,0.0
3177,1.899855491523529,2.3492503903235917,1.8309547266777286,2.280329047309028,0.0,0.0
3178,1.8996595772488996,2.3491265869140623,1.8307588380346607,2.2802052815755207,0.0,0.0
3179,1.8994831206185907,2.3490252082730514,1.8305823942201327,2.2801038953993054,0.0,0.0
3180,1.8993002879671932,2.3488450792100695,1.8303996128318585,2.279923841688368,0.0,0.0
3181,1.8991088131697775,2.3487329591350794,1.8302081892975663,2.279811774359809,0.0,0.0
3182,1.8989298438525264,2.3485314602322047,1.830029296875,2.279610358344184,0.0,0.0
3183,1.8987502825142484,2.3485323832947533,1.8298496842735987,2.2796112060546876,0.0,0.0
3184,1.8985586764968467,2.3483843202944152,1.8296581167035397,2.279463195800781,0.0,0.0
3185,1.8983785805250215,2.34821371572989,1.8294780719948378,2.2792926364474826,0.0,0.0
3186,1.898199688102455,2.348145228256414,1.8292991795722713,2.279224141438802,0.0,0.0
3187,1.8980103802494346,2.347984619140625,1.8291099165744837,2.2790635850694443,0.0,0.0
3188,1.8978268466428734,2.3478550588348766,1.8289264150073747,2.278934054904514,0.0,0.0
3189,1.8976493817621956,2.347720427336516,1.8287489629424778,2.2787994384765624,0.0,0.0
3190,1.897465710527758,2.347617485140577,1.8285653173396017,2.278696526421441,0.0,0.0
3191,1.8972726321132347,2.3474676890432096,1.8283723094118731,2.2785468207465276,0.0,0.0
3192,1.8971030315287263,2.347251948603877,1.8282027793141593,2.2783311631944443,0.0,0.0
3193,1.8969158106632376,2.3472598002869405,1.828015532817109,2.2783389621310763,0.0,0.0
3194,1.8967302541480486,2.347085134247203,1.8278300147492625,2.278164333767361,0.0,0.0
3195,1.896550734319291,2.346886370623553,1.8276505461836283,2.277965630425347,0.0,0.0
3196,1.8963669831279906,2.3468772680965473,1.8274667565449854,2.27795647515191,0.0,0.0
3197,1.8961857156463582,2.346729005413291,1.8272855595501476,2.2778082953559027,0.0,0.0
3198,1.89600245729555,2.3464731136369115,1.8271023460545723,2.277552456325955,0.0,0.0
3199,1.8958205144903157,2.3464247790678048,1.8269204288808998,2.277504136827257,0.0,0.0
3200,1.8956383412845614,2.3464187207634066,1.8267382236356933,2.277498033311632,0.0,0.0
3201,1.8954549996311778,2.3461167700496723,1.826555010140118,2.277196248372396,0.0,0.0
3202,1.8952749356988043,2.345999770929784,1.8263749654314159,2.2770792643229165,0.0,0.0
3203,1.895091427723805,2.3459712878568673,1.8261914638643069,2.27705078125,0.0,0.0
3204,1.894908431812969,2.345712830343364,1.8260085384402656,2.2767923990885417,0.0,0.0
3205,1.8947339117265347,2.345724935649354,1.825833967090708,2.276804436577691,0.0,0.0
3206,1.8945437460668029,2.345565697940779,1.8256438398783186,2.276645236545139,0.0,0.0
3207,1.8943653528926192,2.3453475763768323,1.82546552359882,2.2764272054036456,0.0,0.0
3208,1.8941844439693154,2.345256871352961,1.8252846146755162,2.276336500379774,0.0,0.0
3209,1.8940039287059698,2.345187830041956,1.8251041378595132,2.276267496744792,0.0,0.0
3210,1.8938226068990365,2.3450629151897666,1.8249227968289086,2.27614254421658,0.0,0.0
3211,1.8936420595962389,2.344885483729987,1.8247423200129056,2.2759652031792537,0.0,0.0
3212,1.8934615571486744,2.3447737178096064,1.8245618431969026,2.275853474934896,0.0,0.0
3213,1.8932748227157878,2.344612245912905,1.8243751728429203,2.2756920708550346,0.0,0.0
3214,1.893104617294472,2.344614355770158,1.8242049225663717,2.275694105360243,0.0,0.0
3215,1.892917325942189,2.344385767807195,1.8240176760693216,2.275465562608507,0.0,0.0
3216,1.892735194245955,2.344238168221933,1.823835614859882,2.275318060980903,0.0,0.0
3217,1.8925585999877694,2.344110680097415,1.823659027009587,2.2751905653211804,0.0,0.0
3218,1.8923790130179299,2.344146999782986,1.8234794144081858,2.275226847330729,0.0,0.0
3219,1.8921952905203687,2.3438393524546686,1.8232957688053097,2.2749192979600696,0.0,0.0
3220,1.8920146440370373,2.3437884596836422,1.82311514795354,2.274868435329861,0.0,0.0
3221,1.8918391764334257,2.343634492850598,1.8229397123893805,2.2747144911024306,0.0,0.0
3222,1.8916575537391775,2.3435278734748746,1.8227580832872419,2.274607849121094,0.0,0.0
3223,1.89147411290526,2.343398576901283,1.8225747257558997,2.2744786580403646,0.0,0.0
3224,1.8912995223320312,2.343244440526138,1.8224001544063422,2.2743245442708333,0.0,0.0
3225,1.8911142602962663,2.3431135238835843,1.8222149244100294,2.2741936577690973,0.0,0.0
3226,1.8909333257414007,2.343007367922936,1.8220340154867256,2.2740875244140626,0.0,0.0
3227,1.8907617919587303,2.3429782217520256,1.8218624688882743,2.274058363172743,0.0,0.0
3228,1.8905772180623484,2.34269484154972,1.8216779590707965,2.2737750583224825,0.0,0.0
3229,1.8903918055829263,2.3426525954258293,1.821492585038717,2.2737328423394096,0.0,0.0
3230,1.890218498515819,2.3424925100067515,1.8213193100110618,2.273572794596354,0.0,0.0
3231,1.8900394556495954,2.3423826467255013,1.8211402735527287,2.273462931315104,0.0,0.0
3232,1.8898536302865436,2.342225628134645,1.820954467413348,2.2733059353298612,0.0,0.0
3233,1.8896754067796886,2.342160817840953,1.8207762951696165,2.273241170247396,0.0,0.0
3234,1.889500758535446,2.341875203450521,1.820601723820059,2.2729556613498265,0.0,0.0
3235,1.8893168504925977,2.3419217031973383,1.8204177901456489,2.273002115885417,0.0,0.0
3236,1.8891354581988697,2.3417522778923128,1.8202364491150442,2.272832743326823,0.0,0.0
3237,1.8889641420009387,2.341467872902199,1.8200651905881269,2.2725484212239584,0.0,0.0
3238,1.8887744212642883,2.341434296031057,1.8198754954830383,2.2725148518880207,0.0,0.0
3239,1.8885998947699636,2.3414068904923804,1.8197009241334807,2.2724873860677084,0.0,0.0
3240,1.888423492464956,2.341143463511526,1.8195246243547198,2.2722240871853296,0.0,0.0
3241,1.8882404101893668,2.3410273271725504,1.8193415548949115,2.272107950846354,0.0,0.0
3242,1.888057027026463,2.3409511726285204,1.8191581973635693,2.2720318264431425,0.0,0.0
3243,1.8878876281487353,2.340840454101562,1.8189888113016224,2.2719211154513888,0.0,0.0
3244,1.8877046514615705,2.340621021412037,1.818805885877581,2.2717017279730904,0.0,0.0
3245,1.8875219884775016,2.3405396035276813,1.8186232485250737,2.271620347764757,0.0,0.0
3246,1.8873465080581093,2.3403730679735726,1.8184478129609145,2.271453857421875,0.0,0.0
3247,1.8871693248410752,2.3403320237147955,1.8182706489675515,2.271412828233507,0.0,0.0
3248,1.8869904131948376,2.340192136411314,1.8180917565449852,2.271272956000434,0.0,0.0
3249,1.8868048246401965,2.3399619924286266,1.8179062384771387,2.271042887369792,0.0,0.0
3250,1.8866362963849608,2.3398897524233218,1.8177377166297934,2.270970662434896,0.0,0.0
3251,1.8864542415834118,2.3398655229733314,1.817555655420354,2.2709464179144967,0.0,0.0
3252,1.8862745777188872,2.339562675570264,1.8173760428189527,2.270643615722656,0.0,0.0
3253,1.8860920459548043,2.339533469117718,1.8171935495022125,2.2706144544813367,0.0,0.0
3254,1.8859263791912368,2.339352198471258,1.8170279083702066,2.2704332139756946,0.0,0.0
3255,1.8857368281219153,2.339307292420187,1.816838357300885,2.2703882853190103,0.0,0.0
3256,1.885562768836521,2.339122917269483,1.8166643620943952,2.2702039930555555,0.0,0.0
3257,1.8853891672899898,2.338990290135513,1.8164907989952064,2.2700714111328124,0.0,0.0
3258,1.8852057584955244,2.3388010208695023,1.8163074414638642,2.2698822021484375,0.0,0.0
3259,1.885025044871111,2.338824832115644,1.8161266765763275,2.269905938042535,0.0,0.0
3260,1.884857316751573,2.3386328275704087,1.8159590189435841,2.2697140163845484,0.0,0.0
3261,1.8846740519928744,2.338435766902971,1.8157758054480089,2.269517008463542,0.0,0.0
3262,1.8844873688231112,2.3383564136646413,1.8155891350940265,2.2694376627604167,0.0,0.0
3263,1.8843226910862412,2.3381695255232446,1.8154245022123894,2.2692508273654513,0.0,0.0
3264,1.8841423326744435,2.338099489565249,1.8152441694321535,2.2691808064778645,0.0,0.0
3265,1.8839626144846178,2.338087173273534,1.8150644127949853,2.269168429904514,0.0,0.0
3266,1.8837859433317474,2.3378769975827063,1.8148878249446903,2.2689583672417535,0.0,0.0
3267,1.8836147775774734,2.3376543360580633,1.8147167104535398,2.2687357584635417,0.0,0.0
3268,1.8834298164290235,2.337610070499373,1.814531768528761,2.2686915079752605,0.0,0.0
3269,1.883255677186767,2.3374468014564043,1.8143576292865045,2.2685282389322916,0.0,0.0
3270,1.8830822260838929,2.3373484519675927,1.8141842102230825,2.268429904513889,0.0,0.0
3271,1.8829014355647944,2.3372297423562887,1.8140034453355458,2.2683112250434028,0.0,0.0
3272,1.8827239001973222,2.3370141563886477,1.8138259932706489,2.2680957370334203,0.0,0.0
3273,1.882545647996728,2.3370428994261188,1.8136476769911505,2.2681243896484373,0.0,0.0
3274,1.882377375773574,2.3368856886875484,1.8134794432153392,2.2679672241210938,0.0,0.0
3275,1.88219463589482,2.3366348078221453,1.8132968058628318,2.267716471354167,0.0,0.0
3276,1.882016745314732,2.336624296211902,1.8131189216906343,2.2677059597439237,0.0,0.0
3277,1.8818452051241712,2.336471391842689,1.812947375092183,2.267553032769097,0.0,0.0
3278,1.8816705440641477,2.336313265576775,1.8127728037426254,2.26739501953125,0.0,0.0
3279,1.8814842130448226,2.3362970648871526,1.812586421460177,2.267378743489583,0.0,0.0
3280,1.8813182389860499,2.3361417191116898,1.8124204922566372,2.267223442925347,0.0,0.0
3281,1.8811395769640038,2.3358836006823878,1.8122418879056048,2.26696539984809,0.0,0.0
3282,1.8809605148741086,2.335863579644097,1.8120628514472714,2.266945393880208,0.0,0.0
3283,1.880787646322193,2.3357428505979936,1.8118900085269174,2.2668246799045138,0.0,0.0
3284,1.880614470475072,2.3355676533263408,1.8117168775350294,2.2666495429144966,0.0,0.0
3285,1.880433123036577,2.335491706000434,1.8115355365044248,2.2665735880533853,0.0,0.0
3286,1.880258337164458,2.335299192828897,1.8113608211191004,2.2663811577690973,0.0,0.0
3287,1.880084223553763,2.3352817676685476,1.8111866818768436,2.2663636949327257,0.0,0.0
3288,1.8799089063938088,2.335113220214844,1.8110113903484513,2.2661951700846354,0.0,0.0
3289,1.8797335443786218,2.334944280930507,1.810836098820059,2.2660263061523436,0.0,0.0
3290,1.8795536052583444,2.334831151138117,1.8106561981471239,2.2659132215711804,0.0,0.0
3291,1.879388421865201,2.334837978033372,1.8104909891224188,2.2659200032552085,0.0,0.0
3292,1.879207304827226,2.334570519718123,1.8103099361633481,2.265652635362413,0.0,0.0
3293,1.879029238171919,2.3344479181737077,1.8101319079553835,2.265530056423611,0.0,0.0
3294,1.8788588182280415,2.334413301444348,1.8099615136430678,2.2654954698350696,0.0,0.0
3295,1.8786864202307694,2.334251580885899,1.8097891028300148,2.265333726671007,0.0,0.0
3296,1.8785053096006847,2.3341377578546973,1.809608049870944,2.265219963921441,0.0,0.0
3297,1.8783321657930159,2.3339992268880208,1.809434918879056,2.2650814480251737,0.0,0.0
3298,1.8781638423067388,2.3338141509633004,1.8092666851032448,2.264896477593316,0.0,0.0
3299,1.877981662693094,2.333804871358989,1.8090844798580383,2.264887152777778,0.0,0.0
3300,1.8778102088672863,2.333589500144676,1.8089130772953539,2.2646718343098957,0.0,0.0
3301,1.8776310091495148,2.3334838452751256,1.8087338968012536,2.2645662095811634,0.0,0.0
3302,1.877463300253648,2.3333466329692323,1.8085662391685102,2.2644290500217013,0.0,0.0
3303,1.8772814023036468,2.3332286768783757,1.8083843219948377,2.264311048719618,0.0,0.0
3304,1.877107086986171,2.333096727912809,1.808210038716814,2.264179144965278,0.0,0.0
3305,1.8769341992105844,2.3329213761694634,1.8080371957964603,2.2640038384331596,0.0,0.0
3306,1.8767607096603678,2.3327604053638598,1.8078637767330383,2.2638429429796005,0.0,0.0
3307,1.876576343878657,2.3326778383608215,1.8076794109513274,2.2637603759765623,0.0,0.0
3308,1.876410139419364,2.332652776270737,1.8075131936762536,2.26373528374566,0.0,0.0
3309,1.8762375461232013,2.33236486364294,1.8073406388274336,2.2634474012586807,0.0,0.0
3310,1.876054876731242,2.3323014096860533,1.8071580014749262,2.263383992513021,0.0,0.0
3311,1.8758817008841209,2.3321455552842885,1.8069848704830382,2.2632281833224828,0.0,0.0
3312,1.8757117514948871,2.3320484378014084,1.8068149082780236,2.263131035698785,0.0,0.0
3313,1.8755331151044028,2.3319297206549,1.8066363039269913,2.2630123562282987,0.0,0.0
3314,1.8753563319552171,2.3317708069601175,1.806459572040929,2.262853495279948,0.0,0.0
3315,1.8751835882153973,2.33150203751929,1.8062868731563422,2.262584771050347,0.0,0.0
3316,1.8750123425042609,2.3315688521773725,1.8061156146294248,2.262651570638021,0.0,0.0
3317,1.874837851111566,2.3312535980601368,1.8059411873156341,2.2623363918728296,0.0,0.0
3318,1.8746560523420988,2.3312230578763984,1.8057594141777287,2.2623058742947046,0.0,0.0
3319,1.874482895718649,2.3310465419439623,1.8055862831858407,2.262129380967882,0.0,0.0
3320,1.8743157950053024,2.330947514286748,1.8054192016961652,2.2620303683810765,0.0,0.0
3321,1.8741301264937984,2.330776615849248,1.8052335395925516,2.2618594699435763,0.0,0.0
3322,1.8739614221633436,2.330700114685812,1.8050648737094395,2.261783006456163,0.0,0.0
3323,1.8737880830567846,2.3303984164014273,1.8048915986817846,2.2614813910590277,0.0,0.0
3324,1.8736145584049384,2.330520392523871,1.8047180355825958,2.261603291829427,0.0,0.0
3325,1.8734333165548676,2.3302956889588153,1.804536838587758,2.261378648546007,0.0,0.0
3326,1.8732678865997106,2.330074854721258,1.804371485527286,2.261157904730903,0.0,0.0
3327,1.8730875474115845,2.330017040864921,1.8041911527470502,2.261100090874566,0.0,0.0
3328,1.872917546759227,2.329862881884163,1.8040211905420354,2.2609459771050346,0.0,0.0
3329,1.8727380589699214,2.329733837739921,1.8038417219764011,2.260816955566406,0.0,0.0
3330,1.8725733140919696,2.3297537419825427,1.8036769450589971,2.2608367919921877,0.0,0.0
3331,1.8723968126064277,2.3295136025511187,1.803500501244469,2.2605967203776043,0.0,0.0
3332,1.8722162909351918,2.329395548502604,1.8033200244284662,2.260478719075521,0.0,0.0
3333,1.8720464727659438,2.329305359640239,1.8031502062592182,2.2603885226779514,0.0,0.0
3334,1.8718767537772303,2.3291439103491514,1.8029805321257375,2.2602271185980904,0.0,0.0
3335,1.871700101848031,2.329039728612076,1.8028039442754424,2.260123019748264,0.0,0.0
3336,1.8715271212998006,2.3289848120418597,1.8026309573193215,2.260068088107639,0.0,0.0
3337,1.8713533629017216,2.32872774100598,1.8024572501843659,2.259811062282986,0.0,0.0
3338,1.871185593272663,2.3287684763213736,1.8022894485158554,2.259851752387153,0.0,0.0
3339,1.8710099688175041,2.3284927556544175,1.8021138689159293,2.2595760769314235,0.0,0.0
3340,1.8708331984840996,2.328476611478829,1.8019371370298674,2.259559970431858,0.0,0.0
3341,1.8706590400181717,2.3282858540099345,1.8017629977876106,2.2593692355685766,0.0,0.0
3342,1.8704965612651485,2.3282424663025654,1.8016005254424778,2.2593258327907986,0.0,0.0
3343,1.8703116065245888,2.328040010428723,1.801415583517699,2.2591233995225695,0.0,0.0
3344,1.8701440416644892,2.3279628160264756,1.8012480699207227,2.2590462578667534,0.0,0.0
3345,1.8699672585153038,2.327747260199653,1.8010713380346608,2.258830769856771,0.0,0.0
3346,1.8698019054548318,2.3277755888008778,1.8009059849741889,2.258859083387587,0.0,0.0
3347,1.869624683790455,2.3275013714072146,1.8007288209808259,2.2585849338107638,0.0,0.0
3348,1.869449072151077,2.3274420166015624,1.8005532413808998,2.258525594075521,0.0,0.0
3349,1.8692743311341906,2.3273439835913385,1.8003785259955751,2.2584275987413194,0.0,0.0
3350,1.869110930495552,2.3271230024172938,1.8002151894358407,2.2582066853841147,0.0,0.0
3351,1.868930642570549,2.3271747805748455,1.8000348566556048,2.2582583957248263,0.0,0.0
3352,1.868756903396141,2.326983838493441,1.799861149520649,2.2580674913194443,0.0,0.0
3353,1.8685857248260864,2.3267525077160496,1.7996900350294984,2.2578362358940973,0.0,0.0
3354,1.8684154361021952,2.3267002586082177,1.7995197847529498,2.2577840169270833,0.0,0.0
3355,1.8682405766811037,2.326625166528019,1.7993449253318583,2.2577089097764755,0.0,0.0
3356,1.868066779835682,2.326432615680459,1.7991712181969026,2.2575164794921876,0.0,0.0
3357,1.8678950763856832,2.326381568437741,1.7989995275626844,2.2574654473198783,0.0,0.0
3358,1.8677320278974825,2.326304441852334,1.7988364790744837,2.2573883056640627,0.0,0.0
3359,1.8675484942909213,2.3261152102623455,1.7986529775073747,2.2571990966796873,0.0,0.0
3360,1.8673822449763955,2.32607415093316,1.798486760232301,2.2571580674913196,0.0,0.0
3361,1.8672112296657788,2.3257819696120277,1.7983157897769173,2.256865946451823,0.0,0.0
3362,1.8670404160619432,2.3258854279694736,1.7981449633573008,2.2569693671332467,0.0,0.0
3363,1.8668639530237439,2.325712649498457,1.7979685195427728,2.256796603732639,0.0,0.0
3364,1.866700696420872,2.3254918303313077,1.7978053270188052,2.2565758599175347,0.0,0.0
3365,1.8665216343309774,2.325421624831211,1.797626290560472,2.256505669487847,0.0,0.0
3366,1.8663520465622496,2.325298122829861,1.797456760462758,2.2563822428385416,0.0,0.0
3367,1.8661807816274418,2.325206570095486,1.7972855019358407,2.2562906901041666,0.0,0.0
3368,1.8660145323129158,2.325107866452064,1.7971192846607669,2.2561920166015623,0.0,0.0
3369,1.8658403994785497,2.325048210238233,1.7969451454185104,2.256132337782118,0.0,0.0
3370,1.8656675052950724,2.3249199761284722,1.7967723024981563,2.256004163953993,0.0,0.0
3371,1.8655065917118145,2.324800433877074,1.7966114145464602,2.2558846367730037,0.0,0.0
3372,1.8653316682118188,2.3246581127025463,1.7964365551253687,2.255742390950521,0.0,0.0
3373,1.8651579931163154,2.3246649471330056,1.796262847990413,2.2557491726345487,0.0,0.0
3374,1.864998619071261,2.3244953221450615,1.7961035444321534,2.255579630533854,0.0,0.0
3375,1.8648238780543749,2.3243991691683545,1.795928829046829,2.2554835001627604,0.0,0.0
3376,1.8646557434590978,2.3243392755955825,1.7957607393067847,2.255423651801215,0.0,0.0
3377,1.864485781254083,2.3242239945023146,1.7955907771017698,2.255308363172743,0.0,0.0
3378,1.8643212603687607,2.324138677149643,1.7954262882558998,2.2552230834960936,0.0,0.0
3379,1.8641440643359455,2.324005047833478,1.7952491242625368,2.2550894843207465,0.0,0.0
3380,1.863981521504018,2.3238735698181903,1.795086651917404,2.254958089192708,0.0,0.0
3381,1.863809254726732,2.3238232233494887,1.794914385140118,2.254907735188802,0.0,0.0
3382,1.8636452651292448,2.3236359584478685,1.7947504724373156,2.2547205607096354,0.0,0.0
3383,1.8634691478335932,2.323698071138358,1.7945743166943215,2.2547826131184894,0.0,0.0
3384,1.8633119343250435,2.3235174334490742,1.7944171736725665,2.25460205078125,0.0,0.0
3385,1.8631367291614043,2.3233501895857445,1.794242026179941,2.2544348822699654,0.0,0.0
3386,1.8629629963948868,2.323298972800926,1.7940683190449853,2.2543836805555557,0.0,0.0
3387,1.8628066055914185,2.3233176827136384,1.7939118962020648,2.254402330186632,0.0,0.0
3388,1.8626319637550666,2.3230575222439236,1.7937373248525075,2.254142252604167,0.0,0.0
3389,1.862459677754109,2.322992565013744,1.7935650580752212,2.2540773179796005,0.0,0.0
3390,1.8622984376519747,2.3228724689248166,1.793403882051991,2.253957282172309,0.0,0.0
3391,1.8621294644736575,2.3227561329029225,1.7932349280973452,2.2538409762912326,0.0,0.0
3392,1.8619655774024169,2.322859090169271,1.7930710153945428,2.2539438883463543,0.0,0.0
3393,1.8617894823926142,2.322526689694252,1.7928950036873157,2.253611585828993,0.0,0.0
3394,1.8616318752241061,2.3224971592279124,1.7927374285582596,2.253582085503472,0.0,0.0
3395,1.8614583984896704,2.3223300924418884,1.7925640094948379,2.253415086534288,0.0,0.0
3396,1.8612920307709395,2.322329244731385,1.7923976481839972,2.2534142388237846,0.0,0.0
3397,1.8611200264336254,2.3222080070589795,1.7922256694782448,2.253293016221788,0.0,0.0
3398,1.8609631330360616,2.32205350899402,1.7920688145280237,2.2531385633680556,0.0,0.0
3399,1.860784797532892,2.322017550998264,1.791890498248525,2.2531026204427085,0.0,0.0
3400,1.860625750006714,2.3219202036916475,1.7917314827617994,2.2530053032769097,0.0,0.0
3401,1.8604591998048736,2.321728059745129,1.7915649774151918,2.252813212076823,0.0,0.0
3402,1.8602895256713927,2.321791314019097,1.791395303281711,2.252876451280382,0.0,0.0
3403,1.8601255809291382,2.321626820505401,1.7912313905789086,2.2527119954427084,0.0,0.0
3404,1.8599604646770769,2.3214424679603107,1.7910663255899706,2.2525277031792537,0.0,0.0
3405,1.85978529796078,2.3213914357880014,1.790891178097345,2.2524766710069444,0.0,0.0
3406,1.8596292880014895,2.3213636007426697,1.7907351873617257,2.2524488661024304,0.0,0.0
3407,1.859459562604885,2.321091101375627,1.7905655132282448,2.2521764119466146,0.0,0.0
3408,1.8592912040169782,2.321197441948785,1.7903971354166666,2.25228271484375,0.0,0.0
3409,1.8591288180365988,2.3209349229600695,1.7902348071073009,2.252020263671875,0.0,0.0
3410,1.8589651293264262,2.3209060254509066,1.7900711824760325,2.251991441514757,0.0,0.0
3411,1.8587869378590234,2.3207293399763693,1.789893010232301,2.251814778645833,0.0,0.0
3412,1.858636558110425,2.320751395519869,1.789742636891593,2.2518368191189237,0.0,0.0
3413,1.8584608088431702,2.3205374032479744,1.7895669132558998,2.251622856987847,0.0,0.0
3414,1.8582971649882303,2.320514330451871,1.7894032886246312,2.2515997992621526,0.0,0.0
3415,1.858129155205049,2.320327257697965,1.789235342920354,2.251412794325087,0.0,0.0
3416,1.8579673709992988,2.320224307966821,1.789073590754056,2.251309882269965,0.0,0.0
3417,1.8577969510554215,2.320129349320023,1.7889031964417403,2.2512149386935763,0.0,0.0
3418,1.8576361815079305,2.3200506591796874,1.788742452525811,2.2511362711588543,0.0,0.0
3419,1.8574734146833736,2.3200509982638886,1.7885796921091446,2.2511366102430554,0.0,0.0
3420,1.8573080103597783,2.31985732090326,1.7884143390486726,2.2509429931640623,0.0,0.0
3421,1.8571368638291756,2.319779640480324,1.7882432245575222,2.2508653428819443,0.0,0.0
3422,1.8569801272831599,2.3196819465543017,1.788086513643068,2.2507676866319444,0.0,0.0
3423,1.8568116054358146,2.3196090660566164,1.7879179917957226,2.2506947835286457,0.0,0.0
3424,1.8566473662141358,2.3195022168571566,1.7877537910213865,2.250587972005208,0.0,0.0
3425,1.8564862957793302,2.319385873300058,1.7875927590339233,2.250471666124132,0.0,0.0
3426,1.8563223318134043,2.3192403308256173,1.787428846331121,2.2503261990017362,0.0,0.0
3427,1.856144578861193,2.3191803204571757,1.7872511061946903,2.25026618109809,0.0,0.0
3428,1.855999640432287,2.3190183700749905,1.7871062062131269,2.2501042683919272,0.0,0.0
3429,1.855824611343867,2.3189798538773148,1.7869312027562685,2.2500657823350694,0.0,0.0
3430,1.8556660279644421,2.3190205439814813,1.7867726193768436,2.250106472439236,0.0,0.0
3431,1.8555005980092851,2.3187576783733603,1.7866072663163717,2.2498436821831596,0.0,0.0
3432,1.8553381128483715,2.318699679904514,1.786444793971239,2.2497856987847222,0.0,0.0
3433,1.8551705800277238,2.318633543414834,1.7862772803742626,2.2497195773654513,0.0,0.0
3434,1.855009634405014,2.3184954909336417,1.7861163924225665,2.249581570095486,0.0,0.0
3435,1.854848013458702,2.318383917160976,1.7859547842920354,2.249470011393229,0.0,0.0
3436,1.8546878777252929,2.3185053545163,1.785794616519174,2.2495914035373263,0.0,0.0
3437,1.854520293641522,2.318180775583526,1.7856271029221977,2.2492668999565972,0.0,0.0
3438,1.8543613965590013,2.3181715901692708,1.785468231471239,2.2492577446831596,0.0,0.0
3439,1.8541947087292843,2.3179609887393906,1.7853015820888642,2.2490471733940973,0.0,0.0
3440,1.8540330621514107,2.3179487214265047,1.7851399739583333,2.249034966362847,0.0,0.0
3441,1.8538695687401283,2.3178234298140916,1.7849764933628318,2.248909674750434,0.0,0.0
3442,1.8537154632852604,2.317855503411941,1.784822375092183,2.2489417182074654,0.0,0.0
3443,1.8535394067228004,2.3176509753568673,1.7846463633849559,2.248737250434028,0.0,0.0
3444,1.8533918948737602,2.3175878981602045,1.784498870759587,2.2486741807725696,0.0,0.0
3445,1.853220447455843,2.3174452680422934,1.7843274681969026,2.2485315958658854,0.0,0.0
3446,1.85305363481403,2.3173438592604647,1.784160674778761,2.24843020968967,0.0,0.0
3447,1.8529049706788543,2.317337917751736,1.7840120298672566,2.248424275716146,0.0,0.0
3448,1.8527321085348292,2.3171581955897955,1.7838391869469026,2.2482445610894097,0.0,0.0
3449,1.8525733426722948,2.3171188166112078,1.7836804595317108,2.2482052273220487,0.0,0.0
3450,1.8524157419116773,2.317025368772907,1.783522884402655,2.248111809624566,0.0,0.0
3451,1.8522569952728143,2.316912269121335,1.7833641569874632,2.2479987250434026,0.0,0.0
3452,1.8520849973433906,2.3168010193624617,1.7831921782817108,2.2478875054253473,0.0,0.0
3453,1.8519340094122725,2.3166724687741125,1.7830412287979351,2.247758992513021,0.0,0.0
3454,1.851767766505637,2.316552749445409,1.7828750115228613,2.2476392957899307,0.0,0.0
3455,1.8516050317205321,2.3166301133897567,1.7827122511061948,2.247716606987847,0.0,0.0
3456,1.8514527410596204,2.3163867752640335,1.7825600053005162,2.2474733140733507,0.0,0.0
3457,1.8512880697306409,2.3163268816912614,1.782395372418879,2.2474134657118054,0.0,0.0
3458,1.851119810323268,2.3162007197627315,1.782227138643068,2.247287326388889,0.0,0.0
3459,1.8509686591327115,2.3161057083695025,1.7820760451235251,2.2471923828125,0.0,0.0
3460,1.8508020033424464,2.315973804615162,1.7819093957411505,2.2470604790581596,0.0,0.0
3461,1.8506449979485677,2.316011450496721,1.7817523967551623,2.247098117404514,0.0,0.0
3462,1.850481917420915,2.3157660929361983,1.7815893482669616,2.246852789984809,0.0,0.0
3463,1.8503275238945132,2.315816801094715,1.7814349419247788,2.246903483072917,0.0,0.0
3464,1.8501605672169332,2.315686238606771,1.7812680044708702,2.246772935655382,0.0,0.0
3465,1.8500066857546948,2.315492900330343,1.7811141742717551,2.24657965766059,0.0,0.0
3466,1.8498394474134716,2.315423712082851,1.7809469487463128,2.246510484483507,0.0,0.0
3467,1.8496819650570588,2.3152588719497493,1.7807895176530235,2.246345689561632,0.0,0.0
3468,1.8495254366257143,2.315325562276958,1.7806329507743364,2.246412319607205,0.0,0.0
3469,1.8493654928454826,2.3151581413363234,1.7804730710730088,2.2462449815538195,0.0,0.0
3470,1.8492009783680508,2.3149678924937307,1.7803085822271387,2.24605475531684,0.0,0.0
3471,1.8490439409347201,2.31494377983941,1.7801515832411505,2.2460306803385417,0.0,0.0
3472,1.848882908947257,2.3148301790967403,1.7799905512536873,2.2459170871310765,0.0,0.0
3473,1.8487230164301487,2.314760851447965,1.77983067155236,2.2458477444118925,0.0,0.0
3474,1.8485609569686454,2.314628748010706,1.779668631314528,2.2457156711154513,0.0,0.0
3475,1.8484086919392957,2.3145778703100883,1.7795163855088496,2.245664808485243,0.0,0.0
3476,1.8482354968685035,2.314314850230276,1.7793432545169616,2.245401848687066,0.0,0.0
3477,1.8480842464974132,2.314323481807002,1.779192016961652,2.2454104953342013,0.0,0.0
3478,1.8479234961735935,2.3142122621889465,1.7790312730457227,2.2452992757161456,0.0,0.0
3479,1.8477636100643757,2.31413139814212,1.7788713933443954,2.2452184041341146,0.0,0.0
3480,1.847600516720942,2.3139831580644774,1.7787083448561947,2.2450702243381078,0.0,0.0
3481,1.8474479636200585,2.3139032886646413,1.7785558109789823,2.2449903700086806,0.0,0.0
3482,1.8472796785811239,2.3137241919246723,1.7783875772031712,2.2448113335503472,0.0,0.0
3483,1.8471239631012575,2.3136994312427666,1.7782318745390855,2.244786580403646,0.0,0.0
3484,1.846966800855831,2.313454088752652,1.7780747315173304,2.244541252983941,0.0,0.0
3485,1.8468033074445487,2.313471544053819,1.777911250921829,2.2445587158203124,0.0,0.0
3486,1.84664340851955,2.313374550901813,1.7777513712205015,2.2444617377387153,0.0,0.0
3487,1.8464912939338578,2.313209070276331,1.77759926945059,2.2442962646484377,0.0,0.0
3488,1.8463213125051716,2.313173451364776,1.7774293072455751,2.2442606608072917,0.0,0.0
3489,1.8461710511607785,2.3130828857421872,1.7772790779406342,2.2441701253255206,0.0,0.0
3490,1.8460146219099678,2.3130064222547744,1.777122655097714,2.2440936618381078,0.0,0.0
3491,1.845846506538362,2.3128259993188176,1.7769545653576697,2.243913269042969,0.0,0.0
3492,1.8456958259024487,2.3128069955331307,1.7768039039454278,2.243894280327691,0.0,0.0
3493,1.8455314426450031,2.3125524826991706,1.7766395591353246,2.2436397976345486,0.0,0.0
3494,1.845371105204813,2.3125512732988525,1.7764792473266962,2.243638610839844,0.0,0.0
3495,1.8452161099037814,2.3124022231867287,1.7763242648414455,2.2434895833333335,0.0,0.0
3496,1.8450645586453762,2.312371012369792,1.7761727392146018,2.2434583875868057,0.0,0.0
3497,1.8448933257500202,2.312338166413484,1.7760014806876843,2.243425496419271,0.0,0.0
3498,1.8447472286270883,2.312125500337577,1.7758554284199852,2.243212890625,0.0,0.0
3499,1.8445834215127104,2.3120255948290414,1.77569165975295,2.243113030327691,0.0,0.0
3500,1.8444222198579185,2.3119552122516396,1.7755304837297197,2.2430426703559028,0.0,0.0
3501,1.8442687897266523,2.3117964982397763,1.7753770856379056,2.242883978949653,0.0,0.0
3502,1.844113858504525,2.3118738847897373,1.775222103152655,2.2429612901475693,0.0,0.0
3503,1.8439490303239974,2.311722592954282,1.7750573262352507,2.24281005859375,0.0,0.0
3504,1.8438015056591768,2.3115820048767843,1.774909833609882,2.2426695081922743,0.0,0.0
3505,1.8436400223407414,2.311531304253472,1.774748369515118,2.2426188151041666,0.0,0.0
3506,1.8434770986646365,2.3114214108314046,1.7745854650626844,2.242508951822917,0.0,0.0
3507,1.8433306142896364,2.3114192218545044,1.7744389806876844,2.2425067477756078,0.0,0.0
3508,1.8431704337009942,2.311286632396557,1.774278812914823,2.2423741658528646,0.0,0.0
3509,1.8430081917563816,2.3112061940887827,1.7741166286412242,2.2422938028971355,0.0,0.0
3510,1.8428587946265904,2.3110411994839892,1.773967263550885,2.24212883843316,0.0,0.0
3511,1.8427019268605882,2.311040852864583,1.7738104086006636,2.2421284993489583,0.0,0.0
3512,1.8425374316068277,2.3109048725646217,1.7736459197547936,2.2419925265842013,0.0,0.0
3513,1.8423938279471668,2.3109248936029125,1.7735023160951326,2.242012532552083,0.0,0.0
3514,1.8422310547147194,2.3107597520616316,1.7733395556784661,2.241847398546007,0.0,0.0
3515,1.8420723080758563,2.3107383822217398,1.7731808282632744,2.2418260362413194,0.0,0.0
3516,1.8419170118875101,2.310588823483314,1.7730255577064897,2.241676500108507,0.0,0.0
3517,1.8417665808757884,2.3104570063838255,1.7728751843657817,2.2415447658962675,0.0,0.0
3518,1.8416018039583841,2.3104558271243247,1.7727104074483775,2.2415435791015623,0.0,0.0
3519,1.8414580114077235,2.310292674877026,1.77256665975295,2.2413804796006946,0.0,0.0
3520,1.841294818883756,2.310230298454379,1.7724034672289823,2.241318088107639,0.0,0.0
3521,1.8411362419122215,2.3102191312813467,1.7722448838495575,2.241306898328993,0.0,0.0
3522,1.8409884099521956,2.3100132468894676,1.772097103152655,2.24110107421875,0.0,0.0
3523,1.8408324576639186,2.3101004518108605,1.7719411124170354,2.241188218858507,0.0,0.0
3524,1.8406696844314712,2.3099090237087676,1.7717783520003687,2.240996805826823,0.0,0.0
3525,1.8405248515909898,2.3097782087914736,1.7716335960545724,2.2408660888671874,0.0,0.0
3526,1.840364245302937,2.3097197243019387,1.77147299617441,2.240807596842448,0.0,0.0
3527,1.8402088307103854,2.309685299720293,1.7713175815818585,2.240773179796007,0.0,0.0
3528,1.8400575867471851,2.3096249502676502,1.7711663440265486,2.2407128228081596,0.0,0.0
3529,1.8399051904978494,2.3094956047152295,1.7710139541851033,2.24058346218533,0.0,0.0
3530,1.8397376576772015,2.3094228560836227,1.7708464405881268,2.240510728624132,0.0,0.0
3531,1.8395948797848,2.30926003538532,1.7707037011430677,2.240347968207465,0.0,0.0
3532,1.839436578069019,2.3092098584587193,1.770545405835177,2.24029778374566,0.0,0.0
3533,1.8392766727361296,2.309133187753183,1.7703855261338495,2.240221150716146,0.0,0.0
3534,1.8391310077204985,2.3089892012984667,1.7702399059734513,2.2400772094726564,0.0,0.0
3535,1.8389744856970442,2.3090604767975984,1.7700833390947641,2.240148417154948,0.0,0.0
3536,1.838820492238491,2.3089243118851273,1.769929364859882,2.24001227484809,0.0,0.0
3537,1.8386630226978593,2.3087586315767266,1.769771933766593,2.239846632215712,0.0,0.0
3538,1.8385176777932142,2.308705881377797,1.7696266016777287,2.239793904622396,0.0,0.0
3539,1.8383491303143074,2.3086134809329186,1.7694580798303834,2.2397015041775172,0.0,0.0
3540,1.8382091531803824,2.3085679042486498,1.7693180770648969,2.2396558973524305,0.0,0.0
3541,1.8380498175826707,2.3084571631160786,1.7691587735066372,2.2395451863606772,0.0,0.0
3542,1.8378907828722737,2.3083655953112947,1.7689997580199115,2.2394536336263022,0.0,0.0
3543,1.8377443784541365,2.3081852816358026,1.7688534176806785,2.239273410373264,0.0,0.0
3544,1.8375865024377656,2.3081415397738234,1.7686955544800884,2.239229668511285,0.0,0.0
3545,1.837435264882456,2.308140869140625,1.7685443169247788,2.239228990342882,0.0,0.0
3546,1.8372772191987565,2.307892953378183,1.7683863096884218,2.2389811197916667,0.0,0.0
3547,1.8371337980222051,2.3080083173587,1.768242850064528,2.239096408420139,0.0,0.0
3548,1.8369677119671175,2.307857417353877,1.7680767768252212,2.2389455159505207,0.0,0.0
3549,1.8368226230945544,2.307658314646026,1.767931732807891,2.2387464735243054,0.0,0.0
3550,1.8366674837577557,2.307658638659819,1.7677766062868732,2.238746812608507,0.0,0.0
3551,1.8365110480990545,2.3075753859531734,1.7676201834439529,2.238663567437066,0.0,0.0
3552,1.8363626207722894,2.307410839693046,1.7674718266039824,2.2384991115993924,0.0,0.0
3553,1.8362070749597517,2.307365085931472,1.7673162679756638,2.238453335232205,0.0,0.0
3554,1.8360540961594574,2.307296082296489,1.7671633019911503,2.238384331597222,0.0,0.0
3555,1.835900272368233,2.307228958695023,1.7670094717920355,2.238317192925347,0.0,0.0
3556,1.8357533430701511,2.3071313024450233,1.7668625553097346,2.2382195366753472,0.0,0.0
3557,1.8355914340523056,2.307013286072531,1.7667006591076697,2.238101535373264,0.0,0.0
3558,1.8354443286790045,2.306858957549672,1.7665535985896017,2.237947252061632,0.0,0.0
3559,1.8352943746298167,2.306877938729745,1.7664036573561948,2.2379662407769096,0.0,0.0
3560,1.835135359143091,2.306771797839506,1.766244641869469,2.237860107421875,0.0,0.0
3561,1.834986067601724,2.3065835232204863,1.7660954208148967,2.2376719156901044,0.0,0.0
3562,1.834834593238004,2.3066693944106866,1.765943895188053,2.2377577039930556,0.0,0.0
3563,1.8346815952140385,2.306518633807147,1.7657909292035399,2.237606981065538,0.0,0.0
3564,1.83452398163764,2.30635634434076,1.7656333540744837,2.2374447292751736,0.0,0.0
3565,1.8343757688334366,2.3062939528477044,1.7654851412702803,2.237382337782118,0.0,0.0
3566,1.8342207607166239,2.306217135205681,1.7653301587850294,2.2373055352105036,0.0,0.0
3567,1.8340707810358745,2.306116212444541,1.7651802175516225,2.23720465766059,0.0,0.0
3568,1.8339176581998133,2.3059929402669272,1.7650271075313422,2.2370814005533854,0.0,0.0
3569,1.8337698839108012,2.306054845739294,1.7648793268344396,2.237143283420139,0.0,0.0
3570,1.833610090574227,2.305831144356433,1.764719591168879,2.236919657389323,0.0,0.0
3571,1.833465040149006,2.3057797806351275,1.7645745471515486,2.2368682861328124,0.0,0.0
3572,1.8333110595062336,2.3057648609302666,1.7644205729166667,2.2368533664279515,0.0,0.0
3573,1.8331557505021063,2.305523380232446,1.764265302359882,2.2366119384765626,0.0,0.0
3574,1.83301160273883,2.3056539954668214,1.7641211225571534,2.2367424858940974,0.0,0.0
3575,1.8328551350406768,2.30534265588831,1.763964699714233,2.236431206597222,0.0,0.0
3576,1.8327035965980523,2.3053380782515913,1.7638131740873895,2.2364266289605035,0.0,0.0
3577,1.8325496159552797,2.305278908058449,1.7636591998525073,2.236367458767361,0.0,0.0
3578,1.83240439586273,2.3051266291112076,1.76351401179941,2.2362152099609376,0.0,0.0
3579,1.8322429125442952,2.3050849066840278,1.7633525477046461,2.2361735026041667,0.0,0.0
3580,1.832100723610742,2.3049539825062695,1.7632103844026548,2.2360426161024307,0.0,0.0
3581,1.8319501613790343,2.3048661069516783,1.76305986702618,2.2359547932942707,0.0,0.0
3582,1.8317892798352284,2.304814927842882,1.7628989790744838,2.235903591579861,0.0,0.0
3583,1.8316488385545506,2.304777297031732,1.7627585442016962,2.235865953233507,0.0,0.0
3584,1.8314935295504233,2.3045626115210265,1.7626032736449115,2.235651312934028,0.0,0.0
3585,1.831343601132797,2.30461993182147,1.7624533324115044,2.2357086181640624,0.0,0.0
3586,1.831192056282282,2.30443647219811,1.7623018067846608,2.2355251736111112,0.0,0.0
3587,1.8310461288266786,2.3043374370056906,1.7621558985527286,2.2354261610243054,0.0,0.0
3588,1.8308849528034485,2.3043089765383877,1.7619947225294985,2.235397677951389,0.0,0.0
3589,1.8307480803774925,2.3041910995671775,1.7618578885508849,2.235279846191406,0.0,0.0
3590,1.8305884695240278,2.304062726056134,1.7616982969210915,2.2351515028211804,0.0,0.0
3591,1.830438115406991,2.3040615769374515,1.7615479235803835,2.2351503160264756,0.0,0.0
3592,1.8302942108600155,2.3039789948640044,1.7614040318491888,2.2350677490234374,0.0,0.0
3593,1.8301404926572153,2.303805869773582,1.7612503456858406,2.2348946465386286,0.0,0.0
3594,1.8299869441217438,2.303845550160349,1.7610968035582595,2.234934319390191,0.0,0.0
3595,1.829844623968205,2.303698704095534,1.7609544962205015,2.2347874959309895,0.0,0.0
3596,1.82969205164365,2.3035506637008103,1.7608019623432891,2.2346394856770835,0.0,0.0
3597,1.8295346333661417,2.3035393345208814,1.76064453125,2.234628126356337,0.0,0.0
3598,1.8293987435589927,2.3033386757933063,1.7605087055217552,2.234427558051215,0.0,0.0
3599,1.8292393023728566,2.303333943684896,1.7603492579277287,2.234422810872396,0.0,0.0
3600,1.8290886409606146,2.3032381523980034,1.7601985965154867,2.2343270195855034,0.0,0.0
3601,1.8289480684599506,2.303202917781877,1.7600580176069323,2.234291754828559,0.0,0.0
3602,1.8287942254450547,2.3030826822916666,1.7599041874078172,2.2341715494791665,0.0,0.0
3603,1.8286398062870908,2.3030392870490934,1.7597497810656342,2.234128146701389,0.0,0.0
3604,1.828498468752359,2.302822389955874,1.759608481978245,2.233911302354601,0.0,0.0
3605,1.828345057844764,2.3027945850513603,1.7594550838864307,2.233883497450087,0.0,0.0
3606,1.8281897808800889,2.302726937753183,1.759299813329646,2.2338158501519096,0.0,0.0
3607,1.828051160801258,2.302560703607253,1.7591612509218288,2.2336496988932293,0.0,0.0
3608,1.827895032437762,2.3025164757245853,1.7590051161504425,2.233605448404948,0.0,0.0
3609,1.8277478214760368,2.302492570288387,1.7588579115966076,2.23358154296875,0.0,0.0
3610,1.827601016990051,2.3022812831548998,1.7587111391500738,2.233370293511285,0.0,0.0
3611,1.8274509381287671,2.302308255419319,1.7585610538808998,2.2333972507052953,0.0,0.0
3612,1.827296093271393,2.30224400649836,1.758406215431416,2.233332994249132,0.0,0.0
3613,1.8271593776969848,2.302076638304157,1.7582695254885694,2.2331656561957467,0.0,0.0
3614,1.8269974622712484,2.3020137155791858,1.7581076292865043,2.2331027560763888,0.0,0.0
3615,1.8268548412303949,2.3018829684787327,1.7579650338772124,2.2329720391167536,0.0,0.0
3616,1.82671034131668,2.3018078236521027,1.7578205660029498,2.232896931966146,0.0,0.0
3617,1.8265540689174171,2.3017739453727817,1.7576642871957964,2.232863023546007,0.0,0.0
3618,1.8264078341666088,2.301590794692805,1.7575180908923305,2.232679918077257,0.0,0.0
3619,1.8262606360206641,2.301542998890818,1.7573708863384956,2.232632107204861,0.0,0.0
3620,1.8261113957424207,2.301507040895062,1.7572216652839232,2.232596164279514,0.0,0.0
3621,1.8259579720190449,2.301319327648775,1.7570682671921092,2.232408481174045,0.0,0.0
3622,1.825821451743527,2.301405846866561,1.7569317212850295,2.2324949476453995,0.0,0.0
3623,1.825661421598542,2.3012442657093946,1.756771697547935,2.2323333740234377,0.0,0.0
3624,1.8255200776559197,2.301078400788484,1.7566303984605458,2.2321675618489585,0.0,0.0
3625,1.8253699859788552,2.3010485689139664,1.7564803131913718,2.2321377224392362,0.0,0.0
3626,1.825224333779005,2.3009576416015625,1.7563346930309736,2.232046847873264,0.0,0.0
3627,1.8250687495191247,2.3007926545319735,1.756179134402655,2.2318818834092884,0.0,0.0
3628,1.8249287275299668,2.300748211895978,1.7560391316371682,2.2318374633789064,0.0,0.0
3629,1.8247760560248778,2.3007121220341435,1.7558864537241887,2.2318013509114585,0.0,0.0
3630,1.8246253561652934,2.3005464417257424,1.755735792311947,2.2316357082790796,0.0,0.0
3631,1.8244810323267977,2.3005008349006557,1.7555914684734513,2.231590101453993,0.0,0.0
3632,1.8243326370394848,2.3003399017710744,1.7554431116334808,2.231429206000434,0.0,0.0
3633,1.8241792389476708,2.300303634831935,1.7552897135416667,2.2313929239908856,0.0,0.0
3634,1.8240403884683196,2.3002475163966047,1.7551508630623156,2.2313368055555554,0.0,0.0
3635,1.8238876721079977,2.3000586012852047,1.7549981851493364,2.231147935655382,0.0,0.0
3636,1.8237365529568934,2.3000624706127026,1.7548470916297936,2.231151835123698,0.0,0.0
3637,1.8235959740483387,2.2999419337143134,1.754706512721239,2.231031290690104,0.0,0.0
3638,1.82344642647489,2.2998357626832564,1.7545570035951328,2.2309251573350695,0.0,0.0
3639,1.8232865467735624,2.299781015655141,1.7543971238938052,2.230870395236545,0.0,0.0
3640,1.8231557622971613,2.299750837161217,1.754266339417404,2.2308402167426213,0.0,0.0
3641,1.822997991869215,2.299496979890046,1.754108620252581,2.230586412217882,0.0,0.0
3642,1.8228531047034324,2.2995678710937497,1.7539637202710177,2.230657280815972,0.0,0.0
3643,1.8227042773088185,2.299353863751447,1.7538149313237463,2.230443318684896,0.0,0.0
3644,1.8225639608402362,2.2993341742621527,1.7536746404867256,2.2304236518012153,0.0,0.0
3645,1.8224052334250445,2.2992807760356384,1.7535159130715339,2.2303702460394965,0.0,0.0
3646,1.82226633168257,2.299133383668499,1.753377062592183,2.230222913953993,0.0,0.0
3647,1.8221201225633232,2.2991432171103394,1.7532308662887168,2.230232747395833,0.0,0.0
3648,1.8219667180636185,2.299010627652392,1.7530774681969026,2.23010016547309,0.0,0.0
3649,1.8218254253841197,2.2990340470679014,1.7529361691095133,2.2301235622829862,0.0,0.0
3650,1.82167460712033,2.298858386381173,1.7527853636615045,2.2299479166666667,0.0,0.0
3651,1.8215340153959945,2.2987969970703124,1.7526447847529498,2.229886542426215,0.0,0.0
3652,1.8213798458622221,2.298608243965808,1.7524906664823008,2.229697842068142,0.0,0.0
3653,1.821238258703299,2.2986269011320895,1.7523490793233776,2.229716491699219,0.0,0.0
3654,1.8210888743892883,2.2985051548333817,1.7521997142330383,2.22959476047092,0.0,0.0
3655,1.8209468230836119,2.2983730513961227,1.752057694966814,2.2294626871744794,0.0,0.0
3656,1.8207920966304432,2.2983167182074653,1.7519030005530973,2.2294063991970487,0.0,0.0
3657,1.8206569974889235,2.2983174039110725,1.7517678950036872,2.2294070773654515,0.0,0.0
3658,1.8205048572716696,2.298127825701678,1.751615793233776,2.229217529296875,0.0,0.0
3659,1.8203541958594276,2.2981264693648726,1.751465131821534,2.2292161729600695,0.0,0.0
3660,1.820218213279635,2.2981268009138693,1.7513291620575222,2.2292165120442706,0.0,0.0
3661,1.8200672253485166,2.2978880479600696,1.7511782125737463,2.228977796766493,0.0,0.0
3662,1.8199239482077325,2.298029513888889,1.7510348969856195,2.2291191948784723,0.0,0.0
3663,1.8197729795002853,2.297861814145689,1.7508839475018436,2.2289515177408856,0.0,0.0
3664,1.8196388437539013,2.297692727924865,1.7507498502028023,2.228782484266493,0.0,0.0
3665,1.8194802475586958,2.2977179896978686,1.7505912668233776,2.2288077460394966,0.0,0.0
3666,1.8193379338130473,2.2976028630762926,1.7504489594856194,2.228692626953125,0.0,0.0
3667,1.8191961641710144,2.2974810941719714,1.750307228290929,2.2285708957248263,0.0,0.0
3668,1.819041024834216,2.2974041145230517,1.7501521017699115,2.228493923611111,0.0,0.0
3669,1.818903025753686,2.297388501579379,1.7500141155051623,2.2284783257378473,0.0,0.0
3670,1.8187557699367276,2.2972390671718266,1.7498669109513274,2.2283289591471354,0.0,0.0
3671,1.8186160552427748,2.297204149034288,1.7497271962573746,2.228294033474392,0.0,0.0
3672,1.8184673782918184,2.2971259675202544,1.7495785513458701,2.228215874565972,0.0,0.0
3673,1.8183221774229401,2.297066273630401,1.7494333632927728,2.2281561957465277,0.0,0.0
3674,1.81818189299381,2.2970715445059318,1.7492930724557523,2.2281614515516495,0.0,0.0
3675,1.8180339426295786,2.2969496135947143,1.7491451477230826,2.22803955078125,0.0,0.0
3676,1.8178906014098903,2.296863810221354,1.7490018321349559,2.2279537624782986,0.0,0.0
3677,1.8177479931848173,2.296822935504678,1.7488592367256637,2.2279129028320312,0.0,0.0
3678,1.8176036373068696,2.296699640721451,1.7487149128871682,2.2277896457248265,0.0,0.0
3679,1.8174557061663095,2.296689814814815,1.7485669881544985,2.227779812282986,0.0,0.0
3680,1.8173145382989064,2.2966324945143715,1.7484258331028761,2.2277225070529516,0.0,0.0
3681,1.817175073229145,2.2964620745623554,1.7482864064804573,2.2275521172417534,0.0,0.0
3682,1.8170267163891745,2.296490727177373,1.7481380496404868,2.227580769856771,0.0,0.0
3683,1.8168793549837918,2.296415265872155,1.747990701050885,2.227505323621962,0.0,0.0
3684,1.8167476678454464,2.2962504257390526,1.747859052359882,2.2273405287000867,0.0,0.0
3685,1.8165916835177174,2.296293689115548,1.7477030616242626,2.227383761935764,0.0,0.0
3686,1.8164546670559942,2.2962041106047453,1.747566083609882,2.2272942437065972,0.0,0.0
3687,1.8163143569953024,2.296079305013021,1.7474257927728614,2.227169460720486,0.0,0.0
3688,1.8161642589103475,2.2960269089687015,1.7472757075036873,2.2271170722113713,0.0,0.0
3689,1.8160242689606414,2.296065771785783,1.7471357047382006,2.2271558973524304,0.0,0.0
3690,1.8158827745743618,2.295798513153453,1.7469942616150442,2.2268886990017362,0.0,0.0
3691,1.8157410433796715,2.2958832917390044,1.746852530420354,2.226973470052083,0.0,0.0
3692,1.8155906572231826,2.295793426890432,1.746702157079646,2.2268836127387153,0.0,0.0
3693,1.815457692986606,2.2956852364245757,1.7465692120667404,2.2267754448784722,0.0,0.0
3694,1.815309473774512,2.2956272530261383,1.7464209992625368,2.226717461480035,0.0,0.0
3695,1.8151691380822583,2.29543866192853,1.7462807084255163,2.2265289306640623,0.0,0.0
3696,1.8150278774422115,2.2956004653742283,1.7461394093381268,2.226690673828125,0.0,0.0
3697,1.8148842545588795,2.295384962293837,1.7459958056784661,2.2264751858181424,0.0,0.0
3698,1.8147451031922135,2.2954088677300346,1.745856667127581,2.22649909125434,0.0,0.0
3699,1.8145958372824085,2.295217394416715,1.7457074460730089,2.226307678222656,0.0,0.0
3700,1.8144569932109478,2.29519197817202,1.7455685955936577,2.226282246907552,0.0,0.0
3701,1.8143180914684736,2.2950503577715082,1.7454297451143068,2.226140679253472,0.0,0.0
3702,1.8141674300562316,2.295025619695216,1.7452790837020649,2.226115926106771,0.0,0.0
3703,1.8140346034475312,2.294944356282552,1.7451462827249262,2.226034715440538,0.0,0.0
3704,1.8138922704782114,2.294889240029417,1.7450039753871682,2.2259796142578123,0.0,0.0
3705,1.8137385779069728,2.2947937878267264,1.74485028922382,2.2258841620551215,0.0,0.0
3706,1.8136105365180344,2.2948192342122393,1.7447222414269912,2.2259095933702255,0.0,0.0
3707,1.813463581588391,2.294581151891638,1.7445753249446903,2.225671556260851,0.0,0.0
3708,1.813321274250633,2.294626434702932,1.7444330176069323,2.225716824001736,0.0,0.0
3709,1.8131795238322714,2.2945926732192805,1.744291286412242,2.225683085123698,0.0,0.0
3710,1.8130406477213588,2.29441650390625,1.7441524359328908,2.2255069308810764,0.0,0.0
3711,1.8128963174749728,2.2944327648775076,1.7440081120943953,2.225523206922743,0.0,0.0
3712,1.812752105632792,2.2942336923104745,1.7438639322916667,2.2253241644965276,0.0,0.0
3713,1.8126202009097072,2.294376838589892,1.7437319955291297,2.225467258029514,0.0,0.0
3714,1.8124718312539558,2.2942730712890627,1.7435836386891592,2.225363498263889,0.0,0.0
3715,1.8123290533615544,2.2940822912145546,1.7434408992441004,2.2251727634006078,0.0,0.0
3716,1.8121930835975424,2.29407144052011,1.7433049294800884,2.225161912706163,0.0,0.0
3717,1.812050043265169,2.293989205066069,1.7431619019634956,2.2250796847873264,0.0,0.0
3718,1.8119079727358212,2.293845704632041,1.7430198826972714,2.224936252170139,0.0,0.0
3719,1.811766660832651,2.293844679844232,1.742878583609882,2.2249352349175346,0.0,0.0
3720,1.811626651659274,2.293782295886381,1.7427385808443954,2.224872843424479,0.0,0.0
3721,1.811486616854335,2.2936164309654705,1.7425985780789086,2.22470703125,0.0,0.0
3722,1.8113371205440096,2.2936571662808642,1.7424490689528023,2.224747721354167,0.0,0.0
3723,1.811210330621741,2.293458410192419,1.7423223174778761,2.2245490180121528,0.0,0.0
3724,1.8110602325367862,2.293495871461468,1.742172232208702,2.2245864868164062,0.0,0.0
3725,1.8109144619327304,2.2934058446059993,1.7420264680125368,2.2244964599609376,0.0,0.0
3726,1.8107873903468181,2.2932923757294077,1.7418994284660767,2.2243830362955728,0.0,0.0
3727,1.810634424362305,2.293249496648341,1.7417464624815635,2.224340142144097,0.0,0.0
3728,1.8104997381044148,2.2932433855975116,1.7416117890394542,2.2243340386284722,0.0,0.0
3729,1.81035667854837,2.2930644810052567,1.7414687615228615,2.2241551717122396,0.0,0.0
3730,1.8102168198186501,2.2930507631655095,1.7413289027931416,2.2241414388020835,0.0,0.0
3731,1.8100772107131218,2.29290355541088,1.7411893321349559,2.2239942762586806,0.0,0.0
3732,1.8099333125740364,2.292874232162664,1.741045440403761,2.2239649454752604,0.0,0.0
3733,1.8097995097544195,2.2928655930507333,1.7409116311762536,2.223956298828125,0.0,0.0
3734,1.8096563061626076,2.292718554838204,1.7407684596238937,2.223809305826823,0.0,0.0
3735,1.8095073603637886,2.2926549765504434,1.7406195266408555,2.2237457275390624,0.0,0.0
3736,1.8093831951247772,2.292653296199846,1.7404953678097346,2.2237440321180557,0.0,0.0
3737,1.8092326457088501,2.2924575994044174,1.7403448504332595,2.2235483805338543,0.0,0.0
3738,1.8090898998559009,2.2924606511622296,1.7402021109882007,2.2235514322916665,0.0,0.0
3739,1.80896140713599,2.2924213023244597,1.7400736310840708,2.2235120985243055,0.0,0.0
3740,1.8088115971225691,2.292260568877797,1.7399238338864307,2.2233513726128473,0.0,0.0
3741,1.8086730154910806,2.2922595290195793,1.7397852714786135,2.223350355360243,0.0,0.0
3742,1.8085345650795785,2.2920814796730324,1.7396468531065634,2.223172336154514,0.0,0.0
3743,1.8084026603564936,2.2922195472246334,1.7395149163440264,2.223310343424479,0.0,0.0
3744,1.8082554301710974,2.292114562988281,1.7393677117901918,2.223205396864149,0.0,0.0
3745,1.8081191467039899,2.2919073524004148,1.739231453954646,2.2229982164171007,0.0,0.0
3746,1.8079810164034735,2.2919358505437404,1.7390933236541297,2.2230266994900174,0.0,0.0
3747,1.8078396788687419,2.291735583646798,1.7389520245667405,2.2228264702690974,0.0,0.0
3748,1.8077012733124722,2.291801727671682,1.7388136061946902,2.222892591688368,0.0,0.0
3749,1.8075638439671198,2.291703879273968,1.7386761960730088,2.2227947658962672,0.0,0.0
3750,1.8074255568150557,2.2916108006606866,1.7385379217367256,2.222701687282986,0.0,0.0
3751,1.8072792036600418,2.2915538194444447,1.7383915813974926,2.222644721137153,0.0,0.0
3752,1.8071502660170493,2.291422386640384,1.7382626693860619,2.2225133260091146,0.0,0.0
3753,1.8070056476991296,2.291394404658565,1.7381180574760324,2.2224853515625,0.0,0.0
3754,1.8068650623826847,2.29137508439429,1.737977478567478,2.2224660237630207,0.0,0.0
3755,1.8067344027183792,2.291207554193191,1.7378468381268437,2.222298516167535,0.0,0.0
3756,1.8065909302787044,2.2912367154345104,1.7377033785029499,2.2223276774088543,0.0,0.0
3757,1.8064495927439725,2.2910717057593075,1.7375620794155604,2.2221627129448787,0.0,0.0
3758,1.8063209816198564,2.291085114655671,1.7374334554756636,2.222176106770833,0.0,0.0
3759,1.8061752046079107,2.2910198258764947,1.7372876912794986,2.222110833062066,0.0,0.0
3760,1.8060384954413928,2.2909114734037423,1.737151001336652,2.2220024956597224,0.0,0.0
3761,1.8059035339277496,2.2909226782527967,1.7370160398230088,2.222013685438368,0.0,0.0
3762,1.8057626413160994,2.2907449679904515,1.7368751728429204,2.2218360053168404,0.0,0.0
3763,1.805623221101571,2.2907687189549573,1.7367357462205015,2.2218597412109373,0.0,0.0
3764,1.8054878210727365,2.2907332921911165,1.7366003525995575,2.221824306911892,0.0,0.0
3765,1.8053578623635949,2.2905826785240646,1.7364704323377582,2.221673753526476,0.0,0.0
3766,1.805208503681146,2.290595763406636,1.736321067247419,2.2216868082682293,0.0,0.0
3767,1.8050785577877848,2.290403804072627,1.7361911469856195,2.221494886610243,0.0,0.0
3768,1.8049414549613085,2.290453340506848,1.736054024935472,2.221544392903646,0.0,0.0
3769,1.804801295344274,2.2903546670042436,1.7359138781342183,2.2214457194010415,0.0,0.0
3770,1.8046656072439058,2.2902887000566645,1.7357781964417405,2.2213797675238713,0.0,0.0
3771,1.804529912735647,2.2902268171899114,1.7356425147492625,2.221317884657118,0.0,0.0
3772,1.8043893146034213,2.29009895230517,1.735501935840708,2.2211900499131945,0.0,0.0
3773,1.8042547916049696,2.2901010094159915,1.7353674064343658,2.2211920844184028,0.0,0.0
3774,1.8041228548424326,2.2901179711612656,1.7352354696718288,2.2212090386284724,0.0,0.0
3775,1.8039776411577735,2.2898944996021413,1.7350902816187315,2.220985582139757,0.0,0.0
3776,1.8038459924667707,2.289952151451582,1.7349586329277287,2.221043226453993,0.0,0.0
3777,1.8037085567135274,2.2897195020134067,1.7348212228060471,2.2208106146918403,0.0,0.0
3778,1.8035715979228182,2.289823137448158,1.7346842447916666,2.2209142049153647,0.0,0.0
3779,1.8034343254290133,2.2897334346064815,1.7345469787057521,2.2208245171440972,0.0,0.0
3780,1.8033017612602853,2.2895326364776234,1.7344144658001475,2.220623779296875,0.0,0.0
3781,1.8031620657900038,2.2896099853515626,1.7342747511061947,2.2207010904947917,0.0,0.0
3782,1.803027222680566,2.2893978505075716,1.7341399336283185,2.220488993326823,0.0,0.0
3783,1.8028911216965682,2.2894850252881462,1.73400381982854,2.22057613796658,0.0,0.0
3784,1.8027562978108016,2.2894024507499036,1.7338690023506638,2.2204935709635416,0.0,0.0
3785,1.8026152739791652,2.2892593421465084,1.7337279913348083,2.2203504774305554,0.0,0.0
3786,1.8024867812592544,2.2892376482928243,1.7335995114306784,2.220328776041667,0.0,0.0
3787,1.80234662164222,2.2891725290557488,1.7334593646294247,2.220263671875,0.0,0.0
3788,1.8022056042184742,2.289090131594811,1.7333183536135692,2.2201812744140623,0.0,0.0
3789,1.8020828729292422,2.2890050063898535,1.733195635140118,2.220096164279514,0.0,0.0
3790,1.8019314977460559,2.2889266930097416,1.7330442535490413,2.220017835828993,0.0,0.0
3791,1.8018095058593295,2.2889887680242094,1.7329222552544248,2.2200798882378474,0.0,0.0
3792,1.8016699031616916,2.2888035903742288,1.7327826845962389,2.219894748263889,0.0,0.0
3793,1.8015311903102171,2.2887783210660206,1.7326439781526548,2.2198694864908854,0.0,0.0
3794,1.801402383887211,2.2887177493248454,1.7325152101769912,2.2198089599609374,0.0,0.0
3795,1.8012652682449537,2.2886550413532025,1.7323780881268436,2.2197462293836807,0.0,0.0
3796,1.8011339204412657,2.2886906677999614,1.7322467275073747,2.2197818332248263,0.0,0.0
3797,1.800995044330353,2.288540769977334,1.7321078770280236,2.2196319580078123,0.0,0.0
3798,1.800864259853952,2.288523137598862,1.7319770925516225,2.2196143256293404,0.0,0.0
3799,1.8007271249880235,2.288414446041908,1.7318399705014749,2.2195056491427954,0.0,0.0
3800,1.8005912992597786,2.2884081880545915,1.73170414477323,2.2194993760850696,0.0,0.0
3801,1.800464960668482,2.2882857485170716,1.7315778254056047,2.219376966688368,0.0,0.0
3802,1.8003246698314614,2.288287798092689,1.7314375345685842,2.2193790011935763,0.0,0.0
3803,1.8001888376953261,2.288228797441647,1.7313017088403393,2.2193200005425346,0.0,0.0
3804,1.8000646724563147,2.288135541751061,1.7311775500092184,2.219226752387153,0.0,0.0
3805,1.79992078072512,2.28812944577064,1.7310336582780237,2.2192206488715276,0.0,0.0
3806,1.79978940088198,2.2879788773148144,1.7309022976585546,2.219070095486111,0.0,0.0
3807,1.7996600567632484,2.2879917625144675,1.730772953539823,2.219082980685764,0.0,0.0
3808,1.7995223201226902,2.2878384587794174,1.7306352553466076,2.218929714626736,0.0,0.0
3809,1.7993890934461412,2.2879042411144868,1.730502022262168,2.2189954969618055,0.0,0.0
3810,1.7992603254704775,2.2878204948519483,1.7303732542865045,2.2189117431640626,0.0,0.0
3811,1.7991210300680447,2.287710292486497,1.7302339716998525,2.2188015407986112,0.0,0.0
3812,1.7989870768047704,2.287686564127604,1.7301000184365782,2.218777804904514,0.0,0.0
3813,1.7988614583923088,2.2875200511791087,1.7299744192477877,2.218611314561632,0.0,0.0
3814,1.7987208858916444,2.2875821186583716,1.729833840339233,2.218673366970486,0.0,0.0
3815,1.7985918362523372,2.2875619582187983,1.7297047842920354,2.2186531914605037,0.0,0.0
3816,1.798456986735009,2.287348459502797,1.7295699668141593,2.218439737955729,0.0,0.0
3817,1.7983253572676774,2.2874085226176697,1.7294383181231563,2.218499755859375,0.0,0.0
3818,1.7981893618721039,2.2872616614824457,1.7293023483591445,2.2183529324001734,0.0,0.0
3819,1.7980568489664992,2.2872537156093267,1.7291698354535399,2.218344963921441,0.0,0.0
3820,1.7979286443181224,2.2871260278018903,1.729041643620944,2.218217298719618,0.0,0.0
3821,1.797784438883832,2.2870836046006944,1.7288974638182153,2.2181749131944444,0.0,0.0
3822,1.7976676451004974,2.287111454716435,1.7287806508112094,2.2182027180989583,0.0,0.0
3823,1.7975250176517534,2.2869432388117286,1.7286380554019174,2.2180345323350696,0.0,0.0
3824,1.7973919414188615,2.2869697024498454,1.7285049663532448,2.2180609809027776,0.0,0.0
3825,1.797267481700426,2.2868104873468846,1.72838051945059,2.2179017808702257,0.0,0.0
3826,1.7971300715787446,2.2868605173369985,1.7282431093289086,2.2179517957899306,0.0,0.0
3827,1.7969929238970352,2.286657545301649,1.728105987278761,2.217748853895399,0.0,0.0
3828,1.7968690531374483,2.28666263156467,1.727982116519174,2.21775394015842,0.0,0.0
3829,1.796733377852861,2.2866709617332175,1.7278464348266962,2.217762247721354,0.0,0.0
3830,1.7965973952730683,2.2864969889322917,1.7277104650626844,2.2175882975260417,0.0,0.0
3831,1.796475259350575,2.2865458471981097,1.7275883227323008,2.217637125651042,0.0,0.0
3832,1.7963326447176118,2.2863477918836805,1.7274457273230088,2.2174391004774305,0.0,0.0
3833,1.7962044592929063,2.2864103755244503,1.727317535490413,2.217501661512587,0.0,0.0
3834,1.796076385864516,2.2862170598536364,1.727189487693584,2.2173083835177954,0.0,0.0
3835,1.7959379803082465,2.2862226924189812,1.727051069321534,2.217313978407118,0.0,0.0
3836,1.7958092123325826,2.286217267071759,1.72692230134587,2.2173085530598957,0.0,0.0
3837,1.7956818783066981,2.286095543378665,1.726794973727876,2.2171868218315973,0.0,0.0
3838,1.7955433223067716,2.2860675689320504,1.726656411320059,2.2171588473849826,0.0,0.0
3839,1.795413094749767,2.285929870605469,1.7265262029867257,2.217021179199219,0.0,0.0
3840,1.795285190988705,2.2859442967544368,1.7263982992256637,2.217035590277778,0.0,0.0
3841,1.795152946930963,2.285780488944348,1.726266074391593,2.216871812608507,0.0,0.0
3842,1.7950175661257999,2.2858517418378663,1.726130680770649,2.2169430202907985,0.0,0.0
3843,1.794892091749105,2.285617404513889,1.7260052256176253,2.216708713107639,0.0,0.0
3844,1.7947603182460063,2.2857350968725885,1.7258734328908554,2.2168263753255206,0.0,0.0
3845,1.7946234778595025,2.2856355681242766,1.725736598912242,2.216726854112413,0.0,0.0
3846,1.7944984355901084,2.2854838128737462,1.7256115758665191,2.216575113932292,0.0,0.0
3847,1.7943670749706393,2.285500265992718,1.72548021524705,2.216591559516059,0.0,0.0
3848,1.7942328208200502,2.2853546142578125,1.7253459739122419,2.2164459228515625,0.0,0.0
3849,1.7941027693382647,2.2853899091555747,1.7252159096146755,2.216481187608507,0.0,0.0
3850,1.793979305054417,2.285228968490789,1.7250924709623894,2.216320292154948,0.0,0.0
3851,1.7938384508901093,2.285294272340374,1.724951603982301,2.2163855658637153,0.0,0.0
3852,1.793712982921305,2.285121324327257,1.7248261488292773,2.216212632921007,0.0,0.0
3853,1.7935863882979264,2.2851756004050925,1.724699541390118,2.216266886393229,0.0,0.0
3854,1.7934489781762448,2.2850826988691164,1.7245621312684365,2.2161739773220486,0.0,0.0
3855,1.7933181680682821,2.2850074071059994,1.7244313467920354,2.2160987006293404,0.0,0.0
3856,1.7931957504821456,2.2849877552927276,1.724308916390118,2.2160790337456597,0.0,0.0
3857,1.7930617844030905,2.2848341350790893,1.7241749631268437,2.2159254286024304,0.0,0.0
3858,1.7929236541025741,2.284868051034433,1.7240368328263274,2.2159593370225696,0.0,0.0
3859,1.7928056695857613,2.284729527602961,1.7239188675331858,2.215820821126302,0.0,0.0
3860,1.7926688420150383,2.2846971450617284,1.7237820335545724,2.2157884385850695,0.0,0.0
3861,1.792540643774552,2.2845916898750964,1.7236538417219764,2.2156829833984375,0.0,0.0
3862,1.7924104162175472,2.2846272635754246,1.723523633388643,2.2157185872395835,0.0,0.0
3863,1.792283664742621,2.2845289291570214,1.7233968819137169,2.2156202528211804,0.0,0.0
3864,1.7921511518370163,2.2844679090711804,1.7232643690081122,2.2155592176649304,0.0,0.0
3865,1.7920173490173994,2.28443876290027,1.7231305597806048,2.215530056423611,0.0,0.0
3866,1.791896208529494,2.284327204198013,1.72300942570059,2.215418497721354,0.0,0.0
3867,1.7917596626224144,2.284293973946277,1.7228728797935102,2.215385267469618,0.0,0.0
3868,1.7916323093728588,2.284156953788098,1.7227455521755162,2.215248277452257,0.0,0.0
3869,1.7914980872617217,2.284173768596885,1.722611310840708,2.215265062120226,0.0,0.0
3870,1.7913812422152637,2.2840362398124037,1.722494497833702,2.2151275634765626,0.0,0.0
3871,1.7912419852601733,2.2841098587601274,1.72235521524705,2.215201144748264,0.0,0.0
3872,1.7911119081468263,2.2839833728178047,1.7222251509494837,2.215074666341146,0.0,0.0
3873,1.7909922080165908,2.2838977540569543,1.7221054572271386,2.2149890475802954,0.0,0.0
3874,1.7908556685174015,2.2839009753568673,1.721968911320059,2.2149922688802084,0.0,0.0
3875,1.790723418051769,2.283723781256028,1.7218366864859882,2.2148150973849825,0.0,0.0
3876,1.790598996780676,2.283757727352189,1.7217122395833333,2.2148490058051213,0.0,0.0
3877,1.7904765407471968,2.2836283365885417,1.721589809181416,2.2147196451822917,0.0,0.0
3878,1.7903347967367256,2.2835933958453896,1.7214480779867256,2.2146847195095485,0.0,0.0
3879,1.790217695658186,2.2835130479600694,1.721330976908186,2.2146043565538194,0.0,0.0
3880,1.7900846066095133,2.2834781222873266,1.7211978878595133,2.2145694308810766,0.0,0.0
3881,1.7899549872350287,2.2834496693552278,1.7210682556692478,2.21454094780816,0.0,0.0
3882,1.7898237514276552,2.2833309597439237,1.7209370390855456,2.2144222683376737,0.0,0.0
3883,1.7897033439343657,2.2832887512960554,1.7208166251843657,2.214380052354601,0.0,0.0
3884,1.7895676430182166,2.28318600124783,1.720680943491888,2.21427730984158,0.0,0.0
3885,1.7894381612716084,2.2831592211311245,1.7205514553373893,2.21425052218967,0.0,0.0
3886,1.7893161501612114,2.2830834207417054,1.720429457042773,2.21417473687066,0.0,0.0
3887,1.789181908826403,2.2829908582899305,1.7202952157079645,2.2140821668836805,0.0,0.0
3888,1.78906061148695,2.282894712848428,1.720173937592183,2.213986036512587,0.0,0.0
3889,1.7889220554870233,2.282913046000916,1.7200353751843658,2.2140043470594617,0.0,0.0
3890,1.7888076846801653,2.2827311122564624,1.7199210107853982,2.213822428385417,0.0,0.0
3891,1.788673024053837,2.282808106975791,1.7197863373432891,2.213899400499132,0.0,0.0
3892,1.7885414937670394,2.2826731062524113,1.7196548326880532,2.213764444986979,0.0,0.0
3893,1.7884164643134262,2.2825751033830053,1.7195298096423304,2.2136664496527776,0.0,0.0
3894,1.7882940403193992,2.282579534083237,1.719407379240413,2.213670857747396,0.0,0.0
3895,1.7881606439755213,2.2824104855384357,1.7192740021202064,2.2135018242730036,0.0,0.0
3896,1.7880282879214646,2.2824417114257813,1.7191416332503688,2.2135330200195313,0.0,0.0
3897,1.7879157703559057,2.2822833289629147,1.7190291413163716,2.2133746676974826,0.0,0.0
3898,1.787775505150447,2.2823262607904127,1.7188888504793511,2.213417561848958,0.0,0.0
3899,1.7876507445446963,2.282153968340085,1.7187641155051623,2.213245307074653,0.0,0.0
3900,1.787527462743958,2.282216050889757,1.718640820888643,2.213307359483507,0.0,0.0
3901,1.7874006856374702,2.2819923947181233,1.7185140694137169,2.213083733452691,0.0,0.0
3902,1.7872670332615104,2.2820559880762925,1.7183804042219764,2.2131473117404514,0.0,0.0
3903,1.7871467698039878,2.2820471869574654,1.7182601343565633,2.2131384955512154,0.0,0.0
3904,1.7870183890803921,2.281823817123602,1.7181317984882005,2.212915208604601,0.0,0.0
3905,1.78688633391365,2.281921371648341,1.7179997176898967,2.2130126953125,0.0,0.0
3906,1.786764309987472,2.281767382209684,1.7178777193952803,2.2128587510850695,0.0,0.0
3907,1.7866345401693298,2.2816927987557873,1.7177479431692477,2.212784152560764,0.0,0.0
3908,1.7865079135064992,2.2816083517192323,1.7176213357300885,2.212699720594618,0.0,0.0
3909,1.7863777115810564,2.2816098926685475,1.7174911273967552,2.2127012464735243,0.0,0.0
3910,1.7862592949569425,2.2814333767361115,1.7173727299963126,2.2125247531467016,0.0,0.0
3911,1.7861247655506003,2.281472039870274,1.7172382005899705,2.21256340874566,0.0,0.0
3912,1.7860004498679318,2.281308925298997,1.7171138977230826,2.2124003092447917,0.0,0.0
3913,1.785874431387621,2.281368965808256,1.716987866426991,2.2124603271484373,0.0,0.0
3914,1.7857505734438148,2.281272002797068,1.716863995667404,2.21236334906684,0.0,0.0
3915,1.7856225000154244,2.281182461962288,1.7167359478705753,2.2122738308376735,0.0,0.0
3916,1.7854935751882128,2.2811305519386575,1.7166070358591445,2.212221950954861,0.0,0.0
3917,1.785374883308346,2.281001191315828,1.7164883503871682,2.2120925903320314,0.0,0.0
3918,1.7852410740808387,2.2810300285433547,1.7163545411596608,2.2121214124891493,0.0,0.0
3919,1.7851138712749401,2.2808392635392556,1.7162273575774336,2.211930677625868,0.0,0.0
3920,1.784991748168228,2.2809250819830247,1.7161052152470502,2.2120164659288193,0.0,0.0
3921,1.7848641068471383,2.2807478803469814,1.7159775995575222,2.211839294433594,0.0,0.0
3922,1.7847291581492761,2.280764348536362,1.7158426380438792,2.211855740017361,0.0,0.0
3923,1.78461173695975,2.2805937515070407,1.7157252488938053,2.2116851806640625,0.0,0.0
3924,1.7844861505867404,2.2806229278187695,1.7155996497050148,2.211714341905382,0.0,0.0
3925,1.7843536440890262,2.2805722498010708,1.71546713679941,2.2116636488172743,0.0,0.0
3926,1.7842313384992043,2.2804387975622102,1.7153448504332596,2.2115302191840276,0.0,0.0
3927,1.784107912662699,2.2804569611725984,1.7152214117809734,2.211548360188802,0.0,0.0
3928,1.7839768144832024,2.280259923110773,1.7150903392330383,2.211351352267795,0.0,0.0
3929,1.7838474831802515,2.280329635054977,1.7149609951143068,2.2114210340711806,0.0,0.0
3930,1.7837330931497224,2.2801495436680166,1.7148466307153392,2.211240980360243,0.0,0.0
3931,1.7835968289062862,2.280177672586323,1.7147103728797934,2.2112691243489584,0.0,0.0
3932,1.7834703398713323,2.2800150591061437,1.7145839094764013,2.2111065334743922,0.0,0.0
3933,1.7833500892295906,2.2800851176697527,1.7144636396109882,2.211176554361979,0.0,0.0
3934,1.7832228800158016,2.27984568654755,1.714336456028761,2.2109371609157984,0.0,0.0
3935,1.7830921083551814,2.2799423556857636,1.71420567155236,2.2110337999131944,0.0,0.0
3936,1.7829672229373352,2.279866216212143,1.7140807925424042,2.2109576755099827,0.0,0.0
3937,1.7828457879700057,2.2797065000180843,1.7139593703908556,2.2107979668511284,0.0,0.0
3938,1.78271097690002,2.2797300739052853,1.7138245529129794,2.210821533203125,0.0,0.0
3939,1.7825870805088715,2.2795937394507138,1.7137006821533924,2.210685221354167,0.0,0.0
3940,1.782459765706658,2.2795523787133485,1.7135733545353982,2.210643853081597,0.0,0.0
3941,1.7823301142927213,2.279438084731867,1.7134437223451326,2.210529581705729,0.0,0.0
3942,1.7821974381276784,2.279451779966001,1.713311065403761,2.2105433146158853,0.0,0.0
3943,1.7820741435111591,2.279381604606723,1.7131877707872418,2.210473124186198,0.0,0.0
3944,1.7819455067554815,2.2792305199893903,1.713059146847345,2.210322062174479,0.0,0.0
3945,1.7818156057173535,2.2792878628954476,1.7129292265855458,2.210379367404514,0.0,0.0
3946,1.781684350686309,2.279079450442467,1.7127980100018436,2.2101710001627604,0.0,0.0
3947,1.7815603551146262,2.2790932059582367,1.7126739952064898,2.2101847330729165,0.0,0.0
3948,1.7814462467477405,2.2789622817804784,1.7125599188790561,2.2100538465711805,0.0,0.0
3949,1.7813082797066624,2.2789385835624034,1.7124219326143069,2.210030110677083,0.0,0.0
3950,1.7811956245132272,2.278799536434221,1.7123092966445428,2.209891086154514,0.0,0.0
3951,1.7810608134432415,2.278871113341532,1.7121744791666667,2.209962632921007,0.0,0.0
3952,1.780941676640293,2.2787601875964505,1.7120553615873895,2.2098517523871526,0.0,0.0
3953,1.7808193902741425,2.2786559342749326,1.711933075221239,2.209747483995226,0.0,0.0
3954,1.7806953882945693,2.2786569665979455,1.7118090604258849,2.2097485012478297,0.0,0.0
3955,1.7805625680937593,2.2785269052010997,1.7116762594487462,2.2096184624565973,0.0,0.0
3956,1.7804369689049688,2.2785309817467208,1.7115506602599557,2.209622531467014,0.0,0.0
3957,1.7803292173355008,2.278401613588686,1.7114429215062685,2.209493170844184,0.0,0.0
3958,1.7801903796719305,2.2784028229890048,1.7113040710269174,2.209494357638889,0.0,0.0
3959,1.7800682181178757,2.278264107409819,1.711181928696534,2.209355672200521,0.0,0.0
3960,1.77994623263904,2.278348561981578,1.7110599304019174,2.2094401041666667,0.0,0.0
3961,1.7798301462187593,2.278197692117573,1.7109438375737462,2.2092892116970484,0.0,0.0
3962,1.7796950086298975,2.278156278633777,1.7108087320243364,2.209247843424479,0.0,0.0
3963,1.7795684011907382,2.2781355944974924,1.710682124585177,2.2092271592881945,0.0,0.0
3964,1.7794546065269479,2.27801995171441,1.7105683363292772,2.209111531575521,0.0,0.0
3965,1.7793288761181711,2.2779589617693867,1.7104425931047198,2.209050496419271,0.0,0.0
3966,1.7792038402566677,2.2779335153838733,1.710317570058997,2.2090250651041665,0.0,0.0
3967,1.7790657099561515,2.2778555184823497,1.7101794397584809,2.2089470757378473,0.0,0.0
3968,1.7789650033234836,2.277765129937066,1.7100787587573747,2.208856709798177,0.0,0.0
3969,1.7788312325433187,2.2777972261405286,1.7099449495298673,2.2088887532552084,0.0,0.0
3970,1.7787041801810777,2.277718389063706,1.709817909983407,2.2088099161783856,0.0,0.0
3971,1.7785795572032037,2.2776021999782987,1.7096933190449852,2.2086937798394097,0.0,0.0
3972,1.7784679358916988,2.2776242479865934,1.70958169132559,2.2087158203125,0.0,0.0
3973,1.7783371514152977,2.2774555611316067,1.7094509068491888,2.208547125922309,0.0,0.0
3974,1.7782050706169938,2.2774703188295717,1.709318826050885,2.2085618760850694,0.0,0.0
3975,1.778095865874075,2.277352294921875,1.709209646939528,2.208443874782986,0.0,0.0
3976,1.7779642364067436,2.277374520007475,1.7090779982485251,2.208466084798177,0.0,0.0
3977,1.7778435216182489,2.277205301920573,1.7089572962758113,2.208296881781684,0.0,0.0
3978,1.777716776551213,2.277274328161169,1.708830544800885,2.208365885416667,0.0,0.0
3979,1.7776005140557134,2.2770820297429593,1.708714307936947,2.208173624674479,0.0,0.0
3980,1.777469035032039,2.2771448055314427,1.708582803281711,2.208236355251736,0.0,0.0
3981,1.7773529165723063,2.277048814561632,1.7084667104535398,2.208140394422743,0.0,0.0
3982,1.7772274614192827,2.2769430202907985,1.7083412553005162,2.2080346001519096,0.0,0.0
3983,1.7770976851932503,2.276941679024402,1.7082114790744838,2.208033243815104,0.0,0.0
3984,1.7769805584831486,2.276818214699074,1.7080943779959439,2.2079098171657985,0.0,0.0
3985,1.7768557051047547,2.2767729921694158,1.7079694989859882,2.2078645494249134,0.0,0.0
3986,1.7767351279441366,2.2766676763840663,1.7078489410490414,2.207759263780382,0.0,0.0
3987,1.7766050700544604,2.2767121190200617,1.7077188767514748,2.2078036838107638,0.0,0.0
3988,1.7764904047681782,2.2765083068094136,1.7076042242809735,2.207599894205729,0.0,0.0
3989,1.776357623014711,2.2765648020049674,1.7074714233038348,2.2076563517252605,0.0,0.0
3990,1.7762472852093278,2.2765464839228877,1.7073610919063422,2.2076380411783854,0.0,0.0
3991,1.7761148907079283,2.2763584240571952,1.7072287230365044,2.207450018988715,0.0,0.0
3992,1.77599636849539,2.2763921930760516,1.707110181600295,2.2074837578667537,0.0,0.0
3993,1.7758730482473093,2.2762648292824075,1.7069868869837759,2.207356431749132,0.0,0.0
3994,1.7757503425896388,2.276235366632909,1.7068641685103245,2.2073269314236112,0.0,0.0
3995,1.7756271663773249,2.2761346284842787,1.7067410179295723,2.2072262234157987,0.0,0.0
3996,1.7755046239790926,2.2761368777428146,1.7066184434918878,2.2072284274631078,0.0,0.0
3997,1.7753838899669265,2.2759993338879245,1.706497741519174,2.2070909288194445,0.0,0.0
3998,1.7752575770071917,2.276031731499566,1.7063714221515487,2.207123311360677,0.0,0.0
3999,1.775148529115821,2.2759057541835457,1.7062623870759588,2.206997341579861,0.0,0.0
4000,1.7750101235595515,2.2759167894904997,1.7061239687039085,2.2070083618164062,0.0,0.0
4001,1.774897474774007,2.2757914752724733,1.7060113327341446,2.206883070203993,0.0,0.0
4002,1.7747780627153051,2.2758045300142267,1.7058919270833333,2.2068961249457466,0.0,0.0
4003,1.7746573671504815,2.2756687418619794,1.7057712251106194,2.2067603217230904,0.0,0.0
4004,1.7745222616010716,2.275704006618924,1.7056361195612095,2.206795586480035,0.0,0.0
4005,1.774416526532341,2.275660080144435,1.7055303973082596,2.206751675075955,0.0,0.0
4006,1.7742912282308652,2.2755560114354263,1.7054050861910028,2.2066475762261284,0.0,0.0
4007,1.774163029990379,2.2755398974006558,1.7052768943584071,2.2066314697265623,0.0,0.0
4008,1.7740483454804252,2.275452707549672,1.7051622418879055,2.2065443250868055,0.0,0.0
4009,1.7739279315792453,2.2754201630015434,1.7050418279867257,2.2065117730034722,0.0,0.0
4010,1.7738060901361767,2.275324563862365,1.7049199737278762,2.2064161512586806,0.0,0.0
4011,1.7736781799672243,2.275310152783806,1.7047920699668142,2.2064017401801217,0.0,0.0
4012,1.7735632073857366,2.2751291986159337,1.7046771294247787,2.2062208387586804,0.0,0.0
4013,1.7734431200034333,2.2752009752061633,1.7045570035951327,2.2062925550672743,0.0,0.0
4014,1.7733206511541733,2.2750703825774017,1.7044345731932153,2.2061620076497395,0.0,0.0
4015,1.7731897418656763,2.2750990728684415,1.7043036446810471,2.206190660264757,0.0,0.0
4016,1.7730816830010032,2.274937962661555,1.704195617855826,2.206029595269097,0.0,0.0
4017,1.7729634616757797,2.2749720933702258,1.7040773644911504,2.206063673231337,0.0,0.0
4018,1.7728329332314605,2.2747908076533565,1.7039468680862833,2.2058824327256943,0.0,0.0
4019,1.7727073404505602,2.274860674069252,1.7038212688974925,2.2059522840711807,0.0,0.0
4020,1.7726010484624328,2.2747077546296297,1.703714970501475,2.205799357096354,0.0,0.0
4021,1.7724767391876548,2.274733363022039,1.703590667634587,2.205824957953559,0.0,0.0
4022,1.7723480960240867,2.2745714126398537,1.7034620436946903,2.205663045247396,0.0,0.0
4023,1.7722338884766669,2.2746429895471647,1.7033478233314896,2.205734592013889,0.0,0.0
4024,1.7721170626538802,2.274447330427759,1.7032310103244839,2.2055389404296877,0.0,0.0
4025,1.7719894597801331,2.2744761676552856,1.7031033946349559,2.2055677625868055,0.0,0.0
4026,1.771869740426226,2.2743496591073495,1.7029837009126105,2.2054412841796873,0.0,0.0
4027,1.7717494897844845,2.2743646240234376,1.7028634310471977,2.2054562038845487,0.0,0.0
4028,1.7716318061549863,2.2743151026596258,1.70274575382559,2.2054066975911457,0.0,0.0
4029,1.7715060244830863,2.2741461859809027,1.7026200106010325,2.2052378336588543,0.0,0.0
4030,1.7713985930246041,2.274253875355662,1.702512559918879,2.2053454928927954,0.0,0.0
4031,1.7712678021403125,2.273990568938079,1.702381775442478,2.2050821940104166,0.0,0.0
4032,1.7711468249118456,2.274073674708237,1.7022607853982301,2.205165269639757,0.0,0.0
4033,1.771034601825711,2.2739203785083912,1.7021485815357669,2.205012003580729,0.0,0.0
4034,1.7709116145043973,2.273952290099344,1.7020255749907818,2.2050438774956596,0.0,0.0
4035,1.7707861273119214,2.273772699803482,1.7019001198377581,2.204864332411024,0.0,0.0
4036,1.7706653005271118,2.2738269758813177,1.7017792738292772,2.2049185858832465,0.0,0.0
4037,1.7705622893221729,2.2737440547236694,1.7016762882558998,2.204835679796007,0.0,0.0
4038,1.7704276286958442,2.2736162501205635,1.7015416148137905,2.2047078450520834,0.0,0.0
4039,1.7703079285656087,2.273598263587481,1.7014219210914454,2.20468987358941,0.0,0.0
4040,1.7701879403638392,2.2735674069251544,1.7013019392975663,2.204659016927083,0.0,0.0
4041,1.7700823557387662,2.273381743254485,1.7011963610803835,2.204473368326823,0.0,0.0
4042,1.7699458290553576,2.2735013005762927,1.7010598151733038,2.2045928955078127,0.0,0.0
4043,1.769829566559858,2.27332290461034,1.7009435783093658,2.204414537217882,0.0,0.0
4044,1.7697165177064642,2.2733385552300347,1.700830510232301,2.2044301350911457,0.0,0.0
4045,1.7695959405458461,2.273193057966821,1.700709952295354,2.20428466796875,0.0,0.0
4046,1.7694706166128087,2.273260166497878,1.7005846411780974,2.204351806640625,0.0,0.0
4047,1.7693568155411281,2.273109428499952,1.7004708529221977,2.204201083713108,0.0,0.0
4048,1.7692359887563185,2.273101328155141,1.7003500069137167,2.204192945692274,0.0,0.0
4049,1.7691213170621458,2.2730155172465762,1.7002353544432154,2.204107157389323,0.0,0.0
4050,1.768995004102411,2.272965509862076,1.70010903507559,2.204057142469618,0.0,0.0
4051,1.768879349789431,2.272971635983314,1.6999933743547198,2.204063245985243,0.0,0.0
4052,1.7687589294803607,2.2728590600284533,1.6998729604535399,2.203950670030382,0.0,0.0
4053,1.768643118315833,2.272864131221065,1.6997571556969027,2.2039557562934027,0.0,0.0
4054,1.7685244264359663,2.272679345401717,1.6996384702249263,2.203770955403646,0.0,0.0
4055,1.7683986896192991,2.272763777367863,1.6995127270003687,2.2038553873697917,0.0,0.0
4056,1.768280973950349,2.2725799409842784,1.699395049778761,2.203671603732639,0.0,0.0
4057,1.7681741250428251,2.2726423626181522,1.6992881752396756,2.2037339952256945,0.0,0.0
4058,1.768044323185231,2.2724199007764274,1.699158399013643,2.2035115559895835,0.0,0.0
4059,1.767925080793858,2.2725150440357353,1.699039137398599,2.203606669108073,0.0,0.0
4060,1.7678069394254974,2.272326298466435,1.6989210280696903,2.20341796875,0.0,0.0
4061,1.7676953373376636,2.272343305422936,1.698809400350295,2.2034349229600694,0.0,0.0
4062,1.7675724491968838,2.272290208604601,1.6986865378410767,2.2033818562825522,0.0,0.0
4063,1.7674454032425333,2.272252547652633,1.6985594982946166,2.203344217936198,0.0,0.0
4064,1.7673389608107486,2.272142884054302,1.698453055862832,2.2032345241970486,0.0,0.0
4065,1.767214808387518,2.2721686544536075,1.698328897031711,2.203260294596354,0.0,0.0
4066,1.7670943688547764,2.272021631311487,1.698208483130531,2.203113301595052,0.0,0.0
4067,1.7669745182808834,2.2720054946711032,1.6980886453724189,2.203097195095486,0.0,0.0
4068,1.7668595713309576,2.271785937650704,1.6979737048303836,2.202877638075087,0.0,0.0
4069,1.7667365711938627,2.2718742992259835,1.6978506982853983,2.2029659695095485,0.0,0.0
4070,1.7666164261405457,2.2716526775595582,1.6977305724557523,2.202744377983941,0.0,0.0
4071,1.7664941589980663,2.271683748975212,1.6976082860896018,2.202775404188368,0.0,0.0
4072,1.7663793368602363,2.271541295934606,1.6974934895833333,2.2026329888237846,0.0,0.0
4073,1.7662574826013868,2.271520619333526,1.6973716353244839,2.2026123046875,0.0,0.0
4074,1.766139949415546,2.271367522816599,1.6972541021386431,2.202459208170573,0.0,0.0
4075,1.7660143502267553,2.271374134958526,1.6971285029498524,2.2024658203125,0.0,0.0
4076,1.7658949189443824,2.2712330457899306,1.6970090972990413,2.2023247612847223,0.0,0.0
4077,1.7657866232712986,2.2711498307593074,1.6969007824022861,2.2022415161132813,0.0,0.0
4078,1.765654804912967,2.2710719807942708,1.6967689896755163,2.2021636962890625,0.0,0.0
4079,1.7655351304142932,2.2710750626929013,1.6966492959531712,2.202166748046875,0.0,0.0
4080,1.7654253495283065,2.2709254964192707,1.6965395406987462,2.2020172119140624,0.0,0.0
4081,1.765300326482584,2.2708956570095484,1.6964145176530236,2.20198737250434,0.0,0.0
4082,1.7651788915152546,2.2708144388081113,1.696293095501475,2.2019061618381075,0.0,0.0
4083,1.765062792279193,2.270798324773341,1.6961770026733038,2.201890055338542,0.0,0.0
4084,1.7649472691861994,2.270618610146605,1.6960614859882006,2.2017103407118057,0.0,0.0
4085,1.7648185076184262,2.2706252298237364,1.695932718012537,2.2017169528537326,0.0,0.0
4086,1.7647101478664378,2.2705083550347225,1.6958244031157816,2.2016001383463544,0.0,0.0
4087,1.7645841357940177,2.2705046627845293,1.6956983718196903,2.201596408420139,0.0,0.0
4088,1.7644648485474117,2.270328647943191,1.695579110204646,2.201420423719618,0.0,0.0
4089,1.7643469024779415,2.2703819143036266,1.6954611449115045,2.201473659939236,0.0,0.0
4090,1.7642336647335477,2.2701804681471836,1.6953479327986725,2.201272243923611,0.0,0.0
4091,1.7641046150942405,2.2702394914038386,1.6952188767514749,2.2013312445746527,0.0,0.0
4092,1.7639836058263216,2.270064154730903,1.695097886707227,2.2011559380425347,0.0,0.0
4093,1.7638833825640778,2.2700859013310186,1.6949976378134217,2.2011776394314237,0.0,0.0
4094,1.7637512761342127,2.2699698968581212,1.694865557015118,2.2010616726345487,0.0,0.0
4095,1.7636272741546393,2.269933637454186,1.694741542219764,2.201025390625,0.0,0.0
4096,1.7635200859124582,2.2698308572651427,1.6946343796091445,2.200922648111979,0.0,0.0
4097,1.7634050141504367,2.2697975026825326,1.6945192950313421,2.200889248318142,0.0,0.0
4098,1.763275506772267,2.2696725200135033,1.6943898068768437,2.2007642957899307,0.0,0.0
4099,1.76315308277824,2.2696689596293886,1.6942673764749263,2.200760735405816,0.0,0.0
4100,1.7630495210617945,2.269532154224537,1.6941638147584808,2.2006239149305555,0.0,0.0
4101,1.7629211723776508,2.2695346822856384,1.694035478890118,2.200626458062066,0.0,0.0
4102,1.76280074566069,2.2693900478033373,1.693915064988938,2.2004818386501737,0.0,0.0
4103,1.7626827931833293,2.2693832962601275,1.6937970996957965,2.200475056966146,0.0,0.0
4104,1.762568271932814,2.269266975308642,1.693682591261062,2.2003587510850693,0.0,0.0
4105,1.7624429608155572,2.269248163670669,1.6935572801438052,2.200339931911892,0.0,0.0
4106,1.762331464316148,2.269080478997878,1.693445796460177,2.2001722547743054,0.0,0.0
4107,1.7622049945048652,2.2691372454607928,1.6933193330567846,2.200229051378038,0.0,0.0
4108,1.7620874420953534,2.2689932891468945,1.6932017998709439,2.2000851101345487,0.0,0.0
4109,1.761978269391887,2.2690019508644386,1.693092620759587,2.200093756781684,0.0,0.0
4110,1.7618512234375363,2.268824108736015,1.6929655812131268,2.1999159071180556,0.0,0.0
4111,1.7617296700660017,2.2688878791714893,1.6928440150258113,2.1999796549479167,0.0,0.0
4112,1.7616139708977887,2.268709460599923,1.692728354304941,2.199801296657986,0.0,0.0
4113,1.761502944953023,2.2686957879714025,1.6926173027286135,2.19978756374783,0.0,0.0
4114,1.7613744394173316,2.2685690948109567,1.6924888228244839,2.199660915798611,0.0,0.0
4115,1.7612540383319324,2.2686243881413968,1.6923684089233038,2.1997161865234376,0.0,0.0
4116,1.7611477207122435,2.268438894012828,1.6922621105272861,2.1995307074652777,0.0,0.0
4117,1.7610224160028773,2.2684404274269387,1.6921367994100296,2.199532233344184,0.0,0.0
4118,1.7609002608567128,2.2683488671573593,1.692014657079646,2.199440680609809,0.0,0.0
4119,1.7607861781213887,2.268345977406443,1.6919005807522123,2.199437798394097,0.0,0.0
4120,1.7606732476722005,2.26816219376929,1.6917876567109145,2.1992540147569444,0.0,0.0
4121,1.760546797084589,2.2681998471860534,1.691661193307522,2.1992916531032987,0.0,0.0
4122,1.7604326951255937,2.268037734796972,1.6915471169800884,2.199129570855035,0.0,0.0
4123,1.7603140288772885,2.2680813447928725,1.691428431508112,2.1991731431749133,0.0,0.0
4124,1.7601953113658602,2.2678807388117286,1.6913097460361357,2.1989725748697917,0.0,0.0
4125,1.7600743405452837,2.2679587583188656,1.691188755991888,2.199050564236111,0.0,0.0
4126,1.7599651422102554,2.267746469003183,1.691079576880531,2.198838297526042,0.0,0.0
4127,1.7598406824918196,2.2678303697374136,1.690955129977876,2.1989222208658856,0.0,0.0
4128,1.759719823667558,2.2676348726249036,1.6908342839693953,2.1987267388237846,0.0,0.0
4129,1.759614258266156,2.267670159987462,1.6907287057522125,2.1987620035807294,0.0,0.0
4130,1.7594932554061273,2.2675156995985244,1.6906077157079646,2.1986075507269964,0.0,0.0
4131,1.7593676562173368,2.267563016915027,1.6904821165191741,2.1986548529730903,0.0,0.0
4132,1.759254431288724,2.267396157347126,1.6903689044063421,2.198488023546007,0.0,0.0
4133,1.759141231991673,2.267383147816599,1.6902556922935104,2.1984749688042533,0.0,0.0
4134,1.7590223896681487,2.2673076714409723,1.690136862785767,2.1983995225694444,0.0,0.0
4135,1.7588946235349634,2.26728375846957,1.690009103060472,2.1983756171332467,0.0,0.0
4136,1.7587926398040643,2.267132534450955,1.6899071257374632,2.1982243855794272,0.0,0.0
4137,1.7586656066654942,2.2671221999180173,1.6897800861910028,2.198214043511285,0.0,0.0
4138,1.7585490625063513,2.266993671935282,1.689663561255531,2.1980855305989584,0.0,0.0
4139,1.7584338338927819,2.267048256956501,1.6895483326419616,2.198140123155382,0.0,0.0
4140,1.7583180099124733,2.2667891815562307,1.6894325278853244,2.197881062825521,0.0,0.0
4141,1.7581957427699944,2.266878390842014,1.689310241519174,2.197970241970486,0.0,0.0
4142,1.7580800564175623,2.2667084719810955,1.6891945807983038,2.1978003607855903,0.0,0.0
4143,1.757964984655541,2.266740052023052,1.6890794962205016,2.1978318956163196,0.0,0.0
4144,1.7578425350299522,2.266567590030623,1.6889570658185842,2.197659471299913,0.0,0.0
4145,1.7577261605381376,2.2665384438597127,1.688840684918879,2.1976303100585937,0.0,0.0
4146,1.7576181208971355,2.266490779923804,1.688732658093658,2.1975826687282987,0.0,0.0
4147,1.7574939748817955,2.2664155333719136,1.688608499262537,2.19750739203559,0.0,0.0
4148,1.7573756958855582,2.2663181785300925,1.6884902458978615,2.197410074869792,0.0,0.0
4149,1.7572577370003069,2.2663073429060567,1.6883722806047197,2.197399224175347,0.0,0.0
4150,1.7571495597314284,2.266185110586661,1.6882641097437316,2.1972769843207467,0.0,0.0
4151,1.75702091015997,2.2661984592013886,1.6881354858038349,2.1972903781467013,0.0,0.0
4152,1.756908549445959,2.266062817985629,1.6880231379056048,2.197154744466146,0.0,0.0
4153,1.7567965152508247,2.26602215802228,1.6879110780789086,2.1971140543619794,0.0,0.0
4154,1.7566801215353387,2.2659363697193284,1.6877946971792035,2.1970282660590277,0.0,0.0
4155,1.7565524994379202,2.2659678970148533,1.6876670814896755,2.197059800889757,0.0,0.0
4156,1.7564487744620365,2.2657827344352817,1.687563375737463,2.1968746609157987,0.0,0.0
4157,1.756330677948909,2.2657888680917244,1.6874452664085546,2.1968807644314237,0.0,0.0
4158,1.7562089420942646,2.265650653603636,1.687323556185472,2.1967425876193576,0.0,0.0
4159,1.7560917097957387,2.2656923835660203,1.6872063110711653,2.1967842949761285,0.0,0.0
4160,1.7559803509242062,2.2655036681375385,1.687094971423304,2.1965955946180555,0.0,0.0
4161,1.755865560825828,2.265518263828607,1.6869801749170354,2.1966101752387153,0.0,0.0
4162,1.7557452717367439,2.265461267541956,1.6868599050516224,2.196553209092882,0.0,0.0
4163,1.755631784368159,2.2653442985628858,1.6867464048672567,2.196436225043403,0.0,0.0
4164,1.7555140879228799,2.2652954553674767,1.6866287276456489,2.1963873969184027,0.0,0.0
4165,1.7553977198389559,2.2652661471896702,1.686512346745944,2.196358066134983,0.0,0.0
4166,1.7552925416896217,2.2652035484784916,1.686407200636062,2.1962955050998265,0.0,0.0
4167,1.755164788372217,2.265099464699074,1.6862794409107669,2.19619140625,0.0,0.0
4168,1.7550525781018635,2.265016373999325,1.6861672370483038,2.19610833062066,0.0,0.0
4169,1.7549377880034855,2.2650455503110534,1.6860524405420354,2.1961374918619794,0.0,0.0
4170,1.754829309847292,2.2648790448977625,1.6859439816095132,2.1959710015190974,0.0,0.0
4171,1.7547021326729555,2.26493975604022,1.6858167980272862,2.196031697591146,0.0,0.0
4172,1.754586596764181,2.2647501778308254,1.685701281342183,2.1958421495225693,0.0,0.0
4173,1.7544862230582798,2.264795652789834,1.6856008884126106,2.1958875868055556,0.0,0.0
4174,1.7543610367531188,2.2646928952064043,1.685475721331121,2.1957848442925347,0.0,0.0
4175,1.7542413238071026,2.2646426730685763,1.6853560276087758,2.195734659830729,0.0,0.0
4176,1.7541360144377824,2.264556345998505,1.685250737463127,2.195648362901476,0.0,0.0
4177,1.7540241306863051,2.2645431819962867,1.6851388216721976,2.1956351386176216,0.0,0.0
4178,1.7539015306170593,2.264462773829331,1.6850162472345134,2.1955547756618925,0.0,0.0
4179,1.7537831332166167,2.2644285413953993,1.6848978498340708,2.195520528157552,0.0,0.0
4180,1.7536781311425018,2.2643346150716144,1.6847928477599559,2.195426601833767,0.0,0.0
4181,1.7535581493486228,2.2643273398316937,1.6846728659660768,2.1954193115234375,0.0,0.0
4182,1.7534457822267213,2.2642554238401815,1.6845605180678467,2.195347425672743,0.0,0.0
4183,1.7533305600210423,2.2642086452907986,1.6844452894542772,2.1953006320529513,0.0,0.0
4184,1.7532161763984035,2.2640826529043694,1.6843309250553098,2.1951746622721355,0.0,0.0
4185,1.75310354683653,2.2641781277126736,1.6842182890855457,2.1952701144748263,0.0,0.0
4186,1.75299493105246,2.26399636351032,1.6841096861172566,2.195088365342882,0.0,0.0
4187,1.7528733648651442,2.264064180350598,1.683988119929941,2.1951561821831596,0.0,0.0
4188,1.7527565390423578,2.2639375173309704,1.6838713069229352,2.195029534233941,0.0,0.0
4189,1.7526590268281248,2.263955997419946,1.6837737947087021,2.1950480143229165,0.0,0.0
4190,1.752538744146931,2.263852060577016,1.6836535248432891,2.194944085015191,0.0,0.0
4191,1.752417622882697,2.2638541026174286,1.6835323907632744,2.194946119520399,0.0,0.0
4192,1.752307547517286,2.2637572639371144,1.6834223474373156,2.194849310980903,0.0,0.0
4193,1.7522032848456772,2.263755783269435,1.6833180655420354,2.1948477851019965,0.0,0.0
4194,1.7520845609263582,2.2636945032190394,1.683199380070059,2.1947865804036457,0.0,0.0
4195,1.7519621369323313,2.2636719767252607,1.6830769496681417,2.1947640313042536,0.0,0.0
4196,1.7518624449579225,2.263498851634838,1.682977276917404,2.1945909288194443,0.0,0.0
4197,1.7517475300474488,2.2636291051793984,1.6828623363753688,2.194721137152778,0.0,0.0
4198,1.7516257813770237,2.263464604130498,1.6827406261522861,2.1945566813151043,0.0,0.0
4199,1.7515219444048253,2.2635034368067615,1.6826367763643069,2.1945955064561633,0.0,0.0
4200,1.7514041103316698,2.2633137267312886,1.6825189551069322,2.194405788845486,0.0,0.0
4201,1.7512972422004747,2.2634215555073305,1.6824120805678466,2.194513617621528,0.0,0.0
4202,1.7511768090756235,2.2632531625253183,1.6822916666666667,2.1943452623155384,0.0,0.0
4203,1.7510713877099884,2.2632637118115837,1.6821862324852508,2.194355773925781,0.0,0.0
4204,1.750951098620904,2.263139584388262,1.6820659626198378,2.1942316691080728,0.0,0.0
4205,1.7508458148831456,2.2631728221752025,1.681960672474189,2.194264899359809,0.0,0.0
4206,1.7507325835466423,2.263045480987172,1.681847460361357,2.1941375732421875,0.0,0.0
4207,1.7506141669225286,2.2629271104600694,1.6817290629609145,2.194019232855903,0.0,0.0
4208,1.7505029777183245,2.2630274944540894,1.68161786734882,2.194119601779514,0.0,0.0
4209,1.7504007059158913,2.262833538290895,1.6815156019542772,2.1939256456163196,0.0,0.0
4210,1.750281732372381,2.2629451045283564,1.6813966284107669,2.1940372043185765,0.0,0.0
4211,1.750162733197309,2.262757553288966,1.6812776548672566,2.1938496907552083,0.0,0.0
4212,1.7500636494054205,2.262766731168017,1.681178558259587,2.193858846028646,0.0,0.0
4213,1.7499491217470147,2.2626768437138307,1.6810640498248526,2.1937689887152776,0.0,0.0
4214,1.7498295784683269,2.2627075459044654,1.6809445001382743,2.1937996758355034,0.0,0.0
4215,1.7497271562222363,2.2625290030020255,1.6808420907079646,2.1936211480034724,0.0,0.0
4216,1.7496125165675156,2.2626102438090756,1.680727438237463,2.1937023586697046,0.0,0.0
4217,1.7495001174061622,2.262391960238233,1.680615090339233,2.193484157986111,0.0,0.0
4218,1.7493926795397896,2.262519486038773,1.6805076396570797,2.193611653645833,0.0,0.0
4219,1.7492824921780639,2.2623289056471836,1.680397452295354,2.1934210883246528,0.0,0.0
4220,1.7491659736504823,2.2623808081356094,1.680280927359882,2.193472968207465,0.0,0.0
4221,1.7490538881922246,2.262245144314236,1.6801688675331858,2.19333733452691,0.0,0.0
4222,1.7489484732344798,2.2623285967038003,1.6800634333517699,2.1934207492404516,0.0,0.0
4223,1.7488303382740098,2.2621210470317323,1.6799453240228615,2.1932132297092015,0.0,0.0
4224,1.7487236077706911,2.2621020583164544,1.6798385935195428,2.1931942409939236,0.0,0.0
4225,1.7486145726951012,2.2620581619827833,1.6797295584439529,2.1931503295898436,0.0,0.0
4226,1.748498767938464,2.2620922324098185,1.6796137536873157,2.193184407552083,0.0,0.0
4227,1.7483884109094097,2.261926043475116,1.679503422289823,2.193018256293403,0.0,0.0
4228,1.7482853069318267,2.2619767817744503,1.6794002926806784,2.1930689493815105,0.0,0.0
4229,1.748166019685221,2.2618992708936148,1.6792810310656343,2.192991468641493,0.0,0.0
4230,1.7480522314293212,2.261880274643133,1.6791672428097346,2.1929724799262154,0.0,0.0
4231,1.7479571550073456,2.261711727189429,1.67907217920354,2.192803955078125,0.0,0.0
4232,1.7478393465657518,2.261762635030864,1.6789543579461652,2.192854817708333,0.0,0.0
4233,1.7477194831760778,2.261631872860002,1.678834520188053,2.192724100748698,0.0,0.0
4234,1.7476215324466537,2.2616635772328317,1.6787365758665191,2.1927558051215277,0.0,0.0
4235,1.747508608405356,2.261524737322772,1.6786236518252213,2.192616950141059,0.0,0.0
4236,1.747393949526964,2.2615091168438948,1.6785089993547198,2.192601352267795,0.0,0.0
4237,1.7472755521265215,2.26153133439429,1.6783906019542774,2.192623562282986,0.0,0.0
4238,1.747183932562953,2.261319391698013,1.6782989952064897,2.192411634657118,0.0,0.0
4239,1.7470642452484983,2.26139943063995,1.6781793014841446,2.192491658528646,0.0,0.0
4240,1.7469488533754907,2.2612898763020834,1.6780639288348083,2.1923821343315972,0.0,0.0
4241,1.7468435760456227,2.261316030996817,1.6779586386891594,2.192408243815104,0.0,0.0
4242,1.7467339135638416,2.2612021778247975,1.6778490274705016,2.192294481065538,0.0,0.0
4243,1.7466240399052113,2.261234605577257,1.6777391281803098,2.192326863606771,0.0,0.0
4244,1.7465132571767463,2.261067414460359,1.6776283646755161,2.1921596950954862,0.0,0.0
4245,1.746399475328737,2.261083189410928,1.6775145764196164,2.1921754625108507,0.0,0.0
4246,1.746294754918266,2.2610367273401333,1.6774098624170355,2.1921290079752604,0.0,0.0
4247,1.7461868785367018,2.2609799458068096,1.6773019796275812,2.192072211371528,0.0,0.0
4248,1.7460680298052873,2.260921947337963,1.6771831501198378,2.19201422797309,0.0,0.0
4249,1.7459572727083843,2.2609534897038968,1.6770723866150443,2.1920457628038195,0.0,0.0
4250,1.7458642063792558,2.2607968252676507,1.676979339509587,2.191889105902778,0.0,0.0
4251,1.7457400539560253,2.26081733232663,1.6768551806784662,2.1919096204969617,0.0,0.0
4252,1.7456276932420143,2.260649979202836,1.676742832780236,2.1917422824435766,0.0,0.0
4253,1.7455326424516004,2.26072240382065,1.6766477691740413,2.191814676920573,0.0,0.0
4254,1.745417093727045,2.260595710660205,1.6765322524889381,2.1916880289713543,0.0,0.0
4255,1.7452998614285191,2.2606476131486306,1.6764150073746313,2.1917399088541667,0.0,0.0
4256,1.745195278645924,2.2604714363003957,1.676310437407817,2.191563754611545,0.0,0.0
4257,1.7450892683214403,2.260539437753183,1.6762044270833334,2.1916317409939237,0.0,0.0
4258,1.7449725801265301,2.2604485330463926,1.6760877581120943,2.1915408664279514,0.0,0.0
4259,1.7448717679054377,2.260331409595631,1.6759869330752213,2.1914237128363716,0.0,0.0
4260,1.7447553677820615,2.2603084837360146,1.6758705521755162,2.191400824652778,0.0,0.0
4261,1.7446482115793325,2.26036513340326,1.6757633895648967,2.1914574517144096,0.0,0.0
4262,1.7445443489755723,2.2602071050950037,1.6756595397769174,2.1912994384765625,0.0,0.0
4263,1.7444249433247612,2.260229145568094,1.6755401341261063,2.1913214789496527,0.0,0.0
4264,1.7443180559698948,2.2601367300528064,1.6754332595870207,2.191229078504774,0.0,0.0
4265,1.7442179639276372,2.260052829318576,1.6753331547289823,2.1911451551649304,0.0,0.0
4266,1.744100987661193,2.2600068608036747,1.6752161976862094,2.1910992092556425,0.0,0.0
4267,1.7439874938847177,2.2600412929205245,1.6751026975018437,2.1911336263020833,0.0,0.0
4268,1.7438902569262378,2.2598371491608793,1.6750054733591446,2.190929497612847,0.0,0.0
4269,1.7437750347205587,2.2599743087203414,1.6748902447455751,2.191066657172309,0.0,0.0
4270,1.743656906167979,2.259799819757909,1.6747721354166667,2.1908921983506944,0.0,0.0
4271,1.743564716869233,2.2596980944974923,1.6746799525258111,2.190790473090278,0.0,0.0
4272,1.7434448855190114,2.2596564022111303,1.6745601147676992,2.190748765733507,0.0,0.0
4273,1.74333974581702,2.2597164276499804,1.6744549686578172,2.1908087836371526,0.0,0.0
4274,1.743229395195856,2.259566190743152,1.6743446372603246,2.1906585693359375,0.0,0.0
4275,1.7431242426780837,2.2595053175937982,1.6742394911504426,2.1905977037217883,0.0,0.0
4276,1.7430090204724045,2.259508037802614,1.674124262536873,2.1906004163953994,0.0,0.0
4277,1.742907030333615,2.259371541341146,1.6740222852138642,2.1904639350043404,0.0,0.0
4278,1.7427932484856057,2.2594637873143326,1.6739084969579645,2.190556165907118,0.0,0.0
4279,1.742685922615548,2.2591935070650075,1.6738011903115781,2.190285915798611,0.0,0.0
4280,1.7425843966235113,2.259256614402488,1.67369964509587,2.1903489854600693,0.0,0.0
4281,1.742467708428601,2.2592118176118827,1.6735829761246312,2.190304226345486,0.0,0.0
4282,1.742355936673439,2.2592211574978296,1.673471204369469,2.190313551161024,0.0,0.0
4283,1.7422614299866408,2.2590507450810184,1.6733767169063423,2.1901431613498263,0.0,0.0
4284,1.742143202253527,2.2591058839397666,1.6732584635416667,2.1901982625325522,0.0,0.0
4285,1.7420341415463751,2.2590022485050154,1.6731494284660766,2.1900946723090278,0.0,0.0
4286,1.741928425701316,2.2589727632499037,1.673043706213127,2.190065171983507,0.0,0.0
4287,1.7418252832763903,2.2588108354733314,1.6729405766039822,2.1899032592773438,0.0,0.0
4288,1.7417091968561098,2.258885611074942,1.6728244837758113,2.18997802734375,0.0,0.0
4289,1.7416085094471132,2.258720469533661,1.6727238027747051,2.1898128933376735,0.0,0.0
4290,1.7414925670625994,2.2588435721691744,1.6726078539823008,2.189935980902778,0.0,0.0
4291,1.7413871072496216,2.258624486099055,1.6725024198008849,2.1897169325086807,0.0,0.0
4292,1.7412865831000635,2.258662147051022,1.6724018828355458,2.1897545708550346,0.0,0.0
4293,1.7411710600070698,2.2585356686439044,1.6722863661504426,2.189628092447917,0.0,0.0
4294,1.741061448788412,2.2585831404320986,1.6721767549317847,2.189675564236111,0.0,0.0
4295,1.7409639173505078,2.258415094069493,1.6720792427175517,2.189507548014323,0.0,0.0
4296,1.740850724461347,2.258472267433449,1.6719660306047197,2.189564683702257,0.0,0.0
4297,1.7407383509315553,2.2583810161072533,1.6718536827064896,2.1894734700520835,0.0,0.0
4298,1.740634225887823,2.258338306568287,1.6717495448469764,2.189430745442708,0.0,0.0
4299,1.7405317972338419,2.2582809862678435,1.6716471354166667,2.1893734402126737,0.0,0.0
4300,1.7404161493287527,2.258201994719329,1.6715314746957965,2.18929443359375,0.0,0.0
4301,1.7403203463200518,2.2581185574001736,1.671435690910767,2.1892110188802083,0.0,0.0
4302,1.740202393842691,2.2582542212215473,1.6713177256176253,2.189346652560764,0.0,0.0
4303,1.7401015367663657,2.2580419017650466,1.6712169005807522,2.1891343858506946,0.0,0.0
4304,1.7399953952218958,2.2580492146809896,1.6711107462205015,2.1891416761610243,0.0,0.0
4305,1.7398818822217492,2.258002583068094,1.6709972460361358,2.189095052083333,0.0,0.0
4306,1.7397749948668828,2.257940847137828,1.6708903714970502,2.1890333387586804,0.0,0.0
4307,1.7396781964235943,2.257797406985436,1.670793579461652,2.188889906141493,0.0,0.0
4308,1.7395623980748474,2.257898476683063,1.6706777747050148,2.188990953233507,0.0,0.0
4309,1.7394490227025774,2.257740256227093,1.670564418556416,2.188832770453559,0.0,0.0
4310,1.7393545352394506,2.2577514610761478,1.6704699310932891,2.1888439602322047,0.0,0.0
4311,1.739247209369393,2.2576539517626353,1.6703626244469028,2.1887464735243056,0.0,0.0
4312,1.7391289624126078,2.2576014012466246,1.6702443710822272,2.1886939154730904,0.0,0.0
4313,1.73903114931106,2.257537807888455,1.6701465707964602,2.1886303371853297,0.0,0.0
4314,1.7389241371440978,2.2575688491632913,1.6700395522216076,2.188661363389757,0.0,0.0
4315,1.7388159342436573,2.2574370772750285,1.6699313813606194,2.188529629177517,0.0,0.0
4316,1.7387073440911491,2.2574299791124135,1.6698227783923303,2.1885225084092883,0.0,0.0
4317,1.738602905344321,2.2573616310402196,1.669718352461283,2.188454182942708,0.0,0.0
4318,1.7384963188767695,2.257311454113619,1.6696117659937315,2.188403998480903,0.0,0.0
4319,1.7383936021512547,2.257150713131751,1.6695090684918878,2.1882432725694443,0.0,0.0
4320,1.7382766515163723,2.2572768599898723,1.669392111449115,2.188369411892361,0.0,0.0
4321,1.7381720559179965,2.257116936577691,1.669287541482301,2.1882095336914062,0.0,0.0
4322,1.7380761280972,2.2571062780309603,1.6691916136615044,2.1881988525390623,0.0,0.0
4323,1.7379588573513314,2.257034022955247,1.6690743685471976,2.188126627604167,0.0,0.0
4324,1.7378462213815673,2.256969581886574,1.6689617325774335,2.1880622016059026,0.0,0.0
4325,1.7377560421756688,2.256877350983796,1.6688715661873157,2.187969970703125,0.0,0.0
4326,1.7376384961740472,2.2569782285337094,1.668754033001475,2.188070848253038,0.0,0.0
4327,1.7375297235384293,2.256802552776572,1.6686452859974188,2.1878952026367187,0.0,0.0
4328,1.7374268948165996,2.2567852594823012,1.6685424444598083,2.187877909342448,0.0,0.0
4329,1.7373253239693298,2.2567043728298612,1.6684408992441002,2.187797037760417,0.0,0.0
4330,1.7372096568405693,2.256683180067274,1.6683252385232301,2.1877758449978297,0.0,0.0
4331,1.7371086621363676,2.2565173302167727,1.66822426945059,2.1876100328233505,0.0,0.0
4332,1.73700195085672,2.256657240125868,1.6681175389472713,2.1877499050564237,0.0,0.0
4333,1.7368894140674902,2.256465936354649,1.6680050470132743,2.18755866156684,0.0,0.0
4334,1.7367906183471353,2.25652530623071,1.6679062384771386,2.1876180013020834,0.0,0.0
4335,1.7366773741948514,2.2563721645025563,1.6677930263643068,2.1874649047851564,0.0,0.0
4336,1.7365759858306913,2.256351664978781,1.6676916251843659,2.187444390190972,0.0,0.0
4337,1.736469229695811,2.2562694069191265,1.6675848946810472,2.1873621622721355,0.0,0.0
4338,1.7363591863698524,2.256359787929205,1.6674748513550885,2.1874525282118054,0.0,0.0
4339,1.7362551540987634,2.2561949402608987,1.6673708575313422,2.1872877332899305,0.0,0.0
4340,1.736153340035193,2.2562080176082655,1.6672690242441004,2.187300788031684,0.0,0.0
4341,1.7360389500046636,2.256138652283468,1.6671546598451328,2.1872314453125,0.0,0.0
4342,1.7359300461490597,2.2561055689682195,1.6670457688053097,2.1871983846028646,0.0,0.0
4343,1.7358388522849018,2.255954846040702,1.666954594164823,2.187047661675347,0.0,0.0
4344,1.7357208869917602,2.256064023618345,1.6668366288716814,2.1871568467881946,0.0,0.0
4345,1.7356060584460395,2.2559097026306905,1.666721832365413,2.1870025634765624,0.0,0.0
4346,1.7355154599486207,2.2559717625747493,1.666631233867994,2.187064615885417,0.0,0.0
4347,1.735398746122149,2.255772328317901,1.6665145648967552,2.186865234375,0.0,0.0
4348,1.7352917147315154,2.2557061918282217,1.6664075463219026,2.1867991129557294,0.0,0.0
4349,1.7351820971049672,2.2556975376458817,1.6662979351032448,2.1867904663085938,0.0,0.0
4350,1.7350865821678003,2.2556364798840183,1.6662024393897492,2.1867294311523438,0.0,0.0
4351,1.7349685976509877,2.2556468068817517,1.6660844740966076,2.186739773220486,0.0,0.0
4352,1.734868329533511,2.2554582534601657,1.6659842252028023,2.186551242404514,0.0,0.0
4353,1.734755693563747,2.255588299786603,1.6658715892330382,2.1866812811957463,0.0,0.0
4354,1.7346581557179521,2.2553673487533756,1.6657740770188052,2.1864603678385417,0.0,0.0
4355,1.7345525710928789,2.2554599187403546,1.6656684988016224,2.1865529378255206,0.0,0.0
4356,1.734435870082188,2.2553512045777873,1.6655518298303835,2.1864442613389756,0.0,0.0
4357,1.7343356211883827,2.255399524076485,1.6654515809365782,2.1864925808376734,0.0,0.0
4358,1.7342411080936941,2.2552531866379724,1.6653570934734514,2.186346266004774,0.0,0.0
4359,1.734124151050921,2.255322205343364,1.6652401364306784,2.186415269639757,0.0,0.0
4360,1.7340153655995227,2.2551336217809608,1.6651313894266224,2.186226738823785,0.0,0.0
4361,1.7339193129666304,2.2552201183931326,1.665035317570059,2.186313205295139,0.0,0.0
4362,1.733815287103432,2.2551356487509646,1.6649313237463126,2.186228773328993,0.0,0.0
4363,1.7337004841892731,2.2551271641107253,1.6648165272400441,2.1862202962239583,0.0,0.0
4364,1.7336038169659707,2.254999822922695,1.664719879240413,2.186092970106337,0.0,0.0
4365,1.7334978066414868,2.255103074062018,1.664613868915929,2.18619622124566,0.0,0.0
4366,1.7333932110431112,2.2549228131329575,1.664509298949115,2.1860159979926217,0.0,0.0
4367,1.733288641076297,2.2549674177758487,1.664404728982301,2.186060587565104,0.0,0.0
4368,1.733180745471062,2.254878894193673,1.6642968461928467,2.1859720865885417,0.0,0.0
4369,1.7330809158687766,2.2549295797465763,1.6641970294063422,2.1860227796766494,0.0,0.0
4370,1.7329777734438512,2.254802924262153,1.6640938997971977,2.1858961317274304,0.0,0.0
4371,1.7328680053736454,2.2548435992959104,1.6639841445427728,2.1859368218315973,0.0,0.0
4372,1.7327647060971725,2.254698610658999,1.6638808708978614,2.1857918633355036,0.0,0.0
4373,1.7326689287200334,2.254705746497637,1.663785087112832,2.185798984103733,0.0,0.0
4374,1.7325577138842676,2.2547033427674092,1.6636738915007374,2.185796610514323,0.0,0.0
4375,1.7324496742432656,2.2546575588650173,1.6635658646755163,2.1857508341471354,0.0,0.0
4376,1.7323573345008623,2.254543264883536,1.6634735377488938,2.1856365627712675,0.0,0.0
4377,1.7322471599549174,2.254608060106819,1.663363350387168,2.1857013278537325,0.0,0.0
4378,1.7321439918984305,2.2543979371624228,1.6632602207780236,2.185491265190972,0.0,0.0
4379,1.732043035641571,2.2544912154586227,1.6631592517053835,2.1855845133463543,0.0,0.0
4380,1.7319374317928267,2.2543897991415895,1.6630536734882007,2.185483127170139,0.0,0.0
4381,1.7318361746486526,2.2544389814212,1.6629524163440266,2.1855322943793403,0.0,0.0
4382,1.7317325873006453,2.254260415913146,1.662848854627581,2.185353766547309,0.0,0.0
4383,1.7316280045180503,2.2542734480492865,1.662744284660767,2.1853668212890627,0.0,0.0
4384,1.731521837342019,2.254187659746335,1.6626381303005162,2.185281032986111,0.0,0.0
4385,1.7314313764724765,2.254152048369985,1.6625476758388642,2.1852454291449654,0.0,0.0
4386,1.7313147010933472,2.2541886619285303,1.6624310068676253,2.1852820502387154,0.0,0.0
4387,1.7312142889401037,2.254071308654032,1.6623306139380531,2.1851647271050347,0.0,0.0
4388,1.7311195198133333,2.254096091941551,1.6622358384033924,2.185189480251736,0.0,0.0
4389,1.7310106031419485,2.2539448151765047,1.6621269473635694,2.1850382486979165,0.0,0.0
4390,1.7309068973897361,2.2540146740571956,1.662023241611357,2.185108100043403,0.0,0.0
4391,1.7308049072509466,2.2538505497685186,1.661921264288348,2.1849439832899304,0.0,0.0
4392,1.7307036501067725,2.2539410777150852,1.661820007144174,2.1850345187717015,0.0,0.0
4393,1.7305963050130435,2.2537733629014753,1.6617127004977876,2.1848668416341144,0.0,0.0
4394,1.730502124845122,2.253834089114342,1.6616185011061948,2.184927537706163,0.0,0.0
4395,1.7303872962994014,2.253678743338879,1.6615037045999264,2.184772237141927,0.0,0.0
4396,1.730294105158177,2.2536909579053335,1.661410513458702,2.184784444173177,0.0,0.0
4397,1.7301890966761715,2.2535939798237363,1.661305511384587,2.18468746609158,0.0,0.0
4398,1.7300810570351697,2.2536723007390527,1.6611974845593658,2.1847657945421006,0.0,0.0
4399,1.7299757348500686,2.2535040697639372,1.661092194413717,2.184597608778212,0.0,0.0
4400,1.729881685902133,2.253533585159867,1.660998139057891,2.1846271091037326,0.0,0.0
4401,1.7297668573564124,2.2533990930627894,1.6608833425516225,2.184492662217882,0.0,0.0
4402,1.729665142473376,2.2532858087987075,1.6607816533001476,2.184379408094618,0.0,0.0
4403,1.7295646055080367,2.2533163414472415,1.6606811163348083,2.184409925672743,0.0,0.0
4404,1.7294605860527286,2.253210509500386,1.660577122511062,2.18430413140191,0.0,0.0
4405,1.7293485134102515,2.2532528874903552,1.6604650626843658,2.1843465169270835,0.0,0.0
4406,1.7292563177036153,2.253108938711661,1.6603728797935102,2.1842025756835937,0.0,0.0
4407,1.7291405001311975,2.2531318193600502,1.6602570750368733,2.1842254638671874,0.0,0.0
4408,1.7290464063280289,2.2528594819999035,1.6601630196810473,2.1839531792534723,0.0,0.0
4409,1.728938254690712,2.2529873544198495,1.660054848820059,2.1840810139973956,0.0,0.0
4410,1.7288296196829707,2.2528036951135704,1.65994624585177,2.1838973999023437,0.0,0.0
4411,1.7287259011149776,2.252842844268422,1.6598425400995576,2.1839365641276043,0.0,0.0
4412,1.7286322522348907,2.2526285129123265,1.6597489168510324,2.1837222629123265,0.0,0.0
4413,1.7285170236213214,2.2527231324749226,1.6596336882374632,2.1838168674045138,0.0,0.0
4414,1.7284076620268551,2.2524628326039258,1.6595243650903393,2.183556620279948,0.0,0.0
4415,1.728315924059081,2.2525274507499033,1.6594326143067846,2.1836212158203123,0.0,0.0
4416,1.7282084349295854,2.2524087185329864,1.6593251636246313,2.1835025363498266,0.0,0.0
4417,1.728098961338804,2.2524117853612076,1.6592156964417404,2.183505588107639,0.0,0.0
4418,1.727997108827891,2.25223594006197,1.6591138631544986,2.183329772949219,0.0,0.0
4419,1.7278863389152068,2.252284606180073,1.659003099649705,2.183378431532118,0.0,0.0
4420,1.7277944120564335,2.2521072048611113,1.6589112048303836,2.1832010904947916,0.0,0.0
4421,1.7276858090881444,2.2521721545560864,1.6588026018620945,2.183266025119358,0.0,0.0
4422,1.727573573186229,2.251979000892168,1.6586903979996312,2.1830729166666667,0.0,0.0
4423,1.7274694225109348,2.252065636905623,1.658586260140118,2.1831595526801215,0.0,0.0
4424,1.727374915824137,2.25183521412037,1.6584917726769912,2.1829291449652777,0.0,0.0
4425,1.7272651477539311,2.251962525167583,1.6583820174225663,2.1830564710828995,0.0,0.0
4426,1.7271521980810716,2.251666120364342,1.6582690933812685,2.1827601114908854,0.0,0.0
4427,1.7270610234405848,2.251802292812018,1.6581779187407817,2.182896253797743,0.0,0.0
4428,1.7269461948948643,2.2515991361641587,1.6580631222345132,2.182693142361111,0.0,0.0
4429,1.7268490891563704,2.251572642385224,1.657966042127581,2.182666693793403,0.0,0.0
4430,1.7267422210251753,2.2515767415364585,1.6578591675884955,2.1826707628038196,0.0,0.0
4431,1.7266358841818152,2.251419862346885,1.6577528691924779,2.182513936360677,0.0,0.0
4432,1.7265337500072586,2.251438666449653,1.6576507478337021,2.1825327555338543,0.0,0.0
4433,1.7264298874034982,2.251260639708719,1.6575468980457226,2.182354736328125,0.0,0.0
4434,1.7263208395121274,2.2513786259403936,1.6574378629701327,2.182472737630208,0.0,0.0
4435,1.7262129182753307,2.2511576673719618,1.6573299801806785,2.1822518242730036,0.0,0.0
4436,1.7261224702215692,2.251200245044849,1.6572395257190264,2.1822943793402776,0.0,0.0
4437,1.726002312352471,2.251095592357494,1.6571193998893805,2.182189771864149,0.0,0.0
4438,1.7259042111793892,2.251115244170766,1.6570213115320795,2.18220943874783,0.0,0.0
4439,1.7258032292909682,2.2509258581090856,1.6569203424594394,2.182020060221354,0.0,0.0
4440,1.7256990722077838,2.2509685676480515,1.6568162045999262,2.182062784830729,0.0,0.0
4441,1.725588577550853,2.250854597680363,1.6567057291666667,2.1819488525390627,0.0,0.0
4442,1.7254888919843347,2.2507711754316166,1.6566060564159293,2.181865437825521,0.0,0.0
4443,1.7253843092017396,2.250823548870322,1.656501486449115,2.1819178263346353,0.0,0.0
4444,1.7252827255386893,2.2506181881751544,1.6563999412334072,2.1817125108506943,0.0,0.0
4445,1.7251803225162698,2.2506077067057295,1.6562975318030972,2.1817019992404516,0.0,0.0
4446,1.7250662141493842,2.250566801848235,1.6561834554756638,2.181661139594184,0.0,0.0
4447,1.7249662469192224,2.250583578980999,1.6560834946533924,2.1816779242621527,0.0,0.0
4448,1.7248737631410522,2.2504533631124612,1.655991023691003,2.1815477159288195,0.0,0.0
4449,1.7247576574971002,2.250463520568094,1.6558749308628318,2.181557888454861,0.0,0.0
4450,1.7246503188112616,2.250332080228829,1.6557676242164454,2.181426493326823,0.0,0.0
4451,1.7245548295056565,2.2502885229793597,1.6556721285029499,2.1813829210069446,0.0,0.0
4452,1.7244495073205555,2.2502339078173224,1.6555668383573008,2.1813283284505207,0.0,0.0
4453,1.7243441915433448,2.2501289085105616,1.655461548211652,2.181223381890191,0.0,0.0
4454,1.7242376114836837,2.2501465710298514,1.6553549617441004,2.181241014268663,0.0,0.0
4455,1.72413285903376,2.2500271531093268,1.6552502477415192,2.181121656629774,0.0,0.0
4456,1.7240337560182,2.2500785168306328,1.6551511511338495,2.1811730278862846,0.0,0.0
4457,1.7239345025589825,2.249888298128858,1.655051910490413,2.1809828016493054,0.0,0.0
4458,1.7238158042712253,2.249921328697676,1.6549332250184365,2.181015862358941,0.0,0.0
4459,1.7237117848159171,2.2498090541509934,1.6548292311946902,2.1809036254882814,0.0,0.0
4460,1.723615556107806,2.2498521253797747,1.6547330153023598,2.180946689181858,0.0,0.0
4461,1.7234988615050055,2.2497010181568284,1.654616346331121,2.1807956271701388,0.0,0.0
4462,1.7233934016920278,2.2497559347270446,1.654510912149705,2.180850558810764,0.0,0.0
4463,1.723286507929271,2.2495748562282984,1.6544040376106195,2.180669487847222,0.0,0.0
4464,1.7231865278833285,2.2495697473596645,1.6543040767883481,2.1806644015842016,0.0,0.0
4465,1.7230715617097312,2.249486626519097,1.6541891362463126,2.180581325954861,0.0,0.0
4466,1.7229695587551608,2.249384716646171,1.654087158923304,2.1804794311523437,0.0,0.0
4467,1.7228561897907813,2.2494072506751546,1.653973802774705,2.1805019802517362,0.0,0.0
4468,1.7227543180561966,2.2492366461106292,1.653871969487463,2.1803314208984377,0.0,0.0
4469,1.7226543572339252,2.249311598789545,1.6537720086651917,2.1804063585069446,0.0,0.0
4470,1.7225360782376882,2.2490925051842203,1.6536537553005162,2.180187310112847,0.0,0.0
4471,1.7224353844208011,2.2490775854793594,1.65355307429941,2.180172390407986,0.0,0.0
4472,1.722337132804062,2.248958220305266,1.6534548419063422,2.1800530327690972,0.0,0.0
4473,1.722226506927145,2.249053148811246,1.6533442224373156,2.180147976345486,0.0,0.0
4474,1.7221164251538439,2.248836421260127,1.653234179111357,2.1799313015407984,0.0,0.0
4475,1.7220164643315725,2.248866445282359,1.6531342182890856,2.1799613104926214,0.0,0.0
4476,1.7219084118747894,2.2487587559076,1.6530261914638642,2.1798536512586804,0.0,0.0
4477,1.721805845592932,2.2488092643831985,1.6529236379977876,2.1799041748046877,0.0,0.0
4478,1.7217001105242011,2.2485542655285493,1.6528179157448377,2.179649183485243,0.0,0.0
4479,1.721587148035561,2.2485599847487463,1.65270499170354,2.1796549479166667,0.0,0.0
4480,1.7214824212171989,2.248538784450955,1.6526002777009587,2.1796337551540796,0.0,0.0
4481,1.7213775375472893,2.2484707754629634,1.6524954196626107,2.1795657687717016,0.0,0.0
4482,1.7212612942754606,2.2484831369659046,1.6523791827986725,2.1795781453450522,0.0,0.0
4483,1.7211566922691943,2.24828354070216,1.6522746128318584,2.1793785942925346,0.0,0.0
4484,1.7210512452719975,2.2482696457851077,1.6521691786504424,2.1793646918402776,0.0,0.0
4485,1.7209325341684596,2.248154666100019,1.652050493178466,2.179249742296007,0.0,0.0
4486,1.7208218826599808,2.248096652560764,1.6519398737094395,2.1791917588975696,0.0,0.0
4487,1.720714857677238,2.2480015394422743,1.651832855134587,2.17909664577908,0.0,0.0
4488,1.7206078134708238,2.247994558075328,1.6517258365597345,2.1790896945529514,0.0,0.0
4489,1.720497030742359,2.247809387960552,1.651615073054941,2.178904554578993,0.0,0.0
4490,1.7204031130144095,2.2477785312982252,1.651521161734882,2.1788736979166665,0.0,0.0
4491,1.7202936458315188,2.2477770204897283,1.6514116945519912,2.1788721720377606,0.0,0.0
4492,1.7202020134521694,2.247585223162616,1.6513200878042036,2.178680419921875,0.0,0.0
4493,1.72009629760711,2.2476476523316937,1.6512143655512537,2.1787428114149305,0.0,0.0
4494,1.7199875313793829,2.247443825050637,1.6511056185471977,2.178539021809896,0.0,0.0
4495,1.7198950668248836,2.2475832037278165,1.6510131475848082,2.1786783854166667,0.0,0.0
4496,1.719795086778941,2.2473295461395644,1.6509131867625368,2.178424750434028,0.0,0.0
4497,1.7196882122398556,2.247481817551601,1.6508063122234513,2.1785769992404513,0.0,0.0
4498,1.7195839047130137,2.24731223023968,1.6507020303281712,2.178407457139757,0.0,0.0
4499,1.7194931749956086,2.2473307555398825,1.6506112877949852,2.1784259372287327,0.0,0.0
4500,1.7193838390327039,2.2471986521026235,1.6505019646478614,2.1782938639322915,0.0,0.0
4501,1.7192883369113179,2.2472256017614294,1.6504064689343658,2.178320821126302,0.0,0.0
4502,1.7191817440358759,2.2471114999276622,1.6502998824668142,2.1782067192925347,0.0,0.0
4503,1.7190770108096236,2.247078925238715,1.650195168464233,2.1781741672092014,0.0,0.0
4504,1.7189895746911874,2.2471060670452356,1.6501077387536873,2.1782012939453126,0.0,0.0
4505,1.7188850047243733,2.246984659830729,1.6500031687868733,2.1780799018012154,0.0,0.0
4506,1.7187762577203172,2.2469863627869406,1.649894421782817,2.178081597222222,0.0,0.0
4507,1.7186828969117642,2.2469334279755016,1.649801086605826,2.1780287000868057,0.0,0.0
4508,1.7185925993016602,2.2470267364125194,1.649710776179941,2.1781219482421874,0.0,0.0
4509,1.7184818229810859,2.2469300522038966,1.6496000126751476,2.178025309244792,0.0,0.0
4510,1.7183863272675903,2.2469890754605517,1.649504516961652,2.178084309895833,0.0,0.0
4511,1.7182863600374285,2.2468273096908757,1.6494045561393806,2.177922566731771,0.0,0.0
4512,1.718186962542444,2.2468340913749034,1.649305171460177,2.1779293484157987,0.0,0.0
4513,1.7180916108647153,2.246838838553723,1.6492098197824483,2.177934095594618,0.0,0.0
4514,1.7179890445828578,2.24670115529755,1.6491072663163717,2.1777964274088544,0.0,0.0
4515,1.71788088012976,2.2468591836058063,1.6489990954553835,2.1779544406467015,0.0,0.0
4516,1.7177947211095554,2.246724537037037,1.6489129620667404,2.17781982421875,0.0,0.0
4517,1.7176926061586701,2.2467777958622683,1.6488108407079647,2.177873060438368,0.0,0.0
4518,1.7175837087109567,2.2466780975718557,1.6487019496681417,2.17777336968316,0.0,0.0
4519,1.7174965670719449,2.246700484664352,1.6486148080291299,2.1777957492404516,0.0,0.0
4520,1.7173951594841135,2.246479401765046,1.648513406849189,2.1775746663411457,0.0,0.0
4521,1.7172926124259271,2.2467069347993824,1.648410853383112,2.1778021918402777,0.0,0.0
4522,1.7171969598608836,2.2465319447458523,1.6483152136338495,2.177627224392361,0.0,0.0
4523,1.7171031925765916,2.2464983829451195,1.6482214463495575,2.1775936550564237,0.0,0.0
4524,1.71699660610904,2.2465489064911264,1.648114859882006,2.1776441786024305,0.0,0.0
4525,1.716904992953362,2.2464361609941648,1.6480232531342183,2.177531433105469,0.0,0.0
4526,1.716801581680574,2.24640007113233,1.6479198354535398,2.177495320638021,0.0,0.0
4527,1.7166991658423738,2.246403446903935,1.6478174260232301,2.177498711480035,0.0,0.0
4528,1.7166183681849987,2.2464195609387057,1.6477366219579646,2.177514817979601,0.0,0.0
4529,1.7165074478286573,2.2462627344955632,1.647625714417404,2.1773579915364585,0.0,0.0
4530,1.7164040301479788,2.246404140142747,1.6475222967367256,2.1774993896484376,0.0,0.0
4531,1.716317608687802,2.2462525468991124,1.6474358752765488,2.1773478190104165,0.0,0.0
4532,1.7162216872748959,2.246246812608507,1.6473399474557522,2.177342054578993,0.0,0.0
4533,1.7161122008683338,2.2461900009343654,1.6472304802728615,2.1772852579752606,0.0,0.0
4534,1.7160240637947342,2.246274787055121,1.647142330383481,2.1773700290256075,0.0,0.0
4535,1.7159189112769617,2.2461125352647566,1.647037184273599,2.177207777235243,0.0,0.0
4536,1.7158248623290262,2.2462008666992186,1.646943128917773,2.177296108669705,0.0,0.0
4537,1.7157319592593359,2.2459945490330826,1.6468502258480826,2.1770897759331596,0.0,0.0
4538,1.7156243453177442,2.2460258917160973,1.6467426311301623,2.177121141221788,0.0,0.0
4539,1.7155280046133181,2.246061356155961,1.6466462712020649,2.1771565755208333,0.0,0.0
4540,1.7154382511068298,2.245916883680555,1.6465565369192479,2.1770121256510415,0.0,0.0
4541,1.71532922243913,2.2460403103298607,1.6464475018436577,2.177135552300347,0.0,0.0
4542,1.7152445230002662,2.245842624240451,1.6463628088126843,2.1769378662109373,0.0,0.0
4543,1.7151411181353686,2.2459153879424676,1.6462593911320058,2.1770105997721356,0.0,0.0
4544,1.7150411444973164,2.2457531060112843,1.6461594303097344,2.1768483479817706,0.0,0.0
4545,1.714950696443555,2.2459662505726756,1.6460689758480826,2.1770614624023437,0.0,0.0
4546,1.7148466898040278,2.245673097210166,1.6459649820243363,2.176768324110243,0.0,0.0
4547,1.7147496225128764,2.2458755530840087,1.645867901917404,2.1769707573784722,0.0,0.0
4548,1.7146614469919343,2.245605596848476,1.6457797520280235,2.1767008463541666,0.0,0.0
4549,1.714560071443555,2.2456804176613137,1.6456783508480826,2.1767756144205728,0.0,0.0
4550,1.714448718979913,2.245634780695409,1.6455670112002212,2.176730007595486,0.0,0.0
4551,1.7143679277304282,2.2456777049877026,1.6454862071349559,2.1767729017469617,0.0,0.0
4552,1.7142699705931133,2.2455724042727625,1.6453882628134218,2.1766676161024305,0.0,0.0
4553,1.7141633841255617,2.245591053903839,1.6452816763458702,2.176686265733507,0.0,0.0
4554,1.7140743636136893,2.2454635507089122,1.645192662241888,2.1765587700737847,0.0,0.0
4555,1.7139732569131723,2.2454978283540705,1.6450915491334808,2.176593017578125,0.0,0.0
4556,1.7138747236327898,2.245375735435957,1.644993028668879,2.176470947265625,0.0,0.0
4557,1.7137877324374355,2.245423900462963,1.6449060310656343,2.176519097222222,0.0,0.0
4558,1.7136789918412698,2.2453620175962095,1.644797284061578,2.1764572143554686,0.0,0.0
4559,1.713584923669663,2.245348947784047,1.6447032287057521,2.176444159613715,0.0,0.0
4560,1.7134924462993832,2.2452251820505404,1.6446107577433628,2.1763203938802085,0.0,0.0
4561,1.7133919157419344,2.2452472375940395,1.6445102207780236,2.1763424343532987,0.0,0.0
4562,1.7132990062643538,2.2453220056604457,1.6444173177083334,2.176417202419705,0.0,0.0
4563,1.7132015004580112,2.2450829512984667,1.6443198054941004,2.176178148057726,0.0,0.0
4564,1.7131021157788076,2.2452346990137926,1.6442204208148967,2.1763298882378472,0.0,0.0
4565,1.7130129448232774,2.2450390398943867,1.6441312626751474,2.176134236653646,0.0,0.0
4566,1.7129135665519644,2.245161972987799,1.644031877995944,2.1762571546766494,0.0,0.0
4567,1.7128094286924511,2.2449869904694735,1.6439277401364307,2.1760821872287326,0.0,0.0
4568,1.7127286246271856,2.2450392245068964,1.6438469360711652,2.1761344061957466,0.0,0.0
4569,1.7126201656946634,2.24495462299865,1.643738477138643,2.1760498046875,0.0,0.0
4570,1.7125250956805784,2.2450285433545525,1.6436434135324485,2.1761237250434027,0.0,0.0
4571,1.7124317605035873,2.2447589714144485,1.6435500783554573,2.1758541531032987,0.0,0.0
4572,1.7123338161820532,2.244955308702257,1.6434521340339232,2.176050482855903,0.0,0.0
4573,1.712247388313986,2.2447799946349347,1.6433657125737464,2.175875176323785,0.0,0.0
4574,1.7121425366835281,2.2448478265456213,1.6432608545353982,2.1759429931640626,0.0,0.0
4575,1.712036808022688,2.2446833556375387,1.6431551322824485,2.175778537326389,0.0,0.0
4576,1.711959179152186,2.244821393048322,1.643077497004056,2.175916544596354,0.0,0.0
4577,1.71185374497077,2.244578092598621,1.64297206282264,2.1756732516818578,0.0,0.0
4578,1.7117665969238678,2.2447630630304785,1.6428849211836283,2.1758582221137153,0.0,0.0
4579,1.7116614572218762,2.2445145218460647,1.6427797750737463,2.175609673394097,0.0,0.0
4580,1.711565503769518,2.2445517909674,1.64268384725295,2.17564697265625,0.0,0.0
4581,1.7114770786243845,2.2445623176480516,1.6425954092920354,2.175657484266493,0.0,0.0
4582,1.7113834425600785,2.2445012824918016,1.6425017860435103,2.175596449110243,0.0,0.0
4583,1.7112768753161982,2.244495533130787,1.6423951995759587,2.1755906846788196,0.0,0.0
4584,1.7111895640098578,2.2444232780550735,1.64230791390118,2.1755184597439237,0.0,0.0
4585,1.7110968241996056,2.2443578724802276,1.6422151548672566,2.1754530164930554,0.0,0.0
4586,1.7109905129878071,2.244391419210552,1.642108856471239,2.175486585828993,0.0,0.0
4587,1.7109039603076441,2.244338382673852,1.642022290975295,2.1754335191514755,0.0,0.0
4588,1.7108015380615536,2.24427138340326,1.6419198815449854,2.1753665500217014,0.0,0.0
4589,1.71071684503058,2.2442366423430267,1.641835188514012,2.175331793891059,0.0,0.0
4590,1.7106207731740166,2.244241559063947,1.6417391166574484,2.175336710611979,0.0,0.0
4591,1.7105123206493849,2.2442361487871336,1.6416306577249262,2.175331285264757,0.0,0.0
4592,1.7104283285735749,2.244123196072049,1.6415466848727875,2.1752183702256946,0.0,0.0
4593,1.7103357327990898,2.244147994429977,1.6414540698746312,2.175243123372396,0.0,0.0
4594,1.7102340243239436,2.243958069601177,1.6413523806231562,2.175053236219618,0.0,0.0
4595,1.7101470395364797,2.2440428858627506,1.6412653830199115,2.175138007269965,0.0,0.0
4596,1.7100365576953296,2.2439270584671585,1.6411549075866518,2.175022210015191,0.0,0.0
4597,1.709954738971805,2.244023026831356,1.6410730952710177,2.175118170844184,0.0,0.0
4598,1.7098618487178956,2.243836198971595,1.6409801922013274,2.1749313354492186,0.0,0.0
4599,1.7097607292015982,2.2439119842906057,1.6408790790929204,2.175007120768229,0.0,0.0
4600,1.7096707004393565,2.2436635749722704,1.6407890567385692,2.1747587415907117,0.0,0.0
4601,1.7095710340965096,2.243769738468123,1.6406893839878318,2.1748648749457464,0.0,0.0
4602,1.7094714925657581,2.243684443721065,1.6405898552728613,2.174779595269097,0.0,0.0
4603,1.7093937196594893,2.2437278766396607,1.640512075958702,2.174822998046875,0.0,0.0
4604,1.7092845405481325,2.2436066314320504,1.6404028968473452,2.1747017754448783,0.0,0.0
4605,1.7091971236533676,2.2436370020736884,1.6403154671367994,2.174732123480903,0.0,0.0
4606,1.7090958536934127,2.243397593557099,1.6402142099926253,2.1744927300347223,0.0,0.0
4607,1.709008004691347,2.2435339280116704,1.6401263481747788,2.1746290418836804,0.0,0.0
4608,1.7089129154535907,2.2434749047550153,1.640031284568584,2.1745700412326388,0.0,0.0
4609,1.7088207389706258,2.243287052107446,1.6399391016777287,2.1743821885850694,0.0,0.0
4610,1.7087122736302132,2.2434047218605326,1.6398306427452065,2.1744998508029516,0.0,0.0
4611,1.7086340686166435,2.243195845992477,1.6397524313237464,2.174290974934896,0.0,0.0
4612,1.7085300747928969,2.243322848096306,1.6396484375,2.174417961968316,0.0,0.0
4613,1.7084322680992396,2.2431711003809798,1.639550637214233,2.1742662217881943,0.0,0.0
4614,1.7083419768970258,2.243151618109809,1.639460326788348,2.1742467244466144,0.0,0.0
4615,1.7082428738814657,2.2431756930881077,1.6393612301806784,2.1742707994249133,0.0,0.0
4616,1.7081601909433393,2.2429629177517363,1.6392785536504424,2.174058024088542,0.0,0.0
4617,1.7080554641249777,2.2430195222077547,1.6391738396478615,2.1741146511501737,0.0,0.0
4618,1.707959837191496,2.242962910216532,1.6390781998985988,2.174058024088542,0.0,0.0
4619,1.7078729708082372,2.242845918631848,1.638991346331121,2.1739410400390624,0.0,0.0
4620,1.707775327374018,2.2429110378689234,1.6388936900811208,2.174006144205729,0.0,0.0
4621,1.7076900517920863,2.2427798122829863,1.6388084209070797,2.173874918619792,0.0,0.0
4622,1.7075840414676025,2.242775573730469,1.6387024105825958,2.1738706800672745,0.0,0.0
4623,1.7074904182190775,2.2426770697699654,1.638608787334071,2.173772176106771,0.0,0.0
4624,1.7074009784156847,2.242690979757427,1.6385193411227876,2.173786078559028,0.0,0.0
4625,1.7073057515500518,2.2425278576509453,1.638424133480826,2.17362297905816,0.0,0.0
4626,1.7072231006513774,2.242741525909047,1.63834145695059,2.173836602105035,0.0,0.0
4627,1.7071136142448153,2.2425577121310765,1.6382319897676991,2.173652818467882,0.0,0.0
4628,1.7070243056614087,2.2425492350260416,1.638142687592183,2.1736443413628472,0.0,0.0
4629,1.7069345713785915,2.2424502149040317,1.6380529533093657,2.173545328776042,0.0,0.0
4630,1.7068369151285916,2.242522801528742,1.6379552970593658,2.173617892795139,0.0,0.0
4631,1.706752510169152,2.24232662624783,1.6378708920999263,2.1734217325846354,0.0,0.0
4632,1.7066493933757885,2.242511796362606,1.6377677624907818,2.1736068725585938,0.0,0.0
4633,1.7065564646745364,2.2422981281045042,1.6376748594210915,2.1733932495117188,0.0,0.0
4634,1.7064735257043282,2.2423824357397764,1.6375918948193215,2.173477511935764,0.0,0.0
4635,1.7063634567468078,2.2423139105902776,1.637481851493363,2.173409016927083,0.0,0.0
4636,1.706286842534565,2.242240498860677,1.6374052244653392,2.1733356051974826,0.0,0.0
4637,1.706183562481763,2.2421948920355903,1.6373019508204276,2.173289998372396,0.0,0.0
4638,1.7060934024995356,2.2421687976224924,1.6372117844303098,2.173263888888889,0.0,0.0
4639,1.7060066865599341,2.2421172417534723,1.6371250748985988,2.173212348090278,0.0,0.0
4640,1.7059093247893584,2.24219916826413,1.6370277067201326,2.1732942369249133,0.0,0.0
4641,1.7058051741140643,2.2419795811029126,1.6369235688606194,2.1730746799045138,0.0,0.0
4642,1.7057274076156859,2.242128815827546,1.63684578954646,2.173223876953125,0.0,0.0
4643,1.705626857834566,2.2419226149570792,1.636745252581121,2.1730177137586804,0.0,0.0
4644,1.7055418895478394,2.242118289146894,1.6366602714786136,2.173213365342882,0.0,0.0
4645,1.7054394673017488,2.241788676697531,1.636557862048304,2.172883775499132,0.0,0.0
4646,1.7053462953841958,2.2420236997251157,1.6364646709070796,2.1731187608506946,0.0,0.0
4647,1.705262722599906,2.241759507921007,1.636381130162242,2.1728546142578127,0.0,0.0
4648,1.7051711350757897,2.241810415762442,1.6362895234144543,2.1729054768880207,0.0,0.0
4649,1.7050656944864833,2.241862273039641,1.6361840892330384,2.172957356770833,0.0,0.0
4650,1.7049804189045514,2.241689517174238,1.636098820058997,2.172784593370226,0.0,0.0
4651,1.7048814727405392,2.241776661813995,1.6359998674870944,2.1728717380099827,0.0,0.0
4652,1.7047959026791832,2.24166288399402,1.6359143102415192,2.1727579752604167,0.0,0.0
4653,1.7047047408544773,2.2415438955801505,1.6358231356010324,2.1726389567057294,0.0,0.0
4654,1.7046021873884007,2.2416751211660877,1.6357205821349559,2.1727701822916665,0.0,0.0
4655,1.7045186530514533,2.2415717080198685,1.635637041390118,2.172666761610243,0.0,0.0
4656,1.7044267390084604,2.2415777889298805,1.6355451465707964,2.172672865125868,0.0,0.0
4657,1.704329089166351,2.2415062421633873,1.6354474903207965,2.172601318359375,0.0,0.0
4658,1.7042406512054364,2.2414757471908757,1.635359052359882,2.17257080078125,0.0,0.0
4659,1.7041363757180465,2.241440983525029,1.6352547704646017,2.1725360446506077,0.0,0.0
4660,1.704059604654256,2.241379454812886,1.635177999400811,2.1724745008680557,0.0,0.0
4661,1.7039633823540352,2.241403684262876,1.6350817835084808,2.172498745388455,0.0,0.0
4662,1.7038680306763068,2.241353337794174,1.6349864318307523,2.1724483913845485,0.0,0.0
4663,1.7037794422717347,2.241256706331983,1.6348978498340707,2.172351752387153,0.0,0.0
4664,1.7036722796611152,2.241235668041088,1.6347906872234512,2.1723307291666667,0.0,0.0
4665,1.7036066057592714,2.241197713216146,1.634725006913717,2.1722927517361112,0.0,0.0
4666,1.7034988734134744,2.241320808316454,1.6346172681600295,2.172415839301215,0.0,0.0
4667,1.703410003345259,2.241160067334587,1.6345283980918142,2.172255113389757,0.0,0.0
4668,1.7033159351736522,2.2411153082200035,1.6344343427359882,2.1722103542751734,0.0,0.0
4669,1.7032191495461444,2.24102919590326,1.63433755070059,2.172124226888021,0.0,0.0
4670,1.7031400610943015,2.2410888596522955,1.634258475064528,2.1721839057074654,0.0,0.0
4671,1.7030467387330914,2.2410437765239197,1.634165139887537,2.1721388075086807,0.0,0.0
4672,1.7029405651491694,2.2409961201232154,1.6340589855272862,2.1720911661783853,0.0,0.0
4673,1.7028629426865578,2.2409861171392746,1.6339813502488938,2.1720811631944446,0.0,0.0
4674,1.7027680231161302,2.240827779887635,1.6338864306784662,2.171922810872396,0.0,0.0
4675,1.7026749760106727,2.240933581693673,1.6337933835730087,2.1720286051432294,0.0,0.0
4676,1.702582655491941,2.240821013274016,1.6337010566463865,2.171916029188368,0.0,0.0
4677,1.7024888689839774,2.2407562180507328,1.6336072893620943,2.1718512641059027,0.0,0.0
4678,1.7024026043753484,2.240827271261333,1.6335210119376844,2.171922302246094,0.0,0.0
4679,1.7023140031549957,2.240617363070264,1.633432429941003,2.171712409125434,0.0,0.0
4680,1.7022094588197432,2.2407433705271025,1.6333278599741887,2.17183837890625,0.0,0.0
4681,1.7021287923823543,2.240537523811246,1.6332471999446903,2.171632554796007,0.0,0.0
4682,1.702031437019669,2.240752201786748,1.633149831766224,2.171847195095486,0.0,0.0
4683,1.7019483027505704,2.240494105963059,1.6330667231286873,2.171589152018229,0.0,0.0
4684,1.7018508033521182,2.2405917998890814,1.6329692109144542,2.171686808268229,0.0,0.0
4685,1.7017538544651722,2.2404018901306904,1.6328722748432891,2.1714969211154513,0.0,0.0
4686,1.701667877928077,2.2405316275137444,1.632786285490413,2.1716266208224826,0.0,0.0
4687,1.701581443652119,2.2403537401740934,1.632699864030236,2.1714487711588544,0.0,0.0
4688,1.701488991913401,2.240549267427421,1.6326073930678466,2.171644253200955,0.0,0.0
4689,1.7013950613696707,2.2402523615330825,1.6325134817477875,2.171347384982639,0.0,0.0
4690,1.7012971298639177,2.240378877616223,1.6324155374262537,2.171473863389757,0.0,0.0
4691,1.701220490020113,2.240221681948061,1.63233891039823,2.171316697862413,0.0,0.0
4692,1.7011202539420889,2.240390753098476,1.6322386615044249,2.1714857313368054,0.0,0.0
4693,1.7010294857773411,2.240250327027874,1.632147918971239,2.1713453504774307,0.0,0.0
4694,1.7009404973049207,2.2402729213384935,1.6320589048672567,2.171367899576823,0.0,0.0
4695,1.7008503116911313,2.2401048674406825,1.6319687384771386,2.1711998833550346,0.0,0.0
4696,1.7007618929538881,2.2401973130967883,1.6318803005162241,2.171292283799913,0.0,0.0
4697,1.700662933974095,2.240037235212915,1.6317813479443215,2.1711322360568577,0.0,0.0
4698,1.7005766565496852,2.2402822536892364,1.6316950705199116,2.1713772243923612,0.0,0.0
4699,1.700492533253889,2.23996417010272,1.6316109536320058,2.171059163411458,0.0,0.0
4700,1.7003951714833134,2.24018170768832,1.6315135854535399,2.1712766859266495,0.0,0.0
4701,1.70030469779799,2.2398637861086996,1.6314231309918878,2.1709587944878472,0.0,0.0
4702,1.700220011174907,2.239955692997685,1.6313384379609144,2.1710506863064234,0.0,0.0
4703,1.7001200567605261,2.239956209159192,1.631238477138643,2.171051194932726,0.0,0.0
4704,1.700039835246219,2.239898918999566,1.6311582492164454,2.170993889702691,0.0,0.0
4705,1.6999388597656884,2.239950614269869,1.6310572801438052,2.171045600043403,0.0,0.0
4706,1.699849989697473,2.239839055567612,1.63096841007559,2.170934041341146,0.0,0.0
4707,1.6997699058110425,2.239751910927855,1.6308883261891594,2.1708468967013888,0.0,0.0
4708,1.69966620005883,2.2398329671223958,1.630784620436947,2.1709279378255206,0.0,0.0
4709,1.6995861225802897,2.239793301806038,1.6307045365505162,2.1708882649739585,0.0,0.0
4710,1.6994865938653192,2.2397366672092014,1.6306050078355456,2.1708316379123263,0.0,0.0
4711,1.699405050397548,2.2397230963059416,1.6305234835914455,2.170818074544271,0.0,0.0
4712,1.6993120161078714,2.239651387532552,1.6304304364859883,2.170746358235677,0.0,0.0
4713,1.6992163635428281,2.239619329005112,1.6303347967367257,2.1707143147786456,0.0,0.0
4714,1.6991319713991693,2.239586976604697,1.6302503917772861,2.170681932237413,0.0,0.0
4715,1.6990469967045523,2.239598844551746,1.6301654106747787,2.170693800184462,0.0,0.0
4716,1.6989461588518984,2.2396023898654516,1.6300645856379057,2.1706973605685764,0.0,0.0
4717,1.6988652171587564,2.239413519965278,1.6299836375368733,2.1705084906684027,0.0,0.0
4718,1.6987623756211456,2.2396252931194542,1.6298807959992625,2.17072024875217,0.0,0.0
4719,1.698693945816058,2.239284321349344,1.6298123790099557,2.1703792995876734,0.0,0.0
4720,1.6985932904465135,2.23960040057147,1.6297116980088495,2.170695326063368,0.0,0.0
4721,1.6984994975306598,2.2393579026210455,1.6296179307245575,2.170452880859375,0.0,0.0
4722,1.6984128136305106,2.2393776222511574,1.6295312211928465,2.1704725477430555,0.0,0.0
4723,1.6983200289650258,2.239315355088976,1.6294384621589233,2.170410325792101,0.0,0.0
4724,1.6982375156942278,2.2393691300757137,1.6293559296644542,2.1704640706380207,0.0,0.0
4725,1.6981447374366332,2.2392202570408952,1.629263170630531,2.170315212673611,0.0,0.0
4726,1.6980499939414246,2.239395439242139,1.6291683950958702,2.1704903496636283,0.0,0.0
4727,1.697972614695114,2.239097169475791,1.6290910478890117,2.170192125108507,0.0,0.0
4728,1.6978719593255696,2.2392982765480323,1.6289903668879055,2.1703932020399304,0.0,0.0
4729,1.697783070033683,2.2390103639202357,1.6289014968196902,2.1701053195529516,0.0,0.0
4730,1.697697663231765,2.239180953414352,1.628816083609882,2.17027587890625,0.0,0.0
4731,1.6976049041978418,2.239111433617863,1.6287233245759587,2.1702063666449654,0.0,0.0
4732,1.6975269680321348,2.239147708092207,1.6286454012260325,2.170242648654514,0.0,0.0
4733,1.6974287548627383,2.2390409267095874,1.6285471688329647,2.1701358371310766,0.0,0.0
4734,1.6973309353533002,2.2390130916642557,1.6284493685471977,2.1701080322265627,0.0,0.0
4735,1.697261084414214,2.2388801932629243,1.6283795112002213,2.169975111219618,0.0,0.0
4736,1.6971532016247597,2.2390059935016398,1.628271628410767,2.1701009114583334,0.0,0.0
4737,1.6970751406469569,2.2389585141782407,1.6281935610250737,2.1700534396701388,0.0,0.0
4738,1.696982676092458,2.238893425081983,1.6281010900626844,2.169988335503472,0.0,0.0
4739,1.6968952207503507,2.2387686044198496,1.6280136603521387,2.169863552517361,0.0,0.0
4740,1.6968144359087562,2.2389975390022183,1.6279328562868731,2.1700924343532986,0.0,0.0
4741,1.696715038413772,2.2386318065502024,1.6278334716076697,2.1697267320421005,0.0,0.0
4742,1.696623457297546,2.2388371521749613,1.627741864859882,2.1699320475260415,0.0,0.0
4743,1.6965459340154687,2.2386889271677277,1.6276643736172567,2.1697838677300347,0.0,0.0
4744,1.6964490171679745,2.238840867030768,1.6275674375460913,2.169935777452257,0.0,0.0
4745,1.6963618627131818,2.2386941905080535,1.6274802959070795,2.169789123535156,0.0,0.0
4746,1.6962748843336084,2.23875510133343,1.6273932983038348,2.1698499891493057,0.0,0.0
4747,1.6961812482693024,2.23846651053723,1.6272996750553097,2.1695614284939237,0.0,0.0
4748,1.696105203792237,2.2387727261766974,1.627223624170354,2.1698676215277777,0.0,0.0
4749,1.6959999136465882,2.2385024760681906,1.627118334024705,2.169597371419271,0.0,0.0
4750,1.6959204059032253,2.238566562982253,1.6270388262813422,2.169661458333333,0.0,0.0
4751,1.6958355752443752,2.238533170723621,1.6269539892146017,2.1696280585394967,0.0,0.0
4752,1.6957402171587563,2.2383741402331694,1.6268586375368732,2.169469028049045,0.0,0.0
4753,1.6956535076270454,2.2385838638117286,1.6267719280051622,2.1696787516276044,0.0,0.0
4754,1.6955619008792577,2.2382944479106386,1.6266803212573746,2.169389343261719,0.0,0.0
4755,1.6954792179411313,2.238545193142361,1.6265976447271386,2.1696400960286457,0.0,0.0
4756,1.6953903350571353,2.2383396930459107,1.6265087746589233,2.1694346110026044,0.0,0.0
4757,1.695304953886779,2.2383256662627797,1.626423361449115,2.1694205390082466,0.0,0.0
4758,1.695202381197031,2.2382846220040027,1.6263208079830382,2.1693795098198785,0.0,0.0
4759,1.6951320981506441,2.238208166051794,1.626250518528761,2.169303046332465,0.0,0.0
4760,1.69503084100647,2.2383231155960646,1.626149261384587,2.169417995876736,0.0,0.0
4761,1.69494642963914,2.2381508457513504,1.6260648564251474,2.1692457411024306,0.0,0.0
4762,1.6948611796887703,2.238215825587143,1.6259795872511063,2.1693106757269964,0.0,0.0
4763,1.694768839946367,2.2380671070240163,1.6258872603244838,2.1691619873046877,0.0,0.0
4764,1.694689764310305,2.238265147268036,1.6258081846884218,2.1693600124782986,0.0,0.0
4765,1.6945910869941554,2.2380053786289547,1.6257095201880531,2.169100273980035,0.0,0.0
4766,1.6945026618490218,2.2381695255232446,1.6256210822271386,2.169264390733507,0.0,0.0
4767,1.6944263100767514,2.23790315227744,1.625544743270649,2.168998040093316,0.0,0.0
4768,1.6943306831432696,2.2380028581030573,1.6254491035213865,2.169097730848524,0.0,0.0
4769,1.6942405039373707,2.238000631450135,1.6253589371312684,2.169095526801215,0.0,0.0
4770,1.694155823722178,2.23792911482446,1.625274244100295,2.1690239800347224,0.0,0.0
4771,1.694063922494966,2.2379582760657795,1.6251823492809734,2.169053141276042,0.0,0.0
4772,1.6939826799145092,2.237771078980999,1.625101113108407,2.168865966796875,0.0,0.0
4773,1.6938949877639915,2.237945760091146,1.6250133953263275,2.1690405951605904,0.0,0.0
4774,1.6937945820186382,2.2378043318383485,1.624913002396755,2.168899197048611,0.0,0.0
4775,1.6937291897804376,2.237772472993827,1.6248476101585545,2.1688673231336804,0.0,0.0
4776,1.6936228785686391,2.2377832935474538,1.6247413117625369,2.168878173828125,0.0,0.0
4777,1.6935399139668692,2.237656121901524,1.624658347160767,2.168751017252604,0.0,0.0
4778,1.6934514888217356,2.2377443290051118,1.6245699091998524,2.1688391791449653,0.0,0.0
4779,1.693360589437002,2.237596119068287,1.6244790226308996,2.1686909993489585,0.0,0.0
4780,1.693289323771808,2.2377577529718846,1.6244077249262536,2.1688525729709203,0.0,0.0
4781,1.6931817098302164,2.237566980432581,1.6243001302083333,2.168661838107639,0.0,0.0
4782,1.6931032103372223,2.2374996722186054,1.6242216307153392,2.1685945298936633,0.0,0.0
4783,1.6930202457354524,2.237545625663098,1.6241386661135693,2.1686404758029516,0.0,0.0
4784,1.6929204353568386,2.2375520757981286,1.624038849327065,2.1686469184027777,0.0,0.0
4785,1.692849550535822,2.237605982650945,1.6239679837297198,2.1687008327907984,0.0,0.0
4786,1.692750898851234,2.2374001660759064,1.623869319229351,2.1684950086805554,0.0,0.0
4787,1.6926754305172367,2.237499856831115,1.6237938444874631,2.168594699435764,0.0,0.0
4788,1.6925843935046265,2.2374125351140526,1.6237028138827434,2.168507385253906,0.0,0.0
4789,1.6924901941130335,2.2374479694130978,1.6236086144911503,2.1685428195529513,0.0,0.0
4790,1.692407511174907,2.237513412663966,1.6235259379609144,2.1686082628038195,0.0,0.0
4791,1.692327145624833,2.2373486328125,1.6234455660029499,2.1684434678819446,0.0,0.0
4792,1.6922346810703341,2.2374724136164157,1.6233530950405606,2.1685672336154513,0.0,0.0
4793,1.692151697244893,2.237322662730276,1.6232701304387906,2.168417527940538,0.0,0.0
4794,1.6920634353591975,2.2374227603865258,1.623181836513643,2.168517557779948,0.0,0.0
4795,1.6919733873732847,2.2373084437994306,1.623091814159292,2.1684032864040796,0.0,0.0
4796,1.6918957713185636,2.23734188126929,1.6230141788808996,2.1684366861979165,0.0,0.0
4797,1.6917996866462195,2.2373188009379823,1.6229181070243364,2.1684136284722224,0.0,0.0
4798,1.6917192954645837,2.2372468774112653,1.6228377350663716,2.1683417426215277,0.0,0.0
4799,1.6916400886085354,2.237303866162712,1.6227585153945427,2.168398708767361,0.0,0.0
4800,1.6915431525373703,2.2372033276970003,1.6226615793233776,2.1682981703016493,0.0,0.0
