scene_id,filename,frame_index,exposure_time_us,sensor_gain_code,isp_gain_code,hdr_mode,time_index,exposure_index,iso,aperture,exposure_product,applied_log_exposure,target_log_exposure,acceptable_min_log_exposure,acceptable_max_log_exposure,hdr_benefit_if_static,hdr_enable_if_static,hdr_ratio_class,hdr_anchor_log_exposure,label_confidence,label_source,hdr_label_mask,hdr_ratio_mask
Scene4_t000,1P0A2006.dng,0,15000000.000000,32,1024,SDR,0,0,100,14,15000000.0,17.194602975157967,13.287712379549449,11.287712379549449,14.287712379549449,0.75,1,,,0.8,human_review,1,0
Scene4_t000,1P0A2007.dng,0,8000000.000000,32,1024,SDR,0,1,100,14,8000000.0,16.28771237954945,13.287712379549449,11.287712379549449,14.287712379549449,0.75,1,,,0.8,human_review,1,0
Scene4_t000,1P0A2008.dng,0,6000000.000000,32,1024,SDR,0,2,100,14,6000000.0,15.872674880270605,13.287712379549449,11.287712379549449,14.287712379549449,0.75,1,,,0.8,human_review,1,0
Scene4_t000,1P0A2009.dng,0,4000000.000000,32,1024,SDR,0,3,100,14,4000000.0,15.287712379549449,13.287712379549449,11.287712379549449,14.287712379549449,0.75,1,,,0.8,human_review,1,0
Scene4_t000,1P0A2010.dng,0,2000000.000000,32,1024,SDR,0,4,100,14,2000000.0,14.287712379549449,13.287712379549449,11.287712379549449,14.287712379549449,0.75,1,,,0.8,human_review,1,0
Scene4_t000,1P0A2011.dng,0,1000000.000000,32,1024,SDR,0,5,100,14,1000000.0,13.287712379549449,13.287712379549449,11.287712379549449,14.287712379549449,0.75,1,,,0.8,human_review,1,0
Scene4_t000,1P0A2012.dng,0,500000.000000,32,1024,SDR,0,6,100,14,500000.0,12.287712379549449,13.287712379549449,11.287712379549449,14.287712379549449,0.75,1,,,0.8,human_review,1,0
Scene4_t000,1P0A2013.dng,0,250000.000000,32,1024,SDR,0,7,100,14,250000.0,11.287712379549449,13.287712379549449,11.287712379549449,14.287712379549449,0.75,1,,,0.8,human_review,1,0
Scene4_t000,1P0A2014.dng,0,125000.000000,32,1024,SDR,0,8,100,14,125000.0,10.287712379549449,13.287712379549449,11.287712379549449,14.287712379549449,0.75,1,,,0.8,human_review,1,0
Scene4_t000,1P0A2015.dng,0,66666.666667,32,1024,SDR,0,9,100,14,66666.666667,9.380821783948145,13.287712379549449,11.287712379549449,14.287712379549449,0.75,1,,,0.8,human_review,1,0
Scene4_t000,1P0A2016.dng,0,33333.333333,32,1024,SDR,0,10,100,14,33333.333333,8.380821783926503,13.287712379549449,11.287712379549449,14.287712379549449,0.75,1,,,0.8,human_review,1,0
Scene4_t000,1P0A2017.dng,0,16666.666667,32,1024,SDR,0,11,100,14,16666.666667,7.380821783969785,13.287712379549449,11.287712379549449,14.287712379549449,0.75,1,,,0.8,human_review,1,0
Scene4_t000,1P0A2018.dng,0,8000.000000,32,1024,SDR,0,12,100,14,8000.0,6.321928094887363,13.287712379549449,11.287712379549449,14.287712379549449,0.75,1,,,0.8,human_review,1,0
Scene4_t000,1P0A2019.dng,0,4000.000000,32,1024,SDR,0,13,100,14,4000.0,5.321928094887363,13.287712379549449,11.287712379549449,14.287712379549449,0.75,1,,,0.8,human_review,1,0
Scene4_t000,1P0A2020.dng,0,2000.000000,32,1024,SDR,0,14,100,14,2000.0,4.321928094887363,13.287712379549449,11.287712379549449,14.287712379549449,0.75,1,,,0.8,human_review,1,0
Scene4_t001,1P0A2021.dng,1,15000000.000000,32,1024,SDR,1,0,100,14,15000000.0,17.194602975157967,13.287712379549449,11.287712379549449,14.287712379549449,0.75,1,,,0.8,human_review,1,0
Scene4_t001,1P0A2022.dng,1,8000000.000000,32,1024,SDR,1,1,100,14,8000000.0,16.28771237954945,13.287712379549449,11.287712379549449,14.287712379549449,0.75,1,,,0.8,human_review,1,0
Scene4_t001,1P0A2023.dng,1,6000000.000000,32,1024,SDR,1,2,100,14,6000000.0,15.872674880270605,13.287712379549449,11.287712379549449,14.287712379549449,0.75,1,,,0.8,human_review,1,0
Scene4_t001,1P0A2024.dng,1,4000000.000000,32,1024,SDR,1,3,100,14,4000000.0,15.287712379549449,13.287712379549449,11.287712379549449,14.287712379549449,0.75,1,,,0.8,human_review,1,0
Scene4_t001,1P0A2025.dng,1,2000000.000000,32,1024,SDR,1,4,100,14,2000000.0,14.287712379549449,13.287712379549449,11.287712379549449,14.287712379549449,0.75,1,,,0.8,human_review,1,0
Scene4_t001,1P0A2026.dng,1,1000000.000000,32,1024,SDR,1,5,100,14,1000000.0,13.287712379549449,13.287712379549449,11.287712379549449,14.287712379549449,0.75,1,,,0.8,human_review,1,0
Scene4_t001,1P0A2027.dng,1,500000.000000,32,1024,SDR,1,6,100,14,500000.0,12.287712379549449,13.287712379549449,11.287712379549449,14.287712379549449,0.75,1,,,0.8,human_review,1,0
Scene4_t001,1P0A2028.dng,1,250000.000000,32,1024,SDR,1,7,100,14,250000.0,11.287712379549449,13.287712379549449,11.287712379549449,14.287712379549449,0.75,1,,,0.8,human_review,1,0
Scene4_t001,1P0A2029.dng,1,125000.000000,32,1024,SDR,1,8,100,14,125000.0,10.287712379549449,13.287712379549449,11.287712379549449,14.287712379549449,0.75,1,,,0.8,human_review,1,0
Scene4_t001,1P0A2030.dng,1,66666.666667,32,1024,SDR,1,9,100,14,66666.666667,9.380821783948145,13.287712379549449,11.287712379549449,14.287712379549449,0.75,1,,,0.8,human_review,1,0
Scene4_t001,1P0A2031.dng,1,33333.333333,32,1024,SDR,1,10,100,14,33333.333333,8.380821783926503,13.287712379549449,11.287712379549449,14.287712379549449,0.75,1,,,0.8,human_review,1,0
Scene4_t001,1P0A2032.dng,1,16666.666667,32,1024,SDR,1,11,100,14,16666.666667,7.380821783969785,13.287712379549449,11.287712379549449,14.287712379549449,0.75,1,,,0.8,human_review,1,0
Scene4_t001,1P0A2033.dng,1,8000.000000,32,1024,SDR,1,12,100,14,8000.0,6.321928094887363,13.287712379549449,11.287712379549449,14.287712379549449,0.75,1,,,0.8,human_review,1,0
Scene4_t001,1P0A2034.dng,1,4000.000000,32,1024,SDR,1,13,100,14,4000.0,5.321928094887363,13.287712379549449,11.287712379549449,14.287712379549449,0.75,1,,,0.8,human_review,1,0
Scene4_t001,1P0A2035.dng,1,2000.000000,32,1024,SDR,1,14,100,14,2000.0,4.321928094887363,13.287712379549449,11.287712379549449,14.287712379549449,0.75,1,,,0.8,human_review,1,0
Scene4_t002,1P0A2036.dng,2,15000000.000000,32,1024,SDR,2,0,100,14,15000000.0,17.194602975157967,13.287712379549449,11.287712379549449,14.287712379549449,0.75,1,,,0.8,human_review,1,0
Scene4_t002,1P0A2037.dng,2,8000000.000000,32,1024,SDR,2,1,100,14,8000000.0,16.28771237954945,13.287712379549449,11.287712379549449,14.287712379549449,0.75,1,,,0.8,human_review,1,0
Scene4_t002,1P0A2038.dng,2,6000000.000000,32,1024,SDR,2,2,100,14,6000000.0,15.872674880270605,13.287712379549449,11.287712379549449,14.287712379549449,0.75,1,,,0.8,human_review,1,0
Scene4_t002,1P0A2039.dng,2,4000000.000000,32,1024,SDR,2,3,100,14,4000000.0,15.287712379549449,13.287712379549449,11.287712379549449,14.287712379549449,0.75,1,,,0.8,human_review,1,0
Scene4_t002,1P0A2040.dng,2,2000000.000000,32,1024,SDR,2,4,100,14,2000000.0,14.287712379549449,13.287712379549449,11.287712379549449,14.287712379549449,0.75,1,,,0.8,human_review,1,0
Scene4_t002,1P0A2041.dng,2,1000000.000000,32,1024,SDR,2,5,100,14,1000000.0,13.287712379549449,13.287712379549449,11.287712379549449,14.287712379549449,0.75,1,,,0.8,human_review,1,0
Scene4_t002,1P0A2042.dng,2,500000.000000,32,1024,SDR,2,6,100,14,500000.0,12.287712379549449,13.287712379549449,11.287712379549449,14.287712379549449,0.75,1,,,0.8,human_review,1,0
Scene4_t002,1P0A2043.dng,2,250000.000000,32,1024,SDR,2,7,100,14,250000.0,11.287712379549449,13.287712379549449,11.287712379549449,14.287712379549449,0.75,1,,,0.8,human_review,1,0
Scene4_t002,1P0A2044.dng,2,125000.000000,32,1024,SDR,2,8,100,14,125000.0,10.287712379549449,13.287712379549449,11.287712379549449,14.287712379549449,0.75,1,,,0.8,human_review,1,0
Scene4_t002,1P0A2045.dng,2,66666.666667,32,1024,SDR,2,9,100,14,66666.666667,9.380821783948145,13.287712379549449,11.287712379549449,14.287712379549449,0.75,1,,,0.8,human_review,1,0
Scene4_t002,1P0A2046.dng,2,33333.333333,32,1024,SDR,2,10,100,14,33333.333333,8.380821783926503,13.287712379549449,11.287712379549449,14.287712379549449,0.75,1,,,0.8,human_review,1,0
Scene4_t002,1P0A2047.dng,2,16666.666667,32,1024,SDR,2,11,100,14,16666.666667,7.380821783969785,13.287712379549449,11.287712379549449,14.287712379549449,0.75,1,,,0.8,human_review,1,0
Scene4_t002,1P0A2048.dng,2,8000.000000,32,1024,SDR,2,12,100,14,8000.0,6.321928094887363,13.287712379549449,11.287712379549449,14.287712379549449,0.75,1,,,0.8,human_review,1,0
Scene4_t002,1P0A2049.dng,2,4000.000000,32,1024,SDR,2,13,100,14,4000.0,5.321928094887363,13.287712379549449,11.287712379549449,14.287712379549449,0.75,1,,,0.8,human_review,1,0
Scene4_t002,1P0A2050.dng,2,2000.000000,32,1024,SDR,2,14,100,14,2000.0,4.321928094887363,13.287712379549449,11.287712379549449,14.287712379549449,0.75,1,,,0.8,human_review,1,0
Scene4_t003,1P0A2051.dng,3,15000000.000000,32,1024,SDR,3,0,100,14,15000000.0,17.194602975157967,13.287712379549449,11.287712379549449,14.287712379549449,0.75,1,,,0.8,human_review,1,0
Scene4_t003,1P0A2052.dng,3,8000000.000000,32,1024,SDR,3,1,100,14,8000000.0,16.28771237954945,13.287712379549449,11.287712379549449,14.287712379549449,0.75,1,,,0.8,human_review,1,0
Scene4_t003,1P0A2053.dng,3,6000000.000000,32,1024,SDR,3,2,100,14,6000000.0,15.872674880270605,13.287712379549449,11.287712379549449,14.287712379549449,0.75,1,,,0.8,human_review,1,0
Scene4_t003,1P0A2054.dng,3,4000000.000000,32,1024,SDR,3,3,100,14,4000000.0,15.287712379549449,13.287712379549449,11.287712379549449,14.287712379549449,0.75,1,,,0.8,human_review,1,0
Scene4_t003,1P0A2055.dng,3,2000000.000000,32,1024,SDR,3,4,100,14,2000000.0,14.287712379549449,13.287712379549449,11.287712379549449,14.287712379549449,0.75,1,,,0.8,human_review,1,0
Scene4_t003,1P0A2056.dng,3,1000000.000000,32,1024,SDR,3,5,100,14,1000000.0,13.287712379549449,13.287712379549449,11.287712379549449,14.287712379549449,0.75,1,,,0.8,human_review,1,0
Scene4_t003,1P0A2057.dng,3,500000.000000,32,1024,SDR,3,6,100,14,500000.0,12.287712379549449,13.287712379549449,11.287712379549449,14.287712379549449,0.75,1,,,0.8,human_review,1,0
Scene4_t003,1P0A2058.dng,3,250000.000000,32,1024,SDR,3,7,100,14,250000.0,11.287712379549449,13.287712379549449,11.287712379549449,14.287712379549449,0.75,1,,,0.8,human_review,1,0
Scene4_t003,1P0A2059.dng,3,125000.000000,32,1024,SDR,3,8,100,14,125000.0,10.287712379549449,13.287712379549449,11.287712379549449,14.287712379549449,0.75,1,,,0.8,human_review,1,0
Scene4_t003,1P0A2060.dng,3,66666.666667,32,1024,SDR,3,9,100,14,66666.666667,9.380821783948145,13.287712379549449,11.287712379549449,14.287712379549449,0.75,1,,,0.8,human_review,1,0
Scene4_t003,1P0A2061.dng,3,33333.333333,32,1024,SDR,3,10,100,14,33333.333333,8.380821783926503,13.287712379549449,11.287712379549449,14.287712379549449,0.75,1,,,0.8,human_review,1,0
Scene4_t003,1P0A2062.dng,3,16666.666667,32,1024,SDR,3,11,100,14,16666.666667,7.380821783969785,13.287712379549449,11.287712379549449,14.287712379549449,0.75,1,,,0.8,human_review,1,0
Scene4_t003,1P0A2063.dng,3,8000.000000,32,1024,SDR,3,12,100,14,8000.0,6.321928094887363,13.287712379549449,11.287712379549449,14.287712379549449,0.75,1,,,0.8,human_review,1,0
Scene4_t003,1P0A2064.dng,3,4000.000000,32,1024,SDR,3,13,100,14,4000.0,5.321928094887363,13.287712379549449,11.287712379549449,14.287712379549449,0.75,1,,,0.8,human_review,1,0
Scene4_t003,1P0A2065.dng,3,2000.000000,32,1024,SDR,3,14,100,14,2000.0,4.321928094887363,13.287712379549449,11.287712379549449,14.287712379549449,0.75,1,,,0.8,human_review,1,0
Scene4_t004,1P0A2066.dng,4,15000000.000000,32,1024,SDR,4,0,100,14,15000000.0,17.194602975157967,13.287712379549449,11.287712379549449,14.287712379549449,0.75,1,,,0.8,human_review,1,0
Scene4_t004,1P0A2067.dng,4,8000000.000000,32,1024,SDR,4,1,100,14,8000000.0,16.28771237954945,13.287712379549449,11.287712379549449,14.287712379549449,0.75,1,,,0.8,human_review,1,0
Scene4_t004,1P0A2068.dng,4,6000000.000000,32,1024,SDR,4,2,100,14,6000000.0,15.872674880270605,13.287712379549449,11.287712379549449,14.287712379549449,0.75,1,,,0.8,human_review,1,0
Scene4_t004,1P0A2069.dng,4,4000000.000000,32,1024,SDR,4,3,100,14,4000000.0,15.287712379549449,13.287712379549449,11.287712379549449,14.287712379549449,0.75,1,,,0.8,human_review,1,0
Scene4_t004,1P0A2070.dng,4,2000000.000000,32,1024,SDR,4,4,100,14,2000000.0,14.287712379549449,13.287712379549449,11.287712379549449,14.287712379549449,0.75,1,,,0.8,human_review,1,0
Scene4_t004,1P0A2071.dng,4,1000000.000000,32,1024,SDR,4,5,100,14,1000000.0,13.287712379549449,13.287712379549449,11.287712379549449,14.287712379549449,0.75,1,,,0.8,human_review,1,0
Scene4_t004,1P0A2072.dng,4,500000.000000,32,1024,SDR,4,6,100,14,500000.0,12.287712379549449,13.287712379549449,11.287712379549449,14.287712379549449,0.75,1,,,0.8,human_review,1,0
Scene4_t004,1P0A2073.dng,4,250000.000000,32,1024,SDR,4,7,100,14,250000.0,11.287712379549449,13.287712379549449,11.287712379549449,14.287712379549449,0.75,1,,,0.8,human_review,1,0
Scene4_t004,1P0A2074.dng,4,125000.000000,32,1024,SDR,4,8,100,14,125000.0,10.287712379549449,13.287712379549449,11.287712379549449,14.287712379549449,0.75,1,,,0.8,human_review,1,0
Scene4_t004,1P0A2075.dng,4,66666.666667,32,1024,SDR,4,9,100,14,66666.666667,9.380821783948145,13.287712379549449,11.287712379549449,14.287712379549449,0.75,1,,,0.8,human_review,1,0
Scene4_t004,1P0A2076.dng,4,33333.333333,32,1024,SDR,4,10,100,14,33333.333333,8.380821783926503,13.287712379549449,11.287712379549449,14.287712379549449,0.75,1,,,0.8,human_review,1,0
Scene4_t004,1P0A2077.dng,4,16666.666667,32,1024,SDR,4,11,100,14,16666.666667,7.380821783969785,13.287712379549449,11.287712379549449,14.287712379549449,0.75,1,,,0.8,human_review,1,0
Scene4_t004,1P0A2078.dng,4,8000.000000,32,1024,SDR,4,12,100,14,8000.0,6.321928094887363,13.287712379549449,11.287712379549449,14.287712379549449,0.75,1,,,0.8,human_review,1,0
Scene4_t004,1P0A2079.dng,4,4000.000000,32,1024,SDR,4,13,100,14,4000.0,5.321928094887363,13.287712379549449,11.287712379549449,14.287712379549449,0.75,1,,,0.8,human_review,1,0
Scene4_t004,1P0A2080.dng,4,2000.000000,32,1024,SDR,4,14,100,14,2000.0,4.321928094887363,13.287712379549449,11.287712379549449,14.287712379549449,0.75,1,,,0.8,human_review,1,0
Scene4_t005,1P0A2081.dng,5,15000000.000000,32,1024,SDR,5,0,100,14,15000000.0,17.194602975157967,13.287712379549449,11.287712379549449,14.287712379549449,0.75,1,,,0.8,human_review,1,0
Scene4_t005,1P0A2082.dng,5,8000000.000000,32,1024,SDR,5,1,100,14,8000000.0,16.28771237954945,13.287712379549449,11.287712379549449,14.287712379549449,0.75,1,,,0.8,human_review,1,0
Scene4_t005,1P0A2083.dng,5,6000000.000000,32,1024,SDR,5,2,100,14,6000000.0,15.872674880270605,13.287712379549449,11.287712379549449,14.287712379549449,0.75,1,,,0.8,human_review,1,0
Scene4_t005,1P0A2084.dng,5,4000000.000000,32,1024,SDR,5,3,100,14,4000000.0,15.287712379549449,13.287712379549449,11.287712379549449,14.287712379549449,0.75,1,,,0.8,human_review,1,0
Scene4_t005,1P0A2085.dng,5,2000000.000000,32,1024,SDR,5,4,100,14,2000000.0,14.287712379549449,13.287712379549449,11.287712379549449,14.287712379549449,0.75,1,,,0.8,human_review,1,0
Scene4_t005,1P0A2086.dng,5,1000000.000000,32,1024,SDR,5,5,100,14,1000000.0,13.287712379549449,13.287712379549449,11.287712379549449,14.287712379549449,0.75,1,,,0.8,human_review,1,0
Scene4_t005,1P0A2087.dng,5,500000.000000,32,1024,SDR,5,6,100,14,500000.0,12.287712379549449,13.287712379549449,11.287712379549449,14.287712379549449,0.75,1,,,0.8,human_review,1,0
Scene4_t005,1P0A2088.dng,5,250000.000000,32,1024,SDR,5,7,100,14,250000.0,11.287712379549449,13.287712379549449,11.287712379549449,14.287712379549449,0.75,1,,,0.8,human_review,1,0
Scene4_t005,1P0A2089.dng,5,125000.000000,32,1024,SDR,5,8,100,14,125000.0,10.287712379549449,13.287712379549449,11.287712379549449,14.287712379549449,0.75,1,,,0.8,human_review,1,0
Scene4_t005,1P0A2090.dng,5,66666.666667,32,1024,SDR,5,9,100,14,66666.666667,9.380821783948145,13.287712379549449,11.287712379549449,14.287712379549449,0.75,1,,,0.8,human_review,1,0
Scene4_t005,1P0A2091.dng,5,33333.333333,32,1024,SDR,5,10,100,14,33333.333333,8.380821783926503,13.287712379549449,11.287712379549449,14.287712379549449,0.75,1,,,0.8,human_review,1,0
Scene4_t005,1P0A2092.dng,5,16666.666667,32,1024,SDR,5,11,100,14,16666.666667,7.380821783969785,13.287712379549449,11.287712379549449,14.287712379549449,0.75,1,,,0.8,human_review,1,0
Scene4_t005,1P0A2093.dng,5,8000.000000,32,1024,SDR,5,12,100,14,8000.0,6.321928094887363,13.287712379549449,11.287712379549449,14.287712379549449,0.75,1,,,0.8,human_review,1,0
Scene4_t005,1P0A2094.dng,5,4000.000000,32,1024,SDR,5,13,100,14,4000.0,5.321928094887363,13.287712379549449,11.287712379549449,14.287712379549449,0.75,1,,,0.8,human_review,1,0
Scene4_t005,1P0A2095.dng,5,2000.000000,32,1024,SDR,5,14,100,14,2000.0,4.321928094887363,13.287712379549449,11.287712379549449,14.287712379549449,0.75,1,,,0.8,human_review,1,0
Scene4_t006,1P0A2096.dng,6,15000000.000000,32,1024,SDR,6,0,100,14,15000000.0,17.194602975157967,13.287712379549449,11.287712379549449,14.287712379549449,0.75,1,,,0.8,human_review,1,0
Scene4_t006,1P0A2097.dng,6,8000000.000000,32,1024,SDR,6,1,100,14,8000000.0,16.28771237954945,13.287712379549449,11.287712379549449,14.287712379549449,0.75,1,,,0.8,human_review,1,0
Scene4_t006,1P0A2098.dng,6,6000000.000000,32,1024,SDR,6,2,100,14,6000000.0,15.872674880270605,13.287712379549449,11.287712379549449,14.287712379549449,0.75,1,,,0.8,human_review,1,0
Scene4_t006,1P0A2099.dng,6,4000000.000000,32,1024,SDR,6,3,100,14,4000000.0,15.287712379549449,13.287712379549449,11.287712379549449,14.287712379549449,0.75,1,,,0.8,human_review,1,0
Scene4_t006,1P0A2100.dng,6,2000000.000000,32,1024,SDR,6,4,100,14,2000000.0,14.287712379549449,13.287712379549449,11.287712379549449,14.287712379549449,0.75,1,,,0.8,human_review,1,0
Scene4_t006,1P0A2101.dng,6,1000000.000000,32,1024,SDR,6,5,100,14,1000000.0,13.287712379549449,13.287712379549449,11.287712379549449,14.287712379549449,0.75,1,,,0.8,human_review,1,0
Scene4_t006,1P0A2102.dng,6,500000.000000,32,1024,SDR,6,6,100,14,500000.0,12.287712379549449,13.287712379549449,11.287712379549449,14.287712379549449,0.75,1,,,0.8,human_review,1,0
Scene4_t006,1P0A2103.dng,6,250000.000000,32,1024,SDR,6,7,100,14,250000.0,11.287712379549449,13.287712379549449,11.287712379549449,14.287712379549449,0.75,1,,,0.8,human_review,1,0
Scene4_t006,1P0A2104.dng,6,125000.000000,32,1024,SDR,6,8,100,14,125000.0,10.287712379549449,13.287712379549449,11.287712379549449,14.287712379549449,0.75,1,,,0.8,human_review,1,0
Scene4_t006,1P0A2105.dng,6,66666.666667,32,1024,SDR,6,9,100,14,66666.666667,9.380821783948145,13.287712379549449,11.287712379549449,14.287712379549449,0.75,1,,,0.8,human_review,1,0
Scene4_t006,1P0A2106.dng,6,33333.333333,32,1024,SDR,6,10,100,14,33333.333333,8.380821783926503,13.287712379549449,11.287712379549449,14.287712379549449,0.75,1,,,0.8,human_review,1,0
Scene4_t006,1P0A2107.dng,6,16666.666667,32,1024,SDR,6,11,100,14,16666.666667,7.380821783969785,13.287712379549449,11.287712379549449,14.287712379549449,0.75,1,,,0.8,human_review,1,0
Scene4_t006,1P0A2108.dng,6,8000.000000,32,1024,SDR,6,12,100,14,8000.0,6.321928094887363,13.287712379549449,11.287712379549449,14.287712379549449,0.75,1,,,0.8,human_review,1,0
Scene4_t006,1P0A2109.dng,6,4000.000000,32,1024,SDR,6,13,100,14,4000.0,5.321928094887363,13.287712379549449,11.287712379549449,14.287712379549449,0.75,1,,,0.8,human_review,1,0
Scene4_t006,1P0A2110.dng,6,2000.000000,32,1024,SDR,6,14,100,14,2000.0,4.321928094887363,13.287712379549449,11.287712379549449,14.287712379549449,0.75,1,,,0.8,human_review,1,0
Scene4_t007,1P0A2111.dng,7,15000000.000000,32,1024,SDR,7,0,100,14,15000000.0,17.194602975157967,13.287712379549449,11.287712379549449,14.287712379549449,0.75,1,,,0.8,human_review,1,0
Scene4_t007,1P0A2112.dng,7,8000000.000000,32,1024,SDR,7,1,100,14,8000000.0,16.28771237954945,13.287712379549449,11.287712379549449,14.287712379549449,0.75,1,,,0.8,human_review,1,0
Scene4_t007,1P0A2113.dng,7,6000000.000000,32,1024,SDR,7,2,100,14,6000000.0,15.872674880270605,13.287712379549449,11.287712379549449,14.287712379549449,0.75,1,,,0.8,human_review,1,0
Scene4_t007,1P0A2114.dng,7,4000000.000000,32,1024,SDR,7,3,100,14,4000000.0,15.287712379549449,13.287712379549449,11.287712379549449,14.287712379549449,0.75,1,,,0.8,human_review,1,0
Scene4_t007,1P0A2115.dng,7,2000000.000000,32,1024,SDR,7,4,100,14,2000000.0,14.287712379549449,13.287712379549449,11.287712379549449,14.287712379549449,0.75,1,,,0.8,human_review,1,0
Scene4_t007,1P0A2116.dng,7,1000000.000000,32,1024,SDR,7,5,100,14,1000000.0,13.287712379549449,13.287712379549449,11.287712379549449,14.287712379549449,0.75,1,,,0.8,human_review,1,0
Scene4_t007,1P0A2117.dng,7,500000.000000,32,1024,SDR,7,6,100,14,500000.0,12.287712379549449,13.287712379549449,11.287712379549449,14.287712379549449,0.75,1,,,0.8,human_review,1,0
Scene4_t007,1P0A2118.dng,7,250000.000000,32,1024,SDR,7,7,100,14,250000.0,11.287712379549449,13.287712379549449,11.287712379549449,14.287712379549449,0.75,1,,,0.8,human_review,1,0
Scene4_t007,1P0A2119.dng,7,125000.000000,32,1024,SDR,7,8,100,14,125000.0,10.287712379549449,13.287712379549449,11.287712379549449,14.287712379549449,0.75,1,,,0.8,human_review,1,0
Scene4_t007,1P0A2120.dng,7,66666.666667,32,1024,SDR,7,9,100,14,66666.666667,9.380821783948145,13.287712379549449,11.287712379549449,14.287712379549449,0.75,1,,,0.8,human_review,1,0
Scene4_t007,1P0A2121.dng,7,33333.333333,32,1024,SDR,7,10,100,14,33333.333333,8.380821783926503,13.287712379549449,11.287712379549449,14.287712379549449,0.75,1,,,0.8,human_review,1,0
Scene4_t007,1P0A2122.dng,7,16666.666667,32,1024,SDR,7,11,100,14,16666.666667,7.380821783969785,13.287712379549449,11.287712379549449,14.287712379549449,0.75,1,,,0.8,human_review,1,0
Scene4_t007,1P0A2123.dng,7,8000.000000,32,1024,SDR,7,12,100,14,8000.0,6.321928094887363,13.287712379549449,11.287712379549449,14.287712379549449,0.75,1,,,0.8,human_review,1,0
Scene4_t007,1P0A2124.dng,7,4000.000000,32,1024,SDR,7,13,100,14,4000.0,5.321928094887363,13.287712379549449,11.287712379549449,14.287712379549449,0.75,1,,,0.8,human_review,1,0
Scene4_t007,1P0A2125.dng,7,2000.000000,32,1024,SDR,7,14,100,14,2000.0,4.321928094887363,13.287712379549449,11.287712379549449,14.287712379549449,0.75,1,,,0.8,human_review,1,0
Scene4_t008,1P0A2126.dng,8,15000000.000000,32,1024,SDR,8,0,100,14,15000000.0,17.194602975157967,13.287712379549449,11.287712379549449,14.287712379549449,0.75,1,,,0.8,human_review,1,0
Scene4_t008,1P0A2127.dng,8,8000000.000000,32,1024,SDR,8,1,100,14,8000000.0,16.28771237954945,13.287712379549449,11.287712379549449,14.287712379549449,0.75,1,,,0.8,human_review,1,0
Scene4_t008,1P0A2128.dng,8,6000000.000000,32,1024,SDR,8,2,100,14,6000000.0,15.872674880270605,13.287712379549449,11.287712379549449,14.287712379549449,0.75,1,,,0.8,human_review,1,0
Scene4_t008,1P0A2129.dng,8,4000000.000000,32,1024,SDR,8,3,100,14,4000000.0,15.287712379549449,13.287712379549449,11.287712379549449,14.287712379549449,0.75,1,,,0.8,human_review,1,0
Scene4_t008,1P0A2130.dng,8,2000000.000000,32,1024,SDR,8,4,100,14,2000000.0,14.287712379549449,13.287712379549449,11.287712379549449,14.287712379549449,0.75,1,,,0.8,human_review,1,0
Scene4_t008,1P0A2131.dng,8,1000000.000000,32,1024,SDR,8,5,100,14,1000000.0,13.287712379549449,13.287712379549449,11.287712379549449,14.287712379549449,0.75,1,,,0.8,human_review,1,0
Scene4_t008,1P0A2132.dng,8,500000.000000,32,1024,SDR,8,6,100,14,500000.0,12.287712379549449,13.287712379549449,11.287712379549449,14.287712379549449,0.75,1,,,0.8,human_review,1,0
Scene4_t008,1P0A2133.dng,8,250000.000000,32,1024,SDR,8,7,100,14,250000.0,11.287712379549449,13.287712379549449,11.287712379549449,14.287712379549449,0.75,1,,,0.8,human_review,1,0
Scene4_t008,1P0A2134.dng,8,125000.000000,32,1024,SDR,8,8,100,14,125000.0,10.287712379549449,13.287712379549449,11.287712379549449,14.287712379549449,0.75,1,,,0.8,human_review,1,0
Scene4_t008,1P0A2135.dng,8,66666.666667,32,1024,SDR,8,9,100,14,66666.666667,9.380821783948145,13.287712379549449,11.287712379549449,14.287712379549449,0.75,1,,,0.8,human_review,1,0
Scene4_t008,1P0A2136.dng,8,33333.333333,32,1024,SDR,8,10,100,14,33333.333333,8.380821783926503,13.287712379549449,11.287712379549449,14.287712379549449,0.75,1,,,0.8,human_review,1,0
Scene4_t008,1P0A2137.dng,8,16666.666667,32,1024,SDR,8,11,100,14,16666.666667,7.380821783969785,13.287712379549449,11.287712379549449,14.287712379549449,0.75,1,,,0.8,human_review,1,0
Scene4_t008,1P0A2138.dng,8,8000.000000,32,1024,SDR,8,12,100,14,8000.0,6.321928094887363,13.287712379549449,11.287712379549449,14.287712379549449,0.75,1,,,0.8,human_review,1,0
Scene4_t008,1P0A2139.dng,8,4000.000000,32,1024,SDR,8,13,100,14,4000.0,5.321928094887363,13.287712379549449,11.287712379549449,14.287712379549449,0.75,1,,,0.8,human_review,1,0
Scene4_t008,1P0A2140.dng,8,2000.000000,32,1024,SDR,8,14,100,14,2000.0,4.321928094887363,13.287712379549449,11.287712379549449,14.287712379549449,0.75,1,,,0.8,human_review,1,0
Scene4_t009,1P0A2141.dng,9,15000000.000000,32,1024,SDR,9,0,100,14,15000000.0,17.194602975157967,13.287712379549449,11.287712379549449,14.287712379549449,0.75,1,,,0.8,human_review,1,0
Scene4_t009,1P0A2142.dng,9,8000000.000000,32,1024,SDR,9,1,100,14,8000000.0,16.28771237954945,13.287712379549449,11.287712379549449,14.287712379549449,0.75,1,,,0.8,human_review,1,0
Scene4_t009,1P0A2143.dng,9,6000000.000000,32,1024,SDR,9,2,100,14,6000000.0,15.872674880270605,13.287712379549449,11.287712379549449,14.287712379549449,0.75,1,,,0.8,human_review,1,0
Scene4_t009,1P0A2144.dng,9,4000000.000000,32,1024,SDR,9,3,100,14,4000000.0,15.287712379549449,13.287712379549449,11.287712379549449,14.287712379549449,0.75,1,,,0.8,human_review,1,0
Scene4_t009,1P0A2145.dng,9,2000000.000000,32,1024,SDR,9,4,100,14,2000000.0,14.287712379549449,13.287712379549449,11.287712379549449,14.287712379549449,0.75,1,,,0.8,human_review,1,0
Scene4_t009,1P0A2146.dng,9,1000000.000000,32,1024,SDR,9,5,100,14,1000000.0,13.287712379549449,13.287712379549449,11.287712379549449,14.287712379549449,0.75,1,,,0.8,human_review,1,0
Scene4_t009,1P0A2147.dng,9,500000.000000,32,1024,SDR,9,6,100,14,500000.0,12.287712379549449,13.287712379549449,11.287712379549449,14.287712379549449,0.75,1,,,0.8,human_review,1,0
Scene4_t009,1P0A2148.dng,9,250000.000000,32,1024,SDR,9,7,100,14,250000.0,11.287712379549449,13.287712379549449,11.287712379549449,14.287712379549449,0.75,1,,,0.8,human_review,1,0
Scene4_t009,1P0A2149.dng,9,125000.000000,32,1024,SDR,9,8,100,14,125000.0,10.287712379549449,13.287712379549449,11.287712379549449,14.287712379549449,0.75,1,,,0.8,human_review,1,0
Scene4_t009,1P0A2150.dng,9,66666.666667,32,1024,SDR,9,9,100,14,66666.666667,9.380821783948145,13.287712379549449,11.287712379549449,14.287712379549449,0.75,1,,,0.8,human_review,1,0
Scene4_t009,1P0A2151.dng,9,33333.333333,32,1024,SDR,9,10,100,14,33333.333333,8.380821783926503,13.287712379549449,11.287712379549449,14.287712379549449,0.75,1,,,0.8,human_review,1,0
Scene4_t009,1P0A2152.dng,9,16666.666667,32,1024,SDR,9,11,100,14,16666.666667,7.380821783969785,13.287712379549449,11.287712379549449,14.287712379549449,0.75,1,,,0.8,human_review,1,0
Scene4_t009,1P0A2153.dng,9,8000.000000,32,1024,SDR,9,12,100,14,8000.0,6.321928094887363,13.287712379549449,11.287712379549449,14.287712379549449,0.75,1,,,0.8,human_review,1,0
Scene4_t009,1P0A2154.dng,9,4000.000000,32,1024,SDR,9,13,100,14,4000.0,5.321928094887363,13.287712379549449,11.287712379549449,14.287712379549449,0.75,1,,,0.8,human_review,1,0
Scene4_t009,1P0A2155.dng,9,2000.000000,32,1024,SDR,9,14,100,14,2000.0,4.321928094887363,13.287712379549449,11.287712379549449,14.287712379549449,0.75,1,,,0.8,human_review,1,0
Scene4_t010,1P0A2156.dng,10,15000000.000000,32,1024,SDR,10,0,100,14,15000000.0,17.194602975157967,13.287712379549449,11.287712379549449,14.287712379549449,0.75,1,,,0.8,human_review,1,0
Scene4_t010,1P0A2157.dng,10,8000000.000000,32,1024,SDR,10,1,100,14,8000000.0,16.28771237954945,13.287712379549449,11.287712379549449,14.287712379549449,0.75,1,,,0.8,human_review,1,0
Scene4_t010,1P0A2158.dng,10,6000000.000000,32,1024,SDR,10,2,100,14,6000000.0,15.872674880270605,13.287712379549449,11.287712379549449,14.287712379549449,0.75,1,,,0.8,human_review,1,0
Scene4_t010,1P0A2159.dng,10,4000000.000000,32,1024,SDR,10,3,100,14,4000000.0,15.287712379549449,13.287712379549449,11.287712379549449,14.287712379549449,0.75,1,,,0.8,human_review,1,0
Scene4_t010,1P0A2160.dng,10,2000000.000000,32,1024,SDR,10,4,100,14,2000000.0,14.287712379549449,13.287712379549449,11.287712379549449,14.287712379549449,0.75,1,,,0.8,human_review,1,0
Scene4_t010,1P0A2161.dng,10,1000000.000000,32,1024,SDR,10,5,100,14,1000000.0,13.287712379549449,13.287712379549449,11.287712379549449,14.287712379549449,0.75,1,,,0.8,human_review,1,0
Scene4_t010,1P0A2162.dng,10,500000.000000,32,1024,SDR,10,6,100,14,500000.0,12.287712379549449,13.287712379549449,11.287712379549449,14.287712379549449,0.75,1,,,0.8,human_review,1,0
Scene4_t010,1P0A2163.dng,10,250000.000000,32,1024,SDR,10,7,100,14,250000.0,11.287712379549449,13.287712379549449,11.287712379549449,14.287712379549449,0.75,1,,,0.8,human_review,1,0
Scene4_t010,1P0A2164.dng,10,125000.000000,32,1024,SDR,10,8,100,14,125000.0,10.287712379549449,13.287712379549449,11.287712379549449,14.287712379549449,0.75,1,,,0.8,human_review,1,0
Scene4_t010,1P0A2165.dng,10,66666.666667,32,1024,SDR,10,9,100,14,66666.666667,9.380821783948145,13.287712379549449,11.287712379549449,14.287712379549449,0.75,1,,,0.8,human_review,1,0
Scene4_t010,1P0A2166.dng,10,33333.333333,32,1024,SDR,10,10,100,14,33333.333333,8.380821783926503,13.287712379549449,11.287712379549449,14.287712379549449,0.75,1,,,0.8,human_review,1,0
Scene4_t010,1P0A2167.dng,10,16666.666667,32,1024,SDR,10,11,100,14,16666.666667,7.380821783969785,13.287712379549449,11.287712379549449,14.287712379549449,0.75,1,,,0.8,human_review,1,0
Scene4_t010,1P0A2168.dng,10,8000.000000,32,1024,SDR,10,12,100,14,8000.0,6.321928094887363,13.287712379549449,11.287712379549449,14.287712379549449,0.75,1,,,0.8,human_review,1,0
Scene4_t010,1P0A2169.dng,10,4000.000000,32,1024,SDR,10,13,100,14,4000.0,5.321928094887363,13.287712379549449,11.287712379549449,14.287712379549449,0.75,1,,,0.8,human_review,1,0
Scene4_t010,1P0A2170.dng,10,2000.000000,32,1024,SDR,10,14,100,14,2000.0,4.321928094887363,13.287712379549449,11.287712379549449,14.287712379549449,0.75,1,,,0.8,human_review,1,0
Scene4_t011,1P0A2171.dng,11,15000000.000000,32,1024,SDR,11,0,100,14,15000000.0,17.194602975157967,13.287712379549449,11.287712379549449,14.287712379549449,0.75,1,,,0.8,human_review,1,0
Scene4_t011,1P0A2172.dng,11,8000000.000000,32,1024,SDR,11,1,100,14,8000000.0,16.28771237954945,13.287712379549449,11.287712379549449,14.287712379549449,0.75,1,,,0.8,human_review,1,0
Scene4_t011,1P0A2173.dng,11,6000000.000000,32,1024,SDR,11,2,100,14,6000000.0,15.872674880270605,13.287712379549449,11.287712379549449,14.287712379549449,0.75,1,,,0.8,human_review,1,0
Scene4_t011,1P0A2174.dng,11,4000000.000000,32,1024,SDR,11,3,100,14,4000000.0,15.287712379549449,13.287712379549449,11.287712379549449,14.287712379549449,0.75,1,,,0.8,human_review,1,0
Scene4_t011,1P0A2175.dng,11,2000000.000000,32,1024,SDR,11,4,100,14,2000000.0,14.287712379549449,13.287712379549449,11.287712379549449,14.287712379549449,0.75,1,,,0.8,human_review,1,0
Scene4_t011,1P0A2176.dng,11,1000000.000000,32,1024,SDR,11,5,100,14,1000000.0,13.287712379549449,13.287712379549449,11.287712379549449,14.287712379549449,0.75,1,,,0.8,human_review,1,0
Scene4_t011,1P0A2177.dng,11,500000.000000,32,1024,SDR,11,6,100,14,500000.0,12.287712379549449,13.287712379549449,11.287712379549449,14.287712379549449,0.75,1,,,0.8,human_review,1,0
Scene4_t011,1P0A2178.dng,11,250000.000000,32,1024,SDR,11,7,100,14,250000.0,11.287712379549449,13.287712379549449,11.287712379549449,14.287712379549449,0.75,1,,,0.8,human_review,1,0
Scene4_t011,1P0A2179.dng,11,125000.000000,32,1024,SDR,11,8,100,14,125000.0,10.287712379549449,13.287712379549449,11.287712379549449,14.287712379549449,0.75,1,,,0.8,human_review,1,0
Scene4_t011,1P0A2180.dng,11,66666.666667,32,1024,SDR,11,9,100,14,66666.666667,9.380821783948145,13.287712379549449,11.287712379549449,14.287712379549449,0.75,1,,,0.8,human_review,1,0
Scene4_t011,1P0A2181.dng,11,33333.333333,32,1024,SDR,11,10,100,14,33333.333333,8.380821783926503,13.287712379549449,11.287712379549449,14.287712379549449,0.75,1,,,0.8,human_review,1,0
Scene4_t011,1P0A2182.dng,11,16666.666667,32,1024,SDR,11,11,100,14,16666.666667,7.380821783969785,13.287712379549449,11.287712379549449,14.287712379549449,0.75,1,,,0.8,human_review,1,0
Scene4_t011,1P0A2183.dng,11,8000.000000,32,1024,SDR,11,12,100,14,8000.0,6.321928094887363,13.287712379549449,11.287712379549449,14.287712379549449,0.75,1,,,0.8,human_review,1,0
Scene4_t011,1P0A2184.dng,11,4000.000000,32,1024,SDR,11,13,100,14,4000.0,5.321928094887363,13.287712379549449,11.287712379549449,14.287712379549449,0.75,1,,,0.8,human_review,1,0
Scene4_t011,1P0A2185.dng,11,2000.000000,32,1024,SDR,11,14,100,14,2000.0,4.321928094887363,13.287712379549449,11.287712379549449,14.287712379549449,0.75,1,,,0.8,human_review,1,0
Scene4_t012,1P0A2186.dng,12,15000000.000000,32,1024,SDR,12,0,100,14,15000000.0,17.194602975157967,13.287712379549449,11.287712379549449,14.287712379549449,0.75,1,,,0.8,human_review,1,0
Scene4_t012,1P0A2187.dng,12,8000000.000000,32,1024,SDR,12,1,100,14,8000000.0,16.28771237954945,13.287712379549449,11.287712379549449,14.287712379549449,0.75,1,,,0.8,human_review,1,0
Scene4_t012,1P0A2188.dng,12,6000000.000000,32,1024,SDR,12,2,100,14,6000000.0,15.872674880270605,13.287712379549449,11.287712379549449,14.287712379549449,0.75,1,,,0.8,human_review,1,0
Scene4_t012,1P0A2189.dng,12,4000000.000000,32,1024,SDR,12,3,100,14,4000000.0,15.287712379549449,13.287712379549449,11.287712379549449,14.287712379549449,0.75,1,,,0.8,human_review,1,0
Scene4_t012,1P0A2190.dng,12,2000000.000000,32,1024,SDR,12,4,100,14,2000000.0,14.287712379549449,13.287712379549449,11.287712379549449,14.287712379549449,0.75,1,,,0.8,human_review,1,0
Scene4_t012,1P0A2191.dng,12,1000000.000000,32,1024,SDR,12,5,100,14,1000000.0,13.287712379549449,13.287712379549449,11.287712379549449,14.287712379549449,0.75,1,,,0.8,human_review,1,0
Scene4_t012,1P0A2192.dng,12,500000.000000,32,1024,SDR,12,6,100,14,500000.0,12.287712379549449,13.287712379549449,11.287712379549449,14.287712379549449,0.75,1,,,0.8,human_review,1,0
Scene4_t012,1P0A2193.dng,12,250000.000000,32,1024,SDR,12,7,100,14,250000.0,11.287712379549449,13.287712379549449,11.287712379549449,14.287712379549449,0.75,1,,,0.8,human_review,1,0
Scene4_t012,1P0A2194.dng,12,125000.000000,32,1024,SDR,12,8,100,14,125000.0,10.287712379549449,13.287712379549449,11.287712379549449,14.287712379549449,0.75,1,,,0.8,human_review,1,0
Scene4_t012,1P0A2195.dng,12,66666.666667,32,1024,SDR,12,9,100,14,66666.666667,9.380821783948145,13.287712379549449,11.287712379549449,14.287712379549449,0.75,1,,,0.8,human_review,1,0
Scene4_t012,1P0A2196.dng,12,33333.333333,32,1024,SDR,12,10,100,14,33333.333333,8.380821783926503,13.287712379549449,11.287712379549449,14.287712379549449,0.75,1,,,0.8,human_review,1,0
Scene4_t012,1P0A2197.dng,12,16666.666667,32,1024,SDR,12,11,100,14,16666.666667,7.380821783969785,13.287712379549449,11.287712379549449,14.287712379549449,0.75,1,,,0.8,human_review,1,0
Scene4_t012,1P0A2198.dng,12,8000.000000,32,1024,SDR,12,12,100,14,8000.0,6.321928094887363,13.287712379549449,11.287712379549449,14.287712379549449,0.75,1,,,0.8,human_review,1,0
Scene4_t012,1P0A2199.dng,12,4000.000000,32,1024,SDR,12,13,100,14,4000.0,5.321928094887363,13.287712379549449,11.287712379549449,14.287712379549449,0.75,1,,,0.8,human_review,1,0
Scene4_t012,1P0A2200.dng,12,2000.000000,32,1024,SDR,12,14,100,14,2000.0,4.321928094887363,13.287712379549449,11.287712379549449,14.287712379549449,0.75,1,,,0.8,human_review,1,0
Scene4_t013,1P0A2201.dng,13,15000000.000000,32,1024,SDR,13,0,100,14,15000000.0,17.194602975157967,13.287712379549449,11.287712379549449,14.287712379549449,0.75,1,,,0.8,human_review,1,0
Scene4_t013,1P0A2202.dng,13,8000000.000000,32,1024,SDR,13,1,100,14,8000000.0,16.28771237954945,13.287712379549449,11.287712379549449,14.287712379549449,0.75,1,,,0.8,human_review,1,0
Scene4_t013,1P0A2203.dng,13,6000000.000000,32,1024,SDR,13,2,100,14,6000000.0,15.872674880270605,13.287712379549449,11.287712379549449,14.287712379549449,0.75,1,,,0.8,human_review,1,0
Scene4_t013,1P0A2204.dng,13,4000000.000000,32,1024,SDR,13,3,100,14,4000000.0,15.287712379549449,13.287712379549449,11.287712379549449,14.287712379549449,0.75,1,,,0.8,human_review,1,0
Scene4_t013,1P0A2205.dng,13,2000000.000000,32,1024,SDR,13,4,100,14,2000000.0,14.287712379549449,13.287712379549449,11.287712379549449,14.287712379549449,0.75,1,,,0.8,human_review,1,0
Scene4_t013,1P0A2206.dng,13,1000000.000000,32,1024,SDR,13,5,100,14,1000000.0,13.287712379549449,13.287712379549449,11.287712379549449,14.287712379549449,0.75,1,,,0.8,human_review,1,0
Scene4_t013,1P0A2207.dng,13,500000.000000,32,1024,SDR,13,6,100,14,500000.0,12.287712379549449,13.287712379549449,11.287712379549449,14.287712379549449,0.75,1,,,0.8,human_review,1,0
Scene4_t013,1P0A2208.dng,13,250000.000000,32,1024,SDR,13,7,100,14,250000.0,11.287712379549449,13.287712379549449,11.287712379549449,14.287712379549449,0.75,1,,,0.8,human_review,1,0
Scene4_t013,1P0A2209.dng,13,125000.000000,32,1024,SDR,13,8,100,14,125000.0,10.287712379549449,13.287712379549449,11.287712379549449,14.287712379549449,0.75,1,,,0.8,human_review,1,0
Scene4_t013,1P0A2210.dng,13,66666.666667,32,1024,SDR,13,9,100,14,66666.666667,9.380821783948145,13.287712379549449,11.287712379549449,14.287712379549449,0.75,1,,,0.8,human_review,1,0
Scene4_t013,1P0A2211.dng,13,33333.333333,32,1024,SDR,13,10,100,14,33333.333333,8.380821783926503,13.287712379549449,11.287712379549449,14.287712379549449,0.75,1,,,0.8,human_review,1,0
Scene4_t013,1P0A2212.dng,13,16666.666667,32,1024,SDR,13,11,100,14,16666.666667,7.380821783969785,13.287712379549449,11.287712379549449,14.287712379549449,0.75,1,,,0.8,human_review,1,0
Scene4_t013,1P0A2213.dng,13,8000.000000,32,1024,SDR,13,12,100,14,8000.0,6.321928094887363,13.287712379549449,11.287712379549449,14.287712379549449,0.75,1,,,0.8,human_review,1,0
Scene4_t013,1P0A2214.dng,13,4000.000000,32,1024,SDR,13,13,100,14,4000.0,5.321928094887363,13.287712379549449,11.287712379549449,14.287712379549449,0.75,1,,,0.8,human_review,1,0
Scene4_t013,1P0A2215.dng,13,2000.000000,32,1024,SDR,13,14,100,14,2000.0,4.321928094887363,13.287712379549449,11.287712379549449,14.287712379549449,0.75,1,,,0.8,human_review,1,0
Scene4_t014,1P0A2216.dng,14,15000000.000000,32,1024,SDR,14,0,100,14,15000000.0,17.194602975157967,13.287712379549449,11.287712379549449,14.287712379549449,0.75,1,,,0.8,human_review,1,0
Scene4_t014,1P0A2217.dng,14,8000000.000000,32,1024,SDR,14,1,100,14,8000000.0,16.28771237954945,13.287712379549449,11.287712379549449,14.287712379549449,0.75,1,,,0.8,human_review,1,0
Scene4_t014,1P0A2218.dng,14,6000000.000000,32,1024,SDR,14,2,100,14,6000000.0,15.872674880270605,13.287712379549449,11.287712379549449,14.287712379549449,0.75,1,,,0.8,human_review,1,0
Scene4_t014,1P0A2219.dng,14,4000000.000000,32,1024,SDR,14,3,100,14,4000000.0,15.287712379549449,13.287712379549449,11.287712379549449,14.287712379549449,0.75,1,,,0.8,human_review,1,0
Scene4_t014,1P0A2220.dng,14,2000000.000000,32,1024,SDR,14,4,100,14,2000000.0,14.287712379549449,13.287712379549449,11.287712379549449,14.287712379549449,0.75,1,,,0.8,human_review,1,0
Scene4_t014,1P0A2221.dng,14,1000000.000000,32,1024,SDR,14,5,100,14,1000000.0,13.287712379549449,13.287712379549449,11.287712379549449,14.287712379549449,0.75,1,,,0.8,human_review,1,0
Scene4_t014,1P0A2222.dng,14,500000.000000,32,1024,SDR,14,6,100,14,500000.0,12.287712379549449,13.287712379549449,11.287712379549449,14.287712379549449,0.75,1,,,0.8,human_review,1,0
Scene4_t014,1P0A2223.dng,14,250000.000000,32,1024,SDR,14,7,100,14,250000.0,11.287712379549449,13.287712379549449,11.287712379549449,14.287712379549449,0.75,1,,,0.8,human_review,1,0
Scene4_t014,1P0A2224.dng,14,125000.000000,32,1024,SDR,14,8,100,14,125000.0,10.287712379549449,13.287712379549449,11.287712379549449,14.287712379549449,0.75,1,,,0.8,human_review,1,0
Scene4_t014,1P0A2225.dng,14,66666.666667,32,1024,SDR,14,9,100,14,66666.666667,9.380821783948145,13.287712379549449,11.287712379549449,14.287712379549449,0.75,1,,,0.8,human_review,1,0
Scene4_t014,1P0A2226.dng,14,33333.333333,32,1024,SDR,14,10,100,14,33333.333333,8.380821783926503,13.287712379549449,11.287712379549449,14.287712379549449,0.75,1,,,0.8,human_review,1,0
Scene4_t014,1P0A2227.dng,14,16666.666667,32,1024,SDR,14,11,100,14,16666.666667,7.380821783969785,13.287712379549449,11.287712379549449,14.287712379549449,0.75,1,,,0.8,human_review,1,0
Scene4_t014,1P0A2228.dng,14,8000.000000,32,1024,SDR,14,12,100,14,8000.0,6.321928094887363,13.287712379549449,11.287712379549449,14.287712379549449,0.75,1,,,0.8,human_review,1,0
Scene4_t014,1P0A2229.dng,14,4000.000000,32,1024,SDR,14,13,100,14,4000.0,5.321928094887363,13.287712379549449,11.287712379549449,14.287712379549449,0.75,1,,,0.8,human_review,1,0
Scene4_t014,1P0A2230.dng,14,2000.000000,32,1024,SDR,14,14,100,14,2000.0,4.321928094887363,13.287712379549449,11.287712379549449,14.287712379549449,0.75,1,,,0.8,human_review,1,0
Scene4_t015,1P0A2231.dng,15,15000000.000000,32,1024,SDR,15,0,100,14,15000000.0,17.194602975157967,13.287712379549449,11.287712379549449,14.287712379549449,0.75,1,,,0.8,human_review,1,0
Scene4_t015,1P0A2232.dng,15,8000000.000000,32,1024,SDR,15,1,100,14,8000000.0,16.28771237954945,13.287712379549449,11.287712379549449,14.287712379549449,0.75,1,,,0.8,human_review,1,0
Scene4_t015,1P0A2233.dng,15,6000000.000000,32,1024,SDR,15,2,100,14,6000000.0,15.872674880270605,13.287712379549449,11.287712379549449,14.287712379549449,0.75,1,,,0.8,human_review,1,0
Scene4_t015,1P0A2234.dng,15,4000000.000000,32,1024,SDR,15,3,100,14,4000000.0,15.287712379549449,13.287712379549449,11.287712379549449,14.287712379549449,0.75,1,,,0.8,human_review,1,0
Scene4_t015,1P0A2235.dng,15,2000000.000000,32,1024,SDR,15,4,100,14,2000000.0,14.287712379549449,13.287712379549449,11.287712379549449,14.287712379549449,0.75,1,,,0.8,human_review,1,0
Scene4_t015,1P0A2236.dng,15,1000000.000000,32,1024,SDR,15,5,100,14,1000000.0,13.287712379549449,13.287712379549449,11.287712379549449,14.287712379549449,0.75,1,,,0.8,human_review,1,0
Scene4_t015,1P0A2237.dng,15,500000.000000,32,1024,SDR,15,6,100,14,500000.0,12.287712379549449,13.287712379549449,11.287712379549449,14.287712379549449,0.75,1,,,0.8,human_review,1,0
Scene4_t015,1P0A2238.dng,15,250000.000000,32,1024,SDR,15,7,100,14,250000.0,11.287712379549449,13.287712379549449,11.287712379549449,14.287712379549449,0.75,1,,,0.8,human_review,1,0
Scene4_t015,1P0A2239.dng,15,125000.000000,32,1024,SDR,15,8,100,14,125000.0,10.287712379549449,13.287712379549449,11.287712379549449,14.287712379549449,0.75,1,,,0.8,human_review,1,0
Scene4_t015,1P0A2240.dng,15,66666.666667,32,1024,SDR,15,9,100,14,66666.666667,9.380821783948145,13.287712379549449,11.287712379549449,14.287712379549449,0.75,1,,,0.8,human_review,1,0
Scene4_t015,1P0A2241.dng,15,33333.333333,32,1024,SDR,15,10,100,14,33333.333333,8.380821783926503,13.287712379549449,11.287712379549449,14.287712379549449,0.75,1,,,0.8,human_review,1,0
Scene4_t015,1P0A2242.dng,15,16666.666667,32,1024,SDR,15,11,100,14,16666.666667,7.380821783969785,13.287712379549449,11.287712379549449,14.287712379549449,0.75,1,,,0.8,human_review,1,0
Scene4_t015,1P0A2243.dng,15,8000.000000,32,1024,SDR,15,12,100,14,8000.0,6.321928094887363,13.287712379549449,11.287712379549449,14.287712379549449,0.75,1,,,0.8,human_review,1,0
Scene4_t015,1P0A2244.dng,15,4000.000000,32,1024,SDR,15,13,100,14,4000.0,5.321928094887363,13.287712379549449,11.287712379549449,14.287712379549449,0.75,1,,,0.8,human_review,1,0
Scene4_t015,1P0A2245.dng,15,2000.000000,32,1024,SDR,15,14,100,14,2000.0,4.321928094887363,13.287712379549449,11.287712379549449,14.287712379549449,0.75,1,,,0.8,human_review,1,0
Scene4_t016,1P0A2246.dng,16,15000000.000000,32,1024,SDR,16,0,100,14,15000000.0,17.194602975157967,13.287712379549449,11.287712379549449,14.287712379549449,0.75,1,,,0.8,human_review,1,0
Scene4_t016,1P0A2247.dng,16,8000000.000000,32,1024,SDR,16,1,100,14,8000000.0,16.28771237954945,13.287712379549449,11.287712379549449,14.287712379549449,0.75,1,,,0.8,human_review,1,0
Scene4_t016,1P0A2248.dng,16,6000000.000000,32,1024,SDR,16,2,100,14,6000000.0,15.872674880270605,13.287712379549449,11.287712379549449,14.287712379549449,0.75,1,,,0.8,human_review,1,0
Scene4_t016,1P0A2249.dng,16,4000000.000000,32,1024,SDR,16,3,100,14,4000000.0,15.287712379549449,13.287712379549449,11.287712379549449,14.287712379549449,0.75,1,,,0.8,human_review,1,0
Scene4_t016,1P0A2250.dng,16,2000000.000000,32,1024,SDR,16,4,100,14,2000000.0,14.287712379549449,13.287712379549449,11.287712379549449,14.287712379549449,0.75,1,,,0.8,human_review,1,0
Scene4_t016,1P0A2251.dng,16,1000000.000000,32,1024,SDR,16,5,100,14,1000000.0,13.287712379549449,13.287712379549449,11.287712379549449,14.287712379549449,0.75,1,,,0.8,human_review,1,0
Scene4_t016,1P0A2252.dng,16,500000.000000,32,1024,SDR,16,6,100,14,500000.0,12.287712379549449,13.287712379549449,11.287712379549449,14.287712379549449,0.75,1,,,0.8,human_review,1,0
Scene4_t016,1P0A2253.dng,16,250000.000000,32,1024,SDR,16,7,100,14,250000.0,11.287712379549449,13.287712379549449,11.287712379549449,14.287712379549449,0.75,1,,,0.8,human_review,1,0
Scene4_t016,1P0A2254.dng,16,125000.000000,32,1024,SDR,16,8,100,14,125000.0,10.287712379549449,13.287712379549449,11.287712379549449,14.287712379549449,0.75,1,,,0.8,human_review,1,0
Scene4_t016,1P0A2255.dng,16,66666.666667,32,1024,SDR,16,9,100,14,66666.666667,9.380821783948145,13.287712379549449,11.287712379549449,14.287712379549449,0.75,1,,,0.8,human_review,1,0
Scene4_t016,1P0A2256.dng,16,33333.333333,32,1024,SDR,16,10,100,14,33333.333333,8.380821783926503,13.287712379549449,11.287712379549449,14.287712379549449,0.75,1,,,0.8,human_review,1,0
Scene4_t016,1P0A2257.dng,16,16666.666667,32,1024,SDR,16,11,100,14,16666.666667,7.380821783969785,13.287712379549449,11.287712379549449,14.287712379549449,0.75,1,,,0.8,human_review,1,0
Scene4_t016,1P0A2258.dng,16,8000.000000,32,1024,SDR,16,12,100,14,8000.0,6.321928094887363,13.287712379549449,11.287712379549449,14.287712379549449,0.75,1,,,0.8,human_review,1,0
Scene4_t016,1P0A2259.dng,16,4000.000000,32,1024,SDR,16,13,100,14,4000.0,5.321928094887363,13.287712379549449,11.287712379549449,14.287712379549449,0.75,1,,,0.8,human_review,1,0
Scene4_t016,1P0A2260.dng,16,2000.000000,32,1024,SDR,16,14,100,14,2000.0,4.321928094887363,13.287712379549449,11.287712379549449,14.287712379549449,0.75,1,,,0.8,human_review,1,0
Scene4_t017,1P0A2261.dng,17,15000000.000000,32,1024,SDR,17,0,100,14,15000000.0,17.194602975157967,13.287712379549449,11.287712379549449,14.287712379549449,0.75,1,,,0.8,human_review,1,0
Scene4_t017,1P0A2262.dng,17,8000000.000000,32,1024,SDR,17,1,100,14,8000000.0,16.28771237954945,13.287712379549449,11.287712379549449,14.287712379549449,0.75,1,,,0.8,human_review,1,0
Scene4_t017,1P0A2263.dng,17,6000000.000000,32,1024,SDR,17,2,100,14,6000000.0,15.872674880270605,13.287712379549449,11.287712379549449,14.287712379549449,0.75,1,,,0.8,human_review,1,0
Scene4_t017,1P0A2264.dng,17,4000000.000000,32,1024,SDR,17,3,100,14,4000000.0,15.287712379549449,13.287712379549449,11.287712379549449,14.287712379549449,0.75,1,,,0.8,human_review,1,0
Scene4_t017,1P0A2265.dng,17,2000000.000000,32,1024,SDR,17,4,100,14,2000000.0,14.287712379549449,13.287712379549449,11.287712379549449,14.287712379549449,0.75,1,,,0.8,human_review,1,0
Scene4_t017,1P0A2266.dng,17,1000000.000000,32,1024,SDR,17,5,100,14,1000000.0,13.287712379549449,13.287712379549449,11.287712379549449,14.287712379549449,0.75,1,,,0.8,human_review,1,0
Scene4_t017,1P0A2267.dng,17,500000.000000,32,1024,SDR,17,6,100,14,500000.0,12.287712379549449,13.287712379549449,11.287712379549449,14.287712379549449,0.75,1,,,0.8,human_review,1,0
Scene4_t017,1P0A2268.dng,17,250000.000000,32,1024,SDR,17,7,100,14,250000.0,11.287712379549449,13.287712379549449,11.287712379549449,14.287712379549449,0.75,1,,,0.8,human_review,1,0
Scene4_t017,1P0A2269.dng,17,125000.000000,32,1024,SDR,17,8,100,14,125000.0,10.287712379549449,13.287712379549449,11.287712379549449,14.287712379549449,0.75,1,,,0.8,human_review,1,0
Scene4_t017,1P0A2270.dng,17,66666.666667,32,1024,SDR,17,9,100,14,66666.666667,9.380821783948145,13.287712379549449,11.287712379549449,14.287712379549449,0.75,1,,,0.8,human_review,1,0
Scene4_t017,1P0A2271.dng,17,33333.333333,32,1024,SDR,17,10,100,14,33333.333333,8.380821783926503,13.287712379549449,11.287712379549449,14.287712379549449,0.75,1,,,0.8,human_review,1,0
Scene4_t017,1P0A2272.dng,17,16666.666667,32,1024,SDR,17,11,100,14,16666.666667,7.380821783969785,13.287712379549449,11.287712379549449,14.287712379549449,0.75,1,,,0.8,human_review,1,0
Scene4_t017,1P0A2273.dng,17,8000.000000,32,1024,SDR,17,12,100,14,8000.0,6.321928094887363,13.287712379549449,11.287712379549449,14.287712379549449,0.75,1,,,0.8,human_review,1,0
Scene4_t017,1P0A2274.dng,17,4000.000000,32,1024,SDR,17,13,100,14,4000.0,5.321928094887363,13.287712379549449,11.287712379549449,14.287712379549449,0.75,1,,,0.8,human_review,1,0
Scene4_t017,1P0A2275.dng,17,2000.000000,32,1024,SDR,17,14,100,14,2000.0,4.321928094887363,13.287712379549449,11.287712379549449,14.287712379549449,0.75,1,,,0.8,human_review,1,0
Scene4_t018,1P0A2276.dng,18,15000000.000000,32,1024,SDR,18,0,100,14,15000000.0,17.194602975157967,13.287712379549449,11.287712379549449,14.287712379549449,0.75,1,,,0.8,human_review,1,0
Scene4_t018,1P0A2277.dng,18,8000000.000000,32,1024,SDR,18,1,100,14,8000000.0,16.28771237954945,13.287712379549449,11.287712379549449,14.287712379549449,0.75,1,,,0.8,human_review,1,0
Scene4_t018,1P0A2278.dng,18,6000000.000000,32,1024,SDR,18,2,100,14,6000000.0,15.872674880270605,13.287712379549449,11.287712379549449,14.287712379549449,0.75,1,,,0.8,human_review,1,0
Scene4_t018,1P0A2279.dng,18,4000000.000000,32,1024,SDR,18,3,100,14,4000000.0,15.287712379549449,13.287712379549449,11.287712379549449,14.287712379549449,0.75,1,,,0.8,human_review,1,0
Scene4_t018,1P0A2280.dng,18,2000000.000000,32,1024,SDR,18,4,100,14,2000000.0,14.287712379549449,13.287712379549449,11.287712379549449,14.287712379549449,0.75,1,,,0.8,human_review,1,0
Scene4_t018,1P0A2281.dng,18,1000000.000000,32,1024,SDR,18,5,100,14,1000000.0,13.287712379549449,13.287712379549449,11.287712379549449,14.287712379549449,0.75,1,,,0.8,human_review,1,0
Scene4_t018,1P0A2282.dng,18,500000.000000,32,1024,SDR,18,6,100,14,500000.0,12.287712379549449,13.287712379549449,11.287712379549449,14.287712379549449,0.75,1,,,0.8,human_review,1,0
Scene4_t018,1P0A2283.dng,18,250000.000000,32,1024,SDR,18,7,100,14,250000.0,11.287712379549449,13.287712379549449,11.287712379549449,14.287712379549449,0.75,1,,,0.8,human_review,1,0
Scene4_t018,1P0A2284.dng,18,125000.000000,32,1024,SDR,18,8,100,14,125000.0,10.287712379549449,13.287712379549449,11.287712379549449,14.287712379549449,0.75,1,,,0.8,human_review,1,0
Scene4_t018,1P0A2285.dng,18,66666.666667,32,1024,SDR,18,9,100,14,66666.666667,9.380821783948145,13.287712379549449,11.287712379549449,14.287712379549449,0.75,1,,,0.8,human_review,1,0
Scene4_t018,1P0A2286.dng,18,33333.333333,32,1024,SDR,18,10,100,14,33333.333333,8.380821783926503,13.287712379549449,11.287712379549449,14.287712379549449,0.75,1,,,0.8,human_review,1,0
Scene4_t018,1P0A2287.dng,18,16666.666667,32,1024,SDR,18,11,100,14,16666.666667,7.380821783969785,13.287712379549449,11.287712379549449,14.287712379549449,0.75,1,,,0.8,human_review,1,0
Scene4_t018,1P0A2288.dng,18,8000.000000,32,1024,SDR,18,12,100,14,8000.0,6.321928094887363,13.287712379549449,11.287712379549449,14.287712379549449,0.75,1,,,0.8,human_review,1,0
Scene4_t018,1P0A2289.dng,18,4000.000000,32,1024,SDR,18,13,100,14,4000.0,5.321928094887363,13.287712379549449,11.287712379549449,14.287712379549449,0.75,1,,,0.8,human_review,1,0
Scene4_t018,1P0A2290.dng,18,2000.000000,32,1024,SDR,18,14,100,14,2000.0,4.321928094887363,13.287712379549449,11.287712379549449,14.287712379549449,0.75,1,,,0.8,human_review,1,0
Scene4_t019,1P0A2291.dng,19,15000000.000000,32,1024,SDR,19,0,100,14,15000000.0,17.194602975157967,13.287712379549449,11.287712379549449,14.287712379549449,0.75,1,,,0.8,human_review,1,0
Scene4_t019,1P0A2292.dng,19,8000000.000000,32,1024,SDR,19,1,100,14,8000000.0,16.28771237954945,13.287712379549449,11.287712379549449,14.287712379549449,0.75,1,,,0.8,human_review,1,0
Scene4_t019,1P0A2293.dng,19,6000000.000000,32,1024,SDR,19,2,100,14,6000000.0,15.872674880270605,13.287712379549449,11.287712379549449,14.287712379549449,0.75,1,,,0.8,human_review,1,0
Scene4_t019,1P0A2294.dng,19,4000000.000000,32,1024,SDR,19,3,100,14,4000000.0,15.287712379549449,13.287712379549449,11.287712379549449,14.287712379549449,0.75,1,,,0.8,human_review,1,0
Scene4_t019,1P0A2295.dng,19,2000000.000000,32,1024,SDR,19,4,100,14,2000000.0,14.287712379549449,13.287712379549449,11.287712379549449,14.287712379549449,0.75,1,,,0.8,human_review,1,0
Scene4_t019,1P0A2296.dng,19,1000000.000000,32,1024,SDR,19,5,100,14,1000000.0,13.287712379549449,13.287712379549449,11.287712379549449,14.287712379549449,0.75,1,,,0.8,human_review,1,0
Scene4_t019,1P0A2297.dng,19,500000.000000,32,1024,SDR,19,6,100,14,500000.0,12.287712379549449,13.287712379549449,11.287712379549449,14.287712379549449,0.75,1,,,0.8,human_review,1,0
Scene4_t019,1P0A2298.dng,19,250000.000000,32,1024,SDR,19,7,100,14,250000.0,11.287712379549449,13.287712379549449,11.287712379549449,14.287712379549449,0.75,1,,,0.8,human_review,1,0
Scene4_t019,1P0A2299.dng,19,125000.000000,32,1024,SDR,19,8,100,14,125000.0,10.287712379549449,13.287712379549449,11.287712379549449,14.287712379549449,0.75,1,,,0.8,human_review,1,0
Scene4_t019,1P0A2300.dng,19,66666.666667,32,1024,SDR,19,9,100,14,66666.666667,9.380821783948145,13.287712379549449,11.287712379549449,14.287712379549449,0.75,1,,,0.8,human_review,1,0
Scene4_t019,1P0A2301.dng,19,33333.333333,32,1024,SDR,19,10,100,14,33333.333333,8.380821783926503,13.287712379549449,11.287712379549449,14.287712379549449,0.75,1,,,0.8,human_review,1,0
Scene4_t019,1P0A2302.dng,19,16666.666667,32,1024,SDR,19,11,100,14,16666.666667,7.380821783969785,13.287712379549449,11.287712379549449,14.287712379549449,0.75,1,,,0.8,human_review,1,0
Scene4_t019,1P0A2303.dng,19,8000.000000,32,1024,SDR,19,12,100,14,8000.0,6.321928094887363,13.287712379549449,11.287712379549449,14.287712379549449,0.75,1,,,0.8,human_review,1,0
Scene4_t019,1P0A2304.dng,19,4000.000000,32,1024,SDR,19,13,100,14,4000.0,5.321928094887363,13.287712379549449,11.287712379549449,14.287712379549449,0.75,1,,,0.8,human_review,1,0
Scene4_t019,1P0A2305.dng,19,2000.000000,32,1024,SDR,19,14,100,14,2000.0,4.321928094887363,13.287712379549449,11.287712379549449,14.287712379549449,0.75,1,,,0.8,human_review,1,0
Scene4_t020,1P0A2306.dng,20,15000000.000000,32,1024,SDR,20,0,100,14,15000000.0,17.194602975157967,13.287712379549449,11.287712379549449,14.287712379549449,0.75,1,,,0.8,human_review,1,0
Scene4_t020,1P0A2307.dng,20,8000000.000000,32,1024,SDR,20,1,100,14,8000000.0,16.28771237954945,13.287712379549449,11.287712379549449,14.287712379549449,0.75,1,,,0.8,human_review,1,0
Scene4_t020,1P0A2308.dng,20,6000000.000000,32,1024,SDR,20,2,100,14,6000000.0,15.872674880270605,13.287712379549449,11.287712379549449,14.287712379549449,0.75,1,,,0.8,human_review,1,0
Scene4_t020,1P0A2309.dng,20,4000000.000000,32,1024,SDR,20,3,100,14,4000000.0,15.287712379549449,13.287712379549449,11.287712379549449,14.287712379549449,0.75,1,,,0.8,human_review,1,0
Scene4_t020,1P0A2310.dng,20,2000000.000000,32,1024,SDR,20,4,100,14,2000000.0,14.287712379549449,13.287712379549449,11.287712379549449,14.287712379549449,0.75,1,,,0.8,human_review,1,0
Scene4_t020,1P0A2311.dng,20,1000000.000000,32,1024,SDR,20,5,100,14,1000000.0,13.287712379549449,13.287712379549449,11.287712379549449,14.287712379549449,0.75,1,,,0.8,human_review,1,0
Scene4_t020,1P0A2312.dng,20,500000.000000,32,1024,SDR,20,6,100,14,500000.0,12.287712379549449,13.287712379549449,11.287712379549449,14.287712379549449,0.75,1,,,0.8,human_review,1,0
Scene4_t020,1P0A2313.dng,20,250000.000000,32,1024,SDR,20,7,100,14,250000.0,11.287712379549449,13.287712379549449,11.287712379549449,14.287712379549449,0.75,1,,,0.8,human_review,1,0
Scene4_t020,1P0A2314.dng,20,125000.000000,32,1024,SDR,20,8,100,14,125000.0,10.287712379549449,13.287712379549449,11.287712379549449,14.287712379549449,0.75,1,,,0.8,human_review,1,0
Scene4_t020,1P0A2315.dng,20,66666.666667,32,1024,SDR,20,9,100,14,66666.666667,9.380821783948145,13.287712379549449,11.287712379549449,14.287712379549449,0.75,1,,,0.8,human_review,1,0
Scene4_t020,1P0A2316.dng,20,33333.333333,32,1024,SDR,20,10,100,14,33333.333333,8.380821783926503,13.287712379549449,11.287712379549449,14.287712379549449,0.75,1,,,0.8,human_review,1,0
Scene4_t020,1P0A2317.dng,20,16666.666667,32,1024,SDR,20,11,100,14,16666.666667,7.380821783969785,13.287712379549449,11.287712379549449,14.287712379549449,0.75,1,,,0.8,human_review,1,0
Scene4_t020,1P0A2318.dng,20,8000.000000,32,1024,SDR,20,12,100,14,8000.0,6.321928094887363,13.287712379549449,11.287712379549449,14.287712379549449,0.75,1,,,0.8,human_review,1,0
Scene4_t020,1P0A2319.dng,20,4000.000000,32,1024,SDR,20,13,100,14,4000.0,5.321928094887363,13.287712379549449,11.287712379549449,14.287712379549449,0.75,1,,,0.8,human_review,1,0
Scene4_t020,1P0A2320.dng,20,2000.000000,32,1024,SDR,20,14,100,14,2000.0,4.321928094887363,13.287712379549449,11.287712379549449,14.287712379549449,0.75,1,,,0.8,human_review,1,0
Scene4_t021,1P0A2321.dng,21,15000000.000000,32,1024,SDR,21,0,100,14,15000000.0,17.194602975157967,13.287712379549449,11.287712379549449,14.287712379549449,0.75,1,,,0.8,human_review,1,0
Scene4_t021,1P0A2322.dng,21,8000000.000000,32,1024,SDR,21,1,100,14,8000000.0,16.28771237954945,13.287712379549449,11.287712379549449,14.287712379549449,0.75,1,,,0.8,human_review,1,0
Scene4_t021,1P0A2323.dng,21,6000000.000000,32,1024,SDR,21,2,100,14,6000000.0,15.872674880270605,13.287712379549449,11.287712379549449,14.287712379549449,0.75,1,,,0.8,human_review,1,0
Scene4_t021,1P0A2324.dng,21,4000000.000000,32,1024,SDR,21,3,100,14,4000000.0,15.287712379549449,13.287712379549449,11.287712379549449,14.287712379549449,0.75,1,,,0.8,human_review,1,0
Scene4_t021,1P0A2325.dng,21,2000000.000000,32,1024,SDR,21,4,100,14,2000000.0,14.287712379549449,13.287712379549449,11.287712379549449,14.287712379549449,0.75,1,,,0.8,human_review,1,0
Scene4_t021,1P0A2326.dng,21,1000000.000000,32,1024,SDR,21,5,100,14,1000000.0,13.287712379549449,13.287712379549449,11.287712379549449,14.287712379549449,0.75,1,,,0.8,human_review,1,0
Scene4_t021,1P0A2327.dng,21,500000.000000,32,1024,SDR,21,6,100,14,500000.0,12.287712379549449,13.287712379549449,11.287712379549449,14.287712379549449,0.75,1,,,0.8,human_review,1,0
Scene4_t021,1P0A2328.dng,21,250000.000000,32,1024,SDR,21,7,100,14,250000.0,11.287712379549449,13.287712379549449,11.287712379549449,14.287712379549449,0.75,1,,,0.8,human_review,1,0
Scene4_t021,1P0A2329.dng,21,125000.000000,32,1024,SDR,21,8,100,14,125000.0,10.287712379549449,13.287712379549449,11.287712379549449,14.287712379549449,0.75,1,,,0.8,human_review,1,0
Scene4_t021,1P0A2330.dng,21,66666.666667,32,1024,SDR,21,9,100,14,66666.666667,9.380821783948145,13.287712379549449,11.287712379549449,14.287712379549449,0.75,1,,,0.8,human_review,1,0
Scene4_t021,1P0A2331.dng,21,33333.333333,32,1024,SDR,21,10,100,14,33333.333333,8.380821783926503,13.287712379549449,11.287712379549449,14.287712379549449,0.75,1,,,0.8,human_review,1,0
Scene4_t021,1P0A2332.dng,21,16666.666667,32,1024,SDR,21,11,100,14,16666.666667,7.380821783969785,13.287712379549449,11.287712379549449,14.287712379549449,0.75,1,,,0.8,human_review,1,0
Scene4_t021,1P0A2333.dng,21,8000.000000,32,1024,SDR,21,12,100,14,8000.0,6.321928094887363,13.287712379549449,11.287712379549449,14.287712379549449,0.75,1,,,0.8,human_review,1,0
Scene4_t021,1P0A2334.dng,21,4000.000000,32,1024,SDR,21,13,100,14,4000.0,5.321928094887363,13.287712379549449,11.287712379549449,14.287712379549449,0.75,1,,,0.8,human_review,1,0
Scene4_t021,1P0A2335.dng,21,2000.000000,32,1024,SDR,21,14,100,14,2000.0,4.321928094887363,13.287712379549449,11.287712379549449,14.287712379549449,0.75,1,,,0.8,human_review,1,0
Scene4_t022,1P0A2336.dng,22,15000000.000000,32,1024,SDR,22,0,100,14,15000000.0,17.194602975157967,13.287712379549449,11.287712379549449,14.287712379549449,0.75,1,,,0.8,human_review,1,0
Scene4_t022,1P0A2337.dng,22,8000000.000000,32,1024,SDR,22,1,100,14,8000000.0,16.28771237954945,13.287712379549449,11.287712379549449,14.287712379549449,0.75,1,,,0.8,human_review,1,0
Scene4_t022,1P0A2338.dng,22,6000000.000000,32,1024,SDR,22,2,100,14,6000000.0,15.872674880270605,13.287712379549449,11.287712379549449,14.287712379549449,0.75,1,,,0.8,human_review,1,0
Scene4_t022,1P0A2339.dng,22,4000000.000000,32,1024,SDR,22,3,100,14,4000000.0,15.287712379549449,13.287712379549449,11.287712379549449,14.287712379549449,0.75,1,,,0.8,human_review,1,0
Scene4_t022,1P0A2340.dng,22,2000000.000000,32,1024,SDR,22,4,100,14,2000000.0,14.287712379549449,13.287712379549449,11.287712379549449,14.287712379549449,0.75,1,,,0.8,human_review,1,0
Scene4_t022,1P0A2341.dng,22,1000000.000000,32,1024,SDR,22,5,100,14,1000000.0,13.287712379549449,13.287712379549449,11.287712379549449,14.287712379549449,0.75,1,,,0.8,human_review,1,0
Scene4_t022,1P0A2342.dng,22,500000.000000,32,1024,SDR,22,6,100,14,500000.0,12.287712379549449,13.287712379549449,11.287712379549449,14.287712379549449,0.75,1,,,0.8,human_review,1,0
Scene4_t022,1P0A2343.dng,22,250000.000000,32,1024,SDR,22,7,100,14,250000.0,11.287712379549449,13.287712379549449,11.287712379549449,14.287712379549449,0.75,1,,,0.8,human_review,1,0
Scene4_t022,1P0A2344.dng,22,125000.000000,32,1024,SDR,22,8,100,14,125000.0,10.287712379549449,13.287712379549449,11.287712379549449,14.287712379549449,0.75,1,,,0.8,human_review,1,0
Scene4_t022,1P0A2345.dng,22,66666.666667,32,1024,SDR,22,9,100,14,66666.666667,9.380821783948145,13.287712379549449,11.287712379549449,14.287712379549449,0.75,1,,,0.8,human_review,1,0
Scene4_t022,1P0A2346.dng,22,33333.333333,32,1024,SDR,22,10,100,14,33333.333333,8.380821783926503,13.287712379549449,11.287712379549449,14.287712379549449,0.75,1,,,0.8,human_review,1,0
Scene4_t022,1P0A2347.dng,22,16666.666667,32,1024,SDR,22,11,100,14,16666.666667,7.380821783969785,13.287712379549449,11.287712379549449,14.287712379549449,0.75,1,,,0.8,human_review,1,0
Scene4_t022,1P0A2348.dng,22,8000.000000,32,1024,SDR,22,12,100,14,8000.0,6.321928094887363,13.287712379549449,11.287712379549449,14.287712379549449,0.75,1,,,0.8,human_review,1,0
Scene4_t022,1P0A2349.dng,22,4000.000000,32,1024,SDR,22,13,100,14,4000.0,5.321928094887363,13.287712379549449,11.287712379549449,14.287712379549449,0.75,1,,,0.8,human_review,1,0
Scene4_t022,1P0A2350.dng,22,2000.000000,32,1024,SDR,22,14,100,14,2000.0,4.321928094887363,13.287712379549449,11.287712379549449,14.287712379549449,0.75,1,,,0.8,human_review,1,0
Scene4_t023,1P0A2351.dng,23,15000000.000000,32,1024,SDR,23,0,100,14,15000000.0,17.194602975157967,13.287712379549449,11.287712379549449,14.287712379549449,0.75,1,,,0.8,human_review,1,0
Scene4_t023,1P0A2352.dng,23,8000000.000000,32,1024,SDR,23,1,100,14,8000000.0,16.28771237954945,13.287712379549449,11.287712379549449,14.287712379549449,0.75,1,,,0.8,human_review,1,0
Scene4_t023,1P0A2353.dng,23,6000000.000000,32,1024,SDR,23,2,100,14,6000000.0,15.872674880270605,13.287712379549449,11.287712379549449,14.287712379549449,0.75,1,,,0.8,human_review,1,0
Scene4_t023,1P0A2354.dng,23,4000000.000000,32,1024,SDR,23,3,100,14,4000000.0,15.287712379549449,13.287712379549449,11.287712379549449,14.287712379549449,0.75,1,,,0.8,human_review,1,0
Scene4_t023,1P0A2355.dng,23,2000000.000000,32,1024,SDR,23,4,100,14,2000000.0,14.287712379549449,13.287712379549449,11.287712379549449,14.287712379549449,0.75,1,,,0.8,human_review,1,0
Scene4_t023,1P0A2356.dng,23,1000000.000000,32,1024,SDR,23,5,100,14,1000000.0,13.287712379549449,13.287712379549449,11.287712379549449,14.287712379549449,0.75,1,,,0.8,human_review,1,0
Scene4_t023,1P0A2357.dng,23,500000.000000,32,1024,SDR,23,6,100,14,500000.0,12.287712379549449,13.287712379549449,11.287712379549449,14.287712379549449,0.75,1,,,0.8,human_review,1,0
Scene4_t023,1P0A2358.dng,23,250000.000000,32,1024,SDR,23,7,100,14,250000.0,11.287712379549449,13.287712379549449,11.287712379549449,14.287712379549449,0.75,1,,,0.8,human_review,1,0
Scene4_t023,1P0A2359.dng,23,125000.000000,32,1024,SDR,23,8,100,14,125000.0,10.287712379549449,13.287712379549449,11.287712379549449,14.287712379549449,0.75,1,,,0.8,human_review,1,0
Scene4_t023,1P0A2360.dng,23,66666.666667,32,1024,SDR,23,9,100,14,66666.666667,9.380821783948145,13.287712379549449,11.287712379549449,14.287712379549449,0.75,1,,,0.8,human_review,1,0
Scene4_t023,1P0A2361.dng,23,33333.333333,32,1024,SDR,23,10,100,14,33333.333333,8.380821783926503,13.287712379549449,11.287712379549449,14.287712379549449,0.75,1,,,0.8,human_review,1,0
Scene4_t023,1P0A2362.dng,23,16666.666667,32,1024,SDR,23,11,100,14,16666.666667,7.380821783969785,13.287712379549449,11.287712379549449,14.287712379549449,0.75,1,,,0.8,human_review,1,0
Scene4_t023,1P0A2363.dng,23,8000.000000,32,1024,SDR,23,12,100,14,8000.0,6.321928094887363,13.287712379549449,11.287712379549449,14.287712379549449,0.75,1,,,0.8,human_review,1,0
Scene4_t023,1P0A2364.dng,23,4000.000000,32,1024,SDR,23,13,100,14,4000.0,5.321928094887363,13.287712379549449,11.287712379549449,14.287712379549449,0.75,1,,,0.8,human_review,1,0
Scene4_t023,1P0A2365.dng,23,2000.000000,32,1024,SDR,23,14,100,14,2000.0,4.321928094887363,13.287712379549449,11.287712379549449,14.287712379549449,0.75,1,,,0.8,human_review,1,0
Scene4_t024,1P0A2366.dng,24,15000000.000000,32,1024,SDR,24,0,100,14,15000000.0,17.194602975157967,13.287712379549449,11.287712379549449,14.287712379549449,0.75,1,,,0.8,human_review,1,0
Scene4_t024,1P0A2367.dng,24,8000000.000000,32,1024,SDR,24,1,100,14,8000000.0,16.28771237954945,13.287712379549449,11.287712379549449,14.287712379549449,0.75,1,,,0.8,human_review,1,0
Scene4_t024,1P0A2368.dng,24,6000000.000000,32,1024,SDR,24,2,100,14,6000000.0,15.872674880270605,13.287712379549449,11.287712379549449,14.287712379549449,0.75,1,,,0.8,human_review,1,0
Scene4_t024,1P0A2369.dng,24,4000000.000000,32,1024,SDR,24,3,100,14,4000000.0,15.287712379549449,13.287712379549449,11.287712379549449,14.287712379549449,0.75,1,,,0.8,human_review,1,0
Scene4_t024,1P0A2370.dng,24,2000000.000000,32,1024,SDR,24,4,100,14,2000000.0,14.287712379549449,13.287712379549449,11.287712379549449,14.287712379549449,0.75,1,,,0.8,human_review,1,0
Scene4_t024,1P0A2371.dng,24,1000000.000000,32,1024,SDR,24,5,100,14,1000000.0,13.287712379549449,13.287712379549449,11.287712379549449,14.287712379549449,0.75,1,,,0.8,human_review,1,0
Scene4_t024,1P0A2372.dng,24,500000.000000,32,1024,SDR,24,6,100,14,500000.0,12.287712379549449,13.287712379549449,11.287712379549449,14.287712379549449,0.75,1,,,0.8,human_review,1,0
Scene4_t024,1P0A2373.dng,24,250000.000000,32,1024,SDR,24,7,100,14,250000.0,11.287712379549449,13.287712379549449,11.287712379549449,14.287712379549449,0.75,1,,,0.8,human_review,1,0
Scene4_t024,1P0A2374.dng,24,125000.000000,32,1024,SDR,24,8,100,14,125000.0,10.287712379549449,13.287712379549449,11.287712379549449,14.287712379549449,0.75,1,,,0.8,human_review,1,0
Scene4_t024,1P0A2375.dng,24,66666.666667,32,1024,SDR,24,9,100,14,66666.666667,9.380821783948145,13.287712379549449,11.287712379549449,14.287712379549449,0.75,1,,,0.8,human_review,1,0
Scene4_t024,1P0A2376.dng,24,33333.333333,32,1024,SDR,24,10,100,14,33333.333333,8.380821783926503,13.287712379549449,11.287712379549449,14.287712379549449,0.75,1,,,0.8,human_review,1,0
Scene4_t024,1P0A2377.dng,24,16666.666667,32,1024,SDR,24,11,100,14,16666.666667,7.380821783969785,13.287712379549449,11.287712379549449,14.287712379549449,0.75,1,,,0.8,human_review,1,0
Scene4_t024,1P0A2378.dng,24,8000.000000,32,1024,SDR,24,12,100,14,8000.0,6.321928094887363,13.287712379549449,11.287712379549449,14.287712379549449,0.75,1,,,0.8,human_review,1,0
Scene4_t024,1P0A2379.dng,24,4000.000000,32,1024,SDR,24,13,100,14,4000.0,5.321928094887363,13.287712379549449,11.287712379549449,14.287712379549449,0.75,1,,,0.8,human_review,1,0
Scene4_t024,1P0A2380.dng,24,2000.000000,32,1024,SDR,24,14,100,14,2000.0,4.321928094887363,13.287712379549449,11.287712379549449,14.287712379549449,0.75,1,,,0.8,human_review,1,0
Scene4_t025,1P0A2381.dng,25,15000000.000000,32,1024,SDR,25,0,100,14,15000000.0,17.194602975157967,13.287712379549449,11.287712379549449,14.287712379549449,0.75,1,,,0.8,human_review,1,0
Scene4_t025,1P0A2382.dng,25,8000000.000000,32,1024,SDR,25,1,100,14,8000000.0,16.28771237954945,13.287712379549449,11.287712379549449,14.287712379549449,0.75,1,,,0.8,human_review,1,0
Scene4_t025,1P0A2383.dng,25,6000000.000000,32,1024,SDR,25,2,100,14,6000000.0,15.872674880270605,13.287712379549449,11.287712379549449,14.287712379549449,0.75,1,,,0.8,human_review,1,0
Scene4_t025,1P0A2384.dng,25,4000000.000000,32,1024,SDR,25,3,100,14,4000000.0,15.287712379549449,13.287712379549449,11.287712379549449,14.287712379549449,0.75,1,,,0.8,human_review,1,0
Scene4_t025,1P0A2385.dng,25,2000000.000000,32,1024,SDR,25,4,100,14,2000000.0,14.287712379549449,13.287712379549449,11.287712379549449,14.287712379549449,0.75,1,,,0.8,human_review,1,0
Scene4_t025,1P0A2386.dng,25,1000000.000000,32,1024,SDR,25,5,100,14,1000000.0,13.287712379549449,13.287712379549449,11.287712379549449,14.287712379549449,0.75,1,,,0.8,human_review,1,0
Scene4_t025,1P0A2387.dng,25,500000.000000,32,1024,SDR,25,6,100,14,500000.0,12.287712379549449,13.287712379549449,11.287712379549449,14.287712379549449,0.75,1,,,0.8,human_review,1,0
Scene4_t025,1P0A2388.dng,25,250000.000000,32,1024,SDR,25,7,100,14,250000.0,11.287712379549449,13.287712379549449,11.287712379549449,14.287712379549449,0.75,1,,,0.8,human_review,1,0
Scene4_t025,1P0A2389.dng,25,125000.000000,32,1024,SDR,25,8,100,14,125000.0,10.287712379549449,13.287712379549449,11.287712379549449,14.287712379549449,0.75,1,,,0.8,human_review,1,0
Scene4_t025,1P0A2390.dng,25,66666.666667,32,1024,SDR,25,9,100,14,66666.666667,9.380821783948145,13.287712379549449,11.287712379549449,14.287712379549449,0.75,1,,,0.8,human_review,1,0
Scene4_t025,1P0A2391.dng,25,33333.333333,32,1024,SDR,25,10,100,14,33333.333333,8.380821783926503,13.287712379549449,11.287712379549449,14.287712379549449,0.75,1,,,0.8,human_review,1,0
Scene4_t025,1P0A2392.dng,25,16666.666667,32,1024,SDR,25,11,100,14,16666.666667,7.380821783969785,13.287712379549449,11.287712379549449,14.287712379549449,0.75,1,,,0.8,human_review,1,0
Scene4_t025,1P0A2393.dng,25,8000.000000,32,1024,SDR,25,12,100,14,8000.0,6.321928094887363,13.287712379549449,11.287712379549449,14.287712379549449,0.75,1,,,0.8,human_review,1,0
Scene4_t025,1P0A2394.dng,25,4000.000000,32,1024,SDR,25,13,100,14,4000.0,5.321928094887363,13.287712379549449,11.287712379549449,14.287712379549449,0.75,1,,,0.8,human_review,1,0
Scene4_t025,1P0A2395.dng,25,2000.000000,32,1024,SDR,25,14,100,14,2000.0,4.321928094887363,13.287712379549449,11.287712379549449,14.287712379549449,0.75,1,,,0.8,human_review,1,0
Scene4_t026,1P0A2396.dng,26,15000000.000000,32,1024,SDR,26,0,100,14,15000000.0,17.194602975157967,13.287712379549449,11.287712379549449,14.287712379549449,0.75,1,,,0.8,human_review,1,0
Scene4_t026,1P0A2397.dng,26,8000000.000000,32,1024,SDR,26,1,100,14,8000000.0,16.28771237954945,13.287712379549449,11.287712379549449,14.287712379549449,0.75,1,,,0.8,human_review,1,0
Scene4_t026,1P0A2398.dng,26,6000000.000000,32,1024,SDR,26,2,100,14,6000000.0,15.872674880270605,13.287712379549449,11.287712379549449,14.287712379549449,0.75,1,,,0.8,human_review,1,0
Scene4_t026,1P0A2399.dng,26,4000000.000000,32,1024,SDR,26,3,100,14,4000000.0,15.287712379549449,13.287712379549449,11.287712379549449,14.287712379549449,0.75,1,,,0.8,human_review,1,0
Scene4_t026,1P0A2400.dng,26,2000000.000000,32,1024,SDR,26,4,100,14,2000000.0,14.287712379549449,13.287712379549449,11.287712379549449,14.287712379549449,0.75,1,,,0.8,human_review,1,0
Scene4_t026,1P0A2401.dng,26,1000000.000000,32,1024,SDR,26,5,100,14,1000000.0,13.287712379549449,13.287712379549449,11.287712379549449,14.287712379549449,0.75,1,,,0.8,human_review,1,0
Scene4_t026,1P0A2402.dng,26,500000.000000,32,1024,SDR,26,6,100,14,500000.0,12.287712379549449,13.287712379549449,11.287712379549449,14.287712379549449,0.75,1,,,0.8,human_review,1,0
Scene4_t026,1P0A2403.dng,26,250000.000000,32,1024,SDR,26,7,100,14,250000.0,11.287712379549449,13.287712379549449,11.287712379549449,14.287712379549449,0.75,1,,,0.8,human_review,1,0
Scene4_t026,1P0A2404.dng,26,125000.000000,32,1024,SDR,26,8,100,14,125000.0,10.287712379549449,13.287712379549449,11.287712379549449,14.287712379549449,0.75,1,,,0.8,human_review,1,0
Scene4_t026,1P0A2405.dng,26,66666.666667,32,1024,SDR,26,9,100,14,66666.666667,9.380821783948145,13.287712379549449,11.287712379549449,14.287712379549449,0.75,1,,,0.8,human_review,1,0
Scene4_t026,1P0A2406.dng,26,33333.333333,32,1024,SDR,26,10,100,14,33333.333333,8.380821783926503,13.287712379549449,11.287712379549449,14.287712379549449,0.75,1,,,0.8,human_review,1,0
Scene4_t026,1P0A2407.dng,26,16666.666667,32,1024,SDR,26,11,100,14,16666.666667,7.380821783969785,13.287712379549449,11.287712379549449,14.287712379549449,0.75,1,,,0.8,human_review,1,0
Scene4_t026,1P0A2408.dng,26,8000.000000,32,1024,SDR,26,12,100,14,8000.0,6.321928094887363,13.287712379549449,11.287712379549449,14.287712379549449,0.75,1,,,0.8,human_review,1,0
Scene4_t026,1P0A2409.dng,26,4000.000000,32,1024,SDR,26,13,100,14,4000.0,5.321928094887363,13.287712379549449,11.287712379549449,14.287712379549449,0.75,1,,,0.8,human_review,1,0
Scene4_t026,1P0A2410.dng,26,2000.000000,32,1024,SDR,26,14,100,14,2000.0,4.321928094887363,13.287712379549449,11.287712379549449,14.287712379549449,0.75,1,,,0.8,human_review,1,0
Scene4_t027,1P0A2411.dng,27,15000000.000000,32,1024,SDR,27,0,100,14,15000000.0,17.194602975157967,13.287712379549449,11.287712379549449,14.287712379549449,0.75,1,,,0.8,human_review,1,0
Scene4_t027,1P0A2412.dng,27,8000000.000000,32,1024,SDR,27,1,100,14,8000000.0,16.28771237954945,13.287712379549449,11.287712379549449,14.287712379549449,0.75,1,,,0.8,human_review,1,0
Scene4_t027,1P0A2413.dng,27,6000000.000000,32,1024,SDR,27,2,100,14,6000000.0,15.872674880270605,13.287712379549449,11.287712379549449,14.287712379549449,0.75,1,,,0.8,human_review,1,0
Scene4_t027,1P0A2414.dng,27,4000000.000000,32,1024,SDR,27,3,100,14,4000000.0,15.287712379549449,13.287712379549449,11.287712379549449,14.287712379549449,0.75,1,,,0.8,human_review,1,0
Scene4_t027,1P0A2415.dng,27,2000000.000000,32,1024,SDR,27,4,100,14,2000000.0,14.287712379549449,13.287712379549449,11.287712379549449,14.287712379549449,0.75,1,,,0.8,human_review,1,0
Scene4_t027,1P0A2416.dng,27,1000000.000000,32,1024,SDR,27,5,100,14,1000000.0,13.287712379549449,13.287712379549449,11.287712379549449,14.287712379549449,0.75,1,,,0.8,human_review,1,0
Scene4_t027,1P0A2417.dng,27,500000.000000,32,1024,SDR,27,6,100,14,500000.0,12.287712379549449,13.287712379549449,11.287712379549449,14.287712379549449,0.75,1,,,0.8,human_review,1,0
Scene4_t027,1P0A2418.dng,27,250000.000000,32,1024,SDR,27,7,100,14,250000.0,11.287712379549449,13.287712379549449,11.287712379549449,14.287712379549449,0.75,1,,,0.8,human_review,1,0
Scene4_t027,1P0A2419.dng,27,125000.000000,32,1024,SDR,27,8,100,14,125000.0,10.287712379549449,13.287712379549449,11.287712379549449,14.287712379549449,0.75,1,,,0.8,human_review,1,0
Scene4_t027,1P0A2420.dng,27,66666.666667,32,1024,SDR,27,9,100,14,66666.666667,9.380821783948145,13.287712379549449,11.287712379549449,14.287712379549449,0.75,1,,,0.8,human_review,1,0
Scene4_t027,1P0A2421.dng,27,33333.333333,32,1024,SDR,27,10,100,14,33333.333333,8.380821783926503,13.287712379549449,11.287712379549449,14.287712379549449,0.75,1,,,0.8,human_review,1,0
Scene4_t027,1P0A2422.dng,27,16666.666667,32,1024,SDR,27,11,100,14,16666.666667,7.380821783969785,13.287712379549449,11.287712379549449,14.287712379549449,0.75,1,,,0.8,human_review,1,0
Scene4_t027,1P0A2423.dng,27,8000.000000,32,1024,SDR,27,12,100,14,8000.0,6.321928094887363,13.287712379549449,11.287712379549449,14.287712379549449,0.75,1,,,0.8,human_review,1,0
Scene4_t027,1P0A2424.dng,27,4000.000000,32,1024,SDR,27,13,100,14,4000.0,5.321928094887363,13.287712379549449,11.287712379549449,14.287712379549449,0.75,1,,,0.8,human_review,1,0
Scene4_t027,1P0A2425.dng,27,2000.000000,32,1024,SDR,27,14,100,14,2000.0,4.321928094887363,13.287712379549449,11.287712379549449,14.287712379549449,0.75,1,,,0.8,human_review,1,0
Scene4_t028,1P0A2426.dng,28,15000000.000000,32,1024,SDR,28,0,100,14,15000000.0,17.194602975157967,13.287712379549449,11.287712379549449,14.287712379549449,0.75,1,,,0.8,human_review,1,0
Scene4_t028,1P0A2427.dng,28,8000000.000000,32,1024,SDR,28,1,100,14,8000000.0,16.28771237954945,13.287712379549449,11.287712379549449,14.287712379549449,0.75,1,,,0.8,human_review,1,0
Scene4_t028,1P0A2428.dng,28,6000000.000000,32,1024,SDR,28,2,100,14,6000000.0,15.872674880270605,13.287712379549449,11.287712379549449,14.287712379549449,0.75,1,,,0.8,human_review,1,0
Scene4_t028,1P0A2429.dng,28,4000000.000000,32,1024,SDR,28,3,100,14,4000000.0,15.287712379549449,13.287712379549449,11.287712379549449,14.287712379549449,0.75,1,,,0.8,human_review,1,0
Scene4_t028,1P0A2430.dng,28,2000000.000000,32,1024,SDR,28,4,100,14,2000000.0,14.287712379549449,13.287712379549449,11.287712379549449,14.287712379549449,0.75,1,,,0.8,human_review,1,0
Scene4_t028,1P0A2431.dng,28,1000000.000000,32,1024,SDR,28,5,100,14,1000000.0,13.287712379549449,13.287712379549449,11.287712379549449,14.287712379549449,0.75,1,,,0.8,human_review,1,0
Scene4_t028,1P0A2432.dng,28,500000.000000,32,1024,SDR,28,6,100,14,500000.0,12.287712379549449,13.287712379549449,11.287712379549449,14.287712379549449,0.75,1,,,0.8,human_review,1,0
Scene4_t028,1P0A2433.dng,28,250000.000000,32,1024,SDR,28,7,100,14,250000.0,11.287712379549449,13.287712379549449,11.287712379549449,14.287712379549449,0.75,1,,,0.8,human_review,1,0
Scene4_t028,1P0A2434.dng,28,125000.000000,32,1024,SDR,28,8,100,14,125000.0,10.287712379549449,13.287712379549449,11.287712379549449,14.287712379549449,0.75,1,,,0.8,human_review,1,0
Scene4_t028,1P0A2435.dng,28,66666.666667,32,1024,SDR,28,9,100,14,66666.666667,9.380821783948145,13.287712379549449,11.287712379549449,14.287712379549449,0.75,1,,,0.8,human_review,1,0
Scene4_t028,1P0A2436.dng,28,33333.333333,32,1024,SDR,28,10,100,14,33333.333333,8.380821783926503,13.287712379549449,11.287712379549449,14.287712379549449,0.75,1,,,0.8,human_review,1,0
Scene4_t028,1P0A2437.dng,28,16666.666667,32,1024,SDR,28,11,100,14,16666.666667,7.380821783969785,13.287712379549449,11.287712379549449,14.287712379549449,0.75,1,,,0.8,human_review,1,0
Scene4_t028,1P0A2438.dng,28,8000.000000,32,1024,SDR,28,12,100,14,8000.0,6.321928094887363,13.287712379549449,11.287712379549449,14.287712379549449,0.75,1,,,0.8,human_review,1,0
Scene4_t028,1P0A2439.dng,28,4000.000000,32,1024,SDR,28,13,100,14,4000.0,5.321928094887363,13.287712379549449,11.287712379549449,14.287712379549449,0.75,1,,,0.8,human_review,1,0
Scene4_t028,1P0A2440.dng,28,2000.000000,32,1024,SDR,28,14,100,14,2000.0,4.321928094887363,13.287712379549449,11.287712379549449,14.287712379549449,0.75,1,,,0.8,human_review,1,0
Scene4_t029,1P0A2441.dng,29,15000000.000000,32,1024,SDR,29,0,100,14,15000000.0,17.194602975157967,13.287712379549449,11.287712379549449,14.287712379549449,0.75,1,,,0.8,human_review,1,0
Scene4_t029,1P0A2442.dng,29,8000000.000000,32,1024,SDR,29,1,100,14,8000000.0,16.28771237954945,13.287712379549449,11.287712379549449,14.287712379549449,0.75,1,,,0.8,human_review,1,0
Scene4_t029,1P0A2443.dng,29,6000000.000000,32,1024,SDR,29,2,100,14,6000000.0,15.872674880270605,13.287712379549449,11.287712379549449,14.287712379549449,0.75,1,,,0.8,human_review,1,0
Scene4_t029,1P0A2444.dng,29,4000000.000000,32,1024,SDR,29,3,100,14,4000000.0,15.287712379549449,13.287712379549449,11.287712379549449,14.287712379549449,0.75,1,,,0.8,human_review,1,0
Scene4_t029,1P0A2445.dng,29,2000000.000000,32,1024,SDR,29,4,100,14,2000000.0,14.287712379549449,13.287712379549449,11.287712379549449,14.287712379549449,0.75,1,,,0.8,human_review,1,0
Scene4_t029,1P0A2446.dng,29,1000000.000000,32,1024,SDR,29,5,100,14,1000000.0,13.287712379549449,13.287712379549449,11.287712379549449,14.287712379549449,0.75,1,,,0.8,human_review,1,0
Scene4_t029,1P0A2447.dng,29,500000.000000,32,1024,SDR,29,6,100,14,500000.0,12.287712379549449,13.287712379549449,11.287712379549449,14.287712379549449,0.75,1,,,0.8,human_review,1,0
Scene4_t029,1P0A2448.dng,29,250000.000000,32,1024,SDR,29,7,100,14,250000.0,11.287712379549449,13.287712379549449,11.287712379549449,14.287712379549449,0.75,1,,,0.8,human_review,1,0
Scene4_t029,1P0A2449.dng,29,125000.000000,32,1024,SDR,29,8,100,14,125000.0,10.287712379549449,13.287712379549449,11.287712379549449,14.287712379549449,0.75,1,,,0.8,human_review,1,0
Scene4_t029,1P0A2450.dng,29,66666.666667,32,1024,SDR,29,9,100,14,66666.666667,9.380821783948145,13.287712379549449,11.287712379549449,14.287712379549449,0.75,1,,,0.8,human_review,1,0
Scene4_t029,1P0A2451.dng,29,33333.333333,32,1024,SDR,29,10,100,14,33333.333333,8.380821783926503,13.287712379549449,11.287712379549449,14.287712379549449,0.75,1,,,0.8,human_review,1,0
Scene4_t029,1P0A2452.dng,29,16666.666667,32,1024,SDR,29,11,100,14,16666.666667,7.380821783969785,13.287712379549449,11.287712379549449,14.287712379549449,0.75,1,,,0.8,human_review,1,0
Scene4_t029,1P0A2453.dng,29,8000.000000,32,1024,SDR,29,12,100,14,8000.0,6.321928094887363,13.287712379549449,11.287712379549449,14.287712379549449,0.75,1,,,0.8,human_review,1,0
Scene4_t029,1P0A2454.dng,29,4000.000000,32,1024,SDR,29,13,100,14,4000.0,5.321928094887363,13.287712379549449,11.287712379549449,14.287712379549449,0.75,1,,,0.8,human_review,1,0
Scene4_t029,1P0A2455.dng,29,2000.000000,32,1024,SDR,29,14,100,14,2000.0,4.321928094887363,13.287712379549449,11.287712379549449,14.287712379549449,0.75,1,,,0.8,human_review,1,0
Scene4_t030,1P0A2456.dng,30,15000000.000000,32,1024,SDR,30,0,100,14,15000000.0,17.194602975157967,14.287712379549449,12.287712379549449,15.287712379549449,0.25,0,,,0.8,human_review,1,0
Scene4_t030,1P0A2457.dng,30,8000000.000000,32,1024,SDR,30,1,100,14,8000000.0,16.28771237954945,14.287712379549449,12.287712379549449,15.287712379549449,0.25,0,,,0.8,human_review,1,0
Scene4_t030,1P0A2458.dng,30,6000000.000000,32,1024,SDR,30,2,100,14,6000000.0,15.872674880270605,14.287712379549449,12.287712379549449,15.287712379549449,0.25,0,,,0.8,human_review,1,0
Scene4_t030,1P0A2459.dng,30,4000000.000000,32,1024,SDR,30,3,100,14,4000000.0,15.287712379549449,14.287712379549449,12.287712379549449,15.287712379549449,0.25,0,,,0.8,human_review,1,0
Scene4_t030,1P0A2460.dng,30,2000000.000000,32,1024,SDR,30,4,100,14,2000000.0,14.287712379549449,14.287712379549449,12.287712379549449,15.287712379549449,0.25,0,,,0.8,human_review,1,0
Scene4_t030,1P0A2461.dng,30,1000000.000000,32,1024,SDR,30,5,100,14,1000000.0,13.287712379549449,14.287712379549449,12.287712379549449,15.287712379549449,0.25,0,,,0.8,human_review,1,0
Scene4_t030,1P0A2462.dng,30,500000.000000,32,1024,SDR,30,6,100,14,500000.0,12.287712379549449,14.287712379549449,12.287712379549449,15.287712379549449,0.25,0,,,0.8,human_review,1,0
Scene4_t030,1P0A2463.dng,30,250000.000000,32,1024,SDR,30,7,100,14,250000.0,11.287712379549449,14.287712379549449,12.287712379549449,15.287712379549449,0.25,0,,,0.8,human_review,1,0
Scene4_t030,1P0A2464.dng,30,125000.000000,32,1024,SDR,30,8,100,14,125000.0,10.287712379549449,14.287712379549449,12.287712379549449,15.287712379549449,0.25,0,,,0.8,human_review,1,0
Scene4_t030,1P0A2465.dng,30,66666.666667,32,1024,SDR,30,9,100,14,66666.666667,9.380821783948145,14.287712379549449,12.287712379549449,15.287712379549449,0.25,0,,,0.8,human_review,1,0
Scene4_t030,1P0A2466.dng,30,33333.333333,32,1024,SDR,30,10,100,14,33333.333333,8.380821783926503,14.287712379549449,12.287712379549449,15.287712379549449,0.25,0,,,0.8,human_review,1,0
Scene4_t030,1P0A2467.dng,30,16666.666667,32,1024,SDR,30,11,100,14,16666.666667,7.380821783969785,14.287712379549449,12.287712379549449,15.287712379549449,0.25,0,,,0.8,human_review,1,0
Scene4_t030,1P0A2468.dng,30,8000.000000,32,1024,SDR,30,12,100,14,8000.0,6.321928094887363,14.287712379549449,12.287712379549449,15.287712379549449,0.25,0,,,0.8,human_review,1,0
Scene4_t030,1P0A2469.dng,30,4000.000000,32,1024,SDR,30,13,100,14,4000.0,5.321928094887363,14.287712379549449,12.287712379549449,15.287712379549449,0.25,0,,,0.8,human_review,1,0
Scene4_t030,1P0A2470.dng,30,2000.000000,32,1024,SDR,30,14,100,14,2000.0,4.321928094887363,14.287712379549449,12.287712379549449,15.287712379549449,0.25,0,,,0.8,human_review,1,0
Scene4_t031,1P0A2471.dng,31,15000000.000000,32,1024,SDR,31,0,100,14,15000000.0,17.194602975157967,14.287712379549449,13.287712379549449,15.872674880270605,0.25,0,,,0.8,human_review,1,0
Scene4_t031,1P0A2472.dng,31,8000000.000000,32,1024,SDR,31,1,100,14,8000000.0,16.28771237954945,14.287712379549449,13.287712379549449,15.872674880270605,0.25,0,,,0.8,human_review,1,0
Scene4_t031,1P0A2473.dng,31,6000000.000000,32,1024,SDR,31,2,100,14,6000000.0,15.872674880270605,14.287712379549449,13.287712379549449,15.872674880270605,0.25,0,,,0.8,human_review,1,0
Scene4_t031,1P0A2474.dng,31,4000000.000000,32,1024,SDR,31,3,100,14,4000000.0,15.287712379549449,14.287712379549449,13.287712379549449,15.872674880270605,0.25,0,,,0.8,human_review,1,0
Scene4_t031,1P0A2475.dng,31,2000000.000000,32,1024,SDR,31,4,100,14,2000000.0,14.287712379549449,14.287712379549449,13.287712379549449,15.872674880270605,0.25,0,,,0.8,human_review,1,0
Scene4_t031,1P0A2476.dng,31,1000000.000000,32,1024,SDR,31,5,100,14,1000000.0,13.287712379549449,14.287712379549449,13.287712379549449,15.872674880270605,0.25,0,,,0.8,human_review,1,0
Scene4_t031,1P0A2477.dng,31,500000.000000,32,1024,SDR,31,6,100,14,500000.0,12.287712379549449,14.287712379549449,13.287712379549449,15.872674880270605,0.25,0,,,0.8,human_review,1,0
Scene4_t031,1P0A2478.dng,31,250000.000000,32,1024,SDR,31,7,100,14,250000.0,11.287712379549449,14.287712379549449,13.287712379549449,15.872674880270605,0.25,0,,,0.8,human_review,1,0
Scene4_t031,1P0A2479.dng,31,125000.000000,32,1024,SDR,31,8,100,14,125000.0,10.287712379549449,14.287712379549449,13.287712379549449,15.872674880270605,0.25,0,,,0.8,human_review,1,0
Scene4_t031,1P0A2480.dng,31,66666.666667,32,1024,SDR,31,9,100,14,66666.666667,9.380821783948145,14.287712379549449,13.287712379549449,15.872674880270605,0.25,0,,,0.8,human_review,1,0
Scene4_t031,1P0A2481.dng,31,33333.333333,32,1024,SDR,31,10,100,14,33333.333333,8.380821783926503,14.287712379549449,13.287712379549449,15.872674880270605,0.25,0,,,0.8,human_review,1,0
Scene4_t031,1P0A2482.dng,31,16666.666667,32,1024,SDR,31,11,100,14,16666.666667,7.380821783969785,14.287712379549449,13.287712379549449,15.872674880270605,0.25,0,,,0.8,human_review,1,0
Scene4_t031,1P0A2483.dng,31,8000.000000,32,1024,SDR,31,12,100,14,8000.0,6.321928094887363,14.287712379549449,13.287712379549449,15.872674880270605,0.25,0,,,0.8,human_review,1,0
Scene4_t031,1P0A2484.dng,31,4000.000000,32,1024,SDR,31,13,100,14,4000.0,5.321928094887363,14.287712379549449,13.287712379549449,15.872674880270605,0.25,0,,,0.8,human_review,1,0
Scene4_t031,1P0A2485.dng,31,2000.000000,32,1024,SDR,31,14,100,14,2000.0,4.321928094887363,14.287712379549449,13.287712379549449,15.872674880270605,0.25,0,,,0.8,human_review,1,0
Scene4_t032,1P0A2486.dng,32,15000000.000000,32,1024,SDR,32,0,100,14,15000000.0,17.194602975157967,14.287712379549449,12.287712379549449,15.872674880270605,0.25,0,,,0.8,human_review,1,0
Scene4_t032,1P0A2487.dng,32,8000000.000000,32,1024,SDR,32,1,100,14,8000000.0,16.28771237954945,14.287712379549449,12.287712379549449,15.872674880270605,0.25,0,,,0.8,human_review,1,0
Scene4_t032,1P0A2488.dng,32,6000000.000000,32,1024,SDR,32,2,100,14,6000000.0,15.872674880270605,14.287712379549449,12.287712379549449,15.872674880270605,0.25,0,,,0.8,human_review,1,0
Scene4_t032,1P0A2489.dng,32,4000000.000000,32,1024,SDR,32,3,100,14,4000000.0,15.287712379549449,14.287712379549449,12.287712379549449,15.872674880270605,0.25,0,,,0.8,human_review,1,0
Scene4_t032,1P0A2490.dng,32,2000000.000000,32,1024,SDR,32,4,100,14,2000000.0,14.287712379549449,14.287712379549449,12.287712379549449,15.872674880270605,0.25,0,,,0.8,human_review,1,0
Scene4_t032,1P0A2491.dng,32,1000000.000000,32,1024,SDR,32,5,100,14,1000000.0,13.287712379549449,14.287712379549449,12.287712379549449,15.872674880270605,0.25,0,,,0.8,human_review,1,0
Scene4_t032,1P0A2492.dng,32,500000.000000,32,1024,SDR,32,6,100,14,500000.0,12.287712379549449,14.287712379549449,12.287712379549449,15.872674880270605,0.25,0,,,0.8,human_review,1,0
Scene4_t032,1P0A2493.dng,32,250000.000000,32,1024,SDR,32,7,100,14,250000.0,11.287712379549449,14.287712379549449,12.287712379549449,15.872674880270605,0.25,0,,,0.8,human_review,1,0
Scene4_t032,1P0A2494.dng,32,125000.000000,32,1024,SDR,32,8,100,14,125000.0,10.287712379549449,14.287712379549449,12.287712379549449,15.872674880270605,0.25,0,,,0.8,human_review,1,0
Scene4_t032,1P0A2495.dng,32,66666.666667,32,1024,SDR,32,9,100,14,66666.666667,9.380821783948145,14.287712379549449,12.287712379549449,15.872674880270605,0.25,0,,,0.8,human_review,1,0
Scene4_t032,1P0A2496.dng,32,33333.333333,32,1024,SDR,32,10,100,14,33333.333333,8.380821783926503,14.287712379549449,12.287712379549449,15.872674880270605,0.25,0,,,0.8,human_review,1,0
Scene4_t032,1P0A2497.dng,32,16666.666667,32,1024,SDR,32,11,100,14,16666.666667,7.380821783969785,14.287712379549449,12.287712379549449,15.872674880270605,0.25,0,,,0.8,human_review,1,0
Scene4_t032,1P0A2498.dng,32,8000.000000,32,1024,SDR,32,12,100,14,8000.0,6.321928094887363,14.287712379549449,12.287712379549449,15.872674880270605,0.25,0,,,0.8,human_review,1,0
Scene4_t032,1P0A2499.dng,32,4000.000000,32,1024,SDR,32,13,100,14,4000.0,5.321928094887363,14.287712379549449,12.287712379549449,15.872674880270605,0.25,0,,,0.8,human_review,1,0
Scene4_t032,1P0A2500.dng,32,2000.000000,32,1024,SDR,32,14,100,14,2000.0,4.321928094887363,14.287712379549449,12.287712379549449,15.872674880270605,0.25,0,,,0.8,human_review,1,0
Scene4_t033,1P0A2501.dng,33,15000000.000000,32,1024,SDR,33,0,100,14,15000000.0,17.194602975157967,14.287712379549449,12.287712379549449,15.872674880270605,0.25,0,,,0.8,human_review,1,0
Scene4_t033,1P0A2502.dng,33,8000000.000000,32,1024,SDR,33,1,100,14,8000000.0,16.28771237954945,14.287712379549449,12.287712379549449,15.872674880270605,0.25,0,,,0.8,human_review,1,0
Scene4_t033,1P0A2503.dng,33,6000000.000000,32,1024,SDR,33,2,100,14,6000000.0,15.872674880270605,14.287712379549449,12.287712379549449,15.872674880270605,0.25,0,,,0.8,human_review,1,0
Scene4_t033,1P0A2504.dng,33,4000000.000000,32,1024,SDR,33,3,100,14,4000000.0,15.287712379549449,14.287712379549449,12.287712379549449,15.872674880270605,0.25,0,,,0.8,human_review,1,0
Scene4_t033,1P0A2505.dng,33,2000000.000000,32,1024,SDR,33,4,100,14,2000000.0,14.287712379549449,14.287712379549449,12.287712379549449,15.872674880270605,0.25,0,,,0.8,human_review,1,0
Scene4_t033,1P0A2506.dng,33,1000000.000000,32,1024,SDR,33,5,100,14,1000000.0,13.287712379549449,14.287712379549449,12.287712379549449,15.872674880270605,0.25,0,,,0.8,human_review,1,0
Scene4_t033,1P0A2507.dng,33,500000.000000,32,1024,SDR,33,6,100,14,500000.0,12.287712379549449,14.287712379549449,12.287712379549449,15.872674880270605,0.25,0,,,0.8,human_review,1,0
Scene4_t033,1P0A2508.dng,33,250000.000000,32,1024,SDR,33,7,100,14,250000.0,11.287712379549449,14.287712379549449,12.287712379549449,15.872674880270605,0.25,0,,,0.8,human_review,1,0
Scene4_t033,1P0A2509.dng,33,125000.000000,32,1024,SDR,33,8,100,14,125000.0,10.287712379549449,14.287712379549449,12.287712379549449,15.872674880270605,0.25,0,,,0.8,human_review,1,0
Scene4_t033,1P0A2510.dng,33,66666.666667,32,1024,SDR,33,9,100,14,66666.666667,9.380821783948145,14.287712379549449,12.287712379549449,15.872674880270605,0.25,0,,,0.8,human_review,1,0
Scene4_t033,1P0A2511.dng,33,33333.333333,32,1024,SDR,33,10,100,14,33333.333333,8.380821783926503,14.287712379549449,12.287712379549449,15.872674880270605,0.25,0,,,0.8,human_review,1,0
Scene4_t033,1P0A2512.dng,33,16666.666667,32,1024,SDR,33,11,100,14,16666.666667,7.380821783969785,14.287712379549449,12.287712379549449,15.872674880270605,0.25,0,,,0.8,human_review,1,0
Scene4_t033,1P0A2513.dng,33,8000.000000,32,1024,SDR,33,12,100,14,8000.0,6.321928094887363,14.287712379549449,12.287712379549449,15.872674880270605,0.25,0,,,0.8,human_review,1,0
Scene4_t033,1P0A2514.dng,33,4000.000000,32,1024,SDR,33,13,100,14,4000.0,5.321928094887363,14.287712379549449,12.287712379549449,15.872674880270605,0.25,0,,,0.8,human_review,1,0
Scene4_t033,1P0A2515.dng,33,2000.000000,32,1024,SDR,33,14,100,14,2000.0,4.321928094887363,14.287712379549449,12.287712379549449,15.872674880270605,0.25,0,,,0.8,human_review,1,0
Scene4_t034,1P0A2516.dng,34,15000000.000000,32,1024,SDR,34,0,100,14,15000000.0,17.194602975157967,14.287712379549449,12.287712379549449,15.872674880270605,0.25,0,,,0.8,human_review,1,0
Scene4_t034,1P0A2517.dng,34,8000000.000000,32,1024,SDR,34,1,100,14,8000000.0,16.28771237954945,14.287712379549449,12.287712379549449,15.872674880270605,0.25,0,,,0.8,human_review,1,0
Scene4_t034,1P0A2518.dng,34,6000000.000000,32,1024,SDR,34,2,100,14,6000000.0,15.872674880270605,14.287712379549449,12.287712379549449,15.872674880270605,0.25,0,,,0.8,human_review,1,0
Scene4_t034,1P0A2519.dng,34,4000000.000000,32,1024,SDR,34,3,100,14,4000000.0,15.287712379549449,14.287712379549449,12.287712379549449,15.872674880270605,0.25,0,,,0.8,human_review,1,0
Scene4_t034,1P0A2520.dng,34,2000000.000000,32,1024,SDR,34,4,100,14,2000000.0,14.287712379549449,14.287712379549449,12.287712379549449,15.872674880270605,0.25,0,,,0.8,human_review,1,0
Scene4_t034,1P0A2521.dng,34,1000000.000000,32,1024,SDR,34,5,100,14,1000000.0,13.287712379549449,14.287712379549449,12.287712379549449,15.872674880270605,0.25,0,,,0.8,human_review,1,0
Scene4_t034,1P0A2522.dng,34,500000.000000,32,1024,SDR,34,6,100,14,500000.0,12.287712379549449,14.287712379549449,12.287712379549449,15.872674880270605,0.25,0,,,0.8,human_review,1,0
Scene4_t034,1P0A2523.dng,34,250000.000000,32,1024,SDR,34,7,100,14,250000.0,11.287712379549449,14.287712379549449,12.287712379549449,15.872674880270605,0.25,0,,,0.8,human_review,1,0
Scene4_t034,1P0A2524.dng,34,125000.000000,32,1024,SDR,34,8,100,14,125000.0,10.287712379549449,14.287712379549449,12.287712379549449,15.872674880270605,0.25,0,,,0.8,human_review,1,0
Scene4_t034,1P0A2525.dng,34,66666.666667,32,1024,SDR,34,9,100,14,66666.666667,9.380821783948145,14.287712379549449,12.287712379549449,15.872674880270605,0.25,0,,,0.8,human_review,1,0
Scene4_t034,1P0A2526.dng,34,33333.333333,32,1024,SDR,34,10,100,14,33333.333333,8.380821783926503,14.287712379549449,12.287712379549449,15.872674880270605,0.25,0,,,0.8,human_review,1,0
Scene4_t034,1P0A2527.dng,34,16666.666667,32,1024,SDR,34,11,100,14,16666.666667,7.380821783969785,14.287712379549449,12.287712379549449,15.872674880270605,0.25,0,,,0.8,human_review,1,0
Scene4_t034,1P0A2528.dng,34,8000.000000,32,1024,SDR,34,12,100,14,8000.0,6.321928094887363,14.287712379549449,12.287712379549449,15.872674880270605,0.25,0,,,0.8,human_review,1,0
Scene4_t034,1P0A2529.dng,34,4000.000000,32,1024,SDR,34,13,100,14,4000.0,5.321928094887363,14.287712379549449,12.287712379549449,15.872674880270605,0.25,0,,,0.8,human_review,1,0
Scene4_t034,1P0A2530.dng,34,2000.000000,32,1024,SDR,34,14,100,14,2000.0,4.321928094887363,14.287712379549449,12.287712379549449,15.872674880270605,0.25,0,,,0.8,human_review,1,0
Scene4_t035,1P0A2531.dng,35,15000000.000000,32,1024,SDR,35,0,100,14,15000000.0,17.194602975157967,14.287712379549449,12.287712379549449,15.872674880270605,0.25,0,,,0.8,human_review,1,0
Scene4_t035,1P0A2532.dng,35,8000000.000000,32,1024,SDR,35,1,100,14,8000000.0,16.28771237954945,14.287712379549449,12.287712379549449,15.872674880270605,0.25,0,,,0.8,human_review,1,0
Scene4_t035,1P0A2533.dng,35,6000000.000000,32,1024,SDR,35,2,100,14,6000000.0,15.872674880270605,14.287712379549449,12.287712379549449,15.872674880270605,0.25,0,,,0.8,human_review,1,0
Scene4_t035,1P0A2534.dng,35,4000000.000000,32,1024,SDR,35,3,100,14,4000000.0,15.287712379549449,14.287712379549449,12.287712379549449,15.872674880270605,0.25,0,,,0.8,human_review,1,0
Scene4_t035,1P0A2535.dng,35,2000000.000000,32,1024,SDR,35,4,100,14,2000000.0,14.287712379549449,14.287712379549449,12.287712379549449,15.872674880270605,0.25,0,,,0.8,human_review,1,0
Scene4_t035,1P0A2536.dng,35,1000000.000000,32,1024,SDR,35,5,100,14,1000000.0,13.287712379549449,14.287712379549449,12.287712379549449,15.872674880270605,0.25,0,,,0.8,human_review,1,0
Scene4_t035,1P0A2537.dng,35,500000.000000,32,1024,SDR,35,6,100,14,500000.0,12.287712379549449,14.287712379549449,12.287712379549449,15.872674880270605,0.25,0,,,0.8,human_review,1,0
Scene4_t035,1P0A2538.dng,35,250000.000000,32,1024,SDR,35,7,100,14,250000.0,11.287712379549449,14.287712379549449,12.287712379549449,15.872674880270605,0.25,0,,,0.8,human_review,1,0
Scene4_t035,1P0A2539.dng,35,125000.000000,32,1024,SDR,35,8,100,14,125000.0,10.287712379549449,14.287712379549449,12.287712379549449,15.872674880270605,0.25,0,,,0.8,human_review,1,0
Scene4_t035,1P0A2540.dng,35,66666.666667,32,1024,SDR,35,9,100,14,66666.666667,9.380821783948145,14.287712379549449,12.287712379549449,15.872674880270605,0.25,0,,,0.8,human_review,1,0
Scene4_t035,1P0A2541.dng,35,33333.333333,32,1024,SDR,35,10,100,14,33333.333333,8.380821783926503,14.287712379549449,12.287712379549449,15.872674880270605,0.25,0,,,0.8,human_review,1,0
Scene4_t035,1P0A2542.dng,35,16666.666667,32,1024,SDR,35,11,100,14,16666.666667,7.380821783969785,14.287712379549449,12.287712379549449,15.872674880270605,0.25,0,,,0.8,human_review,1,0
Scene4_t035,1P0A2543.dng,35,8000.000000,32,1024,SDR,35,12,100,14,8000.0,6.321928094887363,14.287712379549449,12.287712379549449,15.872674880270605,0.25,0,,,0.8,human_review,1,0
Scene4_t035,1P0A2544.dng,35,4000.000000,32,1024,SDR,35,13,100,14,4000.0,5.321928094887363,14.287712379549449,12.287712379549449,15.872674880270605,0.25,0,,,0.8,human_review,1,0
Scene4_t035,1P0A2545.dng,35,2000.000000,32,1024,SDR,35,14,100,14,2000.0,4.321928094887363,14.287712379549449,12.287712379549449,15.872674880270605,0.25,0,,,0.8,human_review,1,0
Scene4_t036,1P0A2546.dng,36,15000000.000000,32,1024,SDR,36,0,100,14,15000000.0,17.194602975157967,14.287712379549449,12.287712379549449,15.872674880270605,0.25,0,,,0.8,human_review,1,0
Scene4_t036,1P0A2547.dng,36,8000000.000000,32,1024,SDR,36,1,100,14,8000000.0,16.28771237954945,14.287712379549449,12.287712379549449,15.872674880270605,0.25,0,,,0.8,human_review,1,0
Scene4_t036,1P0A2548.dng,36,6000000.000000,32,1024,SDR,36,2,100,14,6000000.0,15.872674880270605,14.287712379549449,12.287712379549449,15.872674880270605,0.25,0,,,0.8,human_review,1,0
Scene4_t036,1P0A2549.dng,36,4000000.000000,32,1024,SDR,36,3,100,14,4000000.0,15.287712379549449,14.287712379549449,12.287712379549449,15.872674880270605,0.25,0,,,0.8,human_review,1,0
Scene4_t036,1P0A2550.dng,36,2000000.000000,32,1024,SDR,36,4,100,14,2000000.0,14.287712379549449,14.287712379549449,12.287712379549449,15.872674880270605,0.25,0,,,0.8,human_review,1,0
Scene4_t036,1P0A2551.dng,36,1000000.000000,32,1024,SDR,36,5,100,14,1000000.0,13.287712379549449,14.287712379549449,12.287712379549449,15.872674880270605,0.25,0,,,0.8,human_review,1,0
Scene4_t036,1P0A2552.dng,36,500000.000000,32,1024,SDR,36,6,100,14,500000.0,12.287712379549449,14.287712379549449,12.287712379549449,15.872674880270605,0.25,0,,,0.8,human_review,1,0
Scene4_t036,1P0A2553.dng,36,250000.000000,32,1024,SDR,36,7,100,14,250000.0,11.287712379549449,14.287712379549449,12.287712379549449,15.872674880270605,0.25,0,,,0.8,human_review,1,0
Scene4_t036,1P0A2554.dng,36,125000.000000,32,1024,SDR,36,8,100,14,125000.0,10.287712379549449,14.287712379549449,12.287712379549449,15.872674880270605,0.25,0,,,0.8,human_review,1,0
Scene4_t036,1P0A2555.dng,36,66666.666667,32,1024,SDR,36,9,100,14,66666.666667,9.380821783948145,14.287712379549449,12.287712379549449,15.872674880270605,0.25,0,,,0.8,human_review,1,0
Scene4_t036,1P0A2556.dng,36,33333.333333,32,1024,SDR,36,10,100,14,33333.333333,8.380821783926503,14.287712379549449,12.287712379549449,15.872674880270605,0.25,0,,,0.8,human_review,1,0
Scene4_t036,1P0A2557.dng,36,16666.666667,32,1024,SDR,36,11,100,14,16666.666667,7.380821783969785,14.287712379549449,12.287712379549449,15.872674880270605,0.25,0,,,0.8,human_review,1,0
Scene4_t036,1P0A2558.dng,36,8000.000000,32,1024,SDR,36,12,100,14,8000.0,6.321928094887363,14.287712379549449,12.287712379549449,15.872674880270605,0.25,0,,,0.8,human_review,1,0
Scene4_t036,1P0A2559.dng,36,4000.000000,32,1024,SDR,36,13,100,14,4000.0,5.321928094887363,14.287712379549449,12.287712379549449,15.872674880270605,0.25,0,,,0.8,human_review,1,0
Scene4_t036,1P0A2560.dng,36,2000.000000,32,1024,SDR,36,14,100,14,2000.0,4.321928094887363,14.287712379549449,12.287712379549449,15.872674880270605,0.25,0,,,0.8,human_review,1,0
Scene4_t037,1P0A2561.dng,37,15000000.000000,32,1024,SDR,37,0,100,14,15000000.0,17.194602975157967,14.287712379549449,12.287712379549449,15.872674880270605,0.25,0,,,0.8,human_review,1,0
Scene4_t037,1P0A2562.dng,37,8000000.000000,32,1024,SDR,37,1,100,14,8000000.0,16.28771237954945,14.287712379549449,12.287712379549449,15.872674880270605,0.25,0,,,0.8,human_review,1,0
Scene4_t037,1P0A2563.dng,37,6000000.000000,32,1024,SDR,37,2,100,14,6000000.0,15.872674880270605,14.287712379549449,12.287712379549449,15.872674880270605,0.25,0,,,0.8,human_review,1,0
Scene4_t037,1P0A2564.dng,37,4000000.000000,32,1024,SDR,37,3,100,14,4000000.0,15.287712379549449,14.287712379549449,12.287712379549449,15.872674880270605,0.25,0,,,0.8,human_review,1,0
Scene4_t037,1P0A2565.dng,37,2000000.000000,32,1024,SDR,37,4,100,14,2000000.0,14.287712379549449,14.287712379549449,12.287712379549449,15.872674880270605,0.25,0,,,0.8,human_review,1,0
Scene4_t037,1P0A2566.dng,37,1000000.000000,32,1024,SDR,37,5,100,14,1000000.0,13.287712379549449,14.287712379549449,12.287712379549449,15.872674880270605,0.25,0,,,0.8,human_review,1,0
Scene4_t037,1P0A2567.dng,37,500000.000000,32,1024,SDR,37,6,100,14,500000.0,12.287712379549449,14.287712379549449,12.287712379549449,15.872674880270605,0.25,0,,,0.8,human_review,1,0
Scene4_t037,1P0A2568.dng,37,250000.000000,32,1024,SDR,37,7,100,14,250000.0,11.287712379549449,14.287712379549449,12.287712379549449,15.872674880270605,0.25,0,,,0.8,human_review,1,0
Scene4_t037,1P0A2569.dng,37,125000.000000,32,1024,SDR,37,8,100,14,125000.0,10.287712379549449,14.287712379549449,12.287712379549449,15.872674880270605,0.25,0,,,0.8,human_review,1,0
Scene4_t037,1P0A2570.dng,37,66666.666667,32,1024,SDR,37,9,100,14,66666.666667,9.380821783948145,14.287712379549449,12.287712379549449,15.872674880270605,0.25,0,,,0.8,human_review,1,0
Scene4_t037,1P0A2571.dng,37,33333.333333,32,1024,SDR,37,10,100,14,33333.333333,8.380821783926503,14.287712379549449,12.287712379549449,15.872674880270605,0.25,0,,,0.8,human_review,1,0
Scene4_t037,1P0A2572.dng,37,16666.666667,32,1024,SDR,37,11,100,14,16666.666667,7.380821783969785,14.287712379549449,12.287712379549449,15.872674880270605,0.25,0,,,0.8,human_review,1,0
Scene4_t037,1P0A2573.dng,37,8000.000000,32,1024,SDR,37,12,100,14,8000.0,6.321928094887363,14.287712379549449,12.287712379549449,15.872674880270605,0.25,0,,,0.8,human_review,1,0
Scene4_t037,1P0A2574.dng,37,4000.000000,32,1024,SDR,37,13,100,14,4000.0,5.321928094887363,14.287712379549449,12.287712379549449,15.872674880270605,0.25,0,,,0.8,human_review,1,0
Scene4_t037,1P0A2575.dng,37,2000.000000,32,1024,SDR,37,14,100,14,2000.0,4.321928094887363,14.287712379549449,12.287712379549449,15.872674880270605,0.25,0,,,0.8,human_review,1,0
Scene4_t038,1P0A2576.dng,38,15000000.000000,32,1024,SDR,38,0,100,14,15000000.0,17.194602975157967,14.287712379549449,12.287712379549449,15.872674880270605,0.25,0,,,0.8,human_review,1,0
Scene4_t038,1P0A2577.dng,38,8000000.000000,32,1024,SDR,38,1,100,14,8000000.0,16.28771237954945,14.287712379549449,12.287712379549449,15.872674880270605,0.25,0,,,0.8,human_review,1,0
Scene4_t038,1P0A2578.dng,38,6000000.000000,32,1024,SDR,38,2,100,14,6000000.0,15.872674880270605,14.287712379549449,12.287712379549449,15.872674880270605,0.25,0,,,0.8,human_review,1,0
Scene4_t038,1P0A2579.dng,38,4000000.000000,32,1024,SDR,38,3,100,14,4000000.0,15.287712379549449,14.287712379549449,12.287712379549449,15.872674880270605,0.25,0,,,0.8,human_review,1,0
Scene4_t038,1P0A2580.dng,38,2000000.000000,32,1024,SDR,38,4,100,14,2000000.0,14.287712379549449,14.287712379549449,12.287712379549449,15.872674880270605,0.25,0,,,0.8,human_review,1,0
Scene4_t038,1P0A2581.dng,38,1000000.000000,32,1024,SDR,38,5,100,14,1000000.0,13.287712379549449,14.287712379549449,12.287712379549449,15.872674880270605,0.25,0,,,0.8,human_review,1,0
Scene4_t038,1P0A2582.dng,38,500000.000000,32,1024,SDR,38,6,100,14,500000.0,12.287712379549449,14.287712379549449,12.287712379549449,15.872674880270605,0.25,0,,,0.8,human_review,1,0
Scene4_t038,1P0A2583.dng,38,250000.000000,32,1024,SDR,38,7,100,14,250000.0,11.287712379549449,14.287712379549449,12.287712379549449,15.872674880270605,0.25,0,,,0.8,human_review,1,0
Scene4_t038,1P0A2584.dng,38,125000.000000,32,1024,SDR,38,8,100,14,125000.0,10.287712379549449,14.287712379549449,12.287712379549449,15.872674880270605,0.25,0,,,0.8,human_review,1,0
Scene4_t038,1P0A2585.dng,38,66666.666667,32,1024,SDR,38,9,100,14,66666.666667,9.380821783948145,14.287712379549449,12.287712379549449,15.872674880270605,0.25,0,,,0.8,human_review,1,0
Scene4_t038,1P0A2586.dng,38,33333.333333,32,1024,SDR,38,10,100,14,33333.333333,8.380821783926503,14.287712379549449,12.287712379549449,15.872674880270605,0.25,0,,,0.8,human_review,1,0
Scene4_t038,1P0A2587.dng,38,16666.666667,32,1024,SDR,38,11,100,14,16666.666667,7.380821783969785,14.287712379549449,12.287712379549449,15.872674880270605,0.25,0,,,0.8,human_review,1,0
Scene4_t038,1P0A2588.dng,38,8000.000000,32,1024,SDR,38,12,100,14,8000.0,6.321928094887363,14.287712379549449,12.287712379549449,15.872674880270605,0.25,0,,,0.8,human_review,1,0
Scene4_t038,1P0A2589.dng,38,4000.000000,32,1024,SDR,38,13,100,14,4000.0,5.321928094887363,14.287712379549449,12.287712379549449,15.872674880270605,0.25,0,,,0.8,human_review,1,0
Scene4_t038,1P0A2590.dng,38,2000.000000,32,1024,SDR,38,14,100,14,2000.0,4.321928094887363,14.287712379549449,12.287712379549449,15.872674880270605,0.25,0,,,0.8,human_review,1,0
Scene4_t039,1P0A2591.dng,39,15000000.000000,32,1024,SDR,39,0,100,14,15000000.0,17.194602975157967,14.287712379549449,12.287712379549449,15.872674880270605,0.25,0,,,0.8,human_review,1,0
Scene4_t039,1P0A2592.dng,39,8000000.000000,32,1024,SDR,39,1,100,14,8000000.0,16.28771237954945,14.287712379549449,12.287712379549449,15.872674880270605,0.25,0,,,0.8,human_review,1,0
Scene4_t039,1P0A2593.dng,39,6000000.000000,32,1024,SDR,39,2,100,14,6000000.0,15.872674880270605,14.287712379549449,12.287712379549449,15.872674880270605,0.25,0,,,0.8,human_review,1,0
Scene4_t039,1P0A2594.dng,39,4000000.000000,32,1024,SDR,39,3,100,14,4000000.0,15.287712379549449,14.287712379549449,12.287712379549449,15.872674880270605,0.25,0,,,0.8,human_review,1,0
Scene4_t039,1P0A2595.dng,39,2000000.000000,32,1024,SDR,39,4,100,14,2000000.0,14.287712379549449,14.287712379549449,12.287712379549449,15.872674880270605,0.25,0,,,0.8,human_review,1,0
Scene4_t039,1P0A2596.dng,39,1000000.000000,32,1024,SDR,39,5,100,14,1000000.0,13.287712379549449,14.287712379549449,12.287712379549449,15.872674880270605,0.25,0,,,0.8,human_review,1,0
Scene4_t039,1P0A2597.dng,39,500000.000000,32,1024,SDR,39,6,100,14,500000.0,12.287712379549449,14.287712379549449,12.287712379549449,15.872674880270605,0.25,0,,,0.8,human_review,1,0
Scene4_t039,1P0A2598.dng,39,250000.000000,32,1024,SDR,39,7,100,14,250000.0,11.287712379549449,14.287712379549449,12.287712379549449,15.872674880270605,0.25,0,,,0.8,human_review,1,0
Scene4_t039,1P0A2599.dng,39,125000.000000,32,1024,SDR,39,8,100,14,125000.0,10.287712379549449,14.287712379549449,12.287712379549449,15.872674880270605,0.25,0,,,0.8,human_review,1,0
Scene4_t039,1P0A2600.dng,39,66666.666667,32,1024,SDR,39,9,100,14,66666.666667,9.380821783948145,14.287712379549449,12.287712379549449,15.872674880270605,0.25,0,,,0.8,human_review,1,0
Scene4_t039,1P0A2601.dng,39,33333.333333,32,1024,SDR,39,10,100,14,33333.333333,8.380821783926503,14.287712379549449,12.287712379549449,15.872674880270605,0.25,0,,,0.8,human_review,1,0
Scene4_t039,1P0A2602.dng,39,16666.666667,32,1024,SDR,39,11,100,14,16666.666667,7.380821783969785,14.287712379549449,12.287712379549449,15.872674880270605,0.25,0,,,0.8,human_review,1,0
Scene4_t039,1P0A2603.dng,39,8000.000000,32,1024,SDR,39,12,100,14,8000.0,6.321928094887363,14.287712379549449,12.287712379549449,15.872674880270605,0.25,0,,,0.8,human_review,1,0
Scene4_t039,1P0A2604.dng,39,4000.000000,32,1024,SDR,39,13,100,14,4000.0,5.321928094887363,14.287712379549449,12.287712379549449,15.872674880270605,0.25,0,,,0.8,human_review,1,0
Scene4_t039,1P0A2605.dng,39,2000.000000,32,1024,SDR,39,14,100,14,2000.0,4.321928094887363,14.287712379549449,12.287712379549449,15.872674880270605,0.25,0,,,0.8,human_review,1,0
Scene4_t040,1P0A2606.dng,40,15000000.000000,32,1024,SDR,40,0,100,14,15000000.0,17.194602975157967,14.287712379549449,12.287712379549449,15.872674880270605,0.25,0,,,0.8,human_review,1,0
Scene4_t040,1P0A2607.dng,40,8000000.000000,32,1024,SDR,40,1,100,14,8000000.0,16.28771237954945,14.287712379549449,12.287712379549449,15.872674880270605,0.25,0,,,0.8,human_review,1,0
Scene4_t040,1P0A2608.dng,40,6000000.000000,32,1024,SDR,40,2,100,14,6000000.0,15.872674880270605,14.287712379549449,12.287712379549449,15.872674880270605,0.25,0,,,0.8,human_review,1,0
Scene4_t040,1P0A2609.dng,40,4000000.000000,32,1024,SDR,40,3,100,14,4000000.0,15.287712379549449,14.287712379549449,12.287712379549449,15.872674880270605,0.25,0,,,0.8,human_review,1,0
Scene4_t040,1P0A2610.dng,40,2000000.000000,32,1024,SDR,40,4,100,14,2000000.0,14.287712379549449,14.287712379549449,12.287712379549449,15.872674880270605,0.25,0,,,0.8,human_review,1,0
Scene4_t040,1P0A2611.dng,40,1000000.000000,32,1024,SDR,40,5,100,14,1000000.0,13.287712379549449,14.287712379549449,12.287712379549449,15.872674880270605,0.25,0,,,0.8,human_review,1,0
Scene4_t040,1P0A2612.dng,40,500000.000000,32,1024,SDR,40,6,100,14,500000.0,12.287712379549449,14.287712379549449,12.287712379549449,15.872674880270605,0.25,0,,,0.8,human_review,1,0
Scene4_t040,1P0A2613.dng,40,250000.000000,32,1024,SDR,40,7,100,14,250000.0,11.287712379549449,14.287712379549449,12.287712379549449,15.872674880270605,0.25,0,,,0.8,human_review,1,0
Scene4_t040,1P0A2614.dng,40,125000.000000,32,1024,SDR,40,8,100,14,125000.0,10.287712379549449,14.287712379549449,12.287712379549449,15.872674880270605,0.25,0,,,0.8,human_review,1,0
Scene4_t040,1P0A2615.dng,40,66666.666667,32,1024,SDR,40,9,100,14,66666.666667,9.380821783948145,14.287712379549449,12.287712379549449,15.872674880270605,0.25,0,,,0.8,human_review,1,0
Scene4_t040,1P0A2616.dng,40,33333.333333,32,1024,SDR,40,10,100,14,33333.333333,8.380821783926503,14.287712379549449,12.287712379549449,15.872674880270605,0.25,0,,,0.8,human_review,1,0
Scene4_t040,1P0A2617.dng,40,16666.666667,32,1024,SDR,40,11,100,14,16666.666667,7.380821783969785,14.287712379549449,12.287712379549449,15.872674880270605,0.25,0,,,0.8,human_review,1,0
Scene4_t040,1P0A2618.dng,40,8000.000000,32,1024,SDR,40,12,100,14,8000.0,6.321928094887363,14.287712379549449,12.287712379549449,15.872674880270605,0.25,0,,,0.8,human_review,1,0
Scene4_t040,1P0A2619.dng,40,4000.000000,32,1024,SDR,40,13,100,14,4000.0,5.321928094887363,14.287712379549449,12.287712379549449,15.872674880270605,0.25,0,,,0.8,human_review,1,0
Scene4_t040,1P0A2620.dng,40,2000.000000,32,1024,SDR,40,14,100,14,2000.0,4.321928094887363,14.287712379549449,12.287712379549449,15.872674880270605,0.25,0,,,0.8,human_review,1,0
Scene4_t041,1P0A2621.dng,41,15000000.000000,32,1024,SDR,41,0,100,14,15000000.0,17.194602975157967,14.287712379549449,12.287712379549449,15.872674880270605,0.25,0,,,0.8,human_review,1,0
Scene4_t041,1P0A2622.dng,41,8000000.000000,32,1024,SDR,41,1,100,14,8000000.0,16.28771237954945,14.287712379549449,12.287712379549449,15.872674880270605,0.25,0,,,0.8,human_review,1,0
Scene4_t041,1P0A2623.dng,41,6000000.000000,32,1024,SDR,41,2,100,14,6000000.0,15.872674880270605,14.287712379549449,12.287712379549449,15.872674880270605,0.25,0,,,0.8,human_review,1,0
Scene4_t041,1P0A2624.dng,41,4000000.000000,32,1024,SDR,41,3,100,14,4000000.0,15.287712379549449,14.287712379549449,12.287712379549449,15.872674880270605,0.25,0,,,0.8,human_review,1,0
Scene4_t041,1P0A2625.dng,41,2000000.000000,32,1024,SDR,41,4,100,14,2000000.0,14.287712379549449,14.287712379549449,12.287712379549449,15.872674880270605,0.25,0,,,0.8,human_review,1,0
Scene4_t041,1P0A2626.dng,41,1000000.000000,32,1024,SDR,41,5,100,14,1000000.0,13.287712379549449,14.287712379549449,12.287712379549449,15.872674880270605,0.25,0,,,0.8,human_review,1,0
Scene4_t041,1P0A2627.dng,41,500000.000000,32,1024,SDR,41,6,100,14,500000.0,12.287712379549449,14.287712379549449,12.287712379549449,15.872674880270605,0.25,0,,,0.8,human_review,1,0
Scene4_t041,1P0A2628.dng,41,250000.000000,32,1024,SDR,41,7,100,14,250000.0,11.287712379549449,14.287712379549449,12.287712379549449,15.872674880270605,0.25,0,,,0.8,human_review,1,0
Scene4_t041,1P0A2629.dng,41,125000.000000,32,1024,SDR,41,8,100,14,125000.0,10.287712379549449,14.287712379549449,12.287712379549449,15.872674880270605,0.25,0,,,0.8,human_review,1,0
Scene4_t041,1P0A2630.dng,41,66666.666667,32,1024,SDR,41,9,100,14,66666.666667,9.380821783948145,14.287712379549449,12.287712379549449,15.872674880270605,0.25,0,,,0.8,human_review,1,0
Scene4_t041,1P0A2631.dng,41,33333.333333,32,1024,SDR,41,10,100,14,33333.333333,8.380821783926503,14.287712379549449,12.287712379549449,15.872674880270605,0.25,0,,,0.8,human_review,1,0
Scene4_t041,1P0A2632.dng,41,16666.666667,32,1024,SDR,41,11,100,14,16666.666667,7.380821783969785,14.287712379549449,12.287712379549449,15.872674880270605,0.25,0,,,0.8,human_review,1,0
Scene4_t041,1P0A2633.dng,41,8000.000000,32,1024,SDR,41,12,100,14,8000.0,6.321928094887363,14.287712379549449,12.287712379549449,15.872674880270605,0.25,0,,,0.8,human_review,1,0
Scene4_t041,1P0A2634.dng,41,4000.000000,32,1024,SDR,41,13,100,14,4000.0,5.321928094887363,14.287712379549449,12.287712379549449,15.872674880270605,0.25,0,,,0.8,human_review,1,0
Scene4_t041,1P0A2635.dng,41,2000.000000,32,1024,SDR,41,14,100,14,2000.0,4.321928094887363,14.287712379549449,12.287712379549449,15.872674880270605,0.25,0,,,0.8,human_review,1,0
Scene4_t042,1P0A2636.dng,42,15000000.000000,32,1024,SDR,42,0,100,14,15000000.0,17.194602975157967,14.287712379549449,12.287712379549449,15.872674880270605,0.25,0,,,0.8,human_review,1,0
Scene4_t042,1P0A2637.dng,42,8000000.000000,32,1024,SDR,42,1,100,14,8000000.0,16.28771237954945,14.287712379549449,12.287712379549449,15.872674880270605,0.25,0,,,0.8,human_review,1,0
Scene4_t042,1P0A2638.dng,42,6000000.000000,32,1024,SDR,42,2,100,14,6000000.0,15.872674880270605,14.287712379549449,12.287712379549449,15.872674880270605,0.25,0,,,0.8,human_review,1,0
Scene4_t042,1P0A2639.dng,42,4000000.000000,32,1024,SDR,42,3,100,14,4000000.0,15.287712379549449,14.287712379549449,12.287712379549449,15.872674880270605,0.25,0,,,0.8,human_review,1,0
Scene4_t042,1P0A2640.dng,42,2000000.000000,32,1024,SDR,42,4,100,14,2000000.0,14.287712379549449,14.287712379549449,12.287712379549449,15.872674880270605,0.25,0,,,0.8,human_review,1,0
Scene4_t042,1P0A2641.dng,42,1000000.000000,32,1024,SDR,42,5,100,14,1000000.0,13.287712379549449,14.287712379549449,12.287712379549449,15.872674880270605,0.25,0,,,0.8,human_review,1,0
Scene4_t042,1P0A2642.dng,42,500000.000000,32,1024,SDR,42,6,100,14,500000.0,12.287712379549449,14.287712379549449,12.287712379549449,15.872674880270605,0.25,0,,,0.8,human_review,1,0
Scene4_t042,1P0A2643.dng,42,250000.000000,32,1024,SDR,42,7,100,14,250000.0,11.287712379549449,14.287712379549449,12.287712379549449,15.872674880270605,0.25,0,,,0.8,human_review,1,0
Scene4_t042,1P0A2644.dng,42,125000.000000,32,1024,SDR,42,8,100,14,125000.0,10.287712379549449,14.287712379549449,12.287712379549449,15.872674880270605,0.25,0,,,0.8,human_review,1,0
Scene4_t042,1P0A2645.dng,42,66666.666667,32,1024,SDR,42,9,100,14,66666.666667,9.380821783948145,14.287712379549449,12.287712379549449,15.872674880270605,0.25,0,,,0.8,human_review,1,0
Scene4_t042,1P0A2646.dng,42,33333.333333,32,1024,SDR,42,10,100,14,33333.333333,8.380821783926503,14.287712379549449,12.287712379549449,15.872674880270605,0.25,0,,,0.8,human_review,1,0
Scene4_t042,1P0A2647.dng,42,16666.666667,32,1024,SDR,42,11,100,14,16666.666667,7.380821783969785,14.287712379549449,12.287712379549449,15.872674880270605,0.25,0,,,0.8,human_review,1,0
Scene4_t042,1P0A2648.dng,42,8000.000000,32,1024,SDR,42,12,100,14,8000.0,6.321928094887363,14.287712379549449,12.287712379549449,15.872674880270605,0.25,0,,,0.8,human_review,1,0
Scene4_t042,1P0A2649.dng,42,4000.000000,32,1024,SDR,42,13,100,14,4000.0,5.321928094887363,14.287712379549449,12.287712379549449,15.872674880270605,0.25,0,,,0.8,human_review,1,0
Scene4_t042,1P0A2650.dng,42,2000.000000,32,1024,SDR,42,14,100,14,2000.0,4.321928094887363,14.287712379549449,12.287712379549449,15.872674880270605,0.25,0,,,0.8,human_review,1,0
Scene4_t043,1P0A2651.dng,43,15000000.000000,32,1024,SDR,43,0,100,14,15000000.0,17.194602975157967,14.287712379549449,12.287712379549449,15.872674880270605,0.25,0,,,0.8,human_review,1,0
Scene4_t043,1P0A2652.dng,43,8000000.000000,32,1024,SDR,43,1,100,14,8000000.0,16.28771237954945,14.287712379549449,12.287712379549449,15.872674880270605,0.25,0,,,0.8,human_review,1,0
Scene4_t043,1P0A2653.dng,43,6000000.000000,32,1024,SDR,43,2,100,14,6000000.0,15.872674880270605,14.287712379549449,12.287712379549449,15.872674880270605,0.25,0,,,0.8,human_review,1,0
Scene4_t043,1P0A2654.dng,43,4000000.000000,32,1024,SDR,43,3,100,14,4000000.0,15.287712379549449,14.287712379549449,12.287712379549449,15.872674880270605,0.25,0,,,0.8,human_review,1,0
Scene4_t043,1P0A2655.dng,43,2000000.000000,32,1024,SDR,43,4,100,14,2000000.0,14.287712379549449,14.287712379549449,12.287712379549449,15.872674880270605,0.25,0,,,0.8,human_review,1,0
Scene4_t043,1P0A2656.dng,43,1000000.000000,32,1024,SDR,43,5,100,14,1000000.0,13.287712379549449,14.287712379549449,12.287712379549449,15.872674880270605,0.25,0,,,0.8,human_review,1,0
Scene4_t043,1P0A2657.dng,43,500000.000000,32,1024,SDR,43,6,100,14,500000.0,12.287712379549449,14.287712379549449,12.287712379549449,15.872674880270605,0.25,0,,,0.8,human_review,1,0
Scene4_t043,1P0A2658.dng,43,250000.000000,32,1024,SDR,43,7,100,14,250000.0,11.287712379549449,14.287712379549449,12.287712379549449,15.872674880270605,0.25,0,,,0.8,human_review,1,0
Scene4_t043,1P0A2659.dng,43,125000.000000,32,1024,SDR,43,8,100,14,125000.0,10.287712379549449,14.287712379549449,12.287712379549449,15.872674880270605,0.25,0,,,0.8,human_review,1,0
Scene4_t043,1P0A2660.dng,43,66666.666667,32,1024,SDR,43,9,100,14,66666.666667,9.380821783948145,14.287712379549449,12.287712379549449,15.872674880270605,0.25,0,,,0.8,human_review,1,0
Scene4_t043,1P0A2661.dng,43,33333.333333,32,1024,SDR,43,10,100,14,33333.333333,8.380821783926503,14.287712379549449,12.287712379549449,15.872674880270605,0.25,0,,,0.8,human_review,1,0
Scene4_t043,1P0A2662.dng,43,16666.666667,32,1024,SDR,43,11,100,14,16666.666667,7.380821783969785,14.287712379549449,12.287712379549449,15.872674880270605,0.25,0,,,0.8,human_review,1,0
Scene4_t043,1P0A2663.dng,43,8000.000000,32,1024,SDR,43,12,100,14,8000.0,6.321928094887363,14.287712379549449,12.287712379549449,15.872674880270605,0.25,0,,,0.8,human_review,1,0
Scene4_t043,1P0A2664.dng,43,4000.000000,32,1024,SDR,43,13,100,14,4000.0,5.321928094887363,14.287712379549449,12.287712379549449,15.872674880270605,0.25,0,,,0.8,human_review,1,0
Scene4_t043,1P0A2665.dng,43,2000.000000,32,1024,SDR,43,14,100,14,2000.0,4.321928094887363,14.287712379549449,12.287712379549449,15.872674880270605,0.25,0,,,0.8,human_review,1,0
Scene4_t044,1P0A2666.dng,44,15000000.000000,32,1024,SDR,44,0,100,14,15000000.0,17.194602975157967,14.287712379549449,12.287712379549449,15.872674880270605,0.25,0,,,0.8,human_review,1,0
Scene4_t044,1P0A2667.dng,44,8000000.000000,32,1024,SDR,44,1,100,14,8000000.0,16.28771237954945,14.287712379549449,12.287712379549449,15.872674880270605,0.25,0,,,0.8,human_review,1,0
Scene4_t044,1P0A2668.dng,44,6000000.000000,32,1024,SDR,44,2,100,14,6000000.0,15.872674880270605,14.287712379549449,12.287712379549449,15.872674880270605,0.25,0,,,0.8,human_review,1,0
Scene4_t044,1P0A2669.dng,44,4000000.000000,32,1024,SDR,44,3,100,14,4000000.0,15.287712379549449,14.287712379549449,12.287712379549449,15.872674880270605,0.25,0,,,0.8,human_review,1,0
Scene4_t044,1P0A2670.dng,44,2000000.000000,32,1024,SDR,44,4,100,14,2000000.0,14.287712379549449,14.287712379549449,12.287712379549449,15.872674880270605,0.25,0,,,0.8,human_review,1,0
Scene4_t044,1P0A2671.dng,44,1000000.000000,32,1024,SDR,44,5,100,14,1000000.0,13.287712379549449,14.287712379549449,12.287712379549449,15.872674880270605,0.25,0,,,0.8,human_review,1,0
Scene4_t044,1P0A2672.dng,44,500000.000000,32,1024,SDR,44,6,100,14,500000.0,12.287712379549449,14.287712379549449,12.287712379549449,15.872674880270605,0.25,0,,,0.8,human_review,1,0
Scene4_t044,1P0A2673.dng,44,250000.000000,32,1024,SDR,44,7,100,14,250000.0,11.287712379549449,14.287712379549449,12.287712379549449,15.872674880270605,0.25,0,,,0.8,human_review,1,0
Scene4_t044,1P0A2674.dng,44,125000.000000,32,1024,SDR,44,8,100,14,125000.0,10.287712379549449,14.287712379549449,12.287712379549449,15.872674880270605,0.25,0,,,0.8,human_review,1,0
Scene4_t044,1P0A2675.dng,44,66666.666667,32,1024,SDR,44,9,100,14,66666.666667,9.380821783948145,14.287712379549449,12.287712379549449,15.872674880270605,0.25,0,,,0.8,human_review,1,0
Scene4_t044,1P0A2676.dng,44,33333.333333,32,1024,SDR,44,10,100,14,33333.333333,8.380821783926503,14.287712379549449,12.287712379549449,15.872674880270605,0.25,0,,,0.8,human_review,1,0
Scene4_t044,1P0A2677.dng,44,16666.666667,32,1024,SDR,44,11,100,14,16666.666667,7.380821783969785,14.287712379549449,12.287712379549449,15.872674880270605,0.25,0,,,0.8,human_review,1,0
Scene4_t044,1P0A2678.dng,44,8000.000000,32,1024,SDR,44,12,100,14,8000.0,6.321928094887363,14.287712379549449,12.287712379549449,15.872674880270605,0.25,0,,,0.8,human_review,1,0
Scene4_t044,1P0A2679.dng,44,4000.000000,32,1024,SDR,44,13,100,14,4000.0,5.321928094887363,14.287712379549449,12.287712379549449,15.872674880270605,0.25,0,,,0.8,human_review,1,0
Scene4_t044,1P0A2680.dng,44,2000.000000,32,1024,SDR,44,14,100,14,2000.0,4.321928094887363,14.287712379549449,12.287712379549449,15.872674880270605,0.25,0,,,0.8,human_review,1,0
Scene4_t045,1P0A2681.dng,45,15000000.000000,32,1024,SDR,45,0,100,14,15000000.0,17.194602975157967,14.287712379549449,12.287712379549449,15.872674880270605,0.25,0,,,0.8,human_review,1,0
Scene4_t045,1P0A2682.dng,45,8000000.000000,32,1024,SDR,45,1,100,14,8000000.0,16.28771237954945,14.287712379549449,12.287712379549449,15.872674880270605,0.25,0,,,0.8,human_review,1,0
Scene4_t045,1P0A2683.dng,45,6000000.000000,32,1024,SDR,45,2,100,14,6000000.0,15.872674880270605,14.287712379549449,12.287712379549449,15.872674880270605,0.25,0,,,0.8,human_review,1,0
Scene4_t045,1P0A2684.dng,45,4000000.000000,32,1024,SDR,45,3,100,14,4000000.0,15.287712379549449,14.287712379549449,12.287712379549449,15.872674880270605,0.25,0,,,0.8,human_review,1,0
Scene4_t045,1P0A2685.dng,45,2000000.000000,32,1024,SDR,45,4,100,14,2000000.0,14.287712379549449,14.287712379549449,12.287712379549449,15.872674880270605,0.25,0,,,0.8,human_review,1,0
Scene4_t045,1P0A2686.dng,45,1000000.000000,32,1024,SDR,45,5,100,14,1000000.0,13.287712379549449,14.287712379549449,12.287712379549449,15.872674880270605,0.25,0,,,0.8,human_review,1,0
Scene4_t045,1P0A2687.dng,45,500000.000000,32,1024,SDR,45,6,100,14,500000.0,12.287712379549449,14.287712379549449,12.287712379549449,15.872674880270605,0.25,0,,,0.8,human_review,1,0
Scene4_t045,1P0A2688.dng,45,250000.000000,32,1024,SDR,45,7,100,14,250000.0,11.287712379549449,14.287712379549449,12.287712379549449,15.872674880270605,0.25,0,,,0.8,human_review,1,0
Scene4_t045,1P0A2689.dng,45,125000.000000,32,1024,SDR,45,8,100,14,125000.0,10.287712379549449,14.287712379549449,12.287712379549449,15.872674880270605,0.25,0,,,0.8,human_review,1,0
Scene4_t045,1P0A2690.dng,45,66666.666667,32,1024,SDR,45,9,100,14,66666.666667,9.380821783948145,14.287712379549449,12.287712379549449,15.872674880270605,0.25,0,,,0.8,human_review,1,0
Scene4_t045,1P0A2691.dng,45,33333.333333,32,1024,SDR,45,10,100,14,33333.333333,8.380821783926503,14.287712379549449,12.287712379549449,15.872674880270605,0.25,0,,,0.8,human_review,1,0
Scene4_t045,1P0A2692.dng,45,16666.666667,32,1024,SDR,45,11,100,14,16666.666667,7.380821783969785,14.287712379549449,12.287712379549449,15.872674880270605,0.25,0,,,0.8,human_review,1,0
Scene4_t045,1P0A2693.dng,45,8000.000000,32,1024,SDR,45,12,100,14,8000.0,6.321928094887363,14.287712379549449,12.287712379549449,15.872674880270605,0.25,0,,,0.8,human_review,1,0
Scene4_t045,1P0A2694.dng,45,4000.000000,32,1024,SDR,45,13,100,14,4000.0,5.321928094887363,14.287712379549449,12.287712379549449,15.872674880270605,0.25,0,,,0.8,human_review,1,0
Scene4_t045,1P0A2695.dng,45,2000.000000,32,1024,SDR,45,14,100,14,2000.0,4.321928094887363,14.287712379549449,12.287712379549449,15.872674880270605,0.25,0,,,0.8,human_review,1,0
Scene4_t046,1P0A2696.dng,46,15000000.000000,32,1024,SDR,46,0,100,14,15000000.0,17.194602975157967,14.287712379549449,12.287712379549449,15.872674880270605,0.25,0,,,0.8,human_review,1,0
Scene4_t046,1P0A2697.dng,46,8000000.000000,32,1024,SDR,46,1,100,14,8000000.0,16.28771237954945,14.287712379549449,12.287712379549449,15.872674880270605,0.25,0,,,0.8,human_review,1,0
Scene4_t046,1P0A2698.dng,46,6000000.000000,32,1024,SDR,46,2,100,14,6000000.0,15.872674880270605,14.287712379549449,12.287712379549449,15.872674880270605,0.25,0,,,0.8,human_review,1,0
Scene4_t046,1P0A2699.dng,46,4000000.000000,32,1024,SDR,46,3,100,14,4000000.0,15.287712379549449,14.287712379549449,12.287712379549449,15.872674880270605,0.25,0,,,0.8,human_review,1,0
Scene4_t046,1P0A2700.dng,46,2000000.000000,32,1024,SDR,46,4,100,14,2000000.0,14.287712379549449,14.287712379549449,12.287712379549449,15.872674880270605,0.25,0,,,0.8,human_review,1,0
Scene4_t046,1P0A2701.dng,46,1000000.000000,32,1024,SDR,46,5,100,14,1000000.0,13.287712379549449,14.287712379549449,12.287712379549449,15.872674880270605,0.25,0,,,0.8,human_review,1,0
Scene4_t046,1P0A2702.dng,46,500000.000000,32,1024,SDR,46,6,100,14,500000.0,12.287712379549449,14.287712379549449,12.287712379549449,15.872674880270605,0.25,0,,,0.8,human_review,1,0
Scene4_t046,1P0A2703.dng,46,250000.000000,32,1024,SDR,46,7,100,14,250000.0,11.287712379549449,14.287712379549449,12.287712379549449,15.872674880270605,0.25,0,,,0.8,human_review,1,0
Scene4_t046,1P0A2704.dng,46,125000.000000,32,1024,SDR,46,8,100,14,125000.0,10.287712379549449,14.287712379549449,12.287712379549449,15.872674880270605,0.25,0,,,0.8,human_review,1,0
Scene4_t046,1P0A2705.dng,46,66666.666667,32,1024,SDR,46,9,100,14,66666.666667,9.380821783948145,14.287712379549449,12.287712379549449,15.872674880270605,0.25,0,,,0.8,human_review,1,0
Scene4_t046,1P0A2706.dng,46,33333.333333,32,1024,SDR,46,10,100,14,33333.333333,8.380821783926503,14.287712379549449,12.287712379549449,15.872674880270605,0.25,0,,,0.8,human_review,1,0
Scene4_t046,1P0A2707.dng,46,16666.666667,32,1024,SDR,46,11,100,14,16666.666667,7.380821783969785,14.287712379549449,12.287712379549449,15.872674880270605,0.25,0,,,0.8,human_review,1,0
Scene4_t046,1P0A2708.dng,46,8000.000000,32,1024,SDR,46,12,100,14,8000.0,6.321928094887363,14.287712379549449,12.287712379549449,15.872674880270605,0.25,0,,,0.8,human_review,1,0
Scene4_t046,1P0A2709.dng,46,4000.000000,32,1024,SDR,46,13,100,14,4000.0,5.321928094887363,14.287712379549449,12.287712379549449,15.872674880270605,0.25,0,,,0.8,human_review,1,0
Scene4_t046,1P0A2710.dng,46,2000.000000,32,1024,SDR,46,14,100,14,2000.0,4.321928094887363,14.287712379549449,12.287712379549449,15.872674880270605,0.25,0,,,0.8,human_review,1,0
Scene4_t047,1P0A2711.dng,47,15000000.000000,32,1024,SDR,47,0,100,14,15000000.0,17.194602975157967,14.287712379549449,12.287712379549449,15.872674880270605,0.25,0,,,0.8,human_review,1,0
Scene4_t047,1P0A2712.dng,47,8000000.000000,32,1024,SDR,47,1,100,14,8000000.0,16.28771237954945,14.287712379549449,12.287712379549449,15.872674880270605,0.25,0,,,0.8,human_review,1,0
Scene4_t047,1P0A2713.dng,47,6000000.000000,32,1024,SDR,47,2,100,14,6000000.0,15.872674880270605,14.287712379549449,12.287712379549449,15.872674880270605,0.25,0,,,0.8,human_review,1,0
Scene4_t047,1P0A2714.dng,47,4000000.000000,32,1024,SDR,47,3,100,14,4000000.0,15.287712379549449,14.287712379549449,12.287712379549449,15.872674880270605,0.25,0,,,0.8,human_review,1,0
Scene4_t047,1P0A2715.dng,47,2000000.000000,32,1024,SDR,47,4,100,14,2000000.0,14.287712379549449,14.287712379549449,12.287712379549449,15.872674880270605,0.25,0,,,0.8,human_review,1,0
Scene4_t047,1P0A2716.dng,47,1000000.000000,32,1024,SDR,47,5,100,14,1000000.0,13.287712379549449,14.287712379549449,12.287712379549449,15.872674880270605,0.25,0,,,0.8,human_review,1,0
Scene4_t047,1P0A2717.dng,47,500000.000000,32,1024,SDR,47,6,100,14,500000.0,12.287712379549449,14.287712379549449,12.287712379549449,15.872674880270605,0.25,0,,,0.8,human_review,1,0
Scene4_t047,1P0A2718.dng,47,250000.000000,32,1024,SDR,47,7,100,14,250000.0,11.287712379549449,14.287712379549449,12.287712379549449,15.872674880270605,0.25,0,,,0.8,human_review,1,0
Scene4_t047,1P0A2719.dng,47,125000.000000,32,1024,SDR,47,8,100,14,125000.0,10.287712379549449,14.287712379549449,12.287712379549449,15.872674880270605,0.25,0,,,0.8,human_review,1,0
Scene4_t047,1P0A2720.dng,47,66666.666667,32,1024,SDR,47,9,100,14,66666.666667,9.380821783948145,14.287712379549449,12.287712379549449,15.872674880270605,0.25,0,,,0.8,human_review,1,0
Scene4_t047,1P0A2721.dng,47,33333.333333,32,1024,SDR,47,10,100,14,33333.333333,8.380821783926503,14.287712379549449,12.287712379549449,15.872674880270605,0.25,0,,,0.8,human_review,1,0
Scene4_t047,1P0A2722.dng,47,16666.666667,32,1024,SDR,47,11,100,14,16666.666667,7.380821783969785,14.287712379549449,12.287712379549449,15.872674880270605,0.25,0,,,0.8,human_review,1,0
Scene4_t047,1P0A2723.dng,47,8000.000000,32,1024,SDR,47,12,100,14,8000.0,6.321928094887363,14.287712379549449,12.287712379549449,15.872674880270605,0.25,0,,,0.8,human_review,1,0
Scene4_t047,1P0A2724.dng,47,4000.000000,32,1024,SDR,47,13,100,14,4000.0,5.321928094887363,14.287712379549449,12.287712379549449,15.872674880270605,0.25,0,,,0.8,human_review,1,0
Scene4_t047,1P0A2725.dng,47,2000.000000,32,1024,SDR,47,14,100,14,2000.0,4.321928094887363,14.287712379549449,12.287712379549449,15.872674880270605,0.25,0,,,0.8,human_review,1,0
Scene4_t048,1P0A2726.dng,48,15000000.000000,32,1024,SDR,48,0,100,14,15000000.0,17.194602975157967,14.287712379549449,12.287712379549449,15.872674880270605,0.25,0,,,0.8,human_review,1,0
Scene4_t048,1P0A2727.dng,48,8000000.000000,32,1024,SDR,48,1,100,14,8000000.0,16.28771237954945,14.287712379549449,12.287712379549449,15.872674880270605,0.25,0,,,0.8,human_review,1,0
Scene4_t048,1P0A2728.dng,48,6000000.000000,32,1024,SDR,48,2,100,14,6000000.0,15.872674880270605,14.287712379549449,12.287712379549449,15.872674880270605,0.25,0,,,0.8,human_review,1,0
Scene4_t048,1P0A2729.dng,48,4000000.000000,32,1024,SDR,48,3,100,14,4000000.0,15.287712379549449,14.287712379549449,12.287712379549449,15.872674880270605,0.25,0,,,0.8,human_review,1,0
Scene4_t048,1P0A2730.dng,48,2000000.000000,32,1024,SDR,48,4,100,14,2000000.0,14.287712379549449,14.287712379549449,12.287712379549449,15.872674880270605,0.25,0,,,0.8,human_review,1,0
Scene4_t048,1P0A2731.dng,48,1000000.000000,32,1024,SDR,48,5,100,14,1000000.0,13.287712379549449,14.287712379549449,12.287712379549449,15.872674880270605,0.25,0,,,0.8,human_review,1,0
Scene4_t048,1P0A2732.dng,48,500000.000000,32,1024,SDR,48,6,100,14,500000.0,12.287712379549449,14.287712379549449,12.287712379549449,15.872674880270605,0.25,0,,,0.8,human_review,1,0
Scene4_t048,1P0A2733.dng,48,250000.000000,32,1024,SDR,48,7,100,14,250000.0,11.287712379549449,14.287712379549449,12.287712379549449,15.872674880270605,0.25,0,,,0.8,human_review,1,0
Scene4_t048,1P0A2734.dng,48,125000.000000,32,1024,SDR,48,8,100,14,125000.0,10.287712379549449,14.287712379549449,12.287712379549449,15.872674880270605,0.25,0,,,0.8,human_review,1,0
Scene4_t048,1P0A2735.dng,48,66666.666667,32,1024,SDR,48,9,100,14,66666.666667,9.380821783948145,14.287712379549449,12.287712379549449,15.872674880270605,0.25,0,,,0.8,human_review,1,0
Scene4_t048,1P0A2736.dng,48,33333.333333,32,1024,SDR,48,10,100,14,33333.333333,8.380821783926503,14.287712379549449,12.287712379549449,15.872674880270605,0.25,0,,,0.8,human_review,1,0
Scene4_t048,1P0A2737.dng,48,16666.666667,32,1024,SDR,48,11,100,14,16666.666667,7.380821783969785,14.287712379549449,12.287712379549449,15.872674880270605,0.25,0,,,0.8,human_review,1,0
Scene4_t048,1P0A2738.dng,48,8000.000000,32,1024,SDR,48,12,100,14,8000.0,6.321928094887363,14.287712379549449,12.287712379549449,15.872674880270605,0.25,0,,,0.8,human_review,1,0
Scene4_t048,1P0A2739.dng,48,4000.000000,32,1024,SDR,48,13,100,14,4000.0,5.321928094887363,14.287712379549449,12.287712379549449,15.872674880270605,0.25,0,,,0.8,human_review,1,0
Scene4_t048,1P0A2740.dng,48,2000.000000,32,1024,SDR,48,14,100,14,2000.0,4.321928094887363,14.287712379549449,12.287712379549449,15.872674880270605,0.25,0,,,0.8,human_review,1,0
Scene4_t049,1P0A2741.dng,49,15000000.000000,32,1024,SDR,49,0,100,14,15000000.0,17.194602975157967,14.287712379549449,12.287712379549449,15.872674880270605,0.25,0,,,0.8,human_review,1,0
Scene4_t049,1P0A2742.dng,49,8000000.000000,32,1024,SDR,49,1,100,14,8000000.0,16.28771237954945,14.287712379549449,12.287712379549449,15.872674880270605,0.25,0,,,0.8,human_review,1,0
Scene4_t049,1P0A2743.dng,49,6000000.000000,32,1024,SDR,49,2,100,14,6000000.0,15.872674880270605,14.287712379549449,12.287712379549449,15.872674880270605,0.25,0,,,0.8,human_review,1,0
Scene4_t049,1P0A2744.dng,49,4000000.000000,32,1024,SDR,49,3,100,14,4000000.0,15.287712379549449,14.287712379549449,12.287712379549449,15.872674880270605,0.25,0,,,0.8,human_review,1,0
Scene4_t049,1P0A2745.dng,49,2000000.000000,32,1024,SDR,49,4,100,14,2000000.0,14.287712379549449,14.287712379549449,12.287712379549449,15.872674880270605,0.25,0,,,0.8,human_review,1,0
Scene4_t049,1P0A2746.dng,49,1000000.000000,32,1024,SDR,49,5,100,14,1000000.0,13.287712379549449,14.287712379549449,12.287712379549449,15.872674880270605,0.25,0,,,0.8,human_review,1,0
Scene4_t049,1P0A2747.dng,49,500000.000000,32,1024,SDR,49,6,100,14,500000.0,12.287712379549449,14.287712379549449,12.287712379549449,15.872674880270605,0.25,0,,,0.8,human_review,1,0
Scene4_t049,1P0A2748.dng,49,250000.000000,32,1024,SDR,49,7,100,14,250000.0,11.287712379549449,14.287712379549449,12.287712379549449,15.872674880270605,0.25,0,,,0.8,human_review,1,0
Scene4_t049,1P0A2749.dng,49,125000.000000,32,1024,SDR,49,8,100,14,125000.0,10.287712379549449,14.287712379549449,12.287712379549449,15.872674880270605,0.25,0,,,0.8,human_review,1,0
Scene4_t049,1P0A2750.dng,49,66666.666667,32,1024,SDR,49,9,100,14,66666.666667,9.380821783948145,14.287712379549449,12.287712379549449,15.872674880270605,0.25,0,,,0.8,human_review,1,0
Scene4_t049,1P0A2751.dng,49,33333.333333,32,1024,SDR,49,10,100,14,33333.333333,8.380821783926503,14.287712379549449,12.287712379549449,15.872674880270605,0.25,0,,,0.8,human_review,1,0
Scene4_t049,1P0A2752.dng,49,16666.666667,32,1024,SDR,49,11,100,14,16666.666667,7.380821783969785,14.287712379549449,12.287712379549449,15.872674880270605,0.25,0,,,0.8,human_review,1,0
Scene4_t049,1P0A2753.dng,49,8000.000000,32,1024,SDR,49,12,100,14,8000.0,6.321928094887363,14.287712379549449,12.287712379549449,15.872674880270605,0.25,0,,,0.8,human_review,1,0
Scene4_t049,1P0A2754.dng,49,4000.000000,32,1024,SDR,49,13,100,14,4000.0,5.321928094887363,14.287712379549449,12.287712379549449,15.872674880270605,0.25,0,,,0.8,human_review,1,0
Scene4_t049,1P0A2755.dng,49,2000.000000,32,1024,SDR,49,14,100,14,2000.0,4.321928094887363,14.287712379549449,12.287712379549449,15.872674880270605,0.25,0,,,0.8,human_review,1,0
Scene4_t050,1P0A2756.dng,50,15000000.000000,32,1024,SDR,50,0,100,14,15000000.0,17.194602975157967,12.287712379549449,11.287712379549449,14.287712379549449,0.75,1,,,0.8,human_review,1,0
Scene4_t050,1P0A2757.dng,50,8000000.000000,32,1024,SDR,50,1,100,14,8000000.0,16.28771237954945,12.287712379549449,11.287712379549449,14.287712379549449,0.75,1,,,0.8,human_review,1,0
Scene4_t050,1P0A2758.dng,50,6000000.000000,32,1024,SDR,50,2,100,14,6000000.0,15.872674880270605,12.287712379549449,11.287712379549449,14.287712379549449,0.75,1,,,0.8,human_review,1,0
Scene4_t050,1P0A2759.dng,50,4000000.000000,32,1024,SDR,50,3,100,14,4000000.0,15.287712379549449,12.287712379549449,11.287712379549449,14.287712379549449,0.75,1,,,0.8,human_review,1,0
Scene4_t050,1P0A2760.dng,50,2000000.000000,32,1024,SDR,50,4,100,14,2000000.0,14.287712379549449,12.287712379549449,11.287712379549449,14.287712379549449,0.75,1,,,0.8,human_review,1,0
Scene4_t050,1P0A2761.dng,50,1000000.000000,32,1024,SDR,50,5,100,14,1000000.0,13.287712379549449,12.287712379549449,11.287712379549449,14.287712379549449,0.75,1,,,0.8,human_review,1,0
Scene4_t050,1P0A2762.dng,50,500000.000000,32,1024,SDR,50,6,100,14,500000.0,12.287712379549449,12.287712379549449,11.287712379549449,14.287712379549449,0.75,1,,,0.8,human_review,1,0
Scene4_t050,1P0A2763.dng,50,250000.000000,32,1024,SDR,50,7,100,14,250000.0,11.287712379549449,12.287712379549449,11.287712379549449,14.287712379549449,0.75,1,,,0.8,human_review,1,0
Scene4_t050,1P0A2764.dng,50,125000.000000,32,1024,SDR,50,8,100,14,125000.0,10.287712379549449,12.287712379549449,11.287712379549449,14.287712379549449,0.75,1,,,0.8,human_review,1,0
Scene4_t050,1P0A2765.dng,50,66666.666667,32,1024,SDR,50,9,100,14,66666.666667,9.380821783948145,12.287712379549449,11.287712379549449,14.287712379549449,0.75,1,,,0.8,human_review,1,0
Scene4_t050,1P0A2766.dng,50,33333.333333,32,1024,SDR,50,10,100,14,33333.333333,8.380821783926503,12.287712379549449,11.287712379549449,14.287712379549449,0.75,1,,,0.8,human_review,1,0
Scene4_t050,1P0A2767.dng,50,16666.666667,32,1024,SDR,50,11,100,14,16666.666667,7.380821783969785,12.287712379549449,11.287712379549449,14.287712379549449,0.75,1,,,0.8,human_review,1,0
Scene4_t050,1P0A2768.dng,50,8000.000000,32,1024,SDR,50,12,100,14,8000.0,6.321928094887363,12.287712379549449,11.287712379549449,14.287712379549449,0.75,1,,,0.8,human_review,1,0
Scene4_t050,1P0A2769.dng,50,4000.000000,32,1024,SDR,50,13,100,14,4000.0,5.321928094887363,12.287712379549449,11.287712379549449,14.287712379549449,0.75,1,,,0.8,human_review,1,0
Scene4_t050,1P0A2770.dng,50,2000.000000,32,1024,SDR,50,14,100,14,2000.0,4.321928094887363,12.287712379549449,11.287712379549449,14.287712379549449,0.75,1,,,0.8,human_review,1,0
Scene4_t051,1P0A2771.dng,51,15000000.000000,32,1024,SDR,51,0,100,14,15000000.0,17.194602975157967,12.287712379549449,11.287712379549449,14.287712379549449,0.75,1,,,0.8,human_review,1,0
Scene4_t051,1P0A2772.dng,51,8000000.000000,32,1024,SDR,51,1,100,14,8000000.0,16.28771237954945,12.287712379549449,11.287712379549449,14.287712379549449,0.75,1,,,0.8,human_review,1,0
Scene4_t051,1P0A2773.dng,51,6000000.000000,32,1024,SDR,51,2,100,14,6000000.0,15.872674880270605,12.287712379549449,11.287712379549449,14.287712379549449,0.75,1,,,0.8,human_review,1,0
Scene4_t051,1P0A2774.dng,51,4000000.000000,32,1024,SDR,51,3,100,14,4000000.0,15.287712379549449,12.287712379549449,11.287712379549449,14.287712379549449,0.75,1,,,0.8,human_review,1,0
Scene4_t051,1P0A2775.dng,51,2000000.000000,32,1024,SDR,51,4,100,14,2000000.0,14.287712379549449,12.287712379549449,11.287712379549449,14.287712379549449,0.75,1,,,0.8,human_review,1,0
Scene4_t051,1P0A2776.dng,51,1000000.000000,32,1024,SDR,51,5,100,14,1000000.0,13.287712379549449,12.287712379549449,11.287712379549449,14.287712379549449,0.75,1,,,0.8,human_review,1,0
Scene4_t051,1P0A2777.dng,51,500000.000000,32,1024,SDR,51,6,100,14,500000.0,12.287712379549449,12.287712379549449,11.287712379549449,14.287712379549449,0.75,1,,,0.8,human_review,1,0
Scene4_t051,1P0A2778.dng,51,250000.000000,32,1024,SDR,51,7,100,14,250000.0,11.287712379549449,12.287712379549449,11.287712379549449,14.287712379549449,0.75,1,,,0.8,human_review,1,0
Scene4_t051,1P0A2779.dng,51,125000.000000,32,1024,SDR,51,8,100,14,125000.0,10.287712379549449,12.287712379549449,11.287712379549449,14.287712379549449,0.75,1,,,0.8,human_review,1,0
Scene4_t051,1P0A2780.dng,51,66666.666667,32,1024,SDR,51,9,100,14,66666.666667,9.380821783948145,12.287712379549449,11.287712379549449,14.287712379549449,0.75,1,,,0.8,human_review,1,0
Scene4_t051,1P0A2781.dng,51,33333.333333,32,1024,SDR,51,10,100,14,33333.333333,8.380821783926503,12.287712379549449,11.287712379549449,14.287712379549449,0.75,1,,,0.8,human_review,1,0
Scene4_t051,1P0A2782.dng,51,16666.666667,32,1024,SDR,51,11,100,14,16666.666667,7.380821783969785,12.287712379549449,11.287712379549449,14.287712379549449,0.75,1,,,0.8,human_review,1,0
Scene4_t051,1P0A2783.dng,51,8000.000000,32,1024,SDR,51,12,100,14,8000.0,6.321928094887363,12.287712379549449,11.287712379549449,14.287712379549449,0.75,1,,,0.8,human_review,1,0
Scene4_t051,1P0A2784.dng,51,4000.000000,32,1024,SDR,51,13,100,14,4000.0,5.321928094887363,12.287712379549449,11.287712379549449,14.287712379549449,0.75,1,,,0.8,human_review,1,0
Scene4_t051,1P0A2785.dng,51,2000.000000,32,1024,SDR,51,14,100,14,2000.0,4.321928094887363,12.287712379549449,11.287712379549449,14.287712379549449,0.75,1,,,0.8,human_review,1,0
Scene4_t052,1P0A2786.dng,52,15000000.000000,32,1024,SDR,52,0,100,14,15000000.0,17.194602975157967,13.287712379549449,11.287712379549449,14.287712379549449,0.75,1,,,0.8,human_review,1,0
Scene4_t052,1P0A2787.dng,52,8000000.000000,32,1024,SDR,52,1,100,14,8000000.0,16.28771237954945,13.287712379549449,11.287712379549449,14.287712379549449,0.75,1,,,0.8,human_review,1,0
Scene4_t052,1P0A2788.dng,52,6000000.000000,32,1024,SDR,52,2,100,14,6000000.0,15.872674880270605,13.287712379549449,11.287712379549449,14.287712379549449,0.75,1,,,0.8,human_review,1,0
Scene4_t052,1P0A2789.dng,52,4000000.000000,32,1024,SDR,52,3,100,14,4000000.0,15.287712379549449,13.287712379549449,11.287712379549449,14.287712379549449,0.75,1,,,0.8,human_review,1,0
Scene4_t052,1P0A2790.dng,52,2000000.000000,32,1024,SDR,52,4,100,14,2000000.0,14.287712379549449,13.287712379549449,11.287712379549449,14.287712379549449,0.75,1,,,0.8,human_review,1,0
Scene4_t052,1P0A2791.dng,52,1000000.000000,32,1024,SDR,52,5,100,14,1000000.0,13.287712379549449,13.287712379549449,11.287712379549449,14.287712379549449,0.75,1,,,0.8,human_review,1,0
Scene4_t052,1P0A2792.dng,52,500000.000000,32,1024,SDR,52,6,100,14,500000.0,12.287712379549449,13.287712379549449,11.287712379549449,14.287712379549449,0.75,1,,,0.8,human_review,1,0
Scene4_t052,1P0A2793.dng,52,250000.000000,32,1024,SDR,52,7,100,14,250000.0,11.287712379549449,13.287712379549449,11.287712379549449,14.287712379549449,0.75,1,,,0.8,human_review,1,0
Scene4_t052,1P0A2794.dng,52,125000.000000,32,1024,SDR,52,8,100,14,125000.0,10.287712379549449,13.287712379549449,11.287712379549449,14.287712379549449,0.75,1,,,0.8,human_review,1,0
Scene4_t052,1P0A2795.dng,52,66666.666667,32,1024,SDR,52,9,100,14,66666.666667,9.380821783948145,13.287712379549449,11.287712379549449,14.287712379549449,0.75,1,,,0.8,human_review,1,0
Scene4_t052,1P0A2796.dng,52,33333.333333,32,1024,SDR,52,10,100,14,33333.333333,8.380821783926503,13.287712379549449,11.287712379549449,14.287712379549449,0.75,1,,,0.8,human_review,1,0
Scene4_t052,1P0A2797.dng,52,16666.666667,32,1024,SDR,52,11,100,14,16666.666667,7.380821783969785,13.287712379549449,11.287712379549449,14.287712379549449,0.75,1,,,0.8,human_review,1,0
Scene4_t052,1P0A2798.dng,52,8000.000000,32,1024,SDR,52,12,100,14,8000.0,6.321928094887363,13.287712379549449,11.287712379549449,14.287712379549449,0.75,1,,,0.8,human_review,1,0
Scene4_t052,1P0A2799.dng,52,4000.000000,32,1024,SDR,52,13,100,14,4000.0,5.321928094887363,13.287712379549449,11.287712379549449,14.287712379549449,0.75,1,,,0.8,human_review,1,0
Scene4_t052,1P0A2800.dng,52,2000.000000,32,1024,SDR,52,14,100,14,2000.0,4.321928094887363,13.287712379549449,11.287712379549449,14.287712379549449,0.75,1,,,0.8,human_review,1,0
Scene4_t053,1P0A2801.dng,53,15000000.000000,32,1024,SDR,53,0,100,14,15000000.0,17.194602975157967,13.287712379549449,11.287712379549449,14.287712379549449,0.75,1,,,0.8,human_review,1,0
Scene4_t053,1P0A2802.dng,53,8000000.000000,32,1024,SDR,53,1,100,14,8000000.0,16.28771237954945,13.287712379549449,11.287712379549449,14.287712379549449,0.75,1,,,0.8,human_review,1,0
Scene4_t053,1P0A2803.dng,53,6000000.000000,32,1024,SDR,53,2,100,14,6000000.0,15.872674880270605,13.287712379549449,11.287712379549449,14.287712379549449,0.75,1,,,0.8,human_review,1,0
Scene4_t053,1P0A2804.dng,53,4000000.000000,32,1024,SDR,53,3,100,14,4000000.0,15.287712379549449,13.287712379549449,11.287712379549449,14.287712379549449,0.75,1,,,0.8,human_review,1,0
Scene4_t053,1P0A2805.dng,53,2000000.000000,32,1024,SDR,53,4,100,14,2000000.0,14.287712379549449,13.287712379549449,11.287712379549449,14.287712379549449,0.75,1,,,0.8,human_review,1,0
Scene4_t053,1P0A2806.dng,53,1000000.000000,32,1024,SDR,53,5,100,14,1000000.0,13.287712379549449,13.287712379549449,11.287712379549449,14.287712379549449,0.75,1,,,0.8,human_review,1,0
Scene4_t053,1P0A2807.dng,53,500000.000000,32,1024,SDR,53,6,100,14,500000.0,12.287712379549449,13.287712379549449,11.287712379549449,14.287712379549449,0.75,1,,,0.8,human_review,1,0
Scene4_t053,1P0A2808.dng,53,250000.000000,32,1024,SDR,53,7,100,14,250000.0,11.287712379549449,13.287712379549449,11.287712379549449,14.287712379549449,0.75,1,,,0.8,human_review,1,0
Scene4_t053,1P0A2809.dng,53,125000.000000,32,1024,SDR,53,8,100,14,125000.0,10.287712379549449,13.287712379549449,11.287712379549449,14.287712379549449,0.75,1,,,0.8,human_review,1,0
Scene4_t053,1P0A2810.dng,53,66666.666667,32,1024,SDR,53,9,100,14,66666.666667,9.380821783948145,13.287712379549449,11.287712379549449,14.287712379549449,0.75,1,,,0.8,human_review,1,0
Scene4_t053,1P0A2811.dng,53,33333.333333,32,1024,SDR,53,10,100,14,33333.333333,8.380821783926503,13.287712379549449,11.287712379549449,14.287712379549449,0.75,1,,,0.8,human_review,1,0
Scene4_t053,1P0A2812.dng,53,16666.666667,32,1024,SDR,53,11,100,14,16666.666667,7.380821783969785,13.287712379549449,11.287712379549449,14.287712379549449,0.75,1,,,0.8,human_review,1,0
Scene4_t053,1P0A2813.dng,53,8000.000000,32,1024,SDR,53,12,100,14,8000.0,6.321928094887363,13.287712379549449,11.287712379549449,14.287712379549449,0.75,1,,,0.8,human_review,1,0
Scene4_t053,1P0A2814.dng,53,4000.000000,32,1024,SDR,53,13,100,14,4000.0,5.321928094887363,13.287712379549449,11.287712379549449,14.287712379549449,0.75,1,,,0.8,human_review,1,0
Scene4_t053,1P0A2815.dng,53,2000.000000,32,1024,SDR,53,14,100,14,2000.0,4.321928094887363,13.287712379549449,11.287712379549449,14.287712379549449,0.75,1,,,0.8,human_review,1,0
Scene4_t054,1P0A2816.dng,54,15000000.000000,32,1024,SDR,54,0,100,14,15000000.0,17.194602975157967,13.287712379549449,11.287712379549449,14.287712379549449,0.75,1,,,0.8,human_review,1,0
Scene4_t054,1P0A2817.dng,54,8000000.000000,32,1024,SDR,54,1,100,14,8000000.0,16.28771237954945,13.287712379549449,11.287712379549449,14.287712379549449,0.75,1,,,0.8,human_review,1,0
Scene4_t054,1P0A2818.dng,54,6000000.000000,32,1024,SDR,54,2,100,14,6000000.0,15.872674880270605,13.287712379549449,11.287712379549449,14.287712379549449,0.75,1,,,0.8,human_review,1,0
Scene4_t054,1P0A2819.dng,54,4000000.000000,32,1024,SDR,54,3,100,14,4000000.0,15.287712379549449,13.287712379549449,11.287712379549449,14.287712379549449,0.75,1,,,0.8,human_review,1,0
Scene4_t054,1P0A2820.dng,54,2000000.000000,32,1024,SDR,54,4,100,14,2000000.0,14.287712379549449,13.287712379549449,11.287712379549449,14.287712379549449,0.75,1,,,0.8,human_review,1,0
Scene4_t054,1P0A2821.dng,54,1000000.000000,32,1024,SDR,54,5,100,14,1000000.0,13.287712379549449,13.287712379549449,11.287712379549449,14.287712379549449,0.75,1,,,0.8,human_review,1,0
Scene4_t054,1P0A2822.dng,54,500000.000000,32,1024,SDR,54,6,100,14,500000.0,12.287712379549449,13.287712379549449,11.287712379549449,14.287712379549449,0.75,1,,,0.8,human_review,1,0
Scene4_t054,1P0A2823.dng,54,250000.000000,32,1024,SDR,54,7,100,14,250000.0,11.287712379549449,13.287712379549449,11.287712379549449,14.287712379549449,0.75,1,,,0.8,human_review,1,0
Scene4_t054,1P0A2824.dng,54,125000.000000,32,1024,SDR,54,8,100,14,125000.0,10.287712379549449,13.287712379549449,11.287712379549449,14.287712379549449,0.75,1,,,0.8,human_review,1,0
Scene4_t054,1P0A2825.dng,54,66666.666667,32,1024,SDR,54,9,100,14,66666.666667,9.380821783948145,13.287712379549449,11.287712379549449,14.287712379549449,0.75,1,,,0.8,human_review,1,0
Scene4_t054,1P0A2826.dng,54,33333.333333,32,1024,SDR,54,10,100,14,33333.333333,8.380821783926503,13.287712379549449,11.287712379549449,14.287712379549449,0.75,1,,,0.8,human_review,1,0
Scene4_t054,1P0A2827.dng,54,16666.666667,32,1024,SDR,54,11,100,14,16666.666667,7.380821783969785,13.287712379549449,11.287712379549449,14.287712379549449,0.75,1,,,0.8,human_review,1,0
Scene4_t054,1P0A2828.dng,54,8000.000000,32,1024,SDR,54,12,100,14,8000.0,6.321928094887363,13.287712379549449,11.287712379549449,14.287712379549449,0.75,1,,,0.8,human_review,1,0
Scene4_t054,1P0A2829.dng,54,4000.000000,32,1024,SDR,54,13,100,14,4000.0,5.321928094887363,13.287712379549449,11.287712379549449,14.287712379549449,0.75,1,,,0.8,human_review,1,0
Scene4_t054,1P0A2830.dng,54,2000.000000,32,1024,SDR,54,14,100,14,2000.0,4.321928094887363,13.287712379549449,11.287712379549449,14.287712379549449,0.75,1,,,0.8,human_review,1,0
Scene4_t055,1P0A2831.dng,55,15000000.000000,32,1024,SDR,55,0,100,14,15000000.0,17.194602975157967,13.287712379549449,11.287712379549449,14.287712379549449,0.75,1,,,0.8,human_review,1,0
Scene4_t055,1P0A2832.dng,55,8000000.000000,32,1024,SDR,55,1,100,14,8000000.0,16.28771237954945,13.287712379549449,11.287712379549449,14.287712379549449,0.75,1,,,0.8,human_review,1,0
Scene4_t055,1P0A2833.dng,55,6000000.000000,32,1024,SDR,55,2,100,14,6000000.0,15.872674880270605,13.287712379549449,11.287712379549449,14.287712379549449,0.75,1,,,0.8,human_review,1,0
Scene4_t055,1P0A2834.dng,55,4000000.000000,32,1024,SDR,55,3,100,14,4000000.0,15.287712379549449,13.287712379549449,11.287712379549449,14.287712379549449,0.75,1,,,0.8,human_review,1,0
Scene4_t055,1P0A2835.dng,55,2000000.000000,32,1024,SDR,55,4,100,14,2000000.0,14.287712379549449,13.287712379549449,11.287712379549449,14.287712379549449,0.75,1,,,0.8,human_review,1,0
Scene4_t055,1P0A2836.dng,55,1000000.000000,32,1024,SDR,55,5,100,14,1000000.0,13.287712379549449,13.287712379549449,11.287712379549449,14.287712379549449,0.75,1,,,0.8,human_review,1,0
Scene4_t055,1P0A2837.dng,55,500000.000000,32,1024,SDR,55,6,100,14,500000.0,12.287712379549449,13.287712379549449,11.287712379549449,14.287712379549449,0.75,1,,,0.8,human_review,1,0
Scene4_t055,1P0A2838.dng,55,250000.000000,32,1024,SDR,55,7,100,14,250000.0,11.287712379549449,13.287712379549449,11.287712379549449,14.287712379549449,0.75,1,,,0.8,human_review,1,0
Scene4_t055,1P0A2839.dng,55,125000.000000,32,1024,SDR,55,8,100,14,125000.0,10.287712379549449,13.287712379549449,11.287712379549449,14.287712379549449,0.75,1,,,0.8,human_review,1,0
Scene4_t055,1P0A2840.dng,55,66666.666667,32,1024,SDR,55,9,100,14,66666.666667,9.380821783948145,13.287712379549449,11.287712379549449,14.287712379549449,0.75,1,,,0.8,human_review,1,0
Scene4_t055,1P0A2841.dng,55,33333.333333,32,1024,SDR,55,10,100,14,33333.333333,8.380821783926503,13.287712379549449,11.287712379549449,14.287712379549449,0.75,1,,,0.8,human_review,1,0
Scene4_t055,1P0A2842.dng,55,16666.666667,32,1024,SDR,55,11,100,14,16666.666667,7.380821783969785,13.287712379549449,11.287712379549449,14.287712379549449,0.75,1,,,0.8,human_review,1,0
Scene4_t055,1P0A2843.dng,55,8000.000000,32,1024,SDR,55,12,100,14,8000.0,6.321928094887363,13.287712379549449,11.287712379549449,14.287712379549449,0.75,1,,,0.8,human_review,1,0
Scene4_t055,1P0A2844.dng,55,4000.000000,32,1024,SDR,55,13,100,14,4000.0,5.321928094887363,13.287712379549449,11.287712379549449,14.287712379549449,0.75,1,,,0.8,human_review,1,0
Scene4_t055,1P0A2845.dng,55,2000.000000,32,1024,SDR,55,14,100,14,2000.0,4.321928094887363,13.287712379549449,11.287712379549449,14.287712379549449,0.75,1,,,0.8,human_review,1,0
Scene4_t056,1P0A2846.dng,56,15000000.000000,32,1024,SDR,56,0,100,14,15000000.0,17.194602975157967,13.287712379549449,11.287712379549449,14.287712379549449,0.75,1,,,0.8,human_review,1,0
Scene4_t056,1P0A2847.dng,56,8000000.000000,32,1024,SDR,56,1,100,14,8000000.0,16.28771237954945,13.287712379549449,11.287712379549449,14.287712379549449,0.75,1,,,0.8,human_review,1,0
Scene4_t056,1P0A2848.dng,56,6000000.000000,32,1024,SDR,56,2,100,14,6000000.0,15.872674880270605,13.287712379549449,11.287712379549449,14.287712379549449,0.75,1,,,0.8,human_review,1,0
Scene4_t056,1P0A2849.dng,56,4000000.000000,32,1024,SDR,56,3,100,14,4000000.0,15.287712379549449,13.287712379549449,11.287712379549449,14.287712379549449,0.75,1,,,0.8,human_review,1,0
Scene4_t056,1P0A2850.dng,56,2000000.000000,32,1024,SDR,56,4,100,14,2000000.0,14.287712379549449,13.287712379549449,11.287712379549449,14.287712379549449,0.75,1,,,0.8,human_review,1,0
Scene4_t056,1P0A2851.dng,56,1000000.000000,32,1024,SDR,56,5,100,14,1000000.0,13.287712379549449,13.287712379549449,11.287712379549449,14.287712379549449,0.75,1,,,0.8,human_review,1,0
Scene4_t056,1P0A2852.dng,56,500000.000000,32,1024,SDR,56,6,100,14,500000.0,12.287712379549449,13.287712379549449,11.287712379549449,14.287712379549449,0.75,1,,,0.8,human_review,1,0
Scene4_t056,1P0A2853.dng,56,250000.000000,32,1024,SDR,56,7,100,14,250000.0,11.287712379549449,13.287712379549449,11.287712379549449,14.287712379549449,0.75,1,,,0.8,human_review,1,0
Scene4_t056,1P0A2854.dng,56,125000.000000,32,1024,SDR,56,8,100,14,125000.0,10.287712379549449,13.287712379549449,11.287712379549449,14.287712379549449,0.75,1,,,0.8,human_review,1,0
Scene4_t056,1P0A2855.dng,56,66666.666667,32,1024,SDR,56,9,100,14,66666.666667,9.380821783948145,13.287712379549449,11.287712379549449,14.287712379549449,0.75,1,,,0.8,human_review,1,0
Scene4_t056,1P0A2856.dng,56,33333.333333,32,1024,SDR,56,10,100,14,33333.333333,8.380821783926503,13.287712379549449,11.287712379549449,14.287712379549449,0.75,1,,,0.8,human_review,1,0
Scene4_t056,1P0A2857.dng,56,16666.666667,32,1024,SDR,56,11,100,14,16666.666667,7.380821783969785,13.287712379549449,11.287712379549449,14.287712379549449,0.75,1,,,0.8,human_review,1,0
Scene4_t056,1P0A2858.dng,56,8000.000000,32,1024,SDR,56,12,100,14,8000.0,6.321928094887363,13.287712379549449,11.287712379549449,14.287712379549449,0.75,1,,,0.8,human_review,1,0
Scene4_t056,1P0A2859.dng,56,4000.000000,32,1024,SDR,56,13,100,14,4000.0,5.321928094887363,13.287712379549449,11.287712379549449,14.287712379549449,0.75,1,,,0.8,human_review,1,0
Scene4_t056,1P0A2860.dng,56,2000.000000,32,1024,SDR,56,14,100,14,2000.0,4.321928094887363,13.287712379549449,11.287712379549449,14.287712379549449,0.75,1,,,0.8,human_review,1,0
Scene4_t057,1P0A2861.dng,57,15000000.000000,32,1024,SDR,57,0,100,14,15000000.0,17.194602975157967,13.287712379549449,11.287712379549449,14.287712379549449,0.75,1,,,0.8,human_review,1,0
Scene4_t057,1P0A2862.dng,57,8000000.000000,32,1024,SDR,57,1,100,14,8000000.0,16.28771237954945,13.287712379549449,11.287712379549449,14.287712379549449,0.75,1,,,0.8,human_review,1,0
Scene4_t057,1P0A2863.dng,57,6000000.000000,32,1024,SDR,57,2,100,14,6000000.0,15.872674880270605,13.287712379549449,11.287712379549449,14.287712379549449,0.75,1,,,0.8,human_review,1,0
Scene4_t057,1P0A2864.dng,57,4000000.000000,32,1024,SDR,57,3,100,14,4000000.0,15.287712379549449,13.287712379549449,11.287712379549449,14.287712379549449,0.75,1,,,0.8,human_review,1,0
Scene4_t057,1P0A2865.dng,57,2000000.000000,32,1024,SDR,57,4,100,14,2000000.0,14.287712379549449,13.287712379549449,11.287712379549449,14.287712379549449,0.75,1,,,0.8,human_review,1,0
Scene4_t057,1P0A2866.dng,57,1000000.000000,32,1024,SDR,57,5,100,14,1000000.0,13.287712379549449,13.287712379549449,11.287712379549449,14.287712379549449,0.75,1,,,0.8,human_review,1,0
Scene4_t057,1P0A2867.dng,57,500000.000000,32,1024,SDR,57,6,100,14,500000.0,12.287712379549449,13.287712379549449,11.287712379549449,14.287712379549449,0.75,1,,,0.8,human_review,1,0
Scene4_t057,1P0A2868.dng,57,250000.000000,32,1024,SDR,57,7,100,14,250000.0,11.287712379549449,13.287712379549449,11.287712379549449,14.287712379549449,0.75,1,,,0.8,human_review,1,0
Scene4_t057,1P0A2869.dng,57,125000.000000,32,1024,SDR,57,8,100,14,125000.0,10.287712379549449,13.287712379549449,11.287712379549449,14.287712379549449,0.75,1,,,0.8,human_review,1,0
Scene4_t057,1P0A2870.dng,57,66666.666667,32,1024,SDR,57,9,100,14,66666.666667,9.380821783948145,13.287712379549449,11.287712379549449,14.287712379549449,0.75,1,,,0.8,human_review,1,0
Scene4_t057,1P0A2871.dng,57,33333.333333,32,1024,SDR,57,10,100,14,33333.333333,8.380821783926503,13.287712379549449,11.287712379549449,14.287712379549449,0.75,1,,,0.8,human_review,1,0
Scene4_t057,1P0A2872.dng,57,16666.666667,32,1024,SDR,57,11,100,14,16666.666667,7.380821783969785,13.287712379549449,11.287712379549449,14.287712379549449,0.75,1,,,0.8,human_review,1,0
Scene4_t057,1P0A2873.dng,57,8000.000000,32,1024,SDR,57,12,100,14,8000.0,6.321928094887363,13.287712379549449,11.287712379549449,14.287712379549449,0.75,1,,,0.8,human_review,1,0
Scene4_t057,1P0A2874.dng,57,4000.000000,32,1024,SDR,57,13,100,14,4000.0,5.321928094887363,13.287712379549449,11.287712379549449,14.287712379549449,0.75,1,,,0.8,human_review,1,0
Scene4_t057,1P0A2875.dng,57,2000.000000,32,1024,SDR,57,14,100,14,2000.0,4.321928094887363,13.287712379549449,11.287712379549449,14.287712379549449,0.75,1,,,0.8,human_review,1,0
Scene4_t058,1P0A2876.dng,58,15000000.000000,32,1024,SDR,58,0,100,14,15000000.0,17.194602975157967,13.287712379549449,11.287712379549449,14.287712379549449,0.75,1,,,0.8,human_review,1,0
Scene4_t058,1P0A2877.dng,58,8000000.000000,32,1024,SDR,58,1,100,14,8000000.0,16.28771237954945,13.287712379549449,11.287712379549449,14.287712379549449,0.75,1,,,0.8,human_review,1,0
Scene4_t058,1P0A2878.dng,58,6000000.000000,32,1024,SDR,58,2,100,14,6000000.0,15.872674880270605,13.287712379549449,11.287712379549449,14.287712379549449,0.75,1,,,0.8,human_review,1,0
Scene4_t058,1P0A2879.dng,58,4000000.000000,32,1024,SDR,58,3,100,14,4000000.0,15.287712379549449,13.287712379549449,11.287712379549449,14.287712379549449,0.75,1,,,0.8,human_review,1,0
Scene4_t058,1P0A2880.dng,58,2000000.000000,32,1024,SDR,58,4,100,14,2000000.0,14.287712379549449,13.287712379549449,11.287712379549449,14.287712379549449,0.75,1,,,0.8,human_review,1,0
Scene4_t058,1P0A2881.dng,58,1000000.000000,32,1024,SDR,58,5,100,14,1000000.0,13.287712379549449,13.287712379549449,11.287712379549449,14.287712379549449,0.75,1,,,0.8,human_review,1,0
Scene4_t058,1P0A2882.dng,58,500000.000000,32,1024,SDR,58,6,100,14,500000.0,12.287712379549449,13.287712379549449,11.287712379549449,14.287712379549449,0.75,1,,,0.8,human_review,1,0
Scene4_t058,1P0A2883.dng,58,250000.000000,32,1024,SDR,58,7,100,14,250000.0,11.287712379549449,13.287712379549449,11.287712379549449,14.287712379549449,0.75,1,,,0.8,human_review,1,0
Scene4_t058,1P0A2884.dng,58,125000.000000,32,1024,SDR,58,8,100,14,125000.0,10.287712379549449,13.287712379549449,11.287712379549449,14.287712379549449,0.75,1,,,0.8,human_review,1,0
Scene4_t058,1P0A2885.dng,58,66666.666667,32,1024,SDR,58,9,100,14,66666.666667,9.380821783948145,13.287712379549449,11.287712379549449,14.287712379549449,0.75,1,,,0.8,human_review,1,0
Scene4_t058,1P0A2886.dng,58,33333.333333,32,1024,SDR,58,10,100,14,33333.333333,8.380821783926503,13.287712379549449,11.287712379549449,14.287712379549449,0.75,1,,,0.8,human_review,1,0
Scene4_t058,1P0A2887.dng,58,16666.666667,32,1024,SDR,58,11,100,14,16666.666667,7.380821783969785,13.287712379549449,11.287712379549449,14.287712379549449,0.75,1,,,0.8,human_review,1,0
Scene4_t058,1P0A2888.dng,58,8000.000000,32,1024,SDR,58,12,100,14,8000.0,6.321928094887363,13.287712379549449,11.287712379549449,14.287712379549449,0.75,1,,,0.8,human_review,1,0
Scene4_t058,1P0A2889.dng,58,4000.000000,32,1024,SDR,58,13,100,14,4000.0,5.321928094887363,13.287712379549449,11.287712379549449,14.287712379549449,0.75,1,,,0.8,human_review,1,0
Scene4_t058,1P0A2890.dng,58,2000.000000,32,1024,SDR,58,14,100,14,2000.0,4.321928094887363,13.287712379549449,11.287712379549449,14.287712379549449,0.75,1,,,0.8,human_review,1,0
Scene4_t059,1P0A2891.dng,59,15000000.000000,32,1024,SDR,59,0,100,14,15000000.0,17.194602975157967,13.287712379549449,11.287712379549449,14.287712379549449,0.75,1,,,0.8,human_review,1,0
Scene4_t059,1P0A2892.dng,59,8000000.000000,32,1024,SDR,59,1,100,14,8000000.0,16.28771237954945,13.287712379549449,11.287712379549449,14.287712379549449,0.75,1,,,0.8,human_review,1,0
Scene4_t059,1P0A2893.dng,59,6000000.000000,32,1024,SDR,59,2,100,14,6000000.0,15.872674880270605,13.287712379549449,11.287712379549449,14.287712379549449,0.75,1,,,0.8,human_review,1,0
Scene4_t059,1P0A2894.dng,59,4000000.000000,32,1024,SDR,59,3,100,14,4000000.0,15.287712379549449,13.287712379549449,11.287712379549449,14.287712379549449,0.75,1,,,0.8,human_review,1,0
Scene4_t059,1P0A2895.dng,59,2000000.000000,32,1024,SDR,59,4,100,14,2000000.0,14.287712379549449,13.287712379549449,11.287712379549449,14.287712379549449,0.75,1,,,0.8,human_review,1,0
Scene4_t059,1P0A2896.dng,59,1000000.000000,32,1024,SDR,59,5,100,14,1000000.0,13.287712379549449,13.287712379549449,11.287712379549449,14.287712379549449,0.75,1,,,0.8,human_review,1,0
Scene4_t059,1P0A2897.dng,59,500000.000000,32,1024,SDR,59,6,100,14,500000.0,12.287712379549449,13.287712379549449,11.287712379549449,14.287712379549449,0.75,1,,,0.8,human_review,1,0
Scene4_t059,1P0A2898.dng,59,250000.000000,32,1024,SDR,59,7,100,14,250000.0,11.287712379549449,13.287712379549449,11.287712379549449,14.287712379549449,0.75,1,,,0.8,human_review,1,0
Scene4_t059,1P0A2899.dng,59,125000.000000,32,1024,SDR,59,8,100,14,125000.0,10.287712379549449,13.287712379549449,11.287712379549449,14.287712379549449,0.75,1,,,0.8,human_review,1,0
Scene4_t059,1P0A2900.dng,59,66666.666667,32,1024,SDR,59,9,100,14,66666.666667,9.380821783948145,13.287712379549449,11.287712379549449,14.287712379549449,0.75,1,,,0.8,human_review,1,0
Scene4_t059,1P0A2901.dng,59,33333.333333,32,1024,SDR,59,10,100,14,33333.333333,8.380821783926503,13.287712379549449,11.287712379549449,14.287712379549449,0.75,1,,,0.8,human_review,1,0
Scene4_t059,1P0A2902.dng,59,16666.666667,32,1024,SDR,59,11,100,14,16666.666667,7.380821783969785,13.287712379549449,11.287712379549449,14.287712379549449,0.75,1,,,0.8,human_review,1,0
Scene4_t059,1P0A2903.dng,59,8000.000000,32,1024,SDR,59,12,100,14,8000.0,6.321928094887363,13.287712379549449,11.287712379549449,14.287712379549449,0.75,1,,,0.8,human_review,1,0
Scene4_t059,1P0A2904.dng,59,4000.000000,32,1024,SDR,59,13,100,14,4000.0,5.321928094887363,13.287712379549449,11.287712379549449,14.287712379549449,0.75,1,,,0.8,human_review,1,0
Scene4_t059,1P0A2905.dng,59,2000.000000,32,1024,SDR,59,14,100,14,2000.0,4.321928094887363,13.287712379549449,11.287712379549449,14.287712379549449,0.75,1,,,0.8,human_review,1,0
Scene4_t060,1P0A2906.dng,60,15000000.000000,32,1024,SDR,60,0,100,14,15000000.0,17.194602975157967,13.287712379549449,11.287712379549449,14.287712379549449,0.75,1,,,0.8,human_review,1,0
Scene4_t060,1P0A2907.dng,60,8000000.000000,32,1024,SDR,60,1,100,14,8000000.0,16.28771237954945,13.287712379549449,11.287712379549449,14.287712379549449,0.75,1,,,0.8,human_review,1,0
Scene4_t060,1P0A2908.dng,60,6000000.000000,32,1024,SDR,60,2,100,14,6000000.0,15.872674880270605,13.287712379549449,11.287712379549449,14.287712379549449,0.75,1,,,0.8,human_review,1,0
Scene4_t060,1P0A2909.dng,60,4000000.000000,32,1024,SDR,60,3,100,14,4000000.0,15.287712379549449,13.287712379549449,11.287712379549449,14.287712379549449,0.75,1,,,0.8,human_review,1,0
Scene4_t060,1P0A2910.dng,60,2000000.000000,32,1024,SDR,60,4,100,14,2000000.0,14.287712379549449,13.287712379549449,11.287712379549449,14.287712379549449,0.75,1,,,0.8,human_review,1,0
Scene4_t060,1P0A2911.dng,60,1000000.000000,32,1024,SDR,60,5,100,14,1000000.0,13.287712379549449,13.287712379549449,11.287712379549449,14.287712379549449,0.75,1,,,0.8,human_review,1,0
Scene4_t060,1P0A2912.dng,60,500000.000000,32,1024,SDR,60,6,100,14,500000.0,12.287712379549449,13.287712379549449,11.287712379549449,14.287712379549449,0.75,1,,,0.8,human_review,1,0
Scene4_t060,1P0A2913.dng,60,250000.000000,32,1024,SDR,60,7,100,14,250000.0,11.287712379549449,13.287712379549449,11.287712379549449,14.287712379549449,0.75,1,,,0.8,human_review,1,0
Scene4_t060,1P0A2914.dng,60,125000.000000,32,1024,SDR,60,8,100,14,125000.0,10.287712379549449,13.287712379549449,11.287712379549449,14.287712379549449,0.75,1,,,0.8,human_review,1,0
Scene4_t060,1P0A2915.dng,60,66666.666667,32,1024,SDR,60,9,100,14,66666.666667,9.380821783948145,13.287712379549449,11.287712379549449,14.287712379549449,0.75,1,,,0.8,human_review,1,0
Scene4_t060,1P0A2916.dng,60,33333.333333,32,1024,SDR,60,10,100,14,33333.333333,8.380821783926503,13.287712379549449,11.287712379549449,14.287712379549449,0.75,1,,,0.8,human_review,1,0
Scene4_t060,1P0A2917.dng,60,16666.666667,32,1024,SDR,60,11,100,14,16666.666667,7.380821783969785,13.287712379549449,11.287712379549449,14.287712379549449,0.75,1,,,0.8,human_review,1,0
Scene4_t060,1P0A2918.dng,60,8000.000000,32,1024,SDR,60,12,100,14,8000.0,6.321928094887363,13.287712379549449,11.287712379549449,14.287712379549449,0.75,1,,,0.8,human_review,1,0
Scene4_t060,1P0A2919.dng,60,4000.000000,32,1024,SDR,60,13,100,14,4000.0,5.321928094887363,13.287712379549449,11.287712379549449,14.287712379549449,0.75,1,,,0.8,human_review,1,0
Scene4_t060,1P0A2920.dng,60,2000.000000,32,1024,SDR,60,14,100,14,2000.0,4.321928094887363,13.287712379549449,11.287712379549449,14.287712379549449,0.75,1,,,0.8,human_review,1,0
Scene4_t061,1P0A2921.dng,61,15000000.000000,32,1024,SDR,61,0,100,14,15000000.0,17.194602975157967,13.287712379549449,11.287712379549449,14.287712379549449,0.75,1,,,0.8,human_review,1,0
Scene4_t061,1P0A2922.dng,61,8000000.000000,32,1024,SDR,61,1,100,14,8000000.0,16.28771237954945,13.287712379549449,11.287712379549449,14.287712379549449,0.75,1,,,0.8,human_review,1,0
Scene4_t061,1P0A2923.dng,61,6000000.000000,32,1024,SDR,61,2,100,14,6000000.0,15.872674880270605,13.287712379549449,11.287712379549449,14.287712379549449,0.75,1,,,0.8,human_review,1,0
Scene4_t061,1P0A2924.dng,61,4000000.000000,32,1024,SDR,61,3,100,14,4000000.0,15.287712379549449,13.287712379549449,11.287712379549449,14.287712379549449,0.75,1,,,0.8,human_review,1,0
Scene4_t061,1P0A2925.dng,61,2000000.000000,32,1024,SDR,61,4,100,14,2000000.0,14.287712379549449,13.287712379549449,11.287712379549449,14.287712379549449,0.75,1,,,0.8,human_review,1,0
Scene4_t061,1P0A2926.dng,61,1000000.000000,32,1024,SDR,61,5,100,14,1000000.0,13.287712379549449,13.287712379549449,11.287712379549449,14.287712379549449,0.75,1,,,0.8,human_review,1,0
Scene4_t061,1P0A2927.dng,61,500000.000000,32,1024,SDR,61,6,100,14,500000.0,12.287712379549449,13.287712379549449,11.287712379549449,14.287712379549449,0.75,1,,,0.8,human_review,1,0
Scene4_t061,1P0A2928.dng,61,250000.000000,32,1024,SDR,61,7,100,14,250000.0,11.287712379549449,13.287712379549449,11.287712379549449,14.287712379549449,0.75,1,,,0.8,human_review,1,0
Scene4_t061,1P0A2929.dng,61,125000.000000,32,1024,SDR,61,8,100,14,125000.0,10.287712379549449,13.287712379549449,11.287712379549449,14.287712379549449,0.75,1,,,0.8,human_review,1,0
Scene4_t061,1P0A2930.dng,61,66666.666667,32,1024,SDR,61,9,100,14,66666.666667,9.380821783948145,13.287712379549449,11.287712379549449,14.287712379549449,0.75,1,,,0.8,human_review,1,0
Scene4_t061,1P0A2931.dng,61,33333.333333,32,1024,SDR,61,10,100,14,33333.333333,8.380821783926503,13.287712379549449,11.287712379549449,14.287712379549449,0.75,1,,,0.8,human_review,1,0
Scene4_t061,1P0A2932.dng,61,16666.666667,32,1024,SDR,61,11,100,14,16666.666667,7.380821783969785,13.287712379549449,11.287712379549449,14.287712379549449,0.75,1,,,0.8,human_review,1,0
Scene4_t061,1P0A2933.dng,61,8000.000000,32,1024,SDR,61,12,100,14,8000.0,6.321928094887363,13.287712379549449,11.287712379549449,14.287712379549449,0.75,1,,,0.8,human_review,1,0
Scene4_t061,1P0A2934.dng,61,4000.000000,32,1024,SDR,61,13,100,14,4000.0,5.321928094887363,13.287712379549449,11.287712379549449,14.287712379549449,0.75,1,,,0.8,human_review,1,0
Scene4_t061,1P0A2935.dng,61,2000.000000,32,1024,SDR,61,14,100,14,2000.0,4.321928094887363,13.287712379549449,11.287712379549449,14.287712379549449,0.75,1,,,0.8,human_review,1,0
Scene4_t062,1P0A2936.dng,62,15000000.000000,32,1024,SDR,62,0,100,14,15000000.0,17.194602975157967,13.287712379549449,11.287712379549449,14.287712379549449,0.75,1,,,0.8,human_review,1,0
Scene4_t062,1P0A2937.dng,62,8000000.000000,32,1024,SDR,62,1,100,14,8000000.0,16.28771237954945,13.287712379549449,11.287712379549449,14.287712379549449,0.75,1,,,0.8,human_review,1,0
Scene4_t062,1P0A2938.dng,62,6000000.000000,32,1024,SDR,62,2,100,14,6000000.0,15.872674880270605,13.287712379549449,11.287712379549449,14.287712379549449,0.75,1,,,0.8,human_review,1,0
Scene4_t062,1P0A2939.dng,62,4000000.000000,32,1024,SDR,62,3,100,14,4000000.0,15.287712379549449,13.287712379549449,11.287712379549449,14.287712379549449,0.75,1,,,0.8,human_review,1,0
Scene4_t062,1P0A2940.dng,62,2000000.000000,32,1024,SDR,62,4,100,14,2000000.0,14.287712379549449,13.287712379549449,11.287712379549449,14.287712379549449,0.75,1,,,0.8,human_review,1,0
Scene4_t062,1P0A2941.dng,62,1000000.000000,32,1024,SDR,62,5,100,14,1000000.0,13.287712379549449,13.287712379549449,11.287712379549449,14.287712379549449,0.75,1,,,0.8,human_review,1,0
Scene4_t062,1P0A2942.dng,62,500000.000000,32,1024,SDR,62,6,100,14,500000.0,12.287712379549449,13.287712379549449,11.287712379549449,14.287712379549449,0.75,1,,,0.8,human_review,1,0
Scene4_t062,1P0A2943.dng,62,250000.000000,32,1024,SDR,62,7,100,14,250000.0,11.287712379549449,13.287712379549449,11.287712379549449,14.287712379549449,0.75,1,,,0.8,human_review,1,0
Scene4_t062,1P0A2944.dng,62,125000.000000,32,1024,SDR,62,8,100,14,125000.0,10.287712379549449,13.287712379549449,11.287712379549449,14.287712379549449,0.75,1,,,0.8,human_review,1,0
Scene4_t062,1P0A2945.dng,62,66666.666667,32,1024,SDR,62,9,100,14,66666.666667,9.380821783948145,13.287712379549449,11.287712379549449,14.287712379549449,0.75,1,,,0.8,human_review,1,0
Scene4_t062,1P0A2946.dng,62,33333.333333,32,1024,SDR,62,10,100,14,33333.333333,8.380821783926503,13.287712379549449,11.287712379549449,14.287712379549449,0.75,1,,,0.8,human_review,1,0
Scene4_t062,1P0A2947.dng,62,16666.666667,32,1024,SDR,62,11,100,14,16666.666667,7.380821783969785,13.287712379549449,11.287712379549449,14.287712379549449,0.75,1,,,0.8,human_review,1,0
Scene4_t062,1P0A2948.dng,62,8000.000000,32,1024,SDR,62,12,100,14,8000.0,6.321928094887363,13.287712379549449,11.287712379549449,14.287712379549449,0.75,1,,,0.8,human_review,1,0
Scene4_t062,1P0A2949.dng,62,4000.000000,32,1024,SDR,62,13,100,14,4000.0,5.321928094887363,13.287712379549449,11.287712379549449,14.287712379549449,0.75,1,,,0.8,human_review,1,0
Scene4_t062,1P0A2950.dng,62,2000.000000,32,1024,SDR,62,14,100,14,2000.0,4.321928094887363,13.287712379549449,11.287712379549449,14.287712379549449,0.75,1,,,0.8,human_review,1,0
Scene4_t063,1P0A2951.dng,63,15000000.000000,32,1024,SDR,63,0,100,14,15000000.0,17.194602975157967,13.287712379549449,11.287712379549449,14.287712379549449,0.75,1,,,0.8,human_review,1,0
Scene4_t063,1P0A2952.dng,63,8000000.000000,32,1024,SDR,63,1,100,14,8000000.0,16.28771237954945,13.287712379549449,11.287712379549449,14.287712379549449,0.75,1,,,0.8,human_review,1,0
Scene4_t063,1P0A2953.dng,63,6000000.000000,32,1024,SDR,63,2,100,14,6000000.0,15.872674880270605,13.287712379549449,11.287712379549449,14.287712379549449,0.75,1,,,0.8,human_review,1,0
Scene4_t063,1P0A2954.dng,63,4000000.000000,32,1024,SDR,63,3,100,14,4000000.0,15.287712379549449,13.287712379549449,11.287712379549449,14.287712379549449,0.75,1,,,0.8,human_review,1,0
Scene4_t063,1P0A2955.dng,63,2000000.000000,32,1024,SDR,63,4,100,14,2000000.0,14.287712379549449,13.287712379549449,11.287712379549449,14.287712379549449,0.75,1,,,0.8,human_review,1,0
Scene4_t063,1P0A2956.dng,63,1000000.000000,32,1024,SDR,63,5,100,14,1000000.0,13.287712379549449,13.287712379549449,11.287712379549449,14.287712379549449,0.75,1,,,0.8,human_review,1,0
Scene4_t063,1P0A2957.dng,63,500000.000000,32,1024,SDR,63,6,100,14,500000.0,12.287712379549449,13.287712379549449,11.287712379549449,14.287712379549449,0.75,1,,,0.8,human_review,1,0
Scene4_t063,1P0A2958.dng,63,250000.000000,32,1024,SDR,63,7,100,14,250000.0,11.287712379549449,13.287712379549449,11.287712379549449,14.287712379549449,0.75,1,,,0.8,human_review,1,0
Scene4_t063,1P0A2959.dng,63,125000.000000,32,1024,SDR,63,8,100,14,125000.0,10.287712379549449,13.287712379549449,11.287712379549449,14.287712379549449,0.75,1,,,0.8,human_review,1,0
Scene4_t063,1P0A2960.dng,63,66666.666667,32,1024,SDR,63,9,100,14,66666.666667,9.380821783948145,13.287712379549449,11.287712379549449,14.287712379549449,0.75,1,,,0.8,human_review,1,0
Scene4_t063,1P0A2961.dng,63,33333.333333,32,1024,SDR,63,10,100,14,33333.333333,8.380821783926503,13.287712379549449,11.287712379549449,14.287712379549449,0.75,1,,,0.8,human_review,1,0
Scene4_t063,1P0A2962.dng,63,16666.666667,32,1024,SDR,63,11,100,14,16666.666667,7.380821783969785,13.287712379549449,11.287712379549449,14.287712379549449,0.75,1,,,0.8,human_review,1,0
Scene4_t063,1P0A2963.dng,63,8000.000000,32,1024,SDR,63,12,100,14,8000.0,6.321928094887363,13.287712379549449,11.287712379549449,14.287712379549449,0.75,1,,,0.8,human_review,1,0
Scene4_t063,1P0A2964.dng,63,4000.000000,32,1024,SDR,63,13,100,14,4000.0,5.321928094887363,13.287712379549449,11.287712379549449,14.287712379549449,0.75,1,,,0.8,human_review,1,0
Scene4_t063,1P0A2965.dng,63,2000.000000,32,1024,SDR,63,14,100,14,2000.0,4.321928094887363,13.287712379549449,11.287712379549449,14.287712379549449,0.75,1,,,0.8,human_review,1,0
Scene4_t064,1P0A2966.dng,64,15000000.000000,32,1024,SDR,64,0,100,14,15000000.0,17.194602975157967,13.287712379549449,11.287712379549449,14.287712379549449,0.75,1,,,0.8,human_review,1,0
Scene4_t064,1P0A2967.dng,64,8000000.000000,32,1024,SDR,64,1,100,14,8000000.0,16.28771237954945,13.287712379549449,11.287712379549449,14.287712379549449,0.75,1,,,0.8,human_review,1,0
Scene4_t064,1P0A2968.dng,64,6000000.000000,32,1024,SDR,64,2,100,14,6000000.0,15.872674880270605,13.287712379549449,11.287712379549449,14.287712379549449,0.75,1,,,0.8,human_review,1,0
Scene4_t064,1P0A2969.dng,64,4000000.000000,32,1024,SDR,64,3,100,14,4000000.0,15.287712379549449,13.287712379549449,11.287712379549449,14.287712379549449,0.75,1,,,0.8,human_review,1,0
Scene4_t064,1P0A2970.dng,64,2000000.000000,32,1024,SDR,64,4,100,14,2000000.0,14.287712379549449,13.287712379549449,11.287712379549449,14.287712379549449,0.75,1,,,0.8,human_review,1,0
Scene4_t064,1P0A2971.dng,64,1000000.000000,32,1024,SDR,64,5,100,14,1000000.0,13.287712379549449,13.287712379549449,11.287712379549449,14.287712379549449,0.75,1,,,0.8,human_review,1,0
Scene4_t064,1P0A2972.dng,64,500000.000000,32,1024,SDR,64,6,100,14,500000.0,12.287712379549449,13.287712379549449,11.287712379549449,14.287712379549449,0.75,1,,,0.8,human_review,1,0
Scene4_t064,1P0A2973.dng,64,250000.000000,32,1024,SDR,64,7,100,14,250000.0,11.287712379549449,13.287712379549449,11.287712379549449,14.287712379549449,0.75,1,,,0.8,human_review,1,0
Scene4_t064,1P0A2974.dng,64,125000.000000,32,1024,SDR,64,8,100,14,125000.0,10.287712379549449,13.287712379549449,11.287712379549449,14.287712379549449,0.75,1,,,0.8,human_review,1,0
Scene4_t064,1P0A2975.dng,64,66666.666667,32,1024,SDR,64,9,100,14,66666.666667,9.380821783948145,13.287712379549449,11.287712379549449,14.287712379549449,0.75,1,,,0.8,human_review,1,0
Scene4_t064,1P0A2976.dng,64,33333.333333,32,1024,SDR,64,10,100,14,33333.333333,8.380821783926503,13.287712379549449,11.287712379549449,14.287712379549449,0.75,1,,,0.8,human_review,1,0
Scene4_t064,1P0A2977.dng,64,16666.666667,32,1024,SDR,64,11,100,14,16666.666667,7.380821783969785,13.287712379549449,11.287712379549449,14.287712379549449,0.75,1,,,0.8,human_review,1,0
Scene4_t064,1P0A2978.dng,64,8000.000000,32,1024,SDR,64,12,100,14,8000.0,6.321928094887363,13.287712379549449,11.287712379549449,14.287712379549449,0.75,1,,,0.8,human_review,1,0
Scene4_t064,1P0A2979.dng,64,4000.000000,32,1024,SDR,64,13,100,14,4000.0,5.321928094887363,13.287712379549449,11.287712379549449,14.287712379549449,0.75,1,,,0.8,human_review,1,0
Scene4_t064,1P0A2980.dng,64,2000.000000,32,1024,SDR,64,14,100,14,2000.0,4.321928094887363,13.287712379549449,11.287712379549449,14.287712379549449,0.75,1,,,0.8,human_review,1,0
Scene4_t065,1P0A2981.dng,65,15000000.000000,32,1024,SDR,65,0,100,14,15000000.0,17.194602975157967,13.287712379549449,11.287712379549449,14.287712379549449,0.75,1,,,0.8,human_review,1,0
Scene4_t065,1P0A2982.dng,65,8000000.000000,32,1024,SDR,65,1,100,14,8000000.0,16.28771237954945,13.287712379549449,11.287712379549449,14.287712379549449,0.75,1,,,0.8,human_review,1,0
Scene4_t065,1P0A2983.dng,65,6000000.000000,32,1024,SDR,65,2,100,14,6000000.0,15.872674880270605,13.287712379549449,11.287712379549449,14.287712379549449,0.75,1,,,0.8,human_review,1,0
Scene4_t065,1P0A2984.dng,65,4000000.000000,32,1024,SDR,65,3,100,14,4000000.0,15.287712379549449,13.287712379549449,11.287712379549449,14.287712379549449,0.75,1,,,0.8,human_review,1,0
Scene4_t065,1P0A2985.dng,65,2000000.000000,32,1024,SDR,65,4,100,14,2000000.0,14.287712379549449,13.287712379549449,11.287712379549449,14.287712379549449,0.75,1,,,0.8,human_review,1,0
Scene4_t065,1P0A2986.dng,65,1000000.000000,32,1024,SDR,65,5,100,14,1000000.0,13.287712379549449,13.287712379549449,11.287712379549449,14.287712379549449,0.75,1,,,0.8,human_review,1,0
Scene4_t065,1P0A2987.dng,65,500000.000000,32,1024,SDR,65,6,100,14,500000.0,12.287712379549449,13.287712379549449,11.287712379549449,14.287712379549449,0.75,1,,,0.8,human_review,1,0
Scene4_t065,1P0A2988.dng,65,250000.000000,32,1024,SDR,65,7,100,14,250000.0,11.287712379549449,13.287712379549449,11.287712379549449,14.287712379549449,0.75,1,,,0.8,human_review,1,0
Scene4_t065,1P0A2989.dng,65,125000.000000,32,1024,SDR,65,8,100,14,125000.0,10.287712379549449,13.287712379549449,11.287712379549449,14.287712379549449,0.75,1,,,0.8,human_review,1,0
Scene4_t065,1P0A2990.dng,65,66666.666667,32,1024,SDR,65,9,100,14,66666.666667,9.380821783948145,13.287712379549449,11.287712379549449,14.287712379549449,0.75,1,,,0.8,human_review,1,0
Scene4_t065,1P0A2991.dng,65,33333.333333,32,1024,SDR,65,10,100,14,33333.333333,8.380821783926503,13.287712379549449,11.287712379549449,14.287712379549449,0.75,1,,,0.8,human_review,1,0
Scene4_t065,1P0A2992.dng,65,16666.666667,32,1024,SDR,65,11,100,14,16666.666667,7.380821783969785,13.287712379549449,11.287712379549449,14.287712379549449,0.75,1,,,0.8,human_review,1,0
Scene4_t065,1P0A2993.dng,65,8000.000000,32,1024,SDR,65,12,100,14,8000.0,6.321928094887363,13.287712379549449,11.287712379549449,14.287712379549449,0.75,1,,,0.8,human_review,1,0
Scene4_t065,1P0A2994.dng,65,4000.000000,32,1024,SDR,65,13,100,14,4000.0,5.321928094887363,13.287712379549449,11.287712379549449,14.287712379549449,0.75,1,,,0.8,human_review,1,0
Scene4_t065,1P0A2995.dng,65,2000.000000,32,1024,SDR,65,14,100,14,2000.0,4.321928094887363,13.287712379549449,11.287712379549449,14.287712379549449,0.75,1,,,0.8,human_review,1,0
Scene4_t066,1P0A2996.dng,66,15000000.000000,32,1024,SDR,66,0,100,14,15000000.0,17.194602975157967,13.287712379549449,11.287712379549449,14.287712379549449,0.75,1,,,0.8,human_review,1,0
Scene4_t066,1P0A2997.dng,66,8000000.000000,32,1024,SDR,66,1,100,14,8000000.0,16.28771237954945,13.287712379549449,11.287712379549449,14.287712379549449,0.75,1,,,0.8,human_review,1,0
Scene4_t066,1P0A2998.dng,66,6000000.000000,32,1024,SDR,66,2,100,14,6000000.0,15.872674880270605,13.287712379549449,11.287712379549449,14.287712379549449,0.75,1,,,0.8,human_review,1,0
Scene4_t066,1P0A2999.dng,66,4000000.000000,32,1024,SDR,66,3,100,14,4000000.0,15.287712379549449,13.287712379549449,11.287712379549449,14.287712379549449,0.75,1,,,0.8,human_review,1,0
Scene4_t066,1P0A3000.dng,66,2000000.000000,32,1024,SDR,66,4,100,14,2000000.0,14.287712379549449,13.287712379549449,11.287712379549449,14.287712379549449,0.75,1,,,0.8,human_review,1,0
Scene4_t066,1P0A3001.dng,66,1000000.000000,32,1024,SDR,66,5,100,14,1000000.0,13.287712379549449,13.287712379549449,11.287712379549449,14.287712379549449,0.75,1,,,0.8,human_review,1,0
Scene4_t066,1P0A3002.dng,66,500000.000000,32,1024,SDR,66,6,100,14,500000.0,12.287712379549449,13.287712379549449,11.287712379549449,14.287712379549449,0.75,1,,,0.8,human_review,1,0
Scene4_t066,1P0A3003.dng,66,250000.000000,32,1024,SDR,66,7,100,14,250000.0,11.287712379549449,13.287712379549449,11.287712379549449,14.287712379549449,0.75,1,,,0.8,human_review,1,0
Scene4_t066,1P0A3004.dng,66,125000.000000,32,1024,SDR,66,8,100,14,125000.0,10.287712379549449,13.287712379549449,11.287712379549449,14.287712379549449,0.75,1,,,0.8,human_review,1,0
Scene4_t066,1P0A3005.dng,66,66666.666667,32,1024,SDR,66,9,100,14,66666.666667,9.380821783948145,13.287712379549449,11.287712379549449,14.287712379549449,0.75,1,,,0.8,human_review,1,0
Scene4_t066,1P0A3006.dng,66,33333.333333,32,1024,SDR,66,10,100,14,33333.333333,8.380821783926503,13.287712379549449,11.287712379549449,14.287712379549449,0.75,1,,,0.8,human_review,1,0
Scene4_t066,1P0A3007.dng,66,16666.666667,32,1024,SDR,66,11,100,14,16666.666667,7.380821783969785,13.287712379549449,11.287712379549449,14.287712379549449,0.75,1,,,0.8,human_review,1,0
Scene4_t066,1P0A3008.dng,66,8000.000000,32,1024,SDR,66,12,100,14,8000.0,6.321928094887363,13.287712379549449,11.287712379549449,14.287712379549449,0.75,1,,,0.8,human_review,1,0
Scene4_t066,1P0A3009.dng,66,4000.000000,32,1024,SDR,66,13,100,14,4000.0,5.321928094887363,13.287712379549449,11.287712379549449,14.287712379549449,0.75,1,,,0.8,human_review,1,0
Scene4_t066,1P0A3010.dng,66,2000.000000,32,1024,SDR,66,14,100,14,2000.0,4.321928094887363,13.287712379549449,11.287712379549449,14.287712379549449,0.75,1,,,0.8,human_review,1,0
Scene4_t067,1P0A3011.dng,67,15000000.000000,32,1024,SDR,67,0,100,14,15000000.0,17.194602975157967,13.287712379549449,11.287712379549449,14.287712379549449,0.75,1,,,0.8,human_review,1,0
Scene4_t067,1P0A3012.dng,67,8000000.000000,32,1024,SDR,67,1,100,14,8000000.0,16.28771237954945,13.287712379549449,11.287712379549449,14.287712379549449,0.75,1,,,0.8,human_review,1,0
Scene4_t067,1P0A3013.dng,67,6000000.000000,32,1024,SDR,67,2,100,14,6000000.0,15.872674880270605,13.287712379549449,11.287712379549449,14.287712379549449,0.75,1,,,0.8,human_review,1,0
Scene4_t067,1P0A3014.dng,67,4000000.000000,32,1024,SDR,67,3,100,14,4000000.0,15.287712379549449,13.287712379549449,11.287712379549449,14.287712379549449,0.75,1,,,0.8,human_review,1,0
Scene4_t067,1P0A3015.dng,67,2000000.000000,32,1024,SDR,67,4,100,14,2000000.0,14.287712379549449,13.287712379549449,11.287712379549449,14.287712379549449,0.75,1,,,0.8,human_review,1,0
Scene4_t067,1P0A3016.dng,67,1000000.000000,32,1024,SDR,67,5,100,14,1000000.0,13.287712379549449,13.287712379549449,11.287712379549449,14.287712379549449,0.75,1,,,0.8,human_review,1,0
Scene4_t067,1P0A3017.dng,67,500000.000000,32,1024,SDR,67,6,100,14,500000.0,12.287712379549449,13.287712379549449,11.287712379549449,14.287712379549449,0.75,1,,,0.8,human_review,1,0
Scene4_t067,1P0A3018.dng,67,250000.000000,32,1024,SDR,67,7,100,14,250000.0,11.287712379549449,13.287712379549449,11.287712379549449,14.287712379549449,0.75,1,,,0.8,human_review,1,0
Scene4_t067,1P0A3019.dng,67,125000.000000,32,1024,SDR,67,8,100,14,125000.0,10.287712379549449,13.287712379549449,11.287712379549449,14.287712379549449,0.75,1,,,0.8,human_review,1,0
Scene4_t067,1P0A3020.dng,67,66666.666667,32,1024,SDR,67,9,100,14,66666.666667,9.380821783948145,13.287712379549449,11.287712379549449,14.287712379549449,0.75,1,,,0.8,human_review,1,0
Scene4_t067,1P0A3021.dng,67,33333.333333,32,1024,SDR,67,10,100,14,33333.333333,8.380821783926503,13.287712379549449,11.287712379549449,14.287712379549449,0.75,1,,,0.8,human_review,1,0
Scene4_t067,1P0A3022.dng,67,16666.666667,32,1024,SDR,67,11,100,14,16666.666667,7.380821783969785,13.287712379549449,11.287712379549449,14.287712379549449,0.75,1,,,0.8,human_review,1,0
Scene4_t067,1P0A3023.dng,67,8000.000000,32,1024,SDR,67,12,100,14,8000.0,6.321928094887363,13.287712379549449,11.287712379549449,14.287712379549449,0.75,1,,,0.8,human_review,1,0
Scene4_t067,1P0A3024.dng,67,4000.000000,32,1024,SDR,67,13,100,14,4000.0,5.321928094887363,13.287712379549449,11.287712379549449,14.287712379549449,0.75,1,,,0.8,human_review,1,0
Scene4_t067,1P0A3025.dng,67,2000.000000,32,1024,SDR,67,14,100,14,2000.0,4.321928094887363,13.287712379549449,11.287712379549449,14.287712379549449,0.75,1,,,0.8,human_review,1,0
Scene4_t068,1P0A3026.dng,68,15000000.000000,32,1024,SDR,68,0,100,14,15000000.0,17.194602975157967,13.287712379549449,11.287712379549449,14.287712379549449,0.75,1,,,0.8,human_review,1,0
Scene4_t068,1P0A3027.dng,68,8000000.000000,32,1024,SDR,68,1,100,14,8000000.0,16.28771237954945,13.287712379549449,11.287712379549449,14.287712379549449,0.75,1,,,0.8,human_review,1,0
Scene4_t068,1P0A3028.dng,68,6000000.000000,32,1024,SDR,68,2,100,14,6000000.0,15.872674880270605,13.287712379549449,11.287712379549449,14.287712379549449,0.75,1,,,0.8,human_review,1,0
Scene4_t068,1P0A3029.dng,68,4000000.000000,32,1024,SDR,68,3,100,14,4000000.0,15.287712379549449,13.287712379549449,11.287712379549449,14.287712379549449,0.75,1,,,0.8,human_review,1,0
Scene4_t068,1P0A3030.dng,68,2000000.000000,32,1024,SDR,68,4,100,14,2000000.0,14.287712379549449,13.287712379549449,11.287712379549449,14.287712379549449,0.75,1,,,0.8,human_review,1,0
Scene4_t068,1P0A3031.dng,68,1000000.000000,32,1024,SDR,68,5,100,14,1000000.0,13.287712379549449,13.287712379549449,11.287712379549449,14.287712379549449,0.75,1,,,0.8,human_review,1,0
Scene4_t068,1P0A3032.dng,68,500000.000000,32,1024,SDR,68,6,100,14,500000.0,12.287712379549449,13.287712379549449,11.287712379549449,14.287712379549449,0.75,1,,,0.8,human_review,1,0
Scene4_t068,1P0A3033.dng,68,250000.000000,32,1024,SDR,68,7,100,14,250000.0,11.287712379549449,13.287712379549449,11.287712379549449,14.287712379549449,0.75,1,,,0.8,human_review,1,0
Scene4_t068,1P0A3034.dng,68,125000.000000,32,1024,SDR,68,8,100,14,125000.0,10.287712379549449,13.287712379549449,11.287712379549449,14.287712379549449,0.75,1,,,0.8,human_review,1,0
Scene4_t068,1P0A3035.dng,68,66666.666667,32,1024,SDR,68,9,100,14,66666.666667,9.380821783948145,13.287712379549449,11.287712379549449,14.287712379549449,0.75,1,,,0.8,human_review,1,0
Scene4_t068,1P0A3036.dng,68,33333.333333,32,1024,SDR,68,10,100,14,33333.333333,8.380821783926503,13.287712379549449,11.287712379549449,14.287712379549449,0.75,1,,,0.8,human_review,1,0
Scene4_t068,1P0A3037.dng,68,16666.666667,32,1024,SDR,68,11,100,14,16666.666667,7.380821783969785,13.287712379549449,11.287712379549449,14.287712379549449,0.75,1,,,0.8,human_review,1,0
Scene4_t068,1P0A3038.dng,68,8000.000000,32,1024,SDR,68,12,100,14,8000.0,6.321928094887363,13.287712379549449,11.287712379549449,14.287712379549449,0.75,1,,,0.8,human_review,1,0
Scene4_t068,1P0A3039.dng,68,4000.000000,32,1024,SDR,68,13,100,14,4000.0,5.321928094887363,13.287712379549449,11.287712379549449,14.287712379549449,0.75,1,,,0.8,human_review,1,0
Scene4_t068,1P0A3040.dng,68,2000.000000,32,1024,SDR,68,14,100,14,2000.0,4.321928094887363,13.287712379549449,11.287712379549449,14.287712379549449,0.75,1,,,0.8,human_review,1,0
Scene4_t069,1P0A3041.dng,69,15000000.000000,32,1024,SDR,69,0,100,14,15000000.0,17.194602975157967,13.287712379549449,11.287712379549449,14.287712379549449,0.75,1,,,0.8,human_review,1,0
Scene4_t069,1P0A3042.dng,69,8000000.000000,32,1024,SDR,69,1,100,14,8000000.0,16.28771237954945,13.287712379549449,11.287712379549449,14.287712379549449,0.75,1,,,0.8,human_review,1,0
Scene4_t069,1P0A3043.dng,69,6000000.000000,32,1024,SDR,69,2,100,14,6000000.0,15.872674880270605,13.287712379549449,11.287712379549449,14.287712379549449,0.75,1,,,0.8,human_review,1,0
Scene4_t069,1P0A3044.dng,69,4000000.000000,32,1024,SDR,69,3,100,14,4000000.0,15.287712379549449,13.287712379549449,11.287712379549449,14.287712379549449,0.75,1,,,0.8,human_review,1,0
Scene4_t069,1P0A3045.dng,69,2000000.000000,32,1024,SDR,69,4,100,14,2000000.0,14.287712379549449,13.287712379549449,11.287712379549449,14.287712379549449,0.75,1,,,0.8,human_review,1,0
Scene4_t069,1P0A3046.dng,69,1000000.000000,32,1024,SDR,69,5,100,14,1000000.0,13.287712379549449,13.287712379549449,11.287712379549449,14.287712379549449,0.75,1,,,0.8,human_review,1,0
Scene4_t069,1P0A3047.dng,69,500000.000000,32,1024,SDR,69,6,100,14,500000.0,12.287712379549449,13.287712379549449,11.287712379549449,14.287712379549449,0.75,1,,,0.8,human_review,1,0
Scene4_t069,1P0A3048.dng,69,250000.000000,32,1024,SDR,69,7,100,14,250000.0,11.287712379549449,13.287712379549449,11.287712379549449,14.287712379549449,0.75,1,,,0.8,human_review,1,0
Scene4_t069,1P0A3049.dng,69,125000.000000,32,1024,SDR,69,8,100,14,125000.0,10.287712379549449,13.287712379549449,11.287712379549449,14.287712379549449,0.75,1,,,0.8,human_review,1,0
Scene4_t069,1P0A3050.dng,69,66666.666667,32,1024,SDR,69,9,100,14,66666.666667,9.380821783948145,13.287712379549449,11.287712379549449,14.287712379549449,0.75,1,,,0.8,human_review,1,0
Scene4_t069,1P0A3051.dng,69,33333.333333,32,1024,SDR,69,10,100,14,33333.333333,8.380821783926503,13.287712379549449,11.287712379549449,14.287712379549449,0.75,1,,,0.8,human_review,1,0
Scene4_t069,1P0A3052.dng,69,16666.666667,32,1024,SDR,69,11,100,14,16666.666667,7.380821783969785,13.287712379549449,11.287712379549449,14.287712379549449,0.75,1,,,0.8,human_review,1,0
Scene4_t069,1P0A3053.dng,69,8000.000000,32,1024,SDR,69,12,100,14,8000.0,6.321928094887363,13.287712379549449,11.287712379549449,14.287712379549449,0.75,1,,,0.8,human_review,1,0
Scene4_t069,1P0A3054.dng,69,4000.000000,32,1024,SDR,69,13,100,14,4000.0,5.321928094887363,13.287712379549449,11.287712379549449,14.287712379549449,0.75,1,,,0.8,human_review,1,0
Scene4_t069,1P0A3055.dng,69,2000.000000,32,1024,SDR,69,14,100,14,2000.0,4.321928094887363,13.287712379549449,11.287712379549449,14.287712379549449,0.75,1,,,0.8,human_review,1,0
Scene4_t070,1P0A3056.dng,70,15000000.000000,32,1024,SDR,70,0,100,14,15000000.0,17.194602975157967,13.287712379549449,11.287712379549449,14.287712379549449,0.75,1,,,0.8,human_review,1,0
Scene4_t070,1P0A3057.dng,70,8000000.000000,32,1024,SDR,70,1,100,14,8000000.0,16.28771237954945,13.287712379549449,11.287712379549449,14.287712379549449,0.75,1,,,0.8,human_review,1,0
Scene4_t070,1P0A3058.dng,70,6000000.000000,32,1024,SDR,70,2,100,14,6000000.0,15.872674880270605,13.287712379549449,11.287712379549449,14.287712379549449,0.75,1,,,0.8,human_review,1,0
Scene4_t070,1P0A3059.dng,70,4000000.000000,32,1024,SDR,70,3,100,14,4000000.0,15.287712379549449,13.287712379549449,11.287712379549449,14.287712379549449,0.75,1,,,0.8,human_review,1,0
Scene4_t070,1P0A3060.dng,70,2000000.000000,32,1024,SDR,70,4,100,14,2000000.0,14.287712379549449,13.287712379549449,11.287712379549449,14.287712379549449,0.75,1,,,0.8,human_review,1,0
Scene4_t070,1P0A3061.dng,70,1000000.000000,32,1024,SDR,70,5,100,14,1000000.0,13.287712379549449,13.287712379549449,11.287712379549449,14.287712379549449,0.75,1,,,0.8,human_review,1,0
Scene4_t070,1P0A3062.dng,70,500000.000000,32,1024,SDR,70,6,100,14,500000.0,12.287712379549449,13.287712379549449,11.287712379549449,14.287712379549449,0.75,1,,,0.8,human_review,1,0
Scene4_t070,1P0A3063.dng,70,250000.000000,32,1024,SDR,70,7,100,14,250000.0,11.287712379549449,13.287712379549449,11.287712379549449,14.287712379549449,0.75,1,,,0.8,human_review,1,0
Scene4_t070,1P0A3064.dng,70,125000.000000,32,1024,SDR,70,8,100,14,125000.0,10.287712379549449,13.287712379549449,11.287712379549449,14.287712379549449,0.75,1,,,0.8,human_review,1,0
Scene4_t070,1P0A3065.dng,70,66666.666667,32,1024,SDR,70,9,100,14,66666.666667,9.380821783948145,13.287712379549449,11.287712379549449,14.287712379549449,0.75,1,,,0.8,human_review,1,0
Scene4_t070,1P0A3066.dng,70,33333.333333,32,1024,SDR,70,10,100,14,33333.333333,8.380821783926503,13.287712379549449,11.287712379549449,14.287712379549449,0.75,1,,,0.8,human_review,1,0
Scene4_t070,1P0A3067.dng,70,16666.666667,32,1024,SDR,70,11,100,14,16666.666667,7.380821783969785,13.287712379549449,11.287712379549449,14.287712379549449,0.75,1,,,0.8,human_review,1,0
Scene4_t070,1P0A3068.dng,70,8000.000000,32,1024,SDR,70,12,100,14,8000.0,6.321928094887363,13.287712379549449,11.287712379549449,14.287712379549449,0.75,1,,,0.8,human_review,1,0
Scene4_t070,1P0A3069.dng,70,4000.000000,32,1024,SDR,70,13,100,14,4000.0,5.321928094887363,13.287712379549449,11.287712379549449,14.287712379549449,0.75,1,,,0.8,human_review,1,0
Scene4_t070,1P0A3070.dng,70,2000.000000,32,1024,SDR,70,14,100,14,2000.0,4.321928094887363,13.287712379549449,11.287712379549449,14.287712379549449,0.75,1,,,0.8,human_review,1,0
Scene4_t071,1P0A3071.dng,71,15000000.000000,32,1024,SDR,71,0,100,14,15000000.0,17.194602975157967,13.287712379549449,11.287712379549449,14.287712379549449,0.75,1,,,0.8,human_review,1,0
Scene4_t071,1P0A3072.dng,71,8000000.000000,32,1024,SDR,71,1,100,14,8000000.0,16.28771237954945,13.287712379549449,11.287712379549449,14.287712379549449,0.75,1,,,0.8,human_review,1,0
Scene4_t071,1P0A3073.dng,71,6000000.000000,32,1024,SDR,71,2,100,14,6000000.0,15.872674880270605,13.287712379549449,11.287712379549449,14.287712379549449,0.75,1,,,0.8,human_review,1,0
Scene4_t071,1P0A3074.dng,71,4000000.000000,32,1024,SDR,71,3,100,14,4000000.0,15.287712379549449,13.287712379549449,11.287712379549449,14.287712379549449,0.75,1,,,0.8,human_review,1,0
Scene4_t071,1P0A3075.dng,71,2000000.000000,32,1024,SDR,71,4,100,14,2000000.0,14.287712379549449,13.287712379549449,11.287712379549449,14.287712379549449,0.75,1,,,0.8,human_review,1,0
Scene4_t071,1P0A3076.dng,71,1000000.000000,32,1024,SDR,71,5,100,14,1000000.0,13.287712379549449,13.287712379549449,11.287712379549449,14.287712379549449,0.75,1,,,0.8,human_review,1,0
Scene4_t071,1P0A3077.dng,71,500000.000000,32,1024,SDR,71,6,100,14,500000.0,12.287712379549449,13.287712379549449,11.287712379549449,14.287712379549449,0.75,1,,,0.8,human_review,1,0
Scene4_t071,1P0A3078.dng,71,250000.000000,32,1024,SDR,71,7,100,14,250000.0,11.287712379549449,13.287712379549449,11.287712379549449,14.287712379549449,0.75,1,,,0.8,human_review,1,0
Scene4_t071,1P0A3079.dng,71,125000.000000,32,1024,SDR,71,8,100,14,125000.0,10.287712379549449,13.287712379549449,11.287712379549449,14.287712379549449,0.75,1,,,0.8,human_review,1,0
Scene4_t071,1P0A3080.dng,71,66666.666667,32,1024,SDR,71,9,100,14,66666.666667,9.380821783948145,13.287712379549449,11.287712379549449,14.287712379549449,0.75,1,,,0.8,human_review,1,0
Scene4_t071,1P0A3081.dng,71,33333.333333,32,1024,SDR,71,10,100,14,33333.333333,8.380821783926503,13.287712379549449,11.287712379549449,14.287712379549449,0.75,1,,,0.8,human_review,1,0
Scene4_t071,1P0A3082.dng,71,16666.666667,32,1024,SDR,71,11,100,14,16666.666667,7.380821783969785,13.287712379549449,11.287712379549449,14.287712379549449,0.75,1,,,0.8,human_review,1,0
Scene4_t071,1P0A3083.dng,71,8000.000000,32,1024,SDR,71,12,100,14,8000.0,6.321928094887363,13.287712379549449,11.287712379549449,14.287712379549449,0.75,1,,,0.8,human_review,1,0
Scene4_t071,1P0A3084.dng,71,4000.000000,32,1024,SDR,71,13,100,14,4000.0,5.321928094887363,13.287712379549449,11.287712379549449,14.287712379549449,0.75,1,,,0.8,human_review,1,0
Scene4_t071,1P0A3085.dng,71,2000.000000,32,1024,SDR,71,14,100,14,2000.0,4.321928094887363,13.287712379549449,11.287712379549449,14.287712379549449,0.75,1,,,0.8,human_review,1,0
Scene4_t072,1P0A3086.dng,72,15000000.000000,32,1024,SDR,72,0,100,14,15000000.0,17.194602975157967,13.287712379549449,11.287712379549449,14.287712379549449,0.75,1,,,0.8,human_review,1,0
Scene4_t072,1P0A3087.dng,72,8000000.000000,32,1024,SDR,72,1,100,14,8000000.0,16.28771237954945,13.287712379549449,11.287712379549449,14.287712379549449,0.75,1,,,0.8,human_review,1,0
Scene4_t072,1P0A3088.dng,72,6000000.000000,32,1024,SDR,72,2,100,14,6000000.0,15.872674880270605,13.287712379549449,11.287712379549449,14.287712379549449,0.75,1,,,0.8,human_review,1,0
Scene4_t072,1P0A3089.dng,72,4000000.000000,32,1024,SDR,72,3,100,14,4000000.0,15.287712379549449,13.287712379549449,11.287712379549449,14.287712379549449,0.75,1,,,0.8,human_review,1,0
Scene4_t072,1P0A3090.dng,72,2000000.000000,32,1024,SDR,72,4,100,14,2000000.0,14.287712379549449,13.287712379549449,11.287712379549449,14.287712379549449,0.75,1,,,0.8,human_review,1,0
Scene4_t072,1P0A3091.dng,72,1000000.000000,32,1024,SDR,72,5,100,14,1000000.0,13.287712379549449,13.287712379549449,11.287712379549449,14.287712379549449,0.75,1,,,0.8,human_review,1,0
Scene4_t072,1P0A3092.dng,72,500000.000000,32,1024,SDR,72,6,100,14,500000.0,12.287712379549449,13.287712379549449,11.287712379549449,14.287712379549449,0.75,1,,,0.8,human_review,1,0
Scene4_t072,1P0A3093.dng,72,250000.000000,32,1024,SDR,72,7,100,14,250000.0,11.287712379549449,13.287712379549449,11.287712379549449,14.287712379549449,0.75,1,,,0.8,human_review,1,0
Scene4_t072,1P0A3094.dng,72,125000.000000,32,1024,SDR,72,8,100,14,125000.0,10.287712379549449,13.287712379549449,11.287712379549449,14.287712379549449,0.75,1,,,0.8,human_review,1,0
Scene4_t072,1P0A3095.dng,72,66666.666667,32,1024,SDR,72,9,100,14,66666.666667,9.380821783948145,13.287712379549449,11.287712379549449,14.287712379549449,0.75,1,,,0.8,human_review,1,0
Scene4_t072,1P0A3096.dng,72,33333.333333,32,1024,SDR,72,10,100,14,33333.333333,8.380821783926503,13.287712379549449,11.287712379549449,14.287712379549449,0.75,1,,,0.8,human_review,1,0
Scene4_t072,1P0A3097.dng,72,16666.666667,32,1024,SDR,72,11,100,14,16666.666667,7.380821783969785,13.287712379549449,11.287712379549449,14.287712379549449,0.75,1,,,0.8,human_review,1,0
Scene4_t072,1P0A3098.dng,72,8000.000000,32,1024,SDR,72,12,100,14,8000.0,6.321928094887363,13.287712379549449,11.287712379549449,14.287712379549449,0.75,1,,,0.8,human_review,1,0
Scene4_t072,1P0A3099.dng,72,4000.000000,32,1024,SDR,72,13,100,14,4000.0,5.321928094887363,13.287712379549449,11.287712379549449,14.287712379549449,0.75,1,,,0.8,human_review,1,0
Scene4_t072,1P0A3100.dng,72,2000.000000,32,1024,SDR,72,14,100,14,2000.0,4.321928094887363,13.287712379549449,11.287712379549449,14.287712379549449,0.75,1,,,0.8,human_review,1,0
Scene4_t073,1P0A3101.dng,73,15000000.000000,32,1024,SDR,73,0,100,14,15000000.0,17.194602975157967,13.287712379549449,11.287712379549449,14.287712379549449,0.75,1,,,0.8,human_review,1,0
Scene4_t073,1P0A3102.dng,73,8000000.000000,32,1024,SDR,73,1,100,14,8000000.0,16.28771237954945,13.287712379549449,11.287712379549449,14.287712379549449,0.75,1,,,0.8,human_review,1,0
Scene4_t073,1P0A3103.dng,73,6000000.000000,32,1024,SDR,73,2,100,14,6000000.0,15.872674880270605,13.287712379549449,11.287712379549449,14.287712379549449,0.75,1,,,0.8,human_review,1,0
Scene4_t073,1P0A3104.dng,73,4000000.000000,32,1024,SDR,73,3,100,14,4000000.0,15.287712379549449,13.287712379549449,11.287712379549449,14.287712379549449,0.75,1,,,0.8,human_review,1,0
Scene4_t073,1P0A3105.dng,73,2000000.000000,32,1024,SDR,73,4,100,14,2000000.0,14.287712379549449,13.287712379549449,11.287712379549449,14.287712379549449,0.75,1,,,0.8,human_review,1,0
Scene4_t073,1P0A3106.dng,73,1000000.000000,32,1024,SDR,73,5,100,14,1000000.0,13.287712379549449,13.287712379549449,11.287712379549449,14.287712379549449,0.75,1,,,0.8,human_review,1,0
Scene4_t073,1P0A3107.dng,73,500000.000000,32,1024,SDR,73,6,100,14,500000.0,12.287712379549449,13.287712379549449,11.287712379549449,14.287712379549449,0.75,1,,,0.8,human_review,1,0
Scene4_t073,1P0A3108.dng,73,250000.000000,32,1024,SDR,73,7,100,14,250000.0,11.287712379549449,13.287712379549449,11.287712379549449,14.287712379549449,0.75,1,,,0.8,human_review,1,0
Scene4_t073,1P0A3109.dng,73,125000.000000,32,1024,SDR,73,8,100,14,125000.0,10.287712379549449,13.287712379549449,11.287712379549449,14.287712379549449,0.75,1,,,0.8,human_review,1,0
Scene4_t073,1P0A3110.dng,73,66666.666667,32,1024,SDR,73,9,100,14,66666.666667,9.380821783948145,13.287712379549449,11.287712379549449,14.287712379549449,0.75,1,,,0.8,human_review,1,0
Scene4_t073,1P0A3111.dng,73,33333.333333,32,1024,SDR,73,10,100,14,33333.333333,8.380821783926503,13.287712379549449,11.287712379549449,14.287712379549449,0.75,1,,,0.8,human_review,1,0
Scene4_t073,1P0A3112.dng,73,16666.666667,32,1024,SDR,73,11,100,14,16666.666667,7.380821783969785,13.287712379549449,11.287712379549449,14.287712379549449,0.75,1,,,0.8,human_review,1,0
Scene4_t073,1P0A3113.dng,73,8000.000000,32,1024,SDR,73,12,100,14,8000.0,6.321928094887363,13.287712379549449,11.287712379549449,14.287712379549449,0.75,1,,,0.8,human_review,1,0
Scene4_t073,1P0A3114.dng,73,4000.000000,32,1024,SDR,73,13,100,14,4000.0,5.321928094887363,13.287712379549449,11.287712379549449,14.287712379549449,0.75,1,,,0.8,human_review,1,0
Scene4_t073,1P0A3115.dng,73,2000.000000,32,1024,SDR,73,14,100,14,2000.0,4.321928094887363,13.287712379549449,11.287712379549449,14.287712379549449,0.75,1,,,0.8,human_review,1,0
Scene4_t074,1P0A3116.dng,74,15000000.000000,32,1024,SDR,74,0,100,14,15000000.0,17.194602975157967,13.287712379549449,11.287712379549449,14.287712379549449,0.75,1,,,0.8,human_review,1,0
Scene4_t074,1P0A3117.dng,74,8000000.000000,32,1024,SDR,74,1,100,14,8000000.0,16.28771237954945,13.287712379549449,11.287712379549449,14.287712379549449,0.75,1,,,0.8,human_review,1,0
Scene4_t074,1P0A3118.dng,74,6000000.000000,32,1024,SDR,74,2,100,14,6000000.0,15.872674880270605,13.287712379549449,11.287712379549449,14.287712379549449,0.75,1,,,0.8,human_review,1,0
Scene4_t074,1P0A3119.dng,74,4000000.000000,32,1024,SDR,74,3,100,14,4000000.0,15.287712379549449,13.287712379549449,11.287712379549449,14.287712379549449,0.75,1,,,0.8,human_review,1,0
Scene4_t074,1P0A3120.dng,74,2000000.000000,32,1024,SDR,74,4,100,14,2000000.0,14.287712379549449,13.287712379549449,11.287712379549449,14.287712379549449,0.75,1,,,0.8,human_review,1,0
Scene4_t074,1P0A3121.dng,74,1000000.000000,32,1024,SDR,74,5,100,14,1000000.0,13.287712379549449,13.287712379549449,11.287712379549449,14.287712379549449,0.75,1,,,0.8,human_review,1,0
Scene4_t074,1P0A3122.dng,74,500000.000000,32,1024,SDR,74,6,100,14,500000.0,12.287712379549449,13.287712379549449,11.287712379549449,14.287712379549449,0.75,1,,,0.8,human_review,1,0
Scene4_t074,1P0A3123.dng,74,250000.000000,32,1024,SDR,74,7,100,14,250000.0,11.287712379549449,13.287712379549449,11.287712379549449,14.287712379549449,0.75,1,,,0.8,human_review,1,0
Scene4_t074,1P0A3124.dng,74,125000.000000,32,1024,SDR,74,8,100,14,125000.0,10.287712379549449,13.287712379549449,11.287712379549449,14.287712379549449,0.75,1,,,0.8,human_review,1,0
Scene4_t074,1P0A3125.dng,74,66666.666667,32,1024,SDR,74,9,100,14,66666.666667,9.380821783948145,13.287712379549449,11.287712379549449,14.287712379549449,0.75,1,,,0.8,human_review,1,0
Scene4_t074,1P0A3126.dng,74,33333.333333,32,1024,SDR,74,10,100,14,33333.333333,8.380821783926503,13.287712379549449,11.287712379549449,14.287712379549449,0.75,1,,,0.8,human_review,1,0
Scene4_t074,1P0A3127.dng,74,16666.666667,32,1024,SDR,74,11,100,14,16666.666667,7.380821783969785,13.287712379549449,11.287712379549449,14.287712379549449,0.75,1,,,0.8,human_review,1,0
Scene4_t074,1P0A3128.dng,74,8000.000000,32,1024,SDR,74,12,100,14,8000.0,6.321928094887363,13.287712379549449,11.287712379549449,14.287712379549449,0.75,1,,,0.8,human_review,1,0
Scene4_t074,1P0A3129.dng,74,4000.000000,32,1024,SDR,74,13,100,14,4000.0,5.321928094887363,13.287712379549449,11.287712379549449,14.287712379549449,0.75,1,,,0.8,human_review,1,0
Scene4_t074,1P0A3130.dng,74,2000.000000,32,1024,SDR,74,14,100,14,2000.0,4.321928094887363,13.287712379549449,11.287712379549449,14.287712379549449,0.75,1,,,0.8,human_review,1,0
Scene4_t075,1P0A3131.dng,75,15000000.000000,32,1024,SDR,75,0,100,14,15000000.0,17.194602975157967,14.287712379549449,12.287712379549449,15.872674880270605,0.25,0,,,0.8,human_review,1,0
Scene4_t075,1P0A3132.dng,75,8000000.000000,32,1024,SDR,75,1,100,14,8000000.0,16.28771237954945,14.287712379549449,12.287712379549449,15.872674880270605,0.25,0,,,0.8,human_review,1,0
Scene4_t075,1P0A3133.dng,75,6000000.000000,32,1024,SDR,75,2,100,14,6000000.0,15.872674880270605,14.287712379549449,12.287712379549449,15.872674880270605,0.25,0,,,0.8,human_review,1,0
Scene4_t075,1P0A3134.dng,75,4000000.000000,32,1024,SDR,75,3,100,14,4000000.0,15.287712379549449,14.287712379549449,12.287712379549449,15.872674880270605,0.25,0,,,0.8,human_review,1,0
Scene4_t075,1P0A3135.dng,75,2000000.000000,32,1024,SDR,75,4,100,14,2000000.0,14.287712379549449,14.287712379549449,12.287712379549449,15.872674880270605,0.25,0,,,0.8,human_review,1,0
Scene4_t075,1P0A3136.dng,75,1000000.000000,32,1024,SDR,75,5,100,14,1000000.0,13.287712379549449,14.287712379549449,12.287712379549449,15.872674880270605,0.25,0,,,0.8,human_review,1,0
Scene4_t075,1P0A3137.dng,75,500000.000000,32,1024,SDR,75,6,100,14,500000.0,12.287712379549449,14.287712379549449,12.287712379549449,15.872674880270605,0.25,0,,,0.8,human_review,1,0
Scene4_t075,1P0A3138.dng,75,250000.000000,32,1024,SDR,75,7,100,14,250000.0,11.287712379549449,14.287712379549449,12.287712379549449,15.872674880270605,0.25,0,,,0.8,human_review,1,0
Scene4_t075,1P0A3139.dng,75,125000.000000,32,1024,SDR,75,8,100,14,125000.0,10.287712379549449,14.287712379549449,12.287712379549449,15.872674880270605,0.25,0,,,0.8,human_review,1,0
Scene4_t075,1P0A3140.dng,75,66666.666667,32,1024,SDR,75,9,100,14,66666.666667,9.380821783948145,14.287712379549449,12.287712379549449,15.872674880270605,0.25,0,,,0.8,human_review,1,0
Scene4_t075,1P0A3141.dng,75,33333.333333,32,1024,SDR,75,10,100,14,33333.333333,8.380821783926503,14.287712379549449,12.287712379549449,15.872674880270605,0.25,0,,,0.8,human_review,1,0
Scene4_t075,1P0A3142.dng,75,16666.666667,32,1024,SDR,75,11,100,14,16666.666667,7.380821783969785,14.287712379549449,12.287712379549449,15.872674880270605,0.25,0,,,0.8,human_review,1,0
Scene4_t075,1P0A3143.dng,75,8000.000000,32,1024,SDR,75,12,100,14,8000.0,6.321928094887363,14.287712379549449,12.287712379549449,15.872674880270605,0.25,0,,,0.8,human_review,1,0
Scene4_t075,1P0A3144.dng,75,4000.000000,32,1024,SDR,75,13,100,14,4000.0,5.321928094887363,14.287712379549449,12.287712379549449,15.872674880270605,0.25,0,,,0.8,human_review,1,0
Scene4_t075,1P0A3145.dng,75,2000.000000,32,1024,SDR,75,14,100,14,2000.0,4.321928094887363,14.287712379549449,12.287712379549449,15.872674880270605,0.25,0,,,0.8,human_review,1,0
Scene4_t076,1P0A3146.dng,76,15000000.000000,32,1024,SDR,76,0,100,14,15000000.0,17.194602975157967,14.287712379549449,12.287712379549449,15.872674880270605,0.25,0,,,0.8,human_review,1,0
Scene4_t076,1P0A3147.dng,76,8000000.000000,32,1024,SDR,76,1,100,14,8000000.0,16.28771237954945,14.287712379549449,12.287712379549449,15.872674880270605,0.25,0,,,0.8,human_review,1,0
Scene4_t076,1P0A3148.dng,76,6000000.000000,32,1024,SDR,76,2,100,14,6000000.0,15.872674880270605,14.287712379549449,12.287712379549449,15.872674880270605,0.25,0,,,0.8,human_review,1,0
Scene4_t076,1P0A3149.dng,76,4000000.000000,32,1024,SDR,76,3,100,14,4000000.0,15.287712379549449,14.287712379549449,12.287712379549449,15.872674880270605,0.25,0,,,0.8,human_review,1,0
Scene4_t076,1P0A3150.dng,76,2000000.000000,32,1024,SDR,76,4,100,14,2000000.0,14.287712379549449,14.287712379549449,12.287712379549449,15.872674880270605,0.25,0,,,0.8,human_review,1,0
Scene4_t076,1P0A3151.dng,76,1000000.000000,32,1024,SDR,76,5,100,14,1000000.0,13.287712379549449,14.287712379549449,12.287712379549449,15.872674880270605,0.25,0,,,0.8,human_review,1,0
Scene4_t076,1P0A3152.dng,76,500000.000000,32,1024,SDR,76,6,100,14,500000.0,12.287712379549449,14.287712379549449,12.287712379549449,15.872674880270605,0.25,0,,,0.8,human_review,1,0
Scene4_t076,1P0A3153.dng,76,250000.000000,32,1024,SDR,76,7,100,14,250000.0,11.287712379549449,14.287712379549449,12.287712379549449,15.872674880270605,0.25,0,,,0.8,human_review,1,0
Scene4_t076,1P0A3154.dng,76,125000.000000,32,1024,SDR,76,8,100,14,125000.0,10.287712379549449,14.287712379549449,12.287712379549449,15.872674880270605,0.25,0,,,0.8,human_review,1,0
Scene4_t076,1P0A3155.dng,76,66666.666667,32,1024,SDR,76,9,100,14,66666.666667,9.380821783948145,14.287712379549449,12.287712379549449,15.872674880270605,0.25,0,,,0.8,human_review,1,0
Scene4_t076,1P0A3156.dng,76,33333.333333,32,1024,SDR,76,10,100,14,33333.333333,8.380821783926503,14.287712379549449,12.287712379549449,15.872674880270605,0.25,0,,,0.8,human_review,1,0
Scene4_t076,1P0A3157.dng,76,16666.666667,32,1024,SDR,76,11,100,14,16666.666667,7.380821783969785,14.287712379549449,12.287712379549449,15.872674880270605,0.25,0,,,0.8,human_review,1,0
Scene4_t076,1P0A3158.dng,76,8000.000000,32,1024,SDR,76,12,100,14,8000.0,6.321928094887363,14.287712379549449,12.287712379549449,15.872674880270605,0.25,0,,,0.8,human_review,1,0
Scene4_t076,1P0A3159.dng,76,4000.000000,32,1024,SDR,76,13,100,14,4000.0,5.321928094887363,14.287712379549449,12.287712379549449,15.872674880270605,0.25,0,,,0.8,human_review,1,0
Scene4_t076,1P0A3160.dng,76,2000.000000,32,1024,SDR,76,14,100,14,2000.0,4.321928094887363,14.287712379549449,12.287712379549449,15.872674880270605,0.25,0,,,0.8,human_review,1,0
Scene4_t077,1P0A3161.dng,77,15000000.000000,32,1024,SDR,77,0,100,14,15000000.0,17.194602975157967,14.287712379549449,12.287712379549449,15.872674880270605,0.25,0,,,0.8,human_review,1,0
Scene4_t077,1P0A3162.dng,77,8000000.000000,32,1024,SDR,77,1,100,14,8000000.0,16.28771237954945,14.287712379549449,12.287712379549449,15.872674880270605,0.25,0,,,0.8,human_review,1,0
Scene4_t077,1P0A3163.dng,77,6000000.000000,32,1024,SDR,77,2,100,14,6000000.0,15.872674880270605,14.287712379549449,12.287712379549449,15.872674880270605,0.25,0,,,0.8,human_review,1,0
Scene4_t077,1P0A3164.dng,77,4000000.000000,32,1024,SDR,77,3,100,14,4000000.0,15.287712379549449,14.287712379549449,12.287712379549449,15.872674880270605,0.25,0,,,0.8,human_review,1,0
Scene4_t077,1P0A3165.dng,77,2000000.000000,32,1024,SDR,77,4,100,14,2000000.0,14.287712379549449,14.287712379549449,12.287712379549449,15.872674880270605,0.25,0,,,0.8,human_review,1,0
Scene4_t077,1P0A3166.dng,77,1000000.000000,32,1024,SDR,77,5,100,14,1000000.0,13.287712379549449,14.287712379549449,12.287712379549449,15.872674880270605,0.25,0,,,0.8,human_review,1,0
Scene4_t077,1P0A3167.dng,77,500000.000000,32,1024,SDR,77,6,100,14,500000.0,12.287712379549449,14.287712379549449,12.287712379549449,15.872674880270605,0.25,0,,,0.8,human_review,1,0
Scene4_t077,1P0A3168.dng,77,250000.000000,32,1024,SDR,77,7,100,14,250000.0,11.287712379549449,14.287712379549449,12.287712379549449,15.872674880270605,0.25,0,,,0.8,human_review,1,0
Scene4_t077,1P0A3169.dng,77,125000.000000,32,1024,SDR,77,8,100,14,125000.0,10.287712379549449,14.287712379549449,12.287712379549449,15.872674880270605,0.25,0,,,0.8,human_review,1,0
Scene4_t077,1P0A3170.dng,77,66666.666667,32,1024,SDR,77,9,100,14,66666.666667,9.380821783948145,14.287712379549449,12.287712379549449,15.872674880270605,0.25,0,,,0.8,human_review,1,0
Scene4_t077,1P0A3171.dng,77,33333.333333,32,1024,SDR,77,10,100,14,33333.333333,8.380821783926503,14.287712379549449,12.287712379549449,15.872674880270605,0.25,0,,,0.8,human_review,1,0
Scene4_t077,1P0A3172.dng,77,16666.666667,32,1024,SDR,77,11,100,14,16666.666667,7.380821783969785,14.287712379549449,12.287712379549449,15.872674880270605,0.25,0,,,0.8,human_review,1,0
Scene4_t077,1P0A3173.dng,77,8000.000000,32,1024,SDR,77,12,100,14,8000.0,6.321928094887363,14.287712379549449,12.287712379549449,15.872674880270605,0.25,0,,,0.8,human_review,1,0
Scene4_t077,1P0A3174.dng,77,4000.000000,32,1024,SDR,77,13,100,14,4000.0,5.321928094887363,14.287712379549449,12.287712379549449,15.872674880270605,0.25,0,,,0.8,human_review,1,0
Scene4_t077,1P0A3175.dng,77,2000.000000,32,1024,SDR,77,14,100,14,2000.0,4.321928094887363,14.287712379549449,12.287712379549449,15.872674880270605,0.25,0,,,0.8,human_review,1,0
Scene4_t078,1P0A3176.dng,78,15000000.000000,32,1024,SDR,78,0,100,14,15000000.0,17.194602975157967,14.287712379549449,12.287712379549449,15.872674880270605,0.25,0,,,0.8,human_review,1,0
Scene4_t078,1P0A3177.dng,78,8000000.000000,32,1024,SDR,78,1,100,14,8000000.0,16.28771237954945,14.287712379549449,12.287712379549449,15.872674880270605,0.25,0,,,0.8,human_review,1,0
Scene4_t078,1P0A3178.dng,78,6000000.000000,32,1024,SDR,78,2,100,14,6000000.0,15.872674880270605,14.287712379549449,12.287712379549449,15.872674880270605,0.25,0,,,0.8,human_review,1,0
Scene4_t078,1P0A3179.dng,78,4000000.000000,32,1024,SDR,78,3,100,14,4000000.0,15.287712379549449,14.287712379549449,12.287712379549449,15.872674880270605,0.25,0,,,0.8,human_review,1,0
Scene4_t078,1P0A3180.dng,78,2000000.000000,32,1024,SDR,78,4,100,14,2000000.0,14.287712379549449,14.287712379549449,12.287712379549449,15.872674880270605,0.25,0,,,0.8,human_review,1,0
Scene4_t078,1P0A3181.dng,78,1000000.000000,32,1024,SDR,78,5,100,14,1000000.0,13.287712379549449,14.287712379549449,12.287712379549449,15.872674880270605,0.25,0,,,0.8,human_review,1,0
Scene4_t078,1P0A3182.dng,78,500000.000000,32,1024,SDR,78,6,100,14,500000.0,12.287712379549449,14.287712379549449,12.287712379549449,15.872674880270605,0.25,0,,,0.8,human_review,1,0
Scene4_t078,1P0A3183.dng,78,250000.000000,32,1024,SDR,78,7,100,14,250000.0,11.287712379549449,14.287712379549449,12.287712379549449,15.872674880270605,0.25,0,,,0.8,human_review,1,0
Scene4_t078,1P0A3184.dng,78,125000.000000,32,1024,SDR,78,8,100,14,125000.0,10.287712379549449,14.287712379549449,12.287712379549449,15.872674880270605,0.25,0,,,0.8,human_review,1,0
Scene4_t078,1P0A3185.dng,78,66666.666667,32,1024,SDR,78,9,100,14,66666.666667,9.380821783948145,14.287712379549449,12.287712379549449,15.872674880270605,0.25,0,,,0.8,human_review,1,0
Scene4_t078,1P0A3186.dng,78,33333.333333,32,1024,SDR,78,10,100,14,33333.333333,8.380821783926503,14.287712379549449,12.287712379549449,15.872674880270605,0.25,0,,,0.8,human_review,1,0
Scene4_t078,1P0A3187.dng,78,16666.666667,32,1024,SDR,78,11,100,14,16666.666667,7.380821783969785,14.287712379549449,12.287712379549449,15.872674880270605,0.25,0,,,0.8,human_review,1,0
Scene4_t078,1P0A3188.dng,78,8000.000000,32,1024,SDR,78,12,100,14,8000.0,6.321928094887363,14.287712379549449,12.287712379549449,15.872674880270605,0.25,0,,,0.8,human_review,1,0
Scene4_t078,1P0A3189.dng,78,4000.000000,32,1024,SDR,78,13,100,14,4000.0,5.321928094887363,14.287712379549449,12.287712379549449,15.872674880270605,0.25,0,,,0.8,human_review,1,0
Scene4_t078,1P0A3190.dng,78,2000.000000,32,1024,SDR,78,14,100,14,2000.0,4.321928094887363,14.287712379549449,12.287712379549449,15.872674880270605,0.25,0,,,0.8,human_review,1,0
Scene4_t079,1P0A3191.dng,79,15000000.000000,32,1024,SDR,79,0,100,14,15000000.0,17.194602975157967,14.287712379549449,12.287712379549449,15.872674880270605,0.25,0,,,0.8,human_review,1,0
Scene4_t079,1P0A3192.dng,79,8000000.000000,32,1024,SDR,79,1,100,14,8000000.0,16.28771237954945,14.287712379549449,12.287712379549449,15.872674880270605,0.25,0,,,0.8,human_review,1,0
Scene4_t079,1P0A3193.dng,79,6000000.000000,32,1024,SDR,79,2,100,14,6000000.0,15.872674880270605,14.287712379549449,12.287712379549449,15.872674880270605,0.25,0,,,0.8,human_review,1,0
Scene4_t079,1P0A3194.dng,79,4000000.000000,32,1024,SDR,79,3,100,14,4000000.0,15.287712379549449,14.287712379549449,12.287712379549449,15.872674880270605,0.25,0,,,0.8,human_review,1,0
Scene4_t079,1P0A3195.dng,79,2000000.000000,32,1024,SDR,79,4,100,14,2000000.0,14.287712379549449,14.287712379549449,12.287712379549449,15.872674880270605,0.25,0,,,0.8,human_review,1,0
Scene4_t079,1P0A3196.dng,79,1000000.000000,32,1024,SDR,79,5,100,14,1000000.0,13.287712379549449,14.287712379549449,12.287712379549449,15.872674880270605,0.25,0,,,0.8,human_review,1,0
Scene4_t079,1P0A3197.dng,79,500000.000000,32,1024,SDR,79,6,100,14,500000.0,12.287712379549449,14.287712379549449,12.287712379549449,15.872674880270605,0.25,0,,,0.8,human_review,1,0
Scene4_t079,1P0A3198.dng,79,250000.000000,32,1024,SDR,79,7,100,14,250000.0,11.287712379549449,14.287712379549449,12.287712379549449,15.872674880270605,0.25,0,,,0.8,human_review,1,0
Scene4_t079,1P0A3199.dng,79,125000.000000,32,1024,SDR,79,8,100,14,125000.0,10.287712379549449,14.287712379549449,12.287712379549449,15.872674880270605,0.25,0,,,0.8,human_review,1,0
Scene4_t079,1P0A3200.dng,79,66666.666667,32,1024,SDR,79,9,100,14,66666.666667,9.380821783948145,14.287712379549449,12.287712379549449,15.872674880270605,0.25,0,,,0.8,human_review,1,0
Scene4_t079,1P0A3201.dng,79,33333.333333,32,1024,SDR,79,10,100,14,33333.333333,8.380821783926503,14.287712379549449,12.287712379549449,15.872674880270605,0.25,0,,,0.8,human_review,1,0
Scene4_t079,1P0A3202.dng,79,16666.666667,32,1024,SDR,79,11,100,14,16666.666667,7.380821783969785,14.287712379549449,12.287712379549449,15.872674880270605,0.25,0,,,0.8,human_review,1,0
Scene4_t079,1P0A3203.dng,79,8000.000000,32,1024,SDR,79,12,100,14,8000.0,6.321928094887363,14.287712379549449,12.287712379549449,15.872674880270605,0.25,0,,,0.8,human_review,1,0
Scene4_t079,1P0A3204.dng,79,4000.000000,32,1024,SDR,79,13,100,14,4000.0,5.321928094887363,14.287712379549449,12.287712379549449,15.872674880270605,0.25,0,,,0.8,human_review,1,0
Scene4_t079,1P0A3205.dng,79,2000.000000,32,1024,SDR,79,14,100,14,2000.0,4.321928094887363,14.287712379549449,12.287712379549449,15.872674880270605,0.25,0,,,0.8,human_review,1,0
Scene4_t080,1P0A3206.dng,80,15000000.000000,32,1024,SDR,80,0,100,14,15000000.0,17.194602975157967,14.287712379549449,12.287712379549449,15.872674880270605,0.25,0,,,0.8,human_review,1,0
Scene4_t080,1P0A3207.dng,80,8000000.000000,32,1024,SDR,80,1,100,14,8000000.0,16.28771237954945,14.287712379549449,12.287712379549449,15.872674880270605,0.25,0,,,0.8,human_review,1,0
Scene4_t080,1P0A3208.dng,80,6000000.000000,32,1024,SDR,80,2,100,14,6000000.0,15.872674880270605,14.287712379549449,12.287712379549449,15.872674880270605,0.25,0,,,0.8,human_review,1,0
Scene4_t080,1P0A3209.dng,80,4000000.000000,32,1024,SDR,80,3,100,14,4000000.0,15.287712379549449,14.287712379549449,12.287712379549449,15.872674880270605,0.25,0,,,0.8,human_review,1,0
Scene4_t080,1P0A3210.dng,80,2000000.000000,32,1024,SDR,80,4,100,14,2000000.0,14.287712379549449,14.287712379549449,12.287712379549449,15.872674880270605,0.25,0,,,0.8,human_review,1,0
Scene4_t080,1P0A3211.dng,80,1000000.000000,32,1024,SDR,80,5,100,14,1000000.0,13.287712379549449,14.287712379549449,12.287712379549449,15.872674880270605,0.25,0,,,0.8,human_review,1,0
Scene4_t080,1P0A3212.dng,80,500000.000000,32,1024,SDR,80,6,100,14,500000.0,12.287712379549449,14.287712379549449,12.287712379549449,15.872674880270605,0.25,0,,,0.8,human_review,1,0
Scene4_t080,1P0A3213.dng,80,250000.000000,32,1024,SDR,80,7,100,14,250000.0,11.287712379549449,14.287712379549449,12.287712379549449,15.872674880270605,0.25,0,,,0.8,human_review,1,0
Scene4_t080,1P0A3214.dng,80,125000.000000,32,1024,SDR,80,8,100,14,125000.0,10.287712379549449,14.287712379549449,12.287712379549449,15.872674880270605,0.25,0,,,0.8,human_review,1,0
Scene4_t080,1P0A3215.dng,80,66666.666667,32,1024,SDR,80,9,100,14,66666.666667,9.380821783948145,14.287712379549449,12.287712379549449,15.872674880270605,0.25,0,,,0.8,human_review,1,0
Scene4_t080,1P0A3216.dng,80,33333.333333,32,1024,SDR,80,10,100,14,33333.333333,8.380821783926503,14.287712379549449,12.287712379549449,15.872674880270605,0.25,0,,,0.8,human_review,1,0
Scene4_t080,1P0A3217.dng,80,16666.666667,32,1024,SDR,80,11,100,14,16666.666667,7.380821783969785,14.287712379549449,12.287712379549449,15.872674880270605,0.25,0,,,0.8,human_review,1,0
Scene4_t080,1P0A3218.dng,80,8000.000000,32,1024,SDR,80,12,100,14,8000.0,6.321928094887363,14.287712379549449,12.287712379549449,15.872674880270605,0.25,0,,,0.8,human_review,1,0
Scene4_t080,1P0A3219.dng,80,4000.000000,32,1024,SDR,80,13,100,14,4000.0,5.321928094887363,14.287712379549449,12.287712379549449,15.872674880270605,0.25,0,,,0.8,human_review,1,0
Scene4_t080,1P0A3220.dng,80,2000.000000,32,1024,SDR,80,14,100,14,2000.0,4.321928094887363,14.287712379549449,12.287712379549449,15.872674880270605,0.25,0,,,0.8,human_review,1,0
Scene4_t081,1P0A3221.dng,81,15000000.000000,32,1024,SDR,81,0,100,14,15000000.0,17.194602975157967,14.287712379549449,12.287712379549449,15.872674880270605,0.25,0,,,0.8,human_review,1,0
Scene4_t081,1P0A3222.dng,81,8000000.000000,32,1024,SDR,81,1,100,14,8000000.0,16.28771237954945,14.287712379549449,12.287712379549449,15.872674880270605,0.25,0,,,0.8,human_review,1,0
Scene4_t081,1P0A3223.dng,81,6000000.000000,32,1024,SDR,81,2,100,14,6000000.0,15.872674880270605,14.287712379549449,12.287712379549449,15.872674880270605,0.25,0,,,0.8,human_review,1,0
Scene4_t081,1P0A3224.dng,81,4000000.000000,32,1024,SDR,81,3,100,14,4000000.0,15.287712379549449,14.287712379549449,12.287712379549449,15.872674880270605,0.25,0,,,0.8,human_review,1,0
Scene4_t081,1P0A3225.dng,81,2000000.000000,32,1024,SDR,81,4,100,14,2000000.0,14.287712379549449,14.287712379549449,12.287712379549449,15.872674880270605,0.25,0,,,0.8,human_review,1,0
Scene4_t081,1P0A3226.dng,81,1000000.000000,32,1024,SDR,81,5,100,14,1000000.0,13.287712379549449,14.287712379549449,12.287712379549449,15.872674880270605,0.25,0,,,0.8,human_review,1,0
Scene4_t081,1P0A3227.dng,81,500000.000000,32,1024,SDR,81,6,100,14,500000.0,12.287712379549449,14.287712379549449,12.287712379549449,15.872674880270605,0.25,0,,,0.8,human_review,1,0
Scene4_t081,1P0A3228.dng,81,250000.000000,32,1024,SDR,81,7,100,14,250000.0,11.287712379549449,14.287712379549449,12.287712379549449,15.872674880270605,0.25,0,,,0.8,human_review,1,0
Scene4_t081,1P0A3229.dng,81,125000.000000,32,1024,SDR,81,8,100,14,125000.0,10.287712379549449,14.287712379549449,12.287712379549449,15.872674880270605,0.25,0,,,0.8,human_review,1,0
Scene4_t081,1P0A3230.dng,81,66666.666667,32,1024,SDR,81,9,100,14,66666.666667,9.380821783948145,14.287712379549449,12.287712379549449,15.872674880270605,0.25,0,,,0.8,human_review,1,0
Scene4_t081,1P0A3231.dng,81,33333.333333,32,1024,SDR,81,10,100,14,33333.333333,8.380821783926503,14.287712379549449,12.287712379549449,15.872674880270605,0.25,0,,,0.8,human_review,1,0
Scene4_t081,1P0A3232.dng,81,16666.666667,32,1024,SDR,81,11,100,14,16666.666667,7.380821783969785,14.287712379549449,12.287712379549449,15.872674880270605,0.25,0,,,0.8,human_review,1,0
Scene4_t081,1P0A3233.dng,81,8000.000000,32,1024,SDR,81,12,100,14,8000.0,6.321928094887363,14.287712379549449,12.287712379549449,15.872674880270605,0.25,0,,,0.8,human_review,1,0
Scene4_t081,1P0A3234.dng,81,4000.000000,32,1024,SDR,81,13,100,14,4000.0,5.321928094887363,14.287712379549449,12.287712379549449,15.872674880270605,0.25,0,,,0.8,human_review,1,0
Scene4_t081,1P0A3235.dng,81,2000.000000,32,1024,SDR,81,14,100,14,2000.0,4.321928094887363,14.287712379549449,12.287712379549449,15.872674880270605,0.25,0,,,0.8,human_review,1,0
Scene4_t082,1P0A3236.dng,82,15000000.000000,32,1024,SDR,82,0,100,14,15000000.0,17.194602975157967,14.287712379549449,12.287712379549449,15.872674880270605,0.25,0,,,0.8,human_review,1,0
Scene4_t082,1P0A3237.dng,82,8000000.000000,32,1024,SDR,82,1,100,14,8000000.0,16.28771237954945,14.287712379549449,12.287712379549449,15.872674880270605,0.25,0,,,0.8,human_review,1,0
Scene4_t082,1P0A3238.dng,82,6000000.000000,32,1024,SDR,82,2,100,14,6000000.0,15.872674880270605,14.287712379549449,12.287712379549449,15.872674880270605,0.25,0,,,0.8,human_review,1,0
Scene4_t082,1P0A3239.dng,82,4000000.000000,32,1024,SDR,82,3,100,14,4000000.0,15.287712379549449,14.287712379549449,12.287712379549449,15.872674880270605,0.25,0,,,0.8,human_review,1,0
Scene4_t082,1P0A3240.dng,82,2000000.000000,32,1024,SDR,82,4,100,14,2000000.0,14.287712379549449,14.287712379549449,12.287712379549449,15.872674880270605,0.25,0,,,0.8,human_review,1,0
Scene4_t082,1P0A3241.dng,82,1000000.000000,32,1024,SDR,82,5,100,14,1000000.0,13.287712379549449,14.287712379549449,12.287712379549449,15.872674880270605,0.25,0,,,0.8,human_review,1,0
Scene4_t082,1P0A3242.dng,82,500000.000000,32,1024,SDR,82,6,100,14,500000.0,12.287712379549449,14.287712379549449,12.287712379549449,15.872674880270605,0.25,0,,,0.8,human_review,1,0
Scene4_t082,1P0A3243.dng,82,250000.000000,32,1024,SDR,82,7,100,14,250000.0,11.287712379549449,14.287712379549449,12.287712379549449,15.872674880270605,0.25,0,,,0.8,human_review,1,0
Scene4_t082,1P0A3244.dng,82,125000.000000,32,1024,SDR,82,8,100,14,125000.0,10.287712379549449,14.287712379549449,12.287712379549449,15.872674880270605,0.25,0,,,0.8,human_review,1,0
Scene4_t082,1P0A3245.dng,82,66666.666667,32,1024,SDR,82,9,100,14,66666.666667,9.380821783948145,14.287712379549449,12.287712379549449,15.872674880270605,0.25,0,,,0.8,human_review,1,0
Scene4_t082,1P0A3246.dng,82,33333.333333,32,1024,SDR,82,10,100,14,33333.333333,8.380821783926503,14.287712379549449,12.287712379549449,15.872674880270605,0.25,0,,,0.8,human_review,1,0
Scene4_t082,1P0A3247.dng,82,16666.666667,32,1024,SDR,82,11,100,14,16666.666667,7.380821783969785,14.287712379549449,12.287712379549449,15.872674880270605,0.25,0,,,0.8,human_review,1,0
Scene4_t082,1P0A3248.dng,82,8000.000000,32,1024,SDR,82,12,100,14,8000.0,6.321928094887363,14.287712379549449,12.287712379549449,15.872674880270605,0.25,0,,,0.8,human_review,1,0
Scene4_t082,1P0A3249.dng,82,4000.000000,32,1024,SDR,82,13,100,14,4000.0,5.321928094887363,14.287712379549449,12.287712379549449,15.872674880270605,0.25,0,,,0.8,human_review,1,0
Scene4_t082,1P0A3250.dng,82,2000.000000,32,1024,SDR,82,14,100,14,2000.0,4.321928094887363,14.287712379549449,12.287712379549449,15.872674880270605,0.25,0,,,0.8,human_review,1,0
Scene4_t083,1P0A3251.dng,83,15000000.000000,32,1024,SDR,83,0,100,14,15000000.0,17.194602975157967,14.287712379549449,12.287712379549449,15.872674880270605,0.25,0,,,0.8,human_review,1,0
Scene4_t083,1P0A3252.dng,83,8000000.000000,32,1024,SDR,83,1,100,14,8000000.0,16.28771237954945,14.287712379549449,12.287712379549449,15.872674880270605,0.25,0,,,0.8,human_review,1,0
Scene4_t083,1P0A3253.dng,83,6000000.000000,32,1024,SDR,83,2,100,14,6000000.0,15.872674880270605,14.287712379549449,12.287712379549449,15.872674880270605,0.25,0,,,0.8,human_review,1,0
Scene4_t083,1P0A3254.dng,83,4000000.000000,32,1024,SDR,83,3,100,14,4000000.0,15.287712379549449,14.287712379549449,12.287712379549449,15.872674880270605,0.25,0,,,0.8,human_review,1,0
Scene4_t083,1P0A3255.dng,83,2000000.000000,32,1024,SDR,83,4,100,14,2000000.0,14.287712379549449,14.287712379549449,12.287712379549449,15.872674880270605,0.25,0,,,0.8,human_review,1,0
Scene4_t083,1P0A3256.dng,83,1000000.000000,32,1024,SDR,83,5,100,14,1000000.0,13.287712379549449,14.287712379549449,12.287712379549449,15.872674880270605,0.25,0,,,0.8,human_review,1,0
Scene4_t083,1P0A3257.dng,83,500000.000000,32,1024,SDR,83,6,100,14,500000.0,12.287712379549449,14.287712379549449,12.287712379549449,15.872674880270605,0.25,0,,,0.8,human_review,1,0
Scene4_t083,1P0A3258.dng,83,250000.000000,32,1024,SDR,83,7,100,14,250000.0,11.287712379549449,14.287712379549449,12.287712379549449,15.872674880270605,0.25,0,,,0.8,human_review,1,0
Scene4_t083,1P0A3259.dng,83,125000.000000,32,1024,SDR,83,8,100,14,125000.0,10.287712379549449,14.287712379549449,12.287712379549449,15.872674880270605,0.25,0,,,0.8,human_review,1,0
Scene4_t083,1P0A3260.dng,83,66666.666667,32,1024,SDR,83,9,100,14,66666.666667,9.380821783948145,14.287712379549449,12.287712379549449,15.872674880270605,0.25,0,,,0.8,human_review,1,0
Scene4_t083,1P0A3261.dng,83,33333.333333,32,1024,SDR,83,10,100,14,33333.333333,8.380821783926503,14.287712379549449,12.287712379549449,15.872674880270605,0.25,0,,,0.8,human_review,1,0
Scene4_t083,1P0A3262.dng,83,16666.666667,32,1024,SDR,83,11,100,14,16666.666667,7.380821783969785,14.287712379549449,12.287712379549449,15.872674880270605,0.25,0,,,0.8,human_review,1,0
Scene4_t083,1P0A3263.dng,83,8000.000000,32,1024,SDR,83,12,100,14,8000.0,6.321928094887363,14.287712379549449,12.287712379549449,15.872674880270605,0.25,0,,,0.8,human_review,1,0
Scene4_t083,1P0A3264.dng,83,4000.000000,32,1024,SDR,83,13,100,14,4000.0,5.321928094887363,14.287712379549449,12.287712379549449,15.872674880270605,0.25,0,,,0.8,human_review,1,0
Scene4_t083,1P0A3265.dng,83,2000.000000,32,1024,SDR,83,14,100,14,2000.0,4.321928094887363,14.287712379549449,12.287712379549449,15.872674880270605,0.25,0,,,0.8,human_review,1,0
Scene4_t084,1P0A3266.dng,84,15000000.000000,32,1024,SDR,84,0,100,14,15000000.0,17.194602975157967,14.287712379549449,13.287712379549449,15.872674880270605,0.25,0,,,0.8,human_review,1,0
Scene4_t084,1P0A3267.dng,84,8000000.000000,32,1024,SDR,84,1,100,14,8000000.0,16.28771237954945,14.287712379549449,13.287712379549449,15.872674880270605,0.25,0,,,0.8,human_review,1,0
Scene4_t084,1P0A3268.dng,84,6000000.000000,32,1024,SDR,84,2,100,14,6000000.0,15.872674880270605,14.287712379549449,13.287712379549449,15.872674880270605,0.25,0,,,0.8,human_review,1,0
Scene4_t084,1P0A3269.dng,84,4000000.000000,32,1024,SDR,84,3,100,14,4000000.0,15.287712379549449,14.287712379549449,13.287712379549449,15.872674880270605,0.25,0,,,0.8,human_review,1,0
Scene4_t084,1P0A3270.dng,84,2000000.000000,32,1024,SDR,84,4,100,14,2000000.0,14.287712379549449,14.287712379549449,13.287712379549449,15.872674880270605,0.25,0,,,0.8,human_review,1,0
Scene4_t084,1P0A3271.dng,84,1000000.000000,32,1024,SDR,84,5,100,14,1000000.0,13.287712379549449,14.287712379549449,13.287712379549449,15.872674880270605,0.25,0,,,0.8,human_review,1,0
Scene4_t084,1P0A3272.dng,84,500000.000000,32,1024,SDR,84,6,100,14,500000.0,12.287712379549449,14.287712379549449,13.287712379549449,15.872674880270605,0.25,0,,,0.8,human_review,1,0
Scene4_t084,1P0A3273.dng,84,250000.000000,32,1024,SDR,84,7,100,14,250000.0,11.287712379549449,14.287712379549449,13.287712379549449,15.872674880270605,0.25,0,,,0.8,human_review,1,0
Scene4_t084,1P0A3274.dng,84,125000.000000,32,1024,SDR,84,8,100,14,125000.0,10.287712379549449,14.287712379549449,13.287712379549449,15.872674880270605,0.25,0,,,0.8,human_review,1,0
Scene4_t084,1P0A3275.dng,84,66666.666667,32,1024,SDR,84,9,100,14,66666.666667,9.380821783948145,14.287712379549449,13.287712379549449,15.872674880270605,0.25,0,,,0.8,human_review,1,0
Scene4_t084,1P0A3276.dng,84,33333.333333,32,1024,SDR,84,10,100,14,33333.333333,8.380821783926503,14.287712379549449,13.287712379549449,15.872674880270605,0.25,0,,,0.8,human_review,1,0
Scene4_t084,1P0A3277.dng,84,16666.666667,32,1024,SDR,84,11,100,14,16666.666667,7.380821783969785,14.287712379549449,13.287712379549449,15.872674880270605,0.25,0,,,0.8,human_review,1,0
Scene4_t084,1P0A3278.dng,84,8000.000000,32,1024,SDR,84,12,100,14,8000.0,6.321928094887363,14.287712379549449,13.287712379549449,15.872674880270605,0.25,0,,,0.8,human_review,1,0
Scene4_t084,1P0A3279.dng,84,4000.000000,32,1024,SDR,84,13,100,14,4000.0,5.321928094887363,14.287712379549449,13.287712379549449,15.872674880270605,0.25,0,,,0.8,human_review,1,0
Scene4_t084,1P0A3280.dng,84,2000.000000,32,1024,SDR,84,14,100,14,2000.0,4.321928094887363,14.287712379549449,13.287712379549449,15.872674880270605,0.25,0,,,0.8,human_review,1,0
Scene4_t085,1P0A3281.dng,85,15000000.000000,32,1024,SDR,85,0,100,14,15000000.0,17.194602975157967,14.287712379549449,12.287712379549449,15.872674880270605,0.25,0,,,0.8,human_review,1,0
Scene4_t085,1P0A3282.dng,85,8000000.000000,32,1024,SDR,85,1,100,14,8000000.0,16.28771237954945,14.287712379549449,12.287712379549449,15.872674880270605,0.25,0,,,0.8,human_review,1,0
Scene4_t085,1P0A3283.dng,85,6000000.000000,32,1024,SDR,85,2,100,14,6000000.0,15.872674880270605,14.287712379549449,12.287712379549449,15.872674880270605,0.25,0,,,0.8,human_review,1,0
Scene4_t085,1P0A3284.dng,85,4000000.000000,32,1024,SDR,85,3,100,14,4000000.0,15.287712379549449,14.287712379549449,12.287712379549449,15.872674880270605,0.25,0,,,0.8,human_review,1,0
Scene4_t085,1P0A3285.dng,85,2000000.000000,32,1024,SDR,85,4,100,14,2000000.0,14.287712379549449,14.287712379549449,12.287712379549449,15.872674880270605,0.25,0,,,0.8,human_review,1,0
Scene4_t085,1P0A3286.dng,85,1000000.000000,32,1024,SDR,85,5,100,14,1000000.0,13.287712379549449,14.287712379549449,12.287712379549449,15.872674880270605,0.25,0,,,0.8,human_review,1,0
Scene4_t085,1P0A3287.dng,85,500000.000000,32,1024,SDR,85,6,100,14,500000.0,12.287712379549449,14.287712379549449,12.287712379549449,15.872674880270605,0.25,0,,,0.8,human_review,1,0
Scene4_t085,1P0A3288.dng,85,250000.000000,32,1024,SDR,85,7,100,14,250000.0,11.287712379549449,14.287712379549449,12.287712379549449,15.872674880270605,0.25,0,,,0.8,human_review,1,0
Scene4_t085,1P0A3289.dng,85,125000.000000,32,1024,SDR,85,8,100,14,125000.0,10.287712379549449,14.287712379549449,12.287712379549449,15.872674880270605,0.25,0,,,0.8,human_review,1,0
Scene4_t085,1P0A3290.dng,85,66666.666667,32,1024,SDR,85,9,100,14,66666.666667,9.380821783948145,14.287712379549449,12.287712379549449,15.872674880270605,0.25,0,,,0.8,human_review,1,0
Scene4_t085,1P0A3291.dng,85,33333.333333,32,1024,SDR,85,10,100,14,33333.333333,8.380821783926503,14.287712379549449,12.287712379549449,15.872674880270605,0.25,0,,,0.8,human_review,1,0
Scene4_t085,1P0A3292.dng,85,16666.666667,32,1024,SDR,85,11,100,14,16666.666667,7.380821783969785,14.287712379549449,12.287712379549449,15.872674880270605,0.25,0,,,0.8,human_review,1,0
Scene4_t085,1P0A3293.dng,85,8000.000000,32,1024,SDR,85,12,100,14,8000.0,6.321928094887363,14.287712379549449,12.287712379549449,15.872674880270605,0.25,0,,,0.8,human_review,1,0
Scene4_t085,1P0A3294.dng,85,4000.000000,32,1024,SDR,85,13,100,14,4000.0,5.321928094887363,14.287712379549449,12.287712379549449,15.872674880270605,0.25,0,,,0.8,human_review,1,0
Scene4_t085,1P0A3295.dng,85,2000.000000,32,1024,SDR,85,14,100,14,2000.0,4.321928094887363,14.287712379549449,12.287712379549449,15.872674880270605,0.25,0,,,0.8,human_review,1,0
Scene4_t086,1P0A3296.dng,86,15000000.000000,32,1024,SDR,86,0,100,14,15000000.0,17.194602975157967,14.287712379549449,12.287712379549449,15.872674880270605,0.25,0,,,0.8,human_review,1,0
Scene4_t086,1P0A3297.dng,86,8000000.000000,32,1024,SDR,86,1,100,14,8000000.0,16.28771237954945,14.287712379549449,12.287712379549449,15.872674880270605,0.25,0,,,0.8,human_review,1,0
Scene4_t086,1P0A3298.dng,86,6000000.000000,32,1024,SDR,86,2,100,14,6000000.0,15.872674880270605,14.287712379549449,12.287712379549449,15.872674880270605,0.25,0,,,0.8,human_review,1,0
Scene4_t086,1P0A3299.dng,86,4000000.000000,32,1024,SDR,86,3,100,14,4000000.0,15.287712379549449,14.287712379549449,12.287712379549449,15.872674880270605,0.25,0,,,0.8,human_review,1,0
Scene4_t086,1P0A3300.dng,86,2000000.000000,32,1024,SDR,86,4,100,14,2000000.0,14.287712379549449,14.287712379549449,12.287712379549449,15.872674880270605,0.25,0,,,0.8,human_review,1,0
Scene4_t086,1P0A3301.dng,86,1000000.000000,32,1024,SDR,86,5,100,14,1000000.0,13.287712379549449,14.287712379549449,12.287712379549449,15.872674880270605,0.25,0,,,0.8,human_review,1,0
Scene4_t086,1P0A3302.dng,86,500000.000000,32,1024,SDR,86,6,100,14,500000.0,12.287712379549449,14.287712379549449,12.287712379549449,15.872674880270605,0.25,0,,,0.8,human_review,1,0
Scene4_t086,1P0A3303.dng,86,250000.000000,32,1024,SDR,86,7,100,14,250000.0,11.287712379549449,14.287712379549449,12.287712379549449,15.872674880270605,0.25,0,,,0.8,human_review,1,0
Scene4_t086,1P0A3304.dng,86,125000.000000,32,1024,SDR,86,8,100,14,125000.0,10.287712379549449,14.287712379549449,12.287712379549449,15.872674880270605,0.25,0,,,0.8,human_review,1,0
Scene4_t086,1P0A3305.dng,86,66666.666667,32,1024,SDR,86,9,100,14,66666.666667,9.380821783948145,14.287712379549449,12.287712379549449,15.872674880270605,0.25,0,,,0.8,human_review,1,0
Scene4_t086,1P0A3306.dng,86,33333.333333,32,1024,SDR,86,10,100,14,33333.333333,8.380821783926503,14.287712379549449,12.287712379549449,15.872674880270605,0.25,0,,,0.8,human_review,1,0
Scene4_t086,1P0A3307.dng,86,16666.666667,32,1024,SDR,86,11,100,14,16666.666667,7.380821783969785,14.287712379549449,12.287712379549449,15.872674880270605,0.25,0,,,0.8,human_review,1,0
Scene4_t086,1P0A3308.dng,86,8000.000000,32,1024,SDR,86,12,100,14,8000.0,6.321928094887363,14.287712379549449,12.287712379549449,15.872674880270605,0.25,0,,,0.8,human_review,1,0
Scene4_t086,1P0A3309.dng,86,4000.000000,32,1024,SDR,86,13,100,14,4000.0,5.321928094887363,14.287712379549449,12.287712379549449,15.872674880270605,0.25,0,,,0.8,human_review,1,0
Scene4_t086,1P0A3310.dng,86,2000.000000,32,1024,SDR,86,14,100,14,2000.0,4.321928094887363,14.287712379549449,12.287712379549449,15.872674880270605,0.25,0,,,0.8,human_review,1,0
Scene4_t087,1P0A3311.dng,87,15000000.000000,32,1024,SDR,87,0,100,14,15000000.0,17.194602975157967,14.287712379549449,12.287712379549449,15.872674880270605,0.25,0,,,0.8,human_review,1,0
Scene4_t087,1P0A3312.dng,87,8000000.000000,32,1024,SDR,87,1,100,14,8000000.0,16.28771237954945,14.287712379549449,12.287712379549449,15.872674880270605,0.25,0,,,0.8,human_review,1,0
Scene4_t087,1P0A3313.dng,87,6000000.000000,32,1024,SDR,87,2,100,14,6000000.0,15.872674880270605,14.287712379549449,12.287712379549449,15.872674880270605,0.25,0,,,0.8,human_review,1,0
Scene4_t087,1P0A3314.dng,87,4000000.000000,32,1024,SDR,87,3,100,14,4000000.0,15.287712379549449,14.287712379549449,12.287712379549449,15.872674880270605,0.25,0,,,0.8,human_review,1,0
Scene4_t087,1P0A3315.dng,87,2000000.000000,32,1024,SDR,87,4,100,14,2000000.0,14.287712379549449,14.287712379549449,12.287712379549449,15.872674880270605,0.25,0,,,0.8,human_review,1,0
Scene4_t087,1P0A3316.dng,87,1000000.000000,32,1024,SDR,87,5,100,14,1000000.0,13.287712379549449,14.287712379549449,12.287712379549449,15.872674880270605,0.25,0,,,0.8,human_review,1,0
Scene4_t087,1P0A3317.dng,87,500000.000000,32,1024,SDR,87,6,100,14,500000.0,12.287712379549449,14.287712379549449,12.287712379549449,15.872674880270605,0.25,0,,,0.8,human_review,1,0
Scene4_t087,1P0A3318.dng,87,250000.000000,32,1024,SDR,87,7,100,14,250000.0,11.287712379549449,14.287712379549449,12.287712379549449,15.872674880270605,0.25,0,,,0.8,human_review,1,0
Scene4_t087,1P0A3319.dng,87,125000.000000,32,1024,SDR,87,8,100,14,125000.0,10.287712379549449,14.287712379549449,12.287712379549449,15.872674880270605,0.25,0,,,0.8,human_review,1,0
Scene4_t087,1P0A3320.dng,87,66666.666667,32,1024,SDR,87,9,100,14,66666.666667,9.380821783948145,14.287712379549449,12.287712379549449,15.872674880270605,0.25,0,,,0.8,human_review,1,0
Scene4_t087,1P0A3321.dng,87,33333.333333,32,1024,SDR,87,10,100,14,33333.333333,8.380821783926503,14.287712379549449,12.287712379549449,15.872674880270605,0.25,0,,,0.8,human_review,1,0
Scene4_t087,1P0A3322.dng,87,16666.666667,32,1024,SDR,87,11,100,14,16666.666667,7.380821783969785,14.287712379549449,12.287712379549449,15.872674880270605,0.25,0,,,0.8,human_review,1,0
Scene4_t087,1P0A3323.dng,87,8000.000000,32,1024,SDR,87,12,100,14,8000.0,6.321928094887363,14.287712379549449,12.287712379549449,15.872674880270605,0.25,0,,,0.8,human_review,1,0
Scene4_t087,1P0A3324.dng,87,4000.000000,32,1024,SDR,87,13,100,14,4000.0,5.321928094887363,14.287712379549449,12.287712379549449,15.872674880270605,0.25,0,,,0.8,human_review,1,0
Scene4_t087,1P0A3325.dng,87,2000.000000,32,1024,SDR,87,14,100,14,2000.0,4.321928094887363,14.287712379549449,12.287712379549449,15.872674880270605,0.25,0,,,0.8,human_review,1,0
Scene4_t088,1P0A3326.dng,88,15000000.000000,32,1024,SDR,88,0,100,14,15000000.0,17.194602975157967,14.287712379549449,12.287712379549449,15.872674880270605,0.25,0,,,0.8,human_review,1,0
Scene4_t088,1P0A3327.dng,88,8000000.000000,32,1024,SDR,88,1,100,14,8000000.0,16.28771237954945,14.287712379549449,12.287712379549449,15.872674880270605,0.25,0,,,0.8,human_review,1,0
Scene4_t088,1P0A3328.dng,88,6000000.000000,32,1024,SDR,88,2,100,14,6000000.0,15.872674880270605,14.287712379549449,12.287712379549449,15.872674880270605,0.25,0,,,0.8,human_review,1,0
Scene4_t088,1P0A3329.dng,88,4000000.000000,32,1024,SDR,88,3,100,14,4000000.0,15.287712379549449,14.287712379549449,12.287712379549449,15.872674880270605,0.25,0,,,0.8,human_review,1,0
Scene4_t088,1P0A3330.dng,88,2000000.000000,32,1024,SDR,88,4,100,14,2000000.0,14.287712379549449,14.287712379549449,12.287712379549449,15.872674880270605,0.25,0,,,0.8,human_review,1,0
Scene4_t088,1P0A3331.dng,88,1000000.000000,32,1024,SDR,88,5,100,14,1000000.0,13.287712379549449,14.287712379549449,12.287712379549449,15.872674880270605,0.25,0,,,0.8,human_review,1,0
Scene4_t088,1P0A3332.dng,88,500000.000000,32,1024,SDR,88,6,100,14,500000.0,12.287712379549449,14.287712379549449,12.287712379549449,15.872674880270605,0.25,0,,,0.8,human_review,1,0
Scene4_t088,1P0A3333.dng,88,250000.000000,32,1024,SDR,88,7,100,14,250000.0,11.287712379549449,14.287712379549449,12.287712379549449,15.872674880270605,0.25,0,,,0.8,human_review,1,0
Scene4_t088,1P0A3334.dng,88,125000.000000,32,1024,SDR,88,8,100,14,125000.0,10.287712379549449,14.287712379549449,12.287712379549449,15.872674880270605,0.25,0,,,0.8,human_review,1,0
Scene4_t088,1P0A3335.dng,88,66666.666667,32,1024,SDR,88,9,100,14,66666.666667,9.380821783948145,14.287712379549449,12.287712379549449,15.872674880270605,0.25,0,,,0.8,human_review,1,0
Scene4_t088,1P0A3336.dng,88,33333.333333,32,1024,SDR,88,10,100,14,33333.333333,8.380821783926503,14.287712379549449,12.287712379549449,15.872674880270605,0.25,0,,,0.8,human_review,1,0
Scene4_t088,1P0A3337.dng,88,16666.666667,32,1024,SDR,88,11,100,14,16666.666667,7.380821783969785,14.287712379549449,12.287712379549449,15.872674880270605,0.25,0,,,0.8,human_review,1,0
Scene4_t088,1P0A3338.dng,88,8000.000000,32,1024,SDR,88,12,100,14,8000.0,6.321928094887363,14.287712379549449,12.287712379549449,15.872674880270605,0.25,0,,,0.8,human_review,1,0
Scene4_t088,1P0A3339.dng,88,4000.000000,32,1024,SDR,88,13,100,14,4000.0,5.321928094887363,14.287712379549449,12.287712379549449,15.872674880270605,0.25,0,,,0.8,human_review,1,0
Scene4_t088,1P0A3340.dng,88,2000.000000,32,1024,SDR,88,14,100,14,2000.0,4.321928094887363,14.287712379549449,12.287712379549449,15.872674880270605,0.25,0,,,0.8,human_review,1,0
Scene4_t089,1P0A3341.dng,89,15000000.000000,32,1024,SDR,89,0,100,14,15000000.0,17.194602975157967,14.287712379549449,12.287712379549449,15.872674880270605,0.25,0,,,0.8,human_review,1,0
Scene4_t089,1P0A3342.dng,89,8000000.000000,32,1024,SDR,89,1,100,14,8000000.0,16.28771237954945,14.287712379549449,12.287712379549449,15.872674880270605,0.25,0,,,0.8,human_review,1,0
Scene4_t089,1P0A3343.dng,89,6000000.000000,32,1024,SDR,89,2,100,14,6000000.0,15.872674880270605,14.287712379549449,12.287712379549449,15.872674880270605,0.25,0,,,0.8,human_review,1,0
Scene4_t089,1P0A3344.dng,89,4000000.000000,32,1024,SDR,89,3,100,14,4000000.0,15.287712379549449,14.287712379549449,12.287712379549449,15.872674880270605,0.25,0,,,0.8,human_review,1,0
Scene4_t089,1P0A3345.dng,89,2000000.000000,32,1024,SDR,89,4,100,14,2000000.0,14.287712379549449,14.287712379549449,12.287712379549449,15.872674880270605,0.25,0,,,0.8,human_review,1,0
Scene4_t089,1P0A3346.dng,89,1000000.000000,32,1024,SDR,89,5,100,14,1000000.0,13.287712379549449,14.287712379549449,12.287712379549449,15.872674880270605,0.25,0,,,0.8,human_review,1,0
Scene4_t089,1P0A3347.dng,89,500000.000000,32,1024,SDR,89,6,100,14,500000.0,12.287712379549449,14.287712379549449,12.287712379549449,15.872674880270605,0.25,0,,,0.8,human_review,1,0
Scene4_t089,1P0A3348.dng,89,250000.000000,32,1024,SDR,89,7,100,14,250000.0,11.287712379549449,14.287712379549449,12.287712379549449,15.872674880270605,0.25,0,,,0.8,human_review,1,0
Scene4_t089,1P0A3349.dng,89,125000.000000,32,1024,SDR,89,8,100,14,125000.0,10.287712379549449,14.287712379549449,12.287712379549449,15.872674880270605,0.25,0,,,0.8,human_review,1,0
Scene4_t089,1P0A3350.dng,89,66666.666667,32,1024,SDR,89,9,100,14,66666.666667,9.380821783948145,14.287712379549449,12.287712379549449,15.872674880270605,0.25,0,,,0.8,human_review,1,0
Scene4_t089,1P0A3351.dng,89,33333.333333,32,1024,SDR,89,10,100,14,33333.333333,8.380821783926503,14.287712379549449,12.287712379549449,15.872674880270605,0.25,0,,,0.8,human_review,1,0
Scene4_t089,1P0A3352.dng,89,16666.666667,32,1024,SDR,89,11,100,14,16666.666667,7.380821783969785,14.287712379549449,12.287712379549449,15.872674880270605,0.25,0,,,0.8,human_review,1,0
Scene4_t089,1P0A3353.dng,89,8000.000000,32,1024,SDR,89,12,100,14,8000.0,6.321928094887363,14.287712379549449,12.287712379549449,15.872674880270605,0.25,0,,,0.8,human_review,1,0
Scene4_t089,1P0A3354.dng,89,4000.000000,32,1024,SDR,89,13,100,14,4000.0,5.321928094887363,14.287712379549449,12.287712379549449,15.872674880270605,0.25,0,,,0.8,human_review,1,0
Scene4_t089,1P0A3355.dng,89,2000.000000,32,1024,SDR,89,14,100,14,2000.0,4.321928094887363,14.287712379549449,12.287712379549449,15.872674880270605,0.25,0,,,0.8,human_review,1,0
Scene4_t090,1P0A3356.dng,90,15000000.000000,32,1024,SDR,90,0,100,14,15000000.0,17.194602975157967,12.287712379549449,11.287712379549449,13.287712379549449,0.75,1,,,0.8,human_review,1,0
Scene4_t090,1P0A3357.dng,90,8000000.000000,32,1024,SDR,90,1,100,14,8000000.0,16.28771237954945,12.287712379549449,11.287712379549449,13.287712379549449,0.75,1,,,0.8,human_review,1,0
Scene4_t090,1P0A3358.dng,90,6000000.000000,32,1024,SDR,90,2,100,14,6000000.0,15.872674880270605,12.287712379549449,11.287712379549449,13.287712379549449,0.75,1,,,0.8,human_review,1,0
Scene4_t090,1P0A3359.dng,90,4000000.000000,32,1024,SDR,90,3,100,14,4000000.0,15.287712379549449,12.287712379549449,11.287712379549449,13.287712379549449,0.75,1,,,0.8,human_review,1,0
Scene4_t090,1P0A3360.dng,90,2000000.000000,32,1024,SDR,90,4,100,14,2000000.0,14.287712379549449,12.287712379549449,11.287712379549449,13.287712379549449,0.75,1,,,0.8,human_review,1,0
Scene4_t090,1P0A3361.dng,90,1000000.000000,32,1024,SDR,90,5,100,14,1000000.0,13.287712379549449,12.287712379549449,11.287712379549449,13.287712379549449,0.75,1,,,0.8,human_review,1,0
Scene4_t090,1P0A3362.dng,90,500000.000000,32,1024,SDR,90,6,100,14,500000.0,12.287712379549449,12.287712379549449,11.287712379549449,13.287712379549449,0.75,1,,,0.8,human_review,1,0
Scene4_t090,1P0A3363.dng,90,250000.000000,32,1024,SDR,90,7,100,14,250000.0,11.287712379549449,12.287712379549449,11.287712379549449,13.287712379549449,0.75,1,,,0.8,human_review,1,0
Scene4_t090,1P0A3364.dng,90,125000.000000,32,1024,SDR,90,8,100,14,125000.0,10.287712379549449,12.287712379549449,11.287712379549449,13.287712379549449,0.75,1,,,0.8,human_review,1,0
Scene4_t090,1P0A3365.dng,90,66666.666667,32,1024,SDR,90,9,100,14,66666.666667,9.380821783948145,12.287712379549449,11.287712379549449,13.287712379549449,0.75,1,,,0.8,human_review,1,0
Scene4_t090,1P0A3366.dng,90,33333.333333,32,1024,SDR,90,10,100,14,33333.333333,8.380821783926503,12.287712379549449,11.287712379549449,13.287712379549449,0.75,1,,,0.8,human_review,1,0
Scene4_t090,1P0A3367.dng,90,16666.666667,32,1024,SDR,90,11,100,14,16666.666667,7.380821783969785,12.287712379549449,11.287712379549449,13.287712379549449,0.75,1,,,0.8,human_review,1,0
Scene4_t090,1P0A3368.dng,90,8000.000000,32,1024,SDR,90,12,100,14,8000.0,6.321928094887363,12.287712379549449,11.287712379549449,13.287712379549449,0.75,1,,,0.8,human_review,1,0
Scene4_t090,1P0A3369.dng,90,4000.000000,32,1024,SDR,90,13,100,14,4000.0,5.321928094887363,12.287712379549449,11.287712379549449,13.287712379549449,0.75,1,,,0.8,human_review,1,0
Scene4_t090,1P0A3370.dng,90,2000.000000,32,1024,SDR,90,14,100,14,2000.0,4.321928094887363,12.287712379549449,11.287712379549449,13.287712379549449,0.75,1,,,0.8,human_review,1,0
Scene4_t091,1P0A3371.dng,91,15000000.000000,32,1024,SDR,91,0,100,14,15000000.0,17.194602975157967,12.287712379549449,11.287712379549449,13.287712379549449,0.75,1,,,0.8,human_review,1,0
Scene4_t091,1P0A3372.dng,91,8000000.000000,32,1024,SDR,91,1,100,14,8000000.0,16.28771237954945,12.287712379549449,11.287712379549449,13.287712379549449,0.75,1,,,0.8,human_review,1,0
Scene4_t091,1P0A3373.dng,91,6000000.000000,32,1024,SDR,91,2,100,14,6000000.0,15.872674880270605,12.287712379549449,11.287712379549449,13.287712379549449,0.75,1,,,0.8,human_review,1,0
Scene4_t091,1P0A3374.dng,91,4000000.000000,32,1024,SDR,91,3,100,14,4000000.0,15.287712379549449,12.287712379549449,11.287712379549449,13.287712379549449,0.75,1,,,0.8,human_review,1,0
Scene4_t091,1P0A3375.dng,91,2000000.000000,32,1024,SDR,91,4,100,14,2000000.0,14.287712379549449,12.287712379549449,11.287712379549449,13.287712379549449,0.75,1,,,0.8,human_review,1,0
Scene4_t091,1P0A3376.dng,91,1000000.000000,32,1024,SDR,91,5,100,14,1000000.0,13.287712379549449,12.287712379549449,11.287712379549449,13.287712379549449,0.75,1,,,0.8,human_review,1,0
Scene4_t091,1P0A3377.dng,91,500000.000000,32,1024,SDR,91,6,100,14,500000.0,12.287712379549449,12.287712379549449,11.287712379549449,13.287712379549449,0.75,1,,,0.8,human_review,1,0
Scene4_t091,1P0A3378.dng,91,250000.000000,32,1024,SDR,91,7,100,14,250000.0,11.287712379549449,12.287712379549449,11.287712379549449,13.287712379549449,0.75,1,,,0.8,human_review,1,0
Scene4_t091,1P0A3379.dng,91,125000.000000,32,1024,SDR,91,8,100,14,125000.0,10.287712379549449,12.287712379549449,11.287712379549449,13.287712379549449,0.75,1,,,0.8,human_review,1,0
Scene4_t091,1P0A3380.dng,91,66666.666667,32,1024,SDR,91,9,100,14,66666.666667,9.380821783948145,12.287712379549449,11.287712379549449,13.287712379549449,0.75,1,,,0.8,human_review,1,0
Scene4_t091,1P0A3381.dng,91,33333.333333,32,1024,SDR,91,10,100,14,33333.333333,8.380821783926503,12.287712379549449,11.287712379549449,13.287712379549449,0.75,1,,,0.8,human_review,1,0
Scene4_t091,1P0A3382.dng,91,16666.666667,32,1024,SDR,91,11,100,14,16666.666667,7.380821783969785,12.287712379549449,11.287712379549449,13.287712379549449,0.75,1,,,0.8,human_review,1,0
Scene4_t091,1P0A3383.dng,91,8000.000000,32,1024,SDR,91,12,100,14,8000.0,6.321928094887363,12.287712379549449,11.287712379549449,13.287712379549449,0.75,1,,,0.8,human_review,1,0
Scene4_t091,1P0A3384.dng,91,4000.000000,32,1024,SDR,91,13,100,14,4000.0,5.321928094887363,12.287712379549449,11.287712379549449,13.287712379549449,0.75,1,,,0.8,human_review,1,0
Scene4_t091,1P0A3385.dng,91,2000.000000,32,1024,SDR,91,14,100,14,2000.0,4.321928094887363,12.287712379549449,11.287712379549449,13.287712379549449,0.75,1,,,0.8,human_review,1,0
Scene4_t092,1P0A3386.dng,92,15000000.000000,32,1024,SDR,92,0,100,14,15000000.0,17.194602975157967,12.287712379549449,11.287712379549449,13.287712379549449,0.75,1,,,0.8,human_review,1,0
Scene4_t092,1P0A3387.dng,92,8000000.000000,32,1024,SDR,92,1,100,14,8000000.0,16.28771237954945,12.287712379549449,11.287712379549449,13.287712379549449,0.75,1,,,0.8,human_review,1,0
Scene4_t092,1P0A3388.dng,92,6000000.000000,32,1024,SDR,92,2,100,14,6000000.0,15.872674880270605,12.287712379549449,11.287712379549449,13.287712379549449,0.75,1,,,0.8,human_review,1,0
Scene4_t092,1P0A3389.dng,92,4000000.000000,32,1024,SDR,92,3,100,14,4000000.0,15.287712379549449,12.287712379549449,11.287712379549449,13.287712379549449,0.75,1,,,0.8,human_review,1,0
Scene4_t092,1P0A3390.dng,92,2000000.000000,32,1024,SDR,92,4,100,14,2000000.0,14.287712379549449,12.287712379549449,11.287712379549449,13.287712379549449,0.75,1,,,0.8,human_review,1,0
Scene4_t092,1P0A3391.dng,92,1000000.000000,32,1024,SDR,92,5,100,14,1000000.0,13.287712379549449,12.287712379549449,11.287712379549449,13.287712379549449,0.75,1,,,0.8,human_review,1,0
Scene4_t092,1P0A3392.dng,92,500000.000000,32,1024,SDR,92,6,100,14,500000.0,12.287712379549449,12.287712379549449,11.287712379549449,13.287712379549449,0.75,1,,,0.8,human_review,1,0
Scene4_t092,1P0A3393.dng,92,250000.000000,32,1024,SDR,92,7,100,14,250000.0,11.287712379549449,12.287712379549449,11.287712379549449,13.287712379549449,0.75,1,,,0.8,human_review,1,0
Scene4_t092,1P0A3394.dng,92,125000.000000,32,1024,SDR,92,8,100,14,125000.0,10.287712379549449,12.287712379549449,11.287712379549449,13.287712379549449,0.75,1,,,0.8,human_review,1,0
Scene4_t092,1P0A3395.dng,92,66666.666667,32,1024,SDR,92,9,100,14,66666.666667,9.380821783948145,12.287712379549449,11.287712379549449,13.287712379549449,0.75,1,,,0.8,human_review,1,0
Scene4_t092,1P0A3396.dng,92,33333.333333,32,1024,SDR,92,10,100,14,33333.333333,8.380821783926503,12.287712379549449,11.287712379549449,13.287712379549449,0.75,1,,,0.8,human_review,1,0
Scene4_t092,1P0A3397.dng,92,16666.666667,32,1024,SDR,92,11,100,14,16666.666667,7.380821783969785,12.287712379549449,11.287712379549449,13.287712379549449,0.75,1,,,0.8,human_review,1,0
Scene4_t092,1P0A3398.dng,92,8000.000000,32,1024,SDR,92,12,100,14,8000.0,6.321928094887363,12.287712379549449,11.287712379549449,13.287712379549449,0.75,1,,,0.8,human_review,1,0
Scene4_t092,1P0A3399.dng,92,4000.000000,32,1024,SDR,92,13,100,14,4000.0,5.321928094887363,12.287712379549449,11.287712379549449,13.287712379549449,0.75,1,,,0.8,human_review,1,0
Scene4_t092,1P0A3400.dng,92,2000.000000,32,1024,SDR,92,14,100,14,2000.0,4.321928094887363,12.287712379549449,11.287712379549449,13.287712379549449,0.75,1,,,0.8,human_review,1,0
Scene4_t093,1P0A3401.dng,93,15000000.000000,32,1024,SDR,93,0,100,14,15000000.0,17.194602975157967,12.287712379549449,11.287712379549449,13.287712379549449,0.75,1,,,0.8,human_review,1,0
Scene4_t093,1P0A3402.dng,93,8000000.000000,32,1024,SDR,93,1,100,14,8000000.0,16.28771237954945,12.287712379549449,11.287712379549449,13.287712379549449,0.75,1,,,0.8,human_review,1,0
Scene4_t093,1P0A3403.dng,93,6000000.000000,32,1024,SDR,93,2,100,14,6000000.0,15.872674880270605,12.287712379549449,11.287712379549449,13.287712379549449,0.75,1,,,0.8,human_review,1,0
Scene4_t093,1P0A3404.dng,93,4000000.000000,32,1024,SDR,93,3,100,14,4000000.0,15.287712379549449,12.287712379549449,11.287712379549449,13.287712379549449,0.75,1,,,0.8,human_review,1,0
Scene4_t093,1P0A3405.dng,93,2000000.000000,32,1024,SDR,93,4,100,14,2000000.0,14.287712379549449,12.287712379549449,11.287712379549449,13.287712379549449,0.75,1,,,0.8,human_review,1,0
Scene4_t093,1P0A3406.dng,93,1000000.000000,32,1024,SDR,93,5,100,14,1000000.0,13.287712379549449,12.287712379549449,11.287712379549449,13.287712379549449,0.75,1,,,0.8,human_review,1,0
Scene4_t093,1P0A3407.dng,93,500000.000000,32,1024,SDR,93,6,100,14,500000.0,12.287712379549449,12.287712379549449,11.287712379549449,13.287712379549449,0.75,1,,,0.8,human_review,1,0
Scene4_t093,1P0A3408.dng,93,250000.000000,32,1024,SDR,93,7,100,14,250000.0,11.287712379549449,12.287712379549449,11.287712379549449,13.287712379549449,0.75,1,,,0.8,human_review,1,0
Scene4_t093,1P0A3409.dng,93,125000.000000,32,1024,SDR,93,8,100,14,125000.0,10.287712379549449,12.287712379549449,11.287712379549449,13.287712379549449,0.75,1,,,0.8,human_review,1,0
Scene4_t093,1P0A3410.dng,93,66666.666667,32,1024,SDR,93,9,100,14,66666.666667,9.380821783948145,12.287712379549449,11.287712379549449,13.287712379549449,0.75,1,,,0.8,human_review,1,0
Scene4_t093,1P0A3411.dng,93,33333.333333,32,1024,SDR,93,10,100,14,33333.333333,8.380821783926503,12.287712379549449,11.287712379549449,13.287712379549449,0.75,1,,,0.8,human_review,1,0
Scene4_t093,1P0A3412.dng,93,16666.666667,32,1024,SDR,93,11,100,14,16666.666667,7.380821783969785,12.287712379549449,11.287712379549449,13.287712379549449,0.75,1,,,0.8,human_review,1,0
Scene4_t093,1P0A3413.dng,93,8000.000000,32,1024,SDR,93,12,100,14,8000.0,6.321928094887363,12.287712379549449,11.287712379549449,13.287712379549449,0.75,1,,,0.8,human_review,1,0
Scene4_t093,1P0A3414.dng,93,4000.000000,32,1024,SDR,93,13,100,14,4000.0,5.321928094887363,12.287712379549449,11.287712379549449,13.287712379549449,0.75,1,,,0.8,human_review,1,0
Scene4_t093,1P0A3415.dng,93,2000.000000,32,1024,SDR,93,14,100,14,2000.0,4.321928094887363,12.287712379549449,11.287712379549449,13.287712379549449,0.75,1,,,0.8,human_review,1,0
Scene4_t094,1P0A3416.dng,94,15000000.000000,32,1024,SDR,94,0,100,14,15000000.0,17.194602975157967,12.287712379549449,11.287712379549449,13.287712379549449,0.75,1,,,0.8,human_review,1,0
Scene4_t094,1P0A3417.dng,94,8000000.000000,32,1024,SDR,94,1,100,14,8000000.0,16.28771237954945,12.287712379549449,11.287712379549449,13.287712379549449,0.75,1,,,0.8,human_review,1,0
Scene4_t094,1P0A3418.dng,94,6000000.000000,32,1024,SDR,94,2,100,14,6000000.0,15.872674880270605,12.287712379549449,11.287712379549449,13.287712379549449,0.75,1,,,0.8,human_review,1,0
Scene4_t094,1P0A3419.dng,94,4000000.000000,32,1024,SDR,94,3,100,14,4000000.0,15.287712379549449,12.287712379549449,11.287712379549449,13.287712379549449,0.75,1,,,0.8,human_review,1,0
Scene4_t094,1P0A3420.dng,94,2000000.000000,32,1024,SDR,94,4,100,14,2000000.0,14.287712379549449,12.287712379549449,11.287712379549449,13.287712379549449,0.75,1,,,0.8,human_review,1,0
Scene4_t094,1P0A3421.dng,94,1000000.000000,32,1024,SDR,94,5,100,14,1000000.0,13.287712379549449,12.287712379549449,11.287712379549449,13.287712379549449,0.75,1,,,0.8,human_review,1,0
Scene4_t094,1P0A3422.dng,94,500000.000000,32,1024,SDR,94,6,100,14,500000.0,12.287712379549449,12.287712379549449,11.287712379549449,13.287712379549449,0.75,1,,,0.8,human_review,1,0
Scene4_t094,1P0A3423.dng,94,250000.000000,32,1024,SDR,94,7,100,14,250000.0,11.287712379549449,12.287712379549449,11.287712379549449,13.287712379549449,0.75,1,,,0.8,human_review,1,0
Scene4_t094,1P0A3424.dng,94,125000.000000,32,1024,SDR,94,8,100,14,125000.0,10.287712379549449,12.287712379549449,11.287712379549449,13.287712379549449,0.75,1,,,0.8,human_review,1,0
Scene4_t094,1P0A3425.dng,94,66666.666667,32,1024,SDR,94,9,100,14,66666.666667,9.380821783948145,12.287712379549449,11.287712379549449,13.287712379549449,0.75,1,,,0.8,human_review,1,0
Scene4_t094,1P0A3426.dng,94,33333.333333,32,1024,SDR,94,10,100,14,33333.333333,8.380821783926503,12.287712379549449,11.287712379549449,13.287712379549449,0.75,1,,,0.8,human_review,1,0
Scene4_t094,1P0A3427.dng,94,16666.666667,32,1024,SDR,94,11,100,14,16666.666667,7.380821783969785,12.287712379549449,11.287712379549449,13.287712379549449,0.75,1,,,0.8,human_review,1,0
Scene4_t094,1P0A3428.dng,94,8000.000000,32,1024,SDR,94,12,100,14,8000.0,6.321928094887363,12.287712379549449,11.287712379549449,13.287712379549449,0.75,1,,,0.8,human_review,1,0
Scene4_t094,1P0A3429.dng,94,4000.000000,32,1024,SDR,94,13,100,14,4000.0,5.321928094887363,12.287712379549449,11.287712379549449,13.287712379549449,0.75,1,,,0.8,human_review,1,0
Scene4_t094,1P0A3430.dng,94,2000.000000,32,1024,SDR,94,14,100,14,2000.0,4.321928094887363,12.287712379549449,11.287712379549449,13.287712379549449,0.75,1,,,0.8,human_review,1,0
Scene4_t095,1P0A3431.dng,95,15000000.000000,32,1024,SDR,95,0,100,14,15000000.0,17.194602975157967,12.287712379549449,11.287712379549449,13.287712379549449,0.75,1,,,0.8,human_review,1,0
Scene4_t095,1P0A3432.dng,95,8000000.000000,32,1024,SDR,95,1,100,14,8000000.0,16.28771237954945,12.287712379549449,11.287712379549449,13.287712379549449,0.75,1,,,0.8,human_review,1,0
Scene4_t095,1P0A3433.dng,95,6000000.000000,32,1024,SDR,95,2,100,14,6000000.0,15.872674880270605,12.287712379549449,11.287712379549449,13.287712379549449,0.75,1,,,0.8,human_review,1,0
Scene4_t095,1P0A3434.dng,95,4000000.000000,32,1024,SDR,95,3,100,14,4000000.0,15.287712379549449,12.287712379549449,11.287712379549449,13.287712379549449,0.75,1,,,0.8,human_review,1,0
Scene4_t095,1P0A3435.dng,95,2000000.000000,32,1024,SDR,95,4,100,14,2000000.0,14.287712379549449,12.287712379549449,11.287712379549449,13.287712379549449,0.75,1,,,0.8,human_review,1,0
Scene4_t095,1P0A3436.dng,95,1000000.000000,32,1024,SDR,95,5,100,14,1000000.0,13.287712379549449,12.287712379549449,11.287712379549449,13.287712379549449,0.75,1,,,0.8,human_review,1,0
Scene4_t095,1P0A3437.dng,95,500000.000000,32,1024,SDR,95,6,100,14,500000.0,12.287712379549449,12.287712379549449,11.287712379549449,13.287712379549449,0.75,1,,,0.8,human_review,1,0
Scene4_t095,1P0A3438.dng,95,250000.000000,32,1024,SDR,95,7,100,14,250000.0,11.287712379549449,12.287712379549449,11.287712379549449,13.287712379549449,0.75,1,,,0.8,human_review,1,0
Scene4_t095,1P0A3439.dng,95,125000.000000,32,1024,SDR,95,8,100,14,125000.0,10.287712379549449,12.287712379549449,11.287712379549449,13.287712379549449,0.75,1,,,0.8,human_review,1,0
Scene4_t095,1P0A3440.dng,95,66666.666667,32,1024,SDR,95,9,100,14,66666.666667,9.380821783948145,12.287712379549449,11.287712379549449,13.287712379549449,0.75,1,,,0.8,human_review,1,0
Scene4_t095,1P0A3441.dng,95,33333.333333,32,1024,SDR,95,10,100,14,33333.333333,8.380821783926503,12.287712379549449,11.287712379549449,13.287712379549449,0.75,1,,,0.8,human_review,1,0
Scene4_t095,1P0A3442.dng,95,16666.666667,32,1024,SDR,95,11,100,14,16666.666667,7.380821783969785,12.287712379549449,11.287712379549449,13.287712379549449,0.75,1,,,0.8,human_review,1,0
Scene4_t095,1P0A3443.dng,95,8000.000000,32,1024,SDR,95,12,100,14,8000.0,6.321928094887363,12.287712379549449,11.287712379549449,13.287712379549449,0.75,1,,,0.8,human_review,1,0
Scene4_t095,1P0A3444.dng,95,4000.000000,32,1024,SDR,95,13,100,14,4000.0,5.321928094887363,12.287712379549449,11.287712379549449,13.287712379549449,0.75,1,,,0.8,human_review,1,0
Scene4_t095,1P0A3445.dng,95,2000.000000,32,1024,SDR,95,14,100,14,2000.0,4.321928094887363,12.287712379549449,11.287712379549449,13.287712379549449,0.75,1,,,0.8,human_review,1,0
Scene4_t096,1P0A3446.dng,96,15000000.000000,32,1024,SDR,96,0,100,14,15000000.0,17.194602975157967,12.287712379549449,11.287712379549449,13.287712379549449,0.75,1,,,0.8,human_review,1,0
Scene4_t096,1P0A3447.dng,96,8000000.000000,32,1024,SDR,96,1,100,14,8000000.0,16.28771237954945,12.287712379549449,11.287712379549449,13.287712379549449,0.75,1,,,0.8,human_review,1,0
Scene4_t096,1P0A3448.dng,96,6000000.000000,32,1024,SDR,96,2,100,14,6000000.0,15.872674880270605,12.287712379549449,11.287712379549449,13.287712379549449,0.75,1,,,0.8,human_review,1,0
Scene4_t096,1P0A3449.dng,96,4000000.000000,32,1024,SDR,96,3,100,14,4000000.0,15.287712379549449,12.287712379549449,11.287712379549449,13.287712379549449,0.75,1,,,0.8,human_review,1,0
Scene4_t096,1P0A3450.dng,96,2000000.000000,32,1024,SDR,96,4,100,14,2000000.0,14.287712379549449,12.287712379549449,11.287712379549449,13.287712379549449,0.75,1,,,0.8,human_review,1,0
Scene4_t096,1P0A3451.dng,96,1000000.000000,32,1024,SDR,96,5,100,14,1000000.0,13.287712379549449,12.287712379549449,11.287712379549449,13.287712379549449,0.75,1,,,0.8,human_review,1,0
Scene4_t096,1P0A3452.dng,96,500000.000000,32,1024,SDR,96,6,100,14,500000.0,12.287712379549449,12.287712379549449,11.287712379549449,13.287712379549449,0.75,1,,,0.8,human_review,1,0
Scene4_t096,1P0A3453.dng,96,250000.000000,32,1024,SDR,96,7,100,14,250000.0,11.287712379549449,12.287712379549449,11.287712379549449,13.287712379549449,0.75,1,,,0.8,human_review,1,0
Scene4_t096,1P0A3454.dng,96,125000.000000,32,1024,SDR,96,8,100,14,125000.0,10.287712379549449,12.287712379549449,11.287712379549449,13.287712379549449,0.75,1,,,0.8,human_review,1,0
Scene4_t096,1P0A3455.dng,96,66666.666667,32,1024,SDR,96,9,100,14,66666.666667,9.380821783948145,12.287712379549449,11.287712379549449,13.287712379549449,0.75,1,,,0.8,human_review,1,0
Scene4_t096,1P0A3456.dng,96,33333.333333,32,1024,SDR,96,10,100,14,33333.333333,8.380821783926503,12.287712379549449,11.287712379549449,13.287712379549449,0.75,1,,,0.8,human_review,1,0
Scene4_t096,1P0A3457.dng,96,16666.666667,32,1024,SDR,96,11,100,14,16666.666667,7.380821783969785,12.287712379549449,11.287712379549449,13.287712379549449,0.75,1,,,0.8,human_review,1,0
Scene4_t096,1P0A3458.dng,96,8000.000000,32,1024,SDR,96,12,100,14,8000.0,6.321928094887363,12.287712379549449,11.287712379549449,13.287712379549449,0.75,1,,,0.8,human_review,1,0
Scene4_t096,1P0A3459.dng,96,4000.000000,32,1024,SDR,96,13,100,14,4000.0,5.321928094887363,12.287712379549449,11.287712379549449,13.287712379549449,0.75,1,,,0.8,human_review,1,0
Scene4_t096,1P0A3460.dng,96,2000.000000,32,1024,SDR,96,14,100,14,2000.0,4.321928094887363,12.287712379549449,11.287712379549449,13.287712379549449,0.75,1,,,0.8,human_review,1,0
Scene4_t097,1P0A3461.dng,97,15000000.000000,32,1024,SDR,97,0,100,14,15000000.0,17.194602975157967,13.287712379549449,11.287712379549449,14.287712379549449,0.75,1,,,0.8,human_review,1,0
Scene4_t097,1P0A3462.dng,97,8000000.000000,32,1024,SDR,97,1,100,14,8000000.0,16.28771237954945,13.287712379549449,11.287712379549449,14.287712379549449,0.75,1,,,0.8,human_review,1,0
Scene4_t097,1P0A3463.dng,97,6000000.000000,32,1024,SDR,97,2,100,14,6000000.0,15.872674880270605,13.287712379549449,11.287712379549449,14.287712379549449,0.75,1,,,0.8,human_review,1,0
Scene4_t097,1P0A3464.dng,97,4000000.000000,32,1024,SDR,97,3,100,14,4000000.0,15.287712379549449,13.287712379549449,11.287712379549449,14.287712379549449,0.75,1,,,0.8,human_review,1,0
Scene4_t097,1P0A3465.dng,97,2000000.000000,32,1024,SDR,97,4,100,14,2000000.0,14.287712379549449,13.287712379549449,11.287712379549449,14.287712379549449,0.75,1,,,0.8,human_review,1,0
Scene4_t097,1P0A3466.dng,97,1000000.000000,32,1024,SDR,97,5,100,14,1000000.0,13.287712379549449,13.287712379549449,11.287712379549449,14.287712379549449,0.75,1,,,0.8,human_review,1,0
Scene4_t097,1P0A3467.dng,97,500000.000000,32,1024,SDR,97,6,100,14,500000.0,12.287712379549449,13.287712379549449,11.287712379549449,14.287712379549449,0.75,1,,,0.8,human_review,1,0
Scene4_t097,1P0A3468.dng,97,250000.000000,32,1024,SDR,97,7,100,14,250000.0,11.287712379549449,13.287712379549449,11.287712379549449,14.287712379549449,0.75,1,,,0.8,human_review,1,0
Scene4_t097,1P0A3469.dng,97,125000.000000,32,1024,SDR,97,8,100,14,125000.0,10.287712379549449,13.287712379549449,11.287712379549449,14.287712379549449,0.75,1,,,0.8,human_review,1,0
Scene4_t097,1P0A3470.dng,97,66666.666667,32,1024,SDR,97,9,100,14,66666.666667,9.380821783948145,13.287712379549449,11.287712379549449,14.287712379549449,0.75,1,,,0.8,human_review,1,0
Scene4_t097,1P0A3471.dng,97,33333.333333,32,1024,SDR,97,10,100,14,33333.333333,8.380821783926503,13.287712379549449,11.287712379549449,14.287712379549449,0.75,1,,,0.8,human_review,1,0
Scene4_t097,1P0A3472.dng,97,16666.666667,32,1024,SDR,97,11,100,14,16666.666667,7.380821783969785,13.287712379549449,11.287712379549449,14.287712379549449,0.75,1,,,0.8,human_review,1,0
Scene4_t097,1P0A3473.dng,97,8000.000000,32,1024,SDR,97,12,100,14,8000.0,6.321928094887363,13.287712379549449,11.287712379549449,14.287712379549449,0.75,1,,,0.8,human_review,1,0
Scene4_t097,1P0A3474.dng,97,4000.000000,32,1024,SDR,97,13,100,14,4000.0,5.321928094887363,13.287712379549449,11.287712379549449,14.287712379549449,0.75,1,,,0.8,human_review,1,0
Scene4_t097,1P0A3475.dng,97,2000.000000,32,1024,SDR,97,14,100,14,2000.0,4.321928094887363,13.287712379549449,11.287712379549449,14.287712379549449,0.75,1,,,0.8,human_review,1,0
Scene4_t098,1P0A3476.dng,98,15000000.000000,32,1024,SDR,98,0,100,14,15000000.0,17.194602975157967,13.287712379549449,11.287712379549449,14.287712379549449,0.75,1,,,0.8,human_review,1,0
Scene4_t098,1P0A3477.dng,98,8000000.000000,32,1024,SDR,98,1,100,14,8000000.0,16.28771237954945,13.287712379549449,11.287712379549449,14.287712379549449,0.75,1,,,0.8,human_review,1,0
Scene4_t098,1P0A3478.dng,98,6000000.000000,32,1024,SDR,98,2,100,14,6000000.0,15.872674880270605,13.287712379549449,11.287712379549449,14.287712379549449,0.75,1,,,0.8,human_review,1,0
Scene4_t098,1P0A3479.dng,98,4000000.000000,32,1024,SDR,98,3,100,14,4000000.0,15.287712379549449,13.287712379549449,11.287712379549449,14.287712379549449,0.75,1,,,0.8,human_review,1,0
Scene4_t098,1P0A3480.dng,98,2000000.000000,32,1024,SDR,98,4,100,14,2000000.0,14.287712379549449,13.287712379549449,11.287712379549449,14.287712379549449,0.75,1,,,0.8,human_review,1,0
Scene4_t098,1P0A3481.dng,98,1000000.000000,32,1024,SDR,98,5,100,14,1000000.0,13.287712379549449,13.287712379549449,11.287712379549449,14.287712379549449,0.75,1,,,0.8,human_review,1,0
Scene4_t098,1P0A3482.dng,98,500000.000000,32,1024,SDR,98,6,100,14,500000.0,12.287712379549449,13.287712379549449,11.287712379549449,14.287712379549449,0.75,1,,,0.8,human_review,1,0
Scene4_t098,1P0A3483.dng,98,250000.000000,32,1024,SDR,98,7,100,14,250000.0,11.287712379549449,13.287712379549449,11.287712379549449,14.287712379549449,0.75,1,,,0.8,human_review,1,0
Scene4_t098,1P0A3484.dng,98,125000.000000,32,1024,SDR,98,8,100,14,125000.0,10.287712379549449,13.287712379549449,11.287712379549449,14.287712379549449,0.75,1,,,0.8,human_review,1,0
Scene4_t098,1P0A3485.dng,98,66666.666667,32,1024,SDR,98,9,100,14,66666.666667,9.380821783948145,13.287712379549449,11.287712379549449,14.287712379549449,0.75,1,,,0.8,human_review,1,0
Scene4_t098,1P0A3486.dng,98,33333.333333,32,1024,SDR,98,10,100,14,33333.333333,8.380821783926503,13.287712379549449,11.287712379549449,14.287712379549449,0.75,1,,,0.8,human_review,1,0
Scene4_t098,1P0A3487.dng,98,16666.666667,32,1024,SDR,98,11,100,14,16666.666667,7.380821783969785,13.287712379549449,11.287712379549449,14.287712379549449,0.75,1,,,0.8,human_review,1,0
Scene4_t098,1P0A3488.dng,98,8000.000000,32,1024,SDR,98,12,100,14,8000.0,6.321928094887363,13.287712379549449,11.287712379549449,14.287712379549449,0.75,1,,,0.8,human_review,1,0
Scene4_t098,1P0A3489.dng,98,4000.000000,32,1024,SDR,98,13,100,14,4000.0,5.321928094887363,13.287712379549449,11.287712379549449,14.287712379549449,0.75,1,,,0.8,human_review,1,0
Scene4_t098,1P0A3490.dng,98,2000.000000,32,1024,SDR,98,14,100,14,2000.0,4.321928094887363,13.287712379549449,11.287712379549449,14.287712379549449,0.75,1,,,0.8,human_review,1,0
Scene4_t099,1P0A3491.dng,99,15000000.000000,32,1024,SDR,99,0,100,14,15000000.0,17.194602975157967,13.287712379549449,11.287712379549449,14.287712379549449,0.75,1,,,0.8,human_review,1,0
Scene4_t099,1P0A3492.dng,99,8000000.000000,32,1024,SDR,99,1,100,14,8000000.0,16.28771237954945,13.287712379549449,11.287712379549449,14.287712379549449,0.75,1,,,0.8,human_review,1,0
Scene4_t099,1P0A3493.dng,99,6000000.000000,32,1024,SDR,99,2,100,14,6000000.0,15.872674880270605,13.287712379549449,11.287712379549449,14.287712379549449,0.75,1,,,0.8,human_review,1,0
Scene4_t099,1P0A3494.dng,99,4000000.000000,32,1024,SDR,99,3,100,14,4000000.0,15.287712379549449,13.287712379549449,11.287712379549449,14.287712379549449,0.75,1,,,0.8,human_review,1,0
Scene4_t099,1P0A3495.dng,99,2000000.000000,32,1024,SDR,99,4,100,14,2000000.0,14.287712379549449,13.287712379549449,11.287712379549449,14.287712379549449,0.75,1,,,0.8,human_review,1,0
Scene4_t099,1P0A3496.dng,99,1000000.000000,32,1024,SDR,99,5,100,14,1000000.0,13.287712379549449,13.287712379549449,11.287712379549449,14.287712379549449,0.75,1,,,0.8,human_review,1,0
Scene4_t099,1P0A3497.dng,99,500000.000000,32,1024,SDR,99,6,100,14,500000.0,12.287712379549449,13.287712379549449,11.287712379549449,14.287712379549449,0.75,1,,,0.8,human_review,1,0
Scene4_t099,1P0A3498.dng,99,250000.000000,32,1024,SDR,99,7,100,14,250000.0,11.287712379549449,13.287712379549449,11.287712379549449,14.287712379549449,0.75,1,,,0.8,human_review,1,0
Scene4_t099,1P0A3499.dng,99,125000.000000,32,1024,SDR,99,8,100,14,125000.0,10.287712379549449,13.287712379549449,11.287712379549449,14.287712379549449,0.75,1,,,0.8,human_review,1,0
Scene4_t099,1P0A3500.dng,99,66666.666667,32,1024,SDR,99,9,100,14,66666.666667,9.380821783948145,13.287712379549449,11.287712379549449,14.287712379549449,0.75,1,,,0.8,human_review,1,0
Scene4_t099,1P0A3501.dng,99,33333.333333,32,1024,SDR,99,10,100,14,33333.333333,8.380821783926503,13.287712379549449,11.287712379549449,14.287712379549449,0.75,1,,,0.8,human_review,1,0
Scene4_t099,1P0A3502.dng,99,16666.666667,32,1024,SDR,99,11,100,14,16666.666667,7.380821783969785,13.287712379549449,11.287712379549449,14.287712379549449,0.75,1,,,0.8,human_review,1,0
Scene4_t099,1P0A3503.dng,99,8000.000000,32,1024,SDR,99,12,100,14,8000.0,6.321928094887363,13.287712379549449,11.287712379549449,14.287712379549449,0.75,1,,,0.8,human_review,1,0
Scene4_t099,1P0A3504.dng,99,4000.000000,32,1024,SDR,99,13,100,14,4000.0,5.321928094887363,13.287712379549449,11.287712379549449,14.287712379549449,0.75,1,,,0.8,human_review,1,0
Scene4_t099,1P0A3505.dng,99,2000.000000,32,1024,SDR,99,14,100,14,2000.0,4.321928094887363,13.287712379549449,11.287712379549449,14.287712379549449,0.75,1,,,0.8,human_review,1,0
