epoch,train_loss,validation_loss,train_ev_mse,validation_ev_mse,train_hdr_bce,validation_hdr_bce
0,99.45515064973767,111.66276384040972,99.22880898594377,111.4364813112745,0.7728723507116336,0.7743912667939157
1,89.9076624907777,101.95766171477608,89.68489583333333,101.73481158088235,0.7538624174917492,0.7562334002870502
2,81.08360174555973,92.90983233372197,80.86325301204819,92.68920802696078,0.7402588696369637,0.74378662109375
3,72.9537052087099,84.46082639629111,72.73445030120482,84.24117647058823,0.7331090140264026,0.7374252319335938
4,65.55379848216465,76.66180789015934,65.33487700803212,76.44238664215686,0.7296568011293317,0.7346815167051373
5,59.00239205595875,69.63713363328121,58.78348393574297,69.41764705882353,0.7277146342563944,0.7333229758522727
6,53.5126692478886,63.613870797427076,53.29356802208835,63.394132965686275,0.7268308129641089,0.7329120982776989
7,49.188515744065384,58.70495191161448,48.96917356927711,58.48493412990196,0.7263475273308581,0.7327854040897254
8,46.02646517167148,54.93876899882938,45.80695908634538,54.71856617647059,0.7257452332147277,0.7324215975674716
9,43.867636831146065,52.21379927999549,43.648142570281124,51.99360447303921,0.7246287128712872,0.731414979876894
10,42.40881379648769,50.30592656196569,42.18952999497992,50.0859375,0.7229181975814769,0.7297787290630918
11,41.2671696681947,48.830030069112574,41.04826179718876,48.61040900735294,0.7206866878094059,0.7276057850230824
12,40.24244487605043,47.559122483491535,40.024030496987955,47.339985447303924,0.718078895291873,0.7250422622218277
13,39.25301306040097,46.381779173716716,39.035178212851406,46.16321231617647,0.7151638723442657,0.7221555767637311
14,38.267389848530314,45.240615822765676,38.05019452811245,45.02267539828431,0.7120167949412128,0.7190472227154356
15,37.27568464714206,44.10887458884378,37.05918047188755,43.89160539215686,0.708647896039604,0.7157430013020833
16,36.274974258954586,42.97501892694272,36.059199297188755,42.75845588235294,0.7051007664242986,0.7122705632990057
17,35.2623127540304,41.83030501282742,35.04730170682731,41.61447993259804,0.7013753255208334,0.7086309259588068
18,34.24412183291617,40.68151593966933,34.029894578313254,40.466452205882355,0.6975597217924917,0.7048840609463778
19,33.2234606796076,39.53066191819034,33.01002761044177,39.316371783088236,0.6937122105765264,0.7010944713245738
20,32.20131805869489,38.37801091966372,31.988679718875503,38.16449142156863,0.6898978960396039,0.697357177734375
21,31.178067254048376,37.22278866707504,30.966227409638556,37.01004136029412,0.686082372885726,0.6936275597774622
22,30.158268326422437,36.0706879788562,29.947173067269077,35.85867800245098,0.6825358878661304,0.6900746201023911
23,29.136614978387463,34.919148855941586,28.9261608935743,34.70779718137255,0.6794780063943895,0.686900283351089
24,28.113211582585226,33.76167093469513,27.903429342369478,33.550999540441175,0.6762881439511138,0.6836334228515625
25,27.088742093562907,32.60302286558201,26.879593373493975,32.3929993872549,0.6732844890934406,0.680525068803267
26,26.0641970937428,31.440880654095075,25.855716616465863,31.231533394607844,0.6701276621802805,0.6772917776396781
27,25.040685040246224,30.279171232355857,24.832859563253013,30.070488664215688,0.667051369443585,0.6741300640684186
28,24.019996818538587,29.119462645630115,23.81282003012048,28.91144109987745,0.663994011705858,0.6709736217151988
29,23.004077062024614,27.963388218473284,22.79753859186747,27.75601639093137,0.6609888259333746,0.6678747928503788
30,21.99639054672116,26.815025901600514,21.790477535140564,26.608291207107843,0.6580479385829208,0.6648386637369792
31,20.99893677093877,25.67669159783761,20.79363547941767,25.47057866115196,0.6551762244095504,0.6618789210464016
32,20.014627396903247,24.550692550771,19.80992093373494,24.34518612132353,0.6523890328485974,0.658993622750947
33,19.046047345197287,23.440086686684683,18.84194590863454,23.23519837622549,0.6495325875360973,0.656033047762784
34,18.09496932596134,22.346300872301057,17.891459588353413,22.142018995098038,0.6467406017945545,0.6531298088304924
35,17.163556161476084,21.27035147429378,16.960655120481928,21.06668772977941,0.643861192759901,0.6501658121744792
36,16.25394231776022,20.219859245483136,16.051584462851405,20.01675474877451,0.6412932846018977,0.6474843343098958
37,15.369311000254612,19.192853099218322,15.167480860943774,18.990291819852942,0.638794751057137,0.6448757749615294
38,14.511920396164989,18.190583143913607,14.310639432730923,17.988579963235296,0.6361969900603341,0.6421988747336648
39,13.683754930059512,17.221589722477532,13.48296937751004,17.020096124387255,0.6338484458797442,0.6397501627604166
40,12.887109183563606,16.28376479071989,12.686789344879518,16.082745481004903,0.6316365962768152,0.6374664306640625
41,12.123110031059436,15.378440734738366,11.923286897590362,15.177923943014706,0.6292894621493399,0.6350583163174716
42,11.393271591800993,14.511915367863363,11.193891189759036,14.311852787990196,0.6271933577635107,0.6328765869140625
43,10.69921582400726,13.68030773843579,10.500241591365462,13.4806640625,0.6252696827299917,0.6308612245501894
44,10.041400034366932,12.886333586512173,9.842864426455824,12.687143841911764,0.6232014168213696,0.6286856449011601
45,9.420434158181111,12.135615683263651,9.222299353664658,11.936850873161765,0.6213030018822194,0.626638886422822
46,8.83787697004923,11.424564400930613,8.640152798694778,11.226235064338235,0.6193543487649547,0.6245384909889915
47,8.293617364559116,10.750750783516203,8.096354951054217,10.55290096507353,0.6171539810231023,0.6222217906605113
48,7.785542905972701,10.118930179109634,7.588715800702811,9.921530330882353,0.615072500902434,0.6200432979699337
49,7.312531605701439,9.527792189118255,7.116184268323293,9.33088139552696,0.6127861199205858,0.6176845666133997
50,6.872965869234752,8.97294503812185,6.6770684299698795,8.776494523590687,0.6106430003351898,0.61546455152107
51,6.466204283756184,8.461042607862058,6.270753325803213,8.265048636642156,0.6085349709287335,0.6132790767785274
52,6.090554816870438,7.980389454142051,5.895507420306225,7.784809666053921,0.6066275719368812,0.6112937233664772
53,5.744877936981321,7.53579327427232,5.550246689884538,7.340639361213236,0.6046701764903053,0.6092618537671638
54,5.42750676370453,7.127845669970101,5.233254110190763,6.9330810546875,0.6029033799376031,0.607415771484375
55,5.136702236549166,6.746484187486235,4.942805989583333,6.552086684283088,0.6012258598906766,0.6056627215761127
56,4.871154722493762,6.398673934447944,4.67759749937249,6.204626704197304,0.5996525226253094,0.6040099172881155
57,4.628963577040851,6.075472229652659,4.435749246987951,5.881779928768382,0.5980394621493399,0.6023178562973485
58,4.408649529257459,5.7814999860497975,4.2157646209839355,5.588147690716911,0.596505324360561,0.6007121693004261
59,4.208388168487548,5.507634545367346,4.015846981676707,5.314635512408088,0.594893472501547,0.5990354133374763
60,4.026924993738078,5.262510768210148,3.834671498493976,5.069811772365196,0.5935631478186881,0.5976271195845171
61,3.8624393593566877,5.032354760968647,3.6705125188253014,4.839991670496324,0.5920361811571783,0.596037939823035
62,3.713666648300948,4.8282962674006,3.522019327309237,4.636224724264705,0.5907414301000412,0.5946684403852983
63,3.579341214492163,4.635253719884649,3.3879945563504017,4.4434924555759805,0.5893608269518358,0.5932218609434186
64,3.457715906214616,4.466155754941096,3.2666348989708833,4.2746725643382355,0.5881545466558374,0.5919366085168087
65,3.347711257455608,4.308084264724902,3.156910454317269,4.1168916590073525,0.5868715594704002,0.5905849572383997
66,3.2483175783625424,4.164286240086411,3.0577673977158635,3.9733561197916667,0.5857442018615924,0.5893816398851799
67,3.1583621320347923,4.0299858676837115,2.9680966051706825,3.8393502029718136,0.5844481616130363,0.5880196773644649
68,3.076830397677315,3.914149714350472,2.886809738955823,3.723770440793505,0.5833466281198433,0.5868458140980114
69,3.0029542274515957,3.80466643213242,2.8131883000753013,3.614551259957108,0.5822004563737624,0.5856373180042613
70,2.935888218563572,3.7070971859605617,2.7463604417670684,3.5172315410539214,0.5811251095812706,0.5844921227657434
71,2.874965876659588,3.6167357334845405,2.685673161395582,3.4271166034773284,0.5800596331605817,0.5833570538145123
72,2.819523484878182,3.5345131688940574,2.630483065072791,3.3451566808363973,0.5788965810643565,0.5821303858901515
73,2.768955718458465,3.4589591643414717,2.580139699422691,3.269838819316789,0.5778850492471123,0.5810483065518466
74,2.7227814176794265,3.390145668135056,2.534192041603916,3.2012642654718135,0.5768495868141502,0.5799402872721354
75,2.680549714316142,3.327177451361585,2.492202795557229,3.138548847273284,0.5757357254280115,0.5787643432617188
76,2.6417907433437,3.2696689274133672,2.45367093373494,3.08127991919424,0.57469482421875,0.57765068285393
77,2.60616604996848,3.2178942840872344,2.418273092369478,3.0297442267922796,0.5736519086478961,0.5765383633700284
78,2.5733465054182587,3.1684842577167585,2.3856770833333334,2.9805702359068627,0.5726242619379125,0.5754384358723958
79,2.5429663379639487,3.1234408161145453,2.355538952685743,2.935779047947304,0.5715056466584159,0.5742593013879025
80,2.514872240313229,3.0831712147790844,2.327671623995984,2.8957478841145834,0.5704530218646865,0.5731400923295454
81,2.488856237433441,3.0473869152778037,2.3018629204317267,2.860182578890931,0.5695042172674298,0.5721245043205493
82,2.464650513447053,3.012204783502535,2.277858700426707,2.825213742723652,0.5685847417749588,0.5711368445194129
83,2.442080583195642,2.9814154202632563,2.255491497238956,2.794638719745711,0.5676551139000618,0.5701413241299715
84,2.4210285911709626,2.9521742361462486,2.2346436527359437,2.7656135110294118,0.5667109826216997,0.5691305449514678
85,2.40138119539765,2.923693229890368,2.215206921435743,2.737353036917892,0.5657436861850248,0.5681049693714488
86,2.382973755316872,2.8990185046207,2.196996580070281,2.7128867953431373,0.5648471341274752,0.5671430645566998
87,2.3656758603183077,2.8759826331347327,2.179883989081325,2.690047200520833,0.5640110934921617,0.5662442294034091
88,2.3493546484460066,2.854277833074896,2.1637601185993978,2.668551097196691,0.5631043890521865,0.5652727069276752
89,2.333957317657859,2.834078622698241,2.148560060554719,2.648560527726716,0.562197483176052,0.5643008607806581
90,2.3193906542806118,2.814679244337298,2.1341747850778114,2.6293531230851714,0.5613893213051774,0.5634309248490768
91,2.3056069690196073,2.796984949150345,2.1205854668674697,2.6118642769607843,0.5605065877681518,0.5624838164358428
92,2.2925198656084174,2.7805562538312687,2.107680918988454,2.5956289253982843,0.5596918187912542,0.5616063898259943
93,2.2800511341988665,2.7652569882695164,2.095405253827811,2.580533375459559,0.5588172232750619,0.5606698700875947
94,2.268180956311071,2.7506124124812192,2.083717487136044,2.5660819259344363,0.5580039449257426,0.5597942467891809
95,2.256860448995609,2.7373273904263606,2.07258898876757,2.553000057444853,0.5571293494095503,0.5588560162168561
96,2.24604431493931,2.7247175661508747,2.061964655496988,2.5405924479166666,0.5562628113397278,0.5579292990944602
97,2.235717790825104,2.7134856544696606,2.051824093247992,2.5295570523131126,0.5554177463644802,0.5570244066642992
98,2.225836270205651,2.702346619421982,2.042134357743474,2.5186202703737743,0.5545454875077351,0.5560927882339015
99,2.216430072029379,2.6921544855895623,2.0329195689006023,2.5086301317401962,0.5536712948638614,0.555158164284446
100,2.2074326993716182,2.684001238827911,2.0240938362826304,2.5006603764552695,0.5528914952042079,0.554313798384233
101,2.198838090080622,2.673971209708335,2.015689123682229,2.4908308440563727,0.5520216938686056,0.5533840295040247
102,2.1906087899749687,2.6675044070469425,2.0076277767319275,2.4845432655484068,0.5512615140908622,0.552561904444839
103,2.182731240537175,2.659891394694945,1.9999121485943776,2.4771039177389707,0.5505220419502888,0.5517584598425663
104,2.175169174324373,2.6511485469740297,1.9925294929718875,2.4685508578431374,0.5497061449308993,0.5508842699455493
105,2.1678972533270486,2.6445410469343793,1.985426079317269,2.4621237362132353,0.5489338386963697,0.5500472560073391
106,2.160922036460952,2.63884031107774,1.9786201446410643,2.456604243259804,0.5481565368450908,0.5492056181936553
107,2.154223085983938,2.6319006729251897,1.9720765876004016,2.4498312557444852,0.5474548944152228,0.548442216352983
108,2.147783934279591,2.6251847729248805,1.9658136452058232,2.443301930147059,0.5466530173525165,0.5475823604699337
109,2.141575995373431,2.62062569763099,1.9597711157128515,2.4389203239889707,0.545888607415429,0.5467532995975379
110,2.1355832943365463,2.614960895552685,1.953937625502008,2.433426202512255,0.5451680702738243,0.5459702000473485
111,2.129828026644424,2.610044937219416,1.9483431773970883,2.4286824544270833,0.5444390728135313,0.5451789624763258
112,2.1242932560309464,2.6052369609854673,1.942984437751004,2.4240612553615195,0.5436254318791254,0.5443067146070075
113,2.1189321281397184,2.6005400105899037,1.9377835560993977,2.4195360370710786,0.5428990128016707,0.5435176040187026
114,2.1137745096480756,2.5966650048921607,1.9327917137299198,2.4158389820772057,0.5421306547158622,0.5426842891808712
115,2.1087827557125305,2.592034589646948,1.9279602786144578,2.411380304074755,0.5414024630002062,0.5418940226236979
116,2.103960992528361,2.588326722601739,1.9232925844001003,2.4078381108302698,0.5407018680383663,0.5411313606031013
117,2.0993149146967442,2.5838831271975393,1.9188133392946787,2.403572591145833,0.5399368135055693,0.5403048428622159
118,2.094813142282968,2.5814696551593856,1.914470969816767,2.401329848345588,0.5392068894389439,0.5395145300662879
119,2.090457173727452,2.5774159603883247,1.9102715549698794,2.3974439433976715,0.5384953766372731,0.5387423428622159
120,2.086246813901793,2.574332688295653,1.9062233308232932,2.394534600949755,0.5377439391888408,0.5379280783913353
121,2.082177112121677,2.5708740064732165,1.902311001819779,2.3912442076439953,0.5370293242703177,0.5371542265920928
122,2.078238132468003,2.56902812189888,1.8985284889558234,2.389566099877451,0.536312735277434,0.5363775079900568
123,2.074427689793572,2.5647799561530076,1.894884420494478,2.385494456571691,0.5355534015315594,0.5355624112215909
124,2.0707247784197813,2.563287013746405,1.8913395770582329,2.384171549479167,0.5348225911458333,0.5347678444602273
125,2.067144259513405,2.5602482495881183,1.887910234688755,2.3812952378216914,0.5341362981512995,0.5340209498549953
126,2.063671341189018,2.5584228283121635,1.8845801173443775,2.379623592601103,0.5334883586014851,0.5333148378314394
127,2.060300015453511,2.5553536266624834,1.8813578532881525,2.376714968213848,0.5328036368089935,0.5325687292850378
128,2.0570110044708705,2.5537111700839583,1.8782193226029116,2.375234566482843,0.5321127510700289,0.5318167021780303
129,2.053835507675558,2.5510383284904936,1.8751898217871485,2.3727189606311274,0.5314479714573019,0.5310920484138257
130,2.0507605170247944,2.5495679131216553,1.8722648406124498,2.3714101753982844,0.5307555950907591,0.5303382642341382
131,2.047772642546272,2.5467653408945847,1.8694384961721888,2.3687796798406864,0.5300123762376238,0.5295384262547348
132,2.0448576875301,2.5449679748571423,1.8666694120230924,2.367139389935662,0.5293490872524752,0.5288154370857008
133,2.042029586536719,2.5434372033063606,1.863990140248494,2.3657690908394606,0.528663156843028,0.528068496241714
134,2.0392877276252066,2.541490131855924,1.861394797941767,2.363979923023897,0.527987539964934,0.527332930131392
135,2.0366038421144697,2.5398276467441985,1.8588580886044177,2.3624763039981618,0.5273095864273928,0.5265937573982008
136,2.0340047750828902,2.538421503909313,1.8564072697038152,2.3612299900428924,0.5266273624432756,0.5258505618933476
137,2.0314754501073455,2.536151745063901,1.854019594001004,2.35911314721201,0.5259820415635313,0.5251456983161695
138,2.029009540601108,2.5352352602857877,1.8516981990461847,2.358352720971201,0.5253115008766501,0.5244149872750947
139,2.026619864327084,2.5334358194479263,1.8494477911646587,2.3567038143382355,0.524675969794245,0.5237201112689394
140,2.0242867021143125,2.53238824409298,1.8472558201556224,2.3558088714001224,0.5240264993296204,0.5230109012488163
141,2.022034211063002,2.530490981593277,1.8451413074171688,2.3540608723958334,0.5233968098958334,0.5223218513257576
142,2.0198203101707475,2.52976438902499,1.8430667984437752,2.353485227098652,0.5227502803991336,0.5216154156309185
143,2.0176688424792735,2.528351804597658,1.8410552365712851,2.3522240732230393,0.5221081019234736,0.5209128177527226
144,2.0155618290548127,2.5265048241346135,1.8390836784638553,2.3505237055759802,0.5214932381910066,0.5202389803799716
145,2.013511326027878,2.5257585073022657,1.8371689884538152,2.3499243642769607,0.5208712033312707,0.519558808297822
146,2.011505796206944,2.524510435609445,1.8353025382781125,2.3488271675857844,0.5202232234942245,0.5188496445164535
147,2.0095313852758183,2.5225170249281645,1.833460796310241,2.3469774433210784,0.5196210099525578,0.5181893088600852
148,2.0076002223850002,2.521778411814865,1.8316657254016064,2.346386240042892,0.5189960744121287,0.5175053452000473
149,2.0057086876902086,2.520892727084307,1.8299077168047189,2.345645201439951,0.5183829430306311,0.5168345595851089
150,2.003844810292064,2.5189766154720843,1.8281744164156626,2.3438706341911764,0.5177900358395214,0.5161838415897254
151,2.0020169611955083,2.517893240904662,1.826480531501004,2.342932846966912,0.5171694916073638,0.5155026984937263
152,2.000226371070943,2.517357446745204,1.8248215518323294,2.3425395890778185,0.5165655860019596,0.5148420854048296
153,1.998455881828254,2.515135914417291,1.8231808091741968,2.3404586492800243,0.5159759017893977,0.5141952977035985
154,1.9967098378298704,2.51442541825462,1.8215657552083333,2.3398904239430145,0.5153750983008457,0.5135357481060606
155,1.9950071119802162,2.513227748778926,1.8199948230421688,2.338835592830882,0.5147679697168935,0.5128712509617661
156,1.9933310620132711,2.511888325747196,1.8184446771460843,2.3376326018688727,0.514198106822401,0.5122460567589963
157,1.9916706320936837,2.5108581284273495,1.816914140938755,2.336743882123162,0.5135937177702146,0.5115818832859849
158,1.9900430388234118,2.5098553389833023,1.815418313880522,2.3358838848039216,0.5129867906224216,0.510917617335464
159,1.988456942972003,2.508379611859442,1.813956607680723,2.334543026194853,0.5124241794296617,0.5103000525272254
160,1.9868814603498153,2.507625364204236,1.8125101970381525,2.3339288449754902,0.5118332866001444,0.5096516002308239
161,1.985345388045443,2.506728651379566,1.8111010448042169,2.333170094209559,0.5112495648978961,0.5090107310901989
162,1.98383450893211,2.5049633402027,1.8097175812625501,2.33154296875,0.5106640705574463,0.5083687059807055
163,1.982334298905877,2.5045348150785065,1.808341373305723,2.3312490425857844,0.510097309779806,0.5077470259232955
164,1.9808527904618591,2.503516282718583,1.8069865399096385,2.330367982153799,0.5095148772689769,0.5071086074366714
165,1.9793853215360566,2.5016766661247765,1.8056413152610442,2.3286611519607843,0.5089606861076733,0.5064990419330019
166,1.9779376471539967,2.5009822723314126,1.804318641754518,2.3281025007659313,0.5083878419580239,0.5058702873461174
167,1.9765201577111426,2.5002072984314268,1.8030253827811245,2.3274624693627453,0.5078108079362624,0.5052381110913826
168,1.9751041045935247,2.4983345208533523,1.801730751129518,2.3257214116115197,0.5072615318172442,0.5046345566258286
169,1.973702271609797,2.4974420150703445,1.8004521994226907,2.3249626608455882,0.506698759475557,0.5040169455788353
170,1.9723199575021064,2.4968052285196225,1.7991924730170683,2.3244585822610295,0.5061372763252888,0.5034029873934659
171,1.9709492859037436,2.4946904571648045,1.797941374874498,2.322473383884804,0.5055955742058581,0.5028087731563684
172,1.9696854687163179,2.4945726982585636,1.7967957768574296,2.3224846335018383,0.5050503268100247,0.5022076231060606
173,1.968461749384379,2.4946036352695407,1.7956876333458835,2.322641170726103,0.5045255050407385,0.5016307484019886
174,1.9672295080810251,2.4928960259283244,1.7945679201179718,2.3210561714920344,0.5040203434405941,0.5010725541548295
175,1.9660063859953547,2.492762875258824,1.7934601688002008,2.3210487515318627,0.5034955216713077,0.5004937836618134
176,1.9648151030974363,2.492126292138475,1.7923843812751004,2.320537971047794,0.5029682826681106,0.4999130711410985
177,1.9636282534445775,2.491147843943481,1.79130859375,2.319680127910539,0.5024713799504951,0.4993658817175663
178,1.9624404580068138,2.4905365889623483,1.7902369242595382,2.319195436963848,0.5019351568945957,0.4987755977746212
179,1.9612760960293958,2.4899387157790502,1.7891866293298193,2.3187217562806373,0.5014141624123349,0.49820214473839963
180,1.9601236522313052,2.4889298081922164,1.788146139244478,2.3178342333026962,0.5009137949927805,0.4976518110795455
181,1.958954710904646,2.488315335920544,1.787091922377008,2.3173445159313726,0.500389577531972,0.4970755837180398
182,1.9577946104632973,2.4872828909338227,1.7860459415788152,2.3164359298406865,0.4998715240176361,0.4965066620797822
183,1.9566424947219836,2.4866173053151384,1.7850107461094378,2.3158973843443627,0.49932873414294554,0.49591166178385415
184,1.9554936624875254,2.485348108374357,1.7839730013805222,2.3147484872855393,0.4988293336169555,0.49536396373401986
185,1.9543341031280463,2.484763207247039,1.7829289815512048,2.31428892846201,0.4983013291563531,0.4947851007634943
186,1.9532000509760485,2.483885703169647,1.781910062123494,2.3135364008884802,0.49777324412128715,0.49420614531545926
187,1.9520673153821995,2.4826762977540158,1.7808882012424698,2.312447102864583,0.4972749716377888,0.4936593720407197
188,1.9509431818045062,2.481897165730754,1.7798808515311244,2.311795103783701,0.49673238319925744,0.4930634932084517
189,1.9498797055628976,2.480985057657289,1.7789262518825302,2.311001646752451,0.49624128184302807,0.4925212513316761
190,1.9488241373628359,2.480842725502317,1.777980280496988,2.3109786688112743,0.49574260648721125,0.4919720274029356
191,1.9477924266484328,2.479969058878911,1.7770539188002008,2.310219439338235,0.4952705207044142,0.49145221132220646
192,1.9467473270723807,2.4792417021119464,1.7761185366465864,2.3096114813112747,0.49477281224216174,0.4909038196910511
193,1.9457101601703783,2.478768674634255,1.7751902139809237,2.309256998697917,0.4942765541202558,0.49035732384883995
194,1.9446815922560141,2.4772626429126072,1.7742685586094378,2.307867551317402,0.49378819229579207,0.48981859611742423
195,1.943679355623102,2.4774170657061125,1.773373376317771,2.308138499540441,0.4933018448329208,0.4892832900538589
196,1.9427057837252328,2.477110136357866,1.772504078815261,2.3079455805759803,0.49282814756084986,0.48875912753018463
197,1.9417354668751747,2.4758098261145594,1.7716341930220882,2.3067550359987745,0.4923803952660891,0.4882622921105587
198,1.9407739782192426,2.4757611861077518,1.770775092557731,2.3068184646905636,0.4919167698019802,0.48774844082919033
199,1.9398332924122683,2.4755683930456787,1.7699363861696786,2.3067373238357844,0.4914479472849629,0.4872299656723485
200,1.9388829124164628,2.47419787204375,1.769083952999498,2.305474015778186,0.4910120394363655,0.4867452910452178
201,1.9379370002857528,2.4742101688124345,1.768238187123494,2.305596086090686,0.49055856635468237,0.48624193596117427
202,1.9370230423614845,2.4738959766956357,1.7674257577183734,2.305393114276961,0.4900971566883251,0.48573044285629735
203,1.9360897408589857,2.4727928059976425,1.7665882279116465,2.304394770603554,0.489671804094472,0.48525769782788825
204,1.935164579646033,2.472537003052056,1.7657622678212852,2.304247807521446,0.48922372950185644,0.4847596139618845
205,1.9342503100948096,2.471506888619459,1.7649470930597388,2.3033265356924018,0.48877073986695546,0.4842561664003314
206,1.9333567365918234,2.471376761380238,1.7641515279869477,2.3033037971047796,0.48832878893358084,0.48376552697383995
207,1.9324534267751774,2.4705498887191335,1.76333968687249,2.3025771197150737,0.4879279309766914,0.48331835197679923
208,1.9315463939703752,2.4701355200279127,1.7625266691767068,2.3022661994485296,0.4875046330316625,0.4828462080522017
209,1.9306578892096107,2.469803154267218,1.7617328689759035,2.3020378561580883,0.4870781121080858,0.48237138227982956
210,1.9297722197542275,2.4684577438708084,1.7609371078062248,2.3007913028492646,0.4866814037360767,0.48192758271188446
211,1.9288797302816234,2.468554911420488,1.760137424698795,2.3009904450061276,0.48625883096122113,0.4814577969637784
212,1.928011463702661,2.467923425180948,1.7593604888303214,2.3004593194699754,0.48584866665377474,0.4810008655894886
213,1.9271421409484915,2.4669233529638706,1.7585788466365462,2.2995555204503675,0.4854636415790016,0.4805704752604167
214,1.926283560650735,2.467055220311488,1.7578064209964859,2.299782427619485,0.4850806711530528,0.4801412409002131
215,1.9254603156071644,2.466630030945755,1.7570730186370482,2.2994557100183823,0.4846811829620462,0.4796966552734375
216,1.9246188288566324,2.4662195865044056,1.7563176534262048,2.299140242034314,0.484297769376547,0.47926709724195077
217,1.9237958202919652,2.465889818434936,1.7555875847138553,2.298912856158088,0.48387068443172443,0.47879139293323864
218,1.9229654670014646,2.4649571273863145,1.7548465345758033,2.298078230315564,0.4834749832405115,0.478349442915483
219,1.9221547755548865,2.4651868139579127,1.7541262707078313,2.298407102098652,0.48306856564562706,0.47789759780421404
220,1.9213399107409284,2.4646352373126823,1.7533958098017068,2.297948740042892,0.4826922023257013,0.47747553045099433
221,1.9205255562420989,2.463725240929903,1.752668486445783,2.297134459252451,0.48230770098494224,0.47704514012192234
222,1.9197160667569233,2.463600564967872,1.7519468498995985,2.297106694240196,0.481912362378816,0.4766028201941288
223,1.9189225984547267,2.4633473550191196,1.7512440386546184,2.296953507965686,0.48149611469936054,0.4761383056640625
224,1.9181328805815618,2.462366652649574,1.7505329913403616,2.296059522441789,0.4811549221328383,0.47575475519353694
225,1.9173306582854464,2.4623634522225806,1.749819983057229,2.296154545802696,0.48075466848442655,0.4753073027639678
226,1.9165441080794903,2.4621238972127513,1.7491224664282128,2.2960130878523284,0.4803525616233498,0.4748581857392282
227,1.9157559055741855,2.4609496372802395,1.7484202434738956,2.294933603324142,0.4799713638356023,0.474430800929214
228,1.9149797813835518,2.461306041249853,1.7477315512048193,2.2953862208946076,0.4795784827506188,0.47399245753432767
229,1.9142025792860733,2.46054033246805,1.747037564319779,2.2947126799938724,0.47920078995204207,0.4735685406309186
230,1.9134223350290498,2.4596412814331656,1.7463410281752008,2.2939060585171567,0.47883030856796616,0.47315220688328596
231,1.9126395331790969,2.4597038799227207,1.7456448842243977,2.294064271216299,0.4784403684509076,0.4727158055160985
232,1.9118787058543296,2.459473296339428,1.744970703125,2.2939292758118874,0.47804946144028465,0.4722784793738163
233,1.91111473164844,2.458455233741076,1.7442822069528112,2.2929946001838237,0.4777230140006188,0.4719103726473722
234,1.910338508476806,2.458406444883759,1.7435911615210844,2.2930398380055146,0.4773398018512789,0.471481230764678
235,1.9095829375805533,2.4579869729450863,1.7429209023594376,2.2927147958792893,0.4769489351278878,0.4710434422348485
236,1.9088180506282701,2.4571630091952703,1.7422380929969878,2.2919814165900734,0.4765863500412541,0.47063603256687975
237,1.9080680192099624,2.4571855684289083,1.7415725401606426,2.2920972637101715,0.47620644144492574,0.47021035859079074
238,1.9073232195410383,2.4568236248751494,1.7409046341616465,2.2918203316482844,0.4758668603676774,0.4698287039092093
239,1.906566734942139,2.4558168094156754,1.7402288842871485,2.290902650122549,0.47551140612108084,0.46942892363577177
240,1.905815929343195,2.4558300519331127,1.7395601939006025,2.2910067689185047,0.47514273766243814,0.4690148555871212
241,1.905082563545347,2.4554145707112616,1.738910328815261,2.2906838809742647,0.47475932407693894,0.46858474269057765
242,1.9043449379236659,2.454373081746476,1.7382461486571286,2.2897238338694854,0.4744407326474835,0.46822398792613634
243,1.903606427788376,2.454628173340553,1.737587655308735,2.290067306219363,0.47408278059251235,0.4678227742513021
244,1.9028797098194858,2.4543731258898793,1.7369417121611446,2.289901673560049,0.47371914803785065,0.4674143935694839
245,1.9021503169198133,2.4533446542527435,1.7362904743975904,2.2889595779718137,0.47337489364170793,0.4670268203272964
246,1.901420611917734,2.4530484822953804,1.7356333537274096,2.2887441597732843,0.4730543281378919,0.46666389234138256
247,1.9007108990942405,2.4528444926246227,1.735003686621486,2.288629030713848,0.4726881574876238,0.4662523674242424
248,1.899991679833945,2.452155489161942,1.7343599005396586,2.2880232268688725,0.47235764103754124,0.4658809777462121
249,1.8992667484870267,2.45191038318457,1.7337121925200802,2.287863817401961,0.47201157371596536,0.4654910000887784
250,1.898560498139565,2.4514669162737404,1.7330776229919678,2.2875,0.471695077222566,0.46513306588837594
251,1.897848168502707,2.4505800609874466,1.7324401120105422,2.2866960114123773,0.4713667362830033,0.4647623235529119
252,1.8971383608580288,2.450504270127845,1.7318061307730923,2.286704388786765,0.47102880698226074,0.4643808538263494
253,1.8964405863914933,2.4505138352237266,1.731183719252008,2.286797257965686,0.47069265031971946,0.4640035918264678
254,1.8957362751658455,2.449323705284243,1.7305540521460843,2.285690008425245,0.47035746055074257,0.46362535881273675
255,1.8950307520409473,2.449065504128873,1.7299165411646586,2.2855076210171568,0.47005873072658827,0.4632861513080019
256,1.8943334224232666,2.448960685525986,1.7292933452560242,2.285485121783088,0.46972708623401405,0.46291207978219695
257,1.89363715109892,2.447956984302049,1.7286693649598392,2.284561456418505,0.4694107106023102,0.4625547004468513
258,1.892944091911763,2.4481859862580113,1.7280477378263053,2.284869743795956,0.4690932472153465,0.46219662753018464
259,1.8922574080787193,2.4477233574833814,1.7274359155371486,2.2844903684129902,0.4687516517765058,0.4618117823745265
260,1.8915629703435903,2.446601604265986,1.7268060523343374,2.28344056372549,0.4684744353341584,0.4614955555308949
261,1.8908681385442212,2.446633638052167,1.7261826603288153,2.2835521024816177,0.468155843904703,0.4611352169152462
262,1.8901846759904841,2.446388119713752,1.7255718185240965,2.283387187882966,0.4678315719755569,0.4607694221265388
263,1.8895129979447125,2.445799714535024,1.724969408885542,2.2828754499846813,0.4675298608962459,0.4604287349816525
264,1.8888243522377546,2.4451990327150694,1.7243471934613455,2.2823491115196077,0.4672317353805693,0.4600897586706913
265,1.8881451410215808,2.4451874453637235,1.7237390970130522,2.282416609221814,0.4669143525680693,0.4597309921727036
266,1.887466538947894,2.4440828603642637,1.7231282552083333,2.281387388939951,0.4666186442863036,0.4593951600970644
267,1.8867880167821218,2.4441781672422755,1.7225205509538153,2.281561398973652,0.46630303411200497,0.4590385668205492
268,1.8861275514117575,2.4437194926165633,1.721924220318775,2.2811743642769606,0.4660224738294142,0.4587188720703125
269,1.8854601645428484,2.4428861961936432,1.7213233794553213,2.2804151348039214,0.4657280950262995,0.45838512073863635
270,1.8847819800009722,2.4428123375700044,1.7207137142319278,2.280417528339461,0.4654244904470916,0.45804119688091854
271,1.8841158743608197,2.4425889699725243,1.7201160109186746,2.280270325903799,0.4651209261551155,0.4576971805456913
272,1.8834515917544086,2.4412849087084596,1.719511640311245,2.2790331073835786,0.46486743889232673,0.45740670868844696
273,1.8827789089907088,2.4415360344680077,1.7189057009287148,2.2793586282169116,0.4645727780785891,0.4570720325816761
274,1.8821280875175943,2.4410892535379842,1.7183227048820282,2.2789876302083334,0.4642653059251238,0.45672348484848485
275,1.88146633032707,2.44063488586591,1.7177244132781124,2.2786037071078433,0.4639924807910479,0.45641368519176134
276,1.8808053653491676,2.440491582999302,1.7171302397088353,2.2785347732843135,0.46369649049865924,0.4560780843098958
277,1.880147244120875,2.4399283145776853,1.71653273249247,2.2780393114276962,0.46343321343853133,0.4557772549715909
278,1.8794892376613166,2.439239575653066,1.7159377745356426,2.2774208218443626,0.4631608717512376,0.4554666230172822
279,1.8788365526386763,2.439254140901103,1.7153496799698795,2.2775074678308824,0.46287559786252064,0.4551423506303267
280,1.8781979622667224,2.438811158540186,1.7147774692520081,2.277138624004289,0.4625755788469472,0.4548019871567235
281,1.8775515348804406,2.438105461698338,1.714187217620482,2.276495481004902,0.46234009997679454,0.4545325076941288
282,1.8769005922329944,2.438023439164192,1.713599123054719,2.2764837526807598,0.46206248066212874,0.4542161883729877
283,1.8762567425660597,2.437803933882844,1.7130194606551206,2.2763358321844365,0.4617781333797442,0.45389330314867427
284,1.8756157598808725,2.436934227311604,1.7124399943524096,2.275534715839461,0.461511754202764,0.4535894220525568
285,1.8749717961415637,2.4365106611981555,1.7118540568524097,2.2751764035692403,0.4612543993657178,0.4532946499911222
286,1.8743364795969808,2.436549304486927,1.7112812578438754,2.275284830729167,0.46097859297648514,0.4529809200402462
287,1.8737020715694155,2.4359792671750116,1.7107061056726907,2.2747807521446077,0.4607245416924505,0.45269132671934187
288,1.873059063382401,2.4356904876561907,1.710124874497992,2.274561025582108,0.4604517971328383,0.4523806485262784
289,1.8724286888401769,2.4352981469062502,1.7095508989081325,2.274231914445466,0.460207737082302,0.4521008578213778
290,1.8717954081075292,2.4345657662331033,1.7089767272213856,2.273565554151348,0.4599532023514851,0.451809599905303
291,1.8711585663031012,2.4345413160056513,1.7084000062751004,2.2736083984375,0.4596883540893152,0.4515073371656013
292,1.870529751809689,2.4343596770206664,1.7078332862700802,2.2734963809742648,0.45940722978547854,0.4511874112215909
293,1.8699101354458736,2.4338835550923865,1.7072712725903614,2.2730844535079657,0.45915990646916255,0.4509051698626894
294,1.8692713334919977,2.4333546061020614,1.706687688253012,2.2726174747242647,0.45892184921617163,0.4506317138671875
295,1.8686375993516082,2.433436336334746,1.7061129282756025,2.2727653952205884,0.4586621577196782,0.4503344449129972
296,1.8680037578930044,2.4325152175469142,1.70553758000753,2.2719094669117648,0.45841092654187293,0.4500474872011127
297,1.8673681259744215,2.432534946364334,1.704960859061245,2.2719951554840687,0.4581518393538573,0.44975155917080967
298,1.8667371449887753,2.432238491494293,1.7043839420180722,2.271759392233456,0.4579194223133251,0.44948434540719695
299,1.8661143482260527,2.4314399939552347,1.7038180064006023,2.2710248161764706,0.45766923860354786,0.44919706402402937
300,1.8654890051558704,2.431754059968171,1.703250109814257,2.2714029947916665,0.4574185311597566,0.44891153971354164
301,1.8648644659308131,2.4314957999414974,1.702683389809237,2.271209597120098,0.457164197865099,0.4486204205137311
302,1.8642517284690858,2.4303381474989116,1.702121376129518,2.270108810125613,0.456952166163882,0.4483755400686553
303,1.8636276103807075,2.4306287101412667,1.7015523029618473,2.2704613779105394,0.45671112765573435,0.44809829249526517
304,1.8630032329489594,2.430375364720015,1.7009853868599398,2.2702722886029414,0.45646005762685643,0.4478113347833807
305,1.8623878398129896,2.429773391438544,1.7004249419553212,2.269731828278186,0.4562235715759076,0.4475400520093513
306,1.8617749797284096,2.429754603735927,1.6998676346009036,2.269775390625,0.4559798338232261,0.4472608161695076
307,1.8611746907958282,2.4296733407262154,1.6993175828313254,2.269750737208946,0.45575934180332095,0.44700738155480585
308,1.8605677145718347,2.428827437603994,1.698763609123996,2.26896422143076,0.4555331289964934,0.4467471036044034
309,1.8599635031519048,2.428607477006908,1.698212969063755,2.268804572610294,0.455298657307137,0.44647753166429927
310,1.859370049593161,2.4284586852878247,1.6976742909136546,2.2687172085631127,0.45505794109684405,0.446202041163589
311,1.858777427899062,2.4271340346618118,1.6971297298569277,2.267446480545343,0.45485868044812294,0.44597130977746213
312,1.8581812588784636,2.4274450199245314,1.696585560993976,2.267816042432598,0.4546320647689769,0.44571033824573864
313,1.8575884892173613,2.427267263362988,1.6960462945532129,2.2676982804840686,0.4543983182497937,0.44544261585582384
314,1.8570073324706575,2.4266757193484967,1.6955162446661647,2.267163803998162,0.4541806866233498,0.44519329649029354
315,1.8564235723050144,2.426435613744903,1.694980704066265,2.2669783049938728,0.45396893693275575,0.4449483698064631
316,1.8558391302834185,2.4260773515011866,1.694449281501004,2.2666795917585785,0.4537365198922236,0.4446818958629261
317,1.8552561738298965,2.4250183687331597,1.6939162901606426,2.265676700367647,0.45352392416976073,0.44443655303030305
318,1.8546692044630906,2.425324150796156,1.6933805534638555,2.2660400390625,0.4533014983627269,0.44418094519412876
319,1.8540897843693491,2.4248644539212334,1.6928532489332329,2.2656388825061273,0.45307347263046616,0.443919326319839
320,1.8535134892171776,2.4236250015151,1.6923212380773092,2.2644492953431374,0.45289226066161303,0.44370801521070075
321,1.8529324417913928,2.424008600964455,1.691789815512048,2.2648887484681373,0.45267748942863034,0.44346054539535984
322,1.852354540738411,2.4238225880350432,1.6912627070783133,2.2647594975490195,0.45245735999381187,0.44320909904711175
323,1.8517850865569492,2.4226733874726896,1.6907430503263052,2.2636663698682598,0.452240252101382,0.44295876242897725
324,1.8512078684208946,2.4227577992912295,1.6902096667921687,2.2638004078584557,0.45205593801567656,0.4427439371744792
325,1.8506269649742848,2.4224257783568035,1.6896790286144578,2.263524911917892,0.451837420070132,0.4424925833037405
326,1.850059909588092,2.421655256150854,1.68916015625,2.2628085267310047,0.45163219691109735,0.4422556559244792
327,1.849485482781236,2.421786287030332,1.6886350087851405,2.2629949831495098,0.4514183522844472,0.4420095732717803
328,1.8489212865349034,2.4214193397179966,1.688120842745984,2.2626843022365195,0.45119947175381603,0.44175808068477745
329,1.8483564919171185,2.420280733391216,1.6875984406375502,2.261593568091299,0.45102627694410063,0.4415554162227746
330,1.847794726204337,2.4210559321384806,1.6870834902108434,2.2624214920343135,0.4508234710189769,0.4413218180338542
331,1.8472311628203106,2.4203658019209593,1.686570500753012,2.261788162530637,0.450601327222566,0.4410670887340199
332,1.8466739893696291,2.419522786091647,1.686060060554719,2.2609978170955882,0.45040287231848186,0.4408370046904593
333,1.8461166530952395,2.4195097854865093,1.6855451101280121,2.2610330020680145,0.4502231106899752,0.44062689578894415
334,1.845556782874358,2.4191132882049535,1.685034669929719,2.2606924019607844,0.45000104746802805,0.44037133419152463
335,1.8450033515162585,2.4184184220106824,1.6845277594754016,2.260049977022059,0.4498019882554662,0.44014092647668085
336,1.8444468422793838,2.4185400351337174,1.6840182997615463,2.2602247051164217,0.4495975305538366,0.43990473891749526
337,1.843903774147995,2.4181292389957645,1.6835235473142571,2.2598683076746324,0.4493857808632426,0.4396611531575521
338,1.8433498345133978,2.4170749734067725,1.683009577371988,2.258859432444853,0.4492226175742574,0.43946893865411935
339,1.8427980250930343,2.4175577113050246,1.6825030591114458,2.259393190870098,0.44902714392533005,0.43924352472478695
340,1.8422473082176047,2.417038504004345,1.6819996784011044,2.258927408854167,0.44882006755363035,0.43900465531782673
341,1.8417041541510777,2.4163202674942785,1.6815017884036145,2.2582600911458335,0.4486285420534241,0.4387828017726089
342,1.8411500026020484,2.415970688385012,1.680988014558233,2.257956590839461,0.44845901338180694,0.43858318906841853
343,1.840603816530912,2.4158163539790523,1.6804887518825302,2.257855104932598,0.44825419309509074,0.43834727894176134
344,1.840060945071997,2.415325665493141,1.6799890970130522,2.257413258272059,0.4480722962432962,0.4381353204900568
345,1.839514908028074,2.415031416080742,1.6794886577560242,2.257170553768382,0.44787355932858913,0.4379055138790246
346,1.8389693947066992,2.414494776870265,1.6789846887550202,2.2566813151041667,0.44769150132786717,0.43769300056226323
347,1.8384334726894098,2.414272385343684,1.6784915050828313,2.256507305070466,0.4475103296462459,0.43748187440814396
348,1.837890150110576,2.4143156378807675,1.6779924385040161,2.2566004136029414,0.44731916673112626,0.4372614542643229
349,1.8373552466321699,2.413910983861252,1.6775029806726907,2.256247127757353,0.4471203895291873,0.4370317401308002
350,1.8368186624893905,2.412677228774869,1.6770039140938755,2.2550561044730393,0.44696766063325083,0.43685108531605116
351,1.836273397316878,2.4131940758641486,1.6765021021586346,2.255622175628064,0.4467793581115924,0.43663246848366477
352,1.8357375084986225,2.41275632376119,1.6760110755522089,2.2552351409313727,0.4465835621648102,0.43640608354048294
353,1.8352047464572396,2.4117500735024944,1.6755204411395583,2.2542765299479166,0.44640541202557754,0.43619851777047824
354,1.834667925456418,2.4118757433257594,1.675021766754518,2.2544457529105393,0.44624498826835807,0.4360097249348958
355,1.8341333598159375,2.4116307025863337,1.6745311323418675,2.254250440410539,0.44605346276815183,0.435787871389678
356,1.8336046353379223,2.4108260179996774,1.6740438315763053,2.2534926470588235,0.44587857589469887,0.43558381976503313
357,1.8330677183708584,2.410756533320465,1.6735496674196788,2.2534715839460784,0.44569329491542903,0.4353687633167614
358,1.832545440589105,2.410495961920187,1.6730653081074298,2.2532542509191176,0.44553343517945543,0.4351809414950284
359,1.8320236919654846,2.409945127915697,1.6725840863453816,2.2527494542738973,0.4453569771039604,0.43497573390151517
360,1.8314922485476348,2.4099707581682583,1.6720948246109437,2.252822935814951,0.44517375077351484,0.43476285067471593
361,1.830969069158195,2.4096180850717976,1.6716141911395583,2.2525184780943626,0.4449886712304043,0.4345480716589725
362,1.830451765298243,2.408901232238838,1.6711372835090361,2.251847330729167,0.444818377101382,0.4343493837298769
363,1.8299226942277311,2.4085793058592206,1.6706448842243975,2.2515672870710786,0.44466423815233086,0.43416785037878786
364,1.8294030247937105,2.4085265345657483,1.670166407818775,2.2515613032322306,0.44448528226846123,0.4339596835049716
365,1.8288841674984588,2.407910587509497,1.6696869509287149,2.2509899662990196,0.44431990318172443,0.4337663592714252
366,1.8283641695589634,2.40764733093709,1.6692082784262048,2.2507735906862747,0.44414006097875414,0.43355749881628786
367,1.827847889851583,2.4072741751401048,1.668728233245482,2.2504418466605394,0.4439872112211221,0.43337749134410514
368,1.8273353322296126,2.4068700098612053,1.6682546592620482,2.250081858915441,0.4438234033364274,0.4331858779444839
369,1.8268146642592946,2.40653761111888,1.6677746140813252,2.249795592064951,0.4436471064098597,0.43298076282848014
370,1.8263091153597713,2.4067415684930262,1.667308295682731,2.2500440410539215,0.44347773888716996,0.43278392444957386
371,1.8258017020622481,2.4056476279974155,1.66683609437751,2.248990406709559,0.4433293610122731,0.4326085408528646
372,1.8252835159994414,2.405596517027821,1.6663568335843373,2.248983704810049,0.4431607186597566,0.43241128632516573
373,1.8247662833241733,2.4053233369739253,1.6658799259538153,2.2487563189338236,0.44298559006291255,0.43220755837180397
374,1.8242657575579493,2.4050107600302195,1.6654177255898595,2.2484872855392157,0.4428229907951733,0.4320171934185606
375,1.8237516803685543,2.4044458472416284,1.6649380726029117,2.2479619044883576,0.4426783596328383,0.4318458325935133
376,1.823246676490572,2.4043715007638684,1.6644723424949799,2.2479322246476716,0.44250762234426566,0.43164691347064393
377,1.8227384002054572,2.403886619583486,1.6640017099648594,2.2474901386335784,0.4423497769698845,0.4314614960641572
378,1.8222290162870922,2.4037148904602086,1.663531469628514,2.247363041896446,0.4421794022663985,0.4312624844637784
379,1.8217216259128932,2.4033071558315102,1.663058876129518,2.246995155484069,0.44203255530631186,0.43108908913352273
380,1.8212189132581882,2.4027861491683264,1.662593342118474,2.2465164483762257,0.44187652285736384,0.43090565999348956
381,1.8207095472074648,2.4026162566806235,1.6621223173945783,2.2463903090533086,0.44170993515367163,0.43071085611979165
382,1.8202093129585957,2.4026559776849634,1.66166031312751,2.2464736040900735,0.4415440323329208,0.4305170232599432
383,1.8197174317040847,2.4016781397206466,1.6611990932479919,2.2455307904411765,0.44142228431827557,0.43037174109256626
384,1.8192123930012094,2.401672018898228,1.6607319904618474,2.245568129595588,0.4412530779445132,0.4301740704160748
385,1.8187040873313727,2.4015024073285898,1.6602615540286145,2.2454417509191176,0.4410887866130363,0.42998171719637784
386,1.8182103956609246,2.4007776410400083,1.6598046482806226,2.2447588752297793,0.44093295560024753,0.42979875044389204
387,1.817708954124376,2.400835057746745,1.6593351923318274,2.2448531805300247,0.44079952428836633,0.42963955041133994
388,1.8172052185110785,2.400763067148649,1.6588692661270081,2.244824458103554,0.4406343466377888,0.42944604122277463
389,1.8167018675913502,2.399877653181761,1.658402751631526,2.243980976179534,0.4404791602207096,0.4292635830965909
390,1.816195036360818,2.4002365910754295,1.6579325112951808,2.2443818933823527,0.4403202673783003,0.42907659357244315
391,1.815694725451167,2.399903056673023,1.6574708992218876,2.244092514935662,0.44015073870668314,0.4288786454634233
392,1.81519632604053,2.3988500232108474,1.657003404241968,2.243075022977941,0.4400266540325908,0.4287295717181581
393,1.8146909895217174,2.39930094566252,1.6565339482931727,2.2435671338848038,0.4398710244559612,0.4285462350556345
394,1.8141824532175108,2.3989496673243487,1.656062531375502,2.243258367800245,0.4397095532307137,0.4283566561612216
395,1.8136919707497547,2.398724944961577,1.655609547565261,2.2430764590992647,0.43954570505878715,0.4281650427616004
396,1.8132001043175514,2.397668510100043,1.6551475432981928,2.2420546587775734,0.4394210966506807,0.42801522919625945
397,1.8127023105393172,2.398173450619315,1.654683970256024,2.2425987094056374,0.43927376624381187,0.42784243496981533
398,1.812210505593968,2.3978144691463763,1.6542280449924698,2.2422808478860294,0.4391175323587046,0.42765891335227274
399,1.8117182225334645,2.3970707094884194,1.6537695704693776,2.2415757123161764,0.4389760436004538,0.4274917140151515
400,1.811225642727171,2.397000629185544,1.6533126647213856,2.241546511182598,0.4388202931621287,0.4273087935014205
401,1.8107287875684395,2.396588794216902,1.6528461502259035,2.2411697686887253,0.43869338838180694,0.42715699166962595
402,1.8102443519225686,2.3962773066340812,1.6523945390938755,2.2408959482230393,0.4385549614531766,0.42699284409031724
403,1.8097477600873915,2.39607142141615,1.6519337114081325,2.240731033624387,0.4383988887169967,0.4268096923828125
404,1.8092632938452389,2.3959309194696656,1.651483669051205,2.240630026424632,0.43824910078898516,0.42663343024976325
405,1.8087793329389712,2.3949920582168445,1.6510273515938756,2.2397231158088236,0.4381393986566625,0.4265005400686553
406,1.8082838483800734,2.395065098505189,1.6505669161019076,2.2398363300398283,0.43798654889903055,0.4263209949840199
407,1.8077949997699672,2.395034492841733,1.6501119713227912,2.239844707414216,0.43783897676877065,0.4261469523111979
408,1.8073128469864637,2.3943730939559247,1.6496615367720884,2.2392197552849264,0.4377067540738449,0.42598950935132573
409,1.8068227123174132,2.394190440297229,1.6492073763805222,2.2390785366881127,0.4375436713593234,0.4257984970555161
410,1.8063338319162818,2.393845185025294,1.6487475291792169,2.238766898360907,0.4374224067914604,0.42565316864938446
411,1.8058607173777506,2.394051588379196,1.6483068994728916,2.2390107996323527,0.43728132090552807,0.4254860617897727
412,1.8053736336457473,2.392854124288193,1.6478523468875501,2.237850652956495,0.4371444248917079,0.4253236250443892
413,1.8048843025665153,2.393050611736106,1.6473956372364458,2.2380847407322304,0.43700297642068897,0.42515619451349435
414,1.8044053663926531,2.3927184975988562,1.6469506933985945,2.2377917719822302,0.4368537122266914,0.42498020981297346
415,1.803926722972166,2.3922713765571033,1.6464990822665662,2.2373760148590685,0.4367446949773102,0.42484810569069603
416,1.803443266752051,2.392471756744032,1.6460480594252007,2.2376136929381127,0.4366037702403053,0.42468192360617896
417,1.8029669834188335,2.391982883053691,1.6456048804593373,2.2371629901960786,0.4364589779290429,0.42451088645241475
418,1.8024886635903152,2.391494273921558,1.6451577795557228,2.2367103726256126,0.4363276818404497,0.42435413707386366
419,1.8020053787237489,2.3913991031003263,1.644706952811245,2.2366526884191176,0.436186152794967,0.4241865215879498
420,1.8015255057060644,2.3909549512716457,1.6442549494854417,2.2362410003063724,0.4360693601098391,0.42404567834102747
421,1.8010454268730243,2.3903437793993865,1.6438073583396084,2.2356672698376228,0.4359299260004125,0.42388009736032195
422,1.800557113012572,2.3907979889127566,1.6433516291729418,2.2361593807444855,0.4357829581786304,0.4237059622099905
423,1.8000770406646258,2.390402405445997,1.6429050185115461,2.235802504595588,0.4356353860483705,0.4235312259558475
424,1.7996065275453865,2.3891311500243577,1.642463016127008,2.234564089307598,0.4355170221612005,0.42338978160511365
425,1.7991298262607076,2.3896426403085695,1.6420131698669678,2.2351069431678923,0.4354048222205033,0.42325402462121214
426,1.7986482630833838,2.388975977075055,1.6415630294615964,2.2344764859068627,0.4352677650577558,0.4230920965021307
427,1.798181374548415,2.3889047938721037,1.6411266158383535,2.2344405828737743,0.4351357035117574,0.4229350234522964
428,1.7977069018252898,2.3881302872152386,1.640680299322289,2.2336985868566175,0.4350191122627888,0.4227951512192235
429,1.7972282932908472,2.3882597441637707,1.640232610128012,2.2338637408088236,0.4348851169296617,0.4226361823804451
430,1.7967582460717928,2.3877117616095984,1.6397925687123494,2.2333505667892157,0.4347541834261551,0.4224804502544981
431,1.7962902441171336,2.3869692419561734,1.639349291698042,2.2326368144914217,0.4346564466016914,0.42236087683475376
432,1.7958160842722724,2.3872369521366386,1.6389035634726405,2.232937442555147,0.4345345374381188,0.4222155021898674
433,1.7953405171092873,2.3868427200705225,1.6384583254894578,2.2325784122242647,0.4344024356048886,0.42205810546875
434,1.794874907087194,2.3865873667389015,1.63802230405999,2.232357249540441,0.4342748056543936,0.4219064423532197
435,1.7944107315221653,2.385955279335107,1.6375892240838354,2.2317612591911766,0.43413807078950084,0.42174358945904356
436,1.793940428352109,2.3857963182733046,1.6371426134224398,2.2316300934436275,0.4340409785607467,0.42162503329190343
437,1.7934678781673332,2.385566568881472,1.6366985520205823,2.231433344822304,0.43391814279084157,0.4214786413944129
438,1.7930031905137884,2.384718743093401,1.6362616481551204,2.230617627910539,0.43380219613758253,0.4213396476976799
439,1.7925334321940496,2.3852499229474975,1.635821508691014,2.231183220358456,0.43367335757013203,0.42118585759943183
440,1.7920593352830343,2.3845715936459415,1.6353764668047188,2.2305386412377453,0.4335471779599835,0.42103530421401514
441,1.7916014808278706,2.3843858254293466,1.63494691657254,2.230385694316789,0.4334246242007013,0.4208892822265625
442,1.7911418803888226,2.3838177597016683,1.6345115814821787,2.229845952052696,0.43332809599319305,0.4207709110144413
443,1.7906705946590067,2.3835413752517,1.6340680103225402,2.229601811427696,0.43320836234014026,0.42062766335227275
444,1.7902083505397763,2.383319820576063,1.6336335576681726,2.229412482766544,0.4330886286870875,0.4204846931226326
445,1.78975655238189,2.382743788807512,1.6332105766817269,2.228869868259804,0.4329671626830652,0.4203388560901989
446,1.7892869436496632,2.3828217931435023,1.632767593812751,2.2289787741268383,0.43285367355094884,0.42020296039003313
447,1.7888236046953832,2.3824075090319297,1.6323313762863956,2.2285960477941176,0.4327370017275165,0.4200631806344697
448,1.7883766467894655,2.3822980069569524,1.6319100621234939,2.228516582414216,0.43262903194616337,0.4199323249585701
449,1.787911576367852,2.381119065667848,1.6314708050953814,2.227367685355392,0.43251848378197194,0.4197994347774621
450,1.787451303718702,2.381561378785751,1.6310370387801205,2.227840887331495,0.4324044709158416,0.41966266054095647
451,1.7869916286842573,2.381495988724562,1.6306064100150603,2.2278092926623776,0.4322775661355198,0.4195110899029356
452,1.7865311715011638,2.3804246236008213,1.6301708788278113,2.226766907935049,0.432175075417698,0.41938698508522726
453,1.7860670170149833,2.380507154801564,1.6297343671561244,2.2268815582873773,0.43205505975402225,0.4192436449455492
454,1.785614415552396,2.3802935194646504,1.6293089349585843,2.226699649586397,0.43193721960086634,0.41910215435606063
455,1.7851631468262945,2.379997875434995,1.6288805613077308,2.226430855545343,0.4318425446060231,0.41898674242424244
456,1.7847052631759777,2.379548964983655,1.628449344252008,2.226012944240196,0.43173119069719473,0.4188522801254735
457,1.784243239164688,2.379163892421973,1.6280126364834338,2.2256575042126228,0.43162245545843647,0.41872114701704544
458,1.7837880241626234,2.3788615156266766,1.6275829882028112,2.225384880514706,0.43151323677289605,0.41859001390861744
459,1.7833334786777109,2.378772112198566,1.6271560852786144,2.225327675015319,0.4313947923112624,0.41844759854403407
460,1.7828796585961106,2.378534699886587,1.626727711627761,2.225119916130515,0.4312856944874175,0.4183165116743608
461,1.7824314582397596,2.37829787217753,1.6263042403990964,2.2249123965992648,0.4311762743657178,0.41818376020951703
462,1.781969596832798,2.377262353875058,1.6258663560491968,2.223904718137255,0.4310783361050949,0.41806501908735794
463,1.7815112309235626,2.3773699158565074,1.625432981927711,2.224041628370098,0.4309703260365099,0.41793444084398673
464,1.781054828782403,2.3774841003559004,1.625003921937751,2.2241876340379902,0.43085123697916666,0.4177920254794034
465,1.7806001966774578,2.376658655757077,1.6245729990273594,2.2233898686427698,0.43075358072916664,0.4176731456409801
466,1.7801492712776097,2.3767526170369573,1.6241484492658131,2.2235145718443627,0.43063900384179044,0.41753586277817234
467,1.7796913774203789,2.3759824830149237,1.6237114473519076,2.222769224877451,0.4305530308890264,0.4174295598810369
468,1.7792420124477162,2.376295772579438,1.6232885644139057,2.2231134152879903,0.4304378899804043,0.41729144472064394
469,1.7787917403079505,2.375462351563725,1.622862053683484,2.22230775122549,0.43033942798576735,0.4171716863458807
470,1.7783430611064517,2.3756642377841684,1.622439170745482,2.222539924172794,0.4302271071833746,0.4170361143169981
471,1.7778895677271276,2.37506912103508,1.6220108951430723,2.2219743317248772,0.4301176467744431,0.4169042413884943
472,1.7774507350262625,2.374984601064193,1.621597719001004,2.2219199984681373,0.4300015389722566,0.4167650627367424
473,1.777006861735699,2.374200705562699,1.6211743458207832,2.2211602902879903,0.4299204407745462,0.41666416977391096
474,1.7765564548429587,2.374193528340879,1.620747148751255,2.2211803959865195,0.42982105217357675,0.4165435791015625
475,1.7761125764294459,2.3741592541006664,1.620330344816767,2.2211777630974265,0.42970208397792903,0.4164009325432055
476,1.775674119619423,2.373635828596551,1.6199150116089358,2.220681583180147,0.4296024536535685,0.4162799257220644
477,1.7752348856017754,2.373342469385955,1.6195005608370985,2.2204170975030637,0.42949875431879125,0.416154433741714
478,1.7747921550376562,2.3730827981403984,1.6190810115461847,2.220184685202206,0.4293991239944307,0.41603347315932765
479,1.7743536333361813,2.372496386103845,1.6186629329819278,2.219622443704044,0.42931472224370876,0.41592957467743846
480,1.7739217141100483,2.373219322324972,1.6182548553589358,2.220373295802696,0.4292121106641914,0.41580593224727747
481,1.7734882177838318,2.371919218634917,1.6178442284764056,2.219099934895833,0.4291174356693482,0.415690566554214
482,1.7730536202689464,2.3722981303811834,1.617433895739207,2.219507314644608,0.4290132528877888,0.41556442723129733
483,1.7726186572772828,2.3716127038236547,1.6170236610504518,2.218851007199755,0.4289018184044967,0.4154304735588305
484,1.7721933567101797,2.371864200480474,1.6166223487700804,2.2191305721507355,0.4287984413675743,0.4153057676373106
485,1.771762108280025,2.370964388833185,1.616208682385793,2.2182516659007354,0.42873164513717,0.41522105823863636
486,1.7713232649900503,2.371444794364028,1.6157941335655122,2.2187605315563728,0.4286267371854373,0.41509431781190814
487,1.770882167667482,2.3709694380447592,1.6153766432919177,2.2183129404105393,0.42852468962716583,0.41497067538174714
488,1.7704532708727245,2.3708800130587107,1.6149704285893574,2.2182502297794118,0.42842723481332506,0.4148522116921165
489,1.7700327233390396,2.370154709876737,1.6145729401982931,2.2175517961090687,0.42833199579723596,0.41473647608901515
490,1.7696115032367534,2.370052599273216,1.614174079129016,2.2174759210324755,0.4282367970683787,0.4146209716796875
491,1.7691935264626346,2.3701983015383163,1.6137767868348394,2.2176461014093136,0.4281515089985561,0.41451568603515626
492,1.7687728038849213,2.3696833641801227,1.6133774355233435,2.21715638403799,0.4280611850247525,0.4144052216500947
493,1.7683605157237396,2.368875864408839,1.6129859280873493,2.216373219209559,0.42797714585911717,0.4143019705107718
494,1.7679437268187093,2.369313240134378,1.6125930479731425,2.2168387618719363,0.42787054584364687,0.41417338053385416
495,1.7675287491062373,2.3685926580400745,1.612200560052711,2.2161446365655637,0.4277745010829208,0.41405658143939394
496,1.7671252635962889,2.368940704218773,1.6118162101531124,2.216515395220588,0.4276971495977723,0.413960312352036
497,1.7667158893068975,2.3677544908932178,1.611427938315763,2.2153538124234067,0.4276119823896452,0.4138559977213542
498,1.7663037843129286,2.367810193381231,1.6110357445406627,2.215433038449755,0.427528990692038,0.4137539025508996
499,1.7658929240480425,2.367986383345557,1.6106489434299698,2.215637446384804,0.4274252913572607,0.4136284105705492
500,1.765482294542887,2.3675766592616965,1.6102593969628514,2.215252565870098,0.4273362162876444,0.4135195645419034
501,1.765081602410705,2.366619700583372,1.6098791650978916,2.2143195657169117,0.42725358717512374,0.4134179317589962
502,1.7646738821779977,2.367131227878735,1.6094897166792168,2.214852845435049,0.42718058671101483,0.41332642526337593
503,1.7642648025116823,2.3665200179275008,1.6091023272778615,2.214267147288603,0.427088731822401,0.4132143887606534
504,1.7638682388755953,2.3662784172708364,1.6087257232053214,2.2140490962009802,0.4270054984014026,0.41311220111268937
505,1.7634668530256399,2.36572773983339,1.608347060115462,2.2135251512714462,0.42690751985354786,0.4129930438417377
506,1.763059626471854,2.36566855775316,1.6079597687625502,2.2134894875919118,0.42682456844317246,0.4128910873875474
507,1.762664209628772,2.365265635863589,1.6075856159011044,2.2131115483302697,0.426734204182137,0.4127811316287879
508,1.7622652099975595,2.3654216905929957,1.6072048937939256,2.2132893880208333,0.42666043826062294,0.41268874659682764
509,1.7618638382276879,2.36437677911416,1.6068231912023092,2.212267587699142,0.42658163643512786,0.4125912753018466
510,1.7614639691100307,2.3646094487805316,1.6064420769013554,2.2125224992340686,0.4265038820776609,0.41249509869199813
511,1.7610619620486176,2.364596023363131,1.6060633157630522,2.212536381740196,0.42640376830651816,0.41237362948330963
512,1.7606689488959653,2.3637883599529945,1.605689751192269,2.2117515414368873,0.42632456360870463,0.41227620442708335
513,1.7602711198280272,2.363426214157571,1.6053081466490964,2.2114087871476715,0.42626103064408005,0.4121957489938447
514,1.7598850835960955,2.3639142459399185,1.604943406438253,2.2119219611672793,0.42617066638304457,0.41208514589251893
515,1.7594857231669425,2.3624551601539614,1.6045643511546184,2.210486797257966,0.426085096302599,0.4119802301580256
516,1.759089313897341,2.3627075949034424,1.6041863744038654,2.21076109643076,0.4260089534344059,0.4118859030983665
517,1.758696458161859,2.362790190798147,1.6038163395770582,2.210870481004902,0.42591061230146454,0.4117666533499053
518,1.7583062594084926,2.3622976443000527,1.6034420886671688,2.2103970396752453,0.4258480462304043,0.4116872151692708
519,1.7579149513058177,2.3615483441311604,1.6030689162901606,2.2096691655177696,0.4257763349577145,0.4115976044625947
520,1.7575194850494387,2.3620342604955167,1.6026945673318274,2.2101799460018383,0.42568673615408414,0.41148820356889204
521,1.7571244944828013,2.36144844875687,1.6023199242281627,2.209618183210784,0.42560060205239275,0.4113825017755682
522,1.756742037930986,2.360699665031552,1.6019554781626506,2.208890548406863,0.42552913250309404,0.4112938620827415
523,1.7563505825133339,2.361010802549726,1.6015816194465362,2.209222771139706,0.42545806582611384,0.4112042976148201
524,1.7559582474955784,2.360463757987478,1.6012091334086345,2.2086993049172796,0.4253708036819307,0.4110976710464015
525,1.755574286912587,2.3603389712942073,1.6008443931977911,2.208597340303309,0.42528950404806104,0.4109974254261364
526,1.7551832968271772,2.3595880603242523,1.6004718091114458,2.20786803002451,0.4252168258818069,0.4109071673768939
527,1.7548000915107291,2.359678723682875,1.6001078532881525,2.2079814836090685,0.4251352845245462,0.4108069679953835
528,1.7544122527223294,2.3594657801945877,1.5997369360253515,2.2077888039981617,0.4250675616878094,0.4107214725378788
529,1.7540306026267989,2.3588011282965353,1.599373470444277,2.2071456609987745,0.4249938763407591,0.41062982732599435
530,1.7536428554093928,2.358888908754428,1.5990040239081325,2.2072550455729165,0.4249181363448845,0.4105364250414299
531,1.753262152668062,2.3589520986567964,1.5986442841679216,2.20734312768076,0.4248276109349216,0.4104254520300663
532,1.752883767846367,2.357815996415467,1.5982837600401607,2.2062279794730393,0.42475682626856437,0.4103375983960701
533,1.7525014563874444,2.35774877908734,1.5979162744728916,2.2061786726409314,0.424698812654703,0.410263154000947
534,1.752117390476713,2.3575806514694406,1.5975517303589357,2.206033863740809,0.4246118728083746,0.4101566199100379
535,1.751741663064428,2.3575061147579888,1.5971948340235944,2.205981684666054,0.42453194294038776,0.41005813136245267
536,1.7513613268944832,2.356962271489081,1.5968334274598392,2.2054601332720587,0.42445539719987624,0.40996324943773677
537,1.7509832868070496,2.3567711898653614,1.5964739818649598,2.2052911496629903,0.42437639393822196,0.40986587062026514
538,1.7505982096994115,2.356238022127615,1.5961035548443776,2.204775582107843,0.42431938750515674,0.4097930908203125
539,1.7502238191329786,2.3565141096421733,1.5957490116716868,2.2050752527573527,0.42423482460550743,0.4096887761896307
540,1.749845344527436,2.3559860539563835,1.5953886836408133,2.204568780637255,0.42415799685437294,0.40959389426491477
541,1.7494683305838126,2.3552881394092453,1.5950287478037148,2.203891170726103,0.42408926683683995,0.40950770522608904
542,1.74909708233203,2.3554022541777755,1.5946759695030122,2.2040271235447304,0.42401127075598183,0.4094118522875237
543,1.7487174291776193,2.354932656668748,1.5943126019703815,2.2035773782169117,0.4239407681002475,0.40932302763967804
544,1.7483492091841653,2.3548899995538513,1.593961882686998,2.203555597043505,0.423866881317038,0.40923138242779356
545,1.7479734190956338,2.3544231249131236,1.5936054765938754,2.2031115962009804,0.4237867500128919,0.40913238525390627
546,1.7475973557174167,2.3541533415440465,1.5932466192896586,2.202862429151348,0.4237141121338696,0.4090418497721354
547,1.7472224868409099,2.3537681250680187,1.5928864873556727,2.2024950214460786,0.42365545392429865,0.40896689675071024
548,1.7468545487052005,2.3538423135079602,1.592537532944277,2.2025917202818626,0.42357649094987626,0.4088689630681818
549,1.7464820871109967,2.353325604590959,1.5921834800138053,2.202096976485907,0.42349748768822193,0.4087713068181818
550,1.7461117199751048,2.352718314356384,1.5918288387926707,2.2015084060968135,0.423435646787335,0.4086931170839252
551,1.7457442809768333,2.3526489453647224,1.5914794921875,2.2014605353860293,0.4233585773128094,0.4085980964429451
552,1.7453752842420336,2.3525507981981657,1.5911267138867973,2.201382266773897,0.42328799408261136,0.40850876316879736
553,1.7450092268577067,2.3522655503934167,1.5907789360567268,2.2011187385110293,0.42320979656559404,0.40841244784268466
554,1.7446398754546182,2.3515690919137313,1.5904251772715863,2.2004408892463236,0.42314823767533005,0.40833439682469225
555,1.7442704924844714,2.351793666473669,1.590075242375753,2.2006886201746325,0.4230640373607673,0.40823082201408617
556,1.7439053616781945,2.351205594939289,1.5897236406563755,2.2001170438878677,0.423010777640264,0.40816183379202176
557,1.7435424377996753,2.350634798828254,1.5893774316014055,2.19956605200674,0.42294309509075906,0.4080773555871212
558,1.7431738974644435,2.3505988874742045,1.5890250454944779,2.1995495366115194,0.42287533196679045,0.40799250747218274
559,1.7428047847745742,2.350833473721849,1.5886756008408633,2.199807559742647,0.4227893590140264,0.40788685191761365
560,1.7424440020739496,2.3500905587724032,1.588331450803213,2.19908447265625,0.4227207095709571,0.4078011252663352
561,1.7420825668386495,2.3497693008097467,1.5879830846824798,2.198779296875,0.42266898076526405,0.4077335242069129
562,1.7417223225781588,2.349167882050824,1.5876398170808232,2.1981981464460785,0.42259662489686467,0.4076436360677083
563,1.7413569643647715,2.3492009790060018,1.587291156814759,2.198251282935049,0.42252559850711635,0.40755504261363634
564,1.7409924366470044,2.3493977039740357,1.5869448497113454,2.1984698127297793,0.42244711897947607,0.40745784875118374
565,1.740639321196328,2.348862824173361,1.586609720130522,2.1979563993566176,0.4223693646220091,0.40736185709635414
566,1.7402773368048954,2.3479164626117175,1.5862590988955823,2.197023877910539,0.4223297219858705,0.4073084050958807
567,1.73991215780529,2.347982131294144,1.5859101444841868,2.1971090877757353,0.42226070995771453,0.40722207734079074
568,1.7395516285362345,2.348229872638765,1.5855684456576304,2.197379317938113,0.4221786045792079,0.40712086070667614
569,1.7391978231691017,2.3472367103452245,1.585229982429719,2.19640443091299,0.4221175291357261,0.4070436882250237
570,1.7388360919516384,2.3470651396425706,1.5848806358245482,2.1962481330422796,0.42206890244688533,0.40697983250473485
571,1.7384743875459572,2.3469916546361285,1.5845349170117973,2.196193799785539,0.4220015019080033,0.4068956779711174
572,1.7381237963179532,2.347070192198647,1.5842031210780623,2.196294806985294,0.421919315955033,0.4067943688594934
573,1.7377650806683982,2.3460653958717588,1.5838602456701807,2.195309149050245,0.42185155283106435,0.40670915083451703
574,1.737407586497443,2.3459493418357518,1.5835152131965362,2.195208381204044,0.4218027649932962,0.40664534135298297
575,1.7370514082371966,2.3458717443000654,1.5831762597264056,2.195151415058211,0.42172920050794144,0.40655378861860797
576,1.736699918186183,2.345245675872543,1.582839561370482,2.1945429783241424,0.4216703005749794,0.40647934422348486
577,1.7363420732162873,2.345638734804031,1.5824998235128012,2.1949577780330882,0.42159161961117986,0.4063816417347301
578,1.7359862464880327,2.3450336897380284,1.582159889558233,2.1943718405330883,0.42152413849783416,0.406297256007339
579,1.7356379867521927,2.3450339371506246,1.5818242697351907,2.194387637867647,0.4214736585963284,0.4062314120205966
580,1.7352830724790986,2.3441327580853466,1.581485022119729,2.193505141314338,0.42141044792955856,0.4061517888849432
581,1.7349249117285463,2.344224376903868,1.5811431271962852,2.193616440716912,0.42134042872060645,0.406063935250947
582,1.734572403601106,2.344036344237443,1.5808067229856928,2.193447696461397,0.42127185985200083,0.4059785322709517
583,1.7342308007981215,2.343499105172306,1.5804781626506024,2.192926384420956,0.4212223468440594,0.40591328938802085
584,1.7338749229970771,2.3432162076663348,1.5801382286960342,2.1926628561580883,0.4211509578692244,0.40582427978515623
585,1.7335169215456256,2.3430841470225903,1.5797965298694778,2.192550359987745,0.4210809789475041,0.40573711973248106
586,1.733176215170814,2.343190124556043,1.579471303181476,2.192675063189338,0.421014666163882,0.40565388997395835
587,1.7328294928784485,2.342143542679527,1.5791370560366467,2.19164368872549,0.42096805383663366,0.405592207475142
588,1.7324741527187495,2.342285335523394,1.5787962396460844,2.191803098192402,0.4209067769569926,0.40551471132220646
589,1.7321209898207899,2.3419065736954603,1.5784590510479417,2.191443589154412,0.4208380872266914,0.40542884595466383
590,1.7317820770521912,2.342278335318437,1.5781369619101406,2.1918356502757352,0.4207650867625825,0.4053377093690814
591,1.731433927851123,2.3411378846194015,1.5778041854919678,2.190713560814951,0.4207024804042904,0.4052588260535038
592,1.7310838255796328,2.341176837758199,1.5774644476342872,2.190765500536152,0.42066344207662953,0.40520583644057767
593,1.7307297610288876,2.3408523152185725,1.5771268668423695,2.1904608034620097,0.4205920128145627,0.40511691931522253
594,1.730390446773047,2.3404136514163154,1.576803110881024,2.1900409773284313,0.42052424969059404,0.40503188624526515
595,1.7300434457034328,2.3404077950715156,1.576471412995733,2.1900536630667893,0.42045817863036306,0.40494893391927084
596,1.7297025582573688,2.3403810379835233,1.5761443233872992,2.1900438495710786,0.42040117219729783,0.4048753680604877
597,1.7293594537003296,2.339359902230601,1.5758149786646587,2.1890392827052696,0.4203465024236799,0.4048054088245739
598,1.729008329930998,2.3397532052503305,1.5754785744540662,2.189450492110907,0.420283573767533,0.4047257856889205
599,1.7286625964656346,2.3394001156827158,1.5751484453438755,2.1891161151960783,0.42021750270730196,0.40464311079545456
600,1.7283240488542986,2.3386674455892154,1.5748206693963354,2.188396857766544,0.42017681260313533,0.40458817915482953
601,1.7279839649537183,2.3393332629658063,1.57449691343499,2.1890823663449757,0.4201057459261551,0.4044996319395123
602,1.727641549077115,2.338071379928201,1.5741696277296686,2.187838685278799,0.42004374387634075,0.40442097981770836
603,1.7272991564609328,2.338142809677401,1.5738415576367972,2.1879277248008577,0.41997924401815184,0.404339599609375
604,1.7269537593666282,2.3377575800046912,1.5735078987826305,2.1875569661458334,0.41993263169090345,0.4042784719756155
605,1.7266203243598028,2.33754170046629,1.5731870842745983,2.187356387867647,0.41988231293832506,0.4042136452414773
606,1.726273727532296,2.3377946126334317,1.5728571512612952,2.1876294902726716,0.41980899017636136,0.4041220000295928
607,1.7259380817367735,2.3374008470045315,1.5725370230923694,2.1872544232536764,0.41974175078640674,0.40403807668974906
608,1.7256029765690726,2.336446801448345,1.5722109139683735,2.1863116096047794,0.4197110922029703,0.4039950284090909
609,1.7252569480296425,2.3365668172289173,1.57187941217997,2.1864492378982843,0.4196486469936056,0.40391642252604165
610,1.7249158005415552,2.3363761569520713,1.5715526167168674,2.186275945925245,0.4195876521245875,0.4038395274769176
611,1.7245863782592095,2.336322033109543,1.5712382734061245,2.1862400428921567,0.4195242400216584,0.4037593494762074
612,1.7242477453318916,2.3358089695794044,1.5709107916039156,2.1857409907322305,0.41947694281146863,0.40369720458984376
613,1.7239126617307206,2.3357185491807564,1.570589780998996,2.1856677485447302,0.4194161896658416,0.4036203557794744
614,1.7235746501830267,2.334972016063863,1.5702653386985441,2.184937480851716,0.41936147960499176,0.403550858931108
615,1.7232341050802094,2.3350074428881467,1.5699389354292168,2.1849901386335784,0.41930076674659655,0.40347401012073864
616,1.7229017047653796,2.3349010452771175,1.5696173365336346,2.1848972694546567,0.4192579414191419,0.4034167665423769
617,1.7225656406163263,2.3342472466121076,1.569295345444277,2.1842603496476714,0.4191998472308168,0.4033435243548769
618,1.72222802590379,2.3343455099497583,1.5689710992407129,2.184375,0.41914284079775166,0.40327074455492423
619,1.7218998349652752,2.333959753054506,1.5686577364144076,2.1840073529411765,0.4190761654290429,0.40318705240885416
620,1.7215677983446638,2.333616485948286,1.5683374121485945,2.183678481158088,0.41903112430383666,0.4031273581764915
621,1.7212307401738065,2.3334722273397137,1.568013656187249,2.18355042700674,0.4189746416047855,0.4030556418678977
622,1.720894153332604,2.333286089656329,1.5676917631463354,2.1833821614583333,0.4189104640444513,0.4029749090021307
623,1.7205710546711481,2.3328436544237885,1.5673808515311245,2.1829544366574756,0.4188622805151609,0.40291281035452176
624,1.7202324313002477,2.3324672712624612,1.5670525853413655,2.1825910979626224,0.4188212278259076,0.4028576475201231
625,1.7198952870253221,2.3325313950063467,1.5667290254769077,2.1826717601102943,0.4187631739248144,0.40278403542258523
626,1.7195777162230663,2.3326746288069624,1.566426742124749,2.182833802466299,0.4186927921307756,0.40269571940104165
627,1.7192449416401963,2.3316576991890607,1.566107202246486,2.181832825903799,0.4186392101124175,0.40262733228278885
628,1.7189108625734997,2.331692027283823,1.5657820736069277,2.181878542432598,0.41860512711427394,0.40258026123046875
629,1.7185767553863838,2.3314297917316225,1.5654622395833333,2.181633683746936,0.41854308477722774,0.40250211773496686
630,1.718248964491176,2.330751170531558,1.5651471118850402,2.1809704350490198,0.4184918797055487,0.40243618127071495
631,1.717921263550275,2.3308519817152584,1.5648321802836345,2.1810867608762257,0.4184376128042492,0.4023674242424242
632,1.717586660850464,2.3308360024276737,1.5645088165160643,2.1810848460477943,0.41839192708333334,0.40230689771247635
633,1.7172678601697147,2.330515568683413,1.564204180001255,2.1807818244485295,0.4183272257889851,0.40222556374289775
634,1.7169339413415556,2.329713274207203,1.56388199281501,2.1799938725490198,0.4182807746106642,0.40216485225793086
635,1.7166063842758723,2.3300581473596513,1.5635667670682731,2.1803538602941175,0.4182284414964934,0.4020979447798295
636,1.7162773934510136,2.3295994398127515,1.5632485998682228,2.1799086626838236,0.4181844478393152,0.4020397764263731
637,1.7159547173900453,2.328900475333593,1.5629383745921184,2.1792248295802694,0.4181340485122731,0.40197485721472537
638,1.7156273022335662,2.329380682833621,1.562624717620482,2.179721727558211,0.4180753500154703,0.4019005977746212
639,1.7153064094442436,2.328856029413538,1.5623181201367973,2.179214776731005,0.4180094803913985,0.40181732177734375
640,1.7149894662391687,2.3286916312584585,1.5620107382655624,2.1790623085171568,0.41797221470193896,0.4017674301609849
641,1.714663356248353,2.3279841670887995,1.5616961008094878,2.1783689012714462,0.4179267707044142,0.4017079208836411
642,1.7143363075799412,2.3280993105537737,1.5613811692080823,2.1784988702512256,0.4178754447710396,0.40164230809067236
643,1.7140171468786374,2.328283004594524,1.5610766307417168,2.1787004059436272,0.4178108240511551,0.40156097412109376
644,1.7137011067290058,2.3269245791068487,1.560770131306476,2.1773538028492645,0.41777609645730196,0.40151357939749055
645,1.7133759881419548,2.327387883692612,1.5604569645770583,2.17783203125,0.41772223242832096,0.40144449869791665
646,1.7130491481996997,2.3271720607689823,1.5601434056538654,2.1776324103860296,0.41766470226124175,0.40137162642045454
647,1.7127433913971464,2.3271073812131022,1.559849750564759,2.1775826248468135,0.4176128123066213,0.40130518132990056
648,1.7124172498339219,2.3264257548566367,1.5595340345758033,2.176913871017157,0.4175735322555693,0.4012524229107481
649,1.7120939842967202,2.3264118442848947,1.559222828815261,2.1769148284313724,0.41752188402433993,0.4011860702977036
650,1.7117739636715044,2.3262619717475124,1.5589157410893575,2.1767807904411764,0.41746612649546205,0.40111518628669507
651,1.7114642030144653,2.3255013920222445,1.5586183601593875,2.1760354434742646,0.41741214160478546,0.4010461055871212
652,1.7111414058464323,2.325426288397468,1.5583042129455322,2.175971296721814,0.417378824064047,0.40100051417495264
653,1.7108191874906118,2.3254886959280174,1.557994281814759,2.176048847273284,0.41732584635416664,0.4009326356830019
654,1.710505003914673,2.3247228570531253,1.557692194559488,2.1752977558210786,0.4172758096122112,0.4008683175751657
655,1.710186232107268,2.3249294255166553,1.557386185366466,2.1755198759191177,0.4172204549556518,0.40079835833925187
656,1.7098779044732957,2.3251254911744463,1.5570881180973895,2.1757288315716914,0.4171786368089934,0.40074268687855114
657,1.7095590125884608,2.3239596210473947,1.556781030371486,2.1745773016237746,0.4171318230455858,0.4006818366773201
658,1.7092384133757625,2.3242450603148392,1.5564721777735944,2.174877450980392,0.4170781201655322,0.4006130334102746
659,1.7089239736714825,2.3239866421093143,1.5561707768574298,2.1746349858302696,0.4170208720090759,0.40054057728160514
660,1.7086124421236402,2.3230923059969335,1.5558677091177209,2.1737512925091913,0.4169905357234942,0.40049817634351326
661,1.7082929294240665,2.323366964784339,1.555558954568273,2.174039234834559,0.4169450111515058,0.40043940688624524
662,1.7079693407275416,2.3232542582729936,1.5552478468561748,2.173941817938113,0.4168907442502063,0.4003704186641809
663,1.707671399858174,2.3232224687966783,1.5549619375941266,2.1739248238357844,0.416838531997731,0.40030378861860794
664,1.707351428086721,2.322217523599132,1.554650437688253,2.172930549172794,0.4168081554249175,0.4002612489642519
665,1.7070334696036547,2.3225680120705756,1.5543438402045682,2.173295084635417,0.41675948844884486,0.40019854921283143
666,1.7067253297431157,2.3221603015787085,1.5540487143888053,2.172903502221201,0.41669877559044965,0.40012197783499054
667,1.7064166009567046,2.3216213914107247,1.5537511373619477,2.1723781211703432,0.4166536538907797,0.40006390195904357
668,1.7060999107750143,2.32205587593472,1.5534442457329318,2.1728249942555147,0.41661356809509076,0.40001017252604165
669,1.7057859862695572,2.3217127217356817,1.5531422565261044,2.1724966011795344,0.4165615169915429,0.3999434500029593
670,1.7054756586154982,2.321034693600534,1.5528435029179217,2.171832634420956,0.4165142197813531,0.39988259980172824
671,1.705166996080391,2.3210736283445668,1.5525424941955321,2.1718814625459557,0.41648472952764026,0.39984130859375
672,1.704846777438137,2.3209519218978234,1.5522349162274096,2.171775189568015,0.41642953602000826,0.3997714880741004
673,1.7045433184341527,2.3204234477261187,1.5519425357680723,2.1712603400735295,0.4163840114480198,0.399712256229285
674,1.7042262052789514,2.3205245275579913,1.5516373109626005,2.1713761871936272,0.4163296639722566,0.39964312929095647
675,1.703928859571358,2.3201956129612413,1.551349734877008,2.171059522441789,0.41628965875103136,0.3995900934392756
676,1.7036166744156351,2.3196864432782367,1.5510473534764055,2.170562385110294,0.41625194990202147,0.3995398781516335
677,1.703300513231556,2.3198825749597303,1.5507430111069278,2.170773016237745,0.41620086569203796,0.3994747277462121
678,1.7029967167366795,2.3197027205086123,1.550451218938253,2.1706078622855394,0.4161486937267945,0.39940842137192234
679,1.7026925664067012,2.3189067662018017,1.5501545243473895,2.169821346507353,0.4161227890367162,0.3993714766068892
680,1.7023800846588315,2.3190854435693615,1.5498538097703314,2.170014504825368,0.41607202712458746,0.39930641867897726
681,1.7020732861242405,2.319218248062703,1.5495583898092369,2.1701612285539214,0.4160234004357467,0.3992443200313684
682,1.7017698228129123,2.318242217842294,1.5492664995921184,2.1691995059742646,0.41597283995977724,0.39917926210345644
683,1.7014623298634233,2.3185113995232784,1.5489663733057228,2.1694781135110293,0.41594504176980196,0.39914042154947915
684,1.7011565445513759,2.3182745593831493,1.548673796749498,2.169257429534314,0.41588630298576734,0.3990663470643939
685,1.7008517969292656,2.317621780307866,1.5483788670306224,2.168616680070466,0.41584746609426565,0.3990153919566761
686,1.7005409480315785,2.3180096876376486,1.5480785446473393,2.1690175972732844,0.4158027472669142,0.3989575010357481
687,1.7002388373721815,2.3175056453187795,1.5477850856551205,2.1685245289522057,0.4157679793858292,0.398910429983428
688,1.6999346790994154,2.3170322535925276,1.5474911364206827,2.168063534007353,0.4157275712922855,0.3988579027580492
689,1.6996255377933065,2.3172111611464805,1.5471923828125,2.168255256204044,0.41568373878403464,0.39880121404474433
690,1.699320311527083,2.3168596974906333,1.5468997082078313,2.167919443167892,0.4156252417233911,0.39872695460464014
691,1.6990223962204822,2.3163895319198677,1.5466088965235945,2.167458208869485,0.4156004247885726,0.3986919056285511
692,1.6987134676168922,2.3165580299111994,1.5463100448669678,2.16763916015625,0.41555792175897277,0.39863683527166194
693,1.6984140963081003,2.3164313177717095,1.5460226648782631,2.1675271426930145,0.41550591094265676,0.39857048265861744
694,1.6981115676903624,2.3157380673348125,1.545730186370482,2.1668461818321076,0.41546578485973595,0.39851800167199336
695,1.6978028535114649,2.315759924807202,1.5454291776480924,2.1668777765012255,0.4154359723081683,0.39847726532907196
696,1.6974974211768725,2.315745781067221,1.545134640122992,2.166877058440564,0.41538867509797855,0.3984166925603693
697,1.6971929053708807,2.3150971576572057,1.5448399065010041,2.1662403779871324,0.41535024107879537,0.3983662460789536
698,1.6968905806575207,2.3152031155064483,1.5445488006714359,2.166360294117647,0.41529847198587044,0.3983004483309659
699,1.696582313334769,2.3150254511000528,1.5442480860943775,2.1661922679227943,0.41526910259385313,0.3982599431818182
700,1.696280940632279,2.3142476074154277,1.543957078313253,2.1654270546109067,0.4152269218621081,0.3982053814512311
701,1.6959727789491388,2.3146615026177706,1.5436594032379518,2.165853821997549,0.4151820821730611,0.3981479529178504
702,1.6956666487973435,2.3141593541939707,1.5433609437751004,2.1653614717371323,0.4151518667491749,0.39810638427734374
703,1.6953639005111902,2.3140139674403737,1.543067680879769,2.1652276731004902,0.41511379531507836,0.39805677009351326
704,1.6950547705853356,2.313770889641862,1.5427697116591366,2.1649983723958335,0.4150651686262376,0.39799444025213065
705,1.694763837288771,2.314088967224391,1.542488704819277,2.165328680300245,0.4150225850221741,0.39793969356652464
706,1.694458451364183,2.3127662261682835,1.5421910297439758,2.164015586703431,0.41499498826835807,0.3979011766838305
707,1.6941488251551267,2.3132618005291308,1.5418915897966867,2.164523973651961,0.4149480939304868,0.39784088134765627
708,1.6938486877338463,2.3131485797098588,1.5416027390813254,2.1644246419270834,0.4148985809225454,0.3977777654474432
709,1.6935494908881452,2.3122963692991303,1.5413092800891064,2.1635797238817402,0.41488129770008253,0.3977513631184896
710,1.6932392372898226,2.3126098268946746,1.5410089577058232,2.1639054840686276,0.41483875438325085,0.3976962927616004
711,1.6929386056491964,2.3123579787024338,1.5407192245544679,2.1636670879289217,0.4147910543007426,0.39763521136659563
712,1.6926325357535856,2.311931202309812,1.540422333866717,2.163251570159314,0.4147545137814563,0.39758716930042615
713,1.6923226488864065,2.311902553744463,1.5401190700301204,2.163231464460784,0.4147296968466378,0.39755202784682764
714,1.6920125177129592,2.31178476203792,1.539819826179719,2.1631271063112747,0.4146819564768977,0.3974910389293324
715,1.6917198891926644,2.311265944875474,1.5395360739834338,2.162619198069853,0.41464686629795794,0.39744470769708806
716,1.691436807615783,2.3110098443699014,1.5392639895519578,2.162376972273284,0.4145956612262789,0.39737872499408144
717,1.69112740771235,2.3108523152790155,1.538962686684237,2.1622297698376225,0.41456254512169965,0.3973338734019886
718,1.690823867848784,2.3104468026692904,1.5386671686746989,2.1618341184129903,0.4145320476871906,0.3972930445815578
719,1.6905426676577298,2.3105889573238576,1.5383962608245483,2.1619889801623775,0.4144875705832302,0.397235801003196
720,1.6902424453898037,2.3098965901176927,1.5381040764620983,2.1613070618872547,0.41445433361695544,0.3971898859197443
721,1.6899386225639481,2.3099036188516595,1.5378085584525603,2.161324295343137,0.4144216203846947,0.39714669892282195
722,1.689644485327524,2.3097991168482466,1.5375243160140561,2.1612321442248774,0.4143787144827764,0.39709093498461173
723,1.6893707121688777,2.309528697822215,1.5372621344754016,2.1609760359221815,0.4143273885494018,0.3970251834753788
724,1.6890635951706179,2.3087530312878455,1.5369605374623494,2.1602074716605393,0.41431010532693896,0.39699882738517994
725,1.688752779794537,2.309212846711279,1.5366591365461848,2.1606789981617647,0.41426969723339524,0.39694630015980115
726,1.6884928862320263,2.3086693402498932,1.5364098974021085,2.1601488300398284,0.41422248059766914,0.39688503380977747
727,1.6881922595629997,2.3082009304825086,1.5361190857178715,2.159692622166054,0.41417933297235976,0.3968292236328125
728,1.6878838917801504,2.3084282716713447,1.5358164101719378,2.159927428002451,0.41415862533518977,0.39679898348721593
729,1.6875999901331789,2.308146918600224,1.535543443304468,2.159659591375613,0.41411003893358084,0.3967369773171165
730,1.6873174381035059,2.307395777887123,1.5352705744854418,2.158920467601103,0.4140699531378919,0.39668412642045453
731,1.6870089408236346,2.307617342173168,1.534967408697289,2.159149050245098,0.4140508569899959,0.396655967018821
732,1.6867164014970775,2.3075132217049608,1.5346857155183233,2.1590583352481616,0.4140027137479373,0.3965945157137784
733,1.6864455014039677,2.3066175121504564,1.5344232398343374,2.1581732058057597,0.4139691141965759,0.3965489243016099
734,1.6861437153302479,2.307127344588946,1.5341309574234439,2.158694757199755,0.4139277794966997,0.39649598092743843
735,1.6858465433358778,2.306629945399022,1.5338408320783132,2.158206475949755,0.41389965900886966,0.3964569091796875
736,1.6855591761430797,2.3062984976639735,1.5335619823042168,2.157885502833946,0.41386597888304455,0.39641233502012313
737,1.6852767793856953,2.3060279950858216,1.533289897872741,2.1576279584099263,0.4138208571833746,0.39635319565281724
738,1.684988277173808,2.3060220469082355,1.5330084988391064,2.1576313093596813,0.4137896345786922,0.39631065599846116
739,1.6846856105467898,2.3053847468957858,1.5327138632655624,2.157003963694853,0.41375812996338696,0.39626853249289773
740,1.6844122638541565,2.3058179534974568,1.532449328564257,2.1574482038909313,0.4137205419760726,0.39621924198035036
741,1.6841224414578495,2.305209023811923,1.5321710670808233,2.15685364966299,0.41366808800020627,0.3961521495472301
742,1.683824585010126,2.3047751954349973,1.5318780983308233,2.156426164215686,0.41365310114995874,0.396128798976089
743,1.6835401113800113,2.304992501141805,1.5316019939131527,2.1566540287990197,0.41361740666254126,0.39608154296875
744,1.6832676117190708,2.3045345255171195,1.5313408909073796,2.156210267310049,0.41356567785684817,0.39601514411695077
745,1.6829720558431271,2.304111315814813,1.531053314821787,2.1557969037224263,0.4135341732415429,0.39597329804391573
746,1.6826695961276013,2.3042788895145927,1.5307564241340361,2.155971871170343,0.41351334474267737,0.39594273422703596
747,1.6824104009517646,2.3041291386687477,1.5305073810868475,2.155834721583946,0.4134682230430074,0.3958848895448627
748,1.6821135815121415,2.3032994877334287,1.5302186284199297,2.155015175015319,0.4134363155553837,0.3958415638316761
749,1.6818160018932342,2.3034444473376405,1.5299271303965865,2.1551681219362746,0.41341282809921615,0.3958079944957386
750,1.6815574098143151,2.3034504112908016,1.5296794600276105,2.155187748927696,0.4133617438892327,0.39574284409031724
751,1.6812657702563194,2.30257444626885,1.5293959039282128,2.1543220071231617,0.41332927238036304,0.39569854736328125
752,1.6809674782104025,2.3030349302704267,1.5291064649221888,2.154793533624387,0.41329083836117986,0.3956486095081676
753,1.6806914562498907,2.302616356612747,1.5288370277986947,2.1543835209865194,0.4132644502243193,0.39561175722064396
754,1.6804280675565608,2.3018419667112555,1.5285822979417671,2.1536199831495098,0.41322903774752473,0.395564316258286
755,1.6801275419507364,2.302315206383529,1.5282903096762048,2.1541039560355393,0.41319205406868814,0.39551581180456913
756,1.6798477657308297,2.302046629150858,1.5280201862136045,2.153847369025735,0.4131492690284653,0.3954608339251894
757,1.6795795984573672,2.301416580181055,1.5277568280936245,2.1532236136642156,0.4131343224654497,0.39543739087653884
758,1.6792959110814456,2.301365049657723,1.5274816061119478,2.153182923560049,0.4130972179249175,0.3953878229314631
759,1.6790094807706892,2.3014099124317364,1.5272053055973895,2.15324036841299,0.4130520156507838,0.3953298857717803
760,1.6787274699551253,2.3008300847334144,1.5269311621485944,2.152670228247549,0.4130207527588696,0.39528845584753786
761,1.6784693200955563,2.3007306873071953,1.5266788835027612,2.152578795189951,0.4129977084622525,0.39525428540778884
762,1.6781834783361196,2.3005540519599013,1.5264036615210843,2.1524155560661766,0.41294726884797855,0.39518982858368845
763,1.6778965218888682,2.3001765913449237,1.526123439068775,2.1520464728860293,0.41292208932807345,0.3951552882339015
764,1.6776268107510464,2.3003130072361175,1.5258595907065764,2.1521905637254903,0.4128994076165429,0.3951228286280776
765,1.6773581293626674,2.2997471682218036,1.5256017232994479,2.151638375076593,0.41285001547029704,0.3950588341915246
766,1.6770662323531698,2.2995482361843194,1.5253167945218373,2.1514480890012253,0.41282318417388614,0.39502253676905774
767,1.6767828998924348,2.2997361123038496,1.5250420627823795,2.1516467524509806,0.41278543503764437,0.3949733849727746
768,1.6765413642075124,2.2989689440697956,1.5248078250502008,2.1508891984528185,0.41275477645420794,0.39493047540838067
769,1.6762474185756497,2.2988252820922668,1.5245210333521586,2.150754442401961,0.41272669625360975,0.3948926521070076
770,1.6759589499266456,2.29894289877656,1.5242414972389557,2.1508832146139705,0.4126874162025578,0.3948416969992898
771,1.675709123996993,2.298795511506765,1.5239976507592872,2.1507436714920343,0.4126636064485355,0.39480812766335227
772,1.6754290567932766,2.2979026417774104,1.5237255663278113,2.1498609355851714,0.4126309335035066,0.3947635997425426
773,1.6751398496698726,2.2983829987122295,1.5234437751004015,2.150350652956495,0.41259942888820134,0.39472184614701705
774,1.6748717490153862,2.2977494690622398,1.5231860057417168,2.1497300091911766,0.4125518093801568,0.39466099594578596
775,1.6746142803628012,2.2975298067706014,1.5229349036772089,2.1495188993566177,0.412525743541151,0.39462335759943185
776,1.6743343278062808,2.29748821141437,1.5226621329066266,2.1494863472732844,0.4124971396065388,0.3945844708066998
777,1.674048407652424,2.297440110315716,1.5223858323920683,2.149450204886642,0.4124539114067657,0.3945291230172822
778,1.6738003752877069,2.29695172965743,1.522142182009287,2.1489676681219363,0.41243985116285065,0.3945068359375
779,1.6735196213214112,2.2968815522028003,1.5218708819653615,2.148909505208333,0.41239722727155526,0.39445079456676135
780,1.6732447361365594,2.2963325759284277,1.5216043862951807,2.1483709597120098,0.4123619759436881,0.3944045558120265
781,1.67296991222071,2.296627378251566,1.5213338706388053,2.1486715877757354,0.41234658622112214,0.394380927808357
782,1.6727228865384063,2.2962011827345594,1.521096299259538,2.148257506127451,0.41230364003197195,0.3943242390950521
783,1.6724394547198256,2.2956726747148775,1.520820390938755,2.147738348268995,0.41227326345915843,0.3942837801846591
784,1.6721530013145214,2.2961185086671456,1.520542227503765,2.1481945561427698,0.41223684380156767,0.3942364316998106
785,1.6719073503689357,2.2953505576784687,1.5203017146711848,2.147433411841299,0.41221871454723596,0.3942091045957623
786,1.6716313077798017,2.2952903987214364,1.52003433656501,2.147384344362745,0.41217987765573433,0.39415764086174243
787,1.6713532611193083,2.294903879239314,1.5197642131024096,2.1470078412224263,0.41214474718956273,0.39411140210700757
788,1.671083913748322,2.2950277093645686,1.5194995803526608,2.14713804955576,0.4121271013820132,0.39408486106178975
789,1.670840403632068,2.294548250851776,1.519266127008032,2.1466713101256127,0.41208133508663364,0.39402525930693655
790,1.6705536327300499,2.2943615199624414,1.5189864928463856,2.146493470435049,0.4120528923009488,0.3939870198567708
791,1.6702721963008746,2.2945904678019344,1.5187131337851405,2.1467325846354166,0.41201743953692244,0.39394059614701704
792,1.6700350625637834,2.2936191241764945,1.5184811511671688,2.1457679898131126,0.41199914913366337,0.39391340775923295
793,1.6697524947991198,2.293958242467632,1.518206419427711,2.146117206648284,0.41196458268873765,0.3938669840494792
794,1.669475350766775,2.293885847889898,1.5179374725464359,2.1460552140778186,0.41192808245668316,0.3938190806995739
795,1.6692244298797694,2.293155812156266,1.5176949006965361,2.1453354779411766,0.41189319371390265,0.39377353552616
796,1.668954463935239,2.2931674962564137,1.5174300718498996,2.145354147518382,0.41187321124690596,0.39374361905184657
797,1.6686830711217542,2.2927452290792423,1.5171659293423694,2.144941023284314,0.4118435598442657,0.3937036687677557
798,1.6684037237695777,2.292913420887413,1.5168955117344378,2.145120538449755,0.41180121796359326,0.393649199514678
799,1.6681737931525793,2.292441990167904,1.5166719612826305,2.1446576286764705,0.4117745075288779,0.393611191258286
800,1.6678886834573594,2.292079217117077,1.5163934056538655,2.1443031460631126,0.41174840140264024,0.3935755411783854
801,1.6676119084080545,2.2923924770041677,1.516124654869478,2.144626512714461,0.4117131500747731,0.3935293024236506
802,1.6673725402327704,2.2916519833536615,1.5158899268950803,2.1438921760110294,0.41169747834158416,0.3935050733161695
803,1.6670925970698518,2.291662808400204,1.5156183327058232,2.1439137178308822,0.41165993064150164,0.3934551816998106
804,1.6668230642751705,2.2912878670619725,1.5153563472640563,2.1435482249540443,0.41162834545173266,0.39341328938802084
805,1.6665668560148066,2.291697248435063,1.5151082847013053,2.143967811734069,0.4115920063686056,0.39336621833570073
806,1.6663142385006486,2.290424310426441,1.5148606143323293,2.1427016314338236,0.41157415912489687,0.39333838260535037
807,1.666029218947011,2.29096861175116,1.5145829411395582,2.143255256204044,0.41154184876495464,0.3932957967122396
808,1.6657648995731442,2.2905503710326625,1.5143272307981928,2.1428478764552694,0.41150248813943896,0.39324465664950287
809,1.6655257381335429,2.290269856162376,1.514093091114458,2.1425742953431373,0.41148250567244227,0.39321450898141574
810,1.6652555262859305,2.289845358987779,1.513830615430472,2.1421594956341914,0.41144975215294965,0.39317118326822914
811,1.6649713401425363,2.290343076671052,1.513554118819026,2.142666925168505,0.41141579001650164,0.39312665534741953
812,1.6647408877904069,2.289610536046065,1.5133274308170181,2.141939529718137,0.41140382470864273,0.3931069576379025
813,1.6644691173226296,2.2894590579661442,1.513064562939257,2.1417995078890932,0.4113627720193894,0.3930527658173532
814,1.664200191437649,2.289260133463864,1.51280257749749,2.1416092218137255,0.4113350544038779,0.3930154511422822
815,1.663943445464851,2.289552105854327,1.5125530442080823,2.141910328584559,0.4113033483524134,0.39297369754675665
816,1.6636987035293154,2.2887187072427517,1.5123154728288153,2.141086473651961,0.4112720451732673,0.39293004816228694
817,1.6634207649575423,2.288579400109719,1.5120438786395582,2.140955068550858,0.4112471476639851,0.39289634011008523
818,1.6631454351195198,2.288927814626942,1.5117749317582831,2.141311705346201,0.4112194300484736,0.39285907167376893
819,1.662926454152487,2.2875526305020046,1.5115621666352912,2.1399447571997547,0.4111948548370462,0.3928234678326231
820,1.6626449832393375,2.2883315396323067,1.5112882192833836,2.1407334271599265,0.4111589992007013,0.392776396780303
821,1.6623750159296042,2.287856532088237,1.511024665066516,2.1402664483762255,0.4111328930744637,0.3927413015654593
822,1.662140009541044,2.2879178065577457,1.510798467306727,2.14033873314951,0.4110927267043111,0.39268979159268463
823,1.6618838286970947,2.28697657890821,1.510546482806225,2.139403339460784,0.41107850531146867,0.3926663485440341
824,1.661601211051327,2.2875653648363876,1.5102707705823293,2.1400010052849265,0.411047887015264,0.392625565962358
825,1.6613631206031247,2.287358244388908,1.5100419255145583,2.1398054534313724,0.41100550484735976,0.3925711891867898
826,1.6611123722231336,2.286402505003376,1.5097949414846887,2.13885498046875,0.41099353953950085,0.3925506591796875
827,1.6608360909184876,2.286863813042019,1.509525798506526,2.139325310202206,0.41096239750928215,0.39250950668797346
828,1.660572679074045,2.286160720439369,1.5092696959713856,2.1386314242493873,0.4109316180641502,0.39246844667376896
829,1.6603407344914087,2.286124042166714,1.509042713824046,2.138601505055147,0.4109116758843853,0.3924389463482481
830,1.6600746251207836,2.285838782897977,1.508783375690261,2.1383250517003676,0.4108807352903259,0.39239751642400567
831,1.659799029788336,2.2859460398043834,1.5085158995356425,2.1384425742953432,0.4108437918987211,0.39234942811908147
832,1.6595750443804238,2.2856396676583155,1.5082982319904619,2.138144100413603,0.4108182900809612,0.3923152114405776
833,1.6593032549580413,2.285230065407025,1.5080319324171687,2.1377419864430145,0.4107953263588078,0.3922816883433949
834,1.6590431681758107,2.2853566717111438,1.5077795557228915,2.13787841796875,0.410760236179868,0.3922357270211885
835,1.6587921141112407,2.2849402216513846,1.5075346307103414,2.137469602098652,0.4107359026918317,0.39220294374408143
836,1.6585425150987234,2.2846489687520637,1.5072899998431224,2.1371852500765933,0.4107151950546617,0.39217205625591856
837,1.6582780513245021,2.284169070920732,1.5070324265813253,2.1367139629289214,0.41068634939665843,0.3921338630445076
838,1.658012409058742,2.2847686378729337,1.506773186495984,2.1373216816023284,0.41065863178114687,0.3920968720407197
839,1.6577875480240314,2.283694379996284,1.506556107241466,2.136257276348039,0.4106252336659447,0.3920522054036458
840,1.657512814333083,2.283883734768733,1.5062860818273092,2.136453067555147,0.4106061778052805,0.39202409224076706
841,1.6572488796925344,2.28371842108631,1.506028998807731,2.1362965303308825,0.41057499548783005,0.39198284727154353
842,1.6570212629630088,2.283966907852041,1.5058084878576807,2.136554074754902,0.41054292685127886,0.3919407237659801
843,1.656764806530086,2.2825086460225594,1.5055574838416164,2.1351031135110294,0.4105218163417904,0.39190942012902463
844,1.656488250219697,2.2835038255951052,1.5052865759914658,2.1361055261948527,0.41049748285375415,0.39187668309067236
845,1.6562519195602818,2.2827572372133305,1.5050571426330321,2.135367599188113,0.41046831489789604,0.39183793501420455
846,1.6559991989190657,2.2824262055464843,1.5048100605547188,2.1350442325367647,0.41044422313325085,0.3918033021869081
847,1.6557355160490645,2.2825975295618566,1.504551899002259,2.1352225509344365,0.4104217428578795,0.3917727383700284
848,1.6554817555302241,2.282607994590835,1.5043058954568274,2.1352428959865195,0.41038629009385313,0.39172631466027463
849,1.655254955771947,2.281725608083748,1.5040860708458836,2.1343694948682597,0.41035631639335807,0.39168553207859846
850,1.6549809274366265,2.2819461299729773,1.503816437625502,2.1345959233302696,0.4103392748942863,0.391660331957268
851,1.6547223127026849,2.2816174175171535,1.5035638648343375,2.134274950214461,0.4103140953743812,0.39162593032374526
852,1.6544927634044697,2.2817547873571744,1.5033424714482932,2.134422870710784,0.41027453331270625,0.3915744203509706
853,1.6542381981645116,2.280863559476344,1.5030925459651105,2.133537980621936,0.41025652492007014,0.3915471394856771
854,1.6539728344436253,2.281490937840736,1.5028340902673192,2.13417418236826,0.4102250605919967,0.39150584827769885
855,1.6537374772828781,2.2807199752484246,1.5026051471511044,2.1334113625919118,0.4101981487211221,0.3914695046164773
856,1.6534889034196982,2.2806767899036062,1.5023614967683232,2.1333749808517157,0.41017727993502473,0.3914388020833333
857,1.6532235585815651,2.2803059436870883,1.502102256682982,2.133011881510417,0.4101518184044967,0.3914044004498106
858,1.6529736906921924,2.280533476882605,1.5018594887361947,2.1332486021752453,0.41011926632116336,0.39136121345288827
859,1.6527472987304412,2.2796011136556733,1.501637016817269,2.132321585860907,0.41010568952403054,0.39133952747691764
860,1.6524787776578036,2.280185607781211,1.5013749333270583,2.1329144646139704,0.4100764812809406,0.39130031701290247
861,1.6522288660788944,2.279251289128423,1.5011329497678212,2.1319903205422794,0.4100399810488861,0.3912520437529593
862,1.652001181310154,2.2796694056369327,1.5009123407693272,2.1324175666360294,0.41000754982724835,0.39120899547230115
863,1.6517454493823847,2.278867046104104,1.500660062123494,2.131620040594363,0.4099958262427805,0.3911895751953125
864,1.651477186151853,2.279279571450598,1.5003991552146085,2.1320420209099264,0.4099618641063325,0.3911448623194839
865,1.6512588582553336,2.278855011979605,1.5001862920431728,2.1316243489583333,0.40993982699051157,0.3911149458451705
866,1.6509975262571026,2.2785318346351584,1.4999299934111445,2.131308162913603,0.40991815245977725,0.3910830411044034
867,1.6507475513904342,2.2787272159593797,1.499687421561245,2.13151304955576,0.40988398888717,0.3910381895123106
868,1.650508679037424,2.2782003477734607,1.4994538701681728,2.1309929342830882,0.4098629589521452,0.39100905909682765
869,1.6502663764190573,2.2782242864129127,1.4992193382906627,2.131026922487745,0.40982670044348185,0.3909611095081676
870,1.650010298211427,2.2773526039659964,1.4989670596448292,2.130160462622549,0.40981340565697194,0.39093993215849904
871,1.649761926529688,2.2781337042894347,1.4987249780371485,2.130949850643382,0.4097829485096947,0.39089947324810603
872,1.6495381474370432,2.2769520647524057,1.4985086831701808,2.1297777362898285,0.4097505575752888,0.39085591634114586
873,1.6492683525983978,2.2773320082172575,1.4982426777422189,2.130163095511642,0.40973500670379537,0.3908319646661932
874,1.6490216834724283,2.277045618426078,1.4980013805220884,2.1298835305606616,0.4097128890135107,0.39080190947561555
875,1.648797073745044,2.2769052325298023,1.4977854778488955,2.1297542796415443,0.4096719168987211,0.39074845747514203
876,1.6485475694474612,2.276284455306744,1.4975384938190262,2.1291372261795343,0.40966482634591583,0.3907345858487216
877,1.6482794158084426,2.276745164719731,1.497276508377259,2.129605880438113,0.409637189304868,0.3906976873224432
878,1.648062208923546,2.2766468368493,1.4970671749497992,2.129517558976716,0.4096007696472772,0.39065029259884
879,1.6478169821637954,2.27553522869676,1.4968254855358936,2.128411027496936,0.40958840146709985,0.3906293926816998
880,1.6475507121212225,2.27623953102209,1.4965648727723393,2.129122625612745,0.4095633830961221,0.3905957771070076
881,1.6473261889917037,2.2753414069382423,1.4963477935178213,2.1282341452205884,0.4095285346405734,0.3905496308297822
882,1.6470825824253479,2.2756689665682237,1.4961114967683233,2.1285711550245097,0.40949461279135724,0.3905046405214252
883,1.646830128416735,2.2751486010421442,1.495861767382028,2.1280546300551473,0.4094867567811469,0.39049026026870265
884,1.646582894251351,2.275407607497308,1.495621156501004,2.1283222273284315,0.40945629963386965,0.39044975511955493
885,1.6463638761563146,2.274464967883427,1.4954092738140061,2.127388748468137,0.4094249158802599,0.39040749289772725
886,1.6460984954307845,2.2749903234677116,1.4951470922753514,2.1279186772365195,0.40941266856177805,0.3903879801432292
887,1.6458553197891355,2.274968781526973,1.4949105994289658,2.1279057521446076,0.40938200997834157,0.390347382516572
888,1.6456326926346119,2.2737383765441446,1.4946953830948795,2.1266848096660538,0.40934937732054455,0.39030368689334755
889,1.6453747107813221,2.274340272418515,1.4944398688504017,2.1272903741574756,0.40934075585292906,0.3902886592980587
890,1.6451220802113644,2.273833158395704,1.4941931789658633,2.126790843290441,0.40931585834364687,0.3902548125295928
891,1.6448939683543964,2.2740452359600525,1.4939721777735944,2.1270122453278186,0.4092810098880982,0.39020894368489584
892,1.6446611802249267,2.273773952803219,1.4937468624497992,2.1267506318933824,0.4092460808580858,0.390162704930161
893,1.6443981815491506,2.2731486123892752,1.4934866418800201,2.126129270067402,0.4092377011138614,0.3901474461410985
894,1.644156102969223,2.2735253132178994,1.4932505412274097,2.126513671875,0.4092111115408416,0.39011184229995266
895,1.643935836266583,2.2726155113401036,1.493037187813755,2.125612745098039,0.4091806141063325,0.3900707822857481
896,1.643670744353992,2.2729398860768955,1.492775986759538,2.125942574295343,0.40916462007528875,0.3900465994170218
897,1.6434324943414453,2.2731565515733894,1.4925434158509037,2.126166609221814,0.40913875567244223,0.39001201282848014
898,1.6432087119695626,2.2720885520064176,1.4923267287901607,2.1251077090992645,0.40910741220606434,0.38996998180042614
899,1.6429517019623268,2.2725257496271243,1.492072391127008,2.1255488376991423,0.4090977029831889,0.3899535670424953
900,1.6427024274789221,2.27179436291595,1.4918294270833334,2.1248255112591914,0.40907034795276404,0.38991680723248107
901,1.6424810330640076,2.2719811196949578,1.4916151912336848,2.125021541819853,0.4090369901247937,0.3898725105054451
902,1.6422432554046351,2.2721015781184235,1.491380561307731,2.125146484375,0.40902490395523927,0.38985336766098483
903,1.6419799279076903,2.271226466468453,1.4911238704819276,2.124280024509804,0.4089939633611799,0.38981203021425187
904,1.641756448840073,2.2718237827719343,1.4909063990336346,2.1248851102941178,0.4089666486179868,0.3897755940755208
905,1.641525614252655,2.270813790236541,1.4906818680973895,2.1238831763174018,0.40893961588541666,0.38973888050426136
906,1.6412582559694344,2.27107600771634,1.490418313880522,2.1241507735906864,0.408923863577764,0.389714882590554
907,1.6410314365257939,2.270874967312525,1.4901963322038152,2.1239559397977943,0.4089036796746081,0.3896872780539773
908,1.6408017618812007,2.2706991669222996,1.489974546623996,2.1237903071384805,0.40886625283622113,0.3896381724964489
909,1.6405530713994605,2.270164420317445,1.4897285430785643,2.123259420955882,0.40885775223030113,0.3896230524236506
910,1.6403034443681883,2.270526967150957,1.4894846965988955,2.123629461550245,0.4088314446679043,0.38958795720880685
911,1.640093453091242,2.2702445131542266,1.4892821285140563,2.1233565984987743,0.40879647535066005,0.38954181093158147
912,1.6398375614837049,2.2694755032275498,1.4890296537713354,2.122592342601103,0.4087843891811056,0.38952229817708334
913,1.639585999398708,2.2700952409751944,1.4887832580321285,2.1232187308517156,0.40876134488448845,0.3894914569276752
914,1.639381161203073,2.2689984572091935,1.4885857884663654,2.122131587009804,0.40872645614170794,0.3894448020241477
915,1.639122403614376,2.2693718102713847,1.4883302742218876,2.122509526271446,0.40871344336582094,0.3894247344045928
916,1.6388782822390364,2.2696645417228867,1.488092506745733,2.1228103936887255,0.4086845574205858,0.38938654119318183
917,1.638665950374437,2.268609911200315,1.487886703062249,2.121764179304534,0.4086559534859736,0.38934770063920454
918,1.6384173673011093,2.268861197375099,1.4876413858559236,2.1220200482536766,0.40864286013562295,0.3893277254971591
919,1.63816472325723,2.268409804335803,1.4873939115838353,2.12157532935049,0.4086209841687294,0.38929767030658147
920,1.637945797042766,2.268795775158331,1.4871811464608433,2.121969305300245,0.4085925816702764,0.38925975452769884
921,1.6377203799823403,2.2676569843600745,1.4869596550263555,2.1208359662224265,0.40857699051155116,0.38923584909150094
922,1.6374610299500434,2.2683781725547965,1.4867060037023092,2.121564558440564,0.40855080381084985,0.3892009388316761
923,1.637240800034489,2.267754668554803,1.4864909834651105,2.1209477443321076,0.4085290487056518,0.38917106859611744
924,1.6370069741569881,2.2675626713030015,1.4862647857053213,2.1207655962775736,0.4084928304842203,0.38912344267874055
925,1.6367647032654375,2.267759170698444,1.486025155308735,2.120965935202206,0.40848296011241747,0.3891072591145833
926,1.6365342023354905,2.267257911630249,1.4857999380333835,2.120471430759804,0.40846096328382836,0.3890770652077415
927,1.63630679556432,2.266995642089038,1.48558089780999,2.1202201095281863,0.40841938686056106,0.3890225497159091
928,1.636060996637972,2.266664509744607,1.4853365610881024,2.1198912377450982,0.408417009913882,0.38901542894767993
929,1.6358305072151682,2.267107053633184,1.4851121282003013,2.1203417011335786,0.40838897000051566,0.38897779060132576
930,1.6356082394666285,2.2662034733561294,1.484896421623996,2.1194465188419116,0.4083595603212665,0.38893862637606536
931,1.6353535732223263,2.266628222134024,1.4846446332203815,2.119875440410539,0.4083481187474216,0.38892036206794506
932,1.6351357247289608,2.2661111301103034,1.4844320641942772,2.1193651386335786,0.4083255981848185,0.3888896132960464
933,1.6348975432670056,2.266109601330142,1.4842007679154117,2.11937255859375,0.40829312667594886,0.3888465650153883
934,1.6346595924409488,2.2662131782763937,1.483966039941014,2.1194807464001224,0.40827983188943895,0.388826035008286
935,1.6344362743984278,2.2657948276728552,1.4837478821536145,2.1190690582873772,0.40825787534808167,0.3887958873401989
936,1.6341990120701182,2.2656390685491177,1.4835175663591869,2.1189223345588237,0.40822500096689357,0.38875233043323865
937,1.6339602945949707,2.2652742353048847,1.483283818869227,2.118563782935049,0.4082040918935644,0.3887241247928504
938,1.633730289562972,2.26557763410762,1.483057032818775,2.118871830958946,0.40819136112830035,0.38870377974076703
939,1.633506723336426,2.265237689482589,1.4828405418549198,2.1185410443474266,0.40815800330033003,0.3886597604462595
940,1.6332542838374846,2.265045153806176,1.4825930675828314,2.1183548272824755,0.40813705393976896,0.3886313698508523
941,1.6330224153576243,2.265159006675982,1.4823648108057228,2.1184740253523286,0.40812005272792906,0.3886056611032197
942,1.6327957913435578,2.264374479768677,1.4821442998556726,2.117697323069853,0.4080929797081271,0.38856936368075284
943,1.6325306097678933,2.2651702394697653,1.4818846675765562,2.1185003542432597,0.4080671555925124,0.3885347770922112
944,1.6323113323103775,2.2649453153287236,1.4816690590486947,2.1182806276807598,0.4080518867316419,0.38851142652107007
945,1.6320709516150258,2.2641694045247847,1.4814345271711848,2.1175123027726714,0.4080261029032591,0.3884762850674716
946,1.6317986312358976,2.2648868424643567,1.481168031501004,2.1182373046875,0.4079990298834571,0.38844031131628787
947,1.631559940653557,2.2644794665436274,1.4809319308483935,2.1178337545955883,0.4079899249690594,0.3884244976621686
948,1.6312932833062548,2.264604352403413,1.4806721024723895,2.1179675532322304,0.40795757432188534,0.38838140314275565
949,1.631012572166498,2.264357595067847,1.480396390248494,2.117727242264093,0.4079365846740924,0.38835241144353694
950,1.6307557222777906,2.264942053068728,1.4801454842808734,2.118319402956495,0.4079089476330445,0.3883157441110322
951,1.630538954196944,2.2645033735714866,1.4799332094001003,2.117887130438113,0.4078888845915842,0.388285781397964
952,1.630282719739369,2.2637186292513705,1.4796819112387047,2.11710875268076,0.4078680158054868,0.3882571133700284
953,1.6300619023648093,2.2639654032893013,1.4794667929530623,2.1173629461550245,0.4078415068069307,0.38822178696141096
954,1.6298498386623597,2.2633236696149224,1.4792588322038152,2.116726983762255,0.4078236192759901,0.3881951534386837
955,1.6296021063134976,2.263561956917263,1.479016064257028,2.1169718424479167,0.40780065555383666,0.3881638035629735
956,1.6293818677129315,2.2634497889917093,1.4788015342620482,2.116867005591299,0.4077742271297442,0.3881290320194129
957,1.6291599022459018,2.262225312260485,1.478582690135542,2.1156470205269606,0.40776278555589934,0.38810988917495265
958,1.628907669279315,2.2627357298055877,1.4783366865901104,2.116165460324755,0.4077334967383457,0.3880715110085227
959,1.6287101576284724,2.2635030309936903,1.4781440213980923,2.1169390510110295,0.40771137904806104,0.3880418719667377
960,1.6284809178406137,2.2617545550955778,1.477918313880522,2.115195599724265,0.40769788282539193,0.3880201397520123
961,1.6282211781523201,2.262224671002496,1.4776642703627008,2.1156731100643382,0.40767113210344474,0.38798467462713065
962,1.628020140700995,2.261858551373944,1.4774678793298193,2.115312882965686,0.4076515525087665,0.3879582260594224
963,1.627794066659431,2.262129242130732,1.4772454074108936,2.115588857613358,0.40763588077557755,0.3879337657581676
964,1.62755016786713,2.261115486566608,1.477007247740964,2.1145823759191176,0.4076107415429043,0.3879003351384943
965,1.6273204636092622,2.261699635825582,1.4767820304656125,2.115172382429534,0.4075905173525165,0.387873008034446
966,1.6271241638645497,2.2615752185386597,1.476589561370482,2.1150534237132352,0.4075739593002269,0.387847900390625
967,1.6268710872999153,2.260712378835524,1.4763424792921687,2.1141984528186275,0.4075455568017739,0.38780979965672346
968,1.6266437612553222,2.2612500919033027,1.4761198112763554,2.1147422640931373,0.4075242851433581,0.38778115474816527
969,1.6264350249732313,2.2600975845648197,1.475917243191516,2.1135976753982844,0.40749664810231023,0.3877440481474905
970,1.626189998066586,2.2609619930008185,1.475674867438504,2.1144660500919117,0.4074858914114068,0.3877264774206913
971,1.6259741921217334,2.2606338539659965,1.4754644554781626,2.114144837622549,0.4074613564872112,0.3876938790986032
972,1.6257537308043606,2.2596226843067497,1.475249827434739,2.113141228170956,0.4074351697865099,0.3876584139737216
973,1.6255020801898818,2.2599125221692167,1.4750007843875501,2.113434914981618,0.40742469510622936,0.38764146747011125
974,1.625301404258847,2.2599809735381835,1.4748053738391065,2.113510071997549,0.4074018925330033,0.38761076493696733
975,1.6250741384138736,2.2596285763128114,1.4745847648406125,2.1131663602941178,0.40737014619430695,0.3875686183120265
976,1.6248364994601419,2.258983007723044,1.4743485661395583,2.1125229779411763,0.4073673663753094,0.3875612663500237
977,1.6246082596249973,2.2592493387696893,1.474125898123745,2.112796559053309,0.407341461685231,0.3875267491196141
978,1.6244112149765915,2.2594849984515357,1.4739359782881527,2.1130416570925243,0.4073054851871906,0.38747933127663353
979,1.624163486356429,2.2584591384376953,1.473690366936496,2.1120188993566176,0.4072991600917904,0.3874672860810251
980,1.6239340046120396,2.2588477172770967,1.4734661301455823,2.112414311427696,0.4072746654548267,0.38743466463955967
981,1.6237249769058497,2.257833951608949,1.4732627776731928,2.111407829733456,0.40724936507322607,0.38740065603545215
982,1.6234766533402358,2.2583418152133503,1.4730170682730923,2.11191956763174,0.40723872924401816,0.3873834320993135
983,1.6232718672416753,2.2576731143215274,1.47281753969001,2.111257515701593,0.40721580580909655,0.38735293764056583
984,1.6230557211611378,2.258271854758507,1.4726073238265562,2.1118640376072304,0.40718756445957094,0.38731516057794746
985,1.6228191841719317,2.257911994537678,1.4723736743850402,2.1115083582261027,0.40717604231126237,0.3872967806729403
986,1.622600396660051,2.2571464260134313,1.4721600268260542,2.110749368106618,0.4071536426103548,0.38726656364672113
987,1.6223767740374957,2.2572974385929996,1.471942163183986,2.110907820159314,0.40712660987778465,0.3872307979699337
988,1.6221423415682812,2.256748291114348,1.4717096903237952,2.1103616153492646,0.40712084880363036,0.3872194001168916
989,1.6219286614882769,2.2568303131145826,1.4715024159136547,2.110452090992647,0.40708882045431105,0.38717720725319604
990,1.6217272776172076,2.257353807372402,1.471306907316767,2.110983216528799,0.40706098197710394,0.387140331846295
991,1.6214804117285657,2.256137505270211,1.4710622764495482,2.1097701727175244,0.40705397199876237,0.38712743123372395
992,1.6212600304345304,2.2565640563823806,1.4708472562123494,2.1102036420036763,0.4070288327660891,0.38709434740471116
993,1.6210482052473227,2.2555656193852656,1.470641256431978,2.109212718290441,0.40700252520369223,0.38705892851858426
994,1.6208083486016782,2.256554419077481,1.4704029987136045,2.1102041207107844,0.4069969655656972,0.3870480624112216
995,1.6206104507850485,2.256099176546005,1.470211804248243,2.109757486979167,0.40696517893976897,0.38700656312884707
996,1.620384866281699,2.2552226798388166,1.469991195249749,2.1088874368106616,0.406943665557962,0.3869768547289299
997,1.620137497378628,2.255402146942145,1.4697464663340865,2.109070781632966,0.40693286857982675,0.38695953831528174
998,1.6199495265897033,2.2547589799368857,1.4695634098895582,2.1084338618259806,0.4069115969214109,0.3869309396454782
999,1.6197218674853935,2.255529281274709,1.4693415262612952,2.1092117608762253,0.4068841613165223,0.3868941567160866
1000,1.6194914543549346,2.2551522345217716,1.469113955823293,2.1088388480392157,0.4068726391682137,0.38687582304983426
1001,1.6192800113005865,2.2542981417001084,1.4689084462851405,2.107992493872549,0.40684431724422443,0.38683818470348014
1002,1.6190605361340822,2.254498558273613,1.4686944065323795,2.108200013403799,0.4068186139903053,0.38680387554746687
1003,1.6188362794491264,2.254393562109878,1.4684721307103414,2.1080980487898286,0.40681249033106437,0.3867918072324811
1004,1.6186234857486097,2.254315856975904,1.4682655426393072,2.1080283969056373,0.40678300007735146,0.38675289732037166
1005,1.6184136582546822,2.254107979875024,1.4680616999246987,2.107828297334559,0.4067546781533622,0.3867153283321496
1006,1.6181730922296553,2.253276545050562,1.4678229519641064,2.1069996553308825,0.4067494005259901,0.3867044159860322
1007,1.6179698057249807,2.253633813614372,1.4676248941076808,2.1073637120863973,0.4067251476124175,0.38667209509647255
1008,1.6177673585308836,2.253356633192951,1.4674280128325803,2.1070937212775736,0.4067001695286716,0.38663829456676135
1009,1.6175182323255892,2.2534039873594245,1.4671811268511545,2.107144464231005,0.4066914674865924,0.3866234981652462
1010,1.6173254290509091,2.2532895582076575,1.4669946387110944,2.107038191253064,0.40666149378609734,0.38658414898496685
1011,1.617108447579591,2.252447985148378,1.4667822657818774,2.1062026079963236,0.406641430744637,0.3865564982096354
1012,1.6168677862013632,2.2525249717582954,1.4665446944026104,2.106284227558211,0.40662668561778054,0.38653404929421165
1013,1.6166796472777412,2.2526323463770863,1.4663611477158633,2.1063974417892157,0.4066068642997112,0.38650730017459756
1014,1.6164600350413931,2.252269517557687,1.466147696253765,2.106042719822304,0.40657737404599836,0.3864678585168087
1015,1.616228285352493,2.2523664995378465,1.4659183609437751,2.106143248314951,0.4065677051103548,0.38645216045957625
1016,1.6160240894945566,2.2515767251967502,1.465719126506024,2.1053598441329657,0.4065459097179249,0.38642268325343276
1017,1.615808537725026,2.2517532076136444,1.465509008691014,2.1055434283088235,0.40652008560231023,0.3863883047392874
1018,1.6155843742300442,2.2509327114077777,1.4652869289658634,2.1047260359221815,0.40651363964521453,0.38637591275301847
1019,1.6153794937192483,2.251989802960366,1.4650869101405624,2.105789483762255,0.40649083707198846,0.38634548765240295
1020,1.6151767104590842,2.2510314071029693,1.4648881659450301,2.104836856617647,0.4064727883921205,0.3863184148615057
1021,1.614934365498038,2.250837122856166,1.4646491238391064,2.1046468098958333,0.4064595741800743,0.3862998268821023
1022,1.6147396467342228,2.250875197075819,1.4644608708270583,2.1046934838388482,0.40642686094781355,0.38625663988517994
1023,1.6145300660789914,2.2500761424050975,1.4642562437248996,2.10390074486826,0.4064049446936881,0.3862272089177912
1024,1.6142919766428432,2.2503224034346223,1.4640199469754016,2.1041499119178924,0.40639809586427394,0.3862145626183712
1025,1.6141148472378248,2.250952727247986,1.4638482641503514,2.1047873104319854,0.4063724328975866,0.386180507775509
1026,1.6138934494129618,2.2496484795279055,1.4636324595256025,2.1034902535232844,0.4063474145266089,0.38614677660392993
1027,1.6136532646524462,2.250038476909845,1.4633938096134538,2.103882793351716,0.40634185488861385,0.38613591049656726
1028,1.613471102810725,2.2493533557799417,1.4632169302208835,2.103204465379902,0.4063181659962871,0.3861041675914418
1029,1.6132441597474658,2.249374390192423,1.4629955368348393,2.103232709099265,0.40629201958281763,0.386069326689749
1030,1.6130230608384988,2.2492677668879164,1.462777280998996,2.1031302657781863,0.40628017513665426,0.3860504612778172
1031,1.6128342013088828,2.2494044170856884,1.4625925577309238,2.1032722024356616,0.4062625696163366,0.3860264402447325
1032,1.612618644590684,2.2490867871124376,1.4623824399159135,2.1029617608762257,0.4062366246390264,0.385991553104285
1033,1.61238766571222,2.248372447652975,1.462153888993474,2.1022511201746323,0.40622631110767327,0.3859744910037879
1034,1.612194371810832,2.248754018852953,1.4619657340298695,2.1026393516390933,0.40620205819410066,0.385942470666134
1035,1.611984569847567,2.2482139063161646,1.4617601264432731,2.10210511450674,0.40618272032281355,0.3859144499807647
1036,1.61174276775095,2.2479721625913545,1.461521672628012,2.10186767578125,0.40616902266398514,0.3858952608975497
1037,1.6115697863867424,2.2479649558432184,1.4613547941767069,2.1018683938419116,0.40613969355919965,0.38585676713423295
1038,1.6113527922853905,2.2476079540740006,1.461139381745733,2.101513911228554,0.40613518138923266,0.3858467333244555
1039,1.6111119208096882,2.2479725008696514,1.460903084996235,2.1018844305300246,0.40611390973081685,0.38581822713216146
1040,1.610943931167657,2.2477328159379875,1.4607416972577811,2.1016532149969365,0.40608256626443895,0.385777236476089
1041,1.6107153558932463,2.246733634345813,1.4605148131588856,2.1006567861519607,0.4060775706476898,0.3857661854137074
1042,1.6104794602350356,2.2472930671065807,1.460283614928464,2.1012223785998776,0.40605549324463697,0.3857365926106771
1043,1.610307760392347,2.246420736390309,1.4601172267193776,2.100356876148897,0.40603015257580444,0.3857033931847775
1044,1.6100840793328577,2.24636043995609,1.4598963235755522,2.1003008674172796,0.40601786497009074,0.3856833486845999
1045,1.6098640345146031,2.247318266180236,1.4596807150476907,2.1012645048253678,0.4059971573329208,0.3856555360736269
1046,1.6096832133116425,2.246141302952823,1.4595052083333333,2.100094305300245,0.40597346844059407,0.38562397812352034
1047,1.609457133165651,2.246085432081197,1.4592817559299698,2.100042365579044,0.4059621880156766,0.38560582941228694
1048,1.6092296919724218,2.2457754100150553,1.4590584015750503,2.099737668504902,0.40594438105919967,0.3855812766335227
1049,1.609045894196964,2.245847666702578,1.4588775021962852,2.099814022288603,0.40593181144286306,0.3855624112215909
1050,1.6088321225192124,2.245035754867597,1.4586686590110443,2.099008597579657,0.40590941174195544,0.385531708688447
1051,1.6085978489225683,2.245671056549864,1.458438539313504,2.099649347043505,0.40589043645575495,0.385505976821437
1052,1.6084363254840595,2.244571244387199,1.4582795047377008,2.098553107766544,0.4058814524030528,0.38549078739050663
1053,1.6082107468978613,2.2454487387332978,1.458059189884538,2.0994377585018382,0.4058546211066419,0.38545462868430397
1054,1.6079877218923042,2.2452042954005984,1.4578419145331325,2.099200798483456,0.4058273466506807,0.3854184930974787
1055,1.6078176041663976,2.244566207284336,1.457672977064508,2.0985645967371322,0.40582496970400167,0.3854118115974195
1056,1.607588998473808,2.244470559710314,1.4574504070971386,2.098476993336397,0.4057955600247525,0.3853722312233665
1057,1.6073653846623888,2.244164375078012,1.4572301902924196,2.098175168504902,0.40578129834467824,0.3853525797526042
1058,1.6071905613511117,2.244000502896323,1.457061350872239,2.098019109987745,0.4057523721122112,0.38531434030243844
1059,1.6069675195381234,2.2440019894269554,1.4568408399221888,2.0980243757659314,0.4057417362830033,0.38529713948567706
1060,1.6067575592106074,2.243426663388732,1.4566347420933734,2.0974539962469363,0.4057253393796411,0.38527466745087596
1061,1.6065770755780355,2.244003548720666,1.456457078313253,2.098035146675858,0.4057128100505363,0.3852546229506984
1062,1.6063469660935243,2.2431865843296084,1.4562313707956827,2.0972237381280636,0.40569403620049505,0.3852293303518584
1063,1.6061489383418772,2.243638143637019,1.4560383134098895,2.0976821001838237,0.4056687358188944,0.38519509055397727
1064,1.6059606324660705,2.242565925131224,1.4558553550138051,2.0966167375153186,0.4056442411819307,0.38516246911251184
1065,1.6057227109773438,2.2430656997137683,1.4556188621674198,2.097118901271446,0.4056390844162541,0.3851521809895833
1066,1.6055458764056088,2.242960932567866,1.4554476695845884,2.097021484375,0.40561209197091586,0.385116484670928
1067,1.6053387639431844,2.241899731921199,1.4552421600464358,2.095962823606005,0.40560721721586224,0.38510619654799955
1068,1.6051137467204444,2.2424274662829013,1.4550223354354919,2.0964973000919116,0.40558227941934816,0.38507339015151515
1069,1.604937833378315,2.2424154037301305,1.4548495740775602,2.0964894014246322,0.4055693069306931,0.38505475593335703
1070,1.6047280386186713,2.2420172903184694,1.4546464177020582,2.096099973192402,0.4055369159962871,0.3850120082046046
1071,1.6045014219955023,2.241781859271651,1.4544209062813755,2.0958663641237747,0.40553433761344887,0.385005234227036
1072,1.60433133441718,2.241993533924184,1.4542554985567269,2.0960841758578432,0.4055122199231642,0.3849756414240057
1073,1.6041198348559857,2.2408477531358058,1.4540470475652612,2.094942938112745,0.40549864312603134,0.38495409416429927
1074,1.6038950930387652,2.241469274430084,1.4538267327120984,2.0955702837775734,0.40547769376547027,0.3849260272401752
1075,1.603723002137422,2.2404968522630244,1.453659462067018,2.094604252833946,0.40545605952196784,0.3848958795720881
1076,1.6035037004578818,2.2409901772645973,1.4534448340235944,2.0951035443474266,0.40543378068275576,0.3848670265891335
1077,1.6033049346484274,2.2410187627679403,1.4532475605547188,2.0951346603094363,0.40542894621493397,0.38485648415305396
1078,1.6031148383027045,2.2407284853653113,1.4530634255773092,2.094852223115809,0.4054001005569307,0.38481803662849196
1079,1.6028976690778276,2.2401022177585603,1.452847719001004,2.0942282284007354,0.40539599125928216,0.3848091587875829
1080,1.6027045274997078,2.240531198269008,1.4526590737951808,2.094663133808211,0.4053745987391708,0.3847805138790246
1081,1.6025071915533273,2.23960268997411,1.4524665066516065,2.093740904564951,0.4053531256445957,0.3847508517178622
1082,1.6022858019257944,2.2400609878395983,1.4522498195908635,2.094205250459559,0.40533076623091996,0.38472162882486977
1083,1.6021113856458873,2.2392883118848372,1.4520771562813755,2.093435489430147,0.40532363539088284,0.3847083351828835
1084,1.6019041539262242,2.239911164754514,1.4518756667294177,2.0940659466911766,0.4052959177753713,0.38467106674656726
1085,1.6016953536699505,2.2391483041389697,1.4516679020770582,2.093304802389706,0.40529394370101074,0.38466500946969695
1086,1.6015132661316285,2.2394098368218023,1.4514908265876003,2.093572878370098,0.40526997279806104,0.3846331972064394
1087,1.6013028112415555,2.239237891192357,1.4512856111947792,2.0934079637714462,0.4052446724164604,0.38459879557291665
1088,1.6010831360598952,2.23841874656846,1.4510679436495983,2.0925917681525736,0.4052375818636551,0.38458631110913827
1089,1.600916418736114,2.2388158602861554,1.450905869572038,2.0929950788909313,0.4052152627372112,0.3845561172022964
1090,1.6006902739241664,2.23801112587447,1.450683985943775,2.092195877374387,0.4051963277382426,0.3845302234996449
1091,1.6005105586682091,2.239359845233025,1.4505081850840864,2.0935496610753677,0.4051780373349835,0.3845059943921638
1092,1.600316957387587,2.237507320068343,1.4503179711031626,2.091702090992647,0.40516385622937295,0.38448329116358904
1093,1.6000939319440337,2.238491832813493,1.4500993230735442,2.0926925359987747,0.40514145652846534,0.3844533284505208
1094,1.5999151522798263,2.2374644621825577,1.4499227378263053,2.0916683421415443,0.4051335602310231,0.3844397804953835
1095,1.5997131461546699,2.2377033272980777,1.4497251702120983,2.091913200827206,0.4051123288598391,0.38441060384114584
1096,1.5994900983152225,2.2371004778173895,1.4495065221824799,2.0913160137101716,0.4050926686906972,0.384384062795928
1097,1.5993259175284547,2.2376220515147835,1.449346409073795,2.091842830882353,0.4050734516811056,0.3843588626745975
1098,1.5991192563938634,2.2368055524931196,1.449142468310743,2.091030464920343,0.40506241297957923,0.3843400435014205
1099,1.5988928342593034,2.237468023916562,1.4489200944402612,2.091698261335784,0.40504335711891504,0.3843144734700521
1100,1.5987364439239806,2.2361061370702533,1.448766648625753,2.0903406479779414,0.40503106951320134,0.38429491447679925
1101,1.5985063824432295,2.23697839706843,1.4485401567206326,2.0912176393995097,0.4050144711736799,0.3842723499644886
1102,1.598321507287592,2.236086852547831,1.4483598456325302,2.09033203125,0.4049940858343647,0.38424451423413825
1103,1.5981293913656007,2.236088992344426,1.4481703179907128,2.090338254442402,0.40498095219678215,0.38422398422703596
1104,1.5979164566005322,2.235654835229094,1.4479617689508033,2.0899098115808825,0.40496101001701734,0.3841969576748935
1105,1.5977457420900494,2.236782040841872,1.4477945963541667,2.0910417145373774,0.4049447742625825,0.38417460123697916
1106,1.5975496766097999,2.235341564986134,1.4476040882279118,2.0896084654564953,0.404918909859736,0.38413989905155066
1107,1.5973187519060243,2.23583927014767,1.447375047063253,2.090109193091299,0.4049110941367574,0.38412614302201703
1108,1.5971609278428667,2.2349263719556327,1.4472217973456325,2.0892022824754903,0.4048901447761964,0.38409763682972303
1109,1.5969405360690296,2.23539235817762,1.4470032473644578,2.0896711760876228,0.4048824096276815,0.38408434318773677
1110,1.5967528644971711,2.2347960762320596,1.4468193084839358,2.089079733455882,0.40486605301155115,0.3840619173916903
1111,1.5965595899295268,2.2347304468576112,1.446630859375,2.0890206131280635,0.40484272670431104,0.3840300126509233
1112,1.5963617005869366,2.2351026703745194,1.446437703940763,2.089399031096814,0.4048196018332302,0.38399937947591145
1113,1.5961808993177666,2.2348203595668212,1.4462594518699798,2.089120662913603,0.40480836169554457,0.3839810226902817
1114,1.595981994706358,2.234041601775259,1.4460650218059738,2.0883477902879903,0.404787815207302,0.38395284016927084
1115,1.5957629325953904,2.234381687856629,1.445847844503012,2.08869078393076,0.4047802814949464,0.3839398470791903
1116,1.5956076606062586,2.23391537786262,1.445696065512048,2.088229070925245,0.4047647709106848,0.383918369177616
1117,1.595386184103386,2.23395054652556,1.4454797706450804,2.0882711971507355,0.4047396316780115,0.3838842218572443
1118,1.5951855695560122,2.233464745395434,1.4452830854668675,2.0877903358609067,0.4047222275938531,0.3838612180767637
1119,1.5950153120925368,2.2332826094999794,1.445115422628012,2.087612256816789,0.4047105040093853,0.3838419133966619
1120,1.5948046735032348,2.233636411436558,1.4449082462663152,2.08797056908701,0.4046952754357467,0.3838209441213897
1121,1.5946165094823606,2.233672631885098,1.444724797628012,2.088012934666054,0.40467291602207095,0.38379123572147256
1122,1.5944392056104293,2.2325667375834173,1.4445498792043172,2.086910711550245,0.4046633276608911,0.3837746128891454
1123,1.5942151769693218,2.233171584215653,1.444330250690261,2.0875215418198527,0.4046406862365924,0.3837442802660393
1124,1.5940517541328743,2.232399497598502,1.4441686668549196,2.086752259497549,0.4046339582688738,0.3837321425929214
1125,1.5938483867831412,2.2326169951608836,1.4439703148531626,2.0869765337775736,0.4046099067914604,0.38369901252515387
1126,1.5936325788073016,2.2320772659625128,1.4437580399723895,2.086441339231005,0.404594355919967,0.38367799701112687
1127,1.5934778837759702,2.232494799177694,1.4436076336596386,2.0868645163143382,0.40457380943172444,0.3836505311908144
1128,1.5932742091433163,2.2319897445826795,1.4434059480107932,2.0863625919117648,0.404566235432137,0.3836366133256392
1129,1.593053073574153,2.2323506782981535,1.4431893589984939,2.0867295209099264,0.40454439975247525,0.3836073904326468
1130,1.5929063018867136,2.2310703679280777,1.4430448355923695,2.085452569699755,0.4045356574231642,0.38359247843424477
1131,1.5926849170205724,2.2319262082523075,1.4428274621925201,2.0863137637867646,0.40451656127526814,0.38356653849283856
1132,1.5924939402851306,2.2311130030720103,1.4426408760040161,2.0855064242493873,0.40449524932962044,0.38353766239050663
1133,1.5923191113502282,2.231254374105608,1.4424709580509538,2.085654344745711,0.40447139928836634,0.38350548021721115
1134,1.5921077256412632,2.2306877215712775,1.4422612324297188,2.0850901884191178,0.4044655979269802,0.38349484530362216
1135,1.591920559872333,2.2311596237246083,1.442078077936747,2.0855674594056373,0.40444666292801157,0.3834689053622159
1136,1.5917482962851077,2.2300432624497053,1.441910611194779,2.084457337622549,0.40442450495049503,0.38343898888790245
1137,1.5915307761687987,2.2313529502046126,1.4416945124246987,2.085769473805147,0.40441874387634075,0.38342791470614346
1138,1.5913678050446736,2.2303931008788025,1.4415356739457832,2.0848149318321076,0.4044001311752269,0.3834029226592093
1139,1.5911658674632299,2.2303589657578065,1.4413388907191265,2.0847876455269607,0.4043750322297855,0.38336916836825286
1140,1.5909526550438033,2.229853712467106,1.4411270080321286,2.0842845243566175,0.4043708826449051,0.38336042924360797
1141,1.5907898178211208,2.229892265998295,1.4409687578438755,2.084329283471201,0.40434868438015675,0.3833300041429924
1142,1.5905879343142306,2.2294038868208577,1.4407715824234437,2.083846986060049,0.4043257206580033,0.3832999720717921
1143,1.5903925748026506,2.2298643918263132,1.4405781328438756,2.084310613893995,0.4043172603393152,0.38328533750591853
1144,1.5902123501679437,2.228757456104976,1.440402626129518,2.08320982689951,0.40429546494688534,0.38325583718039774
1145,1.5900135433343845,2.2295342109424805,1.4402079999686246,2.0839920343137255,0.4042755227671205,0.38322936549331205
1146,1.5898330216244354,2.2291197235113467,1.4400286693649598,2.0835796281403187,0.40427209835241334,0.3832208806818182
1147,1.589646525222072,2.229243047347421,1.4398474758408635,2.083710075827206,0.40424603251340757,0.3831856005119555
1148,1.5894313329005672,2.228348557115931,1.4396335341365463,2.0828175264246322,0.40424240666254124,0.3831778555205374
1149,1.589275857952609,2.2291453961947654,1.4394817551455823,2.0836193608302698,0.40422459970606434,0.38315355705492427
1150,1.589062089193302,2.227798576775562,1.4392729119603414,2.082278980928309,0.4042019582817657,0.3831227158055161
1151,1.5888689947444787,2.2287059259946695,1.4390844628514057,2.0831925934436275,0.40417786651712045,0.3830908341841264
1152,1.5886989377219252,2.2273520954404327,1.438916407818775,2.081841921338848,0.40417013136860563,0.3830766620058002
1153,1.5884904993375615,2.228152355048777,1.4387120748619477,2.082647585401348,0.4041501489016089,0.3830501671993371
1154,1.588304225587796,2.2275664733173492,1.4385291164658633,2.0820659562653185,0.4041358469343028,0.38303056196732954
1155,1.5881327764034658,2.227446769754147,1.438361061433233,2.08195130591299,0.4041199334777228,0.38300612478545215
1156,1.587918711360826,2.2275933941650794,1.4381496689884539,2.082101380591299,0.4041086530528053,0.382990380489465
1157,1.5877597121090632,2.227734175629369,1.4379959290286144,2.0822490617340685,0.40408286922442244,0.38295637188535747
1158,1.5875577959435645,2.2267323569876214,1.4377953219126507,2.081249521292892,0.4040785987778465,0.3829466386274858
1159,1.5873490782667523,2.227237868469887,1.4375911850527108,2.0817610198376224,0.4040562393641708,0.3829172307794744
1160,1.5871943375783417,2.226710434730607,1.4374397002070782,2.08123779296875,0.4040421388330239,0.3828977411443537
1161,1.5869920936495923,2.226454702875847,1.4372411521084338,2.080987668504902,0.4040230829723597,0.38286932742956914
1162,1.5867781842262743,2.2261579670978158,1.4370299557605422,2.080694460401348,0.4040114399623556,0.38285312074603456
1163,1.5866378355397377,2.2266895281949783,1.436895237198795,2.0812334846047795,0.4039836417723804,0.3828161066228693
1164,1.5864182834563811,2.225949498140875,1.436676000878514,2.0804943608302695,0.4039848503893358,0.38281360973011364
1165,1.586232580761024,2.226353167164103,1.436495101499749,2.080904373468137,0.4039612823587046,0.38278230609315816
1166,1.586059279207152,2.225249456067034,1.4363229284324799,2.0798026290594365,0.40395797880569306,0.3827741680723248
1167,1.5858507221984652,2.2259124414659675,1.436118889620984,2.080471622242647,0.40393574025371287,0.3827445059111624
1168,1.5856733406705152,2.2253471878806286,1.4359439711972892,2.0799096200980394,0.4039255072968234,0.382729755748402
1169,1.585494527873012,2.2253612631691198,1.4357708176455823,2.079931161917892,0.4038974673834571,0.38269264914772727
1170,1.5852752868715998,2.224695312425454,1.435552561809739,2.079267195159314,0.4038934386602723,0.3826833320386482
1171,1.585127551349689,2.2253436860756772,1.4354090188880522,2.0799211090686276,0.4038728921720297,0.38265612053148673
1172,1.584932572566018,2.2242488995115934,1.4352181185680222,2.0788318110447306,0.40385403774752476,0.38262969508315575
1173,1.5847302277361166,2.22553264866491,1.4350169231613956,2.080117618336397,0.4038492838541667,0.3826203086159446
1174,1.5845663735950601,2.2241266209030734,1.4348573983433734,2.078717400045956,0.40382962368502473,0.38259254224372635
1175,1.5843657635445991,2.2247371415140575,1.43465836000251,2.079330384497549,0.40382269428114687,0.3825810519131747
1176,1.5841743520670812,2.224068166191699,1.4344703030873494,2.078665939031863,0.4038077477181312,0.3825597589666193
1177,1.5839999565916065,2.224114480469733,1.434300875376506,2.0787188361672793,0.40378329336839935,0.3825271837639086
1178,1.5837922522795143,2.223798742880481,1.4340961502259035,2.0784069584865197,0.4037701597308168,0.3825091275301847
1179,1.5836335388473355,2.223827929004093,1.4339398610065262,2.0784399892769607,0.4037575901144802,0.38248975349195075
1180,1.5834388150836383,2.223545231322074,1.4337488626380521,2.078162339154412,0.40374062918987214,0.38246557062322445
1181,1.5832392509456692,2.223688466774793,1.4335510989269578,2.078308344822304,0.4037326523179662,0.38245262377189865
1182,1.5830814809601228,2.223137422882622,1.4333967706764559,2.077761900658701,0.4037171417337046,0.38243086843779595
1183,1.582880164583257,2.2233724202723786,1.4331995952560241,2.0780024509803923,0.4036969175433168,0.38240351821437024
1184,1.5826758359490611,2.222640745037419,1.432999478382279,2.077276252297794,0.40367778110818897,0.3823774164373224
1185,1.5825213595366363,2.2227347040708416,1.4328474052459839,2.077373908547794,0.40366666183219885,0.3823596838748816
1186,1.5823107577481788,2.2222638219404103,1.4326395425451808,2.076906690410539,0.40365469652433994,0.38234264489376185
1187,1.582148958956893,2.223256979831699,1.4324793313880522,2.077902401194853,0.40364784769492573,0.38233078465317233
1188,1.5819663288713637,2.221857806426303,1.4323016676079317,2.076510081571691,0.40362327248349833,0.3822965910940459
1189,1.5817550677581447,2.2227485680613195,1.432094001004016,2.077405503216912,0.40360590868657176,0.382273818507339
1190,1.5816011019543748,2.2218490424495863,1.4319442810303715,2.0765115176930147,0.4035864096663573,0.38224732370087594
1191,1.5814047026477238,2.2220246566759365,1.431749654869478,2.0766900754442403,0.40357847308168315,0.38223335959694604
1192,1.5811866648085726,2.221408980987784,1.431535124874498,2.0760790058210783,0.403562599912335,0.38221153490471116
1193,1.5810514552004673,2.221829785509236,1.4314013867971886,2.0765021829044117,0.4035563956786304,0.382200576319839
1194,1.580841684785915,2.2208156212408596,1.4311960733559237,2.0754940257352943,0.40353580890315593,0.38217174645626184
1195,1.580640949613807,2.2215524676912195,1.4309990940323796,2.0762357823988973,0.40351747821266504,0.38214760982629026
1196,1.5804958946570054,2.2203206946154572,1.430855453062249,2.075006462545956,0.4035125228831477,0.38213681307705966
1197,1.580295259697332,2.2218006542072586,1.4306590620293675,2.076492130055147,0.4034905663417904,0.3821078213778409
1198,1.580109204871465,2.220601897949573,1.4304771821661646,2.075298952588848,0.4034713896194307,0.38208109537760415
1199,1.5799418418963505,2.2209975351399227,1.4303140295557228,2.0757001091452207,0.4034507222694926,0.382053837631688
1200,1.5797242406009444,2.2201500195746076,1.4300973424949799,2.0748542336856617,0.40344842589727725,0.382047294847893
