scene_id,filename,time_index,exposure_index,split,applied_ev,target_ev,predicted_target_ev,absolute_error_ev,target_ev_mask,acceptable_min_ev,acceptable_max_ev,within_acceptable_interval,target_hdr_enable,hdr_label_mask,predicted_hdr_probability,predicted_hdr_enable_0_5,hdr_correct_0_5,hdr_decision_threshold,predicted_hdr_enable,hdr_correct
SIHDR_001,SIHDR_001_e00.jpg,0,0,train,17.194602966308594,9.38082218170166,9.969609260559082,0.5887870788574219,1,9.38082218170166,9.38082218170166,0,1,1,0.932325005531311,1,1,0.8421850800514221,1,1
SIHDR_001,SIHDR_001_e01.jpg,0,1,train,16.28771209716797,9.38082218170166,9.493000984191895,0.11217880249023438,1,9.38082218170166,9.38082218170166,0,1,1,0.9297004342079163,1,1,0.8421850800514221,1,1
SIHDR_001,SIHDR_001_e02.jpg,0,2,train,15.872674942016602,9.38082218170166,9.574399948120117,0.19357776641845703,1,9.38082218170166,9.38082218170166,0,1,1,0.9287501573562622,1,1,0.8421850800514221,1,1
SIHDR_001,SIHDR_001_e03.jpg,0,3,train,15.287712097167969,9.38082218170166,9.898896217346191,0.5180740356445312,1,9.38082218170166,9.38082218170166,0,1,1,0.9285991191864014,1,1,0.8421850800514221,1,1
SIHDR_001,SIHDR_001_e04.jpg,0,4,train,14.287712097167969,9.38082218170166,10.042928695678711,0.6621065139770508,1,9.38082218170166,9.38082218170166,0,1,1,0.9193000197410583,1,1,0.8421850800514221,1,1
SIHDR_001,SIHDR_001_e05.jpg,0,5,train,13.287712097167969,9.38082218170166,10.127240180969238,0.7464179992675781,1,9.38082218170166,9.38082218170166,0,1,1,0.8973659873008728,1,1,0.8421850800514221,1,1
SIHDR_001,SIHDR_001_e06.jpg,0,6,train,12.287712097167969,9.38082218170166,9.876771926879883,0.49594974517822266,1,9.38082218170166,9.38082218170166,0,1,1,0.858115017414093,1,1,0.8421850800514221,1,1
SIHDR_001,SIHDR_001_e07.jpg,0,7,train,11.287712097167969,9.38082218170166,9.564671516418457,0.18384933471679688,1,9.38082218170166,9.38082218170166,0,1,1,0.8223652839660645,1,1,0.8421850800514221,0,0
SIHDR_001,SIHDR_001_e08.jpg,0,8,train,10.287712097167969,9.38082218170166,10.042526245117188,0.6617040634155273,1,9.38082218170166,9.38082218170166,0,1,1,0.7995548248291016,1,1,0.8421850800514221,0,0
SIHDR_001,SIHDR_001_e09.jpg,0,9,train,9.38082218170166,9.38082218170166,10.75177001953125,1.3709478378295898,1,9.38082218170166,9.38082218170166,0,1,1,0.7785272598266602,1,1,0.8421850800514221,0,0
SIHDR_001,SIHDR_001_e10.jpg,0,10,train,8.38082218170166,9.38082218170166,11.121663093566895,1.7408409118652344,1,9.38082218170166,9.38082218170166,0,1,1,0.7581127285957336,1,1,0.8421850800514221,0,0
SIHDR_001,SIHDR_001_e11.jpg,0,11,train,7.380821704864502,9.38082218170166,11.090071678161621,1.709249496459961,1,9.38082218170166,9.38082218170166,0,1,1,0.7412633299827576,1,1,0.8421850800514221,0,0
SIHDR_001,SIHDR_001_e12.jpg,0,12,train,6.321928024291992,9.38082218170166,10.618391990661621,1.237569808959961,1,9.38082218170166,9.38082218170166,0,1,1,0.722028911113739,1,1,0.8421850800514221,0,0
SIHDR_001,SIHDR_001_e13.jpg,0,13,train,5.321928024291992,9.38082218170166,10.08898639678955,0.7081642150878906,1,9.38082218170166,9.38082218170166,0,1,1,0.7153196334838867,1,1,0.8421850800514221,0,0
SIHDR_001,SIHDR_001_e14.jpg,0,14,train,4.321928024291992,9.38082218170166,10.084580421447754,0.7037582397460938,1,9.38082218170166,9.38082218170166,0,1,1,0.699988067150116,1,1,0.8421850800514221,0,0
SIHDR_002,SIHDR_002_e00.jpg,1,0,train,17.194602966308594,9.38082218170166,9.969497680664062,0.5886754989624023,1,9.38082218170166,10.287712097167969,1,0,1,0.9323292374610901,1,0,0.8421850800514221,1,0
SIHDR_002,SIHDR_002_e01.jpg,1,1,train,16.28771209716797,9.38082218170166,9.349156379699707,0.031665802001953125,1,9.38082218170166,10.287712097167969,0,0,1,0.929487943649292,1,0,0.8421850800514221,1,0
SIHDR_002,SIHDR_002_e02.jpg,1,2,train,15.872674942016602,9.38082218170166,9.071532249450684,0.30928993225097656,1,9.38082218170166,10.287712097167969,0,0,1,0.9278178215026855,1,0,0.8421850800514221,1,0
SIHDR_002,SIHDR_002_e03.jpg,1,3,train,15.287712097167969,9.38082218170166,8.762042999267578,0.618779182434082,1,9.38082218170166,10.287712097167969,0,0,1,0.9245827794075012,1,0,0.8421850800514221,1,0
SIHDR_002,SIHDR_002_e04.jpg,1,4,train,14.287712097167969,9.38082218170166,8.941664695739746,0.43915748596191406,1,9.38082218170166,10.287712097167969,0,0,1,0.9121189117431641,1,0,0.8421850800514221,1,0
SIHDR_002,SIHDR_002_e05.jpg,1,5,train,13.287712097167969,9.38082218170166,9.718067169189453,0.33724498748779297,1,9.38082218170166,10.287712097167969,1,0,1,0.8802240490913391,1,0,0.8421850800514221,1,0
SIHDR_002,SIHDR_002_e06.jpg,1,6,train,12.287712097167969,9.38082218170166,10.187384605407715,0.8065624237060547,1,9.38082218170166,10.287712097167969,1,0,1,0.8517513871192932,1,0,0.8421850800514221,1,0
SIHDR_002,SIHDR_002_e07.jpg,1,7,train,11.287712097167969,9.38082218170166,10.08533763885498,0.7045154571533203,1,9.38082218170166,10.287712097167969,1,0,1,0.8187617659568787,1,0,0.8421850800514221,0,1
SIHDR_002,SIHDR_002_e08.jpg,1,8,train,10.287712097167969,9.38082218170166,9.78087329864502,0.4000511169433594,1,9.38082218170166,10.287712097167969,1,0,1,0.8015754222869873,1,0,0.8421850800514221,0,1
SIHDR_002,SIHDR_002_e09.jpg,1,9,train,9.38082218170166,9.38082218170166,10.590056419372559,1.2092342376708984,1,9.38082218170166,10.287712097167969,0,0,1,0.7908880114555359,1,0,0.8421850800514221,0,1
SIHDR_002,SIHDR_002_e10.jpg,1,10,train,8.38082218170166,9.38082218170166,11.503124237060547,2.1223020553588867,1,9.38082218170166,10.287712097167969,0,0,1,0.7665660977363586,1,0,0.8421850800514221,0,1
SIHDR_002,SIHDR_002_e11.jpg,1,11,train,7.380821704864502,9.38082218170166,11.629137992858887,2.2483158111572266,1,9.38082218170166,10.287712097167969,0,0,1,0.7450536489486694,1,0,0.8421850800514221,0,1
SIHDR_002,SIHDR_002_e12.jpg,1,12,train,6.321928024291992,9.38082218170166,11.231184005737305,1.8503618240356445,1,9.38082218170166,10.287712097167969,0,0,1,0.7270787358283997,1,0,0.8421850800514221,0,1
SIHDR_002,SIHDR_002_e13.jpg,1,13,train,5.321928024291992,9.38082218170166,10.629008293151855,1.2481861114501953,1,9.38082218170166,10.287712097167969,0,0,1,0.7144380211830139,1,0,0.8421850800514221,0,1
SIHDR_002,SIHDR_002_e14.jpg,1,14,train,4.321928024291992,9.38082218170166,10.101106643676758,0.7202844619750977,1,9.38082218170166,10.287712097167969,1,0,1,0.70063716173172,1,0,0.8421850800514221,0,1
SIHDR_003,SIHDR_003_e00.jpg,2,0,validation,17.194602966308594,12.287712097167969,10.973673820495605,1.3140382766723633,1,12.287712097167969,12.287712097167969,0,1,1,0.9290173053741455,1,1,0.8421850800514221,1,1
SIHDR_003,SIHDR_003_e01.jpg,2,1,validation,16.28771209716797,12.287712097167969,11.025748252868652,1.2619638442993164,1,12.287712097167969,12.287712097167969,0,1,1,0.921772301197052,1,1,0.8421850800514221,1,1
SIHDR_003,SIHDR_003_e02.jpg,2,2,validation,15.872674942016602,12.287712097167969,10.884751319885254,1.4029607772827148,1,12.287712097167969,12.287712097167969,0,1,1,0.9172380566596985,1,1,0.8421850800514221,1,1
SIHDR_003,SIHDR_003_e03.jpg,2,3,validation,15.287712097167969,12.287712097167969,10.924407958984375,1.3633041381835938,1,12.287712097167969,12.287712097167969,0,1,1,0.9037359356880188,1,1,0.8421850800514221,1,1
SIHDR_003,SIHDR_003_e04.jpg,2,4,validation,14.287712097167969,12.287712097167969,10.816031455993652,1.4716806411743164,1,12.287712097167969,12.287712097167969,0,1,1,0.8815773725509644,1,1,0.8421850800514221,1,1
SIHDR_003,SIHDR_003_e05.jpg,2,5,validation,13.287712097167969,12.287712097167969,11.18773365020752,1.0999784469604492,1,12.287712097167969,12.287712097167969,0,1,1,0.8553574681282043,1,1,0.8421850800514221,1,1
SIHDR_003,SIHDR_003_e06.jpg,2,6,validation,12.287712097167969,12.287712097167969,11.90833568572998,0.3793764114379883,1,12.287712097167969,12.287712097167969,0,1,1,0.8137255311012268,1,1,0.8421850800514221,0,0
SIHDR_003,SIHDR_003_e07.jpg,2,7,validation,11.287712097167969,12.287712097167969,12.369382858276367,0.08167076110839844,1,12.287712097167969,12.287712097167969,0,1,1,0.7921893000602722,1,1,0.8421850800514221,0,0
SIHDR_003,SIHDR_003_e08.jpg,2,8,validation,10.287712097167969,12.287712097167969,12.832371711730957,0.5446596145629883,1,12.287712097167969,12.287712097167969,0,1,1,0.7705516815185547,1,1,0.8421850800514221,0,0
SIHDR_003,SIHDR_003_e09.jpg,2,9,validation,9.38082218170166,12.287712097167969,12.578320503234863,0.29060840606689453,1,12.287712097167969,12.287712097167969,0,1,1,0.7578672766685486,1,1,0.8421850800514221,0,0
SIHDR_003,SIHDR_003_e10.jpg,2,10,validation,8.38082218170166,12.287712097167969,12.152318000793457,0.13539409637451172,1,12.287712097167969,12.287712097167969,0,1,1,0.7478376030921936,1,1,0.8421850800514221,0,0
SIHDR_003,SIHDR_003_e11.jpg,2,11,validation,7.380821704864502,12.287712097167969,11.978533744812012,0.30917835235595703,1,12.287712097167969,12.287712097167969,0,1,1,0.7365505695343018,1,1,0.8421850800514221,0,0
SIHDR_003,SIHDR_003_e12.jpg,2,12,validation,6.321928024291992,12.287712097167969,11.518006324768066,0.7697057723999023,1,12.287712097167969,12.287712097167969,0,1,1,0.7231442928314209,1,1,0.8421850800514221,0,0
SIHDR_003,SIHDR_003_e13.jpg,2,13,validation,5.321928024291992,12.287712097167969,10.829384803771973,1.458327293395996,1,12.287712097167969,12.287712097167969,0,1,1,0.7113243937492371,1,1,0.8421850800514221,0,0
SIHDR_003,SIHDR_003_e14.jpg,2,14,validation,4.321928024291992,12.287712097167969,10.125283241271973,2.162428855895996,1,12.287712097167969,12.287712097167969,0,1,1,0.6993773579597473,1,1,0.8421850800514221,0,0
SIHDR_004,SIHDR_004_e00.jpg,3,0,test,17.194602966308594,11.287712097167969,10.133370399475098,1.154341697692871,1,11.287712097167969,11.287712097167969,0,1,1,0.930759847164154,1,1,0.8421850800514221,1,1
SIHDR_004,SIHDR_004_e01.jpg,3,1,test,16.28771209716797,11.287712097167969,10.19298267364502,1.0947294235229492,1,11.287712097167969,11.287712097167969,0,1,1,0.9236084222793579,1,1,0.8421850800514221,1,1
SIHDR_004,SIHDR_004_e02.jpg,3,2,test,15.872674942016602,11.287712097167969,10.467127799987793,0.8205842971801758,1,11.287712097167969,11.287712097167969,0,1,1,0.9161466360092163,1,1,0.8421850800514221,1,1
SIHDR_004,SIHDR_004_e03.jpg,3,3,test,15.287712097167969,11.287712097167969,10.70830249786377,0.5794095993041992,1,11.287712097167969,11.287712097167969,0,1,1,0.9037098288536072,1,1,0.8421850800514221,1,1
SIHDR_004,SIHDR_004_e04.jpg,3,4,test,14.287712097167969,11.287712097167969,10.923134803771973,0.3645772933959961,1,11.287712097167969,11.287712097167969,0,1,1,0.8900052309036255,1,1,0.8421850800514221,1,1
SIHDR_004,SIHDR_004_e05.jpg,3,5,test,13.287712097167969,11.287712097167969,10.78926944732666,0.4984426498413086,1,11.287712097167969,11.287712097167969,0,1,1,0.862614095211029,1,1,0.8421850800514221,1,1
SIHDR_004,SIHDR_004_e06.jpg,3,6,test,12.287712097167969,11.287712097167969,10.842907905578613,0.44480419158935547,1,11.287712097167969,11.287712097167969,0,1,1,0.8425498008728027,1,1,0.8421850800514221,1,1
SIHDR_004,SIHDR_004_e07.jpg,3,7,test,11.287712097167969,11.287712097167969,11.333338737487793,0.04562664031982422,1,11.287712097167969,11.287712097167969,0,1,1,0.8170076608657837,1,1,0.8421850800514221,0,0
SIHDR_004,SIHDR_004_e08.jpg,3,8,test,10.287712097167969,11.287712097167969,11.532222747802734,0.24451065063476562,1,11.287712097167969,11.287712097167969,0,1,1,0.7891542911529541,1,1,0.8421850800514221,0,0
SIHDR_004,SIHDR_004_e09.jpg,3,9,test,9.38082218170166,11.287712097167969,12.160154342651367,0.8724422454833984,1,11.287712097167969,11.287712097167969,0,1,1,0.7705475687980652,1,1,0.8421850800514221,0,0
SIHDR_004,SIHDR_004_e10.jpg,3,10,test,8.38082218170166,11.287712097167969,12.139721870422363,0.8520097732543945,1,11.287712097167969,11.287712097167969,0,1,1,0.751786470413208,1,1,0.8421850800514221,0,0
SIHDR_004,SIHDR_004_e11.jpg,3,11,test,7.380821704864502,11.287712097167969,11.719988822937012,0.43227672576904297,1,11.287712097167969,11.287712097167969,0,1,1,0.7394604682922363,1,1,0.8421850800514221,0,0
SIHDR_004,SIHDR_004_e12.jpg,3,12,test,6.321928024291992,11.287712097167969,11.366374015808105,0.07866191864013672,1,11.287712097167969,11.287712097167969,0,1,1,0.7249568700790405,1,1,0.8421850800514221,0,0
SIHDR_004,SIHDR_004_e13.jpg,3,13,test,5.321928024291992,11.287712097167969,10.781251907348633,0.5064601898193359,1,11.287712097167969,11.287712097167969,0,1,1,0.712291419506073,1,1,0.8421850800514221,0,0
SIHDR_004,SIHDR_004_e14.jpg,3,14,test,4.321928024291992,11.287712097167969,10.118094444274902,1.1696176528930664,1,11.287712097167969,11.287712097167969,0,1,1,0.6997854709625244,1,1,0.8421850800514221,0,0
SIHDR_005,SIHDR_005_e00.jpg,4,0,train,17.194602966308594,11.287712097167969,10.101594924926758,1.186117172241211,1,11.287712097167969,11.287712097167969,0,1,1,0.9342405796051025,1,1,0.8421850800514221,1,1
SIHDR_005,SIHDR_005_e01.jpg,4,1,train,16.28771209716797,11.287712097167969,9.790878295898438,1.4968338012695312,1,11.287712097167969,11.287712097167969,0,1,1,0.9312177896499634,1,1,0.8421850800514221,1,1
SIHDR_005,SIHDR_005_e02.jpg,4,2,train,15.872674942016602,11.287712097167969,9.8211030960083,1.466609001159668,1,11.287712097167969,11.287712097167969,0,1,1,0.9252938032150269,1,1,0.8421850800514221,1,1
SIHDR_005,SIHDR_005_e03.jpg,4,3,train,15.287712097167969,11.287712097167969,9.93073558807373,1.3569765090942383,1,11.287712097167969,11.287712097167969,0,1,1,0.9129791855812073,1,1,0.8421850800514221,1,1
SIHDR_005,SIHDR_005_e04.jpg,4,4,train,14.287712097167969,11.287712097167969,10.556538581848145,0.7311735153198242,1,11.287712097167969,11.287712097167969,0,1,1,0.899842381477356,1,1,0.8421850800514221,1,1
SIHDR_005,SIHDR_005_e05.jpg,4,5,train,13.287712097167969,11.287712097167969,10.752318382263184,0.5353937149047852,1,11.287712097167969,11.287712097167969,0,1,1,0.875909686088562,1,1,0.8421850800514221,1,1
SIHDR_005,SIHDR_005_e06.jpg,4,6,train,12.287712097167969,11.287712097167969,10.819472312927246,0.46823978424072266,1,11.287712097167969,11.287712097167969,0,1,1,0.8449286818504333,1,1,0.8421850800514221,1,1
SIHDR_005,SIHDR_005_e07.jpg,4,7,train,11.287712097167969,11.287712097167969,11.361674308776855,0.07396221160888672,1,11.287712097167969,11.287712097167969,0,1,1,0.8191254734992981,1,1,0.8421850800514221,0,0
SIHDR_005,SIHDR_005_e08.jpg,4,8,train,10.287712097167969,11.287712097167969,11.930842399597168,0.6431303024291992,1,11.287712097167969,11.287712097167969,0,1,1,0.7913090586662292,1,1,0.8421850800514221,0,0
SIHDR_005,SIHDR_005_e09.jpg,4,9,train,9.38082218170166,11.287712097167969,12.246265411376953,0.9585533142089844,1,11.287712097167969,11.287712097167969,0,1,1,0.7710574269294739,1,1,0.8421850800514221,0,0
SIHDR_005,SIHDR_005_e10.jpg,4,10,train,8.38082218170166,11.287712097167969,12.192702293395996,0.9049901962280273,1,11.287712097167969,11.287712097167969,0,1,1,0.7521523833274841,1,1,0.8421850800514221,0,0
SIHDR_005,SIHDR_005_e11.jpg,4,11,train,7.380821704864502,11.287712097167969,11.746542930603027,0.4588308334350586,1,11.287712097167969,11.287712097167969,0,1,1,0.7392739653587341,1,1,0.8421850800514221,0,0
SIHDR_005,SIHDR_005_e12.jpg,4,12,train,6.321928024291992,11.287712097167969,11.365854263305664,0.07814216613769531,1,11.287712097167969,11.287712097167969,0,1,1,0.7250388264656067,1,1,0.8421850800514221,0,0
SIHDR_005,SIHDR_005_e13.jpg,4,13,train,5.321928024291992,11.287712097167969,10.79625415802002,0.4914579391479492,1,11.287712097167969,11.287712097167969,0,1,1,0.7122373580932617,1,1,0.8421850800514221,0,0
SIHDR_005,SIHDR_005_e14.jpg,4,14,train,4.321928024291992,11.287712097167969,10.121108055114746,1.1666040420532227,1,11.287712097167969,11.287712097167969,0,1,1,0.699796199798584,1,1,0.8421850800514221,0,0
SIHDR_006,SIHDR_006_e00.jpg,5,0,train,17.194602966308594,11.287712097167969,10.012845039367676,1.274867057800293,1,11.287712097167969,11.287712097167969,0,1,1,0.9306662082672119,1,1,0.8421850800514221,1,1
SIHDR_006,SIHDR_006_e01.jpg,5,1,train,16.28771209716797,11.287712097167969,10.052237510681152,1.2354745864868164,1,11.287712097167969,11.287712097167969,0,1,1,0.9235934615135193,1,1,0.8421850800514221,1,1
SIHDR_006,SIHDR_006_e02.jpg,5,2,train,15.872674942016602,11.287712097167969,10.495789527893066,0.7919225692749023,1,11.287712097167969,11.287712097167969,0,1,1,0.9130455851554871,1,1,0.8421850800514221,1,1
SIHDR_006,SIHDR_006_e03.jpg,5,3,train,15.287712097167969,11.287712097167969,11.11643123626709,0.1712808609008789,1,11.287712097167969,11.287712097167969,0,1,1,0.8936200737953186,1,1,0.8421850800514221,1,1
SIHDR_006,SIHDR_006_e04.jpg,5,4,train,14.287712097167969,11.287712097167969,11.461989402770996,0.17427730560302734,1,11.287712097167969,11.287712097167969,0,1,1,0.8654770851135254,1,1,0.8421850800514221,1,1
SIHDR_006,SIHDR_006_e05.jpg,5,5,train,13.287712097167969,11.287712097167969,11.22223949432373,0.06547260284423828,1,11.287712097167969,11.287712097167969,0,1,1,0.842435359954834,1,1,0.8421850800514221,1,1
SIHDR_006,SIHDR_006_e06.jpg,5,6,train,12.287712097167969,11.287712097167969,11.004862785339355,0.2828493118286133,1,11.287712097167969,11.287712097167969,0,1,1,0.8245466947555542,1,1,0.8421850800514221,0,0
SIHDR_006,SIHDR_006_e07.jpg,5,7,train,11.287712097167969,11.287712097167969,11.498377799987793,0.21066570281982422,1,11.287712097167969,11.287712097167969,0,1,1,0.818523108959198,1,1,0.8421850800514221,0,0
SIHDR_006,SIHDR_006_e08.jpg,5,8,train,10.287712097167969,11.287712097167969,11.855931282043457,0.5682191848754883,1,11.287712097167969,11.287712097167969,0,1,1,0.808048665523529,1,1,0.8421850800514221,0,0
SIHDR_006,SIHDR_006_e09.jpg,5,9,train,9.38082218170166,11.287712097167969,11.599494934082031,0.3117828369140625,1,11.287712097167969,11.287712097167969,0,1,1,0.7994636297225952,1,1,0.8421850800514221,0,0
SIHDR_006,SIHDR_006_e10.jpg,5,10,train,8.38082218170166,11.287712097167969,11.120467185974121,0.16724491119384766,1,11.287712097167969,11.287712097167969,0,1,1,0.7877656817436218,1,1,0.8421850800514221,0,0
SIHDR_006,SIHDR_006_e11.jpg,5,11,train,7.380821704864502,11.287712097167969,11.105860710144043,0.18185138702392578,1,11.287712097167969,11.287712097167969,0,1,1,0.7546483874320984,1,1,0.8421850800514221,0,0
SIHDR_006,SIHDR_006_e12.jpg,5,12,train,6.321928024291992,11.287712097167969,10.876660346984863,0.41105175018310547,1,11.287712097167969,11.287712097167969,0,1,1,0.7289252281188965,1,1,0.8421850800514221,0,0
SIHDR_006,SIHDR_006_e13.jpg,5,13,train,5.321928024291992,11.287712097167969,10.354662895202637,0.933049201965332,1,11.287712097167969,11.287712097167969,0,1,1,0.7147001028060913,1,1,0.8421850800514221,0,0
SIHDR_006,SIHDR_006_e14.jpg,5,14,train,4.321928024291992,11.287712097167969,9.7218599319458,1.565852165222168,1,11.287712097167969,11.287712097167969,0,1,1,0.7007637023925781,1,1,0.8421850800514221,0,0
SIHDR_007,SIHDR_007_e00.jpg,6,0,test,17.194602966308594,13.287712097167969,11.237052917480469,2.0506591796875,1,12.287712097167969,13.287712097167969,0,1,1,0.938377857208252,1,1,0.8421850800514221,1,1
SIHDR_007,SIHDR_007_e01.jpg,6,1,test,16.28771209716797,13.287712097167969,11.594569206237793,1.6931428909301758,1,12.287712097167969,13.287712097167969,0,1,1,0.9296783804893494,1,1,0.8421850800514221,1,1
SIHDR_007,SIHDR_007_e02.jpg,6,2,test,15.872674942016602,13.287712097167969,11.998749732971191,1.2889623641967773,1,12.287712097167969,13.287712097167969,0,1,1,0.9214339256286621,1,1,0.8421850800514221,1,1
SIHDR_007,SIHDR_007_e03.jpg,6,3,test,15.287712097167969,13.287712097167969,12.679705619812012,0.608006477355957,1,12.287712097167969,13.287712097167969,1,1,1,0.9072417616844177,1,1,0.8421850800514221,1,1
SIHDR_007,SIHDR_007_e04.jpg,6,4,test,14.287712097167969,13.287712097167969,13.340337753295898,0.05262565612792969,1,12.287712097167969,13.287712097167969,0,1,1,0.8649811744689941,1,1,0.8421850800514221,1,1
SIHDR_007,SIHDR_007_e05.jpg,6,5,test,13.287712097167969,13.287712097167969,13.274537086486816,0.013175010681152344,1,12.287712097167969,13.287712097167969,1,1,1,0.8260274529457092,1,1,0.8421850800514221,0,0
SIHDR_007,SIHDR_007_e06.jpg,6,6,test,12.287712097167969,13.287712097167969,13.145857810974121,0.14185428619384766,1,12.287712097167969,13.287712097167969,1,1,1,0.803113579750061,1,1,0.8421850800514221,0,0
SIHDR_007,SIHDR_007_e07.jpg,6,7,test,11.287712097167969,13.287712097167969,13.331865310668945,0.04415321350097656,1,12.287712097167969,13.287712097167969,0,1,1,0.7886162400245667,1,1,0.8421850800514221,0,0
SIHDR_007,SIHDR_007_e08.jpg,6,8,test,10.287712097167969,13.287712097167969,13.480979919433594,0.193267822265625,1,12.287712097167969,13.287712097167969,0,1,1,0.7786739468574524,1,1,0.8421850800514221,0,0
SIHDR_007,SIHDR_007_e09.jpg,6,9,test,9.38082218170166,13.287712097167969,13.406719207763672,0.11900711059570312,1,12.287712097167969,13.287712097167969,0,1,1,0.7613370418548584,1,1,0.8421850800514221,0,0
SIHDR_007,SIHDR_007_e10.jpg,6,10,test,8.38082218170166,13.287712097167969,12.795825958251953,0.4918861389160156,1,12.287712097167969,13.287712097167969,1,1,1,0.7482500672340393,1,1,0.8421850800514221,0,0
SIHDR_007,SIHDR_007_e11.jpg,6,11,test,7.380821704864502,13.287712097167969,12.161805152893066,1.1259069442749023,1,12.287712097167969,13.287712097167969,0,1,1,0.7360847592353821,1,1,0.8421850800514221,0,0
SIHDR_007,SIHDR_007_e12.jpg,6,12,test,6.321928024291992,13.287712097167969,11.446599006652832,1.8411130905151367,1,12.287712097167969,13.287712097167969,0,1,1,0.7231017351150513,1,1,0.8421850800514221,0,0
SIHDR_007,SIHDR_007_e13.jpg,6,13,test,5.321928024291992,13.287712097167969,10.7705659866333,2.517146110534668,1,12.287712097167969,13.287712097167969,0,1,1,0.7118287682533264,1,1,0.8421850800514221,0,0
SIHDR_007,SIHDR_007_e14.jpg,6,14,test,4.321928024291992,13.287712097167969,10.135512351989746,3.1521997451782227,1,12.287712097167969,13.287712097167969,0,1,1,0.6994861364364624,1,1,0.8421850800514221,0,0
SIHDR_008,SIHDR_008_e00.jpg,7,0,train,17.194602966308594,7.380821704864502,9.969497680664062,2.5886759757995605,1,7.380821704864502,7.380821704864502,0,1,1,0.9323292374610901,1,1,0.8421850800514221,1,1
SIHDR_008,SIHDR_008_e01.jpg,7,1,train,16.28771209716797,7.380821704864502,9.349156379699707,1.968334674835205,1,7.380821704864502,7.380821704864502,0,1,1,0.929487943649292,1,1,0.8421850800514221,1,1
SIHDR_008,SIHDR_008_e02.jpg,7,2,train,15.872674942016602,7.380821704864502,9.071558952331543,1.690737247467041,1,7.380821704864502,7.380821704864502,0,1,1,0.9278184771537781,1,1,0.8421850800514221,1,1
SIHDR_008,SIHDR_008_e03.jpg,7,3,train,15.287712097167969,7.380821704864502,8.718649864196777,1.3378281593322754,1,7.380821704864502,7.380821704864502,0,1,1,0.9254484176635742,1,1,0.8421850800514221,1,1
SIHDR_008,SIHDR_008_e04.jpg,7,4,train,14.287712097167969,7.380821704864502,8.197885513305664,0.8170638084411621,1,7.380821704864502,7.380821704864502,0,1,1,0.9212638735771179,1,1,0.8421850800514221,1,1
SIHDR_008,SIHDR_008_e05.jpg,7,5,train,13.287712097167969,7.380821704864502,7.875868797302246,0.49504709243774414,1,7.380821704864502,7.380821704864502,0,1,1,0.918993353843689,1,1,0.8421850800514221,1,1
SIHDR_008,SIHDR_008_e06.jpg,7,6,train,12.287712097167969,7.380821704864502,8.047492027282715,0.6666703224182129,1,7.380821704864502,7.380821704864502,0,1,1,0.9005110263824463,1,1,0.8421850800514221,1,1
SIHDR_008,SIHDR_008_e07.jpg,7,7,train,11.287712097167969,7.380821704864502,7.955219268798828,0.5743975639343262,1,7.380821704864502,7.380821704864502,0,1,1,0.8751909136772156,1,1,0.8421850800514221,1,1
SIHDR_008,SIHDR_008_e08.jpg,7,8,train,10.287712097167969,7.380821704864502,7.586660861968994,0.2058391571044922,1,7.380821704864502,7.380821704864502,0,1,1,0.8492847681045532,1,1,0.8421850800514221,1,1
SIHDR_008,SIHDR_008_e09.jpg,7,9,train,9.38082218170166,7.380821704864502,7.199937343597412,0.18088436126708984,1,7.380821704864502,7.380821704864502,0,1,1,0.8352269530296326,1,1,0.8421850800514221,0,0
SIHDR_008,SIHDR_008_e10.jpg,7,10,train,8.38082218170166,7.380821704864502,7.440382480621338,0.05956077575683594,1,7.380821704864502,7.380821704864502,0,1,1,0.816891074180603,1,1,0.8421850800514221,0,0
SIHDR_008,SIHDR_008_e11.jpg,7,11,train,7.380821704864502,7.380821704864502,8.309054374694824,0.9282326698303223,1,7.380821704864502,7.380821704864502,0,1,1,0.7824801206588745,1,1,0.8421850800514221,0,0
SIHDR_008,SIHDR_008_e12.jpg,7,12,train,6.321928024291992,7.380821704864502,8.7614164352417,1.3805947303771973,1,7.380821704864502,7.380821704864502,0,1,1,0.7492761015892029,1,1,0.8421850800514221,0,0
SIHDR_008,SIHDR_008_e13.jpg,7,13,train,5.321928024291992,7.380821704864502,8.993428230285645,1.6126065254211426,1,7.380821704864502,7.380821704864502,0,1,1,0.7249234318733215,1,1,0.8421850800514221,0,0
SIHDR_008,SIHDR_008_e14.jpg,7,14,train,4.321928024291992,7.380821704864502,8.569199562072754,1.188377857208252,1,7.380821704864502,7.380821704864502,0,1,1,0.7082718014717102,1,1,0.8421850800514221,0,0
SIHDR_009,SIHDR_009_e00.jpg,8,0,train,17.194602966308594,12.287712097167969,9.980452537536621,2.3072595596313477,1,10.287712097167969,12.287712097167969,0,1,1,0.932057797908783,1,1,0.8421850800514221,1,1
SIHDR_009,SIHDR_009_e01.jpg,8,1,train,16.28771209716797,12.287712097167969,9.645505905151367,2.6422061920166016,1,10.287712097167969,12.287712097167969,0,1,1,0.9262377023696899,1,1,0.8421850800514221,1,1
SIHDR_009,SIHDR_009_e02.jpg,8,2,train,15.872674942016602,12.287712097167969,9.607131004333496,2.6805810928344727,1,10.287712097167969,12.287712097167969,0,1,1,0.921808660030365,1,1,0.8421850800514221,1,1
SIHDR_009,SIHDR_009_e03.jpg,8,3,train,15.287712097167969,12.287712097167969,9.565735816955566,2.7219762802124023,1,10.287712097167969,12.287712097167969,0,1,1,0.914459228515625,1,1,0.8421850800514221,1,1
SIHDR_009,SIHDR_009_e04.jpg,8,4,train,14.287712097167969,12.287712097167969,9.961408615112305,2.326303482055664,1,10.287712097167969,12.287712097167969,0,1,1,0.8986860513687134,1,1,0.8421850800514221,1,1
SIHDR_009,SIHDR_009_e05.jpg,8,5,train,13.287712097167969,12.287712097167969,10.202997207641602,2.084714889526367,1,10.287712097167969,12.287712097167969,0,1,1,0.8609737157821655,1,1,0.8421850800514221,1,1
SIHDR_009,SIHDR_009_e06.jpg,8,6,train,12.287712097167969,12.287712097167969,10.401739120483398,1.8859729766845703,1,10.287712097167969,12.287712097167969,1,1,1,0.8278826475143433,1,1,0.8421850800514221,0,0
SIHDR_009,SIHDR_009_e07.jpg,8,7,train,11.287712097167969,12.287712097167969,10.394721984863281,1.8929901123046875,1,10.287712097167969,12.287712097167969,1,1,1,0.8010610342025757,1,1,0.8421850800514221,0,0
SIHDR_009,SIHDR_009_e08.jpg,8,8,train,10.287712097167969,12.287712097167969,10.612555503845215,1.675156593322754,1,10.287712097167969,12.287712097167969,1,1,1,0.7931960821151733,1,1,0.8421850800514221,0,0
SIHDR_009,SIHDR_009_e09.jpg,8,9,train,9.38082218170166,12.287712097167969,11.799352645874023,0.4883594512939453,1,10.287712097167969,12.287712097167969,1,1,1,0.7733058929443359,1,1,0.8421850800514221,0,0
SIHDR_009,SIHDR_009_e10.jpg,8,10,train,8.38082218170166,12.287712097167969,12.056012153625488,0.23169994354248047,1,10.287712097167969,12.287712097167969,1,1,1,0.7548586130142212,1,1,0.8421850800514221,0,0
SIHDR_009,SIHDR_009_e11.jpg,8,11,train,7.380821704864502,12.287712097167969,11.90466594696045,0.38304615020751953,1,10.287712097167969,12.287712097167969,1,1,1,0.7394192218780518,1,1,0.8421850800514221,0,0
SIHDR_009,SIHDR_009_e12.jpg,8,12,train,6.321928024291992,12.287712097167969,11.324685096740723,0.9630270004272461,1,10.287712097167969,12.287712097167969,1,1,1,0.7244021892547607,1,1,0.8421850800514221,0,0
SIHDR_009,SIHDR_009_e13.jpg,8,13,train,5.321928024291992,12.287712097167969,10.693318367004395,1.5943937301635742,1,10.287712097167969,12.287712097167969,1,1,1,0.712675154209137,1,1,0.8421850800514221,0,0
SIHDR_009,SIHDR_009_e14.jpg,8,14,train,4.321928024291992,12.287712097167969,10.11025333404541,2.1774587631225586,1,10.287712097167969,12.287712097167969,0,1,1,0.6998332738876343,1,1,0.8421850800514221,0,0
SIHDR_010,SIHDR_010_e00.jpg,9,0,train,17.194602966308594,12.287712097167969,10.038138389587402,2.2495737075805664,1,11.287712097167969,12.287712097167969,0,,0,0.9311866760253906,1,,0.8421850800514221,1,
SIHDR_010,SIHDR_010_e01.jpg,9,1,train,16.28771209716797,12.287712097167969,9.959165573120117,2.3285465240478516,1,11.287712097167969,12.287712097167969,0,,0,0.9196679592132568,1,,0.8421850800514221,1,
SIHDR_010,SIHDR_010_e02.jpg,9,2,train,15.872674942016602,12.287712097167969,10.025716781616211,2.261995315551758,1,11.287712097167969,12.287712097167969,0,,0,0.9120040535926819,1,,0.8421850800514221,1,
SIHDR_010,SIHDR_010_e03.jpg,9,3,train,15.287712097167969,12.287712097167969,10.420799255371094,1.866912841796875,1,11.287712097167969,12.287712097167969,0,,0,0.899706244468689,1,,0.8421850800514221,1,
SIHDR_010,SIHDR_010_e04.jpg,9,4,train,14.287712097167969,12.287712097167969,11.254656791687012,1.033055305480957,1,11.287712097167969,12.287712097167969,0,,0,0.8710675835609436,1,,0.8421850800514221,1,
SIHDR_010,SIHDR_010_e05.jpg,9,5,train,13.287712097167969,12.287712097167969,11.521971702575684,0.7657403945922852,1,11.287712097167969,12.287712097167969,1,,0,0.8378894925117493,1,,0.8421850800514221,0,
SIHDR_010,SIHDR_010_e06.jpg,9,6,train,12.287712097167969,12.287712097167969,11.53254222869873,0.7551698684692383,1,11.287712097167969,12.287712097167969,1,,0,0.8148522973060608,1,,0.8421850800514221,0,
SIHDR_010,SIHDR_010_e07.jpg,9,7,train,11.287712097167969,12.287712097167969,11.887781143188477,0.3999309539794922,1,11.287712097167969,12.287712097167969,1,,0,0.80392986536026,1,,0.8421850800514221,0,
SIHDR_010,SIHDR_010_e08.jpg,9,8,train,10.287712097167969,12.287712097167969,12.737875938415527,0.4501638412475586,1,11.287712097167969,12.287712097167969,0,,0,0.790381908416748,1,,0.8421850800514221,0,
SIHDR_010,SIHDR_010_e09.jpg,9,9,train,9.38082218170166,12.287712097167969,13.090580940246582,0.8028688430786133,1,11.287712097167969,12.287712097167969,0,,0,0.7709974050521851,1,,0.8421850800514221,0,
SIHDR_010,SIHDR_010_e10.jpg,9,10,train,8.38082218170166,12.287712097167969,12.717448234558105,0.4297361373901367,1,11.287712097167969,12.287712097167969,0,,0,0.7535731792449951,1,,0.8421850800514221,0,
SIHDR_010,SIHDR_010_e11.jpg,9,11,train,7.380821704864502,12.287712097167969,12.184414863586426,0.10329723358154297,1,11.287712097167969,12.287712097167969,1,,0,0.7389722466468811,1,,0.8421850800514221,0,
SIHDR_010,SIHDR_010_e12.jpg,9,12,train,6.321928024291992,12.287712097167969,11.47508716583252,0.8126249313354492,1,11.287712097167969,12.287712097167969,1,,0,0.7245393991470337,1,,0.8421850800514221,0,
SIHDR_010,SIHDR_010_e13.jpg,9,13,train,5.321928024291992,12.287712097167969,10.790860176086426,1.496851921081543,1,11.287712097167969,12.287712097167969,0,,0,0.7123571634292603,1,,0.8421850800514221,0,
SIHDR_010,SIHDR_010_e14.jpg,9,14,train,4.321928024291992,12.287712097167969,10.129626274108887,2.158085823059082,1,11.287712097167969,12.287712097167969,0,,0,0.6998533010482788,1,,0.8421850800514221,0,
SIHDR_011,SIHDR_011_e00.jpg,10,0,test,17.194602966308594,10.287712097167969,9.969497680664062,0.31821441650390625,1,8.38082218170166,10.287712097167969,1,,0,0.9323292374610901,1,,0.8421850800514221,1,
SIHDR_011,SIHDR_011_e01.jpg,10,1,test,16.28771209716797,10.287712097167969,9.349156379699707,0.9385557174682617,1,8.38082218170166,10.287712097167969,1,,0,0.929487943649292,1,,0.8421850800514221,1,
SIHDR_011,SIHDR_011_e02.jpg,10,2,test,15.872674942016602,10.287712097167969,9.071558952331543,1.2161531448364258,1,8.38082218170166,10.287712097167969,1,,0,0.9278184771537781,1,,0.8421850800514221,1,
SIHDR_011,SIHDR_011_e03.jpg,10,3,test,15.287712097167969,10.287712097167969,8.719666481018066,1.5680456161499023,1,8.38082218170166,10.287712097167969,1,,0,0.9254652857780457,1,,0.8421850800514221,1,
SIHDR_011,SIHDR_011_e04.jpg,10,4,test,14.287712097167969,10.287712097167969,8.577606201171875,1.7101058959960938,1,8.38082218170166,10.287712097167969,1,,0,0.9200339317321777,1,,0.8421850800514221,1,
SIHDR_011,SIHDR_011_e05.jpg,10,5,test,13.287712097167969,10.287712097167969,8.876446723937988,1.4112653732299805,1,8.38082218170166,10.287712097167969,1,,0,0.9070059657096863,1,,0.8421850800514221,1,
SIHDR_011,SIHDR_011_e06.jpg,10,6,test,12.287712097167969,10.287712097167969,8.788829803466797,1.4988822937011719,1,8.38082218170166,10.287712097167969,1,,0,0.8947352170944214,1,,0.8421850800514221,1,
SIHDR_011,SIHDR_011_e07.jpg,10,7,test,11.287712097167969,10.287712097167969,8.684185981750488,1.6035261154174805,1,8.38082218170166,10.287712097167969,1,,0,0.8801485896110535,1,,0.8421850800514221,1,
SIHDR_011,SIHDR_011_e08.jpg,10,8,test,10.287712097167969,10.287712097167969,9.108468055725098,1.179244041442871,1,8.38082218170166,10.287712097167969,1,,0,0.8429864645004272,1,,0.8421850800514221,1,
SIHDR_011,SIHDR_011_e09.jpg,10,9,test,9.38082218170166,10.287712097167969,9.542147636413574,0.7455644607543945,1,8.38082218170166,10.287712097167969,1,,0,0.8004926443099976,1,,0.8421850800514221,0,
SIHDR_011,SIHDR_011_e10.jpg,10,10,test,8.38082218170166,10.287712097167969,9.874300956726074,0.41341114044189453,1,8.38082218170166,10.287712097167969,1,,0,0.7695576548576355,1,,0.8421850800514221,0,
SIHDR_011,SIHDR_011_e11.jpg,10,11,test,7.380821704864502,10.287712097167969,10.44312572479248,0.15541362762451172,1,8.38082218170166,10.287712097167969,0,,0,0.7430871725082397,1,,0.8421850800514221,0,
SIHDR_011,SIHDR_011_e12.jpg,10,12,test,6.321928024291992,10.287712097167969,10.36439037322998,0.07667827606201172,1,8.38082218170166,10.287712097167969,0,,0,0.7319303154945374,1,,0.8421850800514221,0,
SIHDR_011,SIHDR_011_e13.jpg,10,13,test,5.321928024291992,10.287712097167969,10.658202171325684,0.37049007415771484,1,8.38082218170166,10.287712097167969,0,,0,0.714572012424469,1,,0.8421850800514221,0,
SIHDR_011,SIHDR_011_e14.jpg,10,14,test,4.321928024291992,10.287712097167969,10.08227252960205,0.20543956756591797,1,8.38082218170166,10.287712097167969,1,,0,0.7009806036949158,1,,0.8421850800514221,0,
SIHDR_012,SIHDR_012_e00.jpg,11,0,train,17.194602966308594,11.287712097167969,10.080448150634766,1.2072639465332031,1,11.287712097167969,11.287712097167969,0,1,1,0.9297745227813721,1,1,0.8421850800514221,1,1
SIHDR_012,SIHDR_012_e01.jpg,11,1,train,16.28771209716797,11.287712097167969,10.475068092346191,0.8126440048217773,1,11.287712097167969,11.287712097167969,0,1,1,0.9170697927474976,1,1,0.8421850800514221,1,1
SIHDR_012,SIHDR_012_e02.jpg,11,2,train,15.872674942016602,11.287712097167969,10.628251075744629,0.6594610214233398,1,11.287712097167969,11.287712097167969,0,1,1,0.907739520072937,1,1,0.8421850800514221,1,1
SIHDR_012,SIHDR_012_e03.jpg,11,3,train,15.287712097167969,11.287712097167969,10.679118156433105,0.6085939407348633,1,11.287712097167969,11.287712097167969,0,1,1,0.896636962890625,1,1,0.8421850800514221,1,1
SIHDR_012,SIHDR_012_e04.jpg,11,4,train,14.287712097167969,11.287712097167969,10.500706672668457,0.7870054244995117,1,11.287712097167969,11.287712097167969,0,1,1,0.8789434432983398,1,1,0.8421850800514221,1,1
SIHDR_012,SIHDR_012_e05.jpg,11,5,train,13.287712097167969,11.287712097167969,10.226119995117188,1.0615921020507812,1,11.287712097167969,11.287712097167969,0,1,1,0.8685508966445923,1,1,0.8421850800514221,1,1
SIHDR_012,SIHDR_012_e06.jpg,11,6,train,12.287712097167969,11.287712097167969,10.430980682373047,0.8567314147949219,1,11.287712097167969,11.287712097167969,0,1,1,0.8812915682792664,1,1,0.8421850800514221,1,1
SIHDR_012,SIHDR_012_e07.jpg,11,7,train,11.287712097167969,11.287712097167969,11.670709609985352,0.3829975128173828,1,11.287712097167969,11.287712097167969,0,1,1,0.8360581398010254,1,1,0.8421850800514221,0,0
SIHDR_012,SIHDR_012_e08.jpg,11,8,train,10.287712097167969,11.287712097167969,11.66215991973877,0.3744478225708008,1,11.287712097167969,11.287712097167969,0,1,1,0.790195643901825,1,1,0.8421850800514221,0,0
SIHDR_012,SIHDR_012_e09.jpg,11,9,train,9.38082218170166,11.287712097167969,11.505023956298828,0.21731185913085938,1,11.287712097167969,11.287712097167969,0,1,1,0.7752220630645752,1,1,0.8421850800514221,0,0
SIHDR_012,SIHDR_012_e10.jpg,11,10,train,8.38082218170166,11.287712097167969,11.460444450378418,0.17273235321044922,1,11.287712097167969,11.287712097167969,0,1,1,0.7527547478675842,1,1,0.8421850800514221,0,0
SIHDR_012,SIHDR_012_e11.jpg,11,11,train,7.380821704864502,11.287712097167969,11.3919095993042,0.10419750213623047,1,11.287712097167969,11.287712097167969,0,1,1,0.7426983118057251,1,1,0.8421850800514221,0,0
SIHDR_012,SIHDR_012_e12.jpg,11,12,train,6.321928024291992,11.287712097167969,11.493541717529297,0.20582962036132812,1,11.287712097167969,11.287712097167969,0,1,1,0.7251309156417847,1,1,0.8421850800514221,0,0
SIHDR_012,SIHDR_012_e13.jpg,11,13,train,5.321928024291992,11.287712097167969,10.814974784851074,0.47273731231689453,1,11.287712097167969,11.287712097167969,0,1,1,0.712361752986908,1,1,0.8421850800514221,0,0
SIHDR_012,SIHDR_012_e14.jpg,11,14,train,4.321928024291992,11.287712097167969,10.118453025817871,1.1692590713500977,1,11.287712097167969,11.287712097167969,0,1,1,0.6999821066856384,1,1,0.8421850800514221,0,0
SIHDR_013,SIHDR_013_e00.jpg,12,0,validation,17.194602966308594,11.287712097167969,10.072125434875488,1.2155866622924805,1,11.287712097167969,11.287712097167969,0,,0,0.9349834322929382,1,,0.8421850800514221,1,
SIHDR_013,SIHDR_013_e01.jpg,12,1,validation,16.28771209716797,11.287712097167969,9.907060623168945,1.3806514739990234,1,11.287712097167969,11.287712097167969,0,,0,0.9303258061408997,1,,0.8421850800514221,1,
SIHDR_013,SIHDR_013_e02.jpg,12,2,validation,15.872674942016602,11.287712097167969,9.860394477844238,1.4273176193237305,1,11.287712097167969,11.287712097167969,0,,0,0.9244634509086609,1,,0.8421850800514221,1,
SIHDR_013,SIHDR_013_e03.jpg,12,3,validation,15.287712097167969,11.287712097167969,9.686928749084473,1.600783348083496,1,11.287712097167969,11.287712097167969,0,,0,0.9123035073280334,1,,0.8421850800514221,1,
SIHDR_013,SIHDR_013_e04.jpg,12,4,validation,14.287712097167969,11.287712097167969,9.323701858520508,1.964010238647461,1,11.287712097167969,11.287712097167969,0,,0,0.8937318921089172,1,,0.8421850800514221,1,
SIHDR_013,SIHDR_013_e05.jpg,12,5,validation,13.287712097167969,11.287712097167969,9.239710807800293,2.048001289367676,1,11.287712097167969,11.287712097167969,0,,0,0.8806681632995605,1,,0.8421850800514221,1,
SIHDR_013,SIHDR_013_e06.jpg,12,6,validation,12.287712097167969,11.287712097167969,9.371929168701172,1.9157829284667969,1,11.287712097167969,11.287712097167969,0,,0,0.8631778955459595,1,,0.8421850800514221,1,
SIHDR_013,SIHDR_013_e07.jpg,12,7,validation,11.287712097167969,11.287712097167969,10.81982135772705,0.46789073944091797,1,11.287712097167969,11.287712097167969,0,,0,0.8135617971420288,1,,0.8421850800514221,0,
SIHDR_013,SIHDR_013_e08.jpg,12,8,validation,10.287712097167969,11.287712097167969,11.068717956542969,0.218994140625,1,11.287712097167969,11.287712097167969,0,,0,0.7802292108535767,1,,0.8421850800514221,0,
SIHDR_013,SIHDR_013_e09.jpg,12,9,validation,9.38082218170166,11.287712097167969,10.997748374938965,0.2899637222290039,1,11.287712097167969,11.287712097167969,0,,0,0.7614712715148926,1,,0.8421850800514221,0,
SIHDR_013,SIHDR_013_e10.jpg,12,10,validation,8.38082218170166,11.287712097167969,10.737658500671387,0.550053596496582,1,11.287712097167969,11.287712097167969,0,,0,0.7489604353904724,1,,0.8421850800514221,0,
SIHDR_013,SIHDR_013_e11.jpg,12,11,validation,7.380821704864502,11.287712097167969,11.19385814666748,0.09385395050048828,1,11.287712097167969,11.287712097167969,0,,0,0.7393808364868164,1,,0.8421850800514221,0,
SIHDR_013,SIHDR_013_e12.jpg,12,12,validation,6.321928024291992,11.287712097167969,11.443102836608887,0.15539073944091797,1,11.287712097167969,11.287712097167969,0,,0,0.7226007580757141,1,,0.8421850800514221,0,
SIHDR_013,SIHDR_013_e13.jpg,12,13,validation,5.321928024291992,11.287712097167969,10.788559913635254,0.49915218353271484,1,11.287712097167969,11.287712097167969,0,,0,0.7109755277633667,1,,0.8421850800514221,0,
SIHDR_013,SIHDR_013_e14.jpg,12,14,validation,4.321928024291992,11.287712097167969,10.102363586425781,1.1853485107421875,1,11.287712097167969,11.287712097167969,0,,0,0.6993076801300049,1,,0.8421850800514221,0,
SIHDR_014,SIHDR_014_e00.jpg,13,0,train,17.194602966308594,10.287712097167969,10.201249122619629,0.08646297454833984,1,10.287712097167969,10.287712097167969,0,1,1,0.9378830790519714,1,1,0.8421850800514221,1,1
SIHDR_014,SIHDR_014_e01.jpg,13,1,train,16.28771209716797,10.287712097167969,9.944964408874512,0.34274768829345703,1,10.287712097167969,10.287712097167969,0,1,1,0.9353687763214111,1,1,0.8421850800514221,1,1
SIHDR_014,SIHDR_014_e02.jpg,13,2,train,15.872674942016602,10.287712097167969,9.904980659484863,0.38273143768310547,1,10.287712097167969,10.287712097167969,0,1,1,0.9329218864440918,1,1,0.8421850800514221,1,1
SIHDR_014,SIHDR_014_e03.jpg,13,3,train,15.287712097167969,10.287712097167969,9.873220443725586,0.4144916534423828,1,10.287712097167969,10.287712097167969,0,1,1,0.928435742855072,1,1,0.8421850800514221,1,1
SIHDR_014,SIHDR_014_e04.jpg,13,4,train,14.287712097167969,10.287712097167969,9.516196250915527,0.7715158462524414,1,10.287712097167969,10.287712097167969,0,1,1,0.9186700582504272,1,1,0.8421850800514221,1,1
SIHDR_014,SIHDR_014_e05.jpg,13,5,train,13.287712097167969,10.287712097167969,9.01307201385498,1.2746400833129883,1,10.287712097167969,10.287712097167969,0,1,1,0.9088029265403748,1,1,0.8421850800514221,1,1
SIHDR_014,SIHDR_014_e06.jpg,13,6,train,12.287712097167969,10.287712097167969,9.077142715454102,1.2105693817138672,1,10.287712097167969,10.287712097167969,0,1,1,0.8857836127281189,1,1,0.8421850800514221,1,1
SIHDR_014,SIHDR_014_e07.jpg,13,7,train,11.287712097167969,10.287712097167969,9.927687644958496,0.36002445220947266,1,10.287712097167969,10.287712097167969,0,1,1,0.8315236568450928,1,1,0.8421850800514221,0,0
SIHDR_014,SIHDR_014_e08.jpg,13,8,train,10.287712097167969,10.287712097167969,10.383288383483887,0.09557628631591797,1,10.287712097167969,10.287712097167969,0,1,1,0.7967227101325989,1,1,0.8421850800514221,0,0
SIHDR_014,SIHDR_014_e09.jpg,13,9,train,9.38082218170166,10.287712097167969,10.446685791015625,0.15897369384765625,1,10.287712097167969,10.287712097167969,0,1,1,0.7709304094314575,1,1,0.8421850800514221,0,0
SIHDR_014,SIHDR_014_e10.jpg,13,10,train,8.38082218170166,10.287712097167969,10.077122688293457,0.21058940887451172,1,10.287712097167969,10.287712097167969,0,1,1,0.7493169903755188,1,1,0.8421850800514221,0,0
SIHDR_014,SIHDR_014_e11.jpg,13,11,train,7.380821704864502,10.287712097167969,10.150238990783691,0.13747310638427734,1,10.287712097167969,10.287712097167969,0,1,1,0.7407670617103577,1,1,0.8421850800514221,0,0
SIHDR_014,SIHDR_014_e12.jpg,13,12,train,6.321928024291992,10.287712097167969,10.924139976501465,0.6364278793334961,1,10.287712097167969,10.287712097167969,0,1,1,0.7267357707023621,1,1,0.8421850800514221,0,0
SIHDR_014,SIHDR_014_e13.jpg,13,13,train,5.321928024291992,10.287712097167969,10.770516395568848,0.4828042984008789,1,10.287712097167969,10.287712097167969,0,1,1,0.7121824622154236,1,1,0.8421850800514221,0,0
SIHDR_014,SIHDR_014_e14.jpg,13,14,train,4.321928024291992,10.287712097167969,10.095890998840332,0.19182109832763672,1,10.287712097167969,10.287712097167969,0,1,1,0.6998105645179749,1,1,0.8421850800514221,0,0
SIHDR_015,SIHDR_015_e00.jpg,14,0,train,17.194602966308594,10.287712097167969,10.095067024230957,0.19264507293701172,1,10.287712097167969,10.287712097167969,0,1,1,0.9293352961540222,1,1,0.8421850800514221,1,1
SIHDR_015,SIHDR_015_e01.jpg,14,1,train,16.28771209716797,10.287712097167969,9.854686737060547,0.4330253601074219,1,10.287712097167969,10.287712097167969,0,1,1,0.9217379689216614,1,1,0.8421850800514221,1,1
SIHDR_015,SIHDR_015_e02.jpg,14,2,train,15.872674942016602,10.287712097167969,9.866461753845215,0.4212503433227539,1,10.287712097167969,10.287712097167969,0,1,1,0.9195939898490906,1,1,0.8421850800514221,1,1
SIHDR_015,SIHDR_015_e03.jpg,14,3,train,15.287712097167969,10.287712097167969,9.881664276123047,0.4060478210449219,1,10.287712097167969,10.287712097167969,0,1,1,0.9174011945724487,1,1,0.8421850800514221,1,1
SIHDR_015,SIHDR_015_e04.jpg,14,4,train,14.287712097167969,10.287712097167969,9.668732643127441,0.6189794540405273,1,10.287712097167969,10.287712097167969,0,1,1,0.9136115908622742,1,1,0.8421850800514221,1,1
SIHDR_015,SIHDR_015_e05.jpg,14,5,train,13.287712097167969,10.287712097167969,9.293389320373535,0.9943227767944336,1,10.287712097167969,10.287712097167969,0,1,1,0.9093809127807617,1,1,0.8421850800514221,1,1
SIHDR_015,SIHDR_015_e06.jpg,14,6,train,12.287712097167969,10.287712097167969,9.399486541748047,0.8882255554199219,1,10.287712097167969,10.287712097167969,0,1,1,0.8961182832717896,1,1,0.8421850800514221,1,1
SIHDR_015,SIHDR_015_e07.jpg,14,7,train,11.287712097167969,10.287712097167969,9.950947761535645,0.3367643356323242,1,10.287712097167969,10.287712097167969,0,1,1,0.8424726724624634,1,1,0.8421850800514221,1,1
SIHDR_015,SIHDR_015_e08.jpg,14,8,train,10.287712097167969,10.287712097167969,10.907079696655273,0.6193675994873047,1,10.287712097167969,10.287712097167969,0,1,1,0.7983230948448181,1,1,0.8421850800514221,0,0
SIHDR_015,SIHDR_015_e09.jpg,14,9,train,9.38082218170166,10.287712097167969,10.893712997436523,0.6060009002685547,1,10.287712097167969,10.287712097167969,0,1,1,0.7704547643661499,1,1,0.8421850800514221,0,0
SIHDR_015,SIHDR_015_e10.jpg,14,10,train,8.38082218170166,10.287712097167969,10.58142375946045,0.29371166229248047,1,10.287712097167969,10.287712097167969,0,1,1,0.7508032917976379,1,1,0.8421850800514221,0,0
SIHDR_015,SIHDR_015_e11.jpg,14,11,train,7.380821704864502,10.287712097167969,10.612150192260742,0.32443809509277344,1,10.287712097167969,10.287712097167969,0,1,1,0.7410050630569458,1,1,0.8421850800514221,0,0
SIHDR_015,SIHDR_015_e12.jpg,14,12,train,6.321928024291992,10.287712097167969,11.087874412536621,0.8001623153686523,1,10.287712097167969,10.287712097167969,0,1,1,0.7262610793113708,1,1,0.8421850800514221,0,0
SIHDR_015,SIHDR_015_e13.jpg,14,13,train,5.321928024291992,10.287712097167969,10.786465644836426,0.49875354766845703,1,10.287712097167969,10.287712097167969,0,1,1,0.7121506929397583,1,1,0.8421850800514221,0,0
SIHDR_015,SIHDR_015_e14.jpg,14,14,train,4.321928024291992,10.287712097167969,10.103211402893066,0.18450069427490234,1,10.287712097167969,10.287712097167969,0,1,1,0.6998537182807922,1,1,0.8421850800514221,0,0
SIHDR_018,SIHDR_018_e00.jpg,15,0,train,17.194602966308594,13.287712097167969,12.22542667388916,1.0622854232788086,1,13.287712097167969,13.287712097167969,0,1,1,0.888786792755127,1,1,0.8421850800514221,1,1
SIHDR_018,SIHDR_018_e01.jpg,15,1,train,16.28771209716797,13.287712097167969,11.990630149841309,1.2970819473266602,1,13.287712097167969,13.287712097167969,0,1,1,0.8737003803253174,1,1,0.8421850800514221,1,1
SIHDR_018,SIHDR_018_e02.jpg,15,2,train,15.872674942016602,13.287712097167969,11.975775718688965,1.311936378479004,1,13.287712097167969,13.287712097167969,0,1,1,0.8703256845474243,1,1,0.8421850800514221,1,1
SIHDR_018,SIHDR_018_e03.jpg,15,3,train,15.287712097167969,13.287712097167969,12.438361167907715,0.8493509292602539,1,13.287712097167969,13.287712097167969,0,1,1,0.8656817078590393,1,1,0.8421850800514221,1,1
SIHDR_018,SIHDR_018_e04.jpg,15,4,train,14.287712097167969,13.287712097167969,13.101075172424316,0.18663692474365234,1,13.287712097167969,13.287712097167969,0,1,1,0.8603505492210388,1,1,0.8421850800514221,1,1
SIHDR_018,SIHDR_018_e05.jpg,15,5,train,13.287712097167969,13.287712097167969,13.507718086242676,0.22000598907470703,1,13.287712097167969,13.287712097167969,0,1,1,0.8427101373672485,1,1,0.8421850800514221,1,1
SIHDR_018,SIHDR_018_e06.jpg,15,6,train,12.287712097167969,13.287712097167969,13.63231372833252,0.3446016311645508,1,13.287712097167969,13.287712097167969,0,1,1,0.8065298199653625,1,1,0.8421850800514221,0,0
SIHDR_018,SIHDR_018_e07.jpg,15,7,train,11.287712097167969,13.287712097167969,13.42908000946045,0.14136791229248047,1,13.287712097167969,13.287712097167969,0,1,1,0.7876434922218323,1,1,0.8421850800514221,0,0
SIHDR_018,SIHDR_018_e08.jpg,15,8,train,10.287712097167969,13.287712097167969,13.286280632019043,0.0014314651489257812,1,13.287712097167969,13.287712097167969,0,1,1,0.7688722014427185,1,1,0.8421850800514221,0,0
SIHDR_018,SIHDR_018_e09.jpg,15,9,train,9.38082218170166,13.287712097167969,12.91541576385498,0.3722963333129883,1,13.287712097167969,13.287712097167969,0,1,1,0.7621068358421326,1,1,0.8421850800514221,0,0
SIHDR_018,SIHDR_018_e10.jpg,15,10,train,8.38082218170166,13.287712097167969,12.97813892364502,0.3095731735229492,1,13.287712097167969,13.287712097167969,0,1,1,0.7473828792572021,1,1,0.8421850800514221,0,0
SIHDR_018,SIHDR_018_e11.jpg,15,11,train,7.380821704864502,13.287712097167969,12.291686058044434,0.9960260391235352,1,13.287712097167969,13.287712097167969,0,1,1,0.7355145215988159,1,1,0.8421850800514221,0,0
SIHDR_018,SIHDR_018_e12.jpg,15,12,train,6.321928024291992,13.287712097167969,11.549928665161133,1.737783432006836,1,13.287712097167969,13.287712097167969,0,1,1,0.7231035828590393,1,1,0.8421850800514221,0,0
SIHDR_018,SIHDR_018_e13.jpg,15,13,train,5.321928024291992,13.287712097167969,10.842581748962402,2.4451303482055664,1,13.287712097167969,13.287712097167969,0,1,1,0.7113155722618103,1,1,0.8421850800514221,0,0
SIHDR_018,SIHDR_018_e14.jpg,15,14,train,4.321928024291992,13.287712097167969,10.131814002990723,3.155898094177246,1,13.287712097167969,13.287712097167969,0,1,1,0.6993874311447144,1,1,0.8421850800514221,0,0
SIHDR_019,SIHDR_019_e00.jpg,16,0,train,17.194602966308594,17.194602966308594,13.139335632324219,4.055267333984375,0,15.287712097167969,17.194602966308594,0,1,1,0.8777239322662354,1,1,0.8421850800514221,1,1
SIHDR_019,SIHDR_019_e01.jpg,16,1,train,16.28771209716797,17.194602966308594,12.939409255981445,4.255193710327148,0,15.287712097167969,17.194602966308594,0,1,1,0.8714922666549683,1,1,0.8421850800514221,1,1
SIHDR_019,SIHDR_019_e02.jpg,16,2,train,15.872674942016602,17.194602966308594,13.132156372070312,4.062446594238281,0,15.287712097167969,17.194602966308594,0,1,1,0.8693740963935852,1,1,0.8421850800514221,1,1
SIHDR_019,SIHDR_019_e03.jpg,16,3,train,15.287712097167969,17.194602966308594,13.516934394836426,3.677668571472168,0,15.287712097167969,17.194602966308594,0,1,1,0.8662137389183044,1,1,0.8421850800514221,1,1
SIHDR_019,SIHDR_019_e04.jpg,16,4,train,14.287712097167969,17.194602966308594,13.512690544128418,3.681912422180176,0,15.287712097167969,17.194602966308594,0,1,1,0.8593648076057434,1,1,0.8421850800514221,1,1
SIHDR_019,SIHDR_019_e05.jpg,16,5,train,13.287712097167969,17.194602966308594,13.053437232971191,4.141165733337402,0,15.287712097167969,17.194602966308594,0,1,1,0.8496583700180054,1,1,0.8421850800514221,1,1
SIHDR_019,SIHDR_019_e06.jpg,16,6,train,12.287712097167969,17.194602966308594,12.972365379333496,4.222237586975098,0,15.287712097167969,17.194602966308594,0,1,1,0.8126959800720215,1,1,0.8421850800514221,0,0
SIHDR_019,SIHDR_019_e07.jpg,16,7,train,11.287712097167969,17.194602966308594,13.129654884338379,4.064948081970215,0,15.287712097167969,17.194602966308594,0,1,1,0.7835450172424316,1,1,0.8421850800514221,0,0
SIHDR_019,SIHDR_019_e08.jpg,16,8,train,10.287712097167969,17.194602966308594,13.020634651184082,4.173968315124512,0,15.287712097167969,17.194602966308594,0,1,1,0.7684624195098877,1,1,0.8421850800514221,0,0
SIHDR_019,SIHDR_019_e09.jpg,16,9,train,9.38082218170166,17.194602966308594,12.597673416137695,4.596929550170898,0,15.287712097167969,17.194602966308594,0,1,1,0.7540614604949951,1,1,0.8421850800514221,0,0
SIHDR_019,SIHDR_019_e10.jpg,16,10,train,8.38082218170166,17.194602966308594,11.96865463256836,5.225948333740234,0,15.287712097167969,17.194602966308594,0,1,1,0.7483965158462524,1,1,0.8421850800514221,0,0
SIHDR_019,SIHDR_019_e11.jpg,16,11,train,7.380821704864502,17.194602966308594,12.074894905090332,5.119708061218262,0,15.287712097167969,17.194602966308594,0,1,1,0.7359491586685181,1,1,0.8421850800514221,0,0
SIHDR_019,SIHDR_019_e12.jpg,16,12,train,6.321928024291992,17.194602966308594,11.530783653259277,5.663819313049316,0,15.287712097167969,17.194602966308594,0,1,1,0.722957193851471,1,1,0.8421850800514221,0,0
SIHDR_019,SIHDR_019_e13.jpg,16,13,train,5.321928024291992,17.194602966308594,10.833009719848633,6.361593246459961,0,15.287712097167969,17.194602966308594,0,1,1,0.7112404704093933,1,1,0.8421850800514221,0,0
SIHDR_019,SIHDR_019_e14.jpg,16,14,train,4.321928024291992,17.194602966308594,10.126664161682129,7.067938804626465,0,15.287712097167969,17.194602966308594,0,1,1,0.6993833780288696,1,1,0.8421850800514221,0,0
SIHDR_020,SIHDR_020_e00.jpg,17,0,train,17.194602966308594,17.194602966308594,13.602999687194824,3.5916032791137695,0,15.287712097167969,17.194602966308594,0,1,1,0.8890875577926636,1,1,0.8421850800514221,1,1
SIHDR_020,SIHDR_020_e01.jpg,17,1,train,16.28771209716797,17.194602966308594,13.3049898147583,3.889613151550293,0,15.287712097167969,17.194602966308594,0,1,1,0.8881145715713501,1,1,0.8421850800514221,1,1
SIHDR_020,SIHDR_020_e02.jpg,17,2,train,15.872674942016602,17.194602966308594,13.607513427734375,3.5870895385742188,0,15.287712097167969,17.194602966308594,0,1,1,0.8886501789093018,1,1,0.8421850800514221,1,1
SIHDR_020,SIHDR_020_e03.jpg,17,3,train,15.287712097167969,17.194602966308594,14.086195945739746,3.1084070205688477,0,15.287712097167969,17.194602966308594,0,1,1,0.8893197178840637,1,1,0.8421850800514221,1,1
SIHDR_020,SIHDR_020_e04.jpg,17,4,train,14.287712097167969,17.194602966308594,14.100801467895508,3.093801498413086,0,15.287712097167969,17.194602966308594,0,1,1,0.8847073316574097,1,1,0.8421850800514221,1,1
SIHDR_020,SIHDR_020_e05.jpg,17,5,train,13.287712097167969,17.194602966308594,13.758193969726562,3.4364089965820312,0,15.287712097167969,17.194602966308594,0,1,1,0.874026894569397,1,1,0.8421850800514221,1,1
SIHDR_020,SIHDR_020_e06.jpg,17,6,train,12.287712097167969,17.194602966308594,13.797597885131836,3.397005081176758,0,15.287712097167969,17.194602966308594,0,1,1,0.8292067050933838,1,1,0.8421850800514221,0,0
SIHDR_020,SIHDR_020_e07.jpg,17,7,train,11.287712097167969,17.194602966308594,13.701883316040039,3.4927196502685547,0,15.287712097167969,17.194602966308594,0,1,1,0.7922787070274353,1,1,0.8421850800514221,0,0
SIHDR_020,SIHDR_020_e08.jpg,17,8,train,10.287712097167969,17.194602966308594,13.355266571044922,3.839336395263672,0,15.287712097167969,17.194602966308594,0,1,1,0.7769207954406738,1,1,0.8421850800514221,0,0
SIHDR_020,SIHDR_020_e09.jpg,17,9,train,9.38082218170166,17.194602966308594,12.76069450378418,4.433908462524414,0,15.287712097167969,17.194602966308594,0,1,1,0.7590583562850952,1,1,0.8421850800514221,0,0
SIHDR_020,SIHDR_020_e10.jpg,17,10,train,8.38082218170166,17.194602966308594,12.260343551635742,4.934259414672852,0,15.287712097167969,17.194602966308594,0,1,1,0.7512000799179077,1,1,0.8421850800514221,0,0
SIHDR_020,SIHDR_020_e11.jpg,17,11,train,7.380821704864502,17.194602966308594,12.28307056427002,4.911532402038574,0,15.287712097167969,17.194602966308594,0,1,1,0.736140251159668,1,1,0.8421850800514221,0,0
SIHDR_020,SIHDR_020_e12.jpg,17,12,train,6.321928024291992,17.194602966308594,11.545791625976562,5.648811340332031,0,15.287712097167969,17.194602966308594,0,1,1,0.723412811756134,1,1,0.8421850800514221,0,0
SIHDR_020,SIHDR_020_e13.jpg,17,13,train,5.321928024291992,17.194602966308594,10.840514183044434,6.35408878326416,0,15.287712097167969,17.194602966308594,0,1,1,0.7114741802215576,1,1,0.8421850800514221,0,0
SIHDR_020,SIHDR_020_e14.jpg,17,14,train,4.321928024291992,17.194602966308594,10.130378723144531,7.0642242431640625,0,15.287712097167969,17.194602966308594,0,1,1,0.699486255645752,1,1,0.8421850800514221,0,0
SIHDR_021,SIHDR_021_e00.jpg,18,0,train,17.194602966308594,17.194602966308594,14.251351356506348,2.943251609802246,0,15.287712097167969,17.194602966308594,0,1,1,0.9021631479263306,1,1,0.8421850800514221,1,1
SIHDR_021,SIHDR_021_e01.jpg,18,1,train,16.28771209716797,17.194602966308594,14.47805118560791,2.7165517807006836,0,15.287712097167969,17.194602966308594,0,1,1,0.902608335018158,1,1,0.8421850800514221,1,1
SIHDR_021,SIHDR_021_e02.jpg,18,2,train,15.872674942016602,17.194602966308594,14.841060638427734,2.3535423278808594,0,15.287712097167969,17.194602966308594,0,1,1,0.9012730717658997,1,1,0.8421850800514221,1,1
SIHDR_021,SIHDR_021_e03.jpg,18,3,train,15.287712097167969,17.194602966308594,15.040223121643066,2.1543798446655273,0,15.287712097167969,17.194602966308594,0,1,1,0.8994064927101135,1,1,0.8421850800514221,1,1
SIHDR_021,SIHDR_021_e04.jpg,18,4,train,14.287712097167969,17.194602966308594,14.73844051361084,2.456162452697754,0,15.287712097167969,17.194602966308594,0,1,1,0.8944301605224609,1,1,0.8421850800514221,1,1
SIHDR_021,SIHDR_021_e05.jpg,18,5,train,13.287712097167969,17.194602966308594,14.214631080627441,2.9799718856811523,0,15.287712097167969,17.194602966308594,0,1,1,0.8891775012016296,1,1,0.8421850800514221,1,1
SIHDR_021,SIHDR_021_e06.jpg,18,6,train,12.287712097167969,17.194602966308594,13.872386932373047,3.322216033935547,0,15.287712097167969,17.194602966308594,0,1,1,0.8739644289016724,1,1,0.8421850800514221,1,1
SIHDR_021,SIHDR_021_e07.jpg,18,7,train,11.287712097167969,17.194602966308594,13.885764122009277,3.3088388442993164,0,15.287712097167969,17.194602966308594,0,1,1,0.8250595927238464,1,1,0.8421850800514221,0,0
SIHDR_021,SIHDR_021_e08.jpg,18,8,train,10.287712097167969,17.194602966308594,13.534529685974121,3.6600732803344727,0,15.287712097167969,17.194602966308594,0,1,1,0.7909490466117859,1,1,0.8421850800514221,0,0
SIHDR_021,SIHDR_021_e09.jpg,18,9,train,9.38082218170166,17.194602966308594,13.050517082214355,4.144085884094238,0,15.287712097167969,17.194602966308594,0,1,1,0.7682585120201111,1,1,0.8421850800514221,0,0
SIHDR_021,SIHDR_021_e10.jpg,18,10,train,8.38082218170166,17.194602966308594,12.373659133911133,4.820943832397461,0,15.287712097167969,17.194602966308594,0,1,1,0.7533025145530701,1,1,0.8421850800514221,0,0
SIHDR_021,SIHDR_021_e11.jpg,18,11,train,7.380821704864502,17.194602966308594,12.082978248596191,5.111624717712402,0,15.287712097167969,17.194602966308594,0,1,1,0.7393020987510681,1,1,0.8421850800514221,0,0
SIHDR_021,SIHDR_021_e12.jpg,18,12,train,6.321928024291992,17.194602966308594,11.54390811920166,5.650694847106934,0,15.287712097167969,17.194602966308594,0,1,1,0.7245805263519287,1,1,0.8421850800514221,0,0
SIHDR_021,SIHDR_021_e13.jpg,18,13,train,5.321928024291992,17.194602966308594,10.839571952819824,6.3550310134887695,0,15.287712097167969,17.194602966308594,0,1,1,0.7120736241340637,1,1,0.8421850800514221,0,0
SIHDR_021,SIHDR_021_e14.jpg,18,14,train,4.321928024291992,17.194602966308594,10.130003929138184,7.06459903717041,0,15.287712097167969,17.194602966308594,0,1,1,0.699826717376709,1,1,0.8421850800514221,0,0
SIHDR_022,SIHDR_022_e00.jpg,19,0,train,17.194602966308594,12.287712097167969,12.92619800567627,0.6384859085083008,1,11.287712097167969,12.287712097167969,0,1,1,0.8905273079872131,1,1,0.8421850800514221,1,1
SIHDR_022,SIHDR_022_e01.jpg,19,1,train,16.28771209716797,12.287712097167969,12.48133373260498,0.19362163543701172,1,11.287712097167969,12.287712097167969,0,1,1,0.8898975849151611,1,1,0.8421850800514221,1,1
SIHDR_022,SIHDR_022_e02.jpg,19,2,train,15.872674942016602,12.287712097167969,12.672940254211426,0.38522815704345703,1,11.287712097167969,12.287712097167969,0,1,1,0.8880272507667542,1,1,0.8421850800514221,1,1
SIHDR_022,SIHDR_022_e03.jpg,19,3,train,15.287712097167969,12.287712097167969,12.951031684875488,0.6633195877075195,1,11.287712097167969,12.287712097167969,0,1,1,0.8857634663581848,1,1,0.8421850800514221,1,1
SIHDR_022,SIHDR_022_e04.jpg,19,4,train,14.287712097167969,12.287712097167969,12.601799964904785,0.3140878677368164,1,11.287712097167969,12.287712097167969,0,1,1,0.8814257979393005,1,1,0.8421850800514221,1,1
SIHDR_022,SIHDR_022_e05.jpg,19,5,train,13.287712097167969,12.287712097167969,12.0892972946167,0.19841480255126953,1,11.287712097167969,12.287712097167969,1,1,1,0.8785432577133179,1,1,0.8421850800514221,1,1
SIHDR_022,SIHDR_022_e06.jpg,19,6,train,12.287712097167969,12.287712097167969,12.568245887756348,0.2805337905883789,1,11.287712097167969,12.287712097167969,0,1,1,0.8553220629692078,1,1,0.8421850800514221,1,1
SIHDR_022,SIHDR_022_e07.jpg,19,7,train,11.287712097167969,12.287712097167969,12.688342094421387,0.40062999725341797,1,11.287712097167969,12.287712097167969,0,1,1,0.8112932443618774,1,1,0.8421850800514221,0,0
SIHDR_022,SIHDR_022_e08.jpg,19,8,train,10.287712097167969,12.287712097167969,12.613914489746094,0.326202392578125,1,11.287712097167969,12.287712097167969,0,1,1,0.7815243601799011,1,1,0.8421850800514221,0,0
SIHDR_022,SIHDR_022_e09.jpg,19,9,train,9.38082218170166,12.287712097167969,12.28083610534668,0.0068759918212890625,1,11.287712097167969,12.287712097167969,1,1,1,0.7572422623634338,1,1,0.8421850800514221,0,0
SIHDR_022,SIHDR_022_e10.jpg,19,10,train,8.38082218170166,12.287712097167969,11.637351036071777,0.6503610610961914,1,11.287712097167969,12.287712097167969,1,1,1,0.7544838786125183,1,1,0.8421850800514221,0,0
SIHDR_022,SIHDR_022_e11.jpg,19,11,train,7.380821704864502,12.287712097167969,12.237229347229004,0.050482749938964844,1,11.287712097167969,12.287712097167969,1,1,1,0.736957311630249,1,1,0.8421850800514221,0,0
SIHDR_022,SIHDR_022_e12.jpg,19,12,train,6.321928024291992,12.287712097167969,11.523787498474121,0.7639245986938477,1,11.287712097167969,12.287712097167969,1,1,1,0.723816990852356,1,1,0.8421850800514221,0,0
SIHDR_022,SIHDR_022_e13.jpg,19,13,train,5.321928024291992,12.287712097167969,10.829511642456055,1.458200454711914,1,11.287712097167969,12.287712097167969,0,1,1,0.711681604385376,1,1,0.8421850800514221,0,0
SIHDR_022,SIHDR_022_e14.jpg,19,14,train,4.321928024291992,12.287712097167969,10.124876976013184,2.162835121154785,1,11.287712097167969,12.287712097167969,0,1,1,0.6996122002601624,1,1,0.8421850800514221,0,0
SIHDR_023,SIHDR_023_e00.jpg,20,0,validation,17.194602966308594,17.194602966308594,16.681243896484375,0.5133590698242188,0,17.194602966308594,17.194602966308594,0,1,1,0.820585310459137,1,1,0.8421850800514221,0,0
SIHDR_023,SIHDR_023_e01.jpg,20,1,validation,16.28771209716797,17.194602966308594,17.2237491607666,0.029146194458007812,0,17.194602966308594,17.194602966308594,0,1,1,0.8073611259460449,1,1,0.8421850800514221,0,0
SIHDR_023,SIHDR_023_e02.jpg,20,2,validation,15.872674942016602,17.194602966308594,17.205350875854492,0.010747909545898438,0,17.194602966308594,17.194602966308594,0,1,1,0.8022751808166504,1,1,0.8421850800514221,0,0
SIHDR_023,SIHDR_023_e03.jpg,20,3,validation,15.287712097167969,17.194602966308594,17.042394638061523,0.1522083282470703,0,17.194602966308594,17.194602966308594,0,1,1,0.7952883839607239,1,1,0.8421850800514221,0,0
SIHDR_023,SIHDR_023_e04.jpg,20,4,validation,14.287712097167969,17.194602966308594,16.556760787963867,0.6378421783447266,0,17.194602966308594,17.194602966308594,0,1,1,0.7837272882461548,1,1,0.8421850800514221,0,0
SIHDR_023,SIHDR_023_e05.jpg,20,5,validation,13.287712097167969,17.194602966308594,16.07457733154297,1.120025634765625,0,17.194602966308594,17.194602966308594,0,1,1,0.7824618816375732,1,1,0.8421850800514221,0,0
SIHDR_023,SIHDR_023_e06.jpg,20,6,validation,12.287712097167969,17.194602966308594,15.492335319519043,1.7022676467895508,0,17.194602966308594,17.194602966308594,0,1,1,0.7784467935562134,1,1,0.8421850800514221,0,0
SIHDR_023,SIHDR_023_e07.jpg,20,7,validation,11.287712097167969,17.194602966308594,14.882170677185059,2.312432289123535,0,17.194602966308594,17.194602966308594,0,1,1,0.7722296714782715,1,1,0.8421850800514221,0,0
SIHDR_023,SIHDR_023_e08.jpg,20,8,validation,10.287712097167969,17.194602966308594,14.238602638244629,2.956000328063965,0,17.194602966308594,17.194602966308594,0,1,1,0.763441264629364,1,1,0.8421850800514221,0,0
SIHDR_023,SIHDR_023_e09.jpg,20,9,validation,9.38082218170166,17.194602966308594,13.628575325012207,3.5660276412963867,0,17.194602966308594,17.194602966308594,0,1,1,0.7556193470954895,1,1,0.8421850800514221,0,0
SIHDR_023,SIHDR_023_e10.jpg,20,10,validation,8.38082218170166,17.194602966308594,13.0175142288208,4.177088737487793,0,17.194602966308594,17.194602966308594,0,1,1,0.7451547384262085,1,1,0.8421850800514221,0,0
SIHDR_023,SIHDR_023_e11.jpg,20,11,validation,7.380821704864502,17.194602966308594,12.316374778747559,4.878228187561035,0,17.194602966308594,17.194602966308594,0,1,1,0.7343477010726929,1,1,0.8421850800514221,0,0
SIHDR_023,SIHDR_023_e12.jpg,20,12,validation,6.321928024291992,17.194602966308594,11.56177806854248,5.632824897766113,0,17.194602966308594,17.194602966308594,0,1,1,0.7225275039672852,1,1,0.8421850800514221,0,0
SIHDR_023,SIHDR_023_e13.jpg,20,13,validation,5.321928024291992,17.194602966308594,10.848505973815918,6.346096992492676,0,17.194602966308594,17.194602966308594,0,1,1,0.7110203504562378,1,1,0.8421850800514221,0,0
SIHDR_023,SIHDR_023_e14.jpg,20,14,validation,4.321928024291992,17.194602966308594,10.134865760803223,7.059737205505371,0,17.194602966308594,17.194602966308594,0,1,1,0.6992214322090149,1,1,0.8421850800514221,0,0
SIHDR_025,SIHDR_025_e00.jpg,21,0,train,17.194602966308594,17.194602966308594,15.629814147949219,1.564788818359375,0,17.194602966308594,17.194602966308594,0,1,1,0.9092519283294678,1,1,0.8421850800514221,1,1
SIHDR_025,SIHDR_025_e01.jpg,21,1,train,16.28771209716797,17.194602966308594,15.680380821228027,1.5142221450805664,0,17.194602966308594,17.194602966308594,0,1,1,0.9011157155036926,1,1,0.8421850800514221,1,1
SIHDR_025,SIHDR_025_e02.jpg,21,2,train,15.872674942016602,17.194602966308594,15.498847007751465,1.695755958557129,0,17.194602966308594,17.194602966308594,0,1,1,0.8961094617843628,1,1,0.8421850800514221,1,1
SIHDR_025,SIHDR_025_e03.jpg,21,3,train,15.287712097167969,17.194602966308594,15.153766632080078,2.0408363342285156,0,17.194602966308594,17.194602966308594,0,1,1,0.8890470862388611,1,1,0.8421850800514221,1,1
SIHDR_025,SIHDR_025_e04.jpg,21,4,train,14.287712097167969,17.194602966308594,14.673073768615723,2.521529197692871,0,17.194602966308594,17.194602966308594,0,1,1,0.8733801245689392,1,1,0.8421850800514221,1,1
SIHDR_025,SIHDR_025_e05.jpg,21,5,train,13.287712097167969,17.194602966308594,14.68128490447998,2.5133180618286133,0,17.194602966308594,17.194602966308594,0,1,1,0.8415388464927673,1,1,0.8421850800514221,0,0
SIHDR_025,SIHDR_025_e06.jpg,21,6,train,12.287712097167969,17.194602966308594,14.675628662109375,2.5189743041992188,0,17.194602966308594,17.194602966308594,0,1,1,0.8082164525985718,1,1,0.8421850800514221,0,0
SIHDR_025,SIHDR_025_e07.jpg,21,7,train,11.287712097167969,17.194602966308594,14.336405754089355,2.8581972122192383,0,17.194602966308594,17.194602966308594,0,1,1,0.7850921154022217,1,1,0.8421850800514221,0,0
SIHDR_025,SIHDR_025_e08.jpg,21,8,train,10.287712097167969,17.194602966308594,13.8346529006958,3.359950065612793,0,17.194602966308594,17.194602966308594,0,1,1,0.7689724564552307,1,1,0.8421850800514221,0,0
SIHDR_025,SIHDR_025_e09.jpg,21,9,train,9.38082218170166,17.194602966308594,13.328155517578125,3.8664474487304688,0,17.194602966308594,17.194602966308594,0,1,1,0.7600472569465637,1,1,0.8421850800514221,0,0
SIHDR_025,SIHDR_025_e10.jpg,21,10,train,8.38082218170166,17.194602966308594,12.990351676940918,4.204251289367676,0,17.194602966308594,17.194602966308594,0,1,1,0.7469669580459595,1,1,0.8421850800514221,0,0
SIHDR_025,SIHDR_025_e11.jpg,21,11,train,7.380821704864502,17.194602966308594,12.297701835632324,4.8969011306762695,0,17.194602966308594,17.194602966308594,0,1,1,0.7353007197380066,1,1,0.8421850800514221,0,0
SIHDR_025,SIHDR_025_e12.jpg,21,12,train,6.321928024291992,17.194602966308594,11.552814483642578,5.641788482666016,0,17.194602966308594,17.194602966308594,0,1,1,0.7229979038238525,1,1,0.8421850800514221,0,0
SIHDR_025,SIHDR_025_e13.jpg,21,13,train,5.321928024291992,17.194602966308594,10.844025611877441,6.350577354431152,0,17.194602966308594,17.194602966308594,0,1,1,0.7112614512443542,1,1,0.8421850800514221,0,0
SIHDR_025,SIHDR_025_e14.jpg,21,14,train,4.321928024291992,17.194602966308594,10.132448196411133,7.062154769897461,0,17.194602966308594,17.194602966308594,0,1,1,0.6993609666824341,1,1,0.8421850800514221,0,0
SIHDR_027,SIHDR_027_e00.jpg,22,0,validation,17.194602966308594,17.194602966308594,16.5517520904541,0.6428508758544922,0,17.194602966308594,17.194602966308594,0,1,1,0.8556612730026245,1,1,0.8421850800514221,1,1
SIHDR_027,SIHDR_027_e01.jpg,22,1,validation,16.28771209716797,17.194602966308594,16.73520851135254,0.4593944549560547,0,17.194602966308594,17.194602966308594,0,1,1,0.8350582718849182,1,1,0.8421850800514221,0,0
SIHDR_027,SIHDR_027_e02.jpg,22,2,validation,15.872674942016602,17.194602966308594,16.711509704589844,0.48309326171875,0,17.194602966308594,17.194602966308594,0,1,1,0.8272616267204285,1,1,0.8421850800514221,0,0
SIHDR_027,SIHDR_027_e03.jpg,22,3,validation,15.287712097167969,17.194602966308594,16.643901824951172,0.5507011413574219,0,17.194602966308594,17.194602966308594,0,1,1,0.8184137940406799,1,1,0.8421850800514221,0,0
SIHDR_027,SIHDR_027_e04.jpg,22,4,validation,14.287712097167969,17.194602966308594,16.39068031311035,0.8039226531982422,0,17.194602966308594,17.194602966308594,0,1,1,0.8063299059867859,1,1,0.8421850800514221,0,0
SIHDR_027,SIHDR_027_e05.jpg,22,5,validation,13.287712097167969,17.194602966308594,15.940448760986328,1.2541542053222656,0,17.194602966308594,17.194602966308594,0,1,1,0.7953503727912903,1,1,0.8421850800514221,0,0
SIHDR_027,SIHDR_027_e06.jpg,22,6,validation,12.287712097167969,17.194602966308594,15.460708618164062,1.7338943481445312,0,17.194602966308594,17.194602966308594,0,1,1,0.7858904600143433,1,1,0.8421850800514221,0,0
SIHDR_027,SIHDR_027_e07.jpg,22,7,validation,11.287712097167969,17.194602966308594,14.981964111328125,2.2126388549804688,0,17.194602966308594,17.194602966308594,0,1,1,0.7757837176322937,1,1,0.8421850800514221,0,0
SIHDR_027,SIHDR_027_e08.jpg,22,8,validation,10.287712097167969,17.194602966308594,14.359068870544434,2.83553409576416,0,17.194602966308594,17.194602966308594,0,1,1,0.7656598091125488,1,1,0.8421850800514221,0,0
SIHDR_027,SIHDR_027_e09.jpg,22,9,validation,9.38082218170166,17.194602966308594,13.735335350036621,3.4592676162719727,0,17.194602966308594,17.194602966308594,0,1,1,0.7562795877456665,1,1,0.8421850800514221,0,0
SIHDR_027,SIHDR_027_e10.jpg,22,10,validation,8.38082218170166,17.194602966308594,13.027113914489746,4.167489051818848,0,17.194602966308594,17.194602966308594,0,1,1,0.7455941438674927,1,1,0.8421850800514221,0,0
SIHDR_027,SIHDR_027_e11.jpg,22,11,validation,7.380821704864502,17.194602966308594,12.316082954406738,4.8785200119018555,0,17.194602966308594,17.194602966308594,0,1,1,0.7345945239067078,1,1,0.8421850800514221,0,0
SIHDR_027,SIHDR_027_e12.jpg,22,12,validation,6.321928024291992,17.194602966308594,11.561638832092285,5.632964134216309,0,17.194602966308594,17.194602966308594,0,1,1,0.7226492762565613,1,1,0.8421850800514221,0,0
SIHDR_027,SIHDR_027_e13.jpg,22,13,validation,5.321928024291992,17.194602966308594,10.84843635559082,6.346166610717773,0,17.194602966308594,17.194602966308594,0,1,1,0.7110826969146729,1,1,0.8421850800514221,0,0
SIHDR_027,SIHDR_027_e14.jpg,22,14,validation,4.321928024291992,17.194602966308594,10.134846687316895,7.059756278991699,0,17.194602966308594,17.194602966308594,0,1,1,0.6992531418800354,1,1,0.8421850800514221,0,0
SIHDR_028,SIHDR_028_e00.jpg,23,0,test,17.194602966308594,17.194602966308594,15.426734924316406,1.7678680419921875,0,17.194602966308594,17.194602966308594,0,0,1,0.8699038624763489,1,0,0.8421850800514221,1,0
SIHDR_028,SIHDR_028_e01.jpg,23,1,test,16.28771209716797,17.194602966308594,16.439538955688477,0.7550640106201172,0,17.194602966308594,17.194602966308594,0,0,1,0.8397999405860901,1,0,0.8421850800514221,0,1
SIHDR_028,SIHDR_028_e02.jpg,23,2,test,15.872674942016602,17.194602966308594,16.484092712402344,0.71051025390625,0,17.194602966308594,17.194602966308594,0,0,1,0.8338207006454468,1,0,0.8421850800514221,0,1
SIHDR_028,SIHDR_028_e03.jpg,23,3,test,15.287712097167969,17.194602966308594,16.37746238708496,0.8171405792236328,0,17.194602966308594,17.194602966308594,0,0,1,0.8217090964317322,1,0,0.8421850800514221,0,1
SIHDR_028,SIHDR_028_e04.jpg,23,4,test,14.287712097167969,17.194602966308594,15.78050708770752,1.4140958786010742,0,17.194602966308594,17.194602966308594,0,0,1,0.8077969551086426,1,0,0.8421850800514221,0,1
SIHDR_028,SIHDR_028_e05.jpg,23,5,test,13.287712097167969,17.194602966308594,15.770071983337402,1.4245309829711914,0,17.194602966308594,17.194602966308594,0,0,1,0.7988791465759277,1,0,0.8421850800514221,0,1
SIHDR_028,SIHDR_028_e06.jpg,23,6,test,12.287712097167969,17.194602966308594,15.764885902404785,1.4297170639038086,0,17.194602966308594,17.194602966308594,0,0,1,0.7862339019775391,1,0,0.8421850800514221,0,1
SIHDR_028,SIHDR_028_e07.jpg,23,7,test,11.287712097167969,17.194602966308594,15.079480171203613,2.1151227951049805,0,17.194602966308594,17.194602966308594,0,0,1,0.7759287357330322,1,0,0.8421850800514221,0,1
SIHDR_028,SIHDR_028_e08.jpg,23,8,test,10.287712097167969,17.194602966308594,14.379976272583008,2.814626693725586,0,17.194602966308594,17.194602966308594,0,0,1,0.7657029628753662,1,0,0.8421850800514221,0,1
SIHDR_028,SIHDR_028_e09.jpg,23,9,test,9.38082218170166,17.194602966308594,13.739262580871582,3.4553403854370117,0,17.194602966308594,17.194602966308594,0,0,1,0.7563271522521973,1,0,0.8421850800514221,0,1
SIHDR_028,SIHDR_028_e10.jpg,23,10,test,8.38082218170166,17.194602966308594,13.029077529907227,4.165525436401367,0,17.194602966308594,17.194602966308594,0,0,1,0.7456184029579163,1,0,0.8421850800514221,0,1
SIHDR_028,SIHDR_028_e11.jpg,23,11,test,7.380821704864502,17.194602966308594,12.317065238952637,4.877537727355957,0,17.194602966308594,17.194602966308594,0,0,1,0.7346069812774658,1,0,0.8421850800514221,0,1
SIHDR_028,SIHDR_028_e12.jpg,23,12,test,6.321928024291992,17.194602966308594,11.562108993530273,5.63249397277832,0,17.194602966308594,17.194602966308594,0,0,1,0.7226554751396179,1,0,0.8421850800514221,0,1
SIHDR_028,SIHDR_028_e13.jpg,23,13,test,5.321928024291992,17.194602966308594,10.848672866821289,6.345930099487305,0,17.194602966308594,17.194602966308594,0,0,1,0.711085855960846,1,0,0.8421850800514221,0,1
SIHDR_028,SIHDR_028_e14.jpg,23,14,test,4.321928024291992,17.194602966308594,10.134949684143066,7.059653282165527,0,17.194602966308594,17.194602966308594,0,0,1,0.699255645275116,1,0,0.8421850800514221,0,1
SIHDR_029,SIHDR_029_e00.jpg,24,0,train,17.194602966308594,8.38082218170166,9.969497680664062,1.5886754989624023,1,7.380821704864502,8.38082218170166,0,0,1,0.9323292374610901,1,0,0.8421850800514221,1,0
SIHDR_029,SIHDR_029_e01.jpg,24,1,train,16.28771209716797,8.38082218170166,9.349156379699707,0.9683341979980469,1,7.380821704864502,8.38082218170166,0,0,1,0.929487943649292,1,0,0.8421850800514221,1,0
SIHDR_029,SIHDR_029_e02.jpg,24,2,train,15.872674942016602,8.38082218170166,9.071558952331543,0.6907367706298828,1,7.380821704864502,8.38082218170166,0,0,1,0.9278184771537781,1,0,0.8421850800514221,1,0
SIHDR_029,SIHDR_029_e03.jpg,24,3,train,15.287712097167969,8.38082218170166,8.718649864196777,0.3378276824951172,1,7.380821704864502,8.38082218170166,0,0,1,0.9254484176635742,1,0,0.8421850800514221,1,0
SIHDR_029,SIHDR_029_e04.jpg,24,4,train,14.287712097167969,8.38082218170166,8.216818809509277,0.1640033721923828,1,7.380821704864502,8.38082218170166,1,0,1,0.9214383363723755,1,0,0.8421850800514221,1,0
SIHDR_029,SIHDR_029_e05.jpg,24,5,train,13.287712097167969,8.38082218170166,7.7173004150390625,0.6635217666625977,1,7.380821704864502,8.38082218170166,1,0,1,0.9167649149894714,1,0,0.8421850800514221,1,0
SIHDR_029,SIHDR_029_e06.jpg,24,6,train,12.287712097167969,8.38082218170166,7.228438377380371,1.152383804321289,1,7.380821704864502,8.38082218170166,0,0,1,0.9110192656517029,1,0,0.8421850800514221,1,0
SIHDR_029,SIHDR_029_e07.jpg,24,7,train,11.287712097167969,8.38082218170166,6.8367462158203125,1.5440759658813477,1,7.380821704864502,8.38082218170166,0,0,1,0.9047584533691406,1,0,0.8421850800514221,1,0
SIHDR_029,SIHDR_029_e08.jpg,24,8,train,10.287712097167969,8.38082218170166,6.976743698120117,1.404078483581543,1,7.380821704864502,8.38082218170166,0,0,1,0.8828628659248352,1,0,0.8421850800514221,1,0
SIHDR_029,SIHDR_029_e09.jpg,24,9,train,9.38082218170166,8.38082218170166,8.111475944519043,0.2693462371826172,1,7.380821704864502,8.38082218170166,1,0,1,0.8428837060928345,1,0,0.8421850800514221,1,0
SIHDR_029,SIHDR_029_e10.jpg,24,10,train,8.38082218170166,8.38082218170166,8.481454849243164,0.1006326675415039,1,7.380821704864502,8.38082218170166,0,0,1,0.7898002862930298,1,0,0.8421850800514221,0,1
SIHDR_029,SIHDR_029_e11.jpg,24,11,train,7.380821704864502,8.38082218170166,8.406596183776855,0.025774002075195312,1,7.380821704864502,8.38082218170166,0,0,1,0.7514049410820007,1,0,0.8421850800514221,0,1
SIHDR_029,SIHDR_029_e12.jpg,24,12,train,6.321928024291992,8.38082218170166,7.819256782531738,0.5615653991699219,1,7.380821704864502,8.38082218170166,1,0,1,0.7271850109100342,1,0,0.8421850800514221,0,1
SIHDR_029,SIHDR_029_e13.jpg,24,13,train,5.321928024291992,8.38082218170166,8.524364471435547,0.14354228973388672,1,7.380821704864502,8.38082218170166,0,0,1,0.7242724895477295,1,0,0.8421850800514221,0,1
SIHDR_029,SIHDR_029_e14.jpg,24,14,train,4.321928024291992,8.38082218170166,9.772147178649902,1.3913249969482422,1,7.380821704864502,8.38082218170166,0,0,1,0.7036585211753845,1,0,0.8421850800514221,0,1
SIHDR_030,SIHDR_030_e00.jpg,25,0,train,17.194602966308594,8.38082218170166,9.969497680664062,1.5886754989624023,1,7.380821704864502,8.38082218170166,0,,0,0.9323292374610901,1,,0.8421850800514221,1,
SIHDR_030,SIHDR_030_e01.jpg,25,1,train,16.28771209716797,8.38082218170166,9.349156379699707,0.9683341979980469,1,7.380821704864502,8.38082218170166,0,,0,0.929487943649292,1,,0.8421850800514221,1,
SIHDR_030,SIHDR_030_e02.jpg,25,2,train,15.872674942016602,8.38082218170166,9.071558952331543,0.6907367706298828,1,7.380821704864502,8.38082218170166,0,,0,0.9278184771537781,1,,0.8421850800514221,1,
SIHDR_030,SIHDR_030_e03.jpg,25,3,train,15.287712097167969,8.38082218170166,8.718650817871094,0.3378286361694336,1,7.380821704864502,8.38082218170166,0,,0,0.9254483580589294,1,,0.8421850800514221,1,
SIHDR_030,SIHDR_030_e04.jpg,25,4,train,14.287712097167969,8.38082218170166,8.23181438446045,0.14900779724121094,1,7.380821704864502,8.38082218170166,1,,0,0.9217903017997742,1,,0.8421850800514221,1,
SIHDR_030,SIHDR_030_e05.jpg,25,5,train,13.287712097167969,8.38082218170166,7.804715633392334,0.5761065483093262,1,7.380821704864502,8.38082218170166,1,,0,0.918134331703186,1,,0.8421850800514221,1,
SIHDR_030,SIHDR_030_e06.jpg,25,6,train,12.287712097167969,8.38082218170166,7.435726165771484,0.9450960159301758,1,7.380821704864502,8.38082218170166,1,,0,0.9113012552261353,1,,0.8421850800514221,1,
SIHDR_030,SIHDR_030_e07.jpg,25,7,train,11.287712097167969,8.38082218170166,7.262608528137207,1.1182136535644531,1,7.380821704864502,8.38082218170166,0,,0,0.9003317356109619,1,,0.8421850800514221,1,
SIHDR_030,SIHDR_030_e08.jpg,25,8,train,10.287712097167969,8.38082218170166,7.98422384262085,0.39659833908081055,1,7.380821704864502,8.38082218170166,1,,0,0.8741245865821838,1,,0.8421850800514221,1,
SIHDR_030,SIHDR_030_e09.jpg,25,9,train,9.38082218170166,8.38082218170166,8.820778846740723,0.4399566650390625,1,7.380821704864502,8.38082218170166,0,,0,0.8385096192359924,1,,0.8421850800514221,0,
SIHDR_030,SIHDR_030_e10.jpg,25,10,train,8.38082218170166,8.38082218170166,8.917946815490723,0.5371246337890625,1,7.380821704864502,8.38082218170166,0,,0,0.789000391960144,1,,0.8421850800514221,0,
SIHDR_030,SIHDR_030_e11.jpg,25,11,train,7.380821704864502,8.38082218170166,8.683673858642578,0.30285167694091797,1,7.380821704864502,8.38082218170166,0,,0,0.7525005340576172,1,,0.8421850800514221,0,
SIHDR_030,SIHDR_030_e12.jpg,25,12,train,6.321928024291992,8.38082218170166,8.323769569396973,0.0570526123046875,1,7.380821704864502,8.38082218170166,1,,0,0.7312121987342834,1,,0.8421850800514221,0,
SIHDR_030,SIHDR_030_e13.jpg,25,13,train,5.321928024291992,8.38082218170166,9.287351608276367,0.906529426574707,1,7.380821704864502,8.38082218170166,0,,0,0.7198019623756409,1,,0.8421850800514221,0,
SIHDR_030,SIHDR_030_e14.jpg,25,14,train,4.321928024291992,8.38082218170166,9.858105659484863,1.4772834777832031,1,7.380821704864502,8.38082218170166,0,,0,0.7022746205329895,1,,0.8421850800514221,0,
SIHDR_031,SIHDR_031_e00.jpg,26,0,validation,17.194602966308594,7.380821704864502,9.969497680664062,2.5886759757995605,1,5.321928024291992,7.380821704864502,0,1,1,0.9323292374610901,1,1,0.8421850800514221,1,1
SIHDR_031,SIHDR_031_e01.jpg,26,1,validation,16.28771209716797,7.380821704864502,9.349156379699707,1.968334674835205,1,5.321928024291992,7.380821704864502,0,1,1,0.929487943649292,1,1,0.8421850800514221,1,1
SIHDR_031,SIHDR_031_e02.jpg,26,2,validation,15.872674942016602,7.380821704864502,9.071558952331543,1.690737247467041,1,5.321928024291992,7.380821704864502,0,1,1,0.9278184771537781,1,1,0.8421850800514221,1,1
SIHDR_031,SIHDR_031_e03.jpg,26,3,validation,15.287712097167969,7.380821704864502,8.718649864196777,1.3378281593322754,1,5.321928024291992,7.380821704864502,0,1,1,0.9254484176635742,1,1,0.8421850800514221,1,1
SIHDR_031,SIHDR_031_e04.jpg,26,4,validation,14.287712097167969,7.380821704864502,8.2169828414917,0.8361611366271973,1,5.321928024291992,7.380821704864502,0,1,1,0.9214467406272888,1,1,0.8421850800514221,1,1
SIHDR_031,SIHDR_031_e05.jpg,26,5,validation,13.287712097167969,7.380821704864502,7.732094764709473,0.3512730598449707,1,5.321928024291992,7.380821704864502,0,1,1,0.9172477126121521,1,1,0.8421850800514221,1,1
SIHDR_031,SIHDR_031_e06.jpg,26,6,validation,12.287712097167969,7.380821704864502,7.3128252029418945,0.06799650192260742,1,5.321928024291992,7.380821704864502,1,1,1,0.9136863350868225,1,1,0.8421850800514221,1,1
SIHDR_031,SIHDR_031_e07.jpg,26,7,validation,11.287712097167969,7.380821704864502,7.147435188293457,0.23338651657104492,1,5.321928024291992,7.380821704864502,1,1,1,0.9103632569313049,1,1,0.8421850800514221,1,1
SIHDR_031,SIHDR_031_e08.jpg,26,8,validation,10.287712097167969,7.380821704864502,7.466083526611328,0.08526182174682617,1,5.321928024291992,7.380821704864502,0,1,1,0.8976442813873291,1,1,0.8421850800514221,1,1
SIHDR_031,SIHDR_031_e09.jpg,26,9,validation,9.38082218170166,7.380821704864502,8.197548866271973,0.8167271614074707,1,5.321928024291992,7.380821704864502,0,1,1,0.8699628710746765,1,1,0.8421850800514221,1,1
SIHDR_031,SIHDR_031_e10.jpg,26,10,validation,8.38082218170166,7.380821704864502,8.499717712402344,1.1188960075378418,1,5.321928024291992,7.380821704864502,0,1,1,0.8314645290374756,1,1,0.8421850800514221,0,0
SIHDR_031,SIHDR_031_e11.jpg,26,11,validation,7.380821704864502,7.380821704864502,8.356400489807129,0.975578784942627,1,5.321928024291992,7.380821704864502,0,1,1,0.7821024060249329,1,1,0.8421850800514221,0,0
SIHDR_031,SIHDR_031_e12.jpg,26,12,validation,6.321928024291992,7.380821704864502,7.90435266494751,0.5235309600830078,1,5.321928024291992,7.380821704864502,0,1,1,0.7363229393959045,1,1,0.8421850800514221,0,0
SIHDR_031,SIHDR_031_e13.jpg,26,13,validation,5.321928024291992,7.380821704864502,8.314230918884277,0.9334092140197754,1,5.321928024291992,7.380821704864502,0,1,1,0.7103869915008545,1,1,0.8421850800514221,0,0
SIHDR_031,SIHDR_031_e14.jpg,26,14,validation,4.321928024291992,7.380821704864502,9.00879955291748,1.6279778480529785,1,5.321928024291992,7.380821704864502,0,1,1,0.6896297931671143,1,1,0.8421850800514221,0,0
SIHDR_032,SIHDR_032_e00.jpg,27,0,validation,17.194602966308594,6.321928024291992,9.969497680664062,3.6475696563720703,1,6.321928024291992,6.321928024291992,0,1,1,0.9323292374610901,1,1,0.8421850800514221,1,1
SIHDR_032,SIHDR_032_e01.jpg,27,1,validation,16.28771209716797,6.321928024291992,9.349156379699707,3.027228355407715,1,6.321928024291992,6.321928024291992,0,1,1,0.929487943649292,1,1,0.8421850800514221,1,1
SIHDR_032,SIHDR_032_e02.jpg,27,2,validation,15.872674942016602,6.321928024291992,9.071558952331543,2.749630928039551,1,6.321928024291992,6.321928024291992,0,1,1,0.9278184771537781,1,1,0.8421850800514221,1,1
SIHDR_032,SIHDR_032_e03.jpg,27,3,validation,15.287712097167969,6.321928024291992,8.718649864196777,2.396721839904785,1,6.321928024291992,6.321928024291992,0,1,1,0.9254484176635742,1,1,0.8421850800514221,1,1
SIHDR_032,SIHDR_032_e04.jpg,27,4,validation,14.287712097167969,6.321928024291992,8.220279693603516,1.8983516693115234,1,6.321928024291992,6.321928024291992,0,1,1,0.9215379357337952,1,1,0.8421850800514221,1,1
SIHDR_032,SIHDR_032_e05.jpg,27,5,validation,13.287712097167969,6.321928024291992,7.91146993637085,1.5895419120788574,1,6.321928024291992,6.321928024291992,0,1,1,0.9189984798431396,1,1,0.8421850800514221,1,1
SIHDR_032,SIHDR_032_e06.jpg,27,6,validation,12.287712097167969,6.321928024291992,7.953086853027344,1.6311588287353516,1,6.321928024291992,6.321928024291992,0,1,1,0.915936291217804,1,1,0.8421850800514221,1,1
SIHDR_032,SIHDR_032_e07.jpg,27,7,validation,11.287712097167969,6.321928024291992,7.7931413650512695,1.4712133407592773,1,6.321928024291992,6.321928024291992,0,1,1,0.9063296318054199,1,1,0.8421850800514221,1,1
SIHDR_032,SIHDR_032_e08.jpg,27,8,validation,10.287712097167969,6.321928024291992,7.325442314147949,1.003514289855957,1,6.321928024291992,6.321928024291992,0,1,1,0.8927919268608093,1,1,0.8421850800514221,1,1
SIHDR_032,SIHDR_032_e09.jpg,27,9,validation,9.38082218170166,6.321928024291992,6.883589744567871,0.5616617202758789,1,6.321928024291992,6.321928024291992,0,1,1,0.8813374638557434,1,1,0.8421850800514221,1,1
SIHDR_032,SIHDR_032_e10.jpg,27,10,validation,8.38082218170166,6.321928024291992,6.686142921447754,0.3642148971557617,1,6.321928024291992,6.321928024291992,0,1,1,0.8661095499992371,1,1,0.8421850800514221,1,1
SIHDR_032,SIHDR_032_e11.jpg,27,11,validation,7.380821704864502,6.321928024291992,7.285327911376953,0.9633998870849609,1,6.321928024291992,6.321928024291992,0,1,1,0.8389411568641663,1,1,0.8421850800514221,0,0
SIHDR_032,SIHDR_032_e12.jpg,27,12,validation,6.321928024291992,6.321928024291992,7.48942756652832,1.1674995422363281,1,6.321928024291992,6.321928024291992,0,1,1,0.782902181148529,1,1,0.8421850800514221,0,0
SIHDR_032,SIHDR_032_e13.jpg,27,13,validation,5.321928024291992,6.321928024291992,7.568532943725586,1.2466049194335938,1,6.321928024291992,6.321928024291992,0,1,1,0.7489392757415771,1,1,0.8421850800514221,0,0
SIHDR_032,SIHDR_032_e14.jpg,27,14,validation,4.321928024291992,6.321928024291992,7.149166107177734,0.8272380828857422,1,6.321928024291992,6.321928024291992,0,1,1,0.7197415828704834,1,1,0.8421850800514221,0,0
SIHDR_033,SIHDR_033_e00.jpg,28,0,test,17.194602966308594,7.380821704864502,9.969497680664062,2.5886759757995605,1,6.321928024291992,7.380821704864502,0,1,1,0.9323292374610901,1,1,0.8421850800514221,1,1
SIHDR_033,SIHDR_033_e01.jpg,28,1,test,16.28771209716797,7.380821704864502,9.349156379699707,1.968334674835205,1,6.321928024291992,7.380821704864502,0,1,1,0.929487943649292,1,1,0.8421850800514221,1,1
SIHDR_033,SIHDR_033_e02.jpg,28,2,test,15.872674942016602,7.380821704864502,9.071558952331543,1.690737247467041,1,6.321928024291992,7.380821704864502,0,1,1,0.9278184771537781,1,1,0.8421850800514221,1,1
SIHDR_033,SIHDR_033_e03.jpg,28,3,test,15.287712097167969,7.380821704864502,8.718649864196777,1.3378281593322754,1,6.321928024291992,7.380821704864502,0,1,1,0.9254484176635742,1,1,0.8421850800514221,1,1
SIHDR_033,SIHDR_033_e04.jpg,28,4,test,14.287712097167969,7.380821704864502,8.220357894897461,0.839536190032959,1,6.321928024291992,7.380821704864502,0,1,1,0.9215067625045776,1,1,0.8421850800514221,1,1
SIHDR_033,SIHDR_033_e05.jpg,28,5,test,13.287712097167969,7.380821704864502,7.968901634216309,0.5880799293518066,1,6.321928024291992,7.380821704864502,0,1,1,0.9204928874969482,1,1,0.8421850800514221,1,1
SIHDR_033,SIHDR_033_e06.jpg,28,6,test,12.287712097167969,7.380821704864502,8.193573951721191,0.8127522468566895,1,6.321928024291992,7.380821704864502,0,1,1,0.9207903146743774,1,1,0.8421850800514221,1,1
SIHDR_033,SIHDR_033_e07.jpg,28,7,test,11.287712097167969,7.380821704864502,8.193940162658691,0.8131184577941895,1,6.321928024291992,7.380821704864502,0,1,1,0.9055630564689636,1,1,0.8421850800514221,1,1
SIHDR_033,SIHDR_033_e08.jpg,28,8,test,10.287712097167969,7.380821704864502,7.913288593292236,0.5324668884277344,1,6.321928024291992,7.380821704864502,0,1,1,0.8806423544883728,1,1,0.8421850800514221,1,1
SIHDR_033,SIHDR_033_e09.jpg,28,9,test,9.38082218170166,7.380821704864502,7.508522033691406,0.1277003288269043,1,6.321928024291992,7.380821704864502,0,1,1,0.8578934073448181,1,1,0.8421850800514221,1,1
SIHDR_033,SIHDR_033_e10.jpg,28,10,test,8.38082218170166,7.380821704864502,7.261709213256836,0.11911249160766602,1,6.321928024291992,7.380821704864502,1,1,1,0.8227997422218323,1,1,0.8421850800514221,0,0
SIHDR_033,SIHDR_033_e11.jpg,28,11,test,7.380821704864502,7.380821704864502,7.613234519958496,0.23241281509399414,1,6.321928024291992,7.380821704864502,0,1,1,0.7851646542549133,1,1,0.8421850800514221,0,0
SIHDR_033,SIHDR_033_e12.jpg,28,12,test,6.321928024291992,7.380821704864502,8.19188404083252,0.8110623359680176,1,6.321928024291992,7.380821704864502,0,1,1,0.7354410886764526,1,1,0.8421850800514221,0,0
SIHDR_033,SIHDR_033_e13.jpg,28,13,test,5.321928024291992,7.380821704864502,8.43326187133789,1.0524401664733887,1,6.321928024291992,7.380821704864502,0,1,1,0.7110595107078552,1,1,0.8421850800514221,0,0
SIHDR_033,SIHDR_033_e14.jpg,28,14,test,4.321928024291992,7.380821704864502,8.313602447509766,0.9327807426452637,1,6.321928024291992,7.380821704864502,0,1,1,0.6958812475204468,1,1,0.8421850800514221,0,0
SIHDR_034,SIHDR_034_e00.jpg,29,0,train,17.194602966308594,7.380821704864502,9.969497680664062,2.5886759757995605,1,7.380821704864502,7.380821704864502,0,1,1,0.9323292374610901,1,1,0.8421850800514221,1,1
SIHDR_034,SIHDR_034_e01.jpg,29,1,train,16.28771209716797,7.380821704864502,9.349156379699707,1.968334674835205,1,7.380821704864502,7.380821704864502,0,1,1,0.929487943649292,1,1,0.8421850800514221,1,1
SIHDR_034,SIHDR_034_e02.jpg,29,2,train,15.872674942016602,7.380821704864502,9.071558952331543,1.690737247467041,1,7.380821704864502,7.380821704864502,0,1,1,0.9278184771537781,1,1,0.8421850800514221,1,1
SIHDR_034,SIHDR_034_e03.jpg,29,3,train,15.287712097167969,7.380821704864502,8.718926429748535,1.3381047248840332,1,7.380821704864502,7.380821704864502,0,1,1,0.9254542589187622,1,1,0.8421850800514221,1,1
SIHDR_034,SIHDR_034_e04.jpg,29,4,train,14.287712097167969,7.380821704864502,8.218207359313965,0.8373856544494629,1,7.380821704864502,7.380821704864502,0,1,1,0.9215167760848999,1,1,0.8421850800514221,1,1
SIHDR_034,SIHDR_034_e05.jpg,29,5,train,13.287712097167969,7.380821704864502,8.014629364013672,0.6338076591491699,1,7.380821704864502,7.380821704864502,0,1,1,0.9125959873199463,1,1,0.8421850800514221,1,1
SIHDR_034,SIHDR_034_e06.jpg,29,6,train,12.287712097167969,7.380821704864502,7.875123977661133,0.49430227279663086,1,7.380821704864502,7.380821704864502,0,1,1,0.8950133919715881,1,1,0.8421850800514221,1,1
SIHDR_034,SIHDR_034_e07.jpg,29,7,train,11.287712097167969,7.380821704864502,7.636354446411133,0.25553274154663086,1,7.380821704864502,7.380821704864502,0,1,1,0.874288022518158,1,1,0.8421850800514221,1,1
SIHDR_034,SIHDR_034_e08.jpg,29,8,train,10.287712097167969,7.380821704864502,7.313076019287109,0.06774568557739258,1,7.380821704864502,7.380821704864502,0,1,1,0.8477696776390076,1,1,0.8421850800514221,1,1
SIHDR_034,SIHDR_034_e09.jpg,29,9,train,9.38082218170166,7.380821704864502,7.0602264404296875,0.32059526443481445,1,7.380821704864502,7.380821704864502,0,1,1,0.8238397836685181,1,1,0.8421850800514221,0,0
SIHDR_034,SIHDR_034_e10.jpg,29,10,train,8.38082218170166,7.380821704864502,7.393898963928223,0.013077259063720703,1,7.380821704864502,7.380821704864502,0,1,1,0.8084236979484558,1,1,0.8421850800514221,0,0
SIHDR_034,SIHDR_034_e11.jpg,29,11,train,7.380821704864502,7.380821704864502,8.070816993713379,0.689995288848877,1,7.380821704864502,7.380821704864502,0,1,1,0.7871918678283691,1,1,0.8421850800514221,0,0
SIHDR_034,SIHDR_034_e12.jpg,29,12,train,6.321928024291992,7.380821704864502,8.891571044921875,1.510749340057373,1,7.380821704864502,7.380821704864502,0,1,1,0.7477319836616516,1,1,0.8421850800514221,0,0
SIHDR_034,SIHDR_034_e13.jpg,29,13,train,5.321928024291992,7.380821704864502,9.112421989440918,1.731600284576416,1,7.380821704864502,7.380821704864502,0,1,1,0.7217679619789124,1,1,0.8421850800514221,0,0
SIHDR_034,SIHDR_034_e14.jpg,29,14,train,4.321928024291992,7.380821704864502,8.886114120483398,1.5052924156188965,1,7.380821704864502,7.380821704864502,0,1,1,0.7010007500648499,1,1,0.8421850800514221,0,0
SIHDR_035,SIHDR_035_e00.jpg,30,0,train,17.194602966308594,8.38082218170166,9.969497680664062,1.5886754989624023,1,7.380821704864502,8.38082218170166,0,,0,0.9323292374610901,1,,0.8421850800514221,1,
SIHDR_035,SIHDR_035_e01.jpg,30,1,train,16.28771209716797,8.38082218170166,9.349156379699707,0.9683341979980469,1,7.380821704864502,8.38082218170166,0,,0,0.929487943649292,1,,0.8421850800514221,1,
SIHDR_035,SIHDR_035_e02.jpg,30,2,train,15.872674942016602,8.38082218170166,9.071558952331543,0.6907367706298828,1,7.380821704864502,8.38082218170166,0,,0,0.9278184771537781,1,,0.8421850800514221,1,
SIHDR_035,SIHDR_035_e03.jpg,30,3,train,15.287712097167969,8.38082218170166,8.718649864196777,0.3378276824951172,1,7.380821704864502,8.38082218170166,0,,0,0.9254484176635742,1,,0.8421850800514221,1,
SIHDR_035,SIHDR_035_e04.jpg,30,4,train,14.287712097167969,8.38082218170166,8.216991424560547,0.16383075714111328,1,7.380821704864502,8.38082218170166,1,,0,0.9214468598365784,1,,0.8421850800514221,1,
SIHDR_035,SIHDR_035_e05.jpg,30,5,train,13.287712097167969,8.38082218170166,7.775773048400879,0.6050491333007812,1,7.380821704864502,8.38082218170166,1,,0,0.9157260060310364,1,,0.8421850800514221,1,
SIHDR_035,SIHDR_035_e06.jpg,30,6,train,12.287712097167969,8.38082218170166,7.568512916564941,0.8123092651367188,1,7.380821704864502,8.38082218170166,1,,0,0.9038923978805542,1,,0.8421850800514221,1,
SIHDR_035,SIHDR_035_e07.jpg,30,7,train,11.287712097167969,8.38082218170166,7.951030731201172,0.4297914505004883,1,7.380821704864502,8.38082218170166,1,,0,0.8904592394828796,1,,0.8421850800514221,1,
SIHDR_035,SIHDR_035_e08.jpg,30,8,train,10.287712097167969,8.38082218170166,8.626826286315918,0.2460041046142578,1,7.380821704864502,8.38082218170166,0,,0,0.8655613660812378,1,,0.8421850800514221,1,
SIHDR_035,SIHDR_035_e09.jpg,30,9,train,9.38082218170166,8.38082218170166,9.125998497009277,0.7451763153076172,1,7.380821704864502,8.38082218170166,0,,0,0.8338248133659363,1,,0.8421850800514221,0,
SIHDR_035,SIHDR_035_e10.jpg,30,10,train,8.38082218170166,8.38082218170166,9.158146858215332,0.7773246765136719,1,7.380821704864502,8.38082218170166,0,,0,0.7953373789787292,1,,0.8421850800514221,0,
SIHDR_035,SIHDR_035_e11.jpg,30,11,train,7.380821704864502,8.38082218170166,9.16112995147705,0.7803077697753906,1,7.380821704864502,8.38082218170166,0,,0,0.7614032626152039,1,,0.8421850800514221,0,
SIHDR_035,SIHDR_035_e12.jpg,30,12,train,6.321928024291992,8.38082218170166,9.452750205993652,1.0719280242919922,1,7.380821704864502,8.38082218170166,0,,0,0.7364858984947205,1,,0.8421850800514221,0,
SIHDR_035,SIHDR_035_e13.jpg,30,13,train,5.321928024291992,8.38082218170166,9.826271057128906,1.445448875427246,1,7.380821704864502,8.38082218170166,0,,0,0.720163881778717,1,,0.8421850800514221,0,
SIHDR_035,SIHDR_035_e14.jpg,30,14,train,4.321928024291992,8.38082218170166,9.867877006530762,1.4870548248291016,1,7.380821704864502,8.38082218170166,0,,0,0.7038169503211975,1,,0.8421850800514221,0,
SIHDR_036,SIHDR_036_e00.jpg,31,0,train,17.194602966308594,7.380821704864502,9.969497680664062,2.5886759757995605,1,7.380821704864502,7.380821704864502,0,1,1,0.9323292374610901,1,1,0.8421850800514221,1,1
SIHDR_036,SIHDR_036_e01.jpg,31,1,train,16.28771209716797,7.380821704864502,9.349152565002441,1.9683308601379395,1,7.380821704864502,7.380821704864502,0,1,1,0.929487407207489,1,1,0.8421850800514221,1,1
SIHDR_036,SIHDR_036_e02.jpg,31,2,train,15.872674942016602,7.380821704864502,9.07107162475586,1.6902499198913574,1,7.380821704864502,7.380821704864502,0,1,1,0.9278193712234497,1,1,0.8421850800514221,1,1
SIHDR_036,SIHDR_036_e03.jpg,31,3,train,15.287712097167969,7.380821704864502,8.715250968933105,1.3344292640686035,1,7.380821704864502,7.380821704864502,0,1,1,0.9256222248077393,1,1,0.8421850800514221,1,1
SIHDR_036,SIHDR_036_e04.jpg,31,4,train,14.287712097167969,7.380821704864502,8.388595581054688,1.0077738761901855,1,7.380821704864502,7.380821704864502,0,1,1,0.9204814434051514,1,1,0.8421850800514221,1,1
SIHDR_036,SIHDR_036_e05.jpg,31,5,train,13.287712097167969,7.380821704864502,8.434403419494629,1.053581714630127,1,7.380821704864502,7.380821704864502,0,1,1,0.9044569730758667,1,1,0.8421850800514221,1,1
SIHDR_036,SIHDR_036_e06.jpg,31,6,train,12.287712097167969,7.380821704864502,8.307814598083496,0.9269928932189941,1,7.380821704864502,7.380821704864502,0,1,1,0.8816972970962524,1,1,0.8421850800514221,1,1
SIHDR_036,SIHDR_036_e07.jpg,31,7,train,11.287712097167969,7.380821704864502,7.992895126342773,0.6120734214782715,1,7.380821704864502,7.380821704864502,0,1,1,0.8595297336578369,1,1,0.8421850800514221,1,1
SIHDR_036,SIHDR_036_e08.jpg,31,8,train,10.287712097167969,7.380821704864502,7.60798454284668,0.22716283798217773,1,7.380821704864502,7.380821704864502,0,1,1,0.846632719039917,1,1,0.8421850800514221,1,1
SIHDR_036,SIHDR_036_e09.jpg,31,9,train,9.38082218170166,7.380821704864502,7.826638221740723,0.4458165168762207,1,7.380821704864502,7.380821704864502,0,1,1,0.8384594321250916,1,1,0.8421850800514221,0,0
SIHDR_036,SIHDR_036_e10.jpg,31,10,train,8.38082218170166,7.380821704864502,8.549798965454102,1.1689772605895996,1,7.380821704864502,7.380821704864502,0,1,1,0.8093857169151306,1,1,0.8421850800514221,0,0
SIHDR_036,SIHDR_036_e11.jpg,31,11,train,7.380821704864502,7.380821704864502,8.894722938537598,1.5139012336730957,1,7.380821704864502,7.380821704864502,0,1,1,0.7826220393180847,1,1,0.8421850800514221,0,0
SIHDR_036,SIHDR_036_e12.jpg,31,12,train,6.321928024291992,7.380821704864502,8.785325050354004,1.404503345489502,1,7.380821704864502,7.380821704864502,0,1,1,0.7392343878746033,1,1,0.8421850800514221,0,0
SIHDR_036,SIHDR_036_e13.jpg,31,13,train,5.321928024291992,7.380821704864502,8.521461486816406,1.1406397819519043,1,7.380821704864502,7.380821704864502,0,1,1,0.7162505984306335,1,1,0.8421850800514221,0,0
SIHDR_036,SIHDR_036_e14.jpg,31,14,train,4.321928024291992,7.380821704864502,8.54126262664795,1.1604409217834473,1,7.380821704864502,7.380821704864502,0,1,1,0.7013011574745178,1,1,0.8421850800514221,0,0
SIHDR_037,SIHDR_037_e00.jpg,32,0,train,17.194602966308594,7.380821704864502,9.969497680664062,2.5886759757995605,1,7.380821704864502,7.380821704864502,0,1,1,0.9323292374610901,1,1,0.8421850800514221,1,1
SIHDR_037,SIHDR_037_e01.jpg,32,1,train,16.28771209716797,7.380821704864502,9.349156379699707,1.968334674835205,1,7.380821704864502,7.380821704864502,0,1,1,0.929487943649292,1,1,0.8421850800514221,1,1
SIHDR_037,SIHDR_037_e02.jpg,32,2,train,15.872674942016602,7.380821704864502,9.071640014648438,1.6908183097839355,1,7.380821704864502,7.380821704864502,0,1,1,0.9278186559677124,1,1,0.8421850800514221,1,1
SIHDR_037,SIHDR_037_e03.jpg,32,3,train,15.287712097167969,7.380821704864502,8.731958389282227,1.3511366844177246,1,7.380821704864502,7.380821704864502,0,1,1,0.9255607724189758,1,1,0.8421850800514221,1,1
SIHDR_037,SIHDR_037_e04.jpg,32,4,train,14.287712097167969,7.380821704864502,8.50437068939209,1.123548984527588,1,7.380821704864502,7.380821704864502,0,1,1,0.9249140620231628,1,1,0.8421850800514221,1,1
SIHDR_037,SIHDR_037_e05.jpg,32,5,train,13.287712097167969,7.380821704864502,8.471724510192871,1.0909028053283691,1,7.380821704864502,7.380821704864502,0,1,1,0.9193702340126038,1,1,0.8421850800514221,1,1
SIHDR_037,SIHDR_037_e06.jpg,32,6,train,12.287712097167969,7.380821704864502,8.65283489227295,1.2720131874084473,1,7.380821704864502,7.380821704864502,0,1,1,0.8981850147247314,1,1,0.8421850800514221,1,1
SIHDR_037,SIHDR_037_e07.jpg,32,7,train,11.287712097167969,7.380821704864502,8.367164611816406,0.9863429069519043,1,7.380821704864502,7.380821704864502,0,1,1,0.8730841875076294,1,1,0.8421850800514221,1,1
SIHDR_037,SIHDR_037_e08.jpg,32,8,train,10.287712097167969,7.380821704864502,7.9730424880981445,0.5922207832336426,1,7.380821704864502,7.380821704864502,0,1,1,0.8550904393196106,1,1,0.8421850800514221,1,1
SIHDR_037,SIHDR_037_e09.jpg,32,9,train,9.38082218170166,7.380821704864502,7.904404640197754,0.523582935333252,1,7.380821704864502,7.380821704864502,0,1,1,0.8422585725784302,1,1,0.8421850800514221,1,1
SIHDR_037,SIHDR_037_e10.jpg,32,10,train,8.38082218170166,7.380821704864502,8.299620628356934,0.9187989234924316,1,7.380821704864502,7.380821704864502,0,1,1,0.8313651084899902,1,1,0.8421850800514221,0,0
SIHDR_037,SIHDR_037_e11.jpg,32,11,train,7.380821704864502,7.380821704864502,9.077658653259277,1.6968369483947754,1,7.380821704864502,7.380821704864502,0,1,1,0.7985602617263794,1,1,0.8421850800514221,0,0
SIHDR_037,SIHDR_037_e12.jpg,32,12,train,6.321928024291992,7.380821704864502,9.114988327026367,1.7341666221618652,1,7.380821704864502,7.380821704864502,0,1,1,0.7577205300331116,1,1,0.8421850800514221,0,0
SIHDR_037,SIHDR_037_e13.jpg,32,13,train,5.321928024291992,7.380821704864502,8.915151596069336,1.534329891204834,1,7.380821704864502,7.380821704864502,0,1,1,0.7284524440765381,1,1,0.8421850800514221,0,0
SIHDR_037,SIHDR_037_e14.jpg,32,14,train,4.321928024291992,7.380821704864502,8.821150779724121,1.4403290748596191,1,7.380821704864502,7.380821704864502,0,1,1,0.7086755037307739,1,1,0.8421850800514221,0,0
SIHDR_038,SIHDR_038_e00.jpg,33,0,test,17.194602966308594,7.380821704864502,9.969497680664062,2.5886759757995605,1,6.321928024291992,7.380821704864502,0,1,1,0.9323292374610901,1,1,0.8421850800514221,1,1
SIHDR_038,SIHDR_038_e01.jpg,33,1,test,16.28771209716797,7.380821704864502,9.349156379699707,1.968334674835205,1,6.321928024291992,7.380821704864502,0,1,1,0.929487943649292,1,1,0.8421850800514221,1,1
SIHDR_038,SIHDR_038_e02.jpg,33,2,test,15.872674942016602,7.380821704864502,9.071662902832031,1.6908411979675293,1,6.321928024291992,7.380821704864502,0,1,1,0.9278216361999512,1,1,0.8421850800514221,1,1
SIHDR_038,SIHDR_038_e03.jpg,33,3,test,15.287712097167969,7.380821704864502,8.73236083984375,1.351539134979248,1,6.321928024291992,7.380821704864502,0,1,1,0.925778329372406,1,1,0.8421850800514221,1,1
SIHDR_038,SIHDR_038_e04.jpg,33,4,test,14.287712097167969,7.380821704864502,8.626273155212402,1.2454514503479004,1,6.321928024291992,7.380821704864502,0,1,1,0.9239155650138855,1,1,0.8421850800514221,1,1
SIHDR_038,SIHDR_038_e05.jpg,33,5,test,13.287712097167969,7.380821704864502,8.526573181152344,1.1457514762878418,1,6.321928024291992,7.380821704864502,0,1,1,0.9133616089820862,1,1,0.8421850800514221,1,1
SIHDR_038,SIHDR_038_e06.jpg,33,6,test,12.287712097167969,7.380821704864502,8.086074829101562,0.7052531242370605,1,6.321928024291992,7.380821704864502,0,1,1,0.902204692363739,1,1,0.8421850800514221,1,1
SIHDR_038,SIHDR_038_e07.jpg,33,7,test,11.287712097167969,7.380821704864502,7.460712432861328,0.07989072799682617,1,6.321928024291992,7.380821704864502,0,1,1,0.8826952576637268,1,1,0.8421850800514221,1,1
SIHDR_038,SIHDR_038_e08.jpg,33,8,test,10.287712097167969,7.380821704864502,6.944509983062744,0.4363117218017578,1,6.321928024291992,7.380821704864502,1,1,1,0.870995819568634,1,1,0.8421850800514221,1,1
SIHDR_038,SIHDR_038_e09.jpg,33,9,test,9.38082218170166,7.380821704864502,7.824721336364746,0.44389963150024414,1,6.321928024291992,7.380821704864502,0,1,1,0.8707291483879089,1,1,0.8421850800514221,1,1
SIHDR_038,SIHDR_038_e10.jpg,33,10,test,8.38082218170166,7.380821704864502,8.818678855895996,1.4378571510314941,1,6.321928024291992,7.380821704864502,0,1,1,0.8429874777793884,1,1,0.8421850800514221,1,1
SIHDR_038,SIHDR_038_e11.jpg,33,11,test,7.380821704864502,7.380821704864502,8.514545440673828,1.1337237358093262,1,6.321928024291992,7.380821704864502,0,1,1,0.7824690937995911,1,1,0.8421850800514221,0,0
SIHDR_038,SIHDR_038_e12.jpg,33,12,test,6.321928024291992,7.380821704864502,8.439738273620605,1.0589165687561035,1,6.321928024291992,7.380821704864502,0,1,1,0.7435758113861084,1,1,0.8421850800514221,0,0
SIHDR_038,SIHDR_038_e13.jpg,33,13,test,5.321928024291992,7.380821704864502,8.148612976074219,0.7677912712097168,1,6.321928024291992,7.380821704864502,0,1,1,0.7203162312507629,1,1,0.8421850800514221,0,0
SIHDR_038,SIHDR_038_e14.jpg,33,14,test,4.321928024291992,7.380821704864502,8.263689041137695,0.8828673362731934,1,6.321928024291992,7.380821704864502,0,1,1,0.7080009579658508,1,1,0.8421850800514221,0,0
SIHDR_039,SIHDR_039_e00.jpg,34,0,train,17.194602966308594,7.380821704864502,9.969497680664062,2.5886759757995605,1,7.380821704864502,7.380821704864502,0,1,1,0.9323292374610901,1,1,0.8421850800514221,1,1
SIHDR_039,SIHDR_039_e01.jpg,34,1,train,16.28771209716797,7.380821704864502,9.349154472351074,1.9683327674865723,1,7.380821704864502,7.380821704864502,0,1,1,0.929487943649292,1,1,0.8421850800514221,1,1
SIHDR_039,SIHDR_039_e02.jpg,34,2,train,15.872674942016602,7.380821704864502,9.07190990447998,1.6910881996154785,1,7.380821704864502,7.380821704864502,0,1,1,0.9277979135513306,1,1,0.8421850800514221,1,1
SIHDR_039,SIHDR_039_e03.jpg,34,3,train,15.287712097167969,7.380821704864502,8.725725173950195,1.3449034690856934,1,7.380821704864502,7.380821704864502,0,1,1,0.9251916408538818,1,1,0.8421850800514221,1,1
SIHDR_039,SIHDR_039_e04.jpg,34,4,train,14.287712097167969,7.380821704864502,8.296049118041992,0.9152274131774902,1,7.380821704864502,7.380821704864502,0,1,1,0.917201578617096,1,1,0.8421850800514221,1,1
SIHDR_039,SIHDR_039_e05.jpg,34,5,train,13.287712097167969,7.380821704864502,8.10543441772461,0.7246127128601074,1,7.380821704864502,7.380821704864502,0,1,1,0.900468111038208,1,1,0.8421850800514221,1,1
SIHDR_039,SIHDR_039_e06.jpg,34,6,train,12.287712097167969,7.380821704864502,8.26926040649414,0.8884387016296387,1,7.380821704864502,7.380821704864502,0,1,1,0.8787456750869751,1,1,0.8421850800514221,1,1
SIHDR_039,SIHDR_039_e07.jpg,34,7,train,11.287712097167969,7.380821704864502,8.29217529296875,0.911353588104248,1,7.380821704864502,7.380821704864502,0,1,1,0.8606978058815002,1,1,0.8421850800514221,1,1
SIHDR_039,SIHDR_039_e08.jpg,34,8,train,10.287712097167969,7.380821704864502,8.028250694274902,0.6474289894104004,1,7.380821704864502,7.380821704864502,0,1,1,0.844723105430603,1,1,0.8421850800514221,1,1
SIHDR_039,SIHDR_039_e09.jpg,34,9,train,9.38082218170166,7.380821704864502,7.882514953613281,0.5016932487487793,1,7.380821704864502,7.380821704864502,0,1,1,0.8346447348594666,1,1,0.8421850800514221,0,0
SIHDR_039,SIHDR_039_e10.jpg,34,10,train,8.38082218170166,7.380821704864502,8.269580841064453,0.8887591361999512,1,7.380821704864502,7.380821704864502,0,1,1,0.8263694643974304,1,1,0.8421850800514221,0,0
SIHDR_039,SIHDR_039_e11.jpg,34,11,train,7.380821704864502,7.380821704864502,8.76356029510498,1.3827385902404785,1,7.380821704864502,7.380821704864502,0,1,1,0.8173251748085022,1,1,0.8421850800514221,0,0
SIHDR_039,SIHDR_039_e12.jpg,34,12,train,6.321928024291992,7.380821704864502,9.21999454498291,1.8391728401184082,1,7.380821704864502,7.380821704864502,0,1,1,0.7774859666824341,1,1,0.8421850800514221,0,0
SIHDR_039,SIHDR_039_e13.jpg,34,13,train,5.321928024291992,7.380821704864502,9.266058921813965,1.885237216949463,1,7.380821704864502,7.380821704864502,0,1,1,0.738793134689331,1,1,0.8421850800514221,0,0
SIHDR_039,SIHDR_039_e14.jpg,34,14,train,4.321928024291992,7.380821704864502,9.015254974365234,1.6344332695007324,1,7.380821704864502,7.380821704864502,0,1,1,0.7132898569107056,1,1,0.8421850800514221,0,0
SIHDR_040,SIHDR_040_e00.jpg,35,0,train,17.194602966308594,7.380821704864502,9.969497680664062,2.5886759757995605,1,7.380821704864502,7.380821704864502,0,1,1,0.9323292374610901,1,1,0.8421850800514221,1,1
SIHDR_040,SIHDR_040_e01.jpg,35,1,train,16.28771209716797,7.380821704864502,9.349863052368164,1.969041347503662,1,7.380821704864502,7.380821704864502,0,1,1,0.929446816444397,1,1,0.8421850800514221,1,1
SIHDR_040,SIHDR_040_e02.jpg,35,2,train,15.872674942016602,7.380821704864502,9.074202537536621,1.6933808326721191,1,7.380821704864502,7.380821704864502,0,1,1,0.9278011918067932,1,1,0.8421850800514221,1,1
SIHDR_040,SIHDR_040_e03.jpg,35,3,train,15.287712097167969,7.380821704864502,8.720295906066895,1.3394742012023926,1,7.380821704864502,7.380821704864502,0,1,1,0.9255577921867371,1,1,0.8421850800514221,1,1
SIHDR_040,SIHDR_040_e04.jpg,35,4,train,14.287712097167969,7.380821704864502,8.339512825012207,0.9586911201477051,1,7.380821704864502,7.380821704864502,0,1,1,0.9181860089302063,1,1,0.8421850800514221,1,1
SIHDR_040,SIHDR_040_e05.jpg,35,5,train,13.287712097167969,7.380821704864502,8.282620429992676,0.9017987251281738,1,7.380821704864502,7.380821704864502,0,1,1,0.9056745171546936,1,1,0.8421850800514221,1,1
SIHDR_040,SIHDR_040_e06.jpg,35,6,train,12.287712097167969,7.380821704864502,7.904546737670898,0.5237250328063965,1,7.380821704864502,7.380821704864502,0,1,1,0.8812122941017151,1,1,0.8421850800514221,1,1
SIHDR_040,SIHDR_040_e07.jpg,35,7,train,11.287712097167969,7.380821704864502,7.394952774047852,0.01413106918334961,1,7.380821704864502,7.380821704864502,0,1,1,0.859062135219574,1,1,0.8421850800514221,1,1
SIHDR_040,SIHDR_040_e08.jpg,35,8,train,10.287712097167969,7.380821704864502,6.913120269775391,0.46770143508911133,1,7.380821704864502,7.380821704864502,0,1,1,0.8397263884544373,1,1,0.8421850800514221,0,0
SIHDR_040,SIHDR_040_e09.jpg,35,9,train,9.38082218170166,7.380821704864502,7.223691940307617,0.15712976455688477,1,7.380821704864502,7.380821704864502,0,1,1,0.7909483909606934,1,1,0.8421850800514221,0,0
SIHDR_040,SIHDR_040_e10.jpg,35,10,train,8.38082218170166,7.380821704864502,7.575738906860352,0.1949172019958496,1,7.380821704864502,7.380821704864502,0,1,1,0.7593376636505127,1,1,0.8421850800514221,0,0
SIHDR_040,SIHDR_040_e11.jpg,35,11,train,7.380821704864502,7.380821704864502,8.274230003356934,0.8934082984924316,1,7.380821704864502,7.380821704864502,0,1,1,0.7513074278831482,1,1,0.8421850800514221,0,0
SIHDR_040,SIHDR_040_e12.jpg,35,12,train,6.321928024291992,7.380821704864502,8.444221496582031,1.0633997917175293,1,7.380821704864502,7.380821704864502,0,1,1,0.7270392775535583,1,1,0.8421850800514221,0,0
SIHDR_040,SIHDR_040_e13.jpg,35,13,train,5.321928024291992,7.380821704864502,8.23020076751709,0.8493790626525879,1,7.380821704864502,7.380821704864502,0,1,1,0.7199774980545044,1,1,0.8421850800514221,0,0
SIHDR_040,SIHDR_040_e14.jpg,35,14,train,4.321928024291992,7.380821704864502,8.953892707824707,1.573071002960205,1,7.380821704864502,7.380821704864502,0,1,1,0.7006996273994446,1,1,0.8421850800514221,0,0
SIHDR_041,SIHDR_041_e00.jpg,36,0,test,17.194602966308594,9.38082218170166,9.972831726074219,0.5920095443725586,1,9.38082218170166,9.38082218170166,0,1,1,0.9320590496063232,1,1,0.8421850800514221,1,1
SIHDR_041,SIHDR_041_e01.jpg,36,1,test,16.28771209716797,9.38082218170166,9.397625923156738,0.016803741455078125,1,9.38082218170166,9.38082218170166,0,1,1,0.9290105700492859,1,1,0.8421850800514221,1,1
SIHDR_041,SIHDR_041_e02.jpg,36,2,test,15.872674942016602,9.38082218170166,9.355816841125488,0.025005340576171875,1,9.38082218170166,9.38082218170166,0,1,1,0.9260374903678894,1,1,0.8421850800514221,1,1
SIHDR_041,SIHDR_041_e03.jpg,36,3,test,15.287712097167969,9.38082218170166,9.65569019317627,0.2748680114746094,1,9.38082218170166,9.38082218170166,0,1,1,0.9171769022941589,1,1,0.8421850800514221,1,1
SIHDR_041,SIHDR_041_e04.jpg,36,4,test,14.287712097167969,9.38082218170166,10.789196968078613,1.4083747863769531,1,9.38082218170166,9.38082218170166,0,1,1,0.892497181892395,1,1,0.8421850800514221,1,1
SIHDR_041,SIHDR_041_e05.jpg,36,5,test,13.287712097167969,9.38082218170166,11.124405860900879,1.7435836791992188,1,9.38082218170166,9.38082218170166,0,1,1,0.8633682727813721,1,1,0.8421850800514221,1,1
SIHDR_041,SIHDR_041_e06.jpg,36,6,test,12.287712097167969,9.38082218170166,10.922178268432617,1.541356086730957,1,9.38082218170166,9.38082218170166,0,1,1,0.8414388298988342,1,1,0.8421850800514221,0,0
SIHDR_041,SIHDR_041_e07.jpg,36,7,test,11.287712097167969,9.38082218170166,10.50034236907959,1.1195201873779297,1,9.38082218170166,9.38082218170166,0,1,1,0.825903594493866,1,1,0.8421850800514221,0,0
SIHDR_041,SIHDR_041_e08.jpg,36,8,test,10.287712097167969,9.38082218170166,10.510083198547363,1.1292610168457031,1,9.38082218170166,9.38082218170166,0,1,1,0.8100528120994568,1,1,0.8421850800514221,0,0
SIHDR_041,SIHDR_041_e09.jpg,36,9,test,9.38082218170166,9.38082218170166,10.714129447937012,1.3333072662353516,1,9.38082218170166,9.38082218170166,0,1,1,0.7916749119758606,1,1,0.8421850800514221,0,0
SIHDR_041,SIHDR_041_e10.jpg,36,10,test,8.38082218170166,9.38082218170166,10.605855941772461,1.2250337600708008,1,9.38082218170166,9.38082218170166,0,1,1,0.7685155272483826,1,1,0.8421850800514221,0,0
SIHDR_041,SIHDR_041_e11.jpg,36,11,test,7.380821704864502,9.38082218170166,10.503374099731445,1.1225519180297852,1,9.38082218170166,9.38082218170166,0,1,1,0.7430985569953918,1,1,0.8421850800514221,0,0
SIHDR_041,SIHDR_041_e12.jpg,36,12,test,6.321928024291992,9.38082218170166,10.26053524017334,0.8797130584716797,1,9.38082218170166,9.38082218170166,0,1,1,0.7252354025840759,1,1,0.8421850800514221,0,0
SIHDR_041,SIHDR_041_e13.jpg,36,13,test,5.321928024291992,9.38082218170166,9.91220760345459,0.5313854217529297,1,9.38082218170166,9.38082218170166,0,1,1,0.7122108936309814,1,1,0.8421850800514221,0,0
SIHDR_041,SIHDR_041_e14.jpg,36,14,test,4.321928024291992,9.38082218170166,9.502785682678223,0.1219635009765625,1,9.38082218170166,9.38082218170166,0,1,1,0.6999609470367432,1,1,0.8421850800514221,0,0
SIHDR_042,SIHDR_042_e00.jpg,37,0,validation,17.194602966308594,10.287712097167969,9.969470024108887,0.31824207305908203,1,9.38082218170166,10.287712097167969,1,1,1,0.9323321580886841,1,1,0.8421850800514221,1,1
SIHDR_042,SIHDR_042_e01.jpg,37,1,validation,16.28771209716797,10.287712097167969,9.409077644348145,0.8786344528198242,1,9.38082218170166,10.287712097167969,1,1,1,0.9278742074966431,1,1,0.8421850800514221,1,1
SIHDR_042,SIHDR_042_e02.jpg,37,2,validation,15.872674942016602,10.287712097167969,9.256389617919922,1.0313224792480469,1,9.38082218170166,10.287712097167969,0,1,1,0.9225794672966003,1,1,0.8421850800514221,1,1
SIHDR_042,SIHDR_042_e03.jpg,37,3,validation,15.287712097167969,10.287712097167969,9.16875171661377,1.1189603805541992,1,9.38082218170166,10.287712097167969,0,1,1,0.9134728908538818,1,1,0.8421850800514221,1,1
SIHDR_042,SIHDR_042_e04.jpg,37,4,validation,14.287712097167969,10.287712097167969,9.646138191223145,0.6415739059448242,1,9.38082218170166,10.287712097167969,1,1,1,0.8954916000366211,1,1,0.8421850800514221,1,1
SIHDR_042,SIHDR_042_e05.jpg,37,5,validation,13.287712097167969,10.287712097167969,10.147770881652832,0.13994121551513672,1,9.38082218170166,10.287712097167969,1,1,1,0.8652602434158325,1,1,0.8421850800514221,1,1
SIHDR_042,SIHDR_042_e06.jpg,37,6,validation,12.287712097167969,10.287712097167969,10.159655570983887,0.12805652618408203,1,9.38082218170166,10.287712097167969,1,1,1,0.8337743878364563,1,1,0.8421850800514221,0,0
SIHDR_042,SIHDR_042_e07.jpg,37,7,validation,11.287712097167969,10.287712097167969,10.047396659851074,0.24031543731689453,1,9.38082218170166,10.287712097167969,1,1,1,0.8052520751953125,1,1,0.8421850800514221,0,0
SIHDR_042,SIHDR_042_e08.jpg,37,8,validation,10.287712097167969,10.287712097167969,10.230557441711426,0.05715465545654297,1,9.38082218170166,10.287712097167969,1,1,1,0.7897812724113464,1,1,0.8421850800514221,0,0
SIHDR_042,SIHDR_042_e09.jpg,37,9,validation,9.38082218170166,10.287712097167969,10.831676483154297,0.5439643859863281,1,9.38082218170166,10.287712097167969,0,1,1,0.7750321626663208,1,1,0.8421850800514221,0,0
SIHDR_042,SIHDR_042_e10.jpg,37,10,validation,8.38082218170166,10.287712097167969,10.885401725769043,0.5976896286010742,1,9.38082218170166,10.287712097167969,0,1,1,0.754503071308136,1,1,0.8421850800514221,0,0
SIHDR_042,SIHDR_042_e11.jpg,37,11,validation,7.380821704864502,10.287712097167969,10.628375053405762,0.34066295623779297,1,9.38082218170166,10.287712097167969,0,1,1,0.7379217147827148,1,1,0.8421850800514221,0,0
SIHDR_042,SIHDR_042_e12.jpg,37,12,validation,6.321928024291992,10.287712097167969,10.461929321289062,0.17421722412109375,1,9.38082218170166,10.287712097167969,0,1,1,0.7257221937179565,1,1,0.8421850800514221,0,0
SIHDR_042,SIHDR_042_e13.jpg,37,13,validation,5.321928024291992,10.287712097167969,10.08992862701416,0.1977834701538086,1,9.38082218170166,10.287712097167969,1,1,1,0.7135061621665955,1,1,0.8421850800514221,0,0
SIHDR_042,SIHDR_042_e14.jpg,37,14,validation,4.321928024291992,10.287712097167969,9.603272438049316,0.6844396591186523,1,9.38082218170166,10.287712097167969,1,1,1,0.7006049752235413,1,1,0.8421850800514221,0,0
SIHDR_043,SIHDR_043_e00.jpg,38,0,validation,17.194602966308594,11.287712097167969,10.069890022277832,1.2178220748901367,1,10.287712097167969,11.287712097167969,0,1,1,0.9319146275520325,1,1,0.8421850800514221,1,1
SIHDR_043,SIHDR_043_e01.jpg,38,1,validation,16.28771209716797,11.287712097167969,9.884499549865723,1.403212547302246,1,10.287712097167969,11.287712097167969,0,1,1,0.9267615079879761,1,1,0.8421850800514221,1,1
SIHDR_043,SIHDR_043_e02.jpg,38,2,validation,15.872674942016602,11.287712097167969,10.124218940734863,1.1634931564331055,1,10.287712097167969,11.287712097167969,0,1,1,0.9225099682807922,1,1,0.8421850800514221,1,1
SIHDR_043,SIHDR_043_e03.jpg,38,3,validation,15.287712097167969,11.287712097167969,10.741562843322754,0.5461492538452148,1,10.287712097167969,11.287712097167969,1,1,1,0.9122086763381958,1,1,0.8421850800514221,1,1
SIHDR_043,SIHDR_043_e04.jpg,38,4,validation,14.287712097167969,11.287712097167969,11.620011329650879,0.33229923248291016,1,10.287712097167969,11.287712097167969,0,1,1,0.8775382041931152,1,1,0.8421850800514221,1,1
SIHDR_043,SIHDR_043_e05.jpg,38,5,validation,13.287712097167969,11.287712097167969,11.79381275177002,0.5061006546020508,1,10.287712097167969,11.287712097167969,0,1,1,0.8362311124801636,1,1,0.8421850800514221,0,0
SIHDR_043,SIHDR_043_e06.jpg,38,6,validation,12.287712097167969,11.287712097167969,11.557596206665039,0.2698841094970703,1,10.287712097167969,11.287712097167969,0,1,1,0.8045186996459961,1,1,0.8421850800514221,0,0
SIHDR_043,SIHDR_043_e07.jpg,38,7,validation,11.287712097167969,11.287712097167969,11.296029090881348,0.008316993713378906,1,10.287712097167969,11.287712097167969,0,1,1,0.787879467010498,1,1,0.8421850800514221,0,0
SIHDR_043,SIHDR_043_e08.jpg,38,8,validation,10.287712097167969,11.287712097167969,12.0474214553833,0.759709358215332,1,10.287712097167969,11.287712097167969,0,1,1,0.7768704295158386,1,1,0.8421850800514221,0,0
SIHDR_043,SIHDR_043_e09.jpg,38,9,validation,9.38082218170166,11.287712097167969,12.73343276977539,1.4457206726074219,1,10.287712097167969,11.287712097167969,0,1,1,0.760813295841217,1,1,0.8421850800514221,0,0
SIHDR_043,SIHDR_043_e10.jpg,38,10,validation,8.38082218170166,11.287712097167969,12.446702003479004,1.1589899063110352,1,10.287712097167969,11.287712097167969,0,1,1,0.747093915939331,1,1,0.8421850800514221,0,0
SIHDR_043,SIHDR_043_e11.jpg,38,11,validation,7.380821704864502,11.287712097167969,11.945175170898438,0.6574630737304688,1,10.287712097167969,11.287712097167969,0,1,1,0.7351295948028564,1,1,0.8421850800514221,0,0
SIHDR_043,SIHDR_043_e12.jpg,38,12,validation,6.321928024291992,11.287712097167969,11.355093955993652,0.0673818588256836,1,10.287712097167969,11.287712097167969,0,1,1,0.7231630682945251,1,1,0.8421850800514221,0,0
SIHDR_043,SIHDR_043_e13.jpg,38,13,validation,5.321928024291992,11.287712097167969,10.765704154968262,0.522007942199707,1,10.287712097167969,11.287712097167969,1,1,1,0.7114218473434448,1,1,0.8421850800514221,0,0
SIHDR_043,SIHDR_043_e14.jpg,38,14,validation,4.321928024291992,11.287712097167969,10.111084938049316,1.1766271591186523,1,10.287712097167969,11.287712097167969,0,1,1,0.6994213461875916,1,1,0.8421850800514221,0,0
SIHDR_044,SIHDR_044_e00.jpg,39,0,train,17.194602966308594,9.38082218170166,9.969497680664062,0.5886754989624023,1,8.38082218170166,9.38082218170166,0,1,1,0.9323292374610901,1,1,0.8421850800514221,1,1
SIHDR_044,SIHDR_044_e01.jpg,39,1,train,16.28771209716797,9.38082218170166,9.349143028259277,0.03167915344238281,1,8.38082218170166,9.38082218170166,1,1,1,0.9294847249984741,1,1,0.8421850800514221,1,1
SIHDR_044,SIHDR_044_e02.jpg,39,2,train,15.872674942016602,9.38082218170166,9.072920799255371,0.30790138244628906,1,8.38082218170166,9.38082218170166,1,1,1,0.9277977347373962,1,1,0.8421850800514221,1,1
SIHDR_044,SIHDR_044_e03.jpg,39,3,train,15.287712097167969,9.38082218170166,8.729514122009277,0.6513080596923828,1,8.38082218170166,9.38082218170166,1,1,1,0.9252492785453796,1,1,0.8421850800514221,1,1
SIHDR_044,SIHDR_044_e04.jpg,39,4,train,14.287712097167969,9.38082218170166,8.305570602416992,1.075251579284668,1,8.38082218170166,9.38082218170166,0,1,1,0.9196950793266296,1,1,0.8421850800514221,1,1
SIHDR_044,SIHDR_044_e05.jpg,39,5,train,13.287712097167969,9.38082218170166,8.541582107543945,0.8392400741577148,1,8.38082218170166,9.38082218170166,1,1,1,0.9071511626243591,1,1,0.8421850800514221,1,1
SIHDR_044,SIHDR_044_e06.jpg,39,6,train,12.287712097167969,9.38082218170166,8.251290321350098,1.1295318603515625,1,8.38082218170166,9.38082218170166,0,1,1,0.8854930996894836,1,1,0.8421850800514221,1,1
SIHDR_044,SIHDR_044_e07.jpg,39,7,train,11.287712097167969,9.38082218170166,7.7905988693237305,1.5902233123779297,1,8.38082218170166,9.38082218170166,0,1,1,0.8695817589759827,1,1,0.8421850800514221,1,1
SIHDR_044,SIHDR_044_e08.jpg,39,8,train,10.287712097167969,9.38082218170166,8.085565567016602,1.2952566146850586,1,8.38082218170166,9.38082218170166,0,1,1,0.8437003493309021,1,1,0.8421850800514221,1,1
SIHDR_044,SIHDR_044_e09.jpg,39,9,train,9.38082218170166,9.38082218170166,8.691241264343262,0.6895809173583984,1,8.38082218170166,9.38082218170166,1,1,1,0.8294244408607483,1,1,0.8421850800514221,0,0
SIHDR_044,SIHDR_044_e10.jpg,39,10,train,8.38082218170166,9.38082218170166,9.691558837890625,0.31073665618896484,1,8.38082218170166,9.38082218170166,0,1,1,0.7901811599731445,1,1,0.8421850800514221,0,0
SIHDR_044,SIHDR_044_e11.jpg,39,11,train,7.380821704864502,9.38082218170166,9.779742240905762,0.39892005920410156,1,8.38082218170166,9.38082218170166,0,1,1,0.755025327205658,1,1,0.8421850800514221,0,0
SIHDR_044,SIHDR_044_e12.jpg,39,12,train,6.321928024291992,9.38082218170166,9.444415092468262,0.06359291076660156,1,8.38082218170166,9.38082218170166,0,1,1,0.7331726551055908,1,1,0.8421850800514221,0,0
SIHDR_044,SIHDR_044_e13.jpg,39,13,train,5.321928024291992,9.38082218170166,9.812175750732422,0.4313535690307617,1,8.38082218170166,9.38082218170166,0,1,1,0.7196667194366455,1,1,0.8421850800514221,0,0
SIHDR_044,SIHDR_044_e14.jpg,39,14,train,4.321928024291992,9.38082218170166,9.914776802062988,0.5339546203613281,1,8.38082218170166,9.38082218170166,0,1,1,0.7027192711830139,1,1,0.8421850800514221,0,0
SIHDR_045,SIHDR_045_e00.jpg,40,0,train,17.194602966308594,7.380821704864502,9.969497680664062,2.5886759757995605,1,6.321928024291992,7.380821704864502,0,1,1,0.9323292374610901,1,1,0.8421850800514221,1,1
SIHDR_045,SIHDR_045_e01.jpg,40,1,train,16.28771209716797,7.380821704864502,9.349156379699707,1.968334674835205,1,6.321928024291992,7.380821704864502,0,1,1,0.929487943649292,1,1,0.8421850800514221,1,1
SIHDR_045,SIHDR_045_e02.jpg,40,2,train,15.872674942016602,7.380821704864502,9.07211685180664,1.6912951469421387,1,6.321928024291992,7.380821704864502,0,1,1,0.9278280735015869,1,1,0.8421850800514221,1,1
SIHDR_045,SIHDR_045_e03.jpg,40,3,train,15.287712097167969,7.380821704864502,8.730034828186035,1.3492131233215332,1,6.321928024291992,7.380821704864502,0,1,1,0.9258657693862915,1,1,0.8421850800514221,1,1
SIHDR_045,SIHDR_045_e04.jpg,40,4,train,14.287712097167969,7.380821704864502,8.256031036376953,0.8752093315124512,1,6.321928024291992,7.380821704864502,0,1,1,0.9241733551025391,1,1,0.8421850800514221,1,1
SIHDR_045,SIHDR_045_e05.jpg,40,5,train,13.287712097167969,7.380821704864502,7.826744079589844,0.4459223747253418,1,6.321928024291992,7.380821704864502,0,1,1,0.919140636920929,1,1,0.8421850800514221,1,1
SIHDR_045,SIHDR_045_e06.jpg,40,6,train,12.287712097167969,7.380821704864502,7.3394951820373535,0.04132652282714844,1,6.321928024291992,7.380821704864502,1,1,1,0.9102720022201538,1,1,0.8421850800514221,1,1
SIHDR_045,SIHDR_045_e07.jpg,40,7,train,11.287712097167969,7.380821704864502,6.812290191650391,0.5685315132141113,1,6.321928024291992,7.380821704864502,1,1,1,0.8999422192573547,1,1,0.8421850800514221,1,1
SIHDR_045,SIHDR_045_e08.jpg,40,8,train,10.287712097167969,7.380821704864502,6.7501139640808105,0.6307077407836914,1,6.321928024291992,7.380821704864502,1,1,1,0.8814237117767334,1,1,0.8421850800514221,1,1
SIHDR_045,SIHDR_045_e09.jpg,40,9,train,9.38082218170166,7.380821704864502,7.048311710357666,0.33250999450683594,1,6.321928024291992,7.380821704864502,1,1,1,0.8485148549079895,1,1,0.8421850800514221,1,1
SIHDR_045,SIHDR_045_e10.jpg,40,10,train,8.38082218170166,7.380821704864502,7.85111665725708,0.4702949523925781,1,6.321928024291992,7.380821704864502,0,1,1,0.8141192197799683,1,1,0.8421850800514221,0,0
SIHDR_045,SIHDR_045_e11.jpg,40,11,train,7.380821704864502,7.380821704864502,8.328502655029297,0.9476809501647949,1,6.321928024291992,7.380821704864502,0,1,1,0.77956223487854,1,1,0.8421850800514221,0,0
SIHDR_045,SIHDR_045_e12.jpg,40,12,train,6.321928024291992,7.380821704864502,8.335881233215332,0.9550595283508301,1,6.321928024291992,7.380821704864502,0,1,1,0.759922444820404,1,1,0.8421850800514221,0,0
SIHDR_045,SIHDR_045_e13.jpg,40,13,train,5.321928024291992,7.380821704864502,9.315844535827637,1.9350228309631348,1,6.321928024291992,7.380821704864502,0,1,1,0.7337207198143005,1,1,0.8421850800514221,0,0
SIHDR_045,SIHDR_045_e14.jpg,40,14,train,4.321928024291992,7.380821704864502,9.272347450256348,1.8915257453918457,1,6.321928024291992,7.380821704864502,0,1,1,0.7111027836799622,1,1,0.8421850800514221,0,0
SIHDR_046,SIHDR_046_e00.jpg,41,0,train,17.194602966308594,5.321928024291992,9.969497680664062,4.64756965637207,1,4.321928024291992,6.321928024291992,0,1,1,0.9323292374610901,1,1,0.8421850800514221,1,1
SIHDR_046,SIHDR_046_e01.jpg,41,1,train,16.28771209716797,5.321928024291992,9.349156379699707,4.027228355407715,1,4.321928024291992,6.321928024291992,0,1,1,0.929487943649292,1,1,0.8421850800514221,1,1
SIHDR_046,SIHDR_046_e02.jpg,41,2,train,15.872674942016602,5.321928024291992,9.071682929992676,3.7497549057006836,1,4.321928024291992,6.321928024291992,0,1,1,0.9278179407119751,1,1,0.8421850800514221,1,1
SIHDR_046,SIHDR_046_e03.jpg,41,3,train,15.287712097167969,5.321928024291992,8.719321250915527,3.397393226623535,1,4.321928024291992,6.321928024291992,0,1,1,0.9254429340362549,1,1,0.8421850800514221,1,1
SIHDR_046,SIHDR_046_e04.jpg,41,4,train,14.287712097167969,5.321928024291992,8.255736351013184,2.9338083267211914,1,4.321928024291992,6.321928024291992,0,1,1,0.9210947751998901,1,1,0.8421850800514221,1,1
SIHDR_046,SIHDR_046_e05.jpg,41,5,train,13.287712097167969,5.321928024291992,7.780291557312012,2.4583635330200195,1,4.321928024291992,6.321928024291992,0,1,1,0.9098204970359802,1,1,0.8421850800514221,1,1
SIHDR_046,SIHDR_046_e06.jpg,41,6,train,12.287712097167969,5.321928024291992,7.348250389099121,2.026322364807129,1,4.321928024291992,6.321928024291992,0,1,1,0.889764666557312,1,1,0.8421850800514221,1,1
SIHDR_046,SIHDR_046_e07.jpg,41,7,train,11.287712097167969,5.321928024291992,6.899072647094727,1.5771446228027344,1,4.321928024291992,6.321928024291992,0,1,1,0.8721174001693726,1,1,0.8421850800514221,1,1
SIHDR_046,SIHDR_046_e08.jpg,41,8,train,10.287712097167969,5.321928024291992,6.559651851654053,1.2377238273620605,1,4.321928024291992,6.321928024291992,0,1,1,0.8497856259346008,1,1,0.8421850800514221,1,1
SIHDR_046,SIHDR_046_e09.jpg,41,9,train,9.38082218170166,5.321928024291992,6.431394577026367,1.109466552734375,1,4.321928024291992,6.321928024291992,0,1,1,0.8155123591423035,1,1,0.8421850800514221,0,0
SIHDR_046,SIHDR_046_e10.jpg,41,10,train,8.38082218170166,5.321928024291992,6.659124374389648,1.3371963500976562,1,4.321928024291992,6.321928024291992,0,1,1,0.7855016589164734,1,1,0.8421850800514221,0,0
SIHDR_046,SIHDR_046_e11.jpg,41,11,train,7.380821704864502,5.321928024291992,7.040264129638672,1.7183361053466797,1,4.321928024291992,6.321928024291992,0,1,1,0.762040913105011,1,1,0.8421850800514221,0,0
SIHDR_046,SIHDR_046_e12.jpg,41,12,train,6.321928024291992,5.321928024291992,7.507674694061279,2.185746669769287,1,4.321928024291992,6.321928024291992,0,1,1,0.7299309968948364,1,1,0.8421850800514221,0,0
SIHDR_046,SIHDR_046_e13.jpg,41,13,train,5.321928024291992,5.321928024291992,7.75367546081543,2.4317474365234375,1,4.321928024291992,6.321928024291992,0,1,1,0.7091872096061707,1,1,0.8421850800514221,0,0
SIHDR_046,SIHDR_046_e14.jpg,41,14,train,4.321928024291992,5.321928024291992,7.860476493835449,2.538548469543457,1,4.321928024291992,6.321928024291992,0,1,1,0.7007915377616882,1,1,0.8421850800514221,0,0
SIHDR_047,SIHDR_047_e00.jpg,42,0,train,17.194602966308594,9.38082218170166,9.975346565246582,0.5945243835449219,1,9.38082218170166,9.38082218170166,0,1,1,0.9321431517601013,1,1,0.8421850800514221,1,1
SIHDR_047,SIHDR_047_e01.jpg,42,1,train,16.28771209716797,9.38082218170166,9.69076919555664,0.30994701385498047,1,9.38082218170166,9.38082218170166,0,1,1,0.9238718152046204,1,1,0.8421850800514221,1,1
SIHDR_047,SIHDR_047_e02.jpg,42,2,train,15.872674942016602,9.38082218170166,9.768645286560059,0.38782310485839844,1,9.38082218170166,9.38082218170166,0,1,1,0.9166208505630493,1,1,0.8421850800514221,1,1
SIHDR_047,SIHDR_047_e03.jpg,42,3,train,15.287712097167969,9.38082218170166,9.907327651977539,0.5265054702758789,1,9.38082218170166,9.38082218170166,0,1,1,0.902050256729126,1,1,0.8421850800514221,1,1
SIHDR_047,SIHDR_047_e04.jpg,42,4,train,14.287712097167969,9.38082218170166,9.922554969787598,0.5417327880859375,1,9.38082218170166,9.38082218170166,0,1,1,0.8732654452323914,1,1,0.8421850800514221,1,1
SIHDR_047,SIHDR_047_e05.jpg,42,5,train,13.287712097167969,9.38082218170166,9.608732223510742,0.22791004180908203,1,9.38082218170166,9.38082218170166,0,1,1,0.8488218784332275,1,1,0.8421850800514221,1,1
SIHDR_047,SIHDR_047_e06.jpg,42,6,train,12.287712097167969,9.38082218170166,9.155725479125977,0.2250967025756836,1,9.38082218170166,9.38082218170166,0,1,1,0.829157829284668,1,1,0.8421850800514221,0,0
SIHDR_047,SIHDR_047_e07.jpg,42,7,train,11.287712097167969,9.38082218170166,8.900947570800781,0.4798746109008789,1,9.38082218170166,9.38082218170166,0,1,1,0.8111588954925537,1,1,0.8421850800514221,0,0
SIHDR_047,SIHDR_047_e08.jpg,42,8,train,10.287712097167969,9.38082218170166,9.496355056762695,0.11553287506103516,1,9.38082218170166,9.38082218170166,0,1,1,0.7924683094024658,1,1,0.8421850800514221,0,0
SIHDR_047,SIHDR_047_e09.jpg,42,9,train,9.38082218170166,9.38082218170166,10.400704383850098,1.0198822021484375,1,9.38082218170166,9.38082218170166,0,1,1,0.7738454341888428,1,1,0.8421850800514221,0,0
SIHDR_047,SIHDR_047_e10.jpg,42,10,train,8.38082218170166,9.38082218170166,10.75025463104248,1.3694324493408203,1,9.38082218170166,9.38082218170166,0,1,1,0.7494915127754211,1,1,0.8421850800514221,0,0
SIHDR_047,SIHDR_047_e11.jpg,42,11,train,7.380821704864502,9.38082218170166,10.615565299987793,1.2347431182861328,1,9.38082218170166,9.38082218170166,0,1,1,0.7317538261413574,1,1,0.8421850800514221,0,0
SIHDR_047,SIHDR_047_e12.jpg,42,12,train,6.321928024291992,9.38082218170166,10.269036293029785,0.888214111328125,1,9.38082218170166,9.38082218170166,0,1,1,0.7224540710449219,1,1,0.8421850800514221,0,0
SIHDR_047,SIHDR_047_e13.jpg,42,13,train,5.321928024291992,9.38082218170166,10.226998329162598,0.8461761474609375,1,9.38082218170166,9.38082218170166,0,1,1,0.711813747882843,1,1,0.8421850800514221,0,0
SIHDR_047,SIHDR_047_e14.jpg,42,14,train,4.321928024291992,9.38082218170166,9.891732215881348,0.5109100341796875,1,9.38082218170166,9.38082218170166,0,1,1,0.6996029019355774,1,1,0.8421850800514221,0,0
SIHDR_049,SIHDR_049_e00.jpg,43,0,train,17.194602966308594,11.287712097167969,10.068652153015137,1.219059944152832,1,11.287712097167969,11.287712097167969,0,,0,0.9333401322364807,1,,0.8421850800514221,1,
SIHDR_049,SIHDR_049_e01.jpg,43,1,train,16.28771209716797,11.287712097167969,10.303888320922852,0.9838237762451172,1,11.287712097167969,11.287712097167969,0,,0,0.9302260279655457,1,,0.8421850800514221,1,
SIHDR_049,SIHDR_049_e02.jpg,43,2,train,15.872674942016602,11.287712097167969,10.704106330871582,0.5836057662963867,1,11.287712097167969,11.287712097167969,0,,0,0.9253888130187988,1,,0.8421850800514221,1,
SIHDR_049,SIHDR_049_e03.jpg,43,3,train,15.287712097167969,11.287712097167969,11.19510269165039,0.09260940551757812,1,11.287712097167969,11.287712097167969,0,,0,0.9135446548461914,1,,0.8421850800514221,1,
SIHDR_049,SIHDR_049_e04.jpg,43,4,train,14.287712097167969,11.287712097167969,11.648362159729004,0.36065006256103516,1,11.287712097167969,11.287712097167969,0,,0,0.882080614566803,1,,0.8421850800514221,1,
SIHDR_049,SIHDR_049_e05.jpg,43,5,train,13.287712097167969,11.287712097167969,11.699176788330078,0.4114646911621094,1,11.287712097167969,11.287712097167969,0,,0,0.8413390517234802,1,,0.8421850800514221,0,
SIHDR_049,SIHDR_049_e06.jpg,43,6,train,12.287712097167969,11.287712097167969,11.408890724182129,0.12117862701416016,1,11.287712097167969,11.287712097167969,0,,0,0.8084807395935059,1,,0.8421850800514221,0,
SIHDR_049,SIHDR_049_e07.jpg,43,7,train,11.287712097167969,11.287712097167969,12.071699142456055,0.7839870452880859,1,11.287712097167969,11.287712097167969,0,,0,0.7871622443199158,1,,0.8421850800514221,0,
SIHDR_049,SIHDR_049_e08.jpg,43,8,train,10.287712097167969,11.287712097167969,12.97244930267334,1.684737205505371,1,11.287712097167969,11.287712097167969,0,,0,0.7714027166366577,1,,0.8421850800514221,0,
SIHDR_049,SIHDR_049_e09.jpg,43,9,train,9.38082218170166,11.287712097167969,12.940315246582031,1.6526031494140625,1,11.287712097167969,11.287712097167969,0,,0,0.7591650485992432,1,,0.8421850800514221,0,
SIHDR_049,SIHDR_049_e10.jpg,43,10,train,8.38082218170166,11.287712097167969,12.57270622253418,1.284994125366211,1,11.287712097167969,11.287712097167969,0,,0,0.747374951839447,1,,0.8421850800514221,0,
SIHDR_049,SIHDR_049_e11.jpg,43,11,train,7.380821704864502,11.287712097167969,12.056578636169434,0.7688665390014648,1,11.287712097167969,11.287712097167969,0,,0,0.7356232404708862,1,,0.8421850800514221,0,
SIHDR_049,SIHDR_049_e12.jpg,43,12,train,6.321928024291992,11.287712097167969,11.465324401855469,0.1776123046875,1,11.287712097167969,11.287712097167969,0,,0,0.7233843803405762,1,,0.8421850800514221,0,
SIHDR_049,SIHDR_049_e13.jpg,43,13,train,5.321928024291992,11.287712097167969,10.833512306213379,0.45419979095458984,1,11.287712097167969,11.287712097167969,0,,0,0.7113157510757446,1,,0.8421850800514221,0,
SIHDR_049,SIHDR_049_e14.jpg,43,14,train,4.321928024291992,11.287712097167969,10.127341270446777,1.1603708267211914,1,11.287712097167969,11.287712097167969,0,,0,0.6993796229362488,1,,0.8421850800514221,0,
SIHDR_050,SIHDR_050_e00.jpg,44,0,validation,17.194602966308594,13.287712097167969,10.595932960510254,2.691779136657715,1,12.287712097167969,13.287712097167969,0,,0,0.9293038845062256,1,,0.8421850800514221,1,
SIHDR_050,SIHDR_050_e01.jpg,44,1,validation,16.28771209716797,13.287712097167969,11.725889205932617,1.5618228912353516,1,12.287712097167969,13.287712097167969,0,,0,0.914274275302887,1,,0.8421850800514221,1,
SIHDR_050,SIHDR_050_e02.jpg,44,2,validation,15.872674942016602,13.287712097167969,12.321364402770996,0.9663476943969727,1,12.287712097167969,13.287712097167969,1,,0,0.903887152671814,1,,0.8421850800514221,1,
SIHDR_050,SIHDR_050_e03.jpg,44,3,validation,15.287712097167969,13.287712097167969,12.779160499572754,0.5085515975952148,1,12.287712097167969,13.287712097167969,1,,0,0.8868367075920105,1,,0.8421850800514221,1,
SIHDR_050,SIHDR_050_e04.jpg,44,4,validation,14.287712097167969,13.287712097167969,13.009475708007812,0.27823638916015625,1,12.287712097167969,13.287712097167969,1,,0,0.8535773158073425,1,,0.8421850800514221,1,
SIHDR_050,SIHDR_050_e05.jpg,44,5,validation,13.287712097167969,13.287712097167969,12.66026496887207,0.6274471282958984,1,12.287712097167969,13.287712097167969,1,,0,0.8178660273551941,1,,0.8421850800514221,0,
SIHDR_050,SIHDR_050_e06.jpg,44,6,validation,12.287712097167969,13.287712097167969,12.498330116271973,0.7893819808959961,1,12.287712097167969,13.287712097167969,1,,0,0.8024706244468689,1,,0.8421850800514221,0,
SIHDR_050,SIHDR_050_e07.jpg,44,7,validation,11.287712097167969,13.287712097167969,13.60910415649414,0.3213920593261719,1,12.287712097167969,13.287712097167969,0,,0,0.7860338687896729,1,,0.8421850800514221,0,
SIHDR_050,SIHDR_050_e08.jpg,44,8,validation,10.287712097167969,13.287712097167969,13.845345497131348,0.5576333999633789,1,12.287712097167969,13.287712097167969,0,,0,0.7705062627792358,1,,0.8421850800514221,0,
SIHDR_050,SIHDR_050_e09.jpg,44,9,validation,9.38082218170166,13.287712097167969,13.48811149597168,0.20039939880371094,1,12.287712097167969,13.287712097167969,0,,0,0.7589734792709351,1,,0.8421850800514221,0,
SIHDR_050,SIHDR_050_e10.jpg,44,10,validation,8.38082218170166,13.287712097167969,12.936872482299805,0.35083961486816406,1,12.287712097167969,13.287712097167969,1,,0,0.7469556331634521,1,,0.8421850800514221,0,
SIHDR_050,SIHDR_050_e11.jpg,44,11,validation,7.380821704864502,13.287712097167969,12.287327766418457,1.0003843307495117,1,12.287712097167969,13.287712097167969,0,,0,0.7352670431137085,1,,0.8421850800514221,0,
SIHDR_050,SIHDR_050_e12.jpg,44,12,validation,6.321928024291992,13.287712097167969,11.552525520324707,1.7351865768432617,1,12.287712097167969,13.287712097167969,0,,0,0.7229726910591125,1,,0.8421850800514221,0,
SIHDR_050,SIHDR_050_e13.jpg,44,13,validation,5.321928024291992,13.287712097167969,10.844995498657227,2.442716598510742,1,12.287712097167969,13.287712097167969,0,,0,0.7112448811531067,1,,0.8421850800514221,0,
SIHDR_050,SIHDR_050_e14.jpg,44,14,validation,4.321928024291992,13.287712097167969,10.133244514465332,3.1544675827026367,1,12.287712097167969,13.287712097167969,0,,0,0.6993390917778015,1,,0.8421850800514221,0,
SIHDR_051,SIHDR_051_e00.jpg,45,0,test,17.194602966308594,11.287712097167969,9.969770431518555,1.317941665649414,1,9.38082218170166,11.287712097167969,1,1,1,0.932329535484314,1,1,0.8421850800514221,1,1
SIHDR_051,SIHDR_051_e01.jpg,45,1,test,16.28771209716797,11.287712097167969,9.419631004333496,1.8680810928344727,1,9.38082218170166,11.287712097167969,1,1,1,0.9287206530570984,1,1,0.8421850800514221,1,1
SIHDR_051,SIHDR_051_e02.jpg,45,2,test,15.872674942016602,11.287712097167969,9.331524848937988,1.9561872482299805,1,9.38082218170166,11.287712097167969,0,1,1,0.9261709451675415,1,1,0.8421850800514221,1,1
SIHDR_051,SIHDR_051_e03.jpg,45,3,test,15.287712097167969,11.287712097167969,9.440604209899902,1.8471078872680664,1,9.38082218170166,11.287712097167969,1,1,1,0.9197108149528503,1,1,0.8421850800514221,1,1
SIHDR_051,SIHDR_051_e04.jpg,45,4,test,14.287712097167969,11.287712097167969,9.987881660461426,1.299830436706543,1,9.38082218170166,11.287712097167969,1,1,1,0.9004465937614441,1,1,0.8421850800514221,1,1
SIHDR_051,SIHDR_051_e05.jpg,45,5,test,13.287712097167969,11.287712097167969,10.503228187561035,0.7844839096069336,1,9.38082218170166,11.287712097167969,1,1,1,0.8641166687011719,1,1,0.8421850800514221,1,1
SIHDR_051,SIHDR_051_e06.jpg,45,6,test,12.287712097167969,11.287712097167969,10.404179573059082,0.8835325241088867,1,9.38082218170166,11.287712097167969,1,1,1,0.8277113437652588,1,1,0.8421850800514221,0,0
SIHDR_051,SIHDR_051_e07.jpg,45,7,test,11.287712097167969,11.287712097167969,9.917445182800293,1.3702669143676758,1,9.38082218170166,11.287712097167969,1,1,1,0.8023119568824768,1,1,0.8421850800514221,0,0
SIHDR_051,SIHDR_051_e08.jpg,45,8,test,10.287712097167969,11.287712097167969,9.976337432861328,1.3113746643066406,1,9.38082218170166,11.287712097167969,1,1,1,0.7883373498916626,1,1,0.8421850800514221,0,0
SIHDR_051,SIHDR_051_e09.jpg,45,9,test,9.38082218170166,11.287712097167969,10.495179176330566,0.7925329208374023,1,9.38082218170166,11.287712097167969,1,1,1,0.7811248898506165,1,1,0.8421850800514221,0,0
SIHDR_051,SIHDR_051_e10.jpg,45,10,test,8.38082218170166,11.287712097167969,10.987991333007812,0.29972076416015625,1,9.38082218170166,11.287712097167969,1,1,1,0.7710961699485779,1,1,0.8421850800514221,0,0
SIHDR_051,SIHDR_051_e11.jpg,45,11,test,7.380821704864502,11.287712097167969,11.065112113952637,0.22259998321533203,1,9.38082218170166,11.287712097167969,1,1,1,0.7542601823806763,1,1,0.8421850800514221,0,0
SIHDR_051,SIHDR_051_e12.jpg,45,12,test,6.321928024291992,11.287712097167969,10.792667388916016,0.4950447082519531,1,9.38082218170166,11.287712097167969,1,1,1,0.7336411476135254,1,1,0.8421850800514221,0,0
SIHDR_051,SIHDR_051_e13.jpg,45,13,test,5.321928024291992,11.287712097167969,10.290295600891113,0.9974164962768555,1,9.38082218170166,11.287712097167969,1,1,1,0.715547502040863,1,1,0.8421850800514221,0,0
SIHDR_051,SIHDR_051_e14.jpg,45,14,test,4.321928024291992,11.287712097167969,9.714981079101562,1.5727310180664062,1,9.38082218170166,11.287712097167969,1,1,1,0.7026225924491882,1,1,0.8421850800514221,0,0
SIHDR_052,SIHDR_052_e00.jpg,46,0,train,17.194602966308594,10.287712097167969,9.969497680664062,0.31821441650390625,1,9.38082218170166,10.287712097167969,1,,0,0.9323292374610901,1,,0.8421850800514221,1,
SIHDR_052,SIHDR_052_e01.jpg,46,1,train,16.28771209716797,10.287712097167969,9.349234580993652,0.9384775161743164,1,9.38082218170166,10.287712097167969,0,,0,0.9294815063476562,1,,0.8421850800514221,1,
SIHDR_052,SIHDR_052_e02.jpg,46,2,train,15.872674942016602,10.287712097167969,9.079480171203613,1.2082319259643555,1,9.38082218170166,10.287712097167969,0,,0,0.9278934001922607,1,,0.8421850800514221,1,
SIHDR_052,SIHDR_052_e03.jpg,46,3,train,15.287712097167969,10.287712097167969,8.803008079528809,1.4847040176391602,1,9.38082218170166,10.287712097167969,0,,0,0.9264755845069885,1,,0.8421850800514221,1,
SIHDR_052,SIHDR_052_e04.jpg,46,4,train,14.287712097167969,10.287712097167969,8.748320579528809,1.5393915176391602,1,9.38082218170166,10.287712097167969,0,,0,0.917646050453186,1,,0.8421850800514221,1,
SIHDR_052,SIHDR_052_e05.jpg,46,5,train,13.287712097167969,10.287712097167969,9.155673027038574,1.1320390701293945,1,9.38082218170166,10.287712097167969,0,,0,0.8988829851150513,1,,0.8421850800514221,1,
SIHDR_052,SIHDR_052_e06.jpg,46,6,train,12.287712097167969,10.287712097167969,10.007515907287598,0.2801961898803711,1,9.38082218170166,10.287712097167969,1,,0,0.8722276091575623,1,,0.8421850800514221,1,
SIHDR_052,SIHDR_052_e07.jpg,46,7,train,11.287712097167969,10.287712097167969,10.279536247253418,0.008175849914550781,1,9.38082218170166,10.287712097167969,1,,0,0.8286306858062744,1,,0.8421850800514221,0,
SIHDR_052,SIHDR_052_e08.jpg,46,8,train,10.287712097167969,10.287712097167969,10.356833457946777,0.0691213607788086,1,9.38082218170166,10.287712097167969,0,,0,0.7939494848251343,1,,0.8421850800514221,0,
SIHDR_052,SIHDR_052_e09.jpg,46,9,train,9.38082218170166,10.287712097167969,10.338603019714355,0.05089092254638672,1,9.38082218170166,10.287712097167969,0,,0,0.7706822156906128,1,,0.8421850800514221,0,
SIHDR_052,SIHDR_052_e10.jpg,46,10,train,8.38082218170166,10.287712097167969,10.724128723144531,0.4364166259765625,1,9.38082218170166,10.287712097167969,0,,0,0.760641872882843,1,,0.8421850800514221,0,
SIHDR_052,SIHDR_052_e11.jpg,46,11,train,7.380821704864502,10.287712097167969,11.383113861083984,1.0954017639160156,1,9.38082218170166,10.287712097167969,0,,0,0.7453215718269348,1,,0.8421850800514221,0,
SIHDR_052,SIHDR_052_e12.jpg,46,12,train,6.321928024291992,10.287712097167969,11.152806282043457,0.8650941848754883,1,9.38082218170166,10.287712097167969,0,,0,0.7311130166053772,1,,0.8421850800514221,0,
SIHDR_052,SIHDR_052_e13.jpg,46,13,train,5.321928024291992,10.287712097167969,10.673819541931152,0.3861074447631836,1,9.38082218170166,10.287712097167969,0,,0,0.7162740230560303,1,,0.8421850800514221,0,
SIHDR_052,SIHDR_052_e14.jpg,46,14,train,4.321928024291992,10.287712097167969,10.042315483093262,0.24539661407470703,1,9.38082218170166,10.287712097167969,1,,0,0.7019343972206116,1,,0.8421850800514221,0,
SIHDR_053,SIHDR_053_e00.jpg,47,0,train,17.194602966308594,8.38082218170166,9.969497680664062,1.5886754989624023,1,7.380821704864502,8.38082218170166,0,,0,0.9323292374610901,1,,0.8421850800514221,1,
SIHDR_053,SIHDR_053_e01.jpg,47,1,train,16.28771209716797,8.38082218170166,9.349156379699707,0.9683341979980469,1,7.380821704864502,8.38082218170166,0,,0,0.929487943649292,1,,0.8421850800514221,1,
SIHDR_053,SIHDR_053_e02.jpg,47,2,train,15.872674942016602,8.38082218170166,9.071558952331543,0.6907367706298828,1,7.380821704864502,8.38082218170166,0,,0,0.9278184771537781,1,,0.8421850800514221,1,
SIHDR_053,SIHDR_053_e03.jpg,47,3,train,15.287712097167969,8.38082218170166,8.718649864196777,0.3378276824951172,1,7.380821704864502,8.38082218170166,0,,0,0.9254484176635742,1,,0.8421850800514221,1,
SIHDR_053,SIHDR_053_e04.jpg,47,4,train,14.287712097167969,8.38082218170166,8.22146987915039,0.15935230255126953,1,7.380821704864502,8.38082218170166,1,,0,0.9214535355567932,1,,0.8421850800514221,1,
SIHDR_053,SIHDR_053_e05.jpg,47,5,train,13.287712097167969,8.38082218170166,7.823564052581787,0.557258129119873,1,7.380821704864502,8.38082218170166,1,,0,0.9160829186439514,1,,0.8421850800514221,1,
SIHDR_053,SIHDR_053_e06.jpg,47,6,train,12.287712097167969,8.38082218170166,7.8088836669921875,0.5719385147094727,1,7.380821704864502,8.38082218170166,1,,0,0.9018144607543945,1,,0.8421850800514221,1,
SIHDR_053,SIHDR_053_e07.jpg,47,7,train,11.287712097167969,8.38082218170166,7.650352478027344,0.7304697036743164,1,7.380821704864502,8.38082218170166,1,,0,0.884867250919342,1,,0.8421850800514221,1,
SIHDR_053,SIHDR_053_e08.jpg,47,8,train,10.287712097167969,8.38082218170166,7.514429092407227,0.8663930892944336,1,7.380821704864502,8.38082218170166,1,,0,0.8570652008056641,1,,0.8421850800514221,1,
SIHDR_053,SIHDR_053_e09.jpg,47,9,train,9.38082218170166,8.38082218170166,7.59365177154541,0.78717041015625,1,7.380821704864502,8.38082218170166,1,,0,0.8198513984680176,1,,0.8421850800514221,0,
SIHDR_053,SIHDR_053_e10.jpg,47,10,train,8.38082218170166,8.38082218170166,8.286959648132324,0.09386253356933594,1,7.380821704864502,8.38082218170166,1,,0,0.7733220458030701,1,,0.8421850800514221,0,
SIHDR_053,SIHDR_053_e11.jpg,47,11,train,7.380821704864502,8.38082218170166,8.779193878173828,0.39837169647216797,1,7.380821704864502,8.38082218170166,0,,0,0.7443222403526306,1,,0.8421850800514221,0,
SIHDR_053,SIHDR_053_e12.jpg,47,12,train,6.321928024291992,8.38082218170166,8.893692970275879,0.5128707885742188,1,7.380821704864502,8.38082218170166,0,,0,0.7269827723503113,1,,0.8421850800514221,0,
SIHDR_053,SIHDR_053_e13.jpg,47,13,train,5.321928024291992,8.38082218170166,8.829728126525879,0.44890594482421875,1,7.380821704864502,8.38082218170166,0,,0,0.7130885720252991,1,,0.8421850800514221,0,
SIHDR_053,SIHDR_053_e14.jpg,47,14,train,4.321928024291992,8.38082218170166,9.03857421875,0.6577520370483398,1,7.380821704864502,8.38082218170166,0,,0,0.7054325342178345,1,,0.8421850800514221,0,
SIHDR_054,SIHDR_054_e00.jpg,48,0,train,17.194602966308594,10.287712097167969,9.969497680664062,0.31821441650390625,1,9.38082218170166,11.287712097167969,1,1,1,0.9323292374610901,1,1,0.8421850800514221,1,1
SIHDR_054,SIHDR_054_e01.jpg,48,1,train,16.28771209716797,10.287712097167969,9.3505277633667,0.9371843338012695,1,9.38082218170166,11.287712097167969,0,1,1,0.9294357299804688,1,1,0.8421850800514221,1,1
SIHDR_054,SIHDR_054_e02.jpg,48,2,train,15.872674942016602,10.287712097167969,9.105441093444824,1.1822710037231445,1,9.38082218170166,11.287712097167969,0,1,1,0.9274283647537231,1,1,0.8421850800514221,1,1
SIHDR_054,SIHDR_054_e03.jpg,48,3,train,15.287712097167969,10.287712097167969,8.830391883850098,1.457320213317871,1,9.38082218170166,11.287712097167969,0,1,1,0.9246161580085754,1,1,0.8421850800514221,1,1
SIHDR_054,SIHDR_054_e04.jpg,48,4,train,14.287712097167969,10.287712097167969,8.801514625549316,1.4861974716186523,1,9.38082218170166,11.287712097167969,0,1,1,0.9157593250274658,1,1,0.8421850800514221,1,1
SIHDR_054,SIHDR_054_e05.jpg,48,5,train,13.287712097167969,10.287712097167969,9.558625221252441,0.7290868759155273,1,9.38082218170166,11.287712097167969,1,1,1,0.8855540156364441,1,1,0.8421850800514221,1,1
SIHDR_054,SIHDR_054_e06.jpg,48,6,train,12.287712097167969,10.287712097167969,9.86211109161377,0.4256010055541992,1,9.38082218170166,11.287712097167969,1,1,1,0.8423609733581543,1,1,0.8421850800514221,1,1
SIHDR_054,SIHDR_054_e07.jpg,48,7,train,11.287712097167969,10.287712097167969,9.948975563049316,0.33873653411865234,1,9.38082218170166,11.287712097167969,1,1,1,0.8037983179092407,1,1,0.8421850800514221,0,0
SIHDR_054,SIHDR_054_e08.jpg,48,8,train,10.287712097167969,10.287712097167969,9.862622261047363,0.42508983612060547,1,9.38082218170166,11.287712097167969,1,1,1,0.7726819515228271,1,1,0.8421850800514221,0,0
SIHDR_054,SIHDR_054_e09.jpg,48,9,train,9.38082218170166,10.287712097167969,9.901477813720703,0.3862342834472656,1,9.38082218170166,11.287712097167969,1,1,1,0.7591477632522583,1,1,0.8421850800514221,0,0
SIHDR_054,SIHDR_054_e10.jpg,48,10,train,8.38082218170166,10.287712097167969,10.397432327270508,0.10972023010253906,1,9.38082218170166,11.287712097167969,1,1,1,0.7485038042068481,1,1,0.8421850800514221,0,0
SIHDR_054,SIHDR_054_e11.jpg,48,11,train,7.380821704864502,10.287712097167969,10.415982246398926,0.12827014923095703,1,9.38082218170166,11.287712097167969,1,1,1,0.7393859624862671,1,1,0.8421850800514221,0,0
SIHDR_054,SIHDR_054_e12.jpg,48,12,train,6.321928024291992,10.287712097167969,10.497148513793945,0.20943641662597656,1,9.38082218170166,11.287712097167969,1,1,1,0.7270646095275879,1,1,0.8421850800514221,0,0
SIHDR_054,SIHDR_054_e13.jpg,48,13,train,5.321928024291992,10.287712097167969,10.089851379394531,0.1978607177734375,1,9.38082218170166,11.287712097167969,1,1,1,0.7127992510795593,1,1,0.8421850800514221,0,0
SIHDR_054,SIHDR_054_e14.jpg,48,14,train,4.321928024291992,10.287712097167969,9.534417152404785,0.7532949447631836,1,9.38082218170166,11.287712097167969,1,1,1,0.6989235877990723,1,1,0.8421850800514221,0,0
SIHDR_055,SIHDR_055_e00.jpg,49,0,train,17.194602966308594,9.38082218170166,9.969498634338379,0.5886764526367188,1,8.38082218170166,9.38082218170166,0,1,1,0.9323292374610901,1,1,0.8421850800514221,1,1
SIHDR_055,SIHDR_055_e01.jpg,49,1,train,16.28771209716797,9.38082218170166,9.370747566223145,0.010074615478515625,1,8.38082218170166,9.38082218170166,1,1,1,0.9294918179512024,1,1,0.8421850800514221,1,1
SIHDR_055,SIHDR_055_e02.jpg,49,2,train,15.872674942016602,9.38082218170166,9.15379810333252,0.22702407836914062,1,8.38082218170166,9.38082218170166,1,1,1,0.928001344203949,1,1,0.8421850800514221,1,1
SIHDR_055,SIHDR_055_e03.jpg,49,3,train,15.287712097167969,9.38082218170166,8.982476234436035,0.398345947265625,1,8.38082218170166,9.38082218170166,1,1,1,0.9257827997207642,1,1,0.8421850800514221,1,1
SIHDR_055,SIHDR_055_e04.jpg,49,4,train,14.287712097167969,9.38082218170166,9.079449653625488,0.3013725280761719,1,8.38082218170166,9.38082218170166,1,1,1,0.9127994775772095,1,1,0.8421850800514221,1,1
SIHDR_055,SIHDR_055_e05.jpg,49,5,train,13.287712097167969,9.38082218170166,9.2024507522583,0.17837142944335938,1,8.38082218170166,9.38082218170166,1,1,1,0.887820839881897,1,1,0.8421850800514221,1,1
SIHDR_055,SIHDR_055_e06.jpg,49,6,train,12.287712097167969,9.38082218170166,9.216474533081055,0.16434764862060547,1,8.38082218170166,9.38082218170166,1,1,1,0.8622493147850037,1,1,0.8421850800514221,1,1
SIHDR_055,SIHDR_055_e07.jpg,49,7,train,11.287712097167969,9.38082218170166,9.048338890075684,0.33248329162597656,1,8.38082218170166,9.38082218170166,1,1,1,0.842157781124115,1,1,0.8421850800514221,0,0
SIHDR_055,SIHDR_055_e08.jpg,49,8,train,10.287712097167969,9.38082218170166,8.8817720413208,0.4990501403808594,1,8.38082218170166,9.38082218170166,1,1,1,0.8332352042198181,1,1,0.8421850800514221,0,0
SIHDR_055,SIHDR_055_e09.jpg,49,9,train,9.38082218170166,9.38082218170166,9.782306671142578,0.40148448944091797,1,8.38082218170166,9.38082218170166,0,1,1,0.8108994960784912,1,1,0.8421850800514221,0,0
SIHDR_055,SIHDR_055_e10.jpg,49,10,train,8.38082218170166,9.38082218170166,10.434697151184082,1.0538749694824219,1,8.38082218170166,9.38082218170166,0,1,1,0.7690359950065613,1,1,0.8421850800514221,0,0
SIHDR_055,SIHDR_055_e11.jpg,49,11,train,7.380821704864502,9.38082218170166,10.6145658493042,1.233743667602539,1,8.38082218170166,9.38082218170166,0,1,1,0.7442931532859802,1,1,0.8421850800514221,0,0
SIHDR_055,SIHDR_055_e12.jpg,49,12,train,6.321928024291992,9.38082218170166,10.244303703308105,0.8634815216064453,1,8.38082218170166,9.38082218170166,0,1,1,0.7220386862754822,1,1,0.8421850800514221,0,0
SIHDR_055,SIHDR_055_e13.jpg,49,13,train,5.321928024291992,9.38082218170166,9.753824234008789,0.3730020523071289,1,8.38082218170166,9.38082218170166,0,1,1,0.711906909942627,1,1,0.8421850800514221,0,0
SIHDR_055,SIHDR_055_e14.jpg,49,14,train,4.321928024291992,9.38082218170166,9.682631492614746,0.30180931091308594,1,8.38082218170166,9.38082218170166,0,1,1,0.6998605728149414,1,1,0.8421850800514221,0,0
SIHDR_056,SIHDR_056_e00.jpg,50,0,test,17.194602966308594,8.38082218170166,9.969497680664062,1.5886754989624023,1,8.38082218170166,8.38082218170166,0,1,1,0.9323292374610901,1,1,0.8421850800514221,1,1
SIHDR_056,SIHDR_056_e01.jpg,50,1,test,16.28771209716797,8.38082218170166,9.350371360778809,0.9695491790771484,1,8.38082218170166,8.38082218170166,0,1,1,0.9294528961181641,1,1,0.8421850800514221,1,1
SIHDR_056,SIHDR_056_e02.jpg,50,2,test,15.872674942016602,8.38082218170166,9.085409164428711,0.7045869827270508,1,8.38082218170166,8.38082218170166,0,1,1,0.9276531338691711,1,1,0.8421850800514221,1,1
SIHDR_056,SIHDR_056_e03.jpg,50,3,test,15.287712097167969,8.38082218170166,8.775667190551758,0.39484500885009766,1,8.38082218170166,8.38082218170166,0,1,1,0.9248249530792236,1,1,0.8421850800514221,1,1
SIHDR_056,SIHDR_056_e04.jpg,50,4,test,14.287712097167969,8.38082218170166,8.449926376342773,0.06910419464111328,1,8.38082218170166,8.38082218170166,0,1,1,0.9180194139480591,1,1,0.8421850800514221,1,1
SIHDR_056,SIHDR_056_e05.jpg,50,5,test,13.287712097167969,8.38082218170166,8.451395034790039,0.0705728530883789,1,8.38082218170166,8.38082218170166,0,1,1,0.9060646891593933,1,1,0.8421850800514221,1,1
SIHDR_056,SIHDR_056_e06.jpg,50,6,test,12.287712097167969,8.38082218170166,8.355461120605469,0.025361061096191406,1,8.38082218170166,8.38082218170166,0,1,1,0.8899770975112915,1,1,0.8421850800514221,1,1
SIHDR_056,SIHDR_056_e07.jpg,50,7,test,11.287712097167969,8.38082218170166,8.1768159866333,0.20400619506835938,1,8.38082218170166,8.38082218170166,0,1,1,0.8761537671089172,1,1,0.8421850800514221,1,1
SIHDR_056,SIHDR_056_e08.jpg,50,8,test,10.287712097167969,8.38082218170166,7.847355365753174,0.5334668159484863,1,8.38082218170166,8.38082218170166,0,1,1,0.8602672815322876,1,1,0.8421850800514221,1,1
SIHDR_056,SIHDR_056_e09.jpg,50,9,test,9.38082218170166,8.38082218170166,7.964880466461182,0.4159417152404785,1,8.38082218170166,8.38082218170166,0,1,1,0.8413063287734985,1,1,0.8421850800514221,0,0
SIHDR_056,SIHDR_056_e10.jpg,50,10,test,8.38082218170166,8.38082218170166,9.281476020812988,0.9006538391113281,1,8.38082218170166,8.38082218170166,0,1,1,0.8043164610862732,1,1,0.8421850800514221,0,0
SIHDR_056,SIHDR_056_e11.jpg,50,11,test,7.380821704864502,8.38082218170166,9.764429092407227,1.3836069107055664,1,8.38082218170166,8.38082218170166,0,1,1,0.7673339247703552,1,1,0.8421850800514221,0,0
SIHDR_056,SIHDR_056_e12.jpg,50,12,test,6.321928024291992,8.38082218170166,9.747904777526855,1.3670825958251953,1,8.38082218170166,8.38082218170166,0,1,1,0.7364782691001892,1,1,0.8421850800514221,0,0
SIHDR_056,SIHDR_056_e13.jpg,50,13,test,5.321928024291992,8.38082218170166,9.347657203674316,0.9668350219726562,1,8.38082218170166,8.38082218170166,0,1,1,0.7176582217216492,1,1,0.8421850800514221,0,0
SIHDR_056,SIHDR_056_e14.jpg,50,14,test,4.321928024291992,8.38082218170166,9.174491882324219,0.7936697006225586,1,8.38082218170166,8.38082218170166,0,1,1,0.705244779586792,1,1,0.8421850800514221,0,0
SIHDR_057,SIHDR_057_e00.jpg,51,0,train,17.194602966308594,10.287712097167969,9.967803001403809,0.31990909576416016,1,9.38082218170166,10.287712097167969,1,,0,0.9323464035987854,1,,0.8421850800514221,1,
SIHDR_057,SIHDR_057_e01.jpg,51,1,train,16.28771209716797,10.287712097167969,9.32898998260498,0.9587221145629883,1,9.38082218170166,10.287712097167969,0,,0,0.9297888278961182,1,,0.8421850800514221,1,
SIHDR_057,SIHDR_057_e02.jpg,51,2,train,15.872674942016602,10.287712097167969,9.043729782104492,1.2439823150634766,1,9.38082218170166,10.287712097167969,0,,0,0.9284738302230835,1,,0.8421850800514221,1,
SIHDR_057,SIHDR_057_e03.jpg,51,3,train,15.287712097167969,10.287712097167969,8.711514472961426,1.576197624206543,1,9.38082218170166,10.287712097167969,0,,0,0.9247817397117615,1,,0.8421850800514221,1,
SIHDR_057,SIHDR_057_e04.jpg,51,4,train,14.287712097167969,10.287712097167969,8.500816345214844,1.786895751953125,1,9.38082218170166,10.287712097167969,0,,0,0.8974987864494324,1,,0.8421850800514221,1,
SIHDR_057,SIHDR_057_e05.jpg,51,5,train,13.287712097167969,10.287712097167969,9.208348274230957,1.0793638229370117,1,9.38082218170166,10.287712097167969,0,,0,0.8621633648872375,1,,0.8421850800514221,1,
SIHDR_057,SIHDR_057_e06.jpg,51,6,train,12.287712097167969,10.287712097167969,9.79720401763916,0.4905080795288086,1,9.38082218170166,10.287712097167969,1,,0,0.840233325958252,1,,0.8421850800514221,0,
SIHDR_057,SIHDR_057_e07.jpg,51,7,train,11.287712097167969,10.287712097167969,10.058207511901855,0.22950458526611328,1,9.38082218170166,10.287712097167969,1,,0,0.8157328963279724,1,,0.8421850800514221,0,
SIHDR_057,SIHDR_057_e08.jpg,51,8,train,10.287712097167969,10.287712097167969,10.120675086975098,0.1670370101928711,1,9.38082218170166,10.287712097167969,1,,0,0.7950785160064697,1,,0.8421850800514221,0,
SIHDR_057,SIHDR_057_e09.jpg,51,9,train,9.38082218170166,10.287712097167969,10.773344993591309,0.48563289642333984,1,9.38082218170166,10.287712097167969,0,,0,0.7875080108642578,1,,0.8421850800514221,0,
SIHDR_057,SIHDR_057_e10.jpg,51,10,train,8.38082218170166,10.287712097167969,11.406145095825195,1.1184329986572266,1,9.38082218170166,10.287712097167969,0,,0,0.7685468792915344,1,,0.8421850800514221,0,
SIHDR_057,SIHDR_057_e11.jpg,51,11,train,7.380821704864502,10.287712097167969,11.229734420776367,0.9420223236083984,1,9.38082218170166,10.287712097167969,0,,0,0.7541349530220032,1,,0.8421850800514221,0,
SIHDR_057,SIHDR_057_e12.jpg,51,12,train,6.321928024291992,10.287712097167969,11.173661231994629,0.8859491348266602,1,9.38082218170166,10.287712097167969,0,,0,0.7332083582878113,1,,0.8421850800514221,0,
SIHDR_057,SIHDR_057_e13.jpg,51,13,train,5.321928024291992,10.287712097167969,10.713541984558105,0.4258298873901367,1,9.38082218170166,10.287712097167969,0,,0,0.7161381840705872,1,,0.8421850800514221,0,
SIHDR_057,SIHDR_057_e14.jpg,51,14,train,4.321928024291992,10.287712097167969,10.060729026794434,0.22698307037353516,1,9.38082218170166,10.287712097167969,1,,0,0.702067494392395,1,,0.8421850800514221,0,
SIHDR_058,SIHDR_058_e00.jpg,52,0,train,17.194602966308594,7.380821704864502,9.969497680664062,2.5886759757995605,1,7.380821704864502,7.380821704864502,0,1,1,0.9323292374610901,1,1,0.8421850800514221,1,1
SIHDR_058,SIHDR_058_e01.jpg,52,1,train,16.28771209716797,7.380821704864502,9.349156379699707,1.968334674835205,1,7.380821704864502,7.380821704864502,0,1,1,0.9294877052307129,1,1,0.8421850800514221,1,1
SIHDR_058,SIHDR_058_e02.jpg,52,2,train,15.872674942016602,7.380821704864502,9.071861267089844,1.6910395622253418,1,7.380821704864502,7.380821704864502,0,1,1,0.9278010129928589,1,1,0.8421850800514221,1,1
SIHDR_058,SIHDR_058_e03.jpg,52,3,train,15.287712097167969,7.380821704864502,8.732341766357422,1.35152006149292,1,7.380821704864502,7.380821704864502,0,1,1,0.9251601099967957,1,1,0.8421850800514221,1,1
SIHDR_058,SIHDR_058_e04.jpg,52,4,train,14.287712097167969,7.380821704864502,8.599916458129883,1.2190947532653809,1,7.380821704864502,7.380821704864502,0,1,1,0.9150950908660889,1,1,0.8421850800514221,1,1
SIHDR_058,SIHDR_058_e05.jpg,52,5,train,13.287712097167969,7.380821704864502,9.042157173156738,1.6613354682922363,1,7.380821704864502,7.380821704864502,0,1,1,0.8882728219032288,1,1,0.8421850800514221,1,1
SIHDR_058,SIHDR_058_e06.jpg,52,6,train,12.287712097167969,7.380821704864502,9.03027629852295,1.6494545936584473,1,7.380821704864502,7.380821704864502,0,1,1,0.8528504371643066,1,1,0.8421850800514221,1,1
SIHDR_058,SIHDR_058_e07.jpg,52,7,train,11.287712097167969,7.380821704864502,8.969897270202637,1.5890755653381348,1,7.380821704864502,7.380821704864502,0,1,1,0.8203619122505188,1,1,0.8421850800514221,0,0
SIHDR_058,SIHDR_058_e08.jpg,52,8,train,10.287712097167969,7.380821704864502,8.651802062988281,1.2709803581237793,1,7.380821704864502,7.380821704864502,0,1,1,0.7939971089363098,1,1,0.8421850800514221,0,0
SIHDR_058,SIHDR_058_e09.jpg,52,9,train,9.38082218170166,7.380821704864502,8.72225284576416,1.3414311408996582,1,7.380821704864502,7.380821704864502,0,1,1,0.7774145007133484,1,1,0.8421850800514221,0,0
SIHDR_058,SIHDR_058_e10.jpg,52,10,train,8.38082218170166,7.380821704864502,9.07116413116455,1.6903424263000488,1,7.380821704864502,7.380821704864502,0,1,1,0.7706455588340759,1,1,0.8421850800514221,0,0
SIHDR_058,SIHDR_058_e11.jpg,52,11,train,7.380821704864502,7.380821704864502,9.481804847717285,2.100983142852783,1,7.380821704864502,7.380821704864502,0,1,1,0.7558777928352356,1,1,0.8421850800514221,0,0
SIHDR_058,SIHDR_058_e12.jpg,52,12,train,6.321928024291992,7.380821704864502,9.478646278381348,2.0978245735168457,1,7.380821704864502,7.380821704864502,0,1,1,0.7282730340957642,1,1,0.8421850800514221,0,0
SIHDR_058,SIHDR_058_e13.jpg,52,13,train,5.321928024291992,7.380821704864502,9.286304473876953,1.9054827690124512,1,7.380821704864502,7.380821704864502,0,1,1,0.7071963548660278,1,1,0.8421850800514221,0,0
SIHDR_058,SIHDR_058_e14.jpg,52,14,train,4.321928024291992,7.380821704864502,8.5533447265625,1.172523021697998,1,7.380821704864502,7.380821704864502,0,1,1,0.6979197263717651,1,1,0.8421850800514221,0,0
SIHDR_059,SIHDR_059_e00.jpg,53,0,train,17.194602966308594,7.380821704864502,9.969497680664062,2.5886759757995605,1,7.380821704864502,7.380821704864502,0,1,1,0.9323292374610901,1,1,0.8421850800514221,1,1
SIHDR_059,SIHDR_059_e01.jpg,53,1,train,16.28771209716797,7.380821704864502,9.349156379699707,1.968334674835205,1,7.380821704864502,7.380821704864502,0,1,1,0.929487943649292,1,1,0.8421850800514221,1,1
SIHDR_059,SIHDR_059_e02.jpg,53,2,train,15.872674942016602,7.380821704864502,9.07149600982666,1.6906743049621582,1,7.380821704864502,7.380821704864502,0,1,1,0.9278153777122498,1,1,0.8421850800514221,1,1
SIHDR_059,SIHDR_059_e03.jpg,53,3,train,15.287712097167969,7.380821704864502,8.733848571777344,1.3530268669128418,1,7.380821704864502,7.380821704864502,0,1,1,0.925087034702301,1,1,0.8421850800514221,1,1
SIHDR_059,SIHDR_059_e04.jpg,53,4,train,14.287712097167969,7.380821704864502,8.523138046264648,1.1423163414001465,1,7.380821704864502,7.380821704864502,0,1,1,0.9171832799911499,1,1,0.8421850800514221,1,1
SIHDR_059,SIHDR_059_e05.jpg,53,5,train,13.287712097167969,7.380821704864502,8.796830177307129,1.416008472442627,1,7.380821704864502,7.380821704864502,0,1,1,0.9066756963729858,1,1,0.8421850800514221,1,1
SIHDR_059,SIHDR_059_e06.jpg,53,6,train,12.287712097167969,7.380821704864502,9.336518287658691,1.9556965827941895,1,7.380821704864502,7.380821704864502,0,1,1,0.8888476490974426,1,1,0.8421850800514221,1,1
SIHDR_059,SIHDR_059_e07.jpg,53,7,train,11.287712097167969,7.380821704864502,9.258932113647461,1.878110408782959,1,7.380821704864502,7.380821704864502,0,1,1,0.8624172210693359,1,1,0.8421850800514221,1,1
SIHDR_059,SIHDR_059_e08.jpg,53,8,train,10.287712097167969,7.380821704864502,8.738263130187988,1.3574414253234863,1,7.380821704864502,7.380821704864502,0,1,1,0.8377656936645508,1,1,0.8421850800514221,0,0
SIHDR_059,SIHDR_059_e09.jpg,53,9,train,9.38082218170166,7.380821704864502,8.370277404785156,0.9894556999206543,1,7.380821704864502,7.380821704864502,0,1,1,0.8190506100654602,1,1,0.8421850800514221,0,0
SIHDR_059,SIHDR_059_e10.jpg,53,10,train,8.38082218170166,7.380821704864502,8.446351051330566,1.0655293464660645,1,7.380821704864502,7.380821704864502,0,1,1,0.8028123378753662,1,1,0.8421850800514221,0,0
SIHDR_059,SIHDR_059_e11.jpg,53,11,train,7.380821704864502,7.380821704864502,9.026335716247559,1.6455140113830566,1,7.380821704864502,7.380821704864502,0,1,1,0.7818729877471924,1,1,0.8421850800514221,0,0
SIHDR_059,SIHDR_059_e12.jpg,53,12,train,6.321928024291992,7.380821704864502,9.611340522766113,2.2305188179016113,1,7.380821704864502,7.380821704864502,0,1,1,0.7469339966773987,1,1,0.8421850800514221,0,0
SIHDR_059,SIHDR_059_e13.jpg,53,13,train,5.321928024291992,7.380821704864502,9.572956085205078,2.192134380340576,1,7.380821704864502,7.380821704864502,0,1,1,0.7238170504570007,1,1,0.8421850800514221,0,0
SIHDR_059,SIHDR_059_e14.jpg,53,14,train,4.321928024291992,7.380821704864502,9.14279842376709,1.761976718902588,1,7.380821704864502,7.380821704864502,0,1,1,0.7064118981361389,1,1,0.8421850800514221,0,0
SIHDR_060,SIHDR_060_e00.jpg,54,0,train,17.194602966308594,11.287712097167969,9.969497680664062,1.3182144165039062,1,8.38082218170166,12.287712097167969,1,1,1,0.9323292374610901,1,1,0.8421850800514221,1,1
SIHDR_060,SIHDR_060_e01.jpg,54,1,train,16.28771209716797,11.287712097167969,9.369691848754883,1.918020248413086,1,8.38082218170166,12.287712097167969,1,1,1,0.9298504590988159,1,1,0.8421850800514221,1,1
SIHDR_060,SIHDR_060_e02.jpg,54,2,train,15.872674942016602,11.287712097167969,9.193671226501465,2.094040870666504,1,8.38082218170166,12.287712097167969,1,1,1,0.9287441968917847,1,1,0.8421850800514221,1,1
SIHDR_060,SIHDR_060_e03.jpg,54,3,train,15.287712097167969,11.287712097167969,9.273547172546387,2.014164924621582,1,8.38082218170166,12.287712097167969,1,1,1,0.9248241186141968,1,1,0.8421850800514221,1,1
SIHDR_060,SIHDR_060_e04.jpg,54,4,train,14.287712097167969,11.287712097167969,9.639373779296875,1.6483383178710938,1,8.38082218170166,12.287712097167969,1,1,1,0.9133371710777283,1,1,0.8421850800514221,1,1
SIHDR_060,SIHDR_060_e05.jpg,54,5,train,13.287712097167969,11.287712097167969,9.970963478088379,1.3167486190795898,1,8.38082218170166,12.287712097167969,1,1,1,0.8873393535614014,1,1,0.8421850800514221,1,1
SIHDR_060,SIHDR_060_e06.jpg,54,6,train,12.287712097167969,11.287712097167969,10.25291919708252,1.0347929000854492,1,8.38082218170166,12.287712097167969,1,1,1,0.8621479272842407,1,1,0.8421850800514221,1,1
SIHDR_060,SIHDR_060_e07.jpg,54,7,train,11.287712097167969,11.287712097167969,10.143593788146973,1.144118309020996,1,8.38082218170166,12.287712097167969,1,1,1,0.8497625589370728,1,1,0.8421850800514221,1,1
SIHDR_060,SIHDR_060_e08.jpg,54,8,train,10.287712097167969,11.287712097167969,9.975157737731934,1.3125543594360352,1,8.38082218170166,12.287712097167969,1,1,1,0.8424503803253174,1,1,0.8421850800514221,1,1
SIHDR_060,SIHDR_060_e09.jpg,54,9,train,9.38082218170166,11.287712097167969,10.113015174865723,1.174696922302246,1,8.38082218170166,12.287712097167969,1,1,1,0.8421924114227295,1,1,0.8421850800514221,1,1
SIHDR_060,SIHDR_060_e10.jpg,54,10,train,8.38082218170166,11.287712097167969,10.329898834228516,0.9578132629394531,1,8.38082218170166,12.287712097167969,1,1,1,0.8344240188598633,1,1,0.8421850800514221,0,0
SIHDR_060,SIHDR_060_e11.jpg,54,11,train,7.380821704864502,11.287712097167969,10.535209655761719,0.75250244140625,1,8.38082218170166,12.287712097167969,1,1,1,0.8140793442726135,1,1,0.8421850800514221,0,0
SIHDR_060,SIHDR_060_e12.jpg,54,12,train,6.321928024291992,11.287712097167969,10.066279411315918,1.2214326858520508,1,8.38082218170166,12.287712097167969,1,1,1,0.7762603163719177,1,1,0.8421850800514221,0,0
SIHDR_060,SIHDR_060_e13.jpg,54,13,train,5.321928024291992,11.287712097167969,9.6807279586792,1.6069841384887695,1,8.38082218170166,12.287712097167969,1,1,1,0.7428433895111084,1,1,0.8421850800514221,0,0
SIHDR_060,SIHDR_060_e14.jpg,54,14,train,4.321928024291992,11.287712097167969,9.343411445617676,1.944300651550293,1,8.38082218170166,12.287712097167969,1,1,1,0.7163026928901672,1,1,0.8421850800514221,0,0
SIHDR_061,SIHDR_061_e00.jpg,55,0,train,17.194602966308594,11.287712097167969,9.969596862792969,1.318115234375,1,8.38082218170166,11.287712097167969,1,1,1,0.9323288202285767,1,1,0.8421850800514221,1,1
SIHDR_061,SIHDR_061_e01.jpg,55,1,train,16.28771209716797,11.287712097167969,9.392786026000977,1.8949260711669922,1,8.38082218170166,11.287712097167969,1,1,1,0.9296196699142456,1,1,0.8421850800514221,1,1
SIHDR_061,SIHDR_061_e02.jpg,55,2,train,15.872674942016602,11.287712097167969,9.23652172088623,2.0511903762817383,1,8.38082218170166,11.287712097167969,1,1,1,0.9274725317955017,1,1,0.8421850800514221,1,1
SIHDR_061,SIHDR_061_e03.jpg,55,3,train,15.287712097167969,11.287712097167969,9.202399253845215,2.085312843322754,1,8.38082218170166,11.287712097167969,1,1,1,0.9219262599945068,1,1,0.8421850800514221,1,1
SIHDR_061,SIHDR_061_e04.jpg,55,4,train,14.287712097167969,11.287712097167969,9.513009071350098,1.774703025817871,1,8.38082218170166,11.287712097167969,1,1,1,0.9060770273208618,1,1,0.8421850800514221,1,1
SIHDR_061,SIHDR_061_e05.jpg,55,5,train,13.287712097167969,11.287712097167969,10.12438678741455,1.163325309753418,1,8.38082218170166,11.287712097167969,1,1,1,0.884155809879303,1,1,0.8421850800514221,1,1
SIHDR_061,SIHDR_061_e06.jpg,55,6,train,12.287712097167969,11.287712097167969,10.45368480682373,0.8340272903442383,1,8.38082218170166,11.287712097167969,1,1,1,0.854287326335907,1,1,0.8421850800514221,1,1
SIHDR_061,SIHDR_061_e07.jpg,55,7,train,11.287712097167969,11.287712097167969,10.53913402557373,0.7485780715942383,1,8.38082218170166,11.287712097167969,1,1,1,0.825077474117279,1,1,0.8421850800514221,0,0
SIHDR_061,SIHDR_061_e08.jpg,55,8,train,10.287712097167969,11.287712097167969,10.596196174621582,0.6915159225463867,1,8.38082218170166,11.287712097167969,1,1,1,0.8008280396461487,1,1,0.8421850800514221,0,0
SIHDR_061,SIHDR_061_e09.jpg,55,9,train,9.38082218170166,11.287712097167969,10.785514831542969,0.502197265625,1,8.38082218170166,11.287712097167969,1,1,1,0.7880972623825073,1,1,0.8421850800514221,0,0
SIHDR_061,SIHDR_061_e10.jpg,55,10,train,8.38082218170166,11.287712097167969,11.100811958312988,0.18690013885498047,1,8.38082218170166,11.287712097167969,1,1,1,0.7705114483833313,1,1,0.8421850800514221,0,0
SIHDR_061,SIHDR_061_e11.jpg,55,11,train,7.380821704864502,11.287712097167969,11.161377906799316,0.12633419036865234,1,8.38082218170166,11.287712097167969,1,1,1,0.740824282169342,1,1,0.8421850800514221,0,0
SIHDR_061,SIHDR_061_e12.jpg,55,12,train,6.321928024291992,11.287712097167969,10.661285400390625,0.6264266967773438,1,8.38082218170166,11.287712097167969,1,1,1,0.7190411686897278,1,1,0.8421850800514221,0,0
SIHDR_061,SIHDR_061_e13.jpg,55,13,train,5.321928024291992,11.287712097167969,10.085415840148926,1.202296257019043,1,8.38082218170166,11.287712097167969,1,1,1,0.7074902653694153,1,1,0.8421850800514221,0,0
SIHDR_061,SIHDR_061_e14.jpg,55,14,train,4.321928024291992,11.287712097167969,9.498162269592285,1.7895498275756836,1,8.38082218170166,11.287712097167969,1,1,1,0.6974343657493591,1,1,0.8421850800514221,0,0
SIHDR_062,SIHDR_062_e00.jpg,56,0,train,17.194602966308594,11.287712097167969,9.975237846374512,1.312474250793457,1,9.38082218170166,11.287712097167969,1,1,1,0.9320961236953735,1,1,0.8421850800514221,1,1
SIHDR_062,SIHDR_062_e01.jpg,56,1,train,16.28771209716797,11.287712097167969,9.427218437194824,1.8604936599731445,1,9.38082218170166,11.287712097167969,1,1,1,0.9264112710952759,1,1,0.8421850800514221,1,1
SIHDR_062,SIHDR_062_e02.jpg,56,2,train,15.872674942016602,11.287712097167969,9.25028133392334,2.037430763244629,1,9.38082218170166,11.287712097167969,0,1,1,0.923186719417572,1,1,0.8421850800514221,1,1
SIHDR_062,SIHDR_062_e03.jpg,56,3,train,15.287712097167969,11.287712097167969,9.137877464294434,2.149834632873535,1,9.38082218170166,11.287712097167969,0,1,1,0.9185917973518372,1,1,0.8421850800514221,1,1
SIHDR_062,SIHDR_062_e04.jpg,56,4,train,14.287712097167969,11.287712097167969,9.167901992797852,2.119810104370117,1,9.38082218170166,11.287712097167969,0,1,1,0.9063695669174194,1,1,0.8421850800514221,1,1
SIHDR_062,SIHDR_062_e05.jpg,56,5,train,13.287712097167969,11.287712097167969,9.444422721862793,1.8432893753051758,1,9.38082218170166,11.287712097167969,1,1,1,0.878190815448761,1,1,0.8421850800514221,1,1
SIHDR_062,SIHDR_062_e06.jpg,56,6,train,12.287712097167969,11.287712097167969,9.843877792358398,1.4438343048095703,1,9.38082218170166,11.287712097167969,1,1,1,0.8451312780380249,1,1,0.8421850800514221,1,1
SIHDR_062,SIHDR_062_e07.jpg,56,7,train,11.287712097167969,11.287712097167969,10.172367095947266,1.1153450012207031,1,9.38082218170166,11.287712097167969,1,1,1,0.8153308629989624,1,1,0.8421850800514221,0,0
SIHDR_062,SIHDR_062_e08.jpg,56,8,train,10.287712097167969,11.287712097167969,10.413286209106445,0.8744258880615234,1,9.38082218170166,11.287712097167969,1,1,1,0.7902981638908386,1,1,0.8421850800514221,0,0
SIHDR_062,SIHDR_062_e09.jpg,56,9,train,9.38082218170166,11.287712097167969,10.875238418579102,0.4124736785888672,1,9.38082218170166,11.287712097167969,1,1,1,0.7713250517845154,1,1,0.8421850800514221,0,0
SIHDR_062,SIHDR_062_e10.jpg,56,10,train,8.38082218170166,11.287712097167969,11.359373092651367,0.07166099548339844,1,9.38082218170166,11.287712097167969,0,1,1,0.7554459571838379,1,1,0.8421850800514221,0,0
SIHDR_062,SIHDR_062_e11.jpg,56,11,train,7.380821704864502,11.287712097167969,11.609503746032715,0.3217916488647461,1,9.38082218170166,11.287712097167969,0,1,1,0.7401225566864014,1,1,0.8421850800514221,0,0
SIHDR_062,SIHDR_062_e12.jpg,56,12,train,6.321928024291992,11.287712097167969,11.315086364746094,0.027374267578125,1,9.38082218170166,11.287712097167969,0,1,1,0.7254126667976379,1,1,0.8421850800514221,0,0
SIHDR_062,SIHDR_062_e13.jpg,56,13,train,5.321928024291992,11.287712097167969,10.77001667022705,0.517695426940918,1,9.38082218170166,11.287712097167969,1,1,1,0.7124757766723633,1,1,0.8421850800514221,0,0
SIHDR_062,SIHDR_062_e14.jpg,56,14,train,4.321928024291992,11.287712097167969,10.11186408996582,1.1758480072021484,1,9.38082218170166,11.287712097167969,1,1,1,0.6999004483222961,1,1,0.8421850800514221,0,0
SIHDR_063,SIHDR_063_e00.jpg,57,0,train,17.194602966308594,17.194602966308594,15.443123817443848,1.751479148864746,0,15.872674942016602,17.194602966308594,0,,0,0.8353415131568909,1,,0.8421850800514221,0,
SIHDR_063,SIHDR_063_e01.jpg,57,1,train,16.28771209716797,17.194602966308594,15.13088607788086,2.0637168884277344,0,15.872674942016602,17.194602966308594,0,,0,0.8275095224380493,1,,0.8421850800514221,0,
SIHDR_063,SIHDR_063_e02.jpg,57,2,train,15.872674942016602,17.194602966308594,15.04301929473877,2.151583671569824,0,15.872674942016602,17.194602966308594,0,,0,0.8314088582992554,1,,0.8421850800514221,0,
SIHDR_063,SIHDR_063_e03.jpg,57,3,train,15.287712097167969,17.194602966308594,16.028657913208008,1.165945053100586,0,15.872674942016602,17.194602966308594,1,,0,0.821090817451477,1,,0.8421850800514221,0,
SIHDR_063,SIHDR_063_e04.jpg,57,4,train,14.287712097167969,17.194602966308594,16.908700942993164,0.2859020233154297,0,15.872674942016602,17.194602966308594,1,,0,0.8061061501502991,1,,0.8421850800514221,0,
SIHDR_063,SIHDR_063_e05.jpg,57,5,train,13.287712097167969,17.194602966308594,16.308963775634766,0.8856391906738281,0,15.872674942016602,17.194602966308594,1,,0,0.7961495518684387,1,,0.8421850800514221,0,
SIHDR_063,SIHDR_063_e06.jpg,57,6,train,12.287712097167969,17.194602966308594,15.6754150390625,1.5191879272460938,0,15.872674942016602,17.194602966308594,0,,0,0.7865650057792664,1,,0.8421850800514221,0,
SIHDR_063,SIHDR_063_e07.jpg,57,7,train,11.287712097167969,17.194602966308594,15.034356117248535,2.1602468490600586,0,15.872674942016602,17.194602966308594,0,,0,0.7765054106712341,1,,0.8421850800514221,0,
SIHDR_063,SIHDR_063_e08.jpg,57,8,train,10.287712097167969,17.194602966308594,14.348309516906738,2.8462934494018555,0,15.872674942016602,17.194602966308594,0,,0,0.7662606835365295,1,,0.8421850800514221,0,
SIHDR_063,SIHDR_063_e09.jpg,57,9,train,9.38082218170166,17.194602966308594,13.713894844055176,3.480708122253418,0,15.872674942016602,17.194602966308594,0,,0,0.7567799687385559,1,,0.8421850800514221,0,
SIHDR_063,SIHDR_063_e10.jpg,57,10,train,8.38082218170166,17.194602966308594,13.008862495422363,4.1857404708862305,0,15.872674942016602,17.194602966308594,0,,0,0.7459619641304016,1,,0.8421850800514221,0,
SIHDR_063,SIHDR_063_e11.jpg,57,11,train,7.380821704864502,17.194602966308594,12.304181098937988,4.8904218673706055,0,15.872674942016602,17.194602966308594,0,,0,0.7347986102104187,1,,0.8421850800514221,0,
SIHDR_063,SIHDR_063_e12.jpg,57,12,train,6.321928024291992,17.194602966308594,11.555336952209473,5.639266014099121,0,15.872674942016602,17.194602966308594,0,,0,0.7227484583854675,1,,0.8421850800514221,0,
SIHDR_063,SIHDR_063_e13.jpg,57,13,train,5.321928024291992,17.194602966308594,10.844989776611328,6.349613189697266,0,15.872674942016602,17.194602966308594,0,,0,0.711137592792511,1,,0.8421850800514221,0,
SIHDR_063,SIHDR_063_e14.jpg,57,14,train,4.321928024291992,17.194602966308594,10.133301734924316,7.061301231384277,0,15.872674942016602,17.194602966308594,0,,0,0.6992833614349365,1,,0.8421850800514221,0,
SIHDR_064,SIHDR_064_e00.jpg,58,0,train,17.194602966308594,17.194602966308594,15.63342571258545,1.5611772537231445,0,16.28771209716797,17.194602966308594,0,,0,0.8471550345420837,1,,0.8421850800514221,1,
SIHDR_064,SIHDR_064_e01.jpg,58,1,train,16.28771209716797,17.194602966308594,15.48563003540039,1.7089729309082031,0,16.28771209716797,17.194602966308594,0,,0,0.8303090333938599,1,,0.8421850800514221,0,
SIHDR_064,SIHDR_064_e02.jpg,58,2,train,15.872674942016602,17.194602966308594,15.433863639831543,1.7607393264770508,0,16.28771209716797,17.194602966308594,0,,0,0.8275786638259888,1,,0.8421850800514221,0,
SIHDR_064,SIHDR_064_e03.jpg,58,3,train,15.287712097167969,17.194602966308594,15.825943946838379,1.3686590194702148,0,16.28771209716797,17.194602966308594,0,,0,0.8250926733016968,1,,0.8421850800514221,0,
SIHDR_064,SIHDR_064_e04.jpg,58,4,train,14.287712097167969,17.194602966308594,17.028886795043945,0.16571617126464844,0,16.28771209716797,17.194602966308594,1,,0,0.8077741861343384,1,,0.8421850800514221,0,
SIHDR_064,SIHDR_064_e05.jpg,58,5,train,13.287712097167969,17.194602966308594,16.434215545654297,0.7603874206542969,0,16.28771209716797,17.194602966308594,1,,0,0.7963324785232544,1,,0.8421850800514221,0,
SIHDR_064,SIHDR_064_e06.jpg,58,6,train,12.287712097167969,17.194602966308594,15.744805335998535,1.4497976303100586,0,16.28771209716797,17.194602966308594,0,,0,0.7859297394752502,1,,0.8421850800514221,0,
SIHDR_064,SIHDR_064_e07.jpg,58,7,train,11.287712097167969,17.194602966308594,15.065520286560059,2.129082679748535,0,16.28771209716797,17.194602966308594,0,,0,0.7759000658988953,1,,0.8421850800514221,0,
SIHDR_064,SIHDR_064_e08.jpg,58,8,train,10.287712097167969,17.194602966308594,14.379624366760254,2.81497859954834,0,16.28771209716797,17.194602966308594,0,,0,0.7657286524772644,1,,0.8421850800514221,0,
SIHDR_064,SIHDR_064_e09.jpg,58,9,train,9.38082218170166,17.194602966308594,13.73663330078125,3.4579696655273438,0,16.28771209716797,17.194602966308594,0,,0,0.7563509345054626,1,,0.8421850800514221,0,
SIHDR_064,SIHDR_064_e10.jpg,58,10,train,8.38082218170166,17.194602966308594,13.026043891906738,4.1685590744018555,0,16.28771209716797,17.194602966308594,0,,0,0.7455989122390747,1,,0.8421850800514221,0,
SIHDR_064,SIHDR_064_e11.jpg,58,11,train,7.380821704864502,17.194602966308594,12.31446647644043,4.880136489868164,0,16.28771209716797,17.194602966308594,0,,0,0.734596848487854,1,,0.8421850800514221,0,
SIHDR_064,SIHDR_064_e12.jpg,58,12,train,6.321928024291992,17.194602966308594,11.560294151306152,5.634308815002441,0,16.28771209716797,17.194602966308594,0,,0,0.7226505875587463,1,,0.8421850800514221,0,
SIHDR_064,SIHDR_064_e13.jpg,58,13,train,5.321928024291992,17.194602966308594,10.847359657287598,6.347243309020996,0,16.28771209716797,17.194602966308594,0,,0,0.7110831141471863,1,,0.8421850800514221,0,
SIHDR_064,SIHDR_064_e14.jpg,58,14,train,4.321928024291992,17.194602966308594,10.134171485900879,7.060431480407715,0,16.28771209716797,17.194602966308594,0,,0,0.699253499507904,1,,0.8421850800514221,0,
SIHDR_066,SIHDR_066_e00.jpg,59,0,validation,17.194602966308594,17.194602966308594,15.139084815979004,2.05551815032959,0,16.28771209716797,17.194602966308594,0,1,1,0.8915426135063171,1,1,0.8421850800514221,1,1
SIHDR_066,SIHDR_066_e01.jpg,59,1,validation,16.28771209716797,17.194602966308594,15.39629077911377,1.7983121871948242,0,16.28771209716797,17.194602966308594,0,1,1,0.878760576248169,1,1,0.8421850800514221,1,1
SIHDR_066,SIHDR_066_e02.jpg,59,2,validation,15.872674942016602,17.194602966308594,15.25180721282959,1.942795753479004,0,16.28771209716797,17.194602966308594,0,1,1,0.8678425550460815,1,1,0.8421850800514221,1,1
SIHDR_066,SIHDR_066_e03.jpg,59,3,validation,15.287712097167969,17.194602966308594,15.050860404968262,2.143742561340332,0,16.28771209716797,17.194602966308594,0,1,1,0.8535352945327759,1,1,0.8421850800514221,1,1
SIHDR_066,SIHDR_066_e04.jpg,59,4,validation,14.287712097167969,17.194602966308594,15.060015678405762,2.134587287902832,0,16.28771209716797,17.194602966308594,0,1,1,0.8343967199325562,1,1,0.8421850800514221,0,0
SIHDR_066,SIHDR_066_e05.jpg,59,5,validation,13.287712097167969,17.194602966308594,14.887104034423828,2.3074989318847656,0,16.28771209716797,17.194602966308594,0,1,1,0.8172435760498047,1,1,0.8421850800514221,0,0
SIHDR_066,SIHDR_066_e06.jpg,59,6,validation,12.287712097167969,17.194602966308594,14.56113338470459,2.633469581604004,0,16.28771209716797,17.194602966308594,0,1,1,0.8016936182975769,1,1,0.8421850800514221,0,0
SIHDR_066,SIHDR_066_e07.jpg,59,7,validation,11.287712097167969,17.194602966308594,14.284024238586426,2.910578727722168,0,16.28771209716797,17.194602966308594,0,1,1,0.7853805422782898,1,1,0.8421850800514221,0,0
SIHDR_066,SIHDR_066_e08.jpg,59,8,validation,10.287712097167969,17.194602966308594,14.010451316833496,3.1841516494750977,0,16.28771209716797,17.194602966308594,0,1,1,0.7695587277412415,1,1,0.8421850800514221,0,0
SIHDR_066,SIHDR_066_e09.jpg,59,9,validation,9.38082218170166,17.194602966308594,13.55120849609375,3.6433944702148438,0,16.28771209716797,17.194602966308594,0,1,1,0.7584340572357178,1,1,0.8421850800514221,0,0
SIHDR_066,SIHDR_066_e10.jpg,59,10,validation,8.38082218170166,17.194602966308594,12.915850639343262,4.278752326965332,0,16.28771209716797,17.194602966308594,0,1,1,0.7466550469398499,1,1,0.8421850800514221,0,0
SIHDR_066,SIHDR_066_e11.jpg,59,11,validation,7.380821704864502,17.194602966308594,12.247742652893066,4.946860313415527,0,16.28771209716797,17.194602966308594,0,1,1,0.7353463768959045,1,1,0.8421850800514221,0,0
SIHDR_066,SIHDR_066_e12.jpg,59,12,validation,6.321928024291992,17.194602966308594,11.547625541687012,5.646977424621582,0,16.28771209716797,17.194602966308594,0,1,1,0.7229804992675781,1,1,0.8421850800514221,0,0
SIHDR_066,SIHDR_066_e13.jpg,59,13,validation,5.321928024291992,17.194602966308594,10.844402313232422,6.350200653076172,0,16.28771209716797,17.194602966308594,0,1,1,0.7112395167350769,1,1,0.8421850800514221,0,0
SIHDR_066,SIHDR_066_e14.jpg,59,14,validation,4.321928024291992,17.194602966308594,10.132843971252441,7.061758995056152,0,16.28771209716797,17.194602966308594,0,1,1,0.6993313431739807,1,1,0.8421850800514221,0,0
SIHDR_067,SIHDR_067_e00.jpg,60,0,train,17.194602966308594,9.38082218170166,9.969497680664062,0.5886754989624023,1,9.38082218170166,9.38082218170166,0,1,1,0.9323292374610901,1,1,0.8421850800514221,1,1
SIHDR_067,SIHDR_067_e01.jpg,60,1,train,16.28771209716797,9.38082218170166,9.360017776489258,0.020804405212402344,1,9.38082218170166,9.38082218170166,0,1,1,0.9284959435462952,1,1,0.8421850800514221,1,1
SIHDR_067,SIHDR_067_e02.jpg,60,2,train,15.872674942016602,9.38082218170166,9.391881942749023,0.011059761047363281,1,9.38082218170166,9.38082218170166,0,1,1,0.9213417172431946,1,1,0.8421850800514221,1,1
SIHDR_067,SIHDR_067_e03.jpg,60,3,train,15.287712097167969,9.38082218170166,9.83989429473877,0.4590721130371094,1,9.38082218170166,9.38082218170166,0,1,1,0.9065998792648315,1,1,0.8421850800514221,1,1
SIHDR_067,SIHDR_067_e04.jpg,60,4,train,14.287712097167969,9.38082218170166,10.001240730285645,0.6204185485839844,1,9.38082218170166,9.38082218170166,0,1,1,0.8772310614585876,1,1,0.8421850800514221,1,1
SIHDR_067,SIHDR_067_e05.jpg,60,5,train,13.287712097167969,9.38082218170166,9.84406566619873,0.4632434844970703,1,9.38082218170166,9.38082218170166,0,1,1,0.8603137731552124,1,1,0.8421850800514221,1,1
SIHDR_067,SIHDR_067_e06.jpg,60,6,train,12.287712097167969,9.38082218170166,9.415961265563965,0.03513908386230469,1,9.38082218170166,9.38082218170166,0,1,1,0.8481389284133911,1,1,0.8421850800514221,1,1
SIHDR_067,SIHDR_067_e07.jpg,60,7,train,11.287712097167969,9.38082218170166,8.847110748291016,0.5337114334106445,1,9.38082218170166,9.38082218170166,0,1,1,0.8398569822311401,1,1,0.8421850800514221,0,0
SIHDR_067,SIHDR_067_e08.jpg,60,8,train,10.287712097167969,9.38082218170166,9.257440567016602,0.1233816146850586,1,9.38082218170166,9.38082218170166,0,1,1,0.8337410688400269,1,1,0.8421850800514221,0,0
SIHDR_067,SIHDR_067_e09.jpg,60,9,train,9.38082218170166,9.38082218170166,10.040759086608887,0.6599369049072266,1,9.38082218170166,9.38082218170166,0,1,1,0.8092653155326843,1,1,0.8421850800514221,0,0
SIHDR_067,SIHDR_067_e10.jpg,60,10,train,8.38082218170166,9.38082218170166,10.235072135925293,0.8542499542236328,1,9.38082218170166,9.38082218170166,0,1,1,0.7675352692604065,1,1,0.8421850800514221,0,0
SIHDR_067,SIHDR_067_e11.jpg,60,11,train,7.380821704864502,9.38082218170166,10.127394676208496,0.7465724945068359,1,9.38082218170166,9.38082218170166,0,1,1,0.7410642504692078,1,1,0.8421850800514221,0,0
SIHDR_067,SIHDR_067_e12.jpg,60,12,train,6.321928024291992,9.38082218170166,9.74271011352539,0.36188793182373047,1,9.38082218170166,9.38082218170166,0,1,1,0.7166265249252319,1,1,0.8421850800514221,0,0
SIHDR_067,SIHDR_067_e13.jpg,60,13,train,5.321928024291992,9.38082218170166,9.140955924987793,0.2398662567138672,1,9.38082218170166,9.38082218170166,0,1,1,0.7187258005142212,1,1,0.8421850800514221,0,0
SIHDR_067,SIHDR_067_e14.jpg,60,14,train,4.321928024291992,9.38082218170166,10.004046440124512,0.6232242584228516,1,9.38082218170166,9.38082218170166,0,1,1,0.6998810172080994,1,1,0.8421850800514221,0,0
SIHDR_068,SIHDR_068_e00.jpg,61,0,train,17.194602966308594,9.38082218170166,9.969497680664062,0.5886754989624023,1,9.38082218170166,9.38082218170166,0,1,1,0.9323292374610901,1,1,0.8421850800514221,1,1
SIHDR_068,SIHDR_068_e01.jpg,61,1,train,16.28771209716797,9.38082218170166,9.354926109313965,0.025896072387695312,1,9.38082218170166,9.38082218170166,0,1,1,0.928650975227356,1,1,0.8421850800514221,1,1
SIHDR_068,SIHDR_068_e02.jpg,61,2,train,15.872674942016602,9.38082218170166,9.291665077209473,0.0891571044921875,1,9.38082218170166,9.38082218170166,0,1,1,0.9233895540237427,1,1,0.8421850800514221,1,1
SIHDR_068,SIHDR_068_e03.jpg,61,3,train,15.287712097167969,9.38082218170166,9.458066940307617,0.07724475860595703,1,9.38082218170166,9.38082218170166,0,1,1,0.913189172744751,1,1,0.8421850800514221,1,1
SIHDR_068,SIHDR_068_e04.jpg,61,4,train,14.287712097167969,9.38082218170166,9.734687805175781,0.3538656234741211,1,9.38082218170166,9.38082218170166,0,1,1,0.8893373608589172,1,1,0.8421850800514221,1,1
SIHDR_068,SIHDR_068_e05.jpg,61,5,train,13.287712097167969,9.38082218170166,10.109037399291992,0.728215217590332,1,9.38082218170166,9.38082218170166,0,1,1,0.8776283860206604,1,1,0.8421850800514221,1,1
SIHDR_068,SIHDR_068_e06.jpg,61,6,train,12.287712097167969,9.38082218170166,10.258219718933105,0.8773975372314453,1,9.38082218170166,9.38082218170166,0,1,1,0.8640343546867371,1,1,0.8421850800514221,1,1
SIHDR_068,SIHDR_068_e07.jpg,61,7,train,11.287712097167969,9.38082218170166,10.13399887084961,0.7531766891479492,1,9.38082218170166,9.38082218170166,0,1,1,0.8546490669250488,1,1,0.8421850800514221,1,1
SIHDR_068,SIHDR_068_e08.jpg,61,8,train,10.287712097167969,9.38082218170166,10.27120304107666,0.890380859375,1,9.38082218170166,9.38082218170166,0,1,1,0.8464246988296509,1,1,0.8421850800514221,1,1
SIHDR_068,SIHDR_068_e09.jpg,61,9,train,9.38082218170166,9.38082218170166,10.35844612121582,0.9776239395141602,1,9.38082218170166,9.38082218170166,0,1,1,0.8368032574653625,1,1,0.8421850800514221,0,0
SIHDR_068,SIHDR_068_e10.jpg,61,10,train,8.38082218170166,9.38082218170166,10.750216484069824,1.369394302368164,1,9.38082218170166,9.38082218170166,0,1,1,0.7914958000183105,1,1,0.8421850800514221,0,0
SIHDR_068,SIHDR_068_e11.jpg,61,11,train,7.380821704864502,9.38082218170166,10.610838890075684,1.2300167083740234,1,9.38082218170166,9.38082218170166,0,1,1,0.754952073097229,1,1,0.8421850800514221,0,0
SIHDR_068,SIHDR_068_e12.jpg,61,12,train,6.321928024291992,9.38082218170166,10.136736869812012,0.7559146881103516,1,9.38082218170166,9.38082218170166,0,1,1,0.7251339554786682,1,1,0.8421850800514221,0,0
SIHDR_068,SIHDR_068_e13.jpg,61,13,train,5.321928024291992,9.38082218170166,9.446211814880371,0.06538963317871094,1,9.38082218170166,9.38082218170166,0,1,1,0.7195125222206116,1,1,0.8421850800514221,0,0
SIHDR_068,SIHDR_068_e14.jpg,61,14,train,4.321928024291992,9.38082218170166,9.90539836883545,0.5245761871337891,1,9.38082218170166,9.38082218170166,0,1,1,0.7019210457801819,1,1,0.8421850800514221,0,0
SIHDR_069,SIHDR_069_e00.jpg,62,0,train,17.194602966308594,12.287712097167969,10.159087181091309,2.12862491607666,1,10.287712097167969,12.287712097167969,0,1,1,0.9319237470626831,1,1,0.8421850800514221,1,1
SIHDR_069,SIHDR_069_e01.jpg,62,1,train,16.28771209716797,12.287712097167969,9.920624732971191,2.3670873641967773,1,10.287712097167969,12.287712097167969,0,1,1,0.9274804592132568,1,1,0.8421850800514221,1,1
SIHDR_069,SIHDR_069_e02.jpg,62,2,train,15.872674942016602,12.287712097167969,10.104875564575195,2.1828365325927734,1,10.287712097167969,12.287712097167969,0,1,1,0.9240583181381226,1,1,0.8421850800514221,1,1
SIHDR_069,SIHDR_069_e03.jpg,62,3,train,15.287712097167969,12.287712097167969,10.534350395202637,1.753361701965332,1,10.287712097167969,12.287712097167969,1,1,1,0.9168205261230469,1,1,0.8421850800514221,1,1
SIHDR_069,SIHDR_069_e04.jpg,62,4,train,14.287712097167969,12.287712097167969,11.07923698425293,1.208475112915039,1,10.287712097167969,12.287712097167969,1,1,1,0.8857423663139343,1,1,0.8421850800514221,1,1
SIHDR_069,SIHDR_069_e05.jpg,62,5,train,13.287712097167969,12.287712097167969,11.464035034179688,0.8236770629882812,1,10.287712097167969,12.287712097167969,1,1,1,0.861807644367218,1,1,0.8421850800514221,1,1
SIHDR_069,SIHDR_069_e06.jpg,62,6,train,12.287712097167969,12.287712097167969,11.238722801208496,1.0489892959594727,1,10.287712097167969,12.287712097167969,1,1,1,0.8291224241256714,1,1,0.8421850800514221,0,0
SIHDR_069,SIHDR_069_e07.jpg,62,7,train,11.287712097167969,12.287712097167969,11.002018928527832,1.2856931686401367,1,10.287712097167969,12.287712097167969,1,1,1,0.8172780275344849,1,1,0.8421850800514221,0,0
SIHDR_069,SIHDR_069_e08.jpg,62,8,train,10.287712097167969,12.287712097167969,11.744989395141602,0.5427227020263672,1,10.287712097167969,12.287712097167969,1,1,1,0.8016662001609802,1,1,0.8421850800514221,0,0
SIHDR_069,SIHDR_069_e09.jpg,62,9,train,9.38082218170166,12.287712097167969,11.94101619720459,0.3466958999633789,1,10.287712097167969,12.287712097167969,1,1,1,0.78802889585495,1,1,0.8421850800514221,0,0
SIHDR_069,SIHDR_069_e10.jpg,62,10,train,8.38082218170166,12.287712097167969,12.207337379455566,0.08037471771240234,1,10.287712097167969,12.287712097167969,1,1,1,0.7616618275642395,1,1,0.8421850800514221,0,0
SIHDR_069,SIHDR_069_e11.jpg,62,11,train,7.380821704864502,12.287712097167969,11.781578063964844,0.506134033203125,1,10.287712097167969,12.287712097167969,1,1,1,0.7438064813613892,1,1,0.8421850800514221,0,0
SIHDR_069,SIHDR_069_e12.jpg,62,12,train,6.321928024291992,12.287712097167969,11.16054630279541,1.1271657943725586,1,10.287712097167969,12.287712097167969,1,1,1,0.7265642285346985,1,1,0.8421850800514221,0,0
SIHDR_069,SIHDR_069_e13.jpg,62,13,train,5.321928024291992,12.287712097167969,10.509203910827637,1.778508186340332,1,10.287712097167969,12.287712097167969,1,1,1,0.7153494358062744,1,1,0.8421850800514221,0,0
SIHDR_069,SIHDR_069_e14.jpg,62,14,train,4.321928024291992,12.287712097167969,10.0890474319458,2.198664665222168,1,10.287712097167969,12.287712097167969,0,1,1,0.7012239694595337,1,1,0.8421850800514221,0,0
SIHDR_070,SIHDR_070_e00.jpg,63,0,validation,17.194602966308594,12.287712097167969,10.106551170349121,2.1811609268188477,1,10.287712097167969,12.287712097167969,0,1,1,0.932334840297699,1,1,0.8421850800514221,1,1
SIHDR_070,SIHDR_070_e01.jpg,63,1,validation,16.28771209716797,12.287712097167969,9.78208065032959,2.505631446838379,1,10.287712097167969,12.287712097167969,0,1,1,0.9263729453086853,1,1,0.8421850800514221,1,1
SIHDR_070,SIHDR_070_e02.jpg,63,2,validation,15.872674942016602,12.287712097167969,9.8903226852417,2.3973894119262695,1,10.287712097167969,12.287712097167969,0,1,1,0.920208752155304,1,1,0.8421850800514221,1,1
SIHDR_070,SIHDR_070_e03.jpg,63,3,validation,15.287712097167969,12.287712097167969,10.250201225280762,2.037510871887207,1,10.287712097167969,12.287712097167969,0,1,1,0.9087076187133789,1,1,0.8421850800514221,1,1
SIHDR_070,SIHDR_070_e04.jpg,63,4,validation,14.287712097167969,12.287712097167969,11.176323890686035,1.1113882064819336,1,10.287712097167969,12.287712097167969,1,1,1,0.8805253505706787,1,1,0.8421850800514221,1,1
SIHDR_070,SIHDR_070_e05.jpg,63,5,validation,13.287712097167969,12.287712097167969,11.756241798400879,0.5314702987670898,1,10.287712097167969,12.287712097167969,1,1,1,0.8478335738182068,1,1,0.8421850800514221,1,1
SIHDR_070,SIHDR_070_e06.jpg,63,6,validation,12.287712097167969,12.287712097167969,11.829562187194824,0.45814990997314453,1,10.287712097167969,12.287712097167969,1,1,1,0.817436933517456,1,1,0.8421850800514221,0,0
SIHDR_070,SIHDR_070_e07.jpg,63,7,validation,11.287712097167969,12.287712097167969,11.811583518981934,0.47612857818603516,1,10.287712097167969,12.287712097167969,1,1,1,0.7955484986305237,1,1,0.8421850800514221,0,0
SIHDR_070,SIHDR_070_e08.jpg,63,8,validation,10.287712097167969,12.287712097167969,12.091029167175293,0.19668292999267578,1,10.287712097167969,12.287712097167969,1,1,1,0.7809975743293762,1,1,0.8421850800514221,0,0
SIHDR_070,SIHDR_070_e09.jpg,63,9,validation,9.38082218170166,12.287712097167969,12.566709518432617,0.27899742126464844,1,10.287712097167969,12.287712097167969,0,1,1,0.7702468037605286,1,1,0.8421850800514221,0,0
SIHDR_070,SIHDR_070_e10.jpg,63,10,validation,8.38082218170166,12.287712097167969,12.593912124633789,0.3062000274658203,1,10.287712097167969,12.287712097167969,0,1,1,0.7519296407699585,1,1,0.8421850800514221,0,0
SIHDR_070,SIHDR_070_e11.jpg,63,11,validation,7.380821704864502,12.287712097167969,12.030755043029785,0.2569570541381836,1,10.287712097167969,12.287712097167969,1,1,1,0.7376062273979187,1,1,0.8421850800514221,0,0
SIHDR_070,SIHDR_070_e12.jpg,63,12,validation,6.321928024291992,12.287712097167969,11.341687202453613,0.9460248947143555,1,10.287712097167969,12.287712097167969,1,1,1,0.72380530834198,1,1,0.8421850800514221,0,0
SIHDR_070,SIHDR_070_e13.jpg,63,13,validation,5.321928024291992,12.287712097167969,10.70229434967041,1.5854177474975586,1,10.287712097167969,12.287712097167969,1,1,1,0.7125356793403625,1,1,0.8421850800514221,0,0
SIHDR_070,SIHDR_070_e14.jpg,63,14,validation,4.321928024291992,12.287712097167969,10.12415885925293,2.163553237915039,1,10.287712097167969,12.287712097167969,0,1,1,0.699810266494751,1,1,0.8421850800514221,0,0
SIHDR_071,SIHDR_071_e00.jpg,64,0,train,17.194602966308594,11.287712097167969,10.513676643371582,0.7740354537963867,1,10.287712097167969,11.287712097167969,1,1,1,0.9308757185935974,1,1,0.8421850800514221,1,1
SIHDR_071,SIHDR_071_e01.jpg,64,1,train,16.28771209716797,11.287712097167969,10.653244972229004,0.6344671249389648,1,10.287712097167969,11.287712097167969,1,1,1,0.9189348816871643,1,1,0.8421850800514221,1,1
SIHDR_071,SIHDR_071_e02.jpg,64,2,train,15.872674942016602,11.287712097167969,10.73205852508545,0.5556535720825195,1,10.287712097167969,11.287712097167969,1,1,1,0.9104885458946228,1,1,0.8421850800514221,1,1
SIHDR_071,SIHDR_071_e03.jpg,64,3,train,15.287712097167969,11.287712097167969,10.783112525939941,0.5045995712280273,1,10.287712097167969,11.287712097167969,1,1,1,0.8955555558204651,1,1,0.8421850800514221,1,1
SIHDR_071,SIHDR_071_e04.jpg,64,4,train,14.287712097167969,11.287712097167969,10.880165100097656,0.4075469970703125,1,10.287712097167969,11.287712097167969,1,1,1,0.875933825969696,1,1,0.8421850800514221,1,1
SIHDR_071,SIHDR_071_e05.jpg,64,5,train,13.287712097167969,11.287712097167969,11.212576866149902,0.0751352310180664,1,10.287712097167969,11.287712097167969,1,1,1,0.8567702174186707,1,1,0.8421850800514221,1,1
SIHDR_071,SIHDR_071_e06.jpg,64,6,train,12.287712097167969,11.287712097167969,11.375975608825684,0.08826351165771484,1,10.287712097167969,11.287712097167969,0,1,1,0.8355888724327087,1,1,0.8421850800514221,0,0
SIHDR_071,SIHDR_071_e07.jpg,64,7,train,11.287712097167969,11.287712097167969,11.788736343383789,0.5010242462158203,1,10.287712097167969,11.287712097167969,0,1,1,0.8146135807037354,1,1,0.8421850800514221,0,0
SIHDR_071,SIHDR_071_e08.jpg,64,8,train,10.287712097167969,11.287712097167969,11.6923189163208,0.40460681915283203,1,10.287712097167969,11.287712097167969,0,1,1,0.7946200370788574,1,1,0.8421850800514221,0,0
SIHDR_071,SIHDR_071_e09.jpg,64,9,train,9.38082218170166,11.287712097167969,11.638847351074219,0.35113525390625,1,10.287712097167969,11.287712097167969,0,1,1,0.7768882513046265,1,1,0.8421850800514221,0,0
SIHDR_071,SIHDR_071_e10.jpg,64,10,train,8.38082218170166,11.287712097167969,11.542712211608887,0.25500011444091797,1,10.287712097167969,11.287712097167969,0,1,1,0.7505114674568176,1,1,0.8421850800514221,0,0
SIHDR_071,SIHDR_071_e11.jpg,64,11,train,7.380821704864502,11.287712097167969,11.119391441345215,0.1683206558227539,1,10.287712097167969,11.287712097167969,1,1,1,0.7307660579681396,1,1,0.8421850800514221,0,0
SIHDR_071,SIHDR_071_e12.jpg,64,12,train,6.321928024291992,11.287712097167969,10.769638061523438,0.5180740356445312,1,10.287712097167969,11.287712097167969,1,1,1,0.7197567820549011,1,1,0.8421850800514221,0,0
SIHDR_071,SIHDR_071_e13.jpg,64,13,train,5.321928024291992,11.287712097167969,10.324016571044922,0.9636955261230469,1,10.287712097167969,11.287712097167969,1,1,1,0.7095751762390137,1,1,0.8421850800514221,0,0
SIHDR_071,SIHDR_071_e14.jpg,64,14,train,4.321928024291992,11.287712097167969,9.836164474487305,1.451547622680664,1,10.287712097167969,11.287712097167969,0,1,1,0.6990634799003601,1,1,0.8421850800514221,0,0
SIHDR_072,SIHDR_072_e00.jpg,65,0,train,17.194602966308594,9.38082218170166,9.971217155456543,0.5903949737548828,1,8.38082218170166,9.38082218170166,0,1,1,0.9323420524597168,1,1,0.8421850800514221,1,1
SIHDR_072,SIHDR_072_e01.jpg,65,1,train,16.28771209716797,9.38082218170166,9.386700630187988,0.005878448486328125,1,8.38082218170166,9.38082218170166,0,1,1,0.9294868111610413,1,1,0.8421850800514221,1,1
SIHDR_072,SIHDR_072_e02.jpg,65,2,train,15.872674942016602,9.38082218170166,9.27746295928955,0.10335922241210938,1,8.38082218170166,9.38082218170166,1,1,1,0.9268553256988525,1,1,0.8421850800514221,1,1
SIHDR_072,SIHDR_072_e03.jpg,65,3,train,15.287712097167969,9.38082218170166,9.25864315032959,0.12217903137207031,1,8.38082218170166,9.38082218170166,1,1,1,0.9201623797416687,1,1,0.8421850800514221,1,1
SIHDR_072,SIHDR_072_e04.jpg,65,4,train,14.287712097167969,9.38082218170166,9.28925895690918,0.09156322479248047,1,8.38082218170166,9.38082218170166,1,1,1,0.9046146273612976,1,1,0.8421850800514221,1,1
SIHDR_072,SIHDR_072_e05.jpg,65,5,train,13.287712097167969,9.38082218170166,9.52564525604248,0.1448230743408203,1,8.38082218170166,9.38082218170166,0,1,1,0.8919007182121277,1,1,0.8421850800514221,1,1
SIHDR_072,SIHDR_072_e06.jpg,65,6,train,12.287712097167969,9.38082218170166,9.484378814697266,0.10355663299560547,1,8.38082218170166,9.38082218170166,0,1,1,0.8812261819839478,1,1,0.8421850800514221,1,1
SIHDR_072,SIHDR_072_e07.jpg,65,7,train,11.287712097167969,9.38082218170166,9.439925193786621,0.05910301208496094,1,8.38082218170166,9.38082218170166,0,1,1,0.8647199869155884,1,1,0.8421850800514221,1,1
SIHDR_072,SIHDR_072_e08.jpg,65,8,train,10.287712097167969,9.38082218170166,9.7747163772583,0.3938941955566406,1,8.38082218170166,9.38082218170166,0,1,1,0.8425674438476562,1,1,0.8421850800514221,1,1
SIHDR_072,SIHDR_072_e09.jpg,65,9,train,9.38082218170166,9.38082218170166,10.162177085876465,0.7813549041748047,1,8.38082218170166,9.38082218170166,0,1,1,0.8168711066246033,1,1,0.8421850800514221,0,0
SIHDR_072,SIHDR_072_e10.jpg,65,10,train,8.38082218170166,9.38082218170166,10.276806831359863,0.8959846496582031,1,8.38082218170166,9.38082218170166,0,1,1,0.7847287058830261,1,1,0.8421850800514221,0,0
SIHDR_072,SIHDR_072_e11.jpg,65,11,train,7.380821704864502,9.38082218170166,10.116992950439453,0.736170768737793,1,8.38082218170166,9.38082218170166,0,1,1,0.7584338784217834,1,1,0.8421850800514221,0,0
SIHDR_072,SIHDR_072_e12.jpg,65,12,train,6.321928024291992,9.38082218170166,10.070404052734375,0.6895818710327148,1,8.38082218170166,9.38082218170166,0,1,1,0.7363085150718689,1,1,0.8421850800514221,0,0
SIHDR_072,SIHDR_072_e13.jpg,65,13,train,5.321928024291992,9.38082218170166,9.991743087768555,0.6109209060668945,1,8.38082218170166,9.38082218170166,0,1,1,0.7200855612754822,1,1,0.8421850800514221,0,0
SIHDR_072,SIHDR_072_e14.jpg,65,14,train,4.321928024291992,9.38082218170166,9.716557502746582,0.3357353210449219,1,8.38082218170166,9.38082218170166,0,1,1,0.7045873999595642,1,1,0.8421850800514221,0,0
SIHDR_073,SIHDR_073_e00.jpg,66,0,train,17.194602966308594,11.287712097167969,10.052224159240723,1.235487937927246,1,10.287712097167969,11.287712097167969,0,1,1,0.9315077066421509,1,1,0.8421850800514221,1,1
SIHDR_073,SIHDR_073_e01.jpg,66,1,train,16.28771209716797,11.287712097167969,9.800753593444824,1.4869585037231445,1,10.287712097167969,11.287712097167969,0,1,1,0.9232604503631592,1,1,0.8421850800514221,1,1
SIHDR_073,SIHDR_073_e02.jpg,66,2,train,15.872674942016602,11.287712097167969,9.80075454711914,1.4869575500488281,1,10.287712097167969,11.287712097167969,0,1,1,0.9172312617301941,1,1,0.8421850800514221,1,1
SIHDR_073,SIHDR_073_e03.jpg,66,3,train,15.287712097167969,11.287712097167969,9.9056396484375,1.3820724487304688,1,10.287712097167969,11.287712097167969,0,1,1,0.9049221873283386,1,1,0.8421850800514221,1,1
SIHDR_073,SIHDR_073_e04.jpg,66,4,train,14.287712097167969,11.287712097167969,10.434004783630371,0.8537073135375977,1,10.287712097167969,11.287712097167969,1,1,1,0.8834613561630249,1,1,0.8421850800514221,1,1
SIHDR_073,SIHDR_073_e05.jpg,66,5,train,13.287712097167969,11.287712097167969,10.99972915649414,0.2879829406738281,1,10.287712097167969,11.287712097167969,1,1,1,0.8616403937339783,1,1,0.8421850800514221,1,1
SIHDR_073,SIHDR_073_e06.jpg,66,6,train,12.287712097167969,11.287712097167969,11.305922508239746,0.018210411071777344,1,10.287712097167969,11.287712097167969,0,1,1,0.8433956503868103,1,1,0.8421850800514221,1,1
SIHDR_073,SIHDR_073_e07.jpg,66,7,train,11.287712097167969,11.287712097167969,11.547266960144043,0.2595548629760742,1,10.287712097167969,11.287712097167969,0,1,1,0.8282507658004761,1,1,0.8421850800514221,0,0
SIHDR_073,SIHDR_073_e08.jpg,66,8,train,10.287712097167969,11.287712097167969,11.753872871398926,0.46616077423095703,1,10.287712097167969,11.287712097167969,0,1,1,0.8112725019454956,1,1,0.8421850800514221,0,0
SIHDR_073,SIHDR_073_e09.jpg,66,9,train,9.38082218170166,11.287712097167969,11.705845832824707,0.4181337356567383,1,10.287712097167969,11.287712097167969,0,1,1,0.8003034591674805,1,1,0.8421850800514221,0,0
SIHDR_073,SIHDR_073_e10.jpg,66,10,train,8.38082218170166,11.287712097167969,11.926962852478027,0.6392507553100586,1,10.287712097167969,11.287712097167969,0,1,1,0.7735992670059204,1,1,0.8421850800514221,0,0
SIHDR_073,SIHDR_073_e11.jpg,66,11,train,7.380821704864502,11.287712097167969,11.53223991394043,0.24452781677246094,1,10.287712097167969,11.287712097167969,0,1,1,0.7523019313812256,1,1,0.8421850800514221,0,0
SIHDR_073,SIHDR_073_e12.jpg,66,12,train,6.321928024291992,11.287712097167969,10.982200622558594,0.305511474609375,1,10.287712097167969,11.287712097167969,1,1,1,0.7306757569313049,1,1,0.8421850800514221,0,0
SIHDR_073,SIHDR_073_e13.jpg,66,13,train,5.321928024291992,11.287712097167969,10.442526817321777,0.8451852798461914,1,10.287712097167969,11.287712097167969,1,1,1,0.7146788239479065,1,1,0.8421850800514221,0,0
SIHDR_073,SIHDR_073_e14.jpg,66,14,train,4.321928024291992,11.287712097167969,9.883212089538574,1.4045000076293945,1,10.287712097167969,11.287712097167969,0,1,1,0.701626181602478,1,1,0.8421850800514221,0,0
SIHDR_074,SIHDR_074_e00.jpg,67,0,train,17.194602966308594,13.287712097167969,9.972392082214355,3.3153200149536133,1,10.287712097167969,13.287712097167969,0,1,1,0.932299792766571,1,1,0.8421850800514221,1,1
SIHDR_074,SIHDR_074_e01.jpg,67,1,train,16.28771209716797,13.287712097167969,9.735159873962402,3.5525522232055664,1,10.287712097167969,13.287712097167969,0,1,1,0.926824688911438,1,1,0.8421850800514221,1,1
SIHDR_074,SIHDR_074_e02.jpg,67,2,train,15.872674942016602,13.287712097167969,9.852031707763672,3.435680389404297,1,10.287712097167969,13.287712097167969,0,1,1,0.921321451663971,1,1,0.8421850800514221,1,1
SIHDR_074,SIHDR_074_e03.jpg,67,3,train,15.287712097167969,13.287712097167969,10.16970443725586,3.1180076599121094,1,10.287712097167969,13.287712097167969,0,1,1,0.9167888760566711,1,1,0.8421850800514221,1,1
SIHDR_074,SIHDR_074_e04.jpg,67,4,train,14.287712097167969,13.287712097167969,10.913471221923828,2.3742408752441406,1,10.287712097167969,13.287712097167969,1,1,1,0.8941315412521362,1,1,0.8421850800514221,1,1
SIHDR_074,SIHDR_074_e05.jpg,67,5,train,13.287712097167969,13.287712097167969,11.558001518249512,1.729710578918457,1,10.287712097167969,13.287712097167969,1,1,1,0.8578972220420837,1,1,0.8421850800514221,1,1
SIHDR_074,SIHDR_074_e06.jpg,67,6,train,12.287712097167969,13.287712097167969,11.488482475280762,1.799229621887207,1,10.287712097167969,13.287712097167969,1,1,1,0.8290799856185913,1,1,0.8421850800514221,0,0
SIHDR_074,SIHDR_074_e07.jpg,67,7,train,11.287712097167969,13.287712097167969,11.557709693908691,1.7300024032592773,1,10.287712097167969,13.287712097167969,1,1,1,0.8069626688957214,1,1,0.8421850800514221,0,0
SIHDR_074,SIHDR_074_e08.jpg,67,8,train,10.287712097167969,13.287712097167969,12.064431190490723,1.223280906677246,1,10.287712097167969,13.287712097167969,1,1,1,0.7937339544296265,1,1,0.8421850800514221,0,0
SIHDR_074,SIHDR_074_e09.jpg,67,9,train,9.38082218170166,13.287712097167969,12.769695281982422,0.5180168151855469,1,10.287712097167969,13.287712097167969,1,1,1,0.7787091135978699,1,1,0.8421850800514221,0,0
SIHDR_074,SIHDR_074_e10.jpg,67,10,train,8.38082218170166,13.287712097167969,12.645794868469238,0.6419172286987305,1,10.287712097167969,13.287712097167969,1,1,1,0.7638363838195801,1,1,0.8421850800514221,0,0
SIHDR_074,SIHDR_074_e11.jpg,67,11,train,7.380821704864502,13.287712097167969,11.99924087524414,1.2884712219238281,1,10.287712097167969,13.287712097167969,1,1,1,0.7437238693237305,1,1,0.8421850800514221,0,0
SIHDR_074,SIHDR_074_e12.jpg,67,12,train,6.321928024291992,13.287712097167969,11.231188774108887,2.056523323059082,1,10.287712097167969,13.287712097167969,1,1,1,0.7234991788864136,1,1,0.8421850800514221,0,0
SIHDR_074,SIHDR_074_e13.jpg,67,13,train,5.321928024291992,13.287712097167969,10.559660911560059,2.72805118560791,1,10.287712097167969,13.287712097167969,1,1,1,0.7116011381149292,1,1,0.8421850800514221,0,0
SIHDR_074,SIHDR_074_e14.jpg,67,14,train,4.321928024291992,13.287712097167969,9.827628135681152,3.4600839614868164,1,10.287712097167969,13.287712097167969,0,1,1,0.6987884044647217,1,1,0.8421850800514221,0,0
SIHDR_075,SIHDR_075_e00.jpg,68,0,validation,17.194602966308594,9.38082218170166,9.969497680664062,0.5886754989624023,1,9.38082218170166,9.38082218170166,0,1,1,0.9323292374610901,1,1,0.8421850800514221,1,1
SIHDR_075,SIHDR_075_e01.jpg,68,1,validation,16.28771209716797,9.38082218170166,9.458800315856934,0.07797813415527344,1,9.38082218170166,9.38082218170166,0,1,1,0.9313758611679077,1,1,0.8421850800514221,1,1
SIHDR_075,SIHDR_075_e02.jpg,68,2,validation,15.872674942016602,9.38082218170166,9.303985595703125,0.07683658599853516,1,9.38082218170166,9.38082218170166,0,1,1,0.9315930604934692,1,1,0.8421850800514221,1,1
SIHDR_075,SIHDR_075_e03.jpg,68,3,validation,15.287712097167969,9.38082218170166,9.568455696105957,0.18763351440429688,1,9.38082218170166,9.38082218170166,0,1,1,0.9328914880752563,1,1,0.8421850800514221,1,1
SIHDR_075,SIHDR_075_e04.jpg,68,4,validation,14.287712097167969,9.38082218170166,10.608780860900879,1.2279586791992188,1,9.38082218170166,9.38082218170166,0,1,1,0.9234025478363037,1,1,0.8421850800514221,1,1
SIHDR_075,SIHDR_075_e05.jpg,68,5,validation,13.287712097167969,9.38082218170166,11.029974937438965,1.6491527557373047,1,9.38082218170166,9.38082218170166,0,1,1,0.8984383940696716,1,1,0.8421850800514221,1,1
SIHDR_075,SIHDR_075_e06.jpg,68,6,validation,12.287712097167969,9.38082218170166,10.995603561401367,1.614781379699707,1,9.38082218170166,9.38082218170166,0,1,1,0.8722479939460754,1,1,0.8421850800514221,1,1
SIHDR_075,SIHDR_075_e07.jpg,68,7,validation,11.287712097167969,9.38082218170166,10.697613716125488,1.3167915344238281,1,9.38082218170166,9.38082218170166,0,1,1,0.8418427109718323,1,1,0.8421850800514221,0,0
SIHDR_075,SIHDR_075_e08.jpg,68,8,validation,10.287712097167969,9.38082218170166,10.726664543151855,1.3458423614501953,1,9.38082218170166,9.38082218170166,0,1,1,0.81928551197052,1,1,0.8421850800514221,0,0
SIHDR_075,SIHDR_075_e09.jpg,68,9,validation,9.38082218170166,9.38082218170166,11.166548728942871,1.785726547241211,1,9.38082218170166,9.38082218170166,0,1,1,0.7997583746910095,1,1,0.8421850800514221,0,0
SIHDR_075,SIHDR_075_e10.jpg,68,10,validation,8.38082218170166,9.38082218170166,11.223832130432129,1.8430099487304688,1,9.38082218170166,9.38082218170166,0,1,1,0.7812743186950684,1,1,0.8421850800514221,0,0
SIHDR_075,SIHDR_075_e11.jpg,68,11,validation,7.380821704864502,9.38082218170166,11.048737525939941,1.6679153442382812,1,9.38082218170166,9.38082218170166,0,1,1,0.7594168186187744,1,1,0.8421850800514221,0,0
SIHDR_075,SIHDR_075_e12.jpg,68,12,validation,6.321928024291992,9.38082218170166,10.757518768310547,1.3766965866088867,1,9.38082218170166,9.38082218170166,0,1,1,0.7346044182777405,1,1,0.8421850800514221,0,0
SIHDR_075,SIHDR_075_e13.jpg,68,13,validation,5.321928024291992,9.38082218170166,10.301377296447754,0.9205551147460938,1,9.38082218170166,9.38082218170166,0,1,1,0.717369019985199,1,1,0.8421850800514221,0,0
SIHDR_075,SIHDR_075_e14.jpg,68,14,validation,4.321928024291992,9.38082218170166,9.750657081604004,0.36983489990234375,1,9.38082218170166,9.38082218170166,0,1,1,0.702236533164978,1,1,0.8421850800514221,0,0
SIHDR_076,SIHDR_076_e00.jpg,69,0,train,17.194602966308594,17.194602966308594,14.149516105651855,3.0450868606567383,0,15.287712097167969,17.194602966308594,0,1,1,0.8922512531280518,1,1,0.8421850800514221,1,1
SIHDR_076,SIHDR_076_e01.jpg,69,1,train,16.28771209716797,17.194602966308594,14.034489631652832,3.1601133346557617,0,15.287712097167969,17.194602966308594,0,1,1,0.8721503615379333,1,1,0.8421850800514221,1,1
SIHDR_076,SIHDR_076_e02.jpg,69,2,train,15.872674942016602,17.194602966308594,13.962459564208984,3.2321434020996094,0,15.287712097167969,17.194602966308594,0,1,1,0.8650367259979248,1,1,0.8421850800514221,1,1
SIHDR_076,SIHDR_076_e03.jpg,69,3,train,15.287712097167969,17.194602966308594,13.914288520812988,3.2803144454956055,0,15.287712097167969,17.194602966308594,0,1,1,0.8572343587875366,1,1,0.8421850800514221,1,1
SIHDR_076,SIHDR_076_e04.jpg,69,4,train,14.287712097167969,17.194602966308594,13.880993843078613,3.3136091232299805,0,15.287712097167969,17.194602966308594,0,1,1,0.8484437465667725,1,1,0.8421850800514221,1,1
SIHDR_076,SIHDR_076_e05.jpg,69,5,train,13.287712097167969,17.194602966308594,14.270127296447754,2.92447566986084,0,15.287712097167969,17.194602966308594,0,1,1,0.8425014019012451,1,1,0.8421850800514221,1,1
SIHDR_076,SIHDR_076_e06.jpg,69,6,train,12.287712097167969,17.194602966308594,14.750324249267578,2.4442787170410156,0,15.287712097167969,17.194602966308594,0,1,1,0.8219007253646851,1,1,0.8421850800514221,0,0
SIHDR_076,SIHDR_076_e07.jpg,69,7,train,11.287712097167969,17.194602966308594,14.422316551208496,2.7722864151000977,0,15.287712097167969,17.194602966308594,0,1,1,0.794738233089447,1,1,0.8421850800514221,0,0
SIHDR_076,SIHDR_076_e08.jpg,69,8,train,10.287712097167969,17.194602966308594,13.911744117736816,3.2828588485717773,0,15.287712097167969,17.194602966308594,0,1,1,0.7766019701957703,1,1,0.8421850800514221,0,0
SIHDR_076,SIHDR_076_e09.jpg,69,9,train,9.38082218170166,17.194602966308594,13.336592674255371,3.8580102920532227,0,15.287712097167969,17.194602966308594,0,1,1,0.7601937651634216,1,1,0.8421850800514221,0,0
SIHDR_076,SIHDR_076_e10.jpg,69,10,train,8.38082218170166,17.194602966308594,12.688608169555664,4.50599479675293,0,15.287712097167969,17.194602966308594,0,1,1,0.7496035695075989,1,1,0.8421850800514221,0,0
SIHDR_076,SIHDR_076_e11.jpg,69,11,train,7.380821704864502,17.194602966308594,12.292835235595703,4.901767730712891,0,15.287712097167969,17.194602966308594,0,1,1,0.7360419034957886,1,1,0.8421850800514221,0,0
SIHDR_076,SIHDR_076_e12.jpg,69,12,train,6.321928024291992,17.194602966308594,11.550431251525879,5.644171714782715,0,15.287712097167969,17.194602966308594,0,1,1,0.7233555316925049,1,1,0.8421850800514221,0,0
SIHDR_076,SIHDR_076_e13.jpg,69,13,train,5.321928024291992,17.194602966308594,10.842741012573242,6.351861953735352,0,15.287712097167969,17.194602966308594,0,1,1,0.7114439606666565,1,1,0.8421850800514221,0,0
SIHDR_076,SIHDR_076_e14.jpg,69,14,train,4.321928024291992,17.194602966308594,10.13187313079834,7.062729835510254,0,15.287712097167969,17.194602966308594,0,1,1,0.6994509100914001,1,1,0.8421850800514221,0,0
SIHDR_077,SIHDR_077_e00.jpg,70,0,train,17.194602966308594,11.287712097167969,10.562092781066895,0.7256193161010742,1,11.287712097167969,11.287712097167969,0,1,1,0.9223523139953613,1,1,0.8421850800514221,1,1
SIHDR_077,SIHDR_077_e01.jpg,70,1,train,16.28771209716797,11.287712097167969,10.452662467956543,0.8350496292114258,1,11.287712097167969,11.287712097167969,0,1,1,0.9061554074287415,1,1,0.8421850800514221,1,1
SIHDR_077,SIHDR_077_e02.jpg,70,2,train,15.872674942016602,11.287712097167969,10.449332237243652,0.8383798599243164,1,11.287712097167969,11.287712097167969,0,1,1,0.9002235531806946,1,1,0.8421850800514221,1,1
SIHDR_077,SIHDR_077_e03.jpg,70,3,train,15.287712097167969,11.287712097167969,10.395987510681152,0.8917245864868164,1,11.287712097167969,11.287712097167969,0,1,1,0.894316554069519,1,1,0.8421850800514221,1,1
SIHDR_077,SIHDR_077_e04.jpg,70,4,train,14.287712097167969,11.287712097167969,10.036555290222168,1.2511568069458008,1,11.287712097167969,11.287712097167969,0,1,1,0.8827552795410156,1,1,0.8421850800514221,1,1
SIHDR_077,SIHDR_077_e05.jpg,70,5,train,13.287712097167969,11.287712097167969,9.823725700378418,1.4639863967895508,1,11.287712097167969,11.287712097167969,0,1,1,0.8647612929344177,1,1,0.8421850800514221,1,1
SIHDR_077,SIHDR_077_e06.jpg,70,6,train,12.287712097167969,11.287712097167969,10.62057113647461,0.6671409606933594,1,11.287712097167969,11.287712097167969,0,1,1,0.8333646655082703,1,1,0.8421850800514221,0,0
SIHDR_077,SIHDR_077_e07.jpg,70,7,train,11.287712097167969,11.287712097167969,11.4846830368042,0.19697093963623047,1,11.287712097167969,11.287712097167969,0,1,1,0.7905261516571045,1,1,0.8421850800514221,0,0
SIHDR_077,SIHDR_077_e08.jpg,70,8,train,10.287712097167969,11.287712097167969,11.500996589660645,0.21328449249267578,1,11.287712097167969,11.287712097167969,0,1,1,0.7632548809051514,1,1,0.8421850800514221,0,0
SIHDR_077,SIHDR_077_e09.jpg,70,9,train,9.38082218170166,11.287712097167969,11.282196998596191,0.005515098571777344,1,11.287712097167969,11.287712097167969,0,1,1,0.7565234899520874,1,1,0.8421850800514221,0,0
SIHDR_077,SIHDR_077_e10.jpg,70,10,train,8.38082218170166,11.287712097167969,10.939981460571289,0.3477306365966797,1,11.287712097167969,11.287712097167969,0,1,1,0.745642900466919,1,1,0.8421850800514221,0,0
SIHDR_077,SIHDR_077_e11.jpg,70,11,train,7.380821704864502,11.287712097167969,11.221630096435547,0.06608200073242188,1,11.287712097167969,11.287712097167969,0,1,1,0.7392781972885132,1,1,0.8421850800514221,0,0
SIHDR_077,SIHDR_077_e12.jpg,70,12,train,6.321928024291992,11.287712097167969,11.487890243530273,0.2001781463623047,1,11.287712097167969,11.287712097167969,0,1,1,0.7231290340423584,1,1,0.8421850800514221,0,0
SIHDR_077,SIHDR_077_e13.jpg,70,13,train,5.321928024291992,11.287712097167969,10.81489086151123,0.4728212356567383,1,11.287712097167969,11.287712097167969,0,1,1,0.7113140821456909,1,1,0.8421850800514221,0,0
SIHDR_077,SIHDR_077_e14.jpg,70,14,train,4.321928024291992,11.287712097167969,10.11744213104248,1.1702699661254883,1,11.287712097167969,11.287712097167969,0,1,1,0.6994374990463257,1,1,0.8421850800514221,0,0
SIHDR_078,SIHDR_078_e00.jpg,71,0,train,17.194602966308594,11.287712097167969,10.778597831726074,0.5091142654418945,1,11.287712097167969,11.287712097167969,0,1,1,0.9348852038383484,1,1,0.8421850800514221,1,1
SIHDR_078,SIHDR_078_e01.jpg,71,1,train,16.28771209716797,11.287712097167969,10.585310935974121,0.7024011611938477,1,11.287712097167969,11.287712097167969,0,1,1,0.9249652624130249,1,1,0.8421850800514221,1,1
SIHDR_078,SIHDR_078_e02.jpg,71,2,train,15.872674942016602,11.287712097167969,10.52072811126709,0.7669839859008789,1,11.287712097167969,11.287712097167969,0,1,1,0.9204786419868469,1,1,0.8421850800514221,1,1
SIHDR_078,SIHDR_078_e03.jpg,71,3,train,15.287712097167969,11.287712097167969,10.502909660339355,0.7848024368286133,1,11.287712097167969,11.287712097167969,0,1,1,0.9194626212120056,1,1,0.8421850800514221,1,1
SIHDR_078,SIHDR_078_e04.jpg,71,4,train,14.287712097167969,11.287712097167969,10.318913459777832,0.9687986373901367,1,11.287712097167969,11.287712097167969,0,1,1,0.9130510091781616,1,1,0.8421850800514221,1,1
SIHDR_078,SIHDR_078_e05.jpg,71,5,train,13.287712097167969,11.287712097167969,10.331643104553223,0.9560689926147461,1,11.287712097167969,11.287712097167969,0,1,1,0.8998574614524841,1,1,0.8421850800514221,1,1
SIHDR_078,SIHDR_078_e06.jpg,71,6,train,12.287712097167969,11.287712097167969,11.0172700881958,0.27044200897216797,1,11.287712097167969,11.287712097167969,0,1,1,0.8606203198432922,1,1,0.8421850800514221,1,1
SIHDR_078,SIHDR_078_e07.jpg,71,7,train,11.287712097167969,11.287712097167969,11.469635009765625,0.18192291259765625,1,11.287712097167969,11.287712097167969,0,1,1,0.8127511739730835,1,1,0.8421850800514221,0,0
SIHDR_078,SIHDR_078_e08.jpg,71,8,train,10.287712097167969,11.287712097167969,11.679947853088379,0.39223575592041016,1,11.287712097167969,11.287712097167969,0,1,1,0.7821791172027588,1,1,0.8421850800514221,0,0
SIHDR_078,SIHDR_078_e09.jpg,71,9,train,9.38082218170166,11.287712097167969,11.61984634399414,0.3321342468261719,1,11.287712097167969,11.287712097167969,0,1,1,0.7619224190711975,1,1,0.8421850800514221,0,0
SIHDR_078,SIHDR_078_e10.jpg,71,10,train,8.38082218170166,11.287712097167969,11.25906753540039,0.028644561767578125,1,11.287712097167969,11.287712097167969,0,1,1,0.7510199546813965,1,1,0.8421850800514221,0,0
SIHDR_078,SIHDR_078_e11.jpg,71,11,train,7.380821704864502,11.287712097167969,11.622614860534668,0.3349027633666992,1,11.287712097167969,11.287712097167969,0,1,1,0.73954176902771,1,1,0.8421850800514221,0,0
SIHDR_078,SIHDR_078_e12.jpg,71,12,train,6.321928024291992,11.287712097167969,11.500244140625,0.21253204345703125,1,11.287712097167969,11.287712097167969,0,1,1,0.7239518165588379,1,1,0.8421850800514221,0,0
SIHDR_078,SIHDR_078_e13.jpg,71,13,train,5.321928024291992,11.287712097167969,10.818066596984863,0.46964550018310547,1,11.287712097167969,11.287712097167969,0,1,1,0.7117493152618408,1,1,0.8421850800514221,0,0
SIHDR_078,SIHDR_078_e14.jpg,71,14,train,4.321928024291992,11.287712097167969,10.119352340698242,1.1683597564697266,1,11.287712097167969,11.287712097167969,0,1,1,0.699653148651123,1,1,0.8421850800514221,0,0
SIHDR_079,SIHDR_079_e00.jpg,72,0,train,17.194602966308594,10.287712097167969,10.421915054321289,0.1342029571533203,1,10.287712097167969,10.287712097167969,0,1,1,0.9312162399291992,1,1,0.8421850800514221,1,1
SIHDR_079,SIHDR_079_e01.jpg,72,1,train,16.28771209716797,10.287712097167969,10.511115074157715,0.2234029769897461,1,10.287712097167969,10.287712097167969,0,1,1,0.9170982837677002,1,1,0.8421850800514221,1,1
SIHDR_079,SIHDR_079_e02.jpg,72,2,train,15.872674942016602,10.287712097167969,10.482672691345215,0.1949605941772461,1,10.287712097167969,10.287712097167969,0,1,1,0.9063052535057068,1,1,0.8421850800514221,1,1
SIHDR_079,SIHDR_079_e03.jpg,72,3,train,15.287712097167969,10.287712097167969,10.55278491973877,0.2650728225708008,1,10.287712097167969,10.287712097167969,0,1,1,0.8884793519973755,1,1,0.8421850800514221,1,1
SIHDR_079,SIHDR_079_e04.jpg,72,4,train,14.287712097167969,10.287712097167969,10.662897109985352,0.3751850128173828,1,10.287712097167969,10.287712097167969,0,1,1,0.8627400398254395,1,1,0.8421850800514221,1,1
SIHDR_079,SIHDR_079_e05.jpg,72,5,train,13.287712097167969,10.287712097167969,10.27904987335205,0.008662223815917969,1,10.287712097167969,10.287712097167969,0,1,1,0.8410249352455139,1,1,0.8421850800514221,0,0
SIHDR_079,SIHDR_079_e06.jpg,72,6,train,12.287712097167969,10.287712097167969,10.0715913772583,0.21612071990966797,1,10.287712097167969,10.287712097167969,0,1,1,0.8302474617958069,1,1,0.8421850800514221,0,0
SIHDR_079,SIHDR_079_e07.jpg,72,7,train,11.287712097167969,10.287712097167969,10.570302963256836,0.2825908660888672,1,10.287712097167969,10.287712097167969,0,1,1,0.8256430625915527,1,1,0.8421850800514221,0,0
SIHDR_079,SIHDR_079_e08.jpg,72,8,train,10.287712097167969,10.287712097167969,11.247486114501953,0.9597740173339844,1,10.287712097167969,10.287712097167969,0,1,1,0.8034154772758484,1,1,0.8421850800514221,0,0
SIHDR_079,SIHDR_079_e09.jpg,72,9,train,9.38082218170166,10.287712097167969,11.222657203674316,0.9349451065063477,1,10.287712097167969,10.287712097167969,0,1,1,0.7689622044563293,1,1,0.8421850800514221,0,0
SIHDR_079,SIHDR_079_e10.jpg,72,10,train,8.38082218170166,10.287712097167969,11.095292091369629,0.8075799942016602,1,10.287712097167969,10.287712097167969,0,1,1,0.7565364837646484,1,1,0.8421850800514221,0,0
SIHDR_079,SIHDR_079_e11.jpg,72,11,train,7.380821704864502,10.287712097167969,10.449833869934082,0.16212177276611328,1,10.287712097167969,10.287712097167969,0,1,1,0.7347427606582642,1,1,0.8421850800514221,0,0
SIHDR_079,SIHDR_079_e12.jpg,72,12,train,6.321928024291992,10.287712097167969,10.231131553649902,0.056580543518066406,1,10.287712097167969,10.287712097167969,0,1,1,0.7302670478820801,1,1,0.8421850800514221,0,0
SIHDR_079,SIHDR_079_e13.jpg,72,13,train,5.321928024291992,10.287712097167969,10.779454231262207,0.4917421340942383,1,10.287712097167969,10.287712097167969,0,1,1,0.7124554514884949,1,1,0.8421850800514221,0,0
SIHDR_079,SIHDR_079_e14.jpg,72,14,train,4.321928024291992,10.287712097167969,10.101140022277832,0.18657207489013672,1,10.287712097167969,10.287712097167969,0,1,1,0.700091540813446,1,1,0.8421850800514221,0,0
SIHDR_080,SIHDR_080_e00.jpg,73,0,test,17.194602966308594,9.38082218170166,9.969497680664062,0.5886754989624023,1,9.38082218170166,9.38082218170166,0,1,1,0.9323292374610901,1,1,0.8421850800514221,1,1
SIHDR_080,SIHDR_080_e01.jpg,73,1,test,16.28771209716797,9.38082218170166,9.353903770446777,0.026918411254882812,1,9.38082218170166,9.38082218170166,0,1,1,0.929324209690094,1,1,0.8421850800514221,1,1
SIHDR_080,SIHDR_080_e02.jpg,73,2,test,15.872674942016602,9.38082218170166,9.140042304992676,0.24077987670898438,1,9.38082218170166,9.38082218170166,0,1,1,0.9264011979103088,1,1,0.8421850800514221,1,1
SIHDR_080,SIHDR_080_e03.jpg,73,3,test,15.287712097167969,9.38082218170166,9.119546890258789,0.2612752914428711,1,9.38082218170166,9.38082218170166,0,1,1,0.9191404581069946,1,1,0.8421850800514221,1,1
SIHDR_080,SIHDR_080_e04.jpg,73,4,test,14.287712097167969,9.38082218170166,9.758358001708984,0.3775358200073242,1,9.38082218170166,9.38082218170166,0,1,1,0.904564380645752,1,1,0.8421850800514221,1,1
SIHDR_080,SIHDR_080_e05.jpg,73,5,test,13.287712097167969,9.38082218170166,9.78766918182373,0.4068470001220703,1,9.38082218170166,9.38082218170166,0,1,1,0.8825756311416626,1,1,0.8421850800514221,1,1
SIHDR_080,SIHDR_080_e06.jpg,73,6,test,12.287712097167969,9.38082218170166,9.39884090423584,0.018018722534179688,1,9.38082218170166,9.38082218170166,0,1,1,0.8657488226890564,1,1,0.8421850800514221,1,1
SIHDR_080,SIHDR_080_e07.jpg,73,7,test,11.287712097167969,9.38082218170166,8.752453804016113,0.6283683776855469,1,9.38082218170166,9.38082218170166,0,1,1,0.8564019799232483,1,1,0.8421850800514221,1,1
SIHDR_080,SIHDR_080_e08.jpg,73,8,test,10.287712097167969,9.38082218170166,9.658637046813965,0.2778148651123047,1,9.38082218170166,9.38082218170166,0,1,1,0.8372272253036499,1,1,0.8421850800514221,0,0
SIHDR_080,SIHDR_080_e09.jpg,73,9,test,9.38082218170166,9.38082218170166,10.761255264282227,1.3804330825805664,1,9.38082218170166,9.38082218170166,0,1,1,0.7919402122497559,1,1,0.8421850800514221,0,0
SIHDR_080,SIHDR_080_e10.jpg,73,10,test,8.38082218170166,9.38082218170166,10.819294929504395,1.4384727478027344,1,9.38082218170166,9.38082218170166,0,1,1,0.763128936290741,1,1,0.8421850800514221,0,0
SIHDR_080,SIHDR_080_e11.jpg,73,11,test,7.380821704864502,9.38082218170166,10.491721153259277,1.1108989715576172,1,9.38082218170166,9.38082218170166,0,1,1,0.7379116415977478,1,1,0.8421850800514221,0,0
SIHDR_080,SIHDR_080_e12.jpg,73,12,test,6.321928024291992,9.38082218170166,9.771628379821777,0.3908061981201172,1,9.38082218170166,9.38082218170166,0,1,1,0.7302572131156921,1,1,0.8421850800514221,0,0
SIHDR_080,SIHDR_080_e13.jpg,73,13,test,5.321928024291992,9.38082218170166,10.314311027526855,0.9334888458251953,1,9.38082218170166,9.38082218170166,0,1,1,0.7151370644569397,1,1,0.8421850800514221,0,0
SIHDR_080,SIHDR_080_e14.jpg,73,14,test,4.321928024291992,9.38082218170166,10.064332962036133,0.6835107803344727,1,9.38082218170166,9.38082218170166,0,1,1,0.7005413770675659,1,1,0.8421850800514221,0,0
SIHDR_081,SIHDR_081_e00.jpg,74,0,train,17.194602966308594,10.287712097167969,10.081487655639648,0.2062244415283203,1,10.287712097167969,10.287712097167969,0,1,1,0.9336883425712585,1,1,0.8421850800514221,1,1
SIHDR_081,SIHDR_081_e01.jpg,74,1,train,16.28771209716797,10.287712097167969,10.216043472290039,0.07166862487792969,1,10.287712097167969,10.287712097167969,0,1,1,0.9317567348480225,1,1,0.8421850800514221,1,1
SIHDR_081,SIHDR_081_e02.jpg,74,2,train,15.872674942016602,10.287712097167969,10.309861183166504,0.022149085998535156,1,10.287712097167969,10.287712097167969,0,1,1,0.9302800893783569,1,1,0.8421850800514221,1,1
SIHDR_081,SIHDR_081_e03.jpg,74,3,train,15.287712097167969,10.287712097167969,10.34061336517334,0.052901268005371094,1,10.287712097167969,10.287712097167969,0,1,1,0.928142249584198,1,1,0.8421850800514221,1,1
SIHDR_081,SIHDR_081_e04.jpg,74,4,train,14.287712097167969,10.287712097167969,10.2351655960083,0.05254650115966797,1,10.287712097167969,10.287712097167969,0,1,1,0.9243108630180359,1,1,0.8421850800514221,1,1
SIHDR_081,SIHDR_081_e05.jpg,74,5,train,13.287712097167969,10.287712097167969,9.826627731323242,0.46108436584472656,1,10.287712097167969,10.287712097167969,0,1,1,0.9166593551635742,1,1,0.8421850800514221,1,1
SIHDR_081,SIHDR_081_e06.jpg,74,6,train,12.287712097167969,10.287712097167969,9.32018756866455,0.967524528503418,1,10.287712097167969,10.287712097167969,0,1,1,0.9103569388389587,1,1,0.8421850800514221,1,1
SIHDR_081,SIHDR_081_e07.jpg,74,7,train,11.287712097167969,10.287712097167969,9.105984687805176,1.181727409362793,1,10.287712097167969,10.287712097167969,0,1,1,0.9025523662567139,1,1,0.8421850800514221,1,1
SIHDR_081,SIHDR_081_e08.jpg,74,8,train,10.287712097167969,10.287712097167969,9.756241798400879,0.5314702987670898,1,10.287712097167969,10.287712097167969,0,1,1,0.8759750723838806,1,1,0.8421850800514221,1,1
SIHDR_081,SIHDR_081_e09.jpg,74,9,train,9.38082218170166,10.287712097167969,10.1753511428833,0.11236095428466797,1,10.287712097167969,10.287712097167969,0,1,1,0.8244673609733582,1,1,0.8421850800514221,0,0
SIHDR_081,SIHDR_081_e10.jpg,74,10,train,8.38082218170166,10.287712097167969,10.152045249938965,0.1356668472290039,1,10.287712097167969,10.287712097167969,0,1,1,0.7826014757156372,1,1,0.8421850800514221,0,0
SIHDR_081,SIHDR_081_e11.jpg,74,11,train,7.380821704864502,10.287712097167969,9.83726978302002,0.4504423141479492,1,10.287712097167969,10.287712097167969,0,1,1,0.7418138384819031,1,1,0.8421850800514221,0,0
SIHDR_081,SIHDR_081_e12.jpg,74,12,train,6.321928024291992,10.287712097167969,9.31480598449707,0.9729061126708984,1,10.287712097167969,10.287712097167969,0,1,1,0.7370610237121582,1,1,0.8421850800514221,0,0
SIHDR_081,SIHDR_081_e13.jpg,74,13,train,5.321928024291992,10.287712097167969,10.560578346252441,0.27286624908447266,1,10.287712097167969,10.287712097167969,0,1,1,0.7161299586296082,1,1,0.8421850800514221,0,0
SIHDR_081,SIHDR_081_e14.jpg,74,14,train,4.321928024291992,10.287712097167969,10.066394805908203,0.22131729125976562,1,10.287712097167969,10.287712097167969,0,1,1,0.7018236517906189,1,1,0.8421850800514221,0,0
SIHDR_082,SIHDR_082_e00.jpg,75,0,validation,17.194602966308594,14.287712097167969,10.336329460144043,3.951382637023926,1,12.287712097167969,14.287712097167969,0,1,1,0.928224503993988,1,1,0.8421850800514221,1,1
SIHDR_082,SIHDR_082_e01.jpg,75,1,validation,16.28771209716797,14.287712097167969,10.327996253967285,3.9597158432006836,1,12.287712097167969,14.287712097167969,0,1,1,0.9241216778755188,1,1,0.8421850800514221,1,1
SIHDR_082,SIHDR_082_e02.jpg,75,2,validation,15.872674942016602,14.287712097167969,10.498063087463379,3.78964900970459,1,12.287712097167969,14.287712097167969,0,1,1,0.9223442077636719,1,1,0.8421850800514221,1,1
SIHDR_082,SIHDR_082_e03.jpg,75,3,validation,15.287712097167969,14.287712097167969,10.95872974395752,3.328982353210449,1,12.287712097167969,14.287712097167969,0,1,1,0.9159945249557495,1,1,0.8421850800514221,1,1
SIHDR_082,SIHDR_082_e04.jpg,75,4,validation,14.287712097167969,14.287712097167969,11.54406452178955,2.743647575378418,1,12.287712097167969,14.287712097167969,0,1,1,0.884588897228241,1,1,0.8421850800514221,1,1
SIHDR_082,SIHDR_082_e05.jpg,75,5,validation,13.287712097167969,14.287712097167969,11.606980323791504,2.680731773376465,1,12.287712097167969,14.287712097167969,0,1,1,0.8532430529594421,1,1,0.8421850800514221,1,1
SIHDR_082,SIHDR_082_e06.jpg,75,6,validation,12.287712097167969,14.287712097167969,11.401030540466309,2.88668155670166,1,12.287712097167969,14.287712097167969,0,1,1,0.8299036622047424,1,1,0.8421850800514221,0,0
SIHDR_082,SIHDR_082_e07.jpg,75,7,validation,11.287712097167969,14.287712097167969,11.406451225280762,2.881260871887207,1,12.287712097167969,14.287712097167969,0,1,1,0.8197806477546692,1,1,0.8421850800514221,0,0
SIHDR_082,SIHDR_082_e08.jpg,75,8,validation,10.287712097167969,14.287712097167969,11.896705627441406,2.3910064697265625,1,12.287712097167969,14.287712097167969,0,1,1,0.8092710375785828,1,1,0.8421850800514221,0,0
SIHDR_082,SIHDR_082_e09.jpg,75,9,validation,9.38082218170166,14.287712097167969,12.26499080657959,2.022721290588379,1,12.287712097167969,14.287712097167969,0,1,1,0.7852789163589478,1,1,0.8421850800514221,0,0
SIHDR_082,SIHDR_082_e10.jpg,75,10,validation,8.38082218170166,14.287712097167969,11.994245529174805,2.293466567993164,1,12.287712097167969,14.287712097167969,0,1,1,0.76044762134552,1,1,0.8421850800514221,0,0
SIHDR_082,SIHDR_082_e11.jpg,75,11,validation,7.380821704864502,14.287712097167969,11.546903610229492,2.7408084869384766,1,12.287712097167969,14.287712097167969,0,1,1,0.7448204159736633,1,1,0.8421850800514221,0,0
SIHDR_082,SIHDR_082_e12.jpg,75,12,validation,6.321928024291992,14.287712097167969,10.871044158935547,3.416667938232422,1,12.287712097167969,14.287712097167969,0,1,1,0.7239592671394348,1,1,0.8421850800514221,0,0
SIHDR_082,SIHDR_082_e13.jpg,75,13,validation,5.321928024291992,14.287712097167969,10.20398998260498,4.083722114562988,1,12.287712097167969,14.287712097167969,0,1,1,0.7160285115242004,1,1,0.8421850800514221,0,0
SIHDR_082,SIHDR_082_e14.jpg,75,14,validation,4.321928024291992,14.287712097167969,10.101707458496094,4.186004638671875,1,12.287712097167969,14.287712097167969,0,1,1,0.7005977034568787,1,1,0.8421850800514221,0,0
SIHDR_083,SIHDR_083_e00.jpg,76,0,validation,17.194602966308594,12.287712097167969,9.971360206604004,2.316351890563965,1,10.287712097167969,12.287712097167969,0,1,1,0.9323415756225586,1,1,0.8421850800514221,1,1
SIHDR_083,SIHDR_083_e01.jpg,76,1,validation,16.28771209716797,12.287712097167969,9.587408065795898,2.7003040313720703,1,10.287712097167969,12.287712097167969,0,1,1,0.9288600087165833,1,1,0.8421850800514221,1,1
SIHDR_083,SIHDR_083_e02.jpg,76,2,validation,15.872674942016602,12.287712097167969,9.529990196228027,2.7577219009399414,1,10.287712097167969,12.287712097167969,0,1,1,0.9244132041931152,1,1,0.8421850800514221,1,1
SIHDR_083,SIHDR_083_e03.jpg,76,3,validation,15.287712097167969,12.287712097167969,9.412837028503418,2.874875068664551,1,10.287712097167969,12.287712097167969,0,1,1,0.9169248342514038,1,1,0.8421850800514221,1,1
SIHDR_083,SIHDR_083_e04.jpg,76,4,validation,14.287712097167969,12.287712097167969,9.897076606750488,2.3906354904174805,1,10.287712097167969,12.287712097167969,0,1,1,0.8977917432785034,1,1,0.8421850800514221,1,1
SIHDR_083,SIHDR_083_e05.jpg,76,5,validation,13.287712097167969,12.287712097167969,10.441821098327637,1.845890998840332,1,10.287712097167969,12.287712097167969,1,1,1,0.8742163181304932,1,1,0.8421850800514221,1,1
SIHDR_083,SIHDR_083_e06.jpg,76,6,validation,12.287712097167969,12.287712097167969,10.435273170471191,1.8524389266967773,1,10.287712097167969,12.287712097167969,1,1,1,0.8478084206581116,1,1,0.8421850800514221,1,1
SIHDR_083,SIHDR_083_e07.jpg,76,7,validation,11.287712097167969,12.287712097167969,10.580676078796387,1.707036018371582,1,10.287712097167969,12.287712097167969,1,1,1,0.8188572525978088,1,1,0.8421850800514221,0,0
SIHDR_083,SIHDR_083_e08.jpg,76,8,validation,10.287712097167969,12.287712097167969,10.7195463180542,1.5681657791137695,1,10.287712097167969,12.287712097167969,1,1,1,0.798833966255188,1,1,0.8421850800514221,0,0
SIHDR_083,SIHDR_083_e09.jpg,76,9,validation,9.38082218170166,12.287712097167969,11.078289031982422,1.2094230651855469,1,10.287712097167969,12.287712097167969,1,1,1,0.7869157195091248,1,1,0.8421850800514221,0,0
SIHDR_083,SIHDR_083_e10.jpg,76,10,validation,8.38082218170166,12.287712097167969,11.651021957397461,0.6366901397705078,1,10.287712097167969,12.287712097167969,1,1,1,0.7659633159637451,1,1,0.8421850800514221,0,0
SIHDR_083,SIHDR_083_e11.jpg,76,11,validation,7.380821704864502,12.287712097167969,11.584513664245605,0.7031984329223633,1,10.287712097167969,12.287712097167969,1,1,1,0.7400736212730408,1,1,0.8421850800514221,0,0
SIHDR_083,SIHDR_083_e12.jpg,76,12,validation,6.321928024291992,12.287712097167969,11.079550743103027,1.2081613540649414,1,10.287712097167969,12.287712097167969,1,1,1,0.7266680598258972,1,1,0.8421850800514221,0,0
SIHDR_083,SIHDR_083_e13.jpg,76,13,validation,5.321928024291992,12.287712097167969,10.422274589538574,1.8654375076293945,1,10.287712097167969,12.287712097167969,1,1,1,0.7114755511283875,1,1,0.8421850800514221,0,0
SIHDR_083,SIHDR_083_e14.jpg,76,14,validation,4.321928024291992,12.287712097167969,9.78122329711914,2.506488800048828,1,10.287712097167969,12.287712097167969,0,1,1,0.7020299434661865,1,1,0.8421850800514221,0,0
SIHDR_084,SIHDR_084_e00.jpg,77,0,train,17.194602966308594,8.38082218170166,10.06872844696045,1.687906265258789,1,8.38082218170166,8.38082218170166,0,1,1,0.9323022961616516,1,1,0.8421850800514221,1,1
SIHDR_084,SIHDR_084_e01.jpg,77,1,train,16.28771209716797,8.38082218170166,9.999177932739258,1.6183557510375977,1,8.38082218170166,8.38082218170166,0,1,1,0.9309940338134766,1,1,0.8421850800514221,1,1
SIHDR_084,SIHDR_084_e02.jpg,77,2,train,15.872674942016602,8.38082218170166,10.161259651184082,1.7804374694824219,1,8.38082218170166,8.38082218170166,0,1,1,0.9289182424545288,1,1,0.8421850800514221,1,1
SIHDR_084,SIHDR_084_e03.jpg,77,3,train,15.287712097167969,8.38082218170166,10.392813682556152,2.011991500854492,1,8.38082218170166,8.38082218170166,0,1,1,0.925186812877655,1,1,0.8421850800514221,1,1
SIHDR_084,SIHDR_084_e04.jpg,77,4,train,14.287712097167969,8.38082218170166,10.7109956741333,2.3301734924316406,1,8.38082218170166,8.38082218170166,0,1,1,0.9166800379753113,1,1,0.8421850800514221,1,1
SIHDR_084,SIHDR_084_e05.jpg,77,5,train,13.287712097167969,8.38082218170166,10.893244743347168,2.512422561645508,1,8.38082218170166,8.38082218170166,0,1,1,0.9021924734115601,1,1,0.8421850800514221,1,1
SIHDR_084,SIHDR_084_e06.jpg,77,6,train,12.287712097167969,8.38082218170166,10.613672256469727,2.2328500747680664,1,8.38082218170166,8.38082218170166,0,1,1,0.8893347382545471,1,1,0.8421850800514221,1,1
SIHDR_084,SIHDR_084_e07.jpg,77,7,train,11.287712097167969,8.38082218170166,10.670918464660645,2.2900962829589844,1,8.38082218170166,8.38082218170166,0,1,1,0.8816472291946411,1,1,0.8421850800514221,1,1
SIHDR_084,SIHDR_084_e08.jpg,77,8,train,10.287712097167969,8.38082218170166,10.705843925476074,2.325021743774414,1,8.38082218170166,8.38082218170166,0,1,1,0.8762706518173218,1,1,0.8421850800514221,1,1
SIHDR_084,SIHDR_084_e09.jpg,77,9,train,9.38082218170166,8.38082218170166,10.525059700012207,2.144237518310547,1,8.38082218170166,8.38082218170166,0,1,1,0.8657673001289368,1,1,0.8421850800514221,1,1
SIHDR_084,SIHDR_084_e10.jpg,77,10,train,8.38082218170166,8.38082218170166,10.742621421813965,2.3617992401123047,1,8.38082218170166,8.38082218170166,0,1,1,0.827796459197998,1,1,0.8421850800514221,0,0
SIHDR_084,SIHDR_084_e11.jpg,77,11,train,7.380821704864502,8.38082218170166,10.717190742492676,2.3363685607910156,1,8.38082218170166,8.38082218170166,0,1,1,0.7760281562805176,1,1,0.8421850800514221,0,0
SIHDR_084,SIHDR_084_e12.jpg,77,12,train,6.321928024291992,8.38082218170166,10.37436580657959,1.9935436248779297,1,8.38082218170166,8.38082218170166,0,1,1,0.7424700260162354,1,1,0.8421850800514221,0,0
SIHDR_084,SIHDR_084_e13.jpg,77,13,train,5.321928024291992,8.38082218170166,9.71469783782959,1.3338756561279297,1,8.38082218170166,8.38082218170166,0,1,1,0.7221018671989441,1,1,0.8421850800514221,0,0
SIHDR_084,SIHDR_084_e14.jpg,77,14,train,4.321928024291992,8.38082218170166,9.567532539367676,1.1867103576660156,1,8.38082218170166,8.38082218170166,0,1,1,0.7077924013137817,1,1,0.8421850800514221,0,0
SIHDR_085,SIHDR_085_e00.jpg,78,0,test,17.194602966308594,13.287712097167969,10.022971153259277,3.2647409439086914,1,11.287712097167969,13.287712097167969,0,1,1,0.9324029088020325,1,1,0.8421850800514221,1,1
SIHDR_085,SIHDR_085_e01.jpg,78,1,test,16.28771209716797,13.287712097167969,10.1640043258667,3.1237077713012695,1,11.287712097167969,13.287712097167969,0,1,1,0.9297866821289062,1,1,0.8421850800514221,1,1
SIHDR_085,SIHDR_085_e02.jpg,78,2,test,15.872674942016602,13.287712097167969,10.47657299041748,2.8111391067504883,1,11.287712097167969,13.287712097167969,0,1,1,0.926481306552887,1,1,0.8421850800514221,1,1
SIHDR_085,SIHDR_085_e03.jpg,78,3,test,15.287712097167969,13.287712097167969,10.835712432861328,2.4519996643066406,1,11.287712097167969,13.287712097167969,0,1,1,0.9209372997283936,1,1,0.8421850800514221,1,1
SIHDR_085,SIHDR_085_e04.jpg,78,4,test,14.287712097167969,13.287712097167969,10.903604507446289,2.3841075897216797,1,11.287712097167969,13.287712097167969,0,1,1,0.9092528820037842,1,1,0.8421850800514221,1,1
SIHDR_085,SIHDR_085_e05.jpg,78,5,test,13.287712097167969,13.287712097167969,10.767720222473145,2.519991874694824,1,11.287712097167969,13.287712097167969,0,1,1,0.8935300707817078,1,1,0.8421850800514221,1,1
SIHDR_085,SIHDR_085_e06.jpg,78,6,test,12.287712097167969,13.287712097167969,10.209930419921875,3.0777816772460938,1,11.287712097167969,13.287712097167969,0,1,1,0.8703569173812866,1,1,0.8421850800514221,1,1
SIHDR_085,SIHDR_085_e07.jpg,78,7,test,11.287712097167969,13.287712097167969,10.14411735534668,3.143594741821289,1,11.287712097167969,13.287712097167969,0,1,1,0.8563194274902344,1,1,0.8421850800514221,1,1
SIHDR_085,SIHDR_085_e08.jpg,78,8,test,10.287712097167969,13.287712097167969,10.177865982055664,3.1098461151123047,1,11.287712097167969,13.287712097167969,0,1,1,0.8480185270309448,1,1,0.8421850800514221,1,1
SIHDR_085,SIHDR_085_e09.jpg,78,9,test,9.38082218170166,13.287712097167969,10.083422660827637,3.204289436340332,1,11.287712097167969,13.287712097167969,0,1,1,0.8415072560310364,1,1,0.8421850800514221,0,0
SIHDR_085,SIHDR_085_e10.jpg,78,10,test,8.38082218170166,13.287712097167969,10.30640697479248,2.9813051223754883,1,11.287712097167969,13.287712097167969,0,1,1,0.806069016456604,1,1,0.8421850800514221,0,0
SIHDR_085,SIHDR_085_e11.jpg,78,11,test,7.380821704864502,13.287712097167969,10.460488319396973,2.827223777770996,1,11.287712097167969,13.287712097167969,0,1,1,0.7649622559547424,1,1,0.8421850800514221,0,0
SIHDR_085,SIHDR_085_e12.jpg,78,12,test,6.321928024291992,13.287712097167969,10.306238174438477,2.981473922729492,1,11.287712097167969,13.287712097167969,0,1,1,0.7392447590827942,1,1,0.8421850800514221,0,0
SIHDR_085,SIHDR_085_e13.jpg,78,13,test,5.321928024291992,13.287712097167969,9.819600105285645,3.468111991882324,1,11.287712097167969,13.287712097167969,0,1,1,0.7135006785392761,1,1,0.8421850800514221,0,0
SIHDR_085,SIHDR_085_e14.jpg,78,14,test,4.321928024291992,13.287712097167969,9.172398567199707,4.115313529968262,1,11.287712097167969,13.287712097167969,0,1,1,0.7069894671440125,1,1,0.8421850800514221,0,0
SIHDR_086,SIHDR_086_e00.jpg,79,0,train,17.194602966308594,9.38082218170166,9.980082511901855,0.5992603302001953,1,9.38082218170166,9.38082218170166,0,1,1,0.9321612119674683,1,1,0.8421850800514221,1,1
SIHDR_086,SIHDR_086_e01.jpg,79,1,train,16.28771209716797,9.38082218170166,9.713479995727539,0.3326578140258789,1,9.38082218170166,9.38082218170166,0,1,1,0.9265193343162537,1,1,0.8421850800514221,1,1
SIHDR_086,SIHDR_086_e02.jpg,79,2,train,15.872674942016602,9.38082218170166,9.789280891418457,0.4084587097167969,1,9.38082218170166,9.38082218170166,0,1,1,0.9241679906845093,1,1,0.8421850800514221,1,1
SIHDR_086,SIHDR_086_e03.jpg,79,3,train,15.287712097167969,9.38082218170166,9.951744079589844,0.5709218978881836,1,9.38082218170166,9.38082218170166,0,1,1,0.9180154204368591,1,1,0.8421850800514221,1,1
SIHDR_086,SIHDR_086_e04.jpg,79,4,train,14.287712097167969,9.38082218170166,9.980571746826172,0.5997495651245117,1,9.38082218170166,9.38082218170166,0,1,1,0.9045364856719971,1,1,0.8421850800514221,1,1
SIHDR_086,SIHDR_086_e05.jpg,79,5,train,13.287712097167969,9.38082218170166,9.7618408203125,0.38101863861083984,1,9.38082218170166,9.38082218170166,0,1,1,0.8899900317192078,1,1,0.8421850800514221,1,1
SIHDR_086,SIHDR_086_e06.jpg,79,6,train,12.287712097167969,9.38082218170166,9.308182716369629,0.07263946533203125,1,9.38082218170166,9.38082218170166,0,1,1,0.8836172223091125,1,1,0.8421850800514221,1,1
SIHDR_086,SIHDR_086_e07.jpg,79,7,train,11.287712097167969,9.38082218170166,9.185863494873047,0.19495868682861328,1,9.38082218170166,9.38082218170166,0,1,1,0.8819778561592102,1,1,0.8421850800514221,1,1
SIHDR_086,SIHDR_086_e08.jpg,79,8,train,10.287712097167969,9.38082218170166,9.579605102539062,0.19878292083740234,1,9.38082218170166,9.38082218170166,0,1,1,0.8593103885650635,1,1,0.8421850800514221,1,1
SIHDR_086,SIHDR_086_e09.jpg,79,9,train,9.38082218170166,9.38082218170166,9.905108451843262,0.5242862701416016,1,9.38082218170166,9.38082218170166,0,1,1,0.8193060159683228,1,1,0.8421850800514221,0,0
SIHDR_086,SIHDR_086_e10.jpg,79,10,train,8.38082218170166,9.38082218170166,10.237571716308594,0.8567495346069336,1,9.38082218170166,9.38082218170166,0,1,1,0.7776175141334534,1,1,0.8421850800514221,0,0
SIHDR_086,SIHDR_086_e11.jpg,79,11,train,7.380821704864502,9.38082218170166,10.137166023254395,0.7563438415527344,1,9.38082218170166,9.38082218170166,0,1,1,0.748120903968811,1,1,0.8421850800514221,0,0
SIHDR_086,SIHDR_086_e12.jpg,79,12,train,6.321928024291992,9.38082218170166,9.893381118774414,0.5125589370727539,1,9.38082218170166,9.38082218170166,0,1,1,0.7304196357727051,1,1,0.8421850800514221,0,0
SIHDR_086,SIHDR_086_e13.jpg,79,13,train,5.321928024291992,9.38082218170166,9.887728691101074,0.5069065093994141,1,9.38082218170166,9.38082218170166,0,1,1,0.7161692380905151,1,1,0.8421850800514221,0,0
SIHDR_086,SIHDR_086_e14.jpg,79,14,train,4.321928024291992,9.38082218170166,9.771756172180176,0.3909339904785156,1,9.38082218170166,9.38082218170166,0,1,1,0.7026801109313965,1,1,0.8421850800514221,0,0
SIHDR_087,SIHDR_087_e00.jpg,80,0,train,17.194602966308594,8.38082218170166,9.991450309753418,1.6106281280517578,1,8.38082218170166,8.38082218170166,0,1,1,0.933306872844696,1,1,0.8421850800514221,1,1
SIHDR_087,SIHDR_087_e01.jpg,80,1,train,16.28771209716797,8.38082218170166,9.474526405334473,1.0937042236328125,1,8.38082218170166,8.38082218170166,0,1,1,0.9308616518974304,1,1,0.8421850800514221,1,1
SIHDR_087,SIHDR_087_e02.jpg,80,2,train,15.872674942016602,8.38082218170166,9.367415428161621,0.9865932464599609,1,8.38082218170166,8.38082218170166,0,1,1,0.9285199046134949,1,1,0.8421850800514221,1,1
SIHDR_087,SIHDR_087_e03.jpg,80,3,train,15.287712097167969,8.38082218170166,9.365523338317871,0.9847011566162109,1,8.38082218170166,8.38082218170166,0,1,1,0.9248241186141968,1,1,0.8421850800514221,1,1
SIHDR_087,SIHDR_087_e04.jpg,80,4,train,14.287712097167969,8.38082218170166,9.46281909942627,1.0819969177246094,1,8.38082218170166,8.38082218170166,0,1,1,0.9139413833618164,1,1,0.8421850800514221,1,1
SIHDR_087,SIHDR_087_e05.jpg,80,5,train,13.287712097167969,8.38082218170166,9.283687591552734,0.9028654098510742,1,8.38082218170166,8.38082218170166,0,1,1,0.9022286534309387,1,1,0.8421850800514221,1,1
SIHDR_087,SIHDR_087_e06.jpg,80,6,train,12.287712097167969,8.38082218170166,9.145421028137207,0.7645988464355469,1,8.38082218170166,8.38082218170166,0,1,1,0.8915783166885376,1,1,0.8421850800514221,1,1
SIHDR_087,SIHDR_087_e07.jpg,80,7,train,11.287712097167969,8.38082218170166,9.097807884216309,0.7169857025146484,1,8.38082218170166,8.38082218170166,0,1,1,0.8817399144172668,1,1,0.8421850800514221,1,1
SIHDR_087,SIHDR_087_e08.jpg,80,8,train,10.287712097167969,8.38082218170166,9.383519172668457,1.0026969909667969,1,8.38082218170166,8.38082218170166,0,1,1,0.8632100820541382,1,1,0.8421850800514221,1,1
SIHDR_087,SIHDR_087_e09.jpg,80,9,train,9.38082218170166,8.38082218170166,9.598355293273926,1.2175331115722656,1,8.38082218170166,8.38082218170166,0,1,1,0.8268604874610901,1,1,0.8421850800514221,0,0
SIHDR_087,SIHDR_087_e10.jpg,80,10,train,8.38082218170166,8.38082218170166,10.005912780761719,1.6250905990600586,1,8.38082218170166,8.38082218170166,0,1,1,0.7809228301048279,1,1,0.8421850800514221,0,0
SIHDR_087,SIHDR_087_e11.jpg,80,11,train,7.380821704864502,8.38082218170166,10.09818172454834,1.7173595428466797,1,8.38082218170166,8.38082218170166,0,1,1,0.7504885196685791,1,1,0.8421850800514221,0,0
SIHDR_087,SIHDR_087_e12.jpg,80,12,train,6.321928024291992,8.38082218170166,9.953984260559082,1.5731620788574219,1,8.38082218170166,8.38082218170166,0,1,1,0.7282001376152039,1,1,0.8421850800514221,0,0
SIHDR_087,SIHDR_087_e13.jpg,80,13,train,5.321928024291992,8.38082218170166,9.764952659606934,1.3841304779052734,1,8.38082218170166,8.38082218170166,0,1,1,0.7146657109260559,1,1,0.8421850800514221,0,0
SIHDR_087,SIHDR_087_e14.jpg,80,14,train,4.321928024291992,8.38082218170166,9.64743709564209,1.2666149139404297,1,8.38082218170166,8.38082218170166,0,1,1,0.7028301954269409,1,1,0.8421850800514221,0,0
SIHDR_088,SIHDR_088_e00.jpg,81,0,train,17.194602966308594,8.38082218170166,9.974623680114746,1.593801498413086,1,8.38082218170166,8.38082218170166,0,1,1,0.932495653629303,1,1,0.8421850800514221,1,1
SIHDR_088,SIHDR_088_e01.jpg,81,1,train,16.28771209716797,8.38082218170166,9.408411979675293,1.0275897979736328,1,8.38082218170166,8.38082218170166,0,1,1,0.932068407535553,1,1,0.8421850800514221,1,1
SIHDR_088,SIHDR_088_e02.jpg,81,2,train,15.872674942016602,8.38082218170166,9.29627513885498,0.9154529571533203,1,8.38082218170166,8.38082218170166,0,1,1,0.9332594275474548,1,1,0.8421850800514221,1,1
SIHDR_088,SIHDR_088_e03.jpg,81,3,train,15.287712097167969,8.38082218170166,9.246354103088379,0.8655319213867188,1,8.38082218170166,8.38082218170166,0,1,1,0.9333252906799316,1,1,0.8421850800514221,1,1
SIHDR_088,SIHDR_088_e04.jpg,81,4,train,14.287712097167969,8.38082218170166,9.172074317932129,0.7912521362304688,1,8.38082218170166,8.38082218170166,0,1,1,0.927577555179596,1,1,0.8421850800514221,1,1
SIHDR_088,SIHDR_088_e05.jpg,81,5,train,13.287712097167969,8.38082218170166,9.43404483795166,1.05322265625,1,8.38082218170166,8.38082218170166,0,1,1,0.9180298447608948,1,1,0.8421850800514221,1,1
SIHDR_088,SIHDR_088_e06.jpg,81,6,train,12.287712097167969,8.38082218170166,9.311631202697754,0.9308090209960938,1,8.38082218170166,8.38082218170166,0,1,1,0.9008895754814148,1,1,0.8421850800514221,1,1
SIHDR_088,SIHDR_088_e07.jpg,81,7,train,11.287712097167969,8.38082218170166,8.931586265563965,0.5507640838623047,1,8.38082218170166,8.38082218170166,0,1,1,0.8907623887062073,1,1,0.8421850800514221,1,1
SIHDR_088,SIHDR_088_e08.jpg,81,8,train,10.287712097167969,8.38082218170166,8.896800994873047,0.5159788131713867,1,8.38082218170166,8.38082218170166,0,1,1,0.8658902645111084,1,1,0.8421850800514221,1,1
SIHDR_088,SIHDR_088_e09.jpg,81,9,train,9.38082218170166,8.38082218170166,9.203463554382324,0.8226413726806641,1,8.38082218170166,8.38082218170166,0,1,1,0.8357386589050293,1,1,0.8421850800514221,0,0
SIHDR_088,SIHDR_088_e10.jpg,81,10,train,8.38082218170166,8.38082218170166,9.85812759399414,1.4773054122924805,1,8.38082218170166,8.38082218170166,0,1,1,0.7918036580085754,1,1,0.8421850800514221,0,0
SIHDR_088,SIHDR_088_e11.jpg,81,11,train,7.380821704864502,8.38082218170166,9.932085990905762,1.5512638092041016,1,8.38082218170166,8.38082218170166,0,1,1,0.7534988522529602,1,1,0.8421850800514221,0,0
SIHDR_088,SIHDR_088_e12.jpg,81,12,train,6.321928024291992,8.38082218170166,9.806934356689453,1.426112174987793,1,8.38082218170166,8.38082218170166,0,1,1,0.7299612164497375,1,1,0.8421850800514221,0,0
SIHDR_088,SIHDR_088_e13.jpg,81,13,train,5.321928024291992,8.38082218170166,9.67245864868164,1.2916364669799805,1,8.38082218170166,8.38082218170166,0,1,1,0.7132639288902283,1,1,0.8421850800514221,0,0
SIHDR_088,SIHDR_088_e14.jpg,81,14,train,4.321928024291992,8.38082218170166,9.529756546020508,1.1489343643188477,1,8.38082218170166,8.38082218170166,0,1,1,0.7025663256645203,1,1,0.8421850800514221,0,0
SIHDR_089,SIHDR_089_e00.jpg,82,0,train,17.194602966308594,8.38082218170166,9.97031021118164,1.5894880294799805,1,8.38082218170166,8.38082218170166,0,1,1,0.9323892593383789,1,1,0.8421850800514221,1,1
SIHDR_089,SIHDR_089_e01.jpg,82,1,train,16.28771209716797,8.38082218170166,9.388187408447266,1.0073652267456055,1,8.38082218170166,8.38082218170166,0,1,1,0.93025141954422,1,1,0.8421850800514221,1,1
SIHDR_089,SIHDR_089_e02.jpg,82,2,train,15.872674942016602,8.38082218170166,9.208229064941406,0.8274068832397461,1,8.38082218170166,8.38082218170166,0,1,1,0.9297016859054565,1,1,0.8421850800514221,1,1
SIHDR_089,SIHDR_089_e03.jpg,82,3,train,15.287712097167969,8.38082218170166,9.075814247131348,0.6949920654296875,1,8.38082218170166,8.38082218170166,0,1,1,0.9276788830757141,1,1,0.8421850800514221,1,1
SIHDR_089,SIHDR_089_e04.jpg,82,4,train,14.287712097167969,8.38082218170166,9.052356719970703,0.671534538269043,1,8.38082218170166,8.38082218170166,0,1,1,0.9192805886268616,1,1,0.8421850800514221,1,1
SIHDR_089,SIHDR_089_e05.jpg,82,5,train,13.287712097167969,8.38082218170166,9.115012168884277,0.7341899871826172,1,8.38082218170166,8.38082218170166,0,1,1,0.9085007309913635,1,1,0.8421850800514221,1,1
SIHDR_089,SIHDR_089_e06.jpg,82,6,train,12.287712097167969,8.38082218170166,8.640954971313477,0.2601327896118164,1,8.38082218170166,8.38082218170166,0,1,1,0.8940142393112183,1,1,0.8421850800514221,1,1
SIHDR_089,SIHDR_089_e07.jpg,82,7,train,11.287712097167969,8.38082218170166,8.19904899597168,0.18177318572998047,1,8.38082218170166,8.38082218170166,0,1,1,0.8790944218635559,1,1,0.8421850800514221,1,1
SIHDR_089,SIHDR_089_e08.jpg,82,8,train,10.287712097167969,8.38082218170166,8.27426528930664,0.10655689239501953,1,8.38082218170166,8.38082218170166,0,1,1,0.841874897480011,1,1,0.8421850800514221,0,0
SIHDR_089,SIHDR_089_e09.jpg,82,9,train,9.38082218170166,8.38082218170166,8.637252807617188,0.25643062591552734,1,8.38082218170166,8.38082218170166,0,1,1,0.8301488757133484,1,1,0.8421850800514221,0,0
SIHDR_089,SIHDR_089_e10.jpg,82,10,train,8.38082218170166,8.38082218170166,9.856790542602539,1.475968360900879,1,8.38082218170166,8.38082218170166,0,1,1,0.810504674911499,1,1,0.8421850800514221,0,0
SIHDR_089,SIHDR_089_e11.jpg,82,11,train,7.380821704864502,8.38082218170166,9.950067520141602,1.5692453384399414,1,8.38082218170166,8.38082218170166,0,1,1,0.7702637910842896,1,1,0.8421850800514221,0,0
SIHDR_089,SIHDR_089_e12.jpg,82,12,train,6.321928024291992,8.38082218170166,9.664700508117676,1.2838783264160156,1,8.38082218170166,8.38082218170166,0,1,1,0.7392164468765259,1,1,0.8421850800514221,0,0
SIHDR_089,SIHDR_089_e13.jpg,82,13,train,5.321928024291992,8.38082218170166,9.697752952575684,1.3169307708740234,1,8.38082218170166,8.38082218170166,0,1,1,0.7196727991104126,1,1,0.8421850800514221,0,0
SIHDR_089,SIHDR_089_e14.jpg,82,14,train,4.321928024291992,8.38082218170166,9.645828247070312,1.2650060653686523,1,8.38082218170166,8.38082218170166,0,1,1,0.7040963172912598,1,1,0.8421850800514221,0,0
SIHDR_090,SIHDR_090_e00.jpg,83,0,train,17.194602966308594,8.38082218170166,9.96950626373291,1.58868408203125,1,8.38082218170166,8.38082218170166,0,1,1,0.9323291182518005,1,1,0.8421850800514221,1,1
SIHDR_090,SIHDR_090_e01.jpg,83,1,train,16.28771209716797,8.38082218170166,9.38013744354248,0.9993152618408203,1,8.38082218170166,8.38082218170166,0,1,1,0.9288591742515564,1,1,0.8421850800514221,1,1
SIHDR_090,SIHDR_090_e02.jpg,83,2,train,15.872674942016602,8.38082218170166,9.244908332824707,0.8640861511230469,1,8.38082218170166,8.38082218170166,0,1,1,0.925940215587616,1,1,0.8421850800514221,1,1
SIHDR_090,SIHDR_090_e03.jpg,83,3,train,15.287712097167969,8.38082218170166,9.326363563537598,0.9455413818359375,1,8.38082218170166,8.38082218170166,0,1,1,0.920545220375061,1,1,0.8421850800514221,1,1
SIHDR_090,SIHDR_090_e04.jpg,83,4,train,14.287712097167969,8.38082218170166,9.662114143371582,1.2812919616699219,1,8.38082218170166,8.38082218170166,0,1,1,0.9121019244194031,1,1,0.8421850800514221,1,1
SIHDR_090,SIHDR_090_e05.jpg,83,5,train,13.287712097167969,8.38082218170166,9.143688201904297,0.7628660202026367,1,8.38082218170166,8.38082218170166,0,1,1,0.8984107971191406,1,1,0.8421850800514221,1,1
SIHDR_090,SIHDR_090_e06.jpg,83,6,train,12.287712097167969,8.38082218170166,8.456910133361816,0.07608795166015625,1,8.38082218170166,8.38082218170166,0,1,1,0.8809460401535034,1,1,0.8421850800514221,1,1
SIHDR_090,SIHDR_090_e07.jpg,83,7,train,11.287712097167969,8.38082218170166,7.842554092407227,0.5382680892944336,1,8.38082218170166,8.38082218170166,0,1,1,0.863211452960968,1,1,0.8421850800514221,1,1
SIHDR_090,SIHDR_090_e08.jpg,83,8,train,10.287712097167969,8.38082218170166,8.23812484741211,0.14269733428955078,1,8.38082218170166,8.38082218170166,0,1,1,0.8260378241539001,1,1,0.8421850800514221,0,0
SIHDR_090,SIHDR_090_e09.jpg,83,9,train,9.38082218170166,8.38082218170166,9.071063995361328,0.690241813659668,1,8.38082218170166,8.38082218170166,0,1,1,0.793506383895874,1,1,0.8421850800514221,0,0
SIHDR_090,SIHDR_090_e10.jpg,83,10,train,8.38082218170166,8.38082218170166,9.786787033081055,1.4059648513793945,1,8.38082218170166,8.38082218170166,0,1,1,0.7715172171592712,1,1,0.8421850800514221,0,0
SIHDR_090,SIHDR_090_e11.jpg,83,11,train,7.380821704864502,8.38082218170166,9.903271675109863,1.5224494934082031,1,8.38082218170166,8.38082218170166,0,1,1,0.7460681200027466,1,1,0.8421850800514221,0,0
SIHDR_090,SIHDR_090_e12.jpg,83,12,train,6.321928024291992,8.38082218170166,9.4402437210083,1.0594215393066406,1,8.38082218170166,8.38082218170166,0,1,1,0.7261369228363037,1,1,0.8421850800514221,0,0
SIHDR_090,SIHDR_090_e13.jpg,83,13,train,5.321928024291992,8.38082218170166,9.60524845123291,1.22442626953125,1,8.38082218170166,8.38082218170166,0,1,1,0.7156853079795837,1,1,0.8421850800514221,0,0
SIHDR_090,SIHDR_090_e14.jpg,83,14,train,4.321928024291992,8.38082218170166,9.652576446533203,1.271754264831543,1,8.38082218170166,8.38082218170166,0,1,1,0.7012487053871155,1,1,0.8421850800514221,0,0
SIHDR_091,SIHDR_091_e00.jpg,84,0,train,17.194602966308594,8.38082218170166,9.971190452575684,1.5903682708740234,1,8.38082218170166,8.38082218170166,0,1,1,0.9324051141738892,1,1,0.8421850800514221,1,1
SIHDR_091,SIHDR_091_e01.jpg,84,1,train,16.28771209716797,8.38082218170166,9.428184509277344,1.0473623275756836,1,8.38082218170166,8.38082218170166,0,1,1,0.9310303926467896,1,1,0.8421850800514221,1,1
SIHDR_091,SIHDR_091_e02.jpg,84,2,train,15.872674942016602,8.38082218170166,9.2533597946167,0.8725376129150391,1,8.38082218170166,8.38082218170166,0,1,1,0.930542528629303,1,1,0.8421850800514221,1,1
SIHDR_091,SIHDR_091_e03.jpg,84,3,train,15.287712097167969,8.38082218170166,9.035473823547363,0.6546516418457031,1,8.38082218170166,8.38082218170166,0,1,1,0.9299061298370361,1,1,0.8421850800514221,1,1
SIHDR_091,SIHDR_091_e04.jpg,84,4,train,14.287712097167969,8.38082218170166,8.745060920715332,0.3642387390136719,1,8.38082218170166,8.38082218170166,0,1,1,0.9244166612625122,1,1,0.8421850800514221,1,1
SIHDR_091,SIHDR_091_e05.jpg,84,5,train,13.287712097167969,8.38082218170166,8.611860275268555,0.23103809356689453,1,8.38082218170166,8.38082218170166,0,1,1,0.9181338548660278,1,1,0.8421850800514221,1,1
SIHDR_091,SIHDR_091_e06.jpg,84,6,train,12.287712097167969,8.38082218170166,8.19822883605957,0.18259334564208984,1,8.38082218170166,8.38082218170166,0,1,1,0.9005836248397827,1,1,0.8421850800514221,1,1
SIHDR_091,SIHDR_091_e07.jpg,84,7,train,11.287712097167969,8.38082218170166,7.820891380310059,0.5599308013916016,1,8.38082218170166,8.38082218170166,0,1,1,0.8817609548568726,1,1,0.8421850800514221,1,1
SIHDR_091,SIHDR_091_e08.jpg,84,8,train,10.287712097167969,8.38082218170166,7.910102844238281,0.4707193374633789,1,8.38082218170166,8.38082218170166,0,1,1,0.8586214780807495,1,1,0.8421850800514221,1,1
SIHDR_091,SIHDR_091_e09.jpg,84,9,train,9.38082218170166,8.38082218170166,8.515276908874512,0.13445472717285156,1,8.38082218170166,8.38082218170166,0,1,1,0.835152804851532,1,1,0.8421850800514221,0,0
SIHDR_091,SIHDR_091_e10.jpg,84,10,train,8.38082218170166,8.38082218170166,9.370645523071289,0.9898233413696289,1,8.38082218170166,8.38082218170166,0,1,1,0.8060915470123291,1,1,0.8421850800514221,0,0
SIHDR_091,SIHDR_091_e11.jpg,84,11,train,7.380821704864502,8.38082218170166,9.534616470336914,1.153794288635254,1,8.38082218170166,8.38082218170166,0,1,1,0.7664400339126587,1,1,0.8421850800514221,0,0
SIHDR_091,SIHDR_091_e12.jpg,84,12,train,6.321928024291992,8.38082218170166,9.512394905090332,1.1315727233886719,1,8.38082218170166,8.38082218170166,0,1,1,0.7371963262557983,1,1,0.8421850800514221,0,0
SIHDR_091,SIHDR_091_e13.jpg,84,13,train,5.321928024291992,8.38082218170166,9.59152889251709,1.2107067108154297,1,8.38082218170166,8.38082218170166,0,1,1,0.7184738516807556,1,1,0.8421850800514221,0,0
SIHDR_091,SIHDR_091_e14.jpg,84,14,train,4.321928024291992,8.38082218170166,9.479273796081543,1.0984516143798828,1,8.38082218170166,8.38082218170166,0,1,1,0.7037741541862488,1,1,0.8421850800514221,0,0
SIHDR_092,SIHDR_092_e00.jpg,85,0,test,17.194602966308594,8.38082218170166,9.969521522521973,1.5886993408203125,1,8.38082218170166,8.38082218170166,0,1,1,0.932331383228302,1,1,0.8421850800514221,1,1
SIHDR_092,SIHDR_092_e01.jpg,85,1,test,16.28771209716797,8.38082218170166,9.351799964904785,0.970977783203125,1,8.38082218170166,8.38082218170166,0,1,1,0.9296901226043701,1,1,0.8421850800514221,1,1
SIHDR_092,SIHDR_092_e02.jpg,85,2,test,15.872674942016602,8.38082218170166,9.113877296447754,0.7330551147460938,1,8.38082218170166,8.38082218170166,0,1,1,0.9281392693519592,1,1,0.8421850800514221,1,1
SIHDR_092,SIHDR_092_e03.jpg,85,3,test,15.287712097167969,8.38082218170166,8.914159774780273,0.5333375930786133,1,8.38082218170166,8.38082218170166,0,1,1,0.9256578087806702,1,1,0.8421850800514221,1,1
SIHDR_092,SIHDR_092_e04.jpg,85,4,test,14.287712097167969,8.38082218170166,8.825213432312012,0.44439125061035156,1,8.38082218170166,8.38082218170166,0,1,1,0.9215297698974609,1,1,0.8421850800514221,1,1
SIHDR_092,SIHDR_092_e05.jpg,85,5,test,13.287712097167969,8.38082218170166,8.801897048950195,0.42107486724853516,1,8.38082218170166,8.38082218170166,0,1,1,0.9166233539581299,1,1,0.8421850800514221,1,1
SIHDR_092,SIHDR_092_e06.jpg,85,6,test,12.287712097167969,8.38082218170166,8.643850326538086,0.2630281448364258,1,8.38082218170166,8.38082218170166,0,1,1,0.9014565944671631,1,1,0.8421850800514221,1,1
SIHDR_092,SIHDR_092_e07.jpg,85,7,test,11.287712097167969,8.38082218170166,8.437811851501465,0.05698966979980469,1,8.38082218170166,8.38082218170166,0,1,1,0.8789206147193909,1,1,0.8421850800514221,1,1
SIHDR_092,SIHDR_092_e08.jpg,85,8,test,10.287712097167969,8.38082218170166,8.47002124786377,0.08919906616210938,1,8.38082218170166,8.38082218170166,0,1,1,0.8594779372215271,1,1,0.8421850800514221,1,1
SIHDR_092,SIHDR_092_e09.jpg,85,9,test,9.38082218170166,8.38082218170166,8.755391120910645,0.3745689392089844,1,8.38082218170166,8.38082218170166,0,1,1,0.8339169025421143,1,1,0.8421850800514221,0,0
SIHDR_092,SIHDR_092_e10.jpg,85,10,test,8.38082218170166,8.38082218170166,9.368916511535645,0.9880943298339844,1,8.38082218170166,8.38082218170166,0,1,1,0.8026403784751892,1,1,0.8421850800514221,0,0
SIHDR_092,SIHDR_092_e11.jpg,85,11,test,7.380821704864502,8.38082218170166,9.6292142868042,1.248392105102539,1,8.38082218170166,8.38082218170166,0,1,1,0.7661330103874207,1,1,0.8421850800514221,0,0
SIHDR_092,SIHDR_092_e12.jpg,85,12,test,6.321928024291992,8.38082218170166,9.47073745727539,1.0899152755737305,1,8.38082218170166,8.38082218170166,0,1,1,0.7388215661048889,1,1,0.8421850800514221,0,0
SIHDR_092,SIHDR_092_e13.jpg,85,13,test,5.321928024291992,8.38082218170166,9.38841438293457,1.0075922012329102,1,8.38082218170166,8.38082218170166,0,1,1,0.7197815775871277,1,1,0.8421850800514221,0,0
SIHDR_092,SIHDR_092_e14.jpg,85,14,test,4.321928024291992,8.38082218170166,9.228549003601074,0.8477268218994141,1,8.38082218170166,8.38082218170166,0,1,1,0.7038102149963379,1,1,0.8421850800514221,0,0
SIHDR_093,SIHDR_093_e00.jpg,86,0,train,17.194602966308594,11.287712097167969,10.62148380279541,0.6662282943725586,1,11.287712097167969,11.287712097167969,0,1,1,0.9359058141708374,1,1,0.8421850800514221,1,1
SIHDR_093,SIHDR_093_e01.jpg,86,1,train,16.28771209716797,11.287712097167969,10.881755828857422,0.4059562683105469,1,11.287712097167969,11.287712097167969,0,1,1,0.9321236610412598,1,1,0.8421850800514221,1,1
SIHDR_093,SIHDR_093_e02.jpg,86,2,train,15.872674942016602,11.287712097167969,11.014928817749023,0.2727832794189453,1,11.287712097167969,11.287712097167969,0,1,1,0.9273264408111572,1,1,0.8421850800514221,1,1
SIHDR_093,SIHDR_093_e03.jpg,86,3,train,15.287712097167969,11.287712097167969,11.28750991821289,0.000202178955078125,1,11.287712097167969,11.287712097167969,0,1,1,0.9169701337814331,1,1,0.8421850800514221,1,1
SIHDR_093,SIHDR_093_e04.jpg,86,4,train,14.287712097167969,11.287712097167969,11.36955738067627,0.08184528350830078,1,11.287712097167969,11.287712097167969,0,1,1,0.8801022171974182,1,1,0.8421850800514221,1,1
SIHDR_093,SIHDR_093_e05.jpg,86,5,train,13.287712097167969,11.287712097167969,11.102229118347168,0.18548297882080078,1,11.287712097167969,11.287712097167969,0,1,1,0.8525962829589844,1,1,0.8421850800514221,1,1
SIHDR_093,SIHDR_093_e06.jpg,86,6,train,12.287712097167969,11.287712097167969,11.429642677307129,0.14193058013916016,1,11.287712097167969,11.287712097167969,0,1,1,0.8277547359466553,1,1,0.8421850800514221,0,0
SIHDR_093,SIHDR_093_e07.jpg,86,7,train,11.287712097167969,11.287712097167969,11.741423606872559,0.45371150970458984,1,11.287712097167969,11.287712097167969,0,1,1,0.8021719455718994,1,1,0.8421850800514221,0,0
SIHDR_093,SIHDR_093_e08.jpg,86,8,train,10.287712097167969,11.287712097167969,12.241177558898926,0.953465461730957,1,11.287712097167969,11.287712097167969,0,1,1,0.782867968082428,1,1,0.8421850800514221,0,0
SIHDR_093,SIHDR_093_e09.jpg,86,9,train,9.38082218170166,11.287712097167969,12.526692390441895,1.2389802932739258,1,11.287712097167969,11.287712097167969,0,1,1,0.7672867774963379,1,1,0.8421850800514221,0,0
SIHDR_093,SIHDR_093_e10.jpg,86,10,train,8.38082218170166,11.287712097167969,12.410426139831543,1.1227140426635742,1,11.287712097167969,11.287712097167969,0,1,1,0.751063883304596,1,1,0.8421850800514221,0,0
SIHDR_093,SIHDR_093_e11.jpg,86,11,train,7.380821704864502,11.287712097167969,11.976262092590332,0.6885499954223633,1,11.287712097167969,11.287712097167969,0,1,1,0.7380126714706421,1,1,0.8421850800514221,0,0
SIHDR_093,SIHDR_093_e12.jpg,86,12,train,6.321928024291992,11.287712097167969,11.443808555603027,0.1560964584350586,1,11.287712097167969,11.287712097167969,0,1,1,0.7243414521217346,1,1,0.8421850800514221,0,0
SIHDR_093,SIHDR_093_e13.jpg,86,13,train,5.321928024291992,11.287712097167969,10.812634468078613,0.47507762908935547,1,11.287712097167969,11.287712097167969,0,1,1,0.7119195461273193,1,1,0.8421850800514221,0,0
SIHDR_093,SIHDR_093_e14.jpg,86,14,train,4.321928024291992,11.287712097167969,10.12376880645752,1.1639432907104492,1,11.287712097167969,11.287712097167969,0,1,1,0.6996839642524719,1,1,0.8421850800514221,0,0
SIHDR_096,SIHDR_096_e00.jpg,87,0,test,17.194602966308594,17.194602966308594,19.110618591308594,1.916015625,0,17.194602966308594,17.194602966308594,0,0,1,0.8294733762741089,1,0,0.8421850800514221,0,1
SIHDR_096,SIHDR_096_e01.jpg,87,1,test,16.28771209716797,17.194602966308594,18.548776626586914,1.3541736602783203,0,17.194602966308594,17.194602966308594,0,0,1,0.8211253881454468,1,0,0.8421850800514221,0,1
SIHDR_096,SIHDR_096_e02.jpg,87,2,test,15.872674942016602,17.194602966308594,18.28020668029785,1.0856037139892578,0,17.194602966308594,17.194602966308594,0,0,1,0.8173479437828064,1,0,0.8421850800514221,0,1
SIHDR_096,SIHDR_096_e03.jpg,87,3,test,15.287712097167969,17.194602966308594,17.893712997436523,0.6991100311279297,0,17.194602966308594,17.194602966308594,0,0,1,0.811997652053833,1,0,0.8421850800514221,0,1
SIHDR_096,SIHDR_096_e04.jpg,87,4,test,14.287712097167969,17.194602966308594,17.21763801574707,0.023035049438476562,0,17.194602966308594,17.194602966308594,0,0,1,0.8028733134269714,1,0,0.8421850800514221,0,1
SIHDR_096,SIHDR_096_e05.jpg,87,5,test,13.287712097167969,17.194602966308594,16.51898193359375,0.6756210327148438,0,17.194602966308594,17.194602966308594,0,0,1,0.7937548160552979,1,0,0.8421850800514221,0,1
SIHDR_096,SIHDR_096_e06.jpg,87,6,test,12.287712097167969,17.194602966308594,15.811895370483398,1.3827075958251953,0,17.194602966308594,17.194602966308594,0,0,1,0.7844992280006409,1,0,0.8421850800514221,0,1
SIHDR_096,SIHDR_096_e07.jpg,87,7,test,11.287712097167969,17.194602966308594,15.103104591369629,2.091498374938965,0,17.194602966308594,17.194602966308594,0,0,1,0.7750392556190491,1,0,0.8421850800514221,0,1
SIHDR_096,SIHDR_096_e08.jpg,87,8,test,10.287712097167969,17.194602966308594,14.39283275604248,2.8017702102661133,0,17.194602966308594,17.194602966308594,0,0,1,0.7652724385261536,1,0,0.8421850800514221,0,1
SIHDR_096,SIHDR_096_e09.jpg,87,9,test,9.38082218170166,17.194602966308594,13.746212005615234,3.4483909606933594,0,17.194602966308594,17.194602966308594,0,0,1,0.7560932636260986,1,0,0.8421850800514221,0,1
SIHDR_096,SIHDR_096_e10.jpg,87,10,test,8.38082218170166,17.194602966308594,13.032553672790527,4.162049293518066,0,17.194602966308594,17.194602966308594,0,0,1,0.7455065250396729,1,0,0.8421850800514221,0,1
SIHDR_096,SIHDR_096_e11.jpg,87,11,test,7.380821704864502,17.194602966308594,12.318807601928711,4.875795364379883,0,17.194602966308594,17.194602966308594,0,0,1,0.734549343585968,1,0,0.8421850800514221,0,1
SIHDR_096,SIHDR_096_e12.jpg,87,12,test,6.321928024291992,17.194602966308594,11.562939643859863,5.6316633224487305,0,17.194602966308594,17.194602966308594,0,0,1,0.7226270437240601,1,0,0.8421850800514221,0,1
SIHDR_096,SIHDR_096_e13.jpg,87,13,test,5.321928024291992,17.194602966308594,10.849092483520508,6.345510482788086,0,17.194602966308594,17.194602966308594,0,0,1,0.7110713124275208,1,0,0.8421850800514221,0,1
SIHDR_096,SIHDR_096_e14.jpg,87,14,test,4.321928024291992,17.194602966308594,10.135175704956055,7.059427261352539,0,17.194602966308594,17.194602966308594,0,0,1,0.6992470622062683,1,0,0.8421850800514221,0,1
SIHDR_097,SIHDR_097_e00.jpg,88,0,train,17.194602966308594,17.194602966308594,19.10637855529785,1.9117755889892578,0,17.194602966308594,17.194602966308594,0,0,1,0.8280059695243835,1,0,0.8421850800514221,0,1
SIHDR_097,SIHDR_097_e01.jpg,88,1,train,16.28771209716797,17.194602966308594,18.56293487548828,1.3683319091796875,0,17.194602966308594,17.194602966308594,0,0,1,0.8199890851974487,1,0,0.8421850800514221,0,1
SIHDR_097,SIHDR_097_e02.jpg,88,2,train,15.872674942016602,17.194602966308594,18.297861099243164,1.1032581329345703,0,17.194602966308594,17.194602966308594,0,0,1,0.8163673281669617,1,0,0.8421850800514221,0,1
SIHDR_097,SIHDR_097_e03.jpg,88,3,train,15.287712097167969,17.194602966308594,17.910507202148438,0.7159042358398438,0,17.194602966308594,17.194602966308594,0,0,1,0.8112725615501404,1,0,0.8421850800514221,0,1
SIHDR_097,SIHDR_097_e04.jpg,88,4,train,14.287712097167969,17.194602966308594,17.224882125854492,0.030279159545898438,0,17.194602966308594,17.194602966308594,0,0,1,0.8024963140487671,1,0,0.8421850800514221,0,1
SIHDR_097,SIHDR_097_e05.jpg,88,5,train,13.287712097167969,17.194602966308594,16.523344039916992,0.6712589263916016,0,17.194602966308594,17.194602966308594,0,0,1,0.7935630083084106,1,0,0.8421850800514221,0,1
SIHDR_097,SIHDR_097_e06.jpg,88,6,train,12.287712097167969,17.194602966308594,15.815630912780762,1.378972053527832,0,17.194602966308594,17.194602966308594,0,0,1,0.7844018936157227,1,0,0.8421850800514221,0,1
SIHDR_097,SIHDR_097_e07.jpg,88,7,train,11.287712097167969,17.194602966308594,15.104911804199219,2.089691162109375,0,17.194602966308594,17.194602966308594,0,0,1,0.7749831676483154,1,0,0.8421850800514221,0,1
SIHDR_097,SIHDR_097_e08.jpg,88,8,train,10.287712097167969,17.194602966308594,14.392822265625,2.8017807006835938,0,17.194602966308594,17.194602966308594,0,0,1,0.7652469277381897,1,0,0.8421850800514221,0,1
SIHDR_097,SIHDR_097_e09.jpg,88,9,train,9.38082218170166,17.194602966308594,13.746188163757324,3.4484148025512695,0,17.194602966308594,17.194602966308594,0,0,1,0.756080150604248,1,0,0.8421850800514221,0,1
SIHDR_097,SIHDR_097_e10.jpg,88,10,train,8.38082218170166,17.194602966308594,13.032538414001465,4.162064552307129,0,17.194602966308594,17.194602966308594,0,0,1,0.7455009818077087,1,0,0.8421850800514221,0,1
SIHDR_097,SIHDR_097_e11.jpg,88,11,train,7.380821704864502,17.194602966308594,12.318805694580078,4.875797271728516,0,17.194602966308594,17.194602966308594,0,0,1,0.7345467209815979,1,0,0.8421850800514221,0,1
SIHDR_097,SIHDR_097_e12.jpg,88,12,train,6.321928024291992,17.194602966308594,11.562956809997559,5.631646156311035,0,17.194602966308594,17.194602966308594,0,0,1,0.7226256728172302,1,0,0.8421850800514221,0,1
SIHDR_097,SIHDR_097_e13.jpg,88,13,train,5.321928024291992,17.194602966308594,10.84909725189209,6.345505714416504,0,17.194602966308594,17.194602966308594,0,0,1,0.7110705971717834,1,0,0.8421850800514221,0,1
SIHDR_097,SIHDR_097_e14.jpg,88,14,train,4.321928024291992,17.194602966308594,10.135174751281738,7.0594282150268555,0,17.194602966308594,17.194602966308594,0,0,1,0.6992467045783997,1,0,0.8421850800514221,0,1
SIHDR_098,SIHDR_098_e00.jpg,89,0,train,17.194602966308594,17.194602966308594,19.066198348999023,1.8715953826904297,0,17.194602966308594,17.194602966308594,0,0,1,0.8291112184524536,1,0,0.8421850800514221,0,1
SIHDR_098,SIHDR_098_e01.jpg,89,1,train,16.28771209716797,17.194602966308594,18.53143882751465,1.3368358612060547,0,17.194602966308594,17.194602966308594,0,0,1,0.8206785321235657,1,0,0.8421850800514221,0,1
SIHDR_098,SIHDR_098_e02.jpg,89,2,train,15.872674942016602,17.194602966308594,18.267709732055664,1.0731067657470703,0,17.194602966308594,17.194602966308594,0,0,1,0.81693434715271,1,0,0.8421850800514221,0,1
SIHDR_098,SIHDR_098_e03.jpg,89,3,train,15.287712097167969,17.194602966308594,17.88496971130371,0.6903667449951172,0,17.194602966308594,17.194602966308594,0,0,1,0.8117214441299438,1,0,0.8421850800514221,0,1
SIHDR_098,SIHDR_098_e04.jpg,89,4,train,14.287712097167969,17.194602966308594,17.2128963470459,0.018293380737304688,0,17.194602966308594,17.194602966308594,0,0,1,0.8027706146240234,1,0,0.8421850800514221,0,1
SIHDR_098,SIHDR_098_e05.jpg,89,5,train,13.287712097167969,17.194602966308594,16.518653869628906,0.6759490966796875,0,17.194602966308594,17.194602966308594,0,0,1,0.7937247157096863,1,0,0.8421850800514221,0,1
SIHDR_098,SIHDR_098_e06.jpg,89,6,train,12.287712097167969,17.194602966308594,15.813459396362305,1.381143569946289,0,17.194602966308594,17.194602966308594,0,0,1,0.7844974994659424,1,0,0.8421850800514221,0,1
SIHDR_098,SIHDR_098_e07.jpg,89,7,train,11.287712097167969,17.194602966308594,15.103700637817383,2.090902328491211,0,17.194602966308594,17.194602966308594,0,0,1,0.7750392556190491,1,0,0.8421850800514221,0,1
SIHDR_098,SIHDR_098_e08.jpg,89,8,train,10.287712097167969,17.194602966308594,14.392041206359863,2.8025617599487305,0,17.194602966308594,17.194602966308594,0,0,1,0.7652794718742371,1,0,0.8421850800514221,0,1
SIHDR_098,SIHDR_098_e09.jpg,89,9,train,9.38082218170166,17.194602966308594,13.745650291442871,3.4489526748657227,0,17.194602966308594,17.194602966308594,0,0,1,0.7560999393463135,1,0,0.8421850800514221,0,1
SIHDR_098,SIHDR_098_e10.jpg,89,10,train,8.38082218170166,17.194602966308594,13.032224655151367,4.162378311157227,0,17.194602966308594,17.194602966308594,0,0,1,0.7455095648765564,1,0,0.8421850800514221,0,1
SIHDR_098,SIHDR_098_e11.jpg,89,11,train,7.380821704864502,17.194602966308594,12.318628311157227,4.875974655151367,0,17.194602966308594,17.194602966308594,0,0,1,0.7345511317253113,1,0,0.8421850800514221,0,1
SIHDR_098,SIHDR_098_e12.jpg,89,12,train,6.321928024291992,17.194602966308594,11.562857627868652,5.631745338439941,0,17.194602966308594,17.194602966308594,0,0,1,0.7226279973983765,1,0,0.8421850800514221,0,1
SIHDR_098,SIHDR_098_e13.jpg,89,13,train,5.321928024291992,17.194602966308594,10.849043846130371,6.345559120178223,0,17.194602966308594,17.194602966308594,0,0,1,0.7110716700553894,1,0,0.8421850800514221,0,1
SIHDR_098,SIHDR_098_e14.jpg,89,14,train,4.321928024291992,17.194602966308594,10.135148048400879,7.059454917907715,0,17.194602966308594,17.194602966308594,0,0,1,0.6992473006248474,1,0,0.8421850800514221,0,1
SIHDR_099,SIHDR_099_e00.jpg,90,0,train,17.194602966308594,17.194602966308594,18.829082489013672,1.6344795227050781,0,17.194602966308594,17.194602966308594,0,0,1,0.8314610719680786,1,0,0.8421850800514221,0,1
SIHDR_099,SIHDR_099_e01.jpg,90,1,train,16.28771209716797,17.194602966308594,18.397069931030273,1.2024669647216797,0,17.194602966308594,17.194602966308594,0,0,1,0.8222675323486328,1,0,0.8421850800514221,0,1
SIHDR_099,SIHDR_099_e02.jpg,90,2,train,15.872674942016602,17.194602966308594,18.172164916992188,0.9775619506835938,0,17.194602966308594,17.194602966308594,0,0,1,0.8181489706039429,1,0,0.8421850800514221,0,1
SIHDR_099,SIHDR_099_e03.jpg,90,3,train,15.287712097167969,17.194602966308594,17.817415237426758,0.6228122711181641,0,17.194602966308594,17.194602966308594,0,0,1,0.8125755190849304,1,0,0.8421850800514221,0,1
SIHDR_099,SIHDR_099_e04.jpg,90,4,train,14.287712097167969,17.194602966308594,17.16793441772461,0.026668548583984375,0,17.194602966308594,17.194602966308594,0,0,1,0.8033430576324463,1,0,0.8421850800514221,0,1
SIHDR_099,SIHDR_099_e05.jpg,90,5,train,13.287712097167969,17.194602966308594,16.50128936767578,0.6933135986328125,0,17.194602966308594,17.194602966308594,0,0,1,0.794005811214447,1,0,0.8421850800514221,0,1
SIHDR_099,SIHDR_099_e06.jpg,90,6,train,12.287712097167969,17.194602966308594,15.805550575256348,1.389052391052246,0,17.194602966308594,17.194602966308594,0,0,1,0.7846322059631348,1,0,0.8421850800514221,0,1
SIHDR_099,SIHDR_099_e07.jpg,90,7,train,11.287712097167969,17.194602966308594,15.099505424499512,2.095097541809082,0,17.194602966308594,17.194602966308594,0,0,1,0.7751017212867737,1,0,0.8421850800514221,0,1
SIHDR_099,SIHDR_099_e08.jpg,90,8,train,10.287712097167969,17.194602966308594,14.390244483947754,2.80435848236084,0,17.194602966308594,17.194602966308594,0,0,1,0.7653118968009949,1,0,0.8421850800514221,0,1
SIHDR_099,SIHDR_099_e09.jpg,90,9,train,9.38082218170166,17.194602966308594,13.745635032653809,3.448967933654785,0,17.194602966308594,17.194602966308594,0,0,1,0.7561142444610596,1,0,0.8421850800514221,0,1
SIHDR_099,SIHDR_099_e10.jpg,90,10,train,8.38082218170166,17.194602966308594,13.032509803771973,4.162093162536621,0,17.194602966308594,17.194602966308594,0,0,1,0.7455130219459534,1,0,0.8421850800514221,0,1
SIHDR_099,SIHDR_099_e11.jpg,90,11,train,7.380821704864502,17.194602966308594,12.318769454956055,4.875833511352539,0,17.194602966308594,17.194602966308594,0,0,1,0.734552800655365,1,0,0.8421850800514221,0,1
SIHDR_099,SIHDR_099_e12.jpg,90,12,train,6.321928024291992,17.194602966308594,11.562928199768066,5.631674766540527,0,17.194602966308594,17.194602966308594,0,0,1,0.7226288318634033,1,0,0.8421850800514221,0,1
SIHDR_099,SIHDR_099_e13.jpg,90,13,train,5.321928024291992,17.194602966308594,10.849095344543457,6.345507621765137,0,17.194602966308594,17.194602966308594,0,0,1,0.7110721468925476,1,0,0.8421850800514221,0,1
SIHDR_099,SIHDR_099_e14.jpg,90,14,train,4.321928024291992,17.194602966308594,10.135176658630371,7.059426307678223,0,17.194602966308594,17.194602966308594,0,0,1,0.6992475986480713,1,0,0.8421850800514221,0,1
SIHDR_100,SIHDR_100_e00.jpg,91,0,train,17.194602966308594,17.194602966308594,18.998146057128906,1.8035430908203125,0,17.194602966308594,17.194602966308594,0,0,1,0.827609121799469,1,0,0.8421850800514221,0,1
SIHDR_100,SIHDR_100_e01.jpg,91,1,train,16.28771209716797,17.194602966308594,18.46763801574707,1.2730350494384766,0,17.194602966308594,17.194602966308594,0,0,1,0.8198532462120056,1,0,0.8421850800514221,0,1
SIHDR_100,SIHDR_100_e02.jpg,91,2,train,15.872674942016602,17.194602966308594,18.207271575927734,1.0126686096191406,0,17.194602966308594,17.194602966308594,0,0,1,0.8163193464279175,1,0,0.8421850800514221,0,1
SIHDR_100,SIHDR_100_e03.jpg,91,3,train,15.287712097167969,17.194602966308594,17.827116012573242,0.6325130462646484,0,17.194602966308594,17.194602966308594,0,0,1,0.8113387227058411,1,0,0.8421850800514221,0,1
SIHDR_100,SIHDR_100_e04.jpg,91,4,train,14.287712097167969,17.194602966308594,17.159727096557617,0.03487586975097656,0,17.194602966308594,17.194602966308594,0,0,1,0.8026712536811829,1,0,0.8421850800514221,0,1
SIHDR_100,SIHDR_100_e05.jpg,91,5,train,13.287712097167969,17.194602966308594,16.477144241333008,0.7174587249755859,0,17.194602966308594,17.194602966308594,0,0,1,0.793738603591919,1,0,0.8421850800514221,0,1
SIHDR_100,SIHDR_100_e06.jpg,91,6,train,12.287712097167969,17.194602966308594,15.787483215332031,1.4071197509765625,0,17.194602966308594,17.194602966308594,0,0,1,0.7845100164413452,1,0,0.8421850800514221,0,1
SIHDR_100,SIHDR_100_e07.jpg,91,7,train,11.287712097167969,17.194602966308594,15.087825775146484,2.1067771911621094,0,17.194602966308594,17.194602966308594,0,0,1,0.77503502368927,1,0,0.8421850800514221,0,1
SIHDR_100,SIHDR_100_e08.jpg,91,8,train,10.287712097167969,17.194602966308594,14.381525993347168,2.813076972961426,0,17.194602966308594,17.194602966308594,0,0,1,0.765292763710022,1,0,0.8421850800514221,0,1
SIHDR_100,SIHDR_100_e09.jpg,91,9,train,9.38082218170166,17.194602966308594,13.738133430480957,3.4564695358276367,0,17.194602966308594,17.194602966308594,0,0,1,0.7561038732528687,1,0,0.8421850800514221,0,1
SIHDR_100,SIHDR_100_e10.jpg,91,10,train,8.38082218170166,17.194602966308594,13.028501510620117,4.166101455688477,0,17.194602966308594,17.194602966308594,0,0,1,0.7455276846885681,1,0,0.8421850800514221,0,1
SIHDR_100,SIHDR_100_e11.jpg,91,11,train,7.380821704864502,17.194602966308594,12.318012237548828,4.876590728759766,0,17.194602966308594,17.194602966308594,0,0,1,0.734555721282959,1,0,0.8421850800514221,0,1
SIHDR_100,SIHDR_100_e12.jpg,91,12,train,6.321928024291992,17.194602966308594,11.562607765197754,5.63199520111084,0,17.194602966308594,17.194602966308594,0,0,1,0.722629964351654,1,0,0.8421850800514221,0,1
SIHDR_100,SIHDR_100_e13.jpg,91,13,train,5.321928024291992,17.194602966308594,10.84892463684082,6.345678329467773,0,17.194602966308594,17.194602966308594,0,0,1,0.7110728621482849,1,0,0.8421850800514221,0,1
SIHDR_100,SIHDR_100_e14.jpg,91,14,train,4.321928024291992,17.194602966308594,10.135102272033691,7.059500694274902,0,17.194602966308594,17.194602966308594,0,0,1,0.6992467045783997,1,0,0.8421850800514221,0,1
SIHDR_101,SIHDR_101_e00.jpg,92,0,train,17.194602966308594,17.194602966308594,19.173805236816406,1.9792022705078125,0,17.194602966308594,17.194602966308594,0,0,1,0.8271674513816833,1,0,0.8421850800514221,0,1
SIHDR_101,SIHDR_101_e01.jpg,92,1,train,16.28771209716797,17.194602966308594,18.595041275024414,1.4004383087158203,0,17.194602966308594,17.194602966308594,0,0,1,0.819504976272583,1,0,0.8421850800514221,0,1
SIHDR_101,SIHDR_101_e02.jpg,92,2,train,15.872674942016602,17.194602966308594,18.320478439331055,1.125875473022461,0,17.194602966308594,17.194602966308594,0,0,1,0.8159930109977722,1,0,0.8421850800514221,0,1
SIHDR_101,SIHDR_101_e03.jpg,92,3,train,15.287712097167969,17.194602966308594,17.924551010131836,0.7299480438232422,0,17.194602966308594,17.194602966308594,0,0,1,0.8110026121139526,1,0,0.8421850800514221,0,1
SIHDR_101,SIHDR_101_e04.jpg,92,4,train,14.287712097167969,17.194602966308594,17.23124122619629,0.03663825988769531,0,17.194602966308594,17.194602966308594,0,0,1,0.8023475408554077,1,0,0.8421850800514221,0,1
SIHDR_101,SIHDR_101_e05.jpg,92,5,train,13.287712097167969,17.194602966308594,16.52638816833496,0.6682147979736328,0,17.194602966308594,17.194602966308594,0,0,1,0.7934818267822266,1,0,0.8421850800514221,0,1
SIHDR_101,SIHDR_101_e06.jpg,92,6,train,12.287712097167969,17.194602966308594,15.816880226135254,1.3777227401733398,0,17.194602966308594,17.194602966308594,0,0,1,0.7843579053878784,1,0,0.8421850800514221,0,1
SIHDR_101,SIHDR_101_e07.jpg,92,7,train,11.287712097167969,17.194602966308594,15.105445861816406,2.0891571044921875,0,17.194602966308594,17.194602966308594,0,0,1,0.7749603390693665,1,0,0.8421850800514221,0,1
SIHDR_101,SIHDR_101_e08.jpg,92,8,train,10.287712097167969,17.194602966308594,14.393064498901367,2.8015384674072266,0,17.194602966308594,17.194602966308594,0,0,1,0.7652344107627869,1,0,0.8421850800514221,0,1
SIHDR_101,SIHDR_101_e09.jpg,92,9,train,9.38082218170166,17.194602966308594,13.746318817138672,3.448284149169922,0,17.194602966308594,17.194602966308594,0,0,1,0.7560734152793884,1,0,0.8421850800514221,0,1
SIHDR_101,SIHDR_101_e10.jpg,92,10,train,8.38082218170166,17.194602966308594,13.03262710571289,4.161975860595703,0,17.194602966308594,17.194602966308594,0,0,1,0.7454969882965088,1,0,0.8421850800514221,0,1
SIHDR_101,SIHDR_101_e11.jpg,92,11,train,7.380821704864502,17.194602966308594,12.31884765625,4.875755310058594,0,17.194602966308594,17.194602966308594,0,0,1,0.7345446348190308,1,0,0.8421850800514221,0,1
SIHDR_101,SIHDR_101_e12.jpg,92,12,train,6.321928024291992,17.194602966308594,11.562971115112305,5.631631851196289,0,17.194602966308594,17.194602966308594,0,0,1,0.7226245999336243,1,0,0.8421850800514221,0,1
SIHDR_101,SIHDR_101_e13.jpg,92,13,train,5.321928024291992,17.194602966308594,10.849102973937988,6.3454999923706055,0,17.194602966308594,17.194602966308594,0,0,1,0.7110700607299805,1,0,0.8421850800514221,0,1
SIHDR_101,SIHDR_101_e14.jpg,92,14,train,4.321928024291992,17.194602966308594,10.135178565979004,7.05942440032959,0,17.194602966308594,17.194602966308594,0,0,1,0.699246346950531,1,0,0.8421850800514221,0,1
SIHDR_103,SIHDR_103_e00.jpg,93,0,train,17.194602966308594,17.194602966308594,19.004331588745117,1.8097286224365234,0,17.194602966308594,17.194602966308594,0,,0,0.8426277041435242,1,,0.8421850800514221,1,
SIHDR_103,SIHDR_103_e01.jpg,93,1,train,16.28771209716797,17.194602966308594,18.528898239135742,1.3342952728271484,0,17.194602966308594,17.194602966308594,0,,0,0.8340117931365967,1,,0.8421850800514221,0,
SIHDR_103,SIHDR_103_e02.jpg,93,2,train,15.872674942016602,17.194602966308594,18.271398544311523,1.0767955780029297,0,17.194602966308594,17.194602966308594,0,,0,0.8296149969100952,1,,0.8421850800514221,0,
SIHDR_103,SIHDR_103_e03.jpg,93,3,train,15.287712097167969,17.194602966308594,17.879993438720703,0.6853904724121094,0,17.194602966308594,17.194602966308594,0,,0,0.8229453563690186,1,,0.8421850800514221,0,
SIHDR_103,SIHDR_103_e04.jpg,93,4,train,14.287712097167969,17.194602966308594,17.19596290588379,0.0013599395751953125,0,17.194602966308594,17.194602966308594,0,,0,0.8109379410743713,1,,0.8421850800514221,0,
SIHDR_103,SIHDR_103_e05.jpg,93,5,train,13.287712097167969,17.194602966308594,16.49504280090332,0.6995601654052734,0,17.194602966308594,17.194602966308594,0,,0,0.7995408177375793,1,,0.8421850800514221,0,
SIHDR_103,SIHDR_103_e06.jpg,93,6,train,12.287712097167969,17.194602966308594,15.777804374694824,1.4167985916137695,0,17.194602966308594,17.194602966308594,0,,0,0.7881699800491333,1,,0.8421850800514221,0,
SIHDR_103,SIHDR_103_e07.jpg,93,7,train,11.287712097167969,17.194602966308594,15.071091651916504,2.12351131439209,0,17.194602966308594,17.194602966308594,0,,0,0.7771387100219727,1,,0.8421850800514221,0,
SIHDR_103,SIHDR_103_e08.jpg,93,8,train,10.287712097167969,17.194602966308594,14.370903015136719,2.823699951171875,0,17.194602966308594,17.194602966308594,0,,0,0.766411304473877,1,,0.8421850800514221,0,
SIHDR_103,SIHDR_103_e09.jpg,93,9,train,9.38082218170166,17.194602966308594,13.7315092086792,3.4630937576293945,0,17.194602966308594,17.194602966308594,0,,0,0.7567093968391418,1,,0.8421850800514221,0,
SIHDR_103,SIHDR_103_e10.jpg,93,10,train,8.38082218170166,17.194602966308594,13.023289680480957,4.171313285827637,0,17.194602966308594,17.194602966308594,0,,0,0.7458948493003845,1,,0.8421850800514221,0,
SIHDR_103,SIHDR_103_e11.jpg,93,11,train,7.380821704864502,17.194602966308594,12.31579875946045,4.8788042068481445,0,17.194602966308594,17.194602966308594,0,,0,0.7347447872161865,1,,0.8421850800514221,0,
SIHDR_103,SIHDR_103_e12.jpg,93,12,train,6.321928024291992,17.194602966308594,11.561369895935059,5.633233070373535,0,17.194602966308594,17.194602966308594,0,,0,0.7227213382720947,1,,0.8421850800514221,0,
SIHDR_103,SIHDR_103_e13.jpg,93,13,train,5.321928024291992,17.194602966308594,10.848129272460938,6.346473693847656,0,17.194602966308594,17.194602966308594,0,,0,0.7111225128173828,1,,0.8421850800514221,0,
SIHDR_103,SIHDR_103_e14.jpg,93,14,train,4.321928024291992,17.194602966308594,10.134968757629395,7.059634208679199,0,17.194602966308594,17.194602966308594,0,,0,0.6992744207382202,1,,0.8421850800514221,0,
SIHDR_104,SIHDR_104_e00.jpg,94,0,train,17.194602966308594,17.194602966308594,19.14240074157715,1.9477977752685547,0,17.194602966308594,17.194602966308594,0,0,1,0.8281851410865784,1,0,0.8421850800514221,0,1
SIHDR_104,SIHDR_104_e01.jpg,94,1,train,16.28771209716797,17.194602966308594,18.57170295715332,1.3770999908447266,0,17.194602966308594,17.194602966308594,0,0,1,0.820174515247345,1,0,0.8421850800514221,0,1
SIHDR_104,SIHDR_104_e02.jpg,94,2,train,15.872674942016602,17.194602966308594,18.294328689575195,1.0997257232666016,0,17.194602966308594,17.194602966308594,0,0,1,0.8165544867515564,1,0,0.8421850800514221,0,1
SIHDR_104,SIHDR_104_e03.jpg,94,3,train,15.287712097167969,17.194602966308594,17.896005630493164,0.7014026641845703,0,17.194602966308594,17.194602966308594,0,0,1,0.8114504218101501,1,0,0.8421850800514221,0,1
SIHDR_104,SIHDR_104_e04.jpg,94,4,train,14.287712097167969,17.194602966308594,17.204843521118164,0.010240554809570312,0,17.194602966308594,17.194602966308594,0,0,1,0.8026354312896729,1,0,0.8421850800514221,0,1
SIHDR_104,SIHDR_104_e05.jpg,94,5,train,13.287712097167969,17.194602966308594,16.50421905517578,0.6903839111328125,0,17.194602966308594,17.194602966308594,0,0,1,0.7936511039733887,1,0,0.8421850800514221,0,1
SIHDR_104,SIHDR_104_e06.jpg,94,6,train,12.287712097167969,17.194602966308594,15.799530982971191,1.3950719833374023,0,17.194602966308594,17.194602966308594,0,0,1,0.784460186958313,1,0,0.8421850800514221,0,1
SIHDR_104,SIHDR_104_e07.jpg,94,7,train,11.287712097167969,17.194602966308594,15.092936515808105,2.1016664505004883,0,17.194602966308594,17.194602966308594,0,0,1,0.7750271558761597,1,0,0.8421850800514221,0,1
SIHDR_104,SIHDR_104_e08.jpg,94,8,train,10.287712097167969,17.194602966308594,14.384720802307129,2.809882164001465,0,17.194602966308594,17.194602966308594,0,0,1,0.7652944922447205,1,0,0.8421850800514221,0,1
SIHDR_104,SIHDR_104_e09.jpg,94,9,train,9.38082218170166,17.194602966308594,13.740935325622559,3.453667640686035,0,17.194602966308594,17.194602966308594,0,0,1,0.7561161518096924,1,0,0.8421850800514221,0,1
SIHDR_104,SIHDR_104_e10.jpg,94,10,train,8.38082218170166,17.194602966308594,13.029227256774902,4.165375709533691,0,17.194602966308594,17.194602966308594,0,0,1,0.7455312013626099,1,0,0.8421850800514221,0,1
SIHDR_104,SIHDR_104_e11.jpg,94,11,train,7.380821704864502,17.194602966308594,12.31701374053955,4.877589225769043,0,17.194602966308594,17.194602966308594,0,0,1,0.7345631718635559,1,0,0.8421850800514221,0,1
SIHDR_104,SIHDR_104_e12.jpg,94,12,train,6.321928024291992,17.194602966308594,11.561989784240723,5.632613182067871,0,17.194602966308594,17.194602966308594,0,0,1,0.7226345539093018,1,0,0.8421850800514221,0,1
SIHDR_104,SIHDR_104_e13.jpg,94,13,train,5.321928024291992,17.194602966308594,10.848628997802734,6.345973968505859,0,17.194602966308594,17.194602966308594,0,0,1,0.7110751867294312,1,0,0.8421850800514221,0,1
SIHDR_104,SIHDR_104_e14.jpg,94,14,train,4.321928024291992,17.194602966308594,10.134968757629395,7.059634208679199,0,17.194602966308594,17.194602966308594,0,0,1,0.6992487907409668,1,0,0.8421850800514221,0,1
SIHDR_105,SIHDR_105_e00.jpg,95,0,train,17.194602966308594,17.194602966308594,17.732885360717773,0.5382823944091797,0,17.194602966308594,17.194602966308594,0,,0,0.8317829966545105,1,,0.8421850800514221,0,
SIHDR_105,SIHDR_105_e01.jpg,95,1,train,16.28771209716797,17.194602966308594,17.581239700317383,0.38663673400878906,0,17.194602966308594,17.194602966308594,0,,0,0.8205118775367737,1,,0.8421850800514221,0,
SIHDR_105,SIHDR_105_e02.jpg,95,2,train,15.872674942016602,17.194602966308594,17.44025993347168,0.24565696716308594,0,17.194602966308594,17.194602966308594,0,,0,0.8158561587333679,1,,0.8421850800514221,0,
SIHDR_105,SIHDR_105_e03.jpg,95,3,train,15.287712097167969,17.194602966308594,17.20484733581543,0.010244369506835938,0,17.194602966308594,17.194602966308594,0,,0,0.8097925186157227,1,,0.8421850800514221,0,
SIHDR_105,SIHDR_105_e04.jpg,95,4,train,14.287712097167969,17.194602966308594,16.707040786743164,0.4875621795654297,0,17.194602966308594,17.194602966308594,0,,0,0.8006055951118469,1,,0.8421850800514221,0,
SIHDR_105,SIHDR_105_e05.jpg,95,5,train,13.287712097167969,17.194602966308594,16.16997528076172,1.024627685546875,0,17.194602966308594,17.194602966308594,0,,0,0.7915801405906677,1,,0.8421850800514221,0,
SIHDR_105,SIHDR_105_e06.jpg,95,6,train,12.287712097167969,17.194602966308594,15.580349922180176,1.614253044128418,0,17.194602966308594,17.194602966308594,0,,0,0.7824699878692627,1,,0.8421850800514221,0,
SIHDR_105,SIHDR_105_e07.jpg,95,7,train,11.287712097167969,17.194602966308594,14.96141529083252,2.233187675476074,0,17.194602966308594,17.194602966308594,0,,0,0.7736718058586121,1,,0.8421850800514221,0,
SIHDR_105,SIHDR_105_e08.jpg,95,8,train,10.287712097167969,17.194602966308594,14.305615425109863,2.8889875411987305,0,17.194602966308594,17.194602966308594,0,,0,0.7644506692886353,1,,0.8421850800514221,0,
SIHDR_105,SIHDR_105_e09.jpg,95,9,train,9.38082218170166,17.194602966308594,13.689788818359375,3.5048141479492188,0,17.194602966308594,17.194602966308594,0,,0,0.7556888461112976,1,,0.8421850800514221,0,
SIHDR_105,SIHDR_105_e10.jpg,95,10,train,8.38082218170166,17.194602966308594,12.996278762817383,4.198324203491211,0,17.194602966308594,17.194602966308594,0,,0,0.7452682256698608,1,,0.8421850800514221,0,
SIHDR_105,SIHDR_105_e11.jpg,95,11,train,7.380821704864502,17.194602966308594,12.29799747467041,4.896605491638184,0,17.194602966308594,17.194602966308594,0,,0,0.7344193458557129,1,,0.8421850800514221,0,
SIHDR_105,SIHDR_105_e12.jpg,95,12,train,6.321928024291992,17.194602966308594,11.55279541015625,5.641807556152344,0,17.194602966308594,17.194602966308594,0,,0,0.7225292325019836,1,,0.8421850800514221,0,
SIHDR_105,SIHDR_105_e13.jpg,95,13,train,5.321928024291992,17.194602966308594,10.84296703338623,6.351635932922363,0,17.194602966308594,17.194602966308594,0,,0,0.7110057473182678,1,,0.8421850800514221,0,
SIHDR_105,SIHDR_105_e14.jpg,95,14,train,4.321928024291992,17.194602966308594,10.13211441040039,7.062488555908203,0,17.194602966308594,17.194602966308594,0,,0,0.6991994380950928,1,,0.8421850800514221,0,
SIHDR_106,SIHDR_106_e00.jpg,96,0,train,17.194602966308594,17.194602966308594,16.410478591918945,0.7841243743896484,0,17.194602966308594,17.194602966308594,0,1,1,0.8422357439994812,1,1,0.8421850800514221,1,1
SIHDR_106,SIHDR_106_e01.jpg,96,1,train,16.28771209716797,17.194602966308594,16.70862579345703,0.4859771728515625,0,17.194602966308594,17.194602966308594,0,1,1,0.8289059996604919,1,1,0.8421850800514221,0,0
SIHDR_106,SIHDR_106_e02.jpg,96,2,train,15.872674942016602,17.194602966308594,16.78089141845703,0.4137115478515625,0,17.194602966308594,17.194602966308594,0,1,1,0.8232400417327881,1,1,0.8421850800514221,0,0
SIHDR_106,SIHDR_106_e03.jpg,96,3,train,15.287712097167969,17.194602966308594,16.797029495239258,0.39757347106933594,0,17.194602966308594,17.194602966308594,0,1,1,0.8156395554542542,1,1,0.8421850800514221,0,0
SIHDR_106,SIHDR_106_e04.jpg,96,4,train,14.287712097167969,17.194602966308594,16.574016571044922,0.6205863952636719,0,17.194602966308594,17.194602966308594,0,1,1,0.8046882748603821,1,1,0.8421850800514221,0,0
SIHDR_106,SIHDR_106_e05.jpg,96,5,train,13.287712097167969,17.194602966308594,16.105690002441406,1.0889129638671875,0,17.194602966308594,17.194602966308594,0,1,1,0.7948840856552124,1,1,0.8421850800514221,0,0
SIHDR_106,SIHDR_106_e06.jpg,96,6,train,12.287712097167969,17.194602966308594,15.54822063446045,1.6463823318481445,0,17.194602966308594,17.194602966308594,0,1,1,0.7852916121482849,1,1,0.8421850800514221,0,0
SIHDR_106,SIHDR_106_e07.jpg,96,7,train,11.287712097167969,17.194602966308594,14.962594032287598,2.232008934020996,0,17.194602966308594,17.194602966308594,0,1,1,0.7755336165428162,1,1,0.8421850800514221,0,0
SIHDR_106,SIHDR_106_e08.jpg,96,8,train,10.287712097167969,17.194602966308594,14.326189994812012,2.868412971496582,0,17.194602966308594,17.194602966308594,0,1,1,0.7655740976333618,1,1,0.8421850800514221,0,0
SIHDR_106,SIHDR_106_e09.jpg,96,9,train,9.38082218170166,17.194602966308594,13.708922386169434,3.48568058013916,0,17.194602966308594,17.194602966308594,0,1,1,0.7563438415527344,1,1,0.8421850800514221,0,0
SIHDR_106,SIHDR_106_e10.jpg,96,10,train,8.38082218170166,17.194602966308594,13.008893013000488,4.1857099533081055,0,17.194602966308594,17.194602966308594,0,1,1,0.745709240436554,1,1,0.8421850800514221,0,0
SIHDR_106,SIHDR_106_e11.jpg,96,11,train,7.380821704864502,17.194602966308594,12.306015014648438,4.888587951660156,0,17.194602966308594,17.194602966308594,0,1,1,0.7346507906913757,1,1,0.8421850800514221,0,0
SIHDR_106,SIHDR_106_e12.jpg,96,12,train,6.321928024291992,17.194602966308594,11.558083534240723,5.636519432067871,0,17.194602966308594,17.194602966308594,0,1,1,0.7226654887199402,1,1,0.8421850800514221,0,0
SIHDR_106,SIHDR_106_e13.jpg,96,13,train,5.321928024291992,17.194602966308594,10.84567642211914,6.348926544189453,0,17.194602966308594,17.194602966308594,0,1,1,0.7110928297042847,1,1,0.8421850800514221,0,0
SIHDR_106,SIHDR_106_e14.jpg,96,14,train,4.321928024291992,17.194602966308594,10.132793426513672,7.061809539794922,0,17.194602966308594,17.194602966308594,0,1,1,0.699256420135498,1,1,0.8421850800514221,0,0
SIHDR_107,SIHDR_107_e00.jpg,97,0,train,17.194602966308594,17.194602966308594,17.14232063293457,0.05228233337402344,0,17.194602966308594,17.194602966308594,0,1,1,0.8321003317832947,1,1,0.8421850800514221,0,0
SIHDR_107,SIHDR_107_e01.jpg,97,1,train,16.28771209716797,17.194602966308594,17.150480270385742,0.04412269592285156,0,17.194602966308594,17.194602966308594,0,1,1,0.8252578377723694,1,1,0.8421850800514221,0,0
SIHDR_107,SIHDR_107_e02.jpg,97,2,train,15.872674942016602,17.194602966308594,17.062284469604492,0.13231849670410156,0,17.194602966308594,17.194602966308594,0,1,1,0.8230282664299011,1,1,0.8421850800514221,0,0
SIHDR_107,SIHDR_107_e03.jpg,97,3,train,15.287712097167969,17.194602966308594,16.945283889770508,0.24931907653808594,0,17.194602966308594,17.194602966308594,0,1,1,0.8176905512809753,1,1,0.8421850800514221,0,0
SIHDR_107,SIHDR_107_e04.jpg,97,4,train,14.287712097167969,17.194602966308594,16.728666305541992,0.46593666076660156,0,17.194602966308594,17.194602966308594,0,1,1,0.8067554831504822,1,1,0.8421850800514221,0,0
SIHDR_107,SIHDR_107_e05.jpg,97,5,train,13.287712097167969,17.194602966308594,16.203205108642578,0.9913978576660156,0,17.194602966308594,17.194602966308594,0,1,1,0.7966341972351074,1,1,0.8421850800514221,0,0
SIHDR_107,SIHDR_107_e06.jpg,97,6,train,12.287712097167969,17.194602966308594,15.637840270996094,1.5567626953125,0,17.194602966308594,17.194602966308594,0,1,1,0.7866379022598267,1,1,0.8421850800514221,0,0
SIHDR_107,SIHDR_107_e07.jpg,97,7,train,11.287712097167969,17.194602966308594,15.001288414001465,2.193314552307129,0,17.194602966308594,17.194602966308594,0,1,1,0.7764335870742798,1,1,0.8421850800514221,0,0
SIHDR_107,SIHDR_107_e08.jpg,97,8,train,10.287712097167969,17.194602966308594,14.327657699584961,2.866945266723633,0,17.194602966308594,17.194602966308594,0,1,1,0.7661807537078857,1,1,0.8421850800514221,0,0
SIHDR_107,SIHDR_107_e09.jpg,97,9,train,9.38082218170166,17.194602966308594,13.711012840270996,3.4835901260375977,0,17.194602966308594,17.194602966308594,0,1,1,0.7567536234855652,1,1,0.8421850800514221,0,0
SIHDR_107,SIHDR_107_e10.jpg,97,10,train,8.38082218170166,17.194602966308594,13.020430564880371,4.174172401428223,0,17.194602966308594,17.194602966308594,0,1,1,0.7458512187004089,1,1,0.8421850800514221,0,0
SIHDR_107,SIHDR_107_e11.jpg,97,11,train,7.380821704864502,17.194602966308594,12.314361572265625,4.880241394042969,0,17.194602966308594,17.194602966308594,0,1,1,0.7347201108932495,1,1,0.8421850800514221,0,0
SIHDR_107,SIHDR_107_e12.jpg,97,12,train,6.321928024291992,17.194602966308594,11.560917854309082,5.633685111999512,0,17.194602966308594,17.194602966308594,0,1,1,0.7227117419242859,1,1,0.8421850800514221,0,0
SIHDR_107,SIHDR_107_e13.jpg,97,13,train,5.321928024291992,17.194602966308594,10.847784996032715,6.346817970275879,0,17.194602966308594,17.194602966308594,0,1,1,0.7111126780509949,1,1,0.8421850800514221,0,0
SIHDR_107,SIHDR_107_e14.jpg,97,14,train,4.321928024291992,17.194602966308594,10.134468078613281,7.0601348876953125,0,17.194602966308594,17.194602966308594,0,1,1,0.6992698907852173,1,1,0.8421850800514221,0,0
SIHDR_108,SIHDR_108_e00.jpg,98,0,train,17.194602966308594,17.194602966308594,18.052804946899414,0.8582019805908203,0,17.194602966308594,17.194602966308594,0,0,1,0.8323804140090942,1,0,0.8421850800514221,0,1
SIHDR_108,SIHDR_108_e01.jpg,98,1,train,16.28771209716797,17.194602966308594,17.768552780151367,0.5739498138427734,0,17.194602966308594,17.194602966308594,0,0,1,0.8228182196617126,1,0,0.8421850800514221,0,1
SIHDR_108,SIHDR_108_e02.jpg,98,2,train,15.872674942016602,17.194602966308594,17.678483963012695,0.48388099670410156,0,17.194602966308594,17.194602966308594,0,0,1,0.8192883133888245,1,0,0.8421850800514221,0,1
SIHDR_108,SIHDR_108_e03.jpg,98,3,train,15.287712097167969,17.194602966308594,17.555753707885742,0.36115074157714844,0,17.194602966308594,17.194602966308594,0,0,1,0.8136003017425537,1,0,0.8421850800514221,0,1
SIHDR_108,SIHDR_108_e04.jpg,98,4,train,14.287712097167969,17.194602966308594,17.188640594482422,0.005962371826171875,0,17.194602966308594,17.194602966308594,0,0,1,0.8034032583236694,1,0,0.8421850800514221,0,1
SIHDR_108,SIHDR_108_e05.jpg,98,5,train,13.287712097167969,17.194602966308594,16.514616012573242,0.6799869537353516,0,17.194602966308594,17.194602966308594,0,0,1,0.7939905524253845,1,0,0.8421850800514221,0,1
SIHDR_108,SIHDR_108_e06.jpg,98,6,train,12.287712097167969,17.194602966308594,15.809852600097656,1.3847503662109375,0,17.194602966308594,17.194602966308594,0,0,1,0.7846160531044006,1,0,0.8421850800514221,0,1
SIHDR_108,SIHDR_108_e07.jpg,98,7,train,11.287712097167969,17.194602966308594,15.101272583007812,2.0933303833007812,0,17.194602966308594,17.194602966308594,0,0,1,0.7750909924507141,1,0,0.8421850800514221,0,1
SIHDR_108,SIHDR_108_e08.jpg,98,8,train,10.287712097167969,17.194602966308594,14.390530586242676,2.804072380065918,0,17.194602966308594,17.194602966308594,0,0,1,0.7652919292449951,1,0,0.8421850800514221,0,1
SIHDR_108,SIHDR_108_e09.jpg,98,9,train,9.38082218170166,17.194602966308594,13.744766235351562,3.4498367309570312,0,17.194602966308594,17.194602966308594,0,0,1,0.7561032176017761,1,0,0.8421850800514221,0,1
SIHDR_108,SIHDR_108_e10.jpg,98,10,train,8.38082218170166,17.194602966308594,13.031819343566895,4.162783622741699,0,17.194602966308594,17.194602966308594,0,0,1,0.7455115914344788,1,0,0.8421850800514221,0,1
SIHDR_108,SIHDR_108_e11.jpg,98,11,train,7.380821704864502,17.194602966308594,12.31843090057373,4.876172065734863,0,17.194602966308594,17.194602966308594,0,0,1,0.7345519661903381,1,0,0.8421850800514221,0,1
SIHDR_108,SIHDR_108_e12.jpg,98,12,train,6.321928024291992,17.194602966308594,11.562752723693848,5.631850242614746,0,17.194602966308594,17.194602966308594,0,0,1,0.7226284742355347,1,0,0.8421850800514221,0,1
SIHDR_108,SIHDR_108_e13.jpg,98,13,train,5.321928024291992,17.194602966308594,10.849011421203613,6.3455915451049805,0,17.194602966308594,17.194602966308594,0,0,1,0.7110720872879028,1,0,0.8421850800514221,0,1
SIHDR_108,SIHDR_108_e14.jpg,98,14,train,4.321928024291992,17.194602966308594,10.135146141052246,7.059456825256348,0,17.194602966308594,17.194602966308594,0,0,1,0.6992473602294922,1,0,0.8421850800514221,0,1
SIHDR_109,SIHDR_109_e00.jpg,99,0,train,17.194602966308594,17.194602966308594,18.187788009643555,0.9931850433349609,0,17.194602966308594,17.194602966308594,0,,0,0.8370218873023987,1,,0.8421850800514221,0,
SIHDR_109,SIHDR_109_e01.jpg,99,1,train,16.28771209716797,17.194602966308594,18.009050369262695,0.8144474029541016,0,17.194602966308594,17.194602966308594,0,,0,0.826015830039978,1,,0.8421850800514221,0,
SIHDR_109,SIHDR_109_e02.jpg,99,2,train,15.872674942016602,17.194602966308594,17.85650062561035,0.6618976593017578,0,17.194602966308594,17.194602966308594,0,,0,0.8211015462875366,1,,0.8421850800514221,0,
SIHDR_109,SIHDR_109_e03.jpg,99,3,train,15.287712097167969,17.194602966308594,17.594989776611328,0.4003868103027344,0,17.194602966308594,17.194602966308594,0,,0,0.8148485422134399,1,,0.8421850800514221,0,
SIHDR_109,SIHDR_109_e04.jpg,99,4,train,14.287712097167969,17.194602966308594,17.06657600402832,0.12802696228027344,0,17.194602966308594,17.194602966308594,0,,0,0.804777979850769,1,,0.8421850800514221,0,
SIHDR_109,SIHDR_109_e05.jpg,99,5,train,13.287712097167969,17.194602966308594,16.455963134765625,0.7386398315429688,0,17.194602966308594,17.194602966308594,0,,0,0.7952833771705627,1,,0.8421850800514221,0,
SIHDR_109,SIHDR_109_e06.jpg,99,6,train,12.287712097167969,17.194602966308594,15.799798011779785,1.3948049545288086,0,17.194602966308594,17.194602966308594,0,,0,0.7856495380401611,1,,0.8421850800514221,0,
SIHDR_109,SIHDR_109_e07.jpg,99,7,train,11.287712097167969,17.194602966308594,15.100052833557129,2.094550132751465,0,17.194602966308594,17.194602966308594,0,,0,0.7757683396339417,1,,0.8421850800514221,0,
SIHDR_109,SIHDR_109_e08.jpg,99,8,train,10.287712097167969,17.194602966308594,14.387234687805176,2.807368278503418,0,17.194602966308594,17.194602966308594,0,,0,0.7656071186065674,1,,0.8421850800514221,0,
SIHDR_109,SIHDR_109_e09.jpg,99,9,train,9.38082218170166,17.194602966308594,13.738574028015137,3.456028938293457,0,17.194602966308594,17.194602966308594,0,,0,0.7562540173530579,1,,0.8421850800514221,0,
SIHDR_109,SIHDR_109_e10.jpg,99,10,train,8.38082218170166,17.194602966308594,13.02489948272705,4.169703483581543,0,17.194602966308594,17.194602966308594,0,,0,0.7456144094467163,1,,0.8421850800514221,0,
SIHDR_109,SIHDR_109_e11.jpg,99,11,train,7.380821704864502,17.194602966308594,12.312222480773926,4.882380485534668,0,17.194602966308594,17.194602966308594,0,,0,0.7346014976501465,1,,0.8421850800514221,0,
SIHDR_109,SIHDR_109_e12.jpg,99,12,train,6.321928024291992,17.194602966308594,11.55958080291748,5.635022163391113,0,17.194602966308594,17.194602966308594,0,,0,0.7226747870445251,1,,0.8421850800514221,0,
SIHDR_109,SIHDR_109_e13.jpg,99,13,train,5.321928024291992,17.194602966308594,10.849396705627441,6.345206260681152,0,17.194602966308594,17.194602966308594,0,,0,0.7110871076583862,1,,0.8421850800514221,0,
SIHDR_109,SIHDR_109_e14.jpg,99,14,train,4.321928024291992,17.194602966308594,10.135241508483887,7.059361457824707,0,17.194602966308594,17.194602966308594,0,,0,0.6992612481117249,1,,0.8421850800514221,0,
SIHDR_110,SIHDR_110_e00.jpg,100,0,train,17.194602966308594,17.194602966308594,15.57542610168457,1.6191768646240234,0,16.28771209716797,17.194602966308594,0,,0,0.8013685941696167,1,,0.8421850800514221,0,
SIHDR_110,SIHDR_110_e01.jpg,100,1,train,16.28771209716797,17.194602966308594,15.521275520324707,1.6733274459838867,0,16.28771209716797,17.194602966308594,0,,0,0.7998718619346619,1,,0.8421850800514221,0,
SIHDR_110,SIHDR_110_e02.jpg,100,2,train,15.872674942016602,17.194602966308594,15.43251895904541,1.7620840072631836,0,16.28771209716797,17.194602966308594,0,,0,0.802630603313446,1,,0.8421850800514221,0,
SIHDR_110,SIHDR_110_e03.jpg,100,3,train,15.287712097167969,17.194602966308594,15.372824668884277,1.8217782974243164,0,16.28771209716797,17.194602966308594,0,,0,0.806013822555542,1,,0.8421850800514221,0,
SIHDR_110,SIHDR_110_e04.jpg,100,4,train,14.287712097167969,17.194602966308594,16.15792465209961,1.0366783142089844,0,16.28771209716797,17.194602966308594,0,,0,0.7973410487174988,1,,0.8421850800514221,0,
SIHDR_110,SIHDR_110_e05.jpg,100,5,train,13.287712097167969,17.194602966308594,15.894309043884277,1.3002939224243164,0,16.28771209716797,17.194602966308594,0,,0,0.7920114398002625,1,,0.8421850800514221,0,
SIHDR_110,SIHDR_110_e06.jpg,100,6,train,12.287712097167969,17.194602966308594,15.676810264587402,1.5177927017211914,0,16.28771209716797,17.194602966308594,0,,0,0.7830269932746887,1,,0.8421850800514221,0,
SIHDR_110,SIHDR_110_e07.jpg,100,7,train,11.287712097167969,17.194602966308594,15.071621894836426,2.122981071472168,0,16.28771209716797,17.194602966308594,0,,0,0.7739811539649963,1,,0.8421850800514221,0,
SIHDR_110,SIHDR_110_e08.jpg,100,8,train,10.287712097167969,17.194602966308594,14.380178451538086,2.814424514770508,0,16.28771209716797,17.194602966308594,0,,0,0.7645366191864014,1,,0.8421850800514221,0,
SIHDR_110,SIHDR_110_e09.jpg,100,9,train,9.38082218170166,17.194602966308594,13.739890098571777,3.4547128677368164,0,16.28771209716797,17.194602966308594,0,,0,0.7556200623512268,1,,0.8421850800514221,0,
SIHDR_110,SIHDR_110_e10.jpg,100,10,train,8.38082218170166,17.194602966308594,13.02846622467041,4.166136741638184,0,16.28771209716797,17.194602966308594,0,,0,0.7452425360679626,1,,0.8421850800514221,0,
SIHDR_110,SIHDR_110_e11.jpg,100,11,train,7.380821704864502,17.194602966308594,12.315760612487793,4.878842353820801,0,16.28771209716797,17.194602966308594,0,,0,0.7344073057174683,1,,0.8421850800514221,0,
SIHDR_110,SIHDR_110_e12.jpg,100,12,train,6.321928024291992,17.194602966308594,11.560761451721191,5.633841514587402,0,16.28771209716797,17.194602966308594,0,,0,0.722553014755249,1,,0.8421850800514221,0,
SIHDR_110,SIHDR_110_e13.jpg,100,13,train,5.321928024291992,17.194602966308594,10.847686767578125,6.346916198730469,0,16.28771209716797,17.194602966308594,0,,0,0.71103435754776,1,,0.8421850800514221,0,
SIHDR_110,SIHDR_110_e14.jpg,100,14,train,4.321928024291992,17.194602966308594,10.134671211242676,7.059931755065918,0,16.28771209716797,17.194602966308594,0,,0,0.6992312073707581,1,,0.8421850800514221,0,
SIHDR_111,SIHDR_111_e00.jpg,101,0,train,17.194602966308594,17.194602966308594,18.73322296142578,1.5386199951171875,0,17.194602966308594,17.194602966308594,0,0,1,0.8327449560165405,1,0,0.8421850800514221,0,1
SIHDR_111,SIHDR_111_e01.jpg,101,1,train,16.28771209716797,17.194602966308594,18.381759643554688,1.1871566772460938,0,17.194602966308594,17.194602966308594,0,0,1,0.8238235712051392,1,0,0.8421850800514221,0,1
SIHDR_111,SIHDR_111_e02.jpg,101,2,train,15.872674942016602,17.194602966308594,18.156091690063477,0.9614887237548828,0,17.194602966308594,17.194602966308594,0,0,1,0.8198050260543823,1,0,0.8421850800514221,0,1
SIHDR_111,SIHDR_111_e03.jpg,101,3,train,15.287712097167969,17.194602966308594,17.823537826538086,0.6289348602294922,0,17.194602966308594,17.194602966308594,0,0,1,0.814087450504303,1,0,0.8421850800514221,0,1
SIHDR_111,SIHDR_111_e04.jpg,101,4,train,14.287712097167969,17.194602966308594,17.16204071044922,0.032562255859375,0,17.194602966308594,17.194602966308594,0,0,1,0.8046616911888123,1,0,0.8421850800514221,0,1
SIHDR_111,SIHDR_111_e05.jpg,101,5,train,13.287712097167969,17.194602966308594,16.491226196289062,0.7033767700195312,0,17.194602966308594,17.194602966308594,0,0,1,0.7951005101203918,1,0,0.8421850800514221,0,1
SIHDR_111,SIHDR_111_e06.jpg,101,6,train,12.287712097167969,17.194602966308594,15.798239707946777,1.3963632583618164,0,17.194602966308594,17.194602966308594,0,0,1,0.7854734063148499,1,0,0.8421850800514221,0,1
SIHDR_111,SIHDR_111_e07.jpg,101,7,train,11.287712097167969,17.194602966308594,15.093920707702637,2.100682258605957,0,17.194602966308594,17.194602966308594,0,0,1,0.77564537525177,1,0,0.8421850800514221,0,1
SIHDR_111,SIHDR_111_e08.jpg,101,8,train,10.287712097167969,17.194602966308594,14.384243965148926,2.810359001159668,0,17.194602966308594,17.194602966308594,0,0,1,0.7656959295272827,1,0,0.8421850800514221,0,1
SIHDR_111,SIHDR_111_e09.jpg,101,9,train,9.38082218170166,17.194602966308594,13.740880966186523,3.4537220001220703,0,17.194602966308594,17.194602966308594,0,0,1,0.7563454508781433,1,0,0.8421850800514221,0,1
SIHDR_111,SIHDR_111_e10.jpg,101,10,train,8.38082218170166,17.194602966308594,13.028889656066895,4.165713310241699,0,17.194602966308594,17.194602966308594,0,0,1,0.7456347942352295,1,0,0.8421850800514221,0,1
SIHDR_111,SIHDR_111_e11.jpg,101,11,train,7.380821704864502,17.194602966308594,12.31667423248291,4.877928733825684,0,17.194602966308594,17.194602966308594,0,0,1,0.7346166372299194,1,0,0.8421850800514221,0,1
SIHDR_111,SIHDR_111_e12.jpg,101,12,train,6.321928024291992,17.194602966308594,11.561760902404785,5.632842063903809,0,17.194602966308594,17.194602966308594,0,0,1,0.7226593494415283,1,0,0.8421850800514221,0,1
SIHDR_111,SIHDR_111_e13.jpg,101,13,train,5.321928024291992,17.194602966308594,10.848444938659668,6.346158027648926,0,17.194602966308594,17.194602966308594,0,0,1,0.7110899686813354,1,0,0.8421850800514221,0,1
SIHDR_111,SIHDR_111_e14.jpg,101,14,train,4.321928024291992,17.194602966308594,10.13502025604248,7.059582710266113,0,17.194602966308594,17.194602966308594,0,0,1,0.699256181716919,1,0,0.8421850800514221,0,1
SIHDR_112,SIHDR_112_e00.jpg,102,0,validation,17.194602966308594,17.194602966308594,18.513696670532227,1.3190937042236328,0,17.194602966308594,17.194602966308594,0,0,1,0.8327931761741638,1,0,0.8421850800514221,0,1
SIHDR_112,SIHDR_112_e01.jpg,102,1,validation,16.28771209716797,17.194602966308594,18.292734146118164,1.0981311798095703,0,17.194602966308594,17.194602966308594,0,0,1,0.8226209282875061,1,0,0.8421850800514221,0,1
SIHDR_112,SIHDR_112_e02.jpg,102,2,validation,15.872674942016602,17.194602966308594,18.08527183532715,0.8906688690185547,0,17.194602966308594,17.194602966308594,0,0,1,0.8184525370597839,1,0,0.8421850800514221,0,1
SIHDR_112,SIHDR_112_e03.jpg,102,3,validation,15.287712097167969,17.194602966308594,17.76470947265625,0.5701065063476562,0,17.194602966308594,17.194602966308594,0,0,1,0.8127977252006531,1,0,0.8421850800514221,0,1
SIHDR_112,SIHDR_112_e04.jpg,102,4,validation,14.287712097167969,17.194602966308594,17.15288734436035,0.04171562194824219,0,17.194602966308594,17.194602966308594,0,0,1,0.8035013675689697,1,0,0.8421850800514221,0,1
SIHDR_112,SIHDR_112_e05.jpg,102,5,validation,13.287712097167969,17.194602966308594,16.485074996948242,0.7095279693603516,0,17.194602966308594,17.194602966308594,0,0,1,0.7941669821739197,1,0,0.8421850800514221,0,1
SIHDR_112,SIHDR_112_e06.jpg,102,6,validation,12.287712097167969,17.194602966308594,15.792930603027344,1.40167236328125,0,17.194602966308594,17.194602966308594,0,0,1,0.7847333550453186,1,0,0.8421850800514221,0,1
SIHDR_112,SIHDR_112_e07.jpg,102,7,validation,11.287712097167969,17.194602966308594,15.09131145477295,2.1032915115356445,0,17.194602966308594,17.194602966308594,0,0,1,0.775172770023346,1,0,0.8421850800514221,0,1
SIHDR_112,SIHDR_112_e08.jpg,102,8,validation,10.287712097167969,17.194602966308594,14.385968208312988,2.8086347579956055,0,17.194602966308594,17.194602966308594,0,0,1,0.7653587460517883,1,0,0.8421850800514221,0,1
SIHDR_112,SIHDR_112_e09.jpg,102,9,validation,9.38082218170166,17.194602966308594,13.742690086364746,3.4519128799438477,0,17.194602966308594,17.194602966308594,0,0,1,0.756142258644104,1,0,0.8421850800514221,0,1
SIHDR_112,SIHDR_112_e10.jpg,102,10,validation,8.38082218170166,17.194602966308594,13.031288146972656,4.1633148193359375,0,17.194602966308594,17.194602966308594,0,0,1,0.7455366849899292,1,0,0.8421850800514221,0,1
SIHDR_112,SIHDR_112_e11.jpg,102,11,validation,7.380821704864502,17.194602966308594,12.318239212036133,4.876363754272461,0,17.194602966308594,17.194602966308594,0,0,1,0.7345656752586365,1,0,0.8421850800514221,0,1
SIHDR_112,SIHDR_112_e12.jpg,102,12,validation,6.321928024291992,17.194602966308594,11.562769889831543,5.631833076477051,0,17.194602966308594,17.194602966308594,0,0,1,0.7226346731185913,1,0,0.8421850800514221,0,1
SIHDR_112,SIHDR_112_e13.jpg,102,13,validation,5.321928024291992,17.194602966308594,10.849011421203613,6.3455915451049805,0,17.194602966308594,17.194602966308594,0,0,1,0.7110752463340759,1,0,0.8421850800514221,0,1
SIHDR_112,SIHDR_112_e14.jpg,102,14,validation,4.321928024291992,17.194602966308594,10.135140419006348,7.059462547302246,0,17.194602966308594,17.194602966308594,0,0,1,0.6992487907409668,1,0,0.8421850800514221,0,1
SIHDR_113,SIHDR_113_e00.jpg,103,0,train,17.194602966308594,17.194602966308594,18.061491012573242,0.8668880462646484,0,17.194602966308594,17.194602966308594,0,,0,0.8352914452552795,1,,0.8421850800514221,0,
SIHDR_113,SIHDR_113_e01.jpg,103,1,train,16.28771209716797,17.194602966308594,17.917036056518555,0.7224330902099609,0,17.194602966308594,17.194602966308594,0,,0,0.8242910504341125,1,,0.8421850800514221,0,
SIHDR_113,SIHDR_113_e02.jpg,103,2,train,15.872674942016602,17.194602966308594,17.85341453552246,0.6588115692138672,0,17.194602966308594,17.194602966308594,0,,0,0.8197431564331055,1,,0.8421850800514221,0,
SIHDR_113,SIHDR_113_e03.jpg,103,3,train,15.287712097167969,17.194602966308594,17.660585403442383,0.46598243713378906,0,17.194602966308594,17.194602966308594,0,,0,0.8139814734458923,1,,0.8421850800514221,0,
SIHDR_113,SIHDR_113_e04.jpg,103,4,train,14.287712097167969,17.194602966308594,17.142215728759766,0.052387237548828125,0,17.194602966308594,17.194602966308594,0,,0,0.8038581013679504,1,,0.8421850800514221,0,
SIHDR_113,SIHDR_113_e05.jpg,103,5,train,13.287712097167969,17.194602966308594,16.46772003173828,0.7268829345703125,0,17.194602966308594,17.194602966308594,0,,0,0.7943554520606995,1,,0.8421850800514221,0,
SIHDR_113,SIHDR_113_e06.jpg,103,6,train,12.287712097167969,17.194602966308594,15.783082008361816,1.4115209579467773,0,17.194602966308594,17.194602966308594,0,,0,0.7847452163696289,1,,0.8421850800514221,0,
SIHDR_113,SIHDR_113_e07.jpg,103,7,train,11.287712097167969,17.194602966308594,15.088431358337402,2.1061716079711914,0,17.194602966308594,17.194602966308594,0,,0,0.7751944661140442,1,,0.8421850800514221,0,
SIHDR_113,SIHDR_113_e08.jpg,103,8,train,10.287712097167969,17.194602966308594,14.391218185424805,2.803384780883789,0,17.194602966308594,17.194602966308594,0,,0,0.7652919292449951,1,,0.8421850800514221,0,
SIHDR_113,SIHDR_113_e09.jpg,103,9,train,9.38082218170166,17.194602966308594,13.745163917541504,3.44943904876709,0,17.194602966308594,17.194602966308594,0,,0,0.7560978531837463,1,,0.8421850800514221,0,
SIHDR_113,SIHDR_113_e10.jpg,103,10,train,8.38082218170166,17.194602966308594,13.032597541809082,4.162005424499512,0,17.194602966308594,17.194602966308594,0,,0,0.7455019354820251,1,,0.8421850800514221,0,
SIHDR_113,SIHDR_113_e11.jpg,103,11,train,7.380821704864502,17.194602966308594,12.319157600402832,4.875445365905762,0,17.194602966308594,17.194602966308594,0,,0,0.7345438599586487,1,,0.8421850800514221,0,
SIHDR_113,SIHDR_113_e12.jpg,103,12,train,6.321928024291992,17.194602966308594,11.563135147094727,5.631467819213867,0,17.194602966308594,17.194602966308594,0,,0,0.7226228713989258,1,,0.8421850800514221,0,
SIHDR_113,SIHDR_113_e13.jpg,103,13,train,5.321928024291992,17.194602966308594,10.849169731140137,6.345433235168457,0,17.194602966308594,17.194602966308594,0,,0,0.7110694646835327,1,,0.8421850800514221,0,
SIHDR_113,SIHDR_113_e14.jpg,103,14,train,4.321928024291992,17.194602966308594,10.135205268859863,7.0593976974487305,0,17.194602966308594,17.194602966308594,0,,0,0.699244499206543,1,,0.8421850800514221,0,
SIHDR_114,SIHDR_114_e00.jpg,104,0,validation,17.194602966308594,17.194602966308594,16.554920196533203,0.6396827697753906,0,17.194602966308594,17.194602966308594,0,,0,0.8381989002227783,1,,0.8421850800514221,0,
SIHDR_114,SIHDR_114_e01.jpg,104,1,validation,16.28771209716797,17.194602966308594,17.135896682739258,0.05870628356933594,0,17.194602966308594,17.194602966308594,0,,0,0.8286063075065613,1,,0.8421850800514221,0,
SIHDR_114,SIHDR_114_e02.jpg,104,2,validation,15.872674942016602,17.194602966308594,17.313539505004883,0.11893653869628906,0,17.194602966308594,17.194602966308594,0,,0,0.8234754800796509,1,,0.8421850800514221,0,
SIHDR_114,SIHDR_114_e03.jpg,104,3,validation,15.287712097167969,17.194602966308594,17.324289321899414,0.1296863555908203,0,17.194602966308594,17.194602966308594,0,,0,0.8167496919631958,1,,0.8421850800514221,0,
SIHDR_114,SIHDR_114_e04.jpg,104,4,validation,14.287712097167969,17.194602966308594,16.93574333190918,0.25885963439941406,0,17.194602966308594,17.194602966308594,0,,0,0.8061563968658447,1,,0.8421850800514221,0,
SIHDR_114,SIHDR_114_e05.jpg,104,5,validation,13.287712097167969,17.194602966308594,16.37688446044922,0.817718505859375,0,17.194602966308594,17.194602966308594,0,,0,0.7960956692695618,1,,0.8421850800514221,0,
SIHDR_114,SIHDR_114_e06.jpg,104,6,validation,12.287712097167969,17.194602966308594,15.735725402832031,1.4588775634765625,0,17.194602966308594,17.194602966308594,0,,0,0.7861729860305786,1,,0.8421850800514221,0,
SIHDR_114,SIHDR_114_e07.jpg,104,7,validation,11.287712097167969,17.194602966308594,15.05987548828125,2.1347274780273438,0,17.194602966308594,17.194602966308594,0,,0,0.7761000990867615,1,,0.8421850800514221,0,
SIHDR_114,SIHDR_114_e08.jpg,104,8,validation,10.287712097167969,17.194602966308594,14.36099910736084,2.833603858947754,0,17.194602966308594,17.194602966308594,0,,0,0.7660724520683289,1,,0.8421850800514221,0,
SIHDR_114,SIHDR_114_e09.jpg,104,9,validation,9.38082218170166,17.194602966308594,13.726433753967285,3.4681692123413086,0,17.194602966308594,17.194602966308594,0,,0,0.7566920518875122,1,,0.8421850800514221,0,
SIHDR_114,SIHDR_114_e10.jpg,104,10,validation,8.38082218170166,17.194602966308594,13.02336311340332,4.171239852905273,0,17.194602966308594,17.194602966308594,0,,0,0.7459408640861511,1,,0.8421850800514221,0,
SIHDR_114,SIHDR_114_e11.jpg,104,11,validation,7.380821704864502,17.194602966308594,12.31516170501709,4.879441261291504,0,17.194602966308594,17.194602966308594,0,,0,0.7347685098648071,1,,0.8421850800514221,0,
SIHDR_114,SIHDR_114_e12.jpg,104,12,validation,6.321928024291992,17.194602966308594,11.560763359069824,5.6338396072387695,0,17.194602966308594,17.194602966308594,0,,0,0.7227348685264587,1,,0.8421850800514221,0,
SIHDR_114,SIHDR_114_e13.jpg,104,13,validation,5.321928024291992,17.194602966308594,10.847275733947754,6.34732723236084,0,17.194602966308594,17.194602966308594,0,,0,0.7111194133758545,1,,0.8421850800514221,0,
SIHDR_114,SIHDR_114_e14.jpg,104,14,validation,4.321928024291992,17.194602966308594,10.133723258972168,7.060879707336426,0,17.194602966308594,17.194602966308594,0,,0,0.6992861032485962,1,,0.8421850800514221,0,
SIHDR_115,SIHDR_115_e00.jpg,105,0,test,17.194602966308594,17.194602966308594,17.076154708862305,0.11844825744628906,0,17.194602966308594,17.194602966308594,0,,0,0.8275569677352905,1,,0.8421850800514221,0,
SIHDR_115,SIHDR_115_e01.jpg,105,1,test,16.28771209716797,17.194602966308594,17.613100051879883,0.41849708557128906,0,17.194602966308594,17.194602966308594,0,,0,0.8196670413017273,1,,0.8421850800514221,0,
SIHDR_115,SIHDR_115_e02.jpg,105,2,test,15.872674942016602,17.194602966308594,17.595176696777344,0.40057373046875,0,17.194602966308594,17.194602966308594,0,,0,0.8161262273788452,1,,0.8421850800514221,0,
SIHDR_115,SIHDR_115_e03.jpg,105,3,test,15.287712097167969,17.194602966308594,17.463237762451172,0.2686347961425781,0,17.194602966308594,17.194602966308594,0,,0,0.8110983371734619,1,,0.8421850800514221,0,
SIHDR_115,SIHDR_115_e04.jpg,105,4,test,14.287712097167969,17.194602966308594,16.9520320892334,0.2425708770751953,0,17.194602966308594,17.194602966308594,0,,0,0.8025070428848267,1,,0.8421850800514221,0,
SIHDR_115,SIHDR_115_e05.jpg,105,5,test,13.287712097167969,17.194602966308594,16.333621978759766,0.8609809875488281,0,17.194602966308594,17.194602966308594,0,,0,0.793735682964325,1,,0.8421850800514221,0,
SIHDR_115,SIHDR_115_e06.jpg,105,6,test,12.287712097167969,17.194602966308594,15.689905166625977,1.5046977996826172,0,17.194602966308594,17.194602966308594,0,,0,0.7845824956893921,1,,0.8421850800514221,0,
SIHDR_115,SIHDR_115_e07.jpg,105,7,test,11.287712097167969,17.194602966308594,15.032981872558594,2.16162109375,0,17.194602966308594,17.194602966308594,0,,0,0.775046706199646,1,,0.8421850800514221,0,
SIHDR_115,SIHDR_115_e08.jpg,105,8,test,10.287712097167969,17.194602966308594,14.350893020629883,2.843709945678711,0,17.194602966308594,17.194602966308594,0,,0,0.7653164863586426,1,,0.8421850800514221,0,
SIHDR_115,SIHDR_115_e09.jpg,105,9,test,9.38082218170166,17.194602966308594,13.71983814239502,3.474764823913574,0,17.194602966308594,17.194602966308594,0,,0,0.7561413049697876,1,,0.8421850800514221,0,
SIHDR_115,SIHDR_115_e10.jpg,105,10,test,8.38082218170166,17.194602966308594,13.016205787658691,4.178397178649902,0,17.194602966308594,17.194602966308594,0,,0,0.7455195188522339,1,,0.8421850800514221,0,
SIHDR_115,SIHDR_115_e11.jpg,105,11,test,7.380821704864502,17.194602966308594,12.310832977294922,4.883769989013672,0,17.194602966308594,17.194602966308594,0,,0,0.734566330909729,1,,0.8421850800514221,0,
SIHDR_115,SIHDR_115_e12.jpg,105,12,test,6.321928024291992,17.194602966308594,11.560515403747559,5.634087562561035,0,17.194602966308594,17.194602966308594,0,,0,0.7226347327232361,1,,0.8421850800514221,0,
SIHDR_115,SIHDR_115_e13.jpg,105,13,test,5.321928024291992,17.194602966308594,10.848384857177734,6.346218109130859,0,17.194602966308594,17.194602966308594,0,,0,0.7110730409622192,1,,0.8421850800514221,0,
SIHDR_115,SIHDR_115_e14.jpg,105,14,test,4.321928024291992,17.194602966308594,10.134819984436035,7.059782981872559,0,17.194602966308594,17.194602966308594,0,,0,0.699246883392334,1,,0.8421850800514221,0,
SIHDR_116,SIHDR_116_e00.jpg,106,0,train,17.194602966308594,17.194602966308594,17.615028381347656,0.4204254150390625,0,17.194602966308594,17.194602966308594,0,,0,0.8340014815330505,1,,0.8421850800514221,0,
SIHDR_116,SIHDR_116_e01.jpg,106,1,train,16.28771209716797,17.194602966308594,18.025327682495117,0.8307247161865234,0,17.194602966308594,17.194602966308594,0,,0,0.8237187266349792,1,,0.8421850800514221,0,
SIHDR_116,SIHDR_116_e02.jpg,106,2,train,15.872674942016602,17.194602966308594,17.954256057739258,0.7596530914306641,0,17.194602966308594,17.194602966308594,0,,0,0.8191447854042053,1,,0.8421850800514221,0,
SIHDR_116,SIHDR_116_e03.jpg,106,3,train,15.287712097167969,17.194602966308594,17.69294548034668,0.49834251403808594,0,17.194602966308594,17.194602966308594,0,,0,0.8131480813026428,1,,0.8421850800514221,0,
SIHDR_116,SIHDR_116_e04.jpg,106,4,train,14.287712097167969,17.194602966308594,17.080337524414062,0.11426544189453125,0,17.194602966308594,17.194602966308594,0,,0,0.8040269017219543,1,,0.8421850800514221,0,
SIHDR_116,SIHDR_116_e05.jpg,106,5,train,13.287712097167969,17.194602966308594,16.424753189086914,0.7698497772216797,0,17.194602966308594,17.194602966308594,0,,0,0.7943756580352783,1,,0.8421850800514221,0,
SIHDR_116,SIHDR_116_e06.jpg,106,6,train,12.287712097167969,17.194602966308594,15.755894660949707,1.4387083053588867,0,17.194602966308594,17.194602966308594,0,,0,0.7848151326179504,1,,0.8421850800514221,0,
SIHDR_116,SIHDR_116_e07.jpg,106,7,train,11.287712097167969,17.194602966308594,15.083047866821289,2.1115550994873047,0,17.194602966308594,17.194602966308594,0,,0,0.7752093076705933,1,,0.8421850800514221,0,
SIHDR_116,SIHDR_116_e08.jpg,106,8,train,10.287712097167969,17.194602966308594,14.376751899719238,2.8178510665893555,0,17.194602966308594,17.194602966308594,0,,0,0.7653173208236694,1,,0.8421850800514221,0,
SIHDR_116,SIHDR_116_e09.jpg,106,9,train,9.38082218170166,17.194602966308594,13.728392601013184,3.46621036529541,0,17.194602966308594,17.194602966308594,0,,0,0.7561071515083313,1,,0.8421850800514221,0,
SIHDR_116,SIHDR_116_e10.jpg,106,10,train,8.38082218170166,17.194602966308594,13.018345832824707,4.176257133483887,0,17.194602966308594,17.194602966308594,0,,0,0.745577871799469,1,,0.8421850800514221,0,
SIHDR_116,SIHDR_116_e11.jpg,106,11,train,7.380821704864502,17.194602966308594,12.309013366699219,4.885589599609375,0,17.194602966308594,17.194602966308594,0,,0,0.7345566749572754,1,,0.8421850800514221,0,
SIHDR_116,SIHDR_116_e12.jpg,106,12,train,6.321928024291992,17.194602966308594,11.557063102722168,5.637539863586426,0,17.194602966308594,17.194602966308594,0,,0,0.7226721048355103,1,,0.8421850800514221,0,
SIHDR_116,SIHDR_116_e13.jpg,106,13,train,5.321928024291992,17.194602966308594,10.849438667297363,6.3451642990112305,0,17.194602966308594,17.194602966308594,0,,0,0.711080014705658,1,,0.8421850800514221,0,
SIHDR_116,SIHDR_116_e14.jpg,106,14,train,4.321928024291992,17.194602966308594,10.13535213470459,7.059250831604004,0,17.194602966308594,17.194602966308594,0,,0,0.6992526054382324,1,,0.8421850800514221,0,
SIHDR_117,SIHDR_117_e00.jpg,107,0,train,17.194602966308594,17.194602966308594,17.413089752197266,0.21848678588867188,0,17.194602966308594,17.194602966308594,0,,0,0.8327184319496155,1,,0.8421850800514221,0,
SIHDR_117,SIHDR_117_e01.jpg,107,1,train,16.28771209716797,17.194602966308594,17.617368698120117,0.42276573181152344,0,17.194602966308594,17.194602966308594,0,,0,0.8232543468475342,1,,0.8421850800514221,0,
SIHDR_117,SIHDR_117_e02.jpg,107,2,train,15.872674942016602,17.194602966308594,17.613548278808594,0.4189453125,0,17.194602966308594,17.194602966308594,0,,0,0.8192286491394043,1,,0.8421850800514221,0,
SIHDR_117,SIHDR_117_e03.jpg,107,3,train,15.287712097167969,17.194602966308594,17.52013397216797,0.325531005859375,0,17.194602966308594,17.194602966308594,0,,0,0.8133025169372559,1,,0.8421850800514221,0,
SIHDR_117,SIHDR_117_e04.jpg,107,4,train,14.287712097167969,17.194602966308594,17.088502883911133,0.10610008239746094,0,17.194602966308594,17.194602966308594,0,,0,0.8035745620727539,1,,0.8421850800514221,0,
SIHDR_117,SIHDR_117_e05.jpg,107,5,train,13.287712097167969,17.194602966308594,16.46026039123535,0.7343425750732422,0,17.194602966308594,17.194602966308594,0,,0,0.7942209243774414,1,,0.8421850800514221,0,
SIHDR_117,SIHDR_117_e06.jpg,107,6,train,12.287712097167969,17.194602966308594,15.783492088317871,1.4111108779907227,0,17.194602966308594,17.194602966308594,0,,0,0.7848454117774963,1,,0.8421850800514221,0,
SIHDR_117,SIHDR_117_e07.jpg,107,7,train,11.287712097167969,17.194602966308594,15.089408874511719,2.105194091796875,0,17.194602966308594,17.194602966308594,0,,0,0.775280773639679,1,,0.8421850800514221,0,
SIHDR_117,SIHDR_117_e08.jpg,107,8,train,10.287712097167969,17.194602966308594,14.384320259094238,2.8102827072143555,0,17.194602966308594,17.194602966308594,0,,0,0.7654268145561218,1,,0.8421850800514221,0,
SIHDR_117,SIHDR_117_e09.jpg,107,9,train,9.38082218170166,17.194602966308594,13.740962028503418,3.453640937805176,0,17.194602966308594,17.194602966308594,0,,0,0.7561817765235901,1,,0.8421850800514221,0,
SIHDR_117,SIHDR_117_e10.jpg,107,10,train,8.38082218170166,17.194602966308594,13.029685020446777,4.164917945861816,0,17.194602966308594,17.194602966308594,0,,0,0.7455511093139648,1,,0.8421850800514221,0,
SIHDR_117,SIHDR_117_e11.jpg,107,11,train,7.380821704864502,17.194602966308594,12.316964149475098,4.877638816833496,0,17.194602966308594,17.194602966308594,0,,0,0.7345691919326782,1,,0.8421850800514221,0,
SIHDR_117,SIHDR_117_e12.jpg,107,12,train,6.321928024291992,17.194602966308594,11.56187915802002,5.632723808288574,0,17.194602966308594,17.194602966308594,0,,0,0.7226420640945435,1,,0.8421850800514221,0,
SIHDR_117,SIHDR_117_e13.jpg,107,13,train,5.321928024291992,17.194602966308594,10.848968505859375,6.345634460449219,0,17.194602966308594,17.194602966308594,0,,0,0.7110771536827087,1,,0.8421850800514221,0,
SIHDR_117,SIHDR_117_e14.jpg,107,14,train,4.321928024291992,17.194602966308594,10.135104179382324,7.0594987869262695,0,17.194602966308594,17.194602966308594,0,,0,0.6992512345314026,1,,0.8421850800514221,0,
SIHDR_118,SIHDR_118_e00.jpg,108,0,train,17.194602966308594,17.194602966308594,19.021160125732422,1.8265571594238281,0,17.194602966308594,17.194602966308594,0,0,1,0.828801155090332,1,0,0.8421850800514221,0,1
SIHDR_118,SIHDR_118_e01.jpg,108,1,train,16.28771209716797,17.194602966308594,18.50971794128418,1.315114974975586,0,17.194602966308594,17.194602966308594,0,0,1,0.8205043077468872,1,0,0.8421850800514221,0,1
SIHDR_118,SIHDR_118_e02.jpg,108,2,train,15.872674942016602,17.194602966308594,18.246530532836914,1.0519275665283203,0,17.194602966308594,17.194602966308594,0,0,1,0.8167861104011536,1,0,0.8421850800514221,0,1
SIHDR_118,SIHDR_118_e03.jpg,108,3,train,15.287712097167969,17.194602966308594,17.865629196166992,0.6710262298583984,0,17.194602966308594,17.194602966308594,0,0,1,0.8115578889846802,1,0,0.8421850800514221,0,1
SIHDR_118,SIHDR_118_e04.jpg,108,4,train,14.287712097167969,17.194602966308594,17.18882179260254,0.0057811737060546875,0,17.194602966308594,17.194602966308594,0,0,1,0.8026171922683716,1,0,0.8421850800514221,0,1
SIHDR_118,SIHDR_118_e05.jpg,108,5,train,13.287712097167969,17.194602966308594,16.495059967041016,0.6995429992675781,0,17.194602966308594,17.194602966308594,0,0,1,0.7935733199119568,1,0,0.8421850800514221,0,1
SIHDR_118,SIHDR_118_e06.jpg,108,6,train,12.287712097167969,17.194602966308594,15.793167114257812,1.4014358520507812,0,17.194602966308594,17.194602966308594,0,0,1,0.7843292355537415,1,0,0.8421850800514221,0,1
SIHDR_118,SIHDR_118_e07.jpg,108,7,train,11.287712097167969,17.194602966308594,15.086515426635742,2.1080875396728516,0,17.194602966308594,17.194602966308594,0,0,1,0.7748019695281982,1,0,0.8421850800514221,0,1
SIHDR_118,SIHDR_118_e08.jpg,108,8,train,10.287712097167969,17.194602966308594,14.37763500213623,2.8169679641723633,0,17.194602966308594,17.194602966308594,0,0,1,0.7650170922279358,1,0,0.8421850800514221,0,1
SIHDR_118,SIHDR_118_e09.jpg,108,9,train,9.38082218170166,17.194602966308594,13.734297752380371,3.4603052139282227,0,17.194602966308594,17.194602966308594,0,0,1,0.7559013962745667,1,0,0.8421850800514221,0,1
SIHDR_118,SIHDR_118_e10.jpg,108,10,train,8.38082218170166,17.194602966308594,13.023619651794434,4.17098331451416,0,17.194602966308594,17.194602966308594,0,0,1,0.7453727126121521,1,0,0.8421850800514221,0,1
SIHDR_118,SIHDR_118_e11.jpg,108,11,train,7.380821704864502,17.194602966308594,12.312716484069824,4.8818864822387695,0,17.194602966308594,17.194602966308594,0,0,1,0.7344761490821838,1,0,0.8421850800514221,0,1
SIHDR_118,SIHDR_118_e12.jpg,108,12,train,6.321928024291992,17.194602966308594,11.5598726272583,5.634730339050293,0,17.194602966308594,17.194602966308594,0,0,1,0.7225788235664368,1,0,0.8421850800514221,0,1
SIHDR_118,SIHDR_118_e13.jpg,108,13,train,5.321928024291992,17.194602966308594,10.847212791442871,6.347390174865723,0,17.194602966308594,17.194602966308594,0,0,1,0.7110418677330017,1,0,0.8421850800514221,0,1
SIHDR_118,SIHDR_118_e14.jpg,108,14,train,4.321928024291992,17.194602966308594,10.134236335754395,7.060366630554199,0,17.194602966308594,17.194602966308594,0,0,1,0.6992322206497192,1,0,0.8421850800514221,0,1
SIHDR_119,SIHDR_119_e00.jpg,109,0,train,17.194602966308594,17.194602966308594,19.019201278686523,1.8245983123779297,0,17.194602966308594,17.194602966308594,0,0,1,0.8277538418769836,1,0,0.8421850800514221,0,1
SIHDR_119,SIHDR_119_e01.jpg,109,1,train,16.28771209716797,17.194602966308594,18.504201889038086,1.3095989227294922,0,17.194602966308594,17.194602966308594,0,0,1,0.8193424344062805,1,0,0.8421850800514221,0,1
SIHDR_119,SIHDR_119_e02.jpg,109,2,train,15.872674942016602,17.194602966308594,18.240541458129883,1.045938491821289,0,17.194602966308594,17.194602966308594,0,0,1,0.8156217932701111,1,0,0.8421850800514221,0,1
SIHDR_119,SIHDR_119_e03.jpg,109,3,train,15.287712097167969,17.194602966308594,17.855133056640625,0.6605300903320312,0,17.194602966308594,17.194602966308594,0,0,1,0.8104428052902222,1,0,0.8421850800514221,0,1
SIHDR_119,SIHDR_119_e04.jpg,109,4,train,14.287712097167969,17.194602966308594,17.17607307434082,0.018529891967773438,0,17.194602966308594,17.194602966308594,0,0,1,0.8016777038574219,1,0,0.8421850800514221,0,1
SIHDR_119,SIHDR_119_e05.jpg,109,5,train,13.287712097167969,17.194602966308594,16.481731414794922,0.7128715515136719,0,17.194602966308594,17.194602966308594,0,0,1,0.7929010987281799,1,0,0.8421850800514221,0,1
SIHDR_119,SIHDR_119_e06.jpg,109,6,train,12.287712097167969,17.194602966308594,15.779696464538574,1.4149065017700195,0,17.194602966308594,17.194602966308594,0,0,1,0.7838347554206848,1,0,0.8421850800514221,0,1
SIHDR_119,SIHDR_119_e07.jpg,109,7,train,11.287712097167969,17.194602966308594,15.074767112731934,2.11983585357666,0,17.194602966308594,17.194602966308594,0,0,1,0.7744200229644775,1,0,0.8421850800514221,0,1
SIHDR_119,SIHDR_119_e08.jpg,109,8,train,10.287712097167969,17.194602966308594,14.366378784179688,2.8282241821289062,0,17.194602966308594,17.194602966308594,0,0,1,0.7646294832229614,1,0,0.8421850800514221,0,1
SIHDR_119,SIHDR_119_e09.jpg,109,9,train,9.38082218170166,17.194602966308594,13.724759101867676,3.469843864440918,0,17.194602966308594,17.194602966308594,0,0,1,0.7555251121520996,1,0,0.8421850800514221,0,1
SIHDR_119,SIHDR_119_e10.jpg,109,10,train,8.38082218170166,17.194602966308594,13.017067909240723,4.177535057067871,0,17.194602966308594,17.194602966308594,0,0,1,0.7451062798500061,1,0,0.8421850800514221,0,1
SIHDR_119,SIHDR_119_e11.jpg,109,11,train,7.380821704864502,17.194602966308594,12.309248924255371,4.885354042053223,0,17.194602966308594,17.194602966308594,0,0,1,0.7343237996101379,1,0,0.8421850800514221,0,1
SIHDR_119,SIHDR_119_e12.jpg,109,12,train,6.321928024291992,17.194602966308594,11.557726860046387,5.636876106262207,0,17.194602966308594,17.194602966308594,0,0,1,0.7225134968757629,1,0,0.8421850800514221,0,1
SIHDR_119,SIHDR_119_e13.jpg,109,13,train,5.321928024291992,17.194602966308594,10.845793724060059,6.348809242248535,0,17.194602966308594,17.194602966308594,0,0,1,0.7110153436660767,1,0,0.8421850800514221,0,1
SIHDR_119,SIHDR_119_e14.jpg,109,14,train,4.321928024291992,17.194602966308594,10.133407592773438,7.061195373535156,0,17.194602966308594,17.194602966308594,0,0,1,0.6992225050926208,1,0,0.8421850800514221,0,1
SIHDR_120,SIHDR_120_e00.jpg,110,0,train,17.194602966308594,17.194602966308594,17.924352645874023,0.7297496795654297,0,17.194602966308594,17.194602966308594,0,0,1,0.8285589814186096,1,0,0.8421850800514221,0,1
SIHDR_120,SIHDR_120_e01.jpg,110,1,train,16.28771209716797,17.194602966308594,17.99675941467285,0.8021564483642578,0,17.194602966308594,17.194602966308594,0,0,1,0.8212145566940308,1,0,0.8421850800514221,0,1
SIHDR_120,SIHDR_120_e02.jpg,110,2,train,15.872674942016602,17.194602966308594,17.94439697265625,0.7497940063476562,0,17.194602966308594,17.194602966308594,0,0,1,0.8173696994781494,1,0,0.8421850800514221,0,1
SIHDR_120,SIHDR_120_e03.jpg,110,3,train,15.287712097167969,17.194602966308594,17.712369918823242,0.5177669525146484,0,17.194602966308594,17.194602966308594,0,0,1,0.8120661973953247,1,0,0.8421850800514221,0,1
SIHDR_120,SIHDR_120_e04.jpg,110,4,train,14.287712097167969,17.194602966308594,17.12103271484375,0.07357025146484375,0,17.194602966308594,17.194602966308594,0,0,1,0.80307936668396,1,0,0.8421850800514221,0,1
SIHDR_120,SIHDR_120_e05.jpg,110,5,train,13.287712097167969,17.194602966308594,16.468019485473633,0.7265834808349609,0,17.194602966308594,17.194602966308594,0,0,1,0.7939326763153076,1,0,0.8421850800514221,0,1
SIHDR_120,SIHDR_120_e06.jpg,110,6,train,12.287712097167969,17.194602966308594,15.788983345031738,1.4056196212768555,0,17.194602966308594,17.194602966308594,0,0,1,0.7846189141273499,1,0,0.8421850800514221,0,1
SIHDR_120,SIHDR_120_e07.jpg,110,7,train,11.287712097167969,17.194602966308594,15.093029975891113,2.1015729904174805,0,17.194602966308594,17.194602966308594,0,0,1,0.7751061916351318,1,0,0.8421850800514221,0,1
SIHDR_120,SIHDR_120_e08.jpg,110,8,train,10.287712097167969,17.194602966308594,14.387025833129883,2.807577133178711,0,17.194602966308594,17.194602966308594,0,0,1,0.7653055787086487,1,0,0.8421850800514221,0,1
SIHDR_120,SIHDR_120_e09.jpg,110,9,train,9.38082218170166,17.194602966308594,13.743578910827637,3.451024055480957,0,17.194602966308594,17.194602966308594,0,0,1,0.756115198135376,1,0,0.8421850800514221,0,1
SIHDR_120,SIHDR_120_e10.jpg,110,10,train,8.38082218170166,17.194602966308594,13.031962394714355,4.162640571594238,0,17.194602966308594,17.194602966308594,0,0,1,0.7455191612243652,1,0,0.8421850800514221,0,1
SIHDR_120,SIHDR_120_e11.jpg,110,11,train,7.380821704864502,17.194602966308594,12.318562507629395,4.876040458679199,0,17.194602966308594,17.194602966308594,0,0,1,0.734555184841156,1,0,0.8421850800514221,0,1
SIHDR_120,SIHDR_120_e12.jpg,110,12,train,6.321928024291992,17.194602966308594,11.562912940979004,5.63169002532959,0,17.194602966308594,17.194602966308594,0,0,1,0.722629189491272,1,0,0.8421850800514221,0,1
SIHDR_120,SIHDR_120_e13.jpg,110,13,train,5.321928024291992,17.194602966308594,10.849078178405762,6.345524787902832,0,17.194602966308594,17.194602966308594,0,0,1,0.7110720872879028,1,0,0.8421850800514221,0,1
SIHDR_120,SIHDR_120_e14.jpg,110,14,train,4.321928024291992,17.194602966308594,10.135157585144043,7.059445381164551,0,17.194602966308594,17.194602966308594,0,0,1,0.699247419834137,1,0,0.8421850800514221,0,1
SIHDR_121,SIHDR_121_e00.jpg,111,0,test,17.194602966308594,17.194602966308594,17.859766006469727,0.6651630401611328,0,17.194602966308594,17.194602966308594,0,0,1,0.8325052857398987,1,0,0.8421850800514221,0,1
SIHDR_121,SIHDR_121_e01.jpg,111,1,test,16.28771209716797,17.194602966308594,17.84870719909668,0.6541042327880859,0,17.194602966308594,17.194602966308594,0,0,1,0.8238754272460938,1,0,0.8421850800514221,0,1
SIHDR_121,SIHDR_121_e02.jpg,111,2,test,15.872674942016602,17.194602966308594,17.74460792541504,0.5500049591064453,0,17.194602966308594,17.194602966308594,0,0,1,0.8196086883544922,1,0,0.8421850800514221,0,1
SIHDR_121,SIHDR_121_e03.jpg,111,3,test,15.287712097167969,17.194602966308594,17.597806930541992,0.40320396423339844,0,17.194602966308594,17.194602966308594,0,0,1,0.8136577606201172,1,0,0.8421850800514221,0,1
SIHDR_121,SIHDR_121_e04.jpg,111,4,test,14.287712097167969,17.194602966308594,17.06756019592285,0.1270427703857422,0,17.194602966308594,17.194602966308594,0,0,1,0.8041896224021912,1,0,0.8421850800514221,0,1
SIHDR_121,SIHDR_121_e05.jpg,111,5,test,13.287712097167969,17.194602966308594,16.455671310424805,0.7389316558837891,0,17.194602966308594,17.194602966308594,0,0,1,0.7946767210960388,1,0,0.8421850800514221,0,1
SIHDR_121,SIHDR_121_e06.jpg,111,6,test,12.287712097167969,17.194602966308594,15.779284477233887,1.415318489074707,0,17.194602966308594,17.194602966308594,0,0,1,0.785168468952179,1,0,0.8421850800514221,0,1
SIHDR_121,SIHDR_121_e07.jpg,111,7,test,11.287712097167969,17.194602966308594,15.08203125,2.1125717163085938,0,17.194602966308594,17.194602966308594,0,0,1,0.7755323052406311,1,0,0.8421850800514221,0,1
SIHDR_121,SIHDR_121_e08.jpg,111,8,test,10.287712097167969,17.194602966308594,14.378039360046387,2.816563606262207,0,17.194602966308594,17.194602966308594,0,0,1,0.7656751275062561,1,0,0.8421850800514221,0,1
SIHDR_121,SIHDR_121_e09.jpg,111,9,test,9.38082218170166,17.194602966308594,13.735946655273438,3.4586563110351562,0,17.194602966308594,17.194602966308594,0,0,1,0.7564064264297485,1,0,0.8421850800514221,0,1
SIHDR_121,SIHDR_121_e10.jpg,111,10,test,8.38082218170166,17.194602966308594,13.025500297546387,4.169102668762207,0,17.194602966308594,17.194602966308594,0,0,1,0.7457289099693298,1,0,0.8421850800514221,0,1
SIHDR_121,SIHDR_121_e11.jpg,111,11,test,7.380821704864502,17.194602966308594,12.313921928405762,4.880681037902832,0,17.194602966308594,17.194602966308594,0,0,1,0.7347166538238525,1,0,0.8421850800514221,0,1
SIHDR_121,SIHDR_121_e12.jpg,111,12,test,6.321928024291992,17.194602966308594,11.559657096862793,5.634945869445801,0,17.194602966308594,17.194602966308594,0,0,1,0.7227476239204407,1,0,0.8421850800514221,0,1
SIHDR_121,SIHDR_121_e13.jpg,111,13,test,5.321928024291992,17.194602966308594,10.846912384033203,6.347690582275391,0,17.194602966308594,17.194602966308594,0,0,1,0.7111554741859436,1,0,0.8421850800514221,0,1
SIHDR_121,SIHDR_121_e14.jpg,111,14,test,4.321928024291992,17.194602966308594,10.133891105651855,7.060711860656738,0,17.194602966308594,17.194602966308594,0,0,1,0.6992982029914856,1,0,0.8421850800514221,0,1
SIHDR_122,SIHDR_122_e00.jpg,112,0,train,17.194602966308594,17.194602966308594,18.189422607421875,0.9948196411132812,0,17.194602966308594,17.194602966308594,0,0,1,0.826185941696167,1,0,0.8421850800514221,0,1
SIHDR_122,SIHDR_122_e01.jpg,112,1,train,16.28771209716797,17.194602966308594,18.085840225219727,0.8912372589111328,0,17.194602966308594,17.194602966308594,0,0,1,0.8189089894294739,1,0,0.8421850800514221,0,1
SIHDR_122,SIHDR_122_e02.jpg,112,2,train,15.872674942016602,17.194602966308594,17.96016502380371,0.7655620574951172,0,17.194602966308594,17.194602966308594,0,0,1,0.8152807354927063,1,0,0.8421850800514221,0,1
SIHDR_122,SIHDR_122_e03.jpg,112,3,train,15.287712097167969,17.194602966308594,17.73444175720215,0.5398387908935547,0,17.194602966308594,17.194602966308594,0,0,1,0.8102176785469055,1,0,0.8421850800514221,0,1
SIHDR_122,SIHDR_122_e04.jpg,112,4,train,14.287712097167969,17.194602966308594,17.135204315185547,0.059398651123046875,0,17.194602966308594,17.194602966308594,0,0,1,0.8018306493759155,1,0,0.8421850800514221,0,1
SIHDR_122,SIHDR_122_e05.jpg,112,5,train,13.287712097167969,17.194602966308594,16.482162475585938,0.7124404907226562,0,17.194602966308594,17.194602966308594,0,0,1,0.7930847406387329,1,0,0.8421850800514221,0,1
SIHDR_122,SIHDR_122_e06.jpg,112,6,train,12.287712097167969,17.194602966308594,15.792513847351074,1.4020891189575195,0,17.194602966308594,17.194602966308594,0,0,1,0.7840638160705566,1,0,0.8421850800514221,0,1
SIHDR_122,SIHDR_122_e07.jpg,112,7,train,11.287712097167969,17.194602966308594,15.091330528259277,2.1032724380493164,0,17.194602966308594,17.194602966308594,0,0,1,0.7747339010238647,1,0,0.8421850800514221,0,1
SIHDR_122,SIHDR_122_e08.jpg,112,8,train,10.287712097167969,17.194602966308594,14.384733200073242,2.8098697662353516,0,17.194602966308594,17.194602966308594,0,0,1,0.765047550201416,1,0,0.8421850800514221,0,1
SIHDR_122,SIHDR_122_e09.jpg,112,9,train,9.38082218170166,17.194602966308594,13.740939140319824,3.4536638259887695,0,17.194602966308594,17.194602966308594,0,0,1,0.7559219598770142,1,0,0.8421850800514221,0,1
SIHDR_122,SIHDR_122_e10.jpg,112,10,train,8.38082218170166,17.194602966308594,13.028995513916016,4.165607452392578,0,17.194602966308594,17.194602966308594,0,0,1,0.7453751564025879,1,0,0.8421850800514221,0,1
SIHDR_122,SIHDR_122_e11.jpg,112,11,train,7.380821704864502,17.194602966308594,12.316322326660156,4.8782806396484375,0,17.194602966308594,17.194602966308594,0,0,1,0.7344332933425903,1,0,0.8421850800514221,0,1
SIHDR_122,SIHDR_122_e12.jpg,112,12,train,6.321928024291992,17.194602966308594,11.56126880645752,5.633334159851074,0,17.194602966308594,17.194602966308594,0,0,1,0.7225309014320374,1,0,0.8421850800514221,0,1
SIHDR_122,SIHDR_122_e13.jpg,112,13,train,5.321928024291992,17.194602966308594,10.848278045654297,6.346324920654297,0,17.194602966308594,17.194602966308594,0,0,1,0.7110083699226379,1,0,0.8421850800514221,0,1
SIHDR_122,SIHDR_122_e14.jpg,112,14,train,4.321928024291992,17.194602966308594,10.1345796585083,7.060023307800293,0,17.194602966308594,17.194602966308594,0,0,1,0.6992183923721313,1,0,0.8421850800514221,0,1
SIHDR_123,SIHDR_123_e00.jpg,113,0,train,17.194602966308594,13.287712097167969,11.850000381469727,1.4377117156982422,1,12.287712097167969,13.287712097167969,0,1,1,0.9010099172592163,1,1,0.8421850800514221,1,1
SIHDR_123,SIHDR_123_e01.jpg,113,1,train,16.28771209716797,13.287712097167969,12.327908515930176,0.959803581237793,1,12.287712097167969,13.287712097167969,1,1,1,0.8911516070365906,1,1,0.8421850800514221,1,1
SIHDR_123,SIHDR_123_e02.jpg,113,2,train,15.872674942016602,13.287712097167969,12.352145195007324,0.9355669021606445,1,12.287712097167969,13.287712097167969,1,1,1,0.8870928287506104,1,1,0.8421850800514221,1,1
SIHDR_123,SIHDR_123_e03.jpg,113,3,train,15.287712097167969,13.287712097167969,12.359817504882812,0.9278945922851562,1,12.287712097167969,13.287712097167969,1,1,1,0.8791877627372742,1,1,0.8421850800514221,1,1
SIHDR_123,SIHDR_123_e04.jpg,113,4,train,14.287712097167969,13.287712097167969,12.650251388549805,0.6374607086181641,1,12.287712097167969,13.287712097167969,1,1,1,0.8698869943618774,1,1,0.8421850800514221,1,1
SIHDR_123,SIHDR_123_e05.jpg,113,5,train,13.287712097167969,13.287712097167969,12.686718940734863,0.6009931564331055,1,12.287712097167969,13.287712097167969,1,1,1,0.846649706363678,1,1,0.8421850800514221,1,1
SIHDR_123,SIHDR_123_e06.jpg,113,6,train,12.287712097167969,13.287712097167969,12.728331565856934,0.5593805313110352,1,12.287712097167969,13.287712097167969,1,1,1,0.8239809274673462,1,1,0.8421850800514221,0,0
SIHDR_123,SIHDR_123_e07.jpg,113,7,train,11.287712097167969,13.287712097167969,13.156197547912598,0.1315145492553711,1,12.287712097167969,13.287712097167969,1,1,1,0.7995900511741638,1,1,0.8421850800514221,0,0
SIHDR_123,SIHDR_123_e08.jpg,113,8,train,10.287712097167969,13.287712097167969,12.943936347961426,0.34377574920654297,1,12.287712097167969,13.287712097167969,1,1,1,0.787246823310852,1,1,0.8421850800514221,0,0
SIHDR_123,SIHDR_123_e09.jpg,113,9,train,9.38082218170166,13.287712097167969,12.972079277038574,0.31563282012939453,1,12.287712097167969,13.287712097167969,1,1,1,0.7756633162498474,1,1,0.8421850800514221,0,0
SIHDR_123,SIHDR_123_e10.jpg,113,10,train,8.38082218170166,13.287712097167969,12.672332763671875,0.6153793334960938,1,12.287712097167969,13.287712097167969,1,1,1,0.7619913816452026,1,1,0.8421850800514221,0,0
SIHDR_123,SIHDR_123_e11.jpg,113,11,train,7.380821704864502,13.287712097167969,12.195874214172363,1.0918378829956055,1,12.287712097167969,13.287712097167969,0,1,1,0.7425417304039001,1,1,0.8421850800514221,0,0
SIHDR_123,SIHDR_123_e12.jpg,113,12,train,6.321928024291992,13.287712097167969,11.486584663391113,1.8011274337768555,1,12.287712097167969,13.287712097167969,0,1,1,0.7264630198478699,1,1,0.8421850800514221,0,0
SIHDR_123,SIHDR_123_e13.jpg,113,13,train,5.321928024291992,13.287712097167969,10.78598690032959,2.501725196838379,1,12.287712097167969,13.287712097167969,0,1,1,0.7127634286880493,1,1,0.8421850800514221,0,0
SIHDR_123,SIHDR_123_e14.jpg,113,14,train,4.321928024291992,13.287712097167969,10.073243141174316,3.2144689559936523,1,12.287712097167969,13.287712097167969,0,1,1,0.7005751132965088,1,1,0.8421850800514221,0,0
SIHDR_124,SIHDR_124_e00.jpg,114,0,train,17.194602966308594,11.287712097167969,10.434439659118652,0.8532724380493164,1,10.287712097167969,11.287712097167969,1,1,1,0.9312478303909302,1,1,0.8421850800514221,1,1
SIHDR_124,SIHDR_124_e01.jpg,114,1,train,16.28771209716797,11.287712097167969,10.746509552001953,0.5412025451660156,1,10.287712097167969,11.287712097167969,1,1,1,0.9230671525001526,1,1,0.8421850800514221,1,1
SIHDR_124,SIHDR_124_e02.jpg,114,2,train,15.872674942016602,11.287712097167969,10.946314811706543,0.3413972854614258,1,10.287712097167969,11.287712097167969,1,1,1,0.9164265990257263,1,1,0.8421850800514221,1,1
SIHDR_124,SIHDR_124_e03.jpg,114,3,train,15.287712097167969,11.287712097167969,11.20765209197998,0.08006000518798828,1,10.287712097167969,11.287712097167969,1,1,1,0.9067246913909912,1,1,0.8421850800514221,1,1
SIHDR_124,SIHDR_124_e04.jpg,114,4,train,14.287712097167969,11.287712097167969,11.338871955871582,0.05115985870361328,1,10.287712097167969,11.287712097167969,0,1,1,0.8908003568649292,1,1,0.8421850800514221,1,1
SIHDR_124,SIHDR_124_e05.jpg,114,5,train,13.287712097167969,11.287712097167969,11.407139778137207,0.11942768096923828,1,10.287712097167969,11.287712097167969,0,1,1,0.8729745745658875,1,1,0.8421850800514221,1,1
SIHDR_124,SIHDR_124_e06.jpg,114,6,train,12.287712097167969,11.287712097167969,11.561417579650879,0.27370548248291016,1,10.287712097167969,11.287712097167969,0,1,1,0.8524135947227478,1,1,0.8421850800514221,1,1
SIHDR_124,SIHDR_124_e07.jpg,114,7,train,11.287712097167969,11.287712097167969,11.689789772033691,0.40207767486572266,1,10.287712097167969,11.287712097167969,0,1,1,0.8340198993682861,1,1,0.8421850800514221,0,0
SIHDR_124,SIHDR_124_e08.jpg,114,8,train,10.287712097167969,11.287712097167969,11.716238975524902,0.4285268783569336,1,10.287712097167969,11.287712097167969,0,1,1,0.8100715279579163,1,1,0.8421850800514221,0,0
SIHDR_124,SIHDR_124_e09.jpg,114,9,train,9.38082218170166,11.287712097167969,11.460958480834961,0.1732463836669922,1,10.287712097167969,11.287712097167969,0,1,1,0.7926801443099976,1,1,0.8421850800514221,0,0
SIHDR_124,SIHDR_124_e10.jpg,114,10,train,8.38082218170166,11.287712097167969,11.307929039001465,0.020216941833496094,1,10.287712097167969,11.287712097167969,0,1,1,0.7690941095352173,1,1,0.8421850800514221,0,0
SIHDR_124,SIHDR_124_e11.jpg,114,11,train,7.380821704864502,11.287712097167969,11.26159381866455,0.02611827850341797,1,10.287712097167969,11.287712097167969,1,1,1,0.7473397254943848,1,1,0.8421850800514221,0,0
SIHDR_124,SIHDR_124_e12.jpg,114,12,train,6.321928024291992,11.287712097167969,10.956819534301758,0.33089256286621094,1,10.287712097167969,11.287712097167969,1,1,1,0.7287444472312927,1,1,0.8421850800514221,0,0
SIHDR_124,SIHDR_124_e13.jpg,114,13,train,5.321928024291992,11.287712097167969,10.5054292678833,0.782282829284668,1,10.287712097167969,11.287712097167969,1,1,1,0.714349627494812,1,1,0.8421850800514221,0,0
SIHDR_124,SIHDR_124_e14.jpg,114,14,train,4.321928024291992,11.287712097167969,9.940032005310059,1.3476800918579102,1,10.287712097167969,11.287712097167969,0,1,1,0.7009395956993103,1,1,0.8421850800514221,0,0
SIHDR_125,SIHDR_125_e00.jpg,115,0,train,17.194602966308594,11.287712097167969,10.030314445495605,1.2573976516723633,1,10.287712097167969,11.287712097167969,0,1,1,0.9319576025009155,1,1,0.8421850800514221,1,1
SIHDR_125,SIHDR_125_e01.jpg,115,1,train,16.28771209716797,11.287712097167969,10.205211639404297,1.0825004577636719,1,10.287712097167969,11.287712097167969,0,1,1,0.9340901970863342,1,1,0.8421850800514221,1,1
SIHDR_125,SIHDR_125_e02.jpg,115,2,train,15.872674942016602,11.287712097167969,10.398807525634766,0.8889045715332031,1,10.287712097167969,11.287712097167969,1,1,1,0.9319292306900024,1,1,0.8421850800514221,1,1
SIHDR_125,SIHDR_125_e03.jpg,115,3,train,15.287712097167969,11.287712097167969,10.498578071594238,0.7891340255737305,1,10.287712097167969,11.287712097167969,1,1,1,0.9243329167366028,1,1,0.8421850800514221,1,1
SIHDR_125,SIHDR_125_e04.jpg,115,4,train,14.287712097167969,11.287712097167969,10.558655738830566,0.7290563583374023,1,10.287712097167969,11.287712097167969,1,1,1,0.9039493799209595,1,1,0.8421850800514221,1,1
SIHDR_125,SIHDR_125_e05.jpg,115,5,train,13.287712097167969,11.287712097167969,10.511696815490723,0.7760152816772461,1,10.287712097167969,11.287712097167969,1,1,1,0.862033486366272,1,1,0.8421850800514221,1,1
SIHDR_125,SIHDR_125_e06.jpg,115,6,train,12.287712097167969,11.287712097167969,10.349638938903809,0.9380731582641602,1,10.287712097167969,11.287712097167969,1,1,1,0.8262903094291687,1,1,0.8421850800514221,0,0
SIHDR_125,SIHDR_125_e07.jpg,115,7,train,11.287712097167969,11.287712097167969,10.519442558288574,0.7682695388793945,1,10.287712097167969,11.287712097167969,1,1,1,0.8023584485054016,1,1,0.8421850800514221,0,0
SIHDR_125,SIHDR_125_e08.jpg,115,8,train,10.287712097167969,11.287712097167969,10.608355522155762,0.679356575012207,1,10.287712097167969,11.287712097167969,1,1,1,0.7818917632102966,1,1,0.8421850800514221,0,0
SIHDR_125,SIHDR_125_e09.jpg,115,9,train,9.38082218170166,11.287712097167969,10.496903419494629,0.7908086776733398,1,10.287712097167969,11.287712097167969,1,1,1,0.7686442732810974,1,1,0.8421850800514221,0,0
SIHDR_125,SIHDR_125_e10.jpg,115,10,train,8.38082218170166,11.287712097167969,10.65535831451416,0.6323537826538086,1,10.287712097167969,11.287712097167969,1,1,1,0.7472434043884277,1,1,0.8421850800514221,0,0
SIHDR_125,SIHDR_125_e11.jpg,115,11,train,7.380821704864502,11.287712097167969,10.71219539642334,0.5755167007446289,1,10.287712097167969,11.287712097167969,1,1,1,0.731143593788147,1,1,0.8421850800514221,0,0
SIHDR_125,SIHDR_125_e12.jpg,115,12,train,6.321928024291992,11.287712097167969,10.598359107971191,0.6893529891967773,1,10.287712097167969,11.287712097167969,1,1,1,0.7214236259460449,1,1,0.8421850800514221,0,0
SIHDR_125,SIHDR_125_e13.jpg,115,13,train,5.321928024291992,11.287712097167969,10.290058135986328,0.9976539611816406,1,10.287712097167969,11.287712097167969,1,1,1,0.7103410363197327,1,1,0.8421850800514221,0,0
SIHDR_125,SIHDR_125_e14.jpg,115,14,train,4.321928024291992,11.287712097167969,9.742795944213867,1.5449161529541016,1,10.287712097167969,11.287712097167969,0,1,1,0.6989807486534119,1,1,0.8421850800514221,0,0
SIHDR_126,SIHDR_126_e00.jpg,116,0,train,17.194602966308594,10.287712097167969,10.130074501037598,0.1576375961303711,1,10.287712097167969,10.287712097167969,0,1,1,0.9317319393157959,1,1,0.8421850800514221,1,1
SIHDR_126,SIHDR_126_e01.jpg,116,1,train,16.28771209716797,10.287712097167969,10.426176071166992,0.13846397399902344,1,10.287712097167969,10.287712097167969,0,1,1,0.9176341891288757,1,1,0.8421850800514221,1,1
SIHDR_126,SIHDR_126_e02.jpg,116,2,train,15.872674942016602,10.287712097167969,10.621136665344238,0.33342456817626953,1,10.287712097167969,10.287712097167969,0,1,1,0.9095656275749207,1,1,0.8421850800514221,1,1
SIHDR_126,SIHDR_126_e03.jpg,116,3,train,15.287712097167969,10.287712097167969,10.65149974822998,0.3637876510620117,1,10.287712097167969,10.287712097167969,0,1,1,0.8978523015975952,1,1,0.8421850800514221,1,1
SIHDR_126,SIHDR_126_e04.jpg,116,4,train,14.287712097167969,10.287712097167969,10.44034194946289,0.15262985229492188,1,10.287712097167969,10.287712097167969,0,1,1,0.8800140619277954,1,1,0.8421850800514221,1,1
SIHDR_126,SIHDR_126_e05.jpg,116,5,train,13.287712097167969,10.287712097167969,9.975696563720703,0.3120155334472656,1,10.287712097167969,10.287712097167969,0,1,1,0.8663783669471741,1,1,0.8421850800514221,1,1
SIHDR_126,SIHDR_126_e06.jpg,116,6,train,12.287712097167969,10.287712097167969,9.697907447814941,0.5898046493530273,1,10.287712097167969,10.287712097167969,0,1,1,0.8478264808654785,1,1,0.8421850800514221,1,1
SIHDR_126,SIHDR_126_e07.jpg,116,7,train,11.287712097167969,10.287712097167969,10.407185554504395,0.11947345733642578,1,10.287712097167969,10.287712097167969,0,1,1,0.8232402801513672,1,1,0.8421850800514221,0,0
SIHDR_126,SIHDR_126_e08.jpg,116,8,train,10.287712097167969,10.287712097167969,10.457901000976562,0.17018890380859375,1,10.287712097167969,10.287712097167969,0,1,1,0.7916687726974487,1,1,0.8421850800514221,0,0
SIHDR_126,SIHDR_126_e09.jpg,116,9,train,9.38082218170166,10.287712097167969,10.157657623291016,0.13005447387695312,1,10.287712097167969,10.287712097167969,0,1,1,0.7673287987709045,1,1,0.8421850800514221,0,0
SIHDR_126,SIHDR_126_e10.jpg,116,10,train,8.38082218170166,10.287712097167969,10.334906578063965,0.047194480895996094,1,10.287712097167969,10.287712097167969,0,1,1,0.7489756941795349,1,1,0.8421850800514221,0,0
SIHDR_126,SIHDR_126_e11.jpg,116,11,train,7.380821704864502,10.287712097167969,10.80794620513916,0.5202341079711914,1,10.287712097167969,10.287712097167969,0,1,1,0.7360420823097229,1,1,0.8421850800514221,0,0
SIHDR_126,SIHDR_126_e12.jpg,116,12,train,6.321928024291992,10.287712097167969,10.656155586242676,0.36844348907470703,1,10.287712097167969,10.287712097167969,0,1,1,0.7236272096633911,1,1,0.8421850800514221,0,0
SIHDR_126,SIHDR_126_e13.jpg,116,13,train,5.321928024291992,10.287712097167969,10.26932430267334,0.018387794494628906,1,10.287712097167969,10.287712097167969,0,1,1,0.7121402621269226,1,1,0.8421850800514221,0,0
SIHDR_126,SIHDR_126_e14.jpg,116,14,train,4.321928024291992,10.287712097167969,9.8212890625,0.46642303466796875,1,10.287712097167969,10.287712097167969,0,1,1,0.7009164094924927,1,1,0.8421850800514221,0,0
SIHDR_128,SIHDR_128_e00.jpg,117,0,validation,17.194602966308594,12.287712097167969,10.377435684204102,1.9102764129638672,1,11.287712097167969,13.287712097167969,0,1,1,0.9269965887069702,1,1,0.8421850800514221,1,1
SIHDR_128,SIHDR_128_e01.jpg,117,1,validation,16.28771209716797,12.287712097167969,10.383345603942871,1.9043664932250977,1,11.287712097167969,13.287712097167969,0,1,1,0.9080343842506409,1,1,0.8421850800514221,1,1
SIHDR_128,SIHDR_128_e02.jpg,117,2,validation,15.872674942016602,12.287712097167969,10.381730079650879,1.9059820175170898,1,11.287712097167969,13.287712097167969,0,1,1,0.893837034702301,1,1,0.8421850800514221,1,1
SIHDR_128,SIHDR_128_e03.jpg,117,3,validation,15.287712097167969,12.287712097167969,10.648850440979004,1.6388616561889648,1,11.287712097167969,13.287712097167969,0,1,1,0.8732661604881287,1,1,0.8421850800514221,1,1
SIHDR_128,SIHDR_128_e04.jpg,117,4,validation,14.287712097167969,12.287712097167969,11.025321960449219,1.26239013671875,1,11.287712097167969,13.287712097167969,0,1,1,0.8519338369369507,1,1,0.8421850800514221,1,1
SIHDR_128,SIHDR_128_e05.jpg,117,5,validation,13.287712097167969,12.287712097167969,11.009005546569824,1.2787065505981445,1,11.287712097167969,13.287712097167969,0,1,1,0.8381867408752441,1,1,0.8421850800514221,0,0
SIHDR_128,SIHDR_128_e06.jpg,117,6,validation,12.287712097167969,12.287712097167969,11.043303489685059,1.2444086074829102,1,11.287712097167969,13.287712097167969,0,1,1,0.8253276348114014,1,1,0.8421850800514221,0,0
SIHDR_128,SIHDR_128_e07.jpg,117,7,validation,11.287712097167969,12.287712097167969,11.263089179992676,1.024622917175293,1,11.287712097167969,13.287712097167969,0,1,1,0.8207533359527588,1,1,0.8421850800514221,0,0
SIHDR_128,SIHDR_128_e08.jpg,117,8,validation,10.287712097167969,12.287712097167969,12.317113876342773,0.029401779174804688,1,11.287712097167969,13.287712097167969,1,1,1,0.8025922179222107,1,1,0.8421850800514221,0,0
SIHDR_128,SIHDR_128_e09.jpg,117,9,validation,9.38082218170166,12.287712097167969,12.394308090209961,0.10659599304199219,1,11.287712097167969,13.287712097167969,1,1,1,0.783363401889801,1,1,0.8421850800514221,0,0
SIHDR_128,SIHDR_128_e10.jpg,117,10,validation,8.38082218170166,12.287712097167969,12.074493408203125,0.21321868896484375,1,11.287712097167969,13.287712097167969,1,1,1,0.7663997411727905,1,1,0.8421850800514221,0,0
SIHDR_128,SIHDR_128_e11.jpg,117,11,validation,7.380821704864502,12.287712097167969,11.576737403869629,0.7109746932983398,1,11.287712097167969,13.287712097167969,1,1,1,0.7481419444084167,1,1,0.8421850800514221,0,0
SIHDR_128,SIHDR_128_e12.jpg,117,12,validation,6.321928024291992,12.287712097167969,11.049152374267578,1.2385597229003906,1,11.287712097167969,13.287712097167969,0,1,1,0.7312635779380798,1,1,0.8421850800514221,0,0
SIHDR_128,SIHDR_128_e13.jpg,117,13,validation,5.321928024291992,12.287712097167969,10.670512199401855,1.6171998977661133,1,11.287712097167969,13.287712097167969,0,1,1,0.7149224281311035,1,1,0.8421850800514221,0,0
SIHDR_128,SIHDR_128_e14.jpg,117,14,validation,4.321928024291992,12.287712097167969,10.032916069030762,2.254796028137207,1,11.287712097167969,13.287712097167969,0,1,1,0.7011914849281311,1,1,0.8421850800514221,0,0
SIHDR_129,SIHDR_129_e00.jpg,118,0,train,17.194602966308594,9.38082218170166,9.969586372375488,0.5887641906738281,1,8.38082218170166,9.38082218170166,0,1,1,0.9323347210884094,1,1,0.8421850800514221,1,1
SIHDR_129,SIHDR_129_e01.jpg,118,1,train,16.28771209716797,9.38082218170166,9.374987602233887,0.0058345794677734375,1,8.38082218170166,9.38082218170166,1,1,1,0.9296201467514038,1,1,0.8421850800514221,1,1
SIHDR_129,SIHDR_129_e02.jpg,118,2,train,15.872674942016602,9.38082218170166,9.15823745727539,0.22258472442626953,1,8.38082218170166,9.38082218170166,1,1,1,0.9283303022384644,1,1,0.8421850800514221,1,1
SIHDR_129,SIHDR_129_e03.jpg,118,3,train,15.287712097167969,9.38082218170166,8.96313190460205,0.4176902770996094,1,8.38082218170166,9.38082218170166,1,1,1,0.9264550805091858,1,1,0.8421850800514221,1,1
SIHDR_129,SIHDR_129_e04.jpg,118,4,train,14.287712097167969,9.38082218170166,9.08447551727295,0.29634666442871094,1,8.38082218170166,9.38082218170166,1,1,1,0.9214358329772949,1,1,0.8421850800514221,1,1
SIHDR_129,SIHDR_129_e05.jpg,118,5,train,13.287712097167969,9.38082218170166,9.36534309387207,0.015479087829589844,1,8.38082218170166,9.38082218170166,1,1,1,0.9134642481803894,1,1,0.8421850800514221,1,1
SIHDR_129,SIHDR_129_e06.jpg,118,6,train,12.287712097167969,9.38082218170166,9.17324161529541,0.20758056640625,1,8.38082218170166,9.38082218170166,1,1,1,0.8882978558540344,1,1,0.8421850800514221,1,1
SIHDR_129,SIHDR_129_e07.jpg,118,7,train,11.287712097167969,9.38082218170166,9.13577938079834,0.2450428009033203,1,8.38082218170166,9.38082218170166,1,1,1,0.8524892330169678,1,1,0.8421850800514221,1,1
SIHDR_129,SIHDR_129_e08.jpg,118,8,train,10.287712097167969,9.38082218170166,9.358601570129395,0.022220611572265625,1,8.38082218170166,9.38082218170166,1,1,1,0.8165921568870544,1,1,0.8421850800514221,0,0
SIHDR_129,SIHDR_129_e09.jpg,118,9,train,9.38082218170166,9.38082218170166,9.745670318603516,0.36484813690185547,1,8.38082218170166,9.38082218170166,0,1,1,0.7889420390129089,1,1,0.8421850800514221,0,0
SIHDR_129,SIHDR_129_e10.jpg,118,10,train,8.38082218170166,9.38082218170166,10.235128402709961,0.8543062210083008,1,8.38082218170166,9.38082218170166,0,1,1,0.7661789655685425,1,1,0.8421850800514221,0,0
SIHDR_129,SIHDR_129_e11.jpg,118,11,train,7.380821704864502,9.38082218170166,10.722197532653809,1.3413753509521484,1,8.38082218170166,9.38082218170166,0,1,1,0.748435378074646,1,1,0.8421850800514221,0,0
SIHDR_129,SIHDR_129_e12.jpg,118,12,train,6.321928024291992,9.38082218170166,10.840558052062988,1.4597358703613281,1,8.38082218170166,9.38082218170166,0,1,1,0.7290078997612,1,1,0.8421850800514221,0,0
SIHDR_129,SIHDR_129_e13.jpg,118,13,train,5.321928024291992,9.38082218170166,10.514191627502441,1.1333694458007812,1,8.38082218170166,9.38082218170166,0,1,1,0.7150395512580872,1,1,0.8421850800514221,0,0
SIHDR_129,SIHDR_129_e14.jpg,118,14,train,4.321928024291992,9.38082218170166,10.034045219421387,0.6532230377197266,1,8.38082218170166,9.38082218170166,0,1,1,0.7011094093322754,1,1,0.8421850800514221,0,0
SIHDR_130,SIHDR_130_e00.jpg,119,0,test,17.194602966308594,10.287712097167969,10.29855728149414,0.010845184326171875,1,10.287712097167969,10.287712097167969,0,1,1,0.9300915002822876,1,1,0.8421850800514221,1,1
SIHDR_130,SIHDR_130_e01.jpg,119,1,test,16.28771209716797,10.287712097167969,10.609389305114746,0.32167720794677734,1,10.287712097167969,10.287712097167969,0,1,1,0.9241535067558289,1,1,0.8421850800514221,1,1
SIHDR_130,SIHDR_130_e02.jpg,119,2,test,15.872674942016602,10.287712097167969,10.758416175842285,0.4707040786743164,1,10.287712097167969,10.287712097167969,0,1,1,0.9193764925003052,1,1,0.8421850800514221,1,1
SIHDR_130,SIHDR_130_e03.jpg,119,3,test,15.287712097167969,10.287712097167969,11.036561012268066,0.7488489151000977,1,10.287712097167969,10.287712097167969,0,1,1,0.9155393242835999,1,1,0.8421850800514221,1,1
SIHDR_130,SIHDR_130_e04.jpg,119,4,test,14.287712097167969,10.287712097167969,11.311859130859375,1.0241470336914062,1,10.287712097167969,10.287712097167969,0,1,1,0.906156599521637,1,1,0.8421850800514221,1,1
SIHDR_130,SIHDR_130_e05.jpg,119,5,test,13.287712097167969,10.287712097167969,11.112669944763184,0.8249578475952148,1,10.287712097167969,10.287712097167969,0,1,1,0.8855655193328857,1,1,0.8421850800514221,1,1
SIHDR_130,SIHDR_130_e06.jpg,119,6,test,12.287712097167969,10.287712097167969,10.9673490524292,0.6796369552612305,1,10.287712097167969,10.287712097167969,0,1,1,0.8652945160865784,1,1,0.8421850800514221,1,1
SIHDR_130,SIHDR_130_e07.jpg,119,7,test,11.287712097167969,10.287712097167969,11.01595687866211,0.7282447814941406,1,10.287712097167969,10.287712097167969,0,1,1,0.849044144153595,1,1,0.8421850800514221,1,1
SIHDR_130,SIHDR_130_e08.jpg,119,8,test,10.287712097167969,10.287712097167969,11.448107719421387,1.160395622253418,1,10.287712097167969,10.287712097167969,0,1,1,0.8150513768196106,1,1,0.8421850800514221,0,0
SIHDR_130,SIHDR_130_e09.jpg,119,9,test,9.38082218170166,10.287712097167969,11.674094200134277,1.3863821029663086,1,10.287712097167969,10.287712097167969,0,1,1,0.7825896143913269,1,1,0.8421850800514221,0,0
SIHDR_130,SIHDR_130_e10.jpg,119,10,test,8.38082218170166,10.287712097167969,11.635844230651855,1.3481321334838867,1,10.287712097167969,10.287712097167969,0,1,1,0.7578012943267822,1,1,0.8421850800514221,0,0
SIHDR_130,SIHDR_130_e11.jpg,119,11,test,7.380821704864502,10.287712097167969,11.29783821105957,1.0101261138916016,1,10.287712097167969,10.287712097167969,0,1,1,0.7399886250495911,1,1,0.8421850800514221,0,0
SIHDR_130,SIHDR_130_e12.jpg,119,12,test,6.321928024291992,10.287712097167969,11.010601997375488,0.7228899002075195,1,10.287712097167969,10.287712097167969,0,1,1,0.7268794178962708,1,1,0.8421850800514221,0,0
SIHDR_130,SIHDR_130_e13.jpg,119,13,test,5.321928024291992,10.287712097167969,10.678977012634277,0.3912649154663086,1,10.287712097167969,10.287712097167969,0,1,1,0.7130259871482849,1,1,0.8421850800514221,0,0
SIHDR_130,SIHDR_130_e14.jpg,119,14,test,4.321928024291992,10.287712097167969,10.074027061462402,0.2136850357055664,1,10.287712097167969,10.287712097167969,0,1,1,0.7002807259559631,1,1,0.8421850800514221,0,0
SIHDR_131,SIHDR_131_e00.jpg,120,0,train,17.194602966308594,9.38082218170166,9.9635648727417,0.5827426910400391,1,8.38082218170166,10.287712097167969,1,1,1,0.9324462413787842,1,1,0.8421850800514221,1,1
SIHDR_131,SIHDR_131_e01.jpg,120,1,train,16.28771209716797,9.38082218170166,9.336039543151855,0.04478263854980469,1,8.38082218170166,10.287712097167969,1,1,1,0.9300373792648315,1,1,0.8421850800514221,1,1
SIHDR_131,SIHDR_131_e02.jpg,120,2,train,15.872674942016602,9.38082218170166,9.10732364654541,0.27349853515625,1,8.38082218170166,10.287712097167969,1,1,1,0.929243803024292,1,1,0.8421850800514221,1,1
SIHDR_131,SIHDR_131_e03.jpg,120,3,train,15.287712097167969,9.38082218170166,8.887835502624512,0.49298667907714844,1,8.38082218170166,10.287712097167969,1,1,1,0.9280179142951965,1,1,0.8421850800514221,1,1
SIHDR_131,SIHDR_131_e04.jpg,120,4,train,14.287712097167969,9.38082218170166,8.677189826965332,0.7036323547363281,1,8.38082218170166,10.287712097167969,1,1,1,0.9232080578804016,1,1,0.8421850800514221,1,1
SIHDR_131,SIHDR_131_e05.jpg,120,5,train,13.287712097167969,9.38082218170166,8.794063568115234,0.5867586135864258,1,8.38082218170166,10.287712097167969,1,1,1,0.8976680040359497,1,1,0.8421850800514221,1,1
SIHDR_131,SIHDR_131_e06.jpg,120,6,train,12.287712097167969,9.38082218170166,9.038379669189453,0.34244251251220703,1,8.38082218170166,10.287712097167969,1,1,1,0.8461503982543945,1,1,0.8421850800514221,1,1
SIHDR_131,SIHDR_131_e07.jpg,120,7,train,11.287712097167969,9.38082218170166,9.443766593933105,0.06294441223144531,1,8.38082218170166,10.287712097167969,1,1,1,0.7931193709373474,1,1,0.8421850800514221,0,0
SIHDR_131,SIHDR_131_e08.jpg,120,8,train,10.287712097167969,9.38082218170166,9.610499382019043,0.2296772003173828,1,8.38082218170166,10.287712097167969,1,1,1,0.7587196230888367,1,1,0.8421850800514221,0,0
SIHDR_131,SIHDR_131_e09.jpg,120,9,train,9.38082218170166,9.38082218170166,9.802120208740234,0.4212980270385742,1,8.38082218170166,10.287712097167969,1,1,1,0.7453988194465637,1,1,0.8421850800514221,0,0
SIHDR_131,SIHDR_131_e10.jpg,120,10,train,8.38082218170166,9.38082218170166,10.600451469421387,1.2196292877197266,1,8.38082218170166,10.287712097167969,0,1,1,0.7404710650444031,1,1,0.8421850800514221,0,0
SIHDR_131,SIHDR_131_e11.jpg,120,11,train,7.380821704864502,9.38082218170166,11.054645538330078,1.673823356628418,1,8.38082218170166,10.287712097167969,0,1,1,0.7321714758872986,1,1,0.8421850800514221,0,0
SIHDR_131,SIHDR_131_e12.jpg,120,12,train,6.321928024291992,9.38082218170166,10.911643981933594,1.5308218002319336,1,8.38082218170166,10.287712097167969,0,1,1,0.7218272089958191,1,1,0.8421850800514221,0,0
SIHDR_131,SIHDR_131_e13.jpg,120,13,train,5.321928024291992,9.38082218170166,10.443634986877441,1.0628128051757812,1,8.38082218170166,10.287712097167969,0,1,1,0.7105913162231445,1,1,0.8421850800514221,0,0
SIHDR_131,SIHDR_131_e14.jpg,120,14,train,4.321928024291992,9.38082218170166,9.915556907653809,0.5347347259521484,1,8.38082218170166,10.287712097167969,1,1,1,0.6996140480041504,1,1,0.8421850800514221,0,0
SIHDR_132,SIHDR_132_e00.jpg,121,0,train,17.194602966308594,9.38082218170166,9.993786811828613,0.6129646301269531,1,9.38082218170166,9.38082218170166,0,1,1,0.9324086904525757,1,1,0.8421850800514221,1,1
SIHDR_132,SIHDR_132_e01.jpg,121,1,train,16.28771209716797,9.38082218170166,9.425431251525879,0.04460906982421875,1,9.38082218170166,9.38082218170166,0,1,1,0.9289012551307678,1,1,0.8421850800514221,1,1
SIHDR_132,SIHDR_132_e02.jpg,121,2,train,15.872674942016602,9.38082218170166,9.207869529724121,0.17295265197753906,1,9.38082218170166,9.38082218170166,0,1,1,0.9263908267021179,1,1,0.8421850800514221,1,1
SIHDR_132,SIHDR_132_e03.jpg,121,3,train,15.287712097167969,9.38082218170166,8.936220169067383,0.44460201263427734,1,9.38082218170166,9.38082218170166,0,1,1,0.9231858849525452,1,1,0.8421850800514221,1,1
SIHDR_132,SIHDR_132_e04.jpg,121,4,train,14.287712097167969,9.38082218170166,8.691784858703613,0.6890373229980469,1,9.38082218170166,9.38082218170166,0,1,1,0.9161316752433777,1,1,0.8421850800514221,1,1
SIHDR_132,SIHDR_132_e05.jpg,121,5,train,13.287712097167969,9.38082218170166,8.51176643371582,0.8690557479858398,1,9.38082218170166,9.38082218170166,0,1,1,0.8975127935409546,1,1,0.8421850800514221,1,1
SIHDR_132,SIHDR_132_e06.jpg,121,6,train,12.287712097167969,9.38082218170166,8.335478782653809,1.0453433990478516,1,9.38082218170166,9.38082218170166,0,1,1,0.8643856644630432,1,1,0.8421850800514221,1,1
SIHDR_132,SIHDR_132_e07.jpg,121,7,train,11.287712097167969,9.38082218170166,8.653183937072754,0.7276382446289062,1,9.38082218170166,9.38082218170166,0,1,1,0.8392874002456665,1,1,0.8421850800514221,0,0
SIHDR_132,SIHDR_132_e08.jpg,121,8,train,10.287712097167969,9.38082218170166,9.135019302368164,0.2458028793334961,1,9.38082218170166,9.38082218170166,0,1,1,0.8129734992980957,1,1,0.8421850800514221,0,0
SIHDR_132,SIHDR_132_e09.jpg,121,9,train,9.38082218170166,9.38082218170166,9.69224739074707,0.31142520904541016,1,9.38082218170166,9.38082218170166,0,1,1,0.7904214859008789,1,1,0.8421850800514221,0,0
SIHDR_132,SIHDR_132_e10.jpg,121,10,train,8.38082218170166,9.38082218170166,10.322245597839355,0.9414234161376953,1,9.38082218170166,9.38082218170166,0,1,1,0.7667204141616821,1,1,0.8421850800514221,0,0
SIHDR_132,SIHDR_132_e11.jpg,121,11,train,7.380821704864502,9.38082218170166,10.768927574157715,1.3881053924560547,1,9.38082218170166,9.38082218170166,0,1,1,0.7472903728485107,1,1,0.8421850800514221,0,0
SIHDR_132,SIHDR_132_e12.jpg,121,12,train,6.321928024291992,9.38082218170166,10.77107048034668,1.3902482986450195,1,9.38082218170166,9.38082218170166,0,1,1,0.7289459705352783,1,1,0.8421850800514221,0,0
SIHDR_132,SIHDR_132_e13.jpg,121,13,train,5.321928024291992,9.38082218170166,10.462239265441895,1.0814170837402344,1,9.38082218170166,9.38082218170166,0,1,1,0.7149621248245239,1,1,0.8421850800514221,0,0
SIHDR_132,SIHDR_132_e14.jpg,121,14,train,4.321928024291992,9.38082218170166,10.011445999145508,0.6306238174438477,1,9.38082218170166,9.38082218170166,0,1,1,0.7011448740959167,1,1,0.8421850800514221,0,0
SIHDR_133,SIHDR_133_e00.jpg,122,0,train,17.194602966308594,9.38082218170166,9.970450401306152,0.5896282196044922,1,8.38082218170166,9.38082218170166,0,,0,0.9323226809501648,1,,0.8421850800514221,1,
SIHDR_133,SIHDR_133_e01.jpg,122,1,train,16.28771209716797,9.38082218170166,9.35090446472168,0.02991771697998047,1,8.38082218170166,9.38082218170166,1,,0,0.9294891357421875,1,,0.8421850800514221,1,
SIHDR_133,SIHDR_133_e02.jpg,122,2,train,15.872674942016602,9.38082218170166,9.082439422607422,0.2983827590942383,1,8.38082218170166,9.38082218170166,1,,0,0.9278531670570374,1,,0.8421850800514221,1,
SIHDR_133,SIHDR_133_e03.jpg,122,3,train,15.287712097167969,9.38082218170166,8.7897367477417,0.5910854339599609,1,8.38082218170166,9.38082218170166,1,,0,0.9254047274589539,1,,0.8421850800514221,1,
SIHDR_133,SIHDR_133_e04.jpg,122,4,train,14.287712097167969,9.38082218170166,8.423453330993652,0.9573688507080078,1,8.38082218170166,9.38082218170166,1,,0,0.9200751781463623,1,,0.8421850800514221,1,
SIHDR_133,SIHDR_133_e05.jpg,122,5,train,13.287712097167969,9.38082218170166,8.463706970214844,0.9171152114868164,1,8.38082218170166,9.38082218170166,1,,0,0.9093124866485596,1,,0.8421850800514221,1,
SIHDR_133,SIHDR_133_e06.jpg,122,6,train,12.287712097167969,9.38082218170166,9.020329475402832,0.3604927062988281,1,8.38082218170166,9.38082218170166,1,,0,0.8783935308456421,1,,0.8421850800514221,1,
SIHDR_133,SIHDR_133_e07.jpg,122,7,train,11.287712097167969,9.38082218170166,9.587119102478027,0.2062969207763672,1,8.38082218170166,9.38082218170166,0,,0,0.8349164128303528,1,,0.8421850800514221,0,
SIHDR_133,SIHDR_133_e08.jpg,122,8,train,10.287712097167969,9.38082218170166,9.699416160583496,0.31859397888183594,1,8.38082218170166,9.38082218170166,0,,0,0.794660747051239,1,,0.8421850800514221,0,
SIHDR_133,SIHDR_133_e09.jpg,122,9,train,9.38082218170166,9.38082218170166,9.688054084777832,0.3072319030761719,1,8.38082218170166,9.38082218170166,0,,0,0.7680625319480896,1,,0.8421850800514221,0,
SIHDR_133,SIHDR_133_e10.jpg,122,10,train,8.38082218170166,9.38082218170166,10.064352035522461,0.6835298538208008,1,8.38082218170166,9.38082218170166,0,,0,0.7516908645629883,1,,0.8421850800514221,0,
SIHDR_133,SIHDR_133_e11.jpg,122,11,train,7.380821704864502,9.38082218170166,10.734530448913574,1.353708267211914,1,8.38082218170166,9.38082218170166,0,,0,0.7386173009872437,1,,0.8421850800514221,0,
SIHDR_133,SIHDR_133_e12.jpg,122,12,train,6.321928024291992,9.38082218170166,10.897833824157715,1.5170116424560547,1,8.38082218170166,9.38082218170166,0,,0,0.7250087857246399,1,,0.8421850800514221,0,
SIHDR_133,SIHDR_133_e13.jpg,122,13,train,5.321928024291992,9.38082218170166,10.529974937438965,1.1491527557373047,1,8.38082218170166,9.38082218170166,0,,0,0.7129672765731812,1,,0.8421850800514221,0,
SIHDR_133,SIHDR_133_e14.jpg,122,14,train,4.321928024291992,9.38082218170166,10.04538345336914,0.6645612716674805,1,8.38082218170166,9.38082218170166,0,,0,0.7002965807914734,1,,0.8421850800514221,0,
SIHDR_134,SIHDR_134_e00.jpg,123,0,train,17.194602966308594,9.38082218170166,9.969497680664062,0.5886754989624023,1,8.38082218170166,9.38082218170166,0,1,1,0.9323292374610901,1,1,0.8421850800514221,1,1
SIHDR_134,SIHDR_134_e01.jpg,123,1,train,16.28771209716797,9.38082218170166,9.352540969848633,0.028281211853027344,1,8.38082218170166,9.38082218170166,1,1,1,0.9293344020843506,1,1,0.8421850800514221,1,1
SIHDR_134,SIHDR_134_e02.jpg,123,2,train,15.872674942016602,9.38082218170166,9.085355758666992,0.29546642303466797,1,8.38082218170166,9.38082218170166,1,1,1,0.9279071092605591,1,1,0.8421850800514221,1,1
SIHDR_134,SIHDR_134_e03.jpg,123,3,train,15.287712097167969,9.38082218170166,8.8452787399292,0.5355434417724609,1,8.38082218170166,9.38082218170166,1,1,1,0.9237332344055176,1,1,0.8421850800514221,1,1
SIHDR_134,SIHDR_134_e04.jpg,123,4,train,14.287712097167969,9.38082218170166,8.87122631072998,0.5095958709716797,1,8.38082218170166,9.38082218170166,1,1,1,0.9179160594940186,1,1,0.8421850800514221,1,1
SIHDR_134,SIHDR_134_e05.jpg,123,5,train,13.287712097167969,9.38082218170166,8.716349601745605,0.6644725799560547,1,8.38082218170166,9.38082218170166,1,1,1,0.9000285267829895,1,1,0.8421850800514221,1,1
SIHDR_134,SIHDR_134_e06.jpg,123,6,train,12.287712097167969,9.38082218170166,8.835536003112793,0.5452861785888672,1,8.38082218170166,9.38082218170166,1,1,1,0.8794717192649841,1,1,0.8421850800514221,1,1
SIHDR_134,SIHDR_134_e07.jpg,123,7,train,11.287712097167969,9.38082218170166,8.73752498626709,0.6432971954345703,1,8.38082218170166,9.38082218170166,1,1,1,0.8527951240539551,1,1,0.8421850800514221,1,1
SIHDR_134,SIHDR_134_e08.jpg,123,8,train,10.287712097167969,9.38082218170166,8.810367584228516,0.5704545974731445,1,8.38082218170166,9.38082218170166,1,1,1,0.815642774105072,1,1,0.8421850800514221,0,0
SIHDR_134,SIHDR_134_e09.jpg,123,9,train,9.38082218170166,9.38082218170166,9.501260757446289,0.1204385757446289,1,8.38082218170166,9.38082218170166,0,1,1,0.7695770263671875,1,1,0.8421850800514221,0,0
SIHDR_134,SIHDR_134_e10.jpg,123,10,train,8.38082218170166,9.38082218170166,9.666513442993164,0.2856912612915039,1,8.38082218170166,9.38082218170166,0,1,1,0.733782947063446,1,1,0.8421850800514221,0,0
SIHDR_134,SIHDR_134_e11.jpg,123,11,train,7.380821704864502,9.38082218170166,9.983611106872559,0.6027889251708984,1,8.38082218170166,9.38082218170166,0,1,1,0.7279120683670044,1,1,0.8421850800514221,0,0
SIHDR_134,SIHDR_134_e12.jpg,123,12,train,6.321928024291992,9.38082218170166,10.292631149291992,0.911808967590332,1,8.38082218170166,9.38082218170166,0,1,1,0.7199467420578003,1,1,0.8421850800514221,0,0
SIHDR_134,SIHDR_134_e13.jpg,123,13,train,5.321928024291992,9.38082218170166,10.196186065673828,0.815363883972168,1,8.38082218170166,9.38082218170166,0,1,1,0.7092770338058472,1,1,0.8421850800514221,0,0
SIHDR_134,SIHDR_134_e14.jpg,123,14,train,4.321928024291992,9.38082218170166,9.788541793823242,0.40771961212158203,1,8.38082218170166,9.38082218170166,0,1,1,0.6992315053939819,1,1,0.8421850800514221,0,0
SIHDR_135,SIHDR_135_e00.jpg,124,0,validation,17.194602966308594,7.380821704864502,9.969497680664062,2.5886759757995605,1,7.380821704864502,7.380821704864502,0,1,1,0.9323292374610901,1,1,0.8421850800514221,1,1
SIHDR_135,SIHDR_135_e01.jpg,124,1,validation,16.28771209716797,7.380821704864502,9.349156379699707,1.968334674835205,1,7.380821704864502,7.380821704864502,0,1,1,0.929487943649292,1,1,0.8421850800514221,1,1
SIHDR_135,SIHDR_135_e02.jpg,124,2,validation,15.872674942016602,7.380821704864502,9.071560859680176,1.6907391548156738,1,7.380821704864502,7.380821704864502,0,1,1,0.9278184771537781,1,1,0.8421850800514221,1,1
SIHDR_135,SIHDR_135_e03.jpg,124,3,validation,15.287712097167969,7.380821704864502,8.719643592834473,1.3388218879699707,1,7.380821704864502,7.380821704864502,0,1,1,0.9254415035247803,1,1,0.8421850800514221,1,1
SIHDR_135,SIHDR_135_e04.jpg,124,4,validation,14.287712097167969,7.380821704864502,8.25733470916748,0.8765130043029785,1,7.380821704864502,7.380821704864502,0,1,1,0.9211918711662292,1,1,0.8421850800514221,1,1
SIHDR_135,SIHDR_135_e05.jpg,124,5,validation,13.287712097167969,7.380821704864502,8.146875381469727,0.7660536766052246,1,7.380821704864502,7.380821704864502,0,1,1,0.9103912115097046,1,1,0.8421850800514221,1,1
SIHDR_135,SIHDR_135_e06.jpg,124,6,validation,12.287712097167969,7.380821704864502,8.062936782836914,0.6821150779724121,1,7.380821704864502,7.380821704864502,0,1,1,0.8874213099479675,1,1,0.8421850800514221,1,1
SIHDR_135,SIHDR_135_e07.jpg,124,7,validation,11.287712097167969,7.380821704864502,7.70519495010376,0.3243732452392578,1,7.380821704864502,7.380821704864502,0,1,1,0.8622964024543762,1,1,0.8421850800514221,1,1
SIHDR_135,SIHDR_135_e08.jpg,124,8,validation,10.287712097167969,7.380821704864502,7.250296115875244,0.1305255889892578,1,7.380821704864502,7.380821704864502,0,1,1,0.8422147631645203,1,1,0.8421850800514221,1,1
SIHDR_135,SIHDR_135_e09.jpg,124,9,validation,9.38082218170166,7.380821704864502,6.9771409034729,0.40368080139160156,1,7.380821704864502,7.380821704864502,0,1,1,0.8190654516220093,1,1,0.8421850800514221,0,0
SIHDR_135,SIHDR_135_e10.jpg,124,10,validation,8.38082218170166,7.380821704864502,7.855388641357422,0.4745669364929199,1,7.380821704864502,7.380821704864502,0,1,1,0.7788463234901428,1,1,0.8421850800514221,0,0
SIHDR_135,SIHDR_135_e11.jpg,124,11,validation,7.380821704864502,7.380821704864502,8.741860389709473,1.3610386848449707,1,7.380821704864502,7.380821704864502,0,1,1,0.7492470145225525,1,1,0.8421850800514221,0,0
SIHDR_135,SIHDR_135_e12.jpg,124,12,validation,6.321928024291992,7.380821704864502,9.056639671325684,1.6758179664611816,1,7.380821704864502,7.380821704864502,0,1,1,0.7294595241546631,1,1,0.8421850800514221,0,0
SIHDR_135,SIHDR_135_e13.jpg,124,13,validation,5.321928024291992,7.380821704864502,8.832844734191895,1.4520230293273926,1,7.380821704864502,7.380821704864502,0,1,1,0.7091608047485352,1,1,0.8421850800514221,0,0
SIHDR_135,SIHDR_135_e14.jpg,124,14,validation,4.321928024291992,7.380821704864502,8.650211334228516,1.2693896293640137,1,7.380821704864502,7.380821704864502,0,1,1,0.7030404210090637,1,1,0.8421850800514221,0,0
SIHDR_136,SIHDR_136_e00.jpg,125,0,train,17.194602966308594,9.38082218170166,9.96936321258545,0.5885410308837891,1,8.38082218170166,9.38082218170166,0,1,1,0.9323341846466064,1,1,0.8421850800514221,1,1
SIHDR_136,SIHDR_136_e01.jpg,125,1,train,16.28771209716797,9.38082218170166,9.351844787597656,0.028977394104003906,1,8.38082218170166,9.38082218170166,1,1,1,0.9295366406440735,1,1,0.8421850800514221,1,1
SIHDR_136,SIHDR_136_e02.jpg,125,2,train,15.872674942016602,9.38082218170166,9.093161582946777,0.2876605987548828,1,8.38082218170166,9.38082218170166,1,1,1,0.9279693365097046,1,1,0.8421850800514221,1,1
SIHDR_136,SIHDR_136_e03.jpg,125,3,train,15.287712097167969,9.38082218170166,8.803751945495605,0.5770702362060547,1,8.38082218170166,9.38082218170166,1,1,1,0.9263045787811279,1,1,0.8421850800514221,1,1
SIHDR_136,SIHDR_136_e04.jpg,125,4,train,14.287712097167969,9.38082218170166,8.583232879638672,0.7975893020629883,1,8.38082218170166,9.38082218170166,1,1,1,0.922324538230896,1,1,0.8421850800514221,1,1
SIHDR_136,SIHDR_136_e05.jpg,125,5,train,13.287712097167969,9.38082218170166,8.589003562927246,0.7918186187744141,1,8.38082218170166,9.38082218170166,1,1,1,0.9081588387489319,1,1,0.8421850800514221,1,1
SIHDR_136,SIHDR_136_e06.jpg,125,6,train,12.287712097167969,9.38082218170166,8.545605659484863,0.8352165222167969,1,8.38082218170166,9.38082218170166,1,1,1,0.8841540813446045,1,1,0.8421850800514221,1,1
SIHDR_136,SIHDR_136_e07.jpg,125,7,train,11.287712097167969,9.38082218170166,8.683680534362793,0.6971416473388672,1,8.38082218170166,9.38082218170166,1,1,1,0.8573050498962402,1,1,0.8421850800514221,1,1
SIHDR_136,SIHDR_136_e08.jpg,125,8,train,10.287712097167969,9.38082218170166,8.876786231994629,0.5040359497070312,1,8.38082218170166,9.38082218170166,1,1,1,0.8290905356407166,1,1,0.8421850800514221,0,0
SIHDR_136,SIHDR_136_e09.jpg,125,9,train,9.38082218170166,9.38082218170166,9.165871620178223,0.2149505615234375,1,8.38082218170166,9.38082218170166,1,1,1,0.8023778796195984,1,1,0.8421850800514221,0,0
SIHDR_136,SIHDR_136_e10.jpg,125,10,train,8.38082218170166,9.38082218170166,9.82764720916748,0.4468250274658203,1,8.38082218170166,9.38082218170166,0,1,1,0.7737733721733093,1,1,0.8421850800514221,0,0
SIHDR_136,SIHDR_136_e11.jpg,125,11,train,7.380821704864502,9.38082218170166,10.442540168762207,1.0617179870605469,1,8.38082218170166,9.38082218170166,0,1,1,0.7499159574508667,1,1,0.8421850800514221,0,0
SIHDR_136,SIHDR_136_e12.jpg,125,12,train,6.321928024291992,9.38082218170166,10.541360855102539,1.160538673400879,1,8.38082218170166,9.38082218170166,0,1,1,0.7301456928253174,1,1,0.8421850800514221,0,0
SIHDR_136,SIHDR_136_e13.jpg,125,13,train,5.321928024291992,9.38082218170166,10.292815208435059,0.9119930267333984,1,8.38082218170166,9.38082218170166,0,1,1,0.715658962726593,1,1,0.8421850800514221,0,0
SIHDR_136,SIHDR_136_e14.jpg,125,14,train,4.321928024291992,9.38082218170166,9.938636779785156,0.5578145980834961,1,8.38082218170166,9.38082218170166,0,1,1,0.7018378376960754,1,1,0.8421850800514221,0,0
SIHDR_137,SIHDR_137_e00.jpg,126,0,train,17.194602966308594,10.287712097167969,9.97080135345459,0.3169107437133789,1,9.38082218170166,10.287712097167969,1,1,1,0.9323452115058899,1,1,0.8421850800514221,1,1
SIHDR_137,SIHDR_137_e01.jpg,126,1,train,16.28771209716797,10.287712097167969,9.405678749084473,0.8820333480834961,1,9.38082218170166,10.287712097167969,1,1,1,0.9299102425575256,1,1,0.8421850800514221,1,1
SIHDR_137,SIHDR_137_e02.jpg,126,2,train,15.872674942016602,10.287712097167969,9.296544075012207,0.9911680221557617,1,9.38082218170166,10.287712097167969,0,1,1,0.9291836023330688,1,1,0.8421850800514221,1,1
SIHDR_137,SIHDR_137_e03.jpg,126,3,train,15.287712097167969,10.287712097167969,9.534295082092285,0.7534170150756836,1,9.38082218170166,10.287712097167969,1,1,1,0.9302915334701538,1,1,0.8421850800514221,1,1
SIHDR_137,SIHDR_137_e04.jpg,126,4,train,14.287712097167969,10.287712097167969,10.297438621520996,0.009726524353027344,1,9.38082218170166,10.287712097167969,0,1,1,0.924220621585846,1,1,0.8421850800514221,1,1
SIHDR_137,SIHDR_137_e05.jpg,126,5,train,13.287712097167969,10.287712097167969,10.723072052001953,0.4353599548339844,1,9.38082218170166,10.287712097167969,0,1,1,0.9077761769294739,1,1,0.8421850800514221,1,1
SIHDR_137,SIHDR_137_e06.jpg,126,6,train,12.287712097167969,10.287712097167969,10.742249488830566,0.45453739166259766,1,9.38082218170166,10.287712097167969,0,1,1,0.8862897157669067,1,1,0.8421850800514221,1,1
SIHDR_137,SIHDR_137_e07.jpg,126,7,train,11.287712097167969,10.287712097167969,10.423003196716309,0.13529109954833984,1,9.38082218170166,10.287712097167969,0,1,1,0.8678006529808044,1,1,0.8421850800514221,1,1
SIHDR_137,SIHDR_137_e08.jpg,126,8,train,10.287712097167969,10.287712097167969,11.0374174118042,0.7497053146362305,1,9.38082218170166,10.287712097167969,0,1,1,0.8424840569496155,1,1,0.8421850800514221,1,1
SIHDR_137,SIHDR_137_e09.jpg,126,9,train,9.38082218170166,10.287712097167969,11.584782600402832,1.2970705032348633,1,9.38082218170166,10.287712097167969,0,1,1,0.8087671399116516,1,1,0.8421850800514221,0,0
SIHDR_137,SIHDR_137_e10.jpg,126,10,train,8.38082218170166,10.287712097167969,11.735855102539062,1.4481430053710938,1,9.38082218170166,10.287712097167969,0,1,1,0.7741594910621643,1,1,0.8421850800514221,0,0
SIHDR_137,SIHDR_137_e11.jpg,126,11,train,7.380821704864502,10.287712097167969,11.503843307495117,1.2161312103271484,1,9.38082218170166,10.287712097167969,0,1,1,0.7487481236457825,1,1,0.8421850800514221,0,0
SIHDR_137,SIHDR_137_e12.jpg,126,12,train,6.321928024291992,10.287712097167969,11.060009956359863,0.7722978591918945,1,9.38082218170166,10.287712097167969,0,1,1,0.7301141023635864,1,1,0.8421850800514221,0,0
SIHDR_137,SIHDR_137_e13.jpg,126,13,train,5.321928024291992,10.287712097167969,10.593941688537598,0.3062295913696289,1,9.38082218170166,10.287712097167969,0,1,1,0.7149422764778137,1,1,0.8421850800514221,0,0
SIHDR_137,SIHDR_137_e14.jpg,126,14,train,4.321928024291992,10.287712097167969,10.017602920532227,0.2701091766357422,1,9.38082218170166,10.287712097167969,1,1,1,0.7013730406761169,1,1,0.8421850800514221,0,0
SIHDR_138,SIHDR_138_e00.jpg,127,0,train,17.194602966308594,10.287712097167969,9.969649314880371,0.31806278228759766,1,9.38082218170166,10.287712097167969,1,1,1,0.932334840297699,1,1,0.8421850800514221,1,1
SIHDR_138,SIHDR_138_e01.jpg,127,1,train,16.28771209716797,10.287712097167969,9.359716415405273,0.9279956817626953,1,9.38082218170166,10.287712097167969,0,1,1,0.9292460680007935,1,1,0.8421850800514221,1,1
SIHDR_138,SIHDR_138_e02.jpg,127,2,train,15.872674942016602,10.287712097167969,9.10147762298584,1.186234474182129,1,9.38082218170166,10.287712097167969,0,1,1,0.9273799657821655,1,1,0.8421850800514221,1,1
SIHDR_138,SIHDR_138_e03.jpg,127,3,train,15.287712097167969,10.287712097167969,8.817039489746094,1.470672607421875,1,9.38082218170166,10.287712097167969,0,1,1,0.9241588115692139,1,1,0.8421850800514221,1,1
SIHDR_138,SIHDR_138_e04.jpg,127,4,train,14.287712097167969,10.287712097167969,8.743127822875977,1.5445842742919922,1,9.38082218170166,10.287712097167969,0,1,1,0.9131941795349121,1,1,0.8421850800514221,1,1
SIHDR_138,SIHDR_138_e05.jpg,127,5,train,13.287712097167969,10.287712097167969,9.060029029846191,1.2276830673217773,1,9.38082218170166,10.287712097167969,0,1,1,0.8887856602668762,1,1,0.8421850800514221,1,1
SIHDR_138,SIHDR_138_e06.jpg,127,6,train,12.287712097167969,10.287712097167969,9.354593276977539,0.9331188201904297,1,9.38082218170166,10.287712097167969,0,1,1,0.8583571910858154,1,1,0.8421850800514221,1,1
SIHDR_138,SIHDR_138_e07.jpg,127,7,train,11.287712097167969,10.287712097167969,9.3820219039917,0.9056901931762695,1,9.38082218170166,10.287712097167969,1,1,1,0.8258976936340332,1,1,0.8421850800514221,0,0
SIHDR_138,SIHDR_138_e08.jpg,127,8,train,10.287712097167969,10.287712097167969,9.72077465057373,0.5669374465942383,1,9.38082218170166,10.287712097167969,1,1,1,0.7944121956825256,1,1,0.8421850800514221,0,0
SIHDR_138,SIHDR_138_e09.jpg,127,9,train,9.38082218170166,10.287712097167969,10.10805606842041,0.1796560287475586,1,9.38082218170166,10.287712097167969,1,1,1,0.7722188830375671,1,1,0.8421850800514221,0,0
SIHDR_138,SIHDR_138_e10.jpg,127,10,train,8.38082218170166,10.287712097167969,10.578598976135254,0.29088687896728516,1,9.38082218170166,10.287712097167969,0,1,1,0.7533890008926392,1,1,0.8421850800514221,0,0
SIHDR_138,SIHDR_138_e11.jpg,127,11,train,7.380821704864502,10.287712097167969,10.673956871032715,0.3862447738647461,1,9.38082218170166,10.287712097167969,0,1,1,0.7370206713676453,1,1,0.8421850800514221,0,0
SIHDR_138,SIHDR_138_e12.jpg,127,12,train,6.321928024291992,10.287712097167969,10.777935981750488,0.49022388458251953,1,9.38082218170166,10.287712097167969,0,1,1,0.7257429957389832,1,1,0.8421850800514221,0,0
SIHDR_138,SIHDR_138_e13.jpg,127,13,train,5.321928024291992,10.287712097167969,10.651131629943848,0.3634195327758789,1,9.38082218170166,10.287712097167969,0,1,1,0.712221086025238,1,1,0.8421850800514221,0,0
SIHDR_138,SIHDR_138_e14.jpg,127,14,train,4.321928024291992,10.287712097167969,10.080172538757324,0.20753955841064453,1,9.38082218170166,10.287712097167969,1,1,1,0.6997543573379517,1,1,0.8421850800514221,0,0
SIHDR_139,SIHDR_139_e00.jpg,128,0,test,17.194602966308594,10.287712097167969,9.971056938171387,0.31665515899658203,1,10.287712097167969,11.287712097167969,0,,0,0.9323809146881104,1,,0.8421850800514221,1,
SIHDR_139,SIHDR_139_e01.jpg,128,1,test,16.28771209716797,10.287712097167969,9.358234405517578,0.9294776916503906,1,10.287712097167969,11.287712097167969,0,,0,0.9287207722663879,1,,0.8421850800514221,1,
SIHDR_139,SIHDR_139_e02.jpg,128,2,test,15.872674942016602,10.287712097167969,9.130936622619629,1.1567754745483398,1,10.287712097167969,11.287712097167969,0,,0,0.9240356087684631,1,,0.8421850800514221,1,
SIHDR_139,SIHDR_139_e03.jpg,128,3,test,15.287712097167969,10.287712097167969,9.052412986755371,1.2352991104125977,1,10.287712097167969,11.287712097167969,0,,0,0.9167453646659851,1,,0.8421850800514221,1,
SIHDR_139,SIHDR_139_e04.jpg,128,4,test,14.287712097167969,10.287712097167969,9.529147148132324,0.7585649490356445,1,10.287712097167969,11.287712097167969,0,,0,0.9002771973609924,1,,0.8421850800514221,1,
SIHDR_139,SIHDR_139_e05.jpg,128,5,test,13.287712097167969,10.287712097167969,9.924724578857422,0.3629875183105469,1,10.287712097167969,11.287712097167969,0,,0,0.8813183307647705,1,,0.8421850800514221,1,
SIHDR_139,SIHDR_139_e06.jpg,128,6,test,12.287712097167969,10.287712097167969,10.219918251037598,0.0677938461303711,1,10.287712097167969,11.287712097167969,0,,0,0.8585229516029358,1,,0.8421850800514221,1,
SIHDR_139,SIHDR_139_e07.jpg,128,7,test,11.287712097167969,10.287712097167969,10.473682403564453,0.18597030639648438,1,10.287712097167969,11.287712097167969,1,,0,0.8305136561393738,1,,0.8421850800514221,0,
SIHDR_139,SIHDR_139_e08.jpg,128,8,test,10.287712097167969,10.287712097167969,10.76447582244873,0.4767637252807617,1,10.287712097167969,11.287712097167969,1,,0,0.7962270379066467,1,,0.8421850800514221,0,
SIHDR_139,SIHDR_139_e09.jpg,128,9,test,9.38082218170166,10.287712097167969,11.232086181640625,0.9443740844726562,1,10.287712097167969,11.287712097167969,1,,0,0.7744415402412415,1,,0.8421850800514221,0,
SIHDR_139,SIHDR_139_e10.jpg,128,10,test,8.38082218170166,10.287712097167969,11.590936660766602,1.3032245635986328,1,10.287712097167969,11.287712097167969,0,,0,0.7555058002471924,1,,0.8421850800514221,0,
SIHDR_139,SIHDR_139_e11.jpg,128,11,test,7.380821704864502,10.287712097167969,11.561406135559082,1.2736940383911133,1,10.287712097167969,11.287712097167969,0,,0,0.7403984665870667,1,,0.8421850800514221,0,
SIHDR_139,SIHDR_139_e12.jpg,128,12,test,6.321928024291992,10.287712097167969,11.308243751525879,1.0205316543579102,1,10.287712097167969,11.287712097167969,0,,0,0.7257837057113647,1,,0.8421850800514221,0,
SIHDR_139,SIHDR_139_e13.jpg,128,13,test,5.321928024291992,10.287712097167969,10.790122985839844,0.502410888671875,1,10.287712097167969,11.287712097167969,1,,0,0.7124578356742859,1,,0.8421850800514221,0,
SIHDR_139,SIHDR_139_e14.jpg,128,14,test,4.321928024291992,10.287712097167969,10.111894607543945,0.17581748962402344,1,10.287712097167969,11.287712097167969,0,,0,0.7000114321708679,1,,0.8421850800514221,0,
SIHDR_140,SIHDR_140_e00.jpg,129,0,train,17.194602966308594,9.38082218170166,9.97232723236084,0.5915050506591797,1,9.38082218170166,10.287712097167969,1,,0,0.9322529435157776,1,,0.8421850800514221,1,
SIHDR_140,SIHDR_140_e01.jpg,129,1,train,16.28771209716797,9.38082218170166,9.35014820098877,0.030673980712890625,1,9.38082218170166,10.287712097167969,0,,0,0.9297059774398804,1,,0.8421850800514221,1,
SIHDR_140,SIHDR_140_e02.jpg,129,2,train,15.872674942016602,9.38082218170166,9.080487251281738,0.3003349304199219,1,9.38082218170166,10.287712097167969,0,,0,0.9285088777542114,1,,0.8421850800514221,1,
SIHDR_140,SIHDR_140_e03.jpg,129,3,train,15.287712097167969,9.38082218170166,8.757739067077637,0.6230831146240234,1,9.38082218170166,10.287712097167969,0,,0,0.9263327121734619,1,,0.8421850800514221,1,
SIHDR_140,SIHDR_140_e04.jpg,129,4,train,14.287712097167969,9.38082218170166,8.7735013961792,0.6073207855224609,1,9.38082218170166,10.287712097167969,0,,0,0.919939398765564,1,,0.8421850800514221,1,
SIHDR_140,SIHDR_140_e05.jpg,129,5,train,13.287712097167969,9.38082218170166,9.510340690612793,0.1295185089111328,1,9.38082218170166,10.287712097167969,1,,0,0.8997580409049988,1,,0.8421850800514221,1,
SIHDR_140,SIHDR_140_e06.jpg,129,6,train,12.287712097167969,9.38082218170166,9.827958106994629,0.44713592529296875,1,9.38082218170166,10.287712097167969,1,,0,0.8683961033821106,1,,0.8421850800514221,1,
SIHDR_140,SIHDR_140_e07.jpg,129,7,train,11.287712097167969,9.38082218170166,9.927078247070312,0.5462560653686523,1,9.38082218170166,10.287712097167969,1,,0,0.8333011269569397,1,,0.8421850800514221,0,
SIHDR_140,SIHDR_140_e08.jpg,129,8,train,10.287712097167969,9.38082218170166,9.839301109313965,0.4584789276123047,1,9.38082218170166,10.287712097167969,1,,0,0.799736499786377,1,,0.8421850800514221,0,
SIHDR_140,SIHDR_140_e09.jpg,129,9,train,9.38082218170166,9.38082218170166,10.265679359436035,0.884857177734375,1,9.38082218170166,10.287712097167969,1,,0,0.7769947648048401,1,,0.8421850800514221,0,
SIHDR_140,SIHDR_140_e10.jpg,129,10,train,8.38082218170166,9.38082218170166,11.0503568649292,1.669534683227539,1,9.38082218170166,10.287712097167969,0,,0,0.7551659941673279,1,,0.8421850800514221,0,
SIHDR_140,SIHDR_140_e11.jpg,129,11,train,7.380821704864502,9.38082218170166,11.132034301757812,1.7512121200561523,1,9.38082218170166,10.287712097167969,0,,0,0.7401126623153687,1,,0.8421850800514221,0,
SIHDR_140,SIHDR_140_e12.jpg,129,12,train,6.321928024291992,9.38082218170166,10.958086013793945,1.5772638320922852,1,9.38082218170166,10.287712097167969,0,,0,0.7265519499778748,1,,0.8421850800514221,0,
SIHDR_140,SIHDR_140_e13.jpg,129,13,train,5.321928024291992,9.38082218170166,10.667469024658203,1.286646842956543,1,9.38082218170166,10.287712097167969,0,,0,0.7130725383758545,1,,0.8421850800514221,0,
SIHDR_140,SIHDR_140_e14.jpg,129,14,train,4.321928024291992,9.38082218170166,10.097060203552246,0.7162380218505859,1,9.38082218170166,10.287712097167969,1,,0,0.7001413702964783,1,,0.8421850800514221,0,
SIHDR_141,SIHDR_141_e00.jpg,130,0,validation,17.194602966308594,11.287712097167969,10.208033561706543,1.0796785354614258,1,10.287712097167969,11.287712097167969,0,1,1,0.9297910332679749,1,1,0.8421850800514221,1,1
SIHDR_141,SIHDR_141_e01.jpg,130,1,validation,16.28771209716797,11.287712097167969,10.051255226135254,1.2364568710327148,1,10.287712097167969,11.287712097167969,0,1,1,0.9197736382484436,1,1,0.8421850800514221,1,1
SIHDR_141,SIHDR_141_e02.jpg,130,2,validation,15.872674942016602,11.287712097167969,10.092434883117676,1.195277214050293,1,10.287712097167969,11.287712097167969,0,1,1,0.914954662322998,1,1,0.8421850800514221,1,1
SIHDR_141,SIHDR_141_e03.jpg,130,3,validation,15.287712097167969,11.287712097167969,10.200486183166504,1.0872259140014648,1,10.287712097167969,11.287712097167969,0,1,1,0.905791163444519,1,1,0.8421850800514221,1,1
SIHDR_141,SIHDR_141_e04.jpg,130,4,validation,14.287712097167969,11.287712097167969,10.290610313415527,0.9971017837524414,1,10.287712097167969,11.287712097167969,1,1,1,0.8890138268470764,1,1,0.8421850800514221,1,1
SIHDR_141,SIHDR_141_e05.jpg,130,5,validation,13.287712097167969,11.287712097167969,10.403775215148926,0.883936882019043,1,10.287712097167969,11.287712097167969,1,1,1,0.870430052280426,1,1,0.8421850800514221,1,1
SIHDR_141,SIHDR_141_e06.jpg,130,6,validation,12.287712097167969,11.287712097167969,10.8787260055542,0.40898609161376953,1,10.287712097167969,11.287712097167969,1,1,1,0.8423865437507629,1,1,0.8421850800514221,1,1
SIHDR_141,SIHDR_141_e07.jpg,130,7,validation,11.287712097167969,11.287712097167969,11.18465518951416,0.1030569076538086,1,10.287712097167969,11.287712097167969,1,1,1,0.81739741563797,1,1,0.8421850800514221,0,0
SIHDR_141,SIHDR_141_e08.jpg,130,8,validation,10.287712097167969,11.287712097167969,11.317706108093262,0.02999401092529297,1,10.287712097167969,11.287712097167969,0,1,1,0.7945454716682434,1,1,0.8421850800514221,0,0
SIHDR_141,SIHDR_141_e09.jpg,130,9,validation,9.38082218170166,11.287712097167969,11.39963436126709,0.1119222640991211,1,10.287712097167969,11.287712097167969,0,1,1,0.7780799865722656,1,1,0.8421850800514221,0,0
SIHDR_141,SIHDR_141_e10.jpg,130,10,validation,8.38082218170166,11.287712097167969,11.598654747009277,0.3109426498413086,1,10.287712097167969,11.287712097167969,0,1,1,0.7614955902099609,1,1,0.8421850800514221,0,0
SIHDR_141,SIHDR_141_e11.jpg,130,11,validation,7.380821704864502,11.287712097167969,11.565367698669434,0.27765560150146484,1,10.287712097167969,11.287712097167969,0,1,1,0.7457839250564575,1,1,0.8421850800514221,0,0
SIHDR_141,SIHDR_141_e12.jpg,130,12,validation,6.321928024291992,11.287712097167969,11.075451850891113,0.21226024627685547,1,10.287712097167969,11.287712097167969,1,1,1,0.7292110919952393,1,1,0.8421850800514221,0,0
SIHDR_141,SIHDR_141_e13.jpg,130,13,validation,5.321928024291992,11.287712097167969,10.54544448852539,0.7422676086425781,1,10.287712097167969,11.287712097167969,1,1,1,0.714536190032959,1,1,0.8421850800514221,0,0
SIHDR_141,SIHDR_141_e14.jpg,130,14,validation,4.321928024291992,11.287712097167969,9.95555591583252,1.3321561813354492,1,10.287712097167969,11.287712097167969,0,1,1,0.7013885378837585,1,1,0.8421850800514221,0,0
SIHDR_142,SIHDR_142_e00.jpg,131,0,train,17.194602966308594,10.287712097167969,10.009491920471191,0.27822017669677734,1,9.38082218170166,10.287712097167969,1,1,1,0.9317537546157837,1,1,0.8421850800514221,1,1
SIHDR_142,SIHDR_142_e01.jpg,131,1,train,16.28771209716797,10.287712097167969,9.795256614685059,0.49245548248291016,1,9.38082218170166,10.287712097167969,1,1,1,0.9275432229042053,1,1,0.8421850800514221,1,1
SIHDR_142,SIHDR_142_e02.jpg,131,2,train,15.872674942016602,10.287712097167969,9.752856254577637,0.534855842590332,1,9.38082218170166,10.287712097167969,1,1,1,0.9242834448814392,1,1,0.8421850800514221,1,1
SIHDR_142,SIHDR_142_e03.jpg,131,3,train,15.287712097167969,10.287712097167969,9.779313087463379,0.5083990097045898,1,9.38082218170166,10.287712097167969,1,1,1,0.9186745882034302,1,1,0.8421850800514221,1,1
SIHDR_142,SIHDR_142_e04.jpg,131,4,train,14.287712097167969,10.287712097167969,9.985625267028809,0.30208683013916016,1,9.38082218170166,10.287712097167969,1,1,1,0.9108439087867737,1,1,0.8421850800514221,1,1
SIHDR_142,SIHDR_142_e05.jpg,131,5,train,13.287712097167969,10.287712097167969,10.209378242492676,0.07833385467529297,1,9.38082218170166,10.287712097167969,1,1,1,0.8991597294807434,1,1,0.8421850800514221,1,1
SIHDR_142,SIHDR_142_e06.jpg,131,6,train,12.287712097167969,10.287712097167969,10.313695907592773,0.025983810424804688,1,9.38082218170166,10.287712097167969,0,1,1,0.8893982768058777,1,1,0.8421850800514221,1,1
SIHDR_142,SIHDR_142_e07.jpg,131,7,train,11.287712097167969,10.287712097167969,10.332816123962402,0.045104026794433594,1,9.38082218170166,10.287712097167969,0,1,1,0.8745502233505249,1,1,0.8421850800514221,1,1
SIHDR_142,SIHDR_142_e08.jpg,131,8,train,10.287712097167969,10.287712097167969,10.342216491699219,0.05450439453125,1,9.38082218170166,10.287712097167969,0,1,1,0.8400577306747437,1,1,0.8421850800514221,0,0
SIHDR_142,SIHDR_142_e09.jpg,131,9,train,9.38082218170166,10.287712097167969,10.59723949432373,0.3095273971557617,1,9.38082218170166,10.287712097167969,0,1,1,0.8117660284042358,1,1,0.8421850800514221,0,0
SIHDR_142,SIHDR_142_e10.jpg,131,10,train,8.38082218170166,10.287712097167969,10.946078300476074,0.6583662033081055,1,9.38082218170166,10.287712097167969,0,1,1,0.7778571248054504,1,1,0.8421850800514221,0,0
SIHDR_142,SIHDR_142_e11.jpg,131,11,train,7.380821704864502,10.287712097167969,10.970643043518066,0.6829309463500977,1,9.38082218170166,10.287712097167969,0,1,1,0.7499191164970398,1,1,0.8421850800514221,0,0
SIHDR_142,SIHDR_142_e12.jpg,131,12,train,6.321928024291992,10.287712097167969,10.801093101501465,0.5133810043334961,1,9.38082218170166,10.287712097167969,0,1,1,0.7301740646362305,1,1,0.8421850800514221,0,0
SIHDR_142,SIHDR_142_e13.jpg,131,13,train,5.321928024291992,10.287712097167969,10.511847496032715,0.2241353988647461,1,9.38082218170166,10.287712097167969,0,1,1,0.7150135636329651,1,1,0.8421850800514221,0,0
SIHDR_142,SIHDR_142_e14.jpg,131,14,train,4.321928024291992,10.287712097167969,9.977616310119629,0.31009578704833984,1,9.38082218170166,10.287712097167969,1,1,1,0.7012549638748169,1,1,0.8421850800514221,0,0
SIHDR_143,SIHDR_143_e00.jpg,132,0,test,17.194602966308594,17.194602966308594,17.26411247253418,0.06950950622558594,0,17.194602966308594,17.194602966308594,0,,0,0.853149950504303,1,,0.8421850800514221,1,
SIHDR_143,SIHDR_143_e01.jpg,132,1,test,16.28771209716797,17.194602966308594,17.4343318939209,0.2397289276123047,0,17.194602966308594,17.194602966308594,0,,0,0.8395578265190125,1,,0.8421850800514221,0,
SIHDR_143,SIHDR_143_e02.jpg,132,2,test,15.872674942016602,17.194602966308594,17.53244972229004,0.3378467559814453,0,17.194602966308594,17.194602966308594,0,,0,0.8322492241859436,1,,0.8421850800514221,0,
SIHDR_143,SIHDR_143_e03.jpg,132,3,test,15.287712097167969,17.194602966308594,17.4294376373291,0.2348346710205078,0,17.194602966308594,17.194602966308594,0,,0,0.8230862617492676,1,,0.8421850800514221,0,
SIHDR_143,SIHDR_143_e04.jpg,132,4,test,14.287712097167969,17.194602966308594,16.959192276000977,0.2354106903076172,0,17.194602966308594,17.194602966308594,0,,0,0.8095182776451111,1,,0.8421850800514221,0,
SIHDR_143,SIHDR_143_e05.jpg,132,5,test,13.287712097167969,17.194602966308594,16.370878219604492,0.8237247467041016,0,17.194602966308594,17.194602966308594,0,,0,0.7981210350990295,1,,0.8421850800514221,0,
SIHDR_143,SIHDR_143_e06.jpg,132,6,test,12.287712097167969,17.194602966308594,15.74259090423584,1.452012062072754,0,17.194602966308594,17.194602966308594,0,,0,0.7876097559928894,1,,0.8421850800514221,0,
SIHDR_143,SIHDR_143_e07.jpg,132,7,test,11.287712097167969,17.194602966308594,15.085274696350098,2.109328269958496,0,17.194602966308594,17.194602966308594,0,,0,0.7773619294166565,1,,0.8421850800514221,0,
SIHDR_143,SIHDR_143_e08.jpg,132,8,test,10.287712097167969,17.194602966308594,14.394423484802246,2.8001794815063477,0,17.194602966308594,17.194602966308594,0,,0,0.7664979100227356,1,,0.8421850800514221,0,
SIHDR_143,SIHDR_143_e09.jpg,132,9,test,9.38082218170166,17.194602966308594,13.744702339172363,3.4499006271362305,0,17.194602966308594,17.194602966308594,0,,0,0.7567322254180908,1,,0.8421850800514221,0,
SIHDR_143,SIHDR_143_e10.jpg,132,10,test,8.38082218170166,17.194602966308594,13.027705192565918,4.166897773742676,0,17.194602966308594,17.194602966308594,0,,0,0.745883584022522,1,,0.8421850800514221,0,
SIHDR_143,SIHDR_143_e11.jpg,132,11,test,7.380821704864502,17.194602966308594,12.311381340026855,4.883221626281738,0,17.194602966308594,17.194602966308594,0,,0,0.7346925735473633,1,,0.8421850800514221,0,
SIHDR_143,SIHDR_143_e12.jpg,132,12,test,6.321928024291992,17.194602966308594,11.555301666259766,5.639301300048828,0,17.194602966308594,17.194602966308594,0,,0,0.7227595448493958,1,,0.8421850800514221,0,
SIHDR_143,SIHDR_143_e13.jpg,132,13,test,5.321928024291992,17.194602966308594,10.849601745605469,6.345001220703125,0,17.194602966308594,17.194602966308594,0,,0,0.7111202478408813,1,,0.8421850800514221,0,
SIHDR_143,SIHDR_143_e14.jpg,132,14,test,4.321928024291992,17.194602966308594,10.135318756103516,7.059284210205078,0,17.194602966308594,17.194602966308594,0,,0,0.6992815136909485,1,,0.8421850800514221,0,
SIHDR_144,SIHDR_144_e00.jpg,133,0,validation,17.194602966308594,17.194602966308594,17.100631713867188,0.09397125244140625,0,17.194602966308594,17.194602966308594,0,0,1,0.8365617394447327,1,0,0.8421850800514221,0,1
SIHDR_144,SIHDR_144_e01.jpg,133,1,validation,16.28771209716797,17.194602966308594,17.14792251586914,0.046680450439453125,0,17.194602966308594,17.194602966308594,0,0,1,0.8243283629417419,1,0,0.8421850800514221,0,1
SIHDR_144,SIHDR_144_e02.jpg,133,2,validation,15.872674942016602,17.194602966308594,17.151147842407227,0.04345512390136719,0,17.194602966308594,17.194602966308594,0,0,1,0.8204180598258972,1,0,0.8421850800514221,0,1
SIHDR_144,SIHDR_144_e03.jpg,133,3,validation,15.287712097167969,17.194602966308594,17.121858596801758,0.07274436950683594,0,17.194602966308594,17.194602966308594,0,0,1,0.815419614315033,1,0,0.8421850800514221,0,1
SIHDR_144,SIHDR_144_e04.jpg,133,4,validation,14.287712097167969,17.194602966308594,17.087392807006836,0.10721015930175781,0,17.194602966308594,17.194602966308594,0,0,1,0.8042857050895691,1,0,0.8421850800514221,0,1
SIHDR_144,SIHDR_144_e05.jpg,133,5,validation,13.287712097167969,17.194602966308594,16.49746322631836,0.6971397399902344,0,17.194602966308594,17.194602966308594,0,0,1,0.7943786382675171,1,0,0.8421850800514221,0,1
SIHDR_144,SIHDR_144_e06.jpg,133,6,validation,12.287712097167969,17.194602966308594,15.8034086227417,1.3911943435668945,0,17.194602966308594,17.194602966308594,0,0,1,0.7848199605941772,1,0,0.8421850800514221,0,1
SIHDR_144,SIHDR_144_e07.jpg,133,7,validation,11.287712097167969,17.194602966308594,15.09874439239502,2.095858573913574,0,17.194602966308594,17.194602966308594,0,0,1,0.7751984000205994,1,0,0.8421850800514221,0,1
SIHDR_144,SIHDR_144_e08.jpg,133,8,validation,10.287712097167969,17.194602966308594,14.38968563079834,2.804917335510254,0,17.194602966308594,17.194602966308594,0,0,1,0.7653523683547974,1,0,0.8421850800514221,0,1
SIHDR_144,SIHDR_144_e09.jpg,133,9,validation,9.38082218170166,17.194602966308594,13.744479179382324,3.4501237869262695,0,17.194602966308594,17.194602966308594,0,0,1,0.7561377882957458,1,0,0.8421850800514221,0,1
SIHDR_144,SIHDR_144_e10.jpg,133,10,validation,8.38082218170166,17.194602966308594,13.031682968139648,4.162919998168945,0,17.194602966308594,17.194602966308594,0,0,1,0.7455264329910278,1,0,0.8421850800514221,0,1
SIHDR_144,SIHDR_144_e11.jpg,133,11,validation,7.380821704864502,17.194602966308594,12.318367004394531,4.8762359619140625,0,17.194602966308594,17.194602966308594,0,0,1,0.7345597743988037,1,0,0.8421850800514221,0,1
SIHDR_144,SIHDR_144_e12.jpg,133,12,validation,6.321928024291992,17.194602966308594,11.562734603881836,5.631868362426758,0,17.194602966308594,17.194602966308594,0,0,1,0.7226321697235107,1,0,0.8421850800514221,0,1
SIHDR_144,SIHDR_144_e13.jpg,133,13,validation,5.321928024291992,17.194602966308594,10.848984718322754,6.34561824798584,0,17.194602966308594,17.194602966308594,0,0,1,0.7110739350318909,1,0,0.8421850800514221,0,1
SIHDR_144,SIHDR_144_e14.jpg,133,14,validation,4.321928024291992,17.194602966308594,10.135119438171387,7.059483528137207,0,17.194602966308594,17.194602966308594,0,0,1,0.6992485523223877,1,0,0.8421850800514221,0,1
SIHDR_145,SIHDR_145_e00.jpg,134,0,train,17.194602966308594,12.287712097167969,10.920435905456543,1.3672761917114258,1,11.287712097167969,12.287712097167969,0,1,1,0.9283000826835632,1,1,0.8421850800514221,1,1
SIHDR_145,SIHDR_145_e01.jpg,134,1,train,16.28771209716797,12.287712097167969,11.373169898986816,0.9145421981811523,1,11.287712097167969,12.287712097167969,1,1,1,0.9225733280181885,1,1,0.8421850800514221,1,1
SIHDR_145,SIHDR_145_e02.jpg,134,2,train,15.872674942016602,12.287712097167969,11.526766777038574,0.7609453201293945,1,11.287712097167969,12.287712097167969,1,1,1,0.9201070666313171,1,1,0.8421850800514221,1,1
SIHDR_145,SIHDR_145_e03.jpg,134,3,train,15.287712097167969,12.287712097167969,11.604574203491211,0.6831378936767578,1,11.287712097167969,12.287712097167969,1,1,1,0.9149007797241211,1,1,0.8421850800514221,1,1
SIHDR_145,SIHDR_145_e04.jpg,134,4,train,14.287712097167969,12.287712097167969,11.421807289123535,0.8659048080444336,1,11.287712097167969,12.287712097167969,1,1,1,0.8993964791297913,1,1,0.8421850800514221,1,1
SIHDR_145,SIHDR_145_e05.jpg,134,5,train,13.287712097167969,12.287712097167969,11.149374961853027,1.1383371353149414,1,11.287712097167969,12.287712097167969,0,1,1,0.8771272301673889,1,1,0.8421850800514221,1,1
SIHDR_145,SIHDR_145_e06.jpg,134,6,train,12.287712097167969,12.287712097167969,11.388039588928223,0.8996725082397461,1,11.287712097167969,12.287712097167969,1,1,1,0.8554972410202026,1,1,0.8421850800514221,1,1
SIHDR_145,SIHDR_145_e07.jpg,134,7,train,11.287712097167969,12.287712097167969,11.634961128234863,0.6527509689331055,1,11.287712097167969,12.287712097167969,1,1,1,0.8364129662513733,1,1,0.8421850800514221,0,0
SIHDR_145,SIHDR_145_e08.jpg,134,8,train,10.287712097167969,12.287712097167969,12.015122413635254,0.27258968353271484,1,11.287712097167969,12.287712097167969,1,1,1,0.8018962740898132,1,1,0.8421850800514221,0,0
SIHDR_145,SIHDR_145_e09.jpg,134,9,train,9.38082218170166,12.287712097167969,12.193243980407715,0.0944681167602539,1,11.287712097167969,12.287712097167969,1,1,1,0.7761368155479431,1,1,0.8421850800514221,0,0
SIHDR_145,SIHDR_145_e10.jpg,134,10,train,8.38082218170166,12.287712097167969,12.037965774536133,0.24974632263183594,1,11.287712097167969,12.287712097167969,1,1,1,0.7579053044319153,1,1,0.8421850800514221,0,0
SIHDR_145,SIHDR_145_e11.jpg,134,11,train,7.380821704864502,12.287712097167969,11.58924388885498,0.6984682083129883,1,11.287712097167969,12.287712097167969,1,1,1,0.7392711043357849,1,1,0.8421850800514221,0,0
SIHDR_145,SIHDR_145_e12.jpg,134,12,train,6.321928024291992,12.287712097167969,11.09311294555664,1.1945991516113281,1,11.287712097167969,12.287712097167969,0,1,1,0.7273604273796082,1,1,0.8421850800514221,0,0
SIHDR_145,SIHDR_145_e13.jpg,134,13,train,5.321928024291992,12.287712097167969,10.803903579711914,1.4838085174560547,1,11.287712097167969,12.287712097167969,0,1,1,0.7127017378807068,1,1,0.8421850800514221,0,0
SIHDR_145,SIHDR_145_e14.jpg,134,14,train,4.321928024291992,12.287712097167969,10.114599227905273,2.1731128692626953,1,11.287712097167969,12.287712097167969,0,1,1,0.700128972530365,1,1,0.8421850800514221,0,0
SIHDR_146,SIHDR_146_e00.jpg,135,0,train,17.194602966308594,10.287712097167969,9.980938911437988,0.30677318572998047,1,9.38082218170166,11.287712097167969,1,,0,0.932225227355957,1,,0.8421850800514221,1,
SIHDR_146,SIHDR_146_e01.jpg,135,1,train,16.28771209716797,10.287712097167969,9.533844947814941,0.7538671493530273,1,9.38082218170166,11.287712097167969,1,,0,0.9286771416664124,1,,0.8421850800514221,1,
SIHDR_146,SIHDR_146_e02.jpg,135,2,train,15.872674942016602,10.287712097167969,9.482993125915527,0.8047189712524414,1,9.38082218170166,11.287712097167969,1,,0,0.926712691783905,1,,0.8421850800514221,1,
SIHDR_146,SIHDR_146_e03.jpg,135,3,train,15.287712097167969,10.287712097167969,9.619551658630371,0.6681604385375977,1,9.38082218170166,11.287712097167969,1,,0,0.9238870739936829,1,,0.8421850800514221,1,
SIHDR_146,SIHDR_146_e04.jpg,135,4,train,14.287712097167969,10.287712097167969,10.15360164642334,0.1341104507446289,1,9.38082218170166,11.287712097167969,1,,0,0.9113373756408691,1,,0.8421850800514221,1,
SIHDR_146,SIHDR_146_e05.jpg,135,5,train,13.287712097167969,10.287712097167969,10.411140441894531,0.1234283447265625,1,9.38082218170166,11.287712097167969,1,,0,0.882445752620697,1,,0.8421850800514221,1,
SIHDR_146,SIHDR_146_e06.jpg,135,6,train,12.287712097167969,10.287712097167969,10.415108680725098,0.1273965835571289,1,9.38082218170166,11.287712097167969,1,,0,0.848355770111084,1,,0.8421850800514221,1,
SIHDR_146,SIHDR_146_e07.jpg,135,7,train,11.287712097167969,10.287712097167969,10.207718849182129,0.07999324798583984,1,9.38082218170166,11.287712097167969,1,,0,0.8135371804237366,1,,0.8421850800514221,0,
SIHDR_146,SIHDR_146_e08.jpg,135,8,train,10.287712097167969,10.287712097167969,10.3392972946167,0.05158519744873047,1,9.38082218170166,11.287712097167969,1,,0,0.7907036542892456,1,,0.8421850800514221,0,
SIHDR_146,SIHDR_146_e09.jpg,135,9,train,9.38082218170166,10.287712097167969,11.1980619430542,0.9103498458862305,1,9.38082218170166,11.287712097167969,1,,0,0.7713221311569214,1,,0.8421850800514221,0,
SIHDR_146,SIHDR_146_e10.jpg,135,10,train,8.38082218170166,10.287712097167969,11.616000175476074,1.3282880783081055,1,9.38082218170166,11.287712097167969,0,,0,0.7535295486450195,1,,0.8421850800514221,0,
SIHDR_146,SIHDR_146_e11.jpg,135,11,train,7.380821704864502,10.287712097167969,11.586817741394043,1.2991056442260742,1,9.38082218170166,11.287712097167969,0,,0,0.7395203709602356,1,,0.8421850800514221,0,
SIHDR_146,SIHDR_146_e12.jpg,135,12,train,6.321928024291992,10.287712097167969,11.298047065734863,1.0103349685668945,1,9.38082218170166,11.287712097167969,0,,0,0.7250117659568787,1,,0.8421850800514221,0,
SIHDR_146,SIHDR_146_e13.jpg,135,13,train,5.321928024291992,10.287712097167969,10.745287895202637,0.45757579803466797,1,9.38082218170166,11.287712097167969,1,,0,0.712264895439148,1,,0.8421850800514221,0,
SIHDR_146,SIHDR_146_e14.jpg,135,14,train,4.321928024291992,10.287712097167969,10.096322059631348,0.1913900375366211,1,9.38082218170166,11.287712097167969,1,,0,0.6998769044876099,1,,0.8421850800514221,0,
SIHDR_147,SIHDR_147_e00.jpg,136,0,validation,17.194602966308594,10.287712097167969,9.970929145812988,0.31678295135498047,1,10.287712097167969,10.287712097167969,0,1,1,0.9327720999717712,1,1,0.8421850800514221,1,1
SIHDR_147,SIHDR_147_e01.jpg,136,1,validation,16.28771209716797,10.287712097167969,9.418088912963867,0.8696231842041016,1,10.287712097167969,10.287712097167969,0,1,1,0.9298568964004517,1,1,0.8421850800514221,1,1
SIHDR_147,SIHDR_147_e02.jpg,136,2,validation,15.872674942016602,10.287712097167969,9.29981803894043,0.9878940582275391,1,10.287712097167969,10.287712097167969,0,1,1,0.9270440340042114,1,1,0.8421850800514221,1,1
SIHDR_147,SIHDR_147_e03.jpg,136,3,validation,15.287712097167969,10.287712097167969,9.371685028076172,0.9160270690917969,1,10.287712097167969,10.287712097167969,0,1,1,0.9187443256378174,1,1,0.8421850800514221,1,1
SIHDR_147,SIHDR_147_e04.jpg,136,4,validation,14.287712097167969,10.287712097167969,10.039583206176758,0.24812889099121094,1,10.287712097167969,10.287712097167969,0,1,1,0.8927015066146851,1,1,0.8421850800514221,1,1
SIHDR_147,SIHDR_147_e05.jpg,136,5,validation,13.287712097167969,10.287712097167969,10.415884971618652,0.1281728744506836,1,10.287712097167969,10.287712097167969,0,1,1,0.8634629249572754,1,1,0.8421850800514221,1,1
SIHDR_147,SIHDR_147_e06.jpg,136,6,validation,12.287712097167969,10.287712097167969,10.411355972290039,0.12364387512207031,1,10.287712097167969,10.287712097167969,0,1,1,0.8288512825965881,1,1,0.8421850800514221,0,0
SIHDR_147,SIHDR_147_e07.jpg,136,7,validation,11.287712097167969,10.287712097167969,10.450682640075684,0.16297054290771484,1,10.287712097167969,10.287712097167969,0,1,1,0.8020944595336914,1,1,0.8421850800514221,0,0
SIHDR_147,SIHDR_147_e08.jpg,136,8,validation,10.287712097167969,10.287712097167969,11.217371940612793,0.9296598434448242,1,10.287712097167969,10.287712097167969,0,1,1,0.7839362025260925,1,1,0.8421850800514221,0,0
SIHDR_147,SIHDR_147_e09.jpg,136,9,validation,9.38082218170166,10.287712097167969,11.94870662689209,1.660994529724121,1,10.287712097167969,10.287712097167969,0,1,1,0.7661920189857483,1,1,0.8421850800514221,0,0
SIHDR_147,SIHDR_147_e10.jpg,136,10,validation,8.38082218170166,10.287712097167969,12.028456687927246,1.7407445907592773,1,10.287712097167969,10.287712097167969,0,1,1,0.7487210035324097,1,1,0.8421850800514221,0,0
SIHDR_147,SIHDR_147_e11.jpg,136,11,validation,7.380821704864502,10.287712097167969,11.664222717285156,1.3765106201171875,1,10.287712097167969,10.287712097167969,0,1,1,0.7359346151351929,1,1,0.8421850800514221,0,0
SIHDR_147,SIHDR_147_e12.jpg,136,12,validation,6.321928024291992,10.287712097167969,11.269730567932129,0.9820184707641602,1,10.287712097167969,10.287712097167969,0,1,1,0.7238809466362,1,1,0.8421850800514221,0,0
SIHDR_147,SIHDR_147_e13.jpg,136,13,validation,5.321928024291992,10.287712097167969,10.772204399108887,0.48449230194091797,1,10.287712097167969,10.287712097167969,0,1,1,0.7115601301193237,1,1,0.8421850800514221,0,0
SIHDR_147,SIHDR_147_e14.jpg,136,14,validation,4.321928024291992,10.287712097167969,10.11272144317627,0.17499065399169922,1,10.287712097167969,10.287712097167969,0,1,1,0.6994470357894897,1,1,0.8421850800514221,0,0
SIHDR_148,SIHDR_148_e00.jpg,137,0,train,17.194602966308594,11.287712097167969,9.99077320098877,1.2969388961791992,1,10.287712097167969,11.287712097167969,0,1,1,0.9327244162559509,1,1,0.8421850800514221,1,1
SIHDR_148,SIHDR_148_e01.jpg,137,1,train,16.28771209716797,11.287712097167969,9.607083320617676,1.680628776550293,1,10.287712097167969,11.287712097167969,0,1,1,0.9329804182052612,1,1,0.8421850800514221,1,1
SIHDR_148,SIHDR_148_e02.jpg,137,2,train,15.872674942016602,11.287712097167969,9.658495903015137,1.629216194152832,1,10.287712097167969,11.287712097167969,0,1,1,0.9341210722923279,1,1,0.8421850800514221,1,1
SIHDR_148,SIHDR_148_e03.jpg,137,3,train,15.287712097167969,11.287712097167969,9.993823051452637,1.293889045715332,1,10.287712097167969,11.287712097167969,0,1,1,0.9339194893836975,1,1,0.8421850800514221,1,1
SIHDR_148,SIHDR_148_e04.jpg,137,4,train,14.287712097167969,11.287712097167969,10.802138328552246,0.48557376861572266,1,10.287712097167969,11.287712097167969,1,1,1,0.9264782071113586,1,1,0.8421850800514221,1,1
SIHDR_148,SIHDR_148_e05.jpg,137,5,train,13.287712097167969,11.287712097167969,11.335165023803711,0.04745292663574219,1,10.287712097167969,11.287712097167969,0,1,1,0.9107331037521362,1,1,0.8421850800514221,1,1
SIHDR_148,SIHDR_148_e06.jpg,137,6,train,12.287712097167969,11.287712097167969,11.443154335021973,0.1554422378540039,1,10.287712097167969,11.287712097167969,0,1,1,0.8825109601020813,1,1,0.8421850800514221,1,1
SIHDR_148,SIHDR_148_e07.jpg,137,7,train,11.287712097167969,11.287712097167969,11.406954765319824,0.11924266815185547,1,10.287712097167969,11.287712097167969,0,1,1,0.8447316288948059,1,1,0.8421850800514221,1,1
SIHDR_148,SIHDR_148_e08.jpg,137,8,train,10.287712097167969,11.287712097167969,11.77551555633545,0.48780345916748047,1,10.287712097167969,11.287712097167969,0,1,1,0.8088111877441406,1,1,0.8421850800514221,0,0
SIHDR_148,SIHDR_148_e09.jpg,137,9,train,9.38082218170166,11.287712097167969,12.024232864379883,0.7365207672119141,1,10.287712097167969,11.287712097167969,0,1,1,0.7790584564208984,1,1,0.8421850800514221,0,0
SIHDR_148,SIHDR_148_e10.jpg,137,10,train,8.38082218170166,11.287712097167969,11.934394836425781,0.6466827392578125,1,10.287712097167969,11.287712097167969,0,1,1,0.7559226155281067,1,1,0.8421850800514221,0,0
SIHDR_148,SIHDR_148_e11.jpg,137,11,train,7.380821704864502,11.287712097167969,11.736172676086426,0.44846057891845703,1,10.287712097167969,11.287712097167969,0,1,1,0.7411016225814819,1,1,0.8421850800514221,0,0
SIHDR_148,SIHDR_148_e12.jpg,137,12,train,6.321928024291992,11.287712097167969,11.37137222290039,0.08366012573242188,1,10.287712097167969,11.287712097167969,0,1,1,0.725875735282898,1,1,0.8421850800514221,0,0
SIHDR_148,SIHDR_148_e13.jpg,137,13,train,5.321928024291992,11.287712097167969,10.797298431396484,0.4904136657714844,1,10.287712097167969,11.287712097167969,1,1,1,0.7127227187156677,1,1,0.8421850800514221,0,0
SIHDR_148,SIHDR_148_e14.jpg,137,14,train,4.321928024291992,11.287712097167969,10.126362800598145,1.1613492965698242,1,10.287712097167969,11.287712097167969,0,1,1,0.7001103162765503,1,1,0.8421850800514221,0,0
SIHDR_149,SIHDR_149_e00.jpg,138,0,test,17.194602966308594,10.287712097167969,10.252060890197754,0.035651206970214844,1,10.287712097167969,10.287712097167969,0,1,1,0.9306079745292664,1,1,0.8421850800514221,1,1
SIHDR_149,SIHDR_149_e01.jpg,138,1,test,16.28771209716797,10.287712097167969,10.218276023864746,0.06943607330322266,1,10.287712097167969,10.287712097167969,0,1,1,0.9187358021736145,1,1,0.8421850800514221,1,1
SIHDR_149,SIHDR_149_e02.jpg,138,2,test,15.872674942016602,10.287712097167969,10.283592224121094,0.004119873046875,1,10.287712097167969,10.287712097167969,0,1,1,0.9113448858261108,1,1,0.8421850800514221,1,1
SIHDR_149,SIHDR_149_e03.jpg,138,3,test,15.287712097167969,10.287712097167969,10.342912673950195,0.05520057678222656,1,10.287712097167969,10.287712097167969,0,1,1,0.8996154069900513,1,1,0.8421850800514221,1,1
SIHDR_149,SIHDR_149_e04.jpg,138,4,test,14.287712097167969,10.287712097167969,10.397584915161133,0.10987281799316406,1,10.287712097167969,10.287712097167969,0,1,1,0.879116952419281,1,1,0.8421850800514221,1,1
SIHDR_149,SIHDR_149_e05.jpg,138,5,test,13.287712097167969,10.287712097167969,10.421767234802246,0.13405513763427734,1,10.287712097167969,10.287712097167969,0,1,1,0.866755485534668,1,1,0.8421850800514221,1,1
SIHDR_149,SIHDR_149_e06.jpg,138,6,test,12.287712097167969,10.287712097167969,10.471792221069336,0.1840801239013672,1,10.287712097167969,10.287712097167969,0,1,1,0.8569966554641724,1,1,0.8421850800514221,1,1
SIHDR_149,SIHDR_149_e07.jpg,138,7,test,11.287712097167969,10.287712097167969,10.616134643554688,0.32842254638671875,1,10.287712097167969,10.287712097167969,0,1,1,0.8473382592201233,1,1,0.8421850800514221,1,1
SIHDR_149,SIHDR_149_e08.jpg,138,8,test,10.287712097167969,10.287712097167969,10.568507194519043,0.2807950973510742,1,10.287712097167969,10.287712097167969,0,1,1,0.8268867135047913,1,1,0.8421850800514221,0,0
SIHDR_149,SIHDR_149_e09.jpg,138,9,test,9.38082218170166,10.287712097167969,10.432536125183105,0.14482402801513672,1,10.287712097167969,10.287712097167969,0,1,1,0.807691216468811,1,1,0.8421850800514221,0,0
SIHDR_149,SIHDR_149_e10.jpg,138,10,test,8.38082218170166,10.287712097167969,10.597064018249512,0.30935192108154297,1,10.287712097167969,10.287712097167969,0,1,1,0.7796764373779297,1,1,0.8421850800514221,0,0
SIHDR_149,SIHDR_149_e11.jpg,138,11,test,7.380821704864502,10.287712097167969,10.768661499023438,0.48094940185546875,1,10.287712097167969,10.287712097167969,0,1,1,0.753635585308075,1,1,0.8421850800514221,0,0
SIHDR_149,SIHDR_149_e12.jpg,138,12,test,6.321928024291992,10.287712097167969,10.801629066467285,0.5139169692993164,1,10.287712097167969,10.287712097167969,0,1,1,0.7321537137031555,1,1,0.8421850800514221,0,0
SIHDR_149,SIHDR_149_e13.jpg,138,13,test,5.321928024291992,10.287712097167969,10.424930572509766,0.13721847534179688,1,10.287712097167969,10.287712097167969,0,1,1,0.715732753276825,1,1,0.8421850800514221,0,0
SIHDR_149,SIHDR_149_e14.jpg,138,14,test,4.321928024291992,10.287712097167969,9.910971641540527,0.3767404556274414,1,10.287712097167969,10.287712097167969,0,1,1,0.7021362781524658,1,1,0.8421850800514221,0,0
SIHDR_150,SIHDR_150_e00.jpg,139,0,train,17.194602966308594,9.38082218170166,9.969672203063965,0.5888500213623047,1,9.38082218170166,9.38082218170166,0,,0,0.9323307871818542,1,,0.8421850800514221,1,
SIHDR_150,SIHDR_150_e01.jpg,139,1,train,16.28771209716797,9.38082218170166,9.348176002502441,0.03264617919921875,1,9.38082218170166,9.38082218170166,0,,0,0.9294551610946655,1,,0.8421850800514221,1,
SIHDR_150,SIHDR_150_e02.jpg,139,2,train,15.872674942016602,9.38082218170166,9.068257331848145,0.3125648498535156,1,9.38082218170166,9.38082218170166,0,,0,0.9280983805656433,1,,0.8421850800514221,1,
SIHDR_150,SIHDR_150_e03.jpg,139,3,train,15.287712097167969,9.38082218170166,8.7321195602417,0.6487026214599609,1,9.38082218170166,9.38082218170166,0,,0,0.9261136651039124,1,,0.8421850800514221,1,
SIHDR_150,SIHDR_150_e04.jpg,139,4,train,14.287712097167969,9.38082218170166,8.203350067138672,1.1774721145629883,1,9.38082218170166,9.38082218170166,0,,0,0.9133508801460266,1,,0.8421850800514221,1,
SIHDR_150,SIHDR_150_e05.jpg,139,5,train,13.287712097167969,9.38082218170166,8.112269401550293,1.2685527801513672,1,9.38082218170166,9.38082218170166,0,,0,0.8829421401023865,1,,0.8421850800514221,1,
SIHDR_150,SIHDR_150_e06.jpg,139,6,train,12.287712097167969,9.38082218170166,8.304126739501953,1.076695442199707,1,9.38082218170166,9.38082218170166,0,,0,0.8444117903709412,1,,0.8421850800514221,1,
SIHDR_150,SIHDR_150_e07.jpg,139,7,train,11.287712097167969,9.38082218170166,8.62618637084961,0.7546358108520508,1,9.38082218170166,9.38082218170166,0,,0,0.8174459934234619,1,,0.8421850800514221,0,
SIHDR_150,SIHDR_150_e08.jpg,139,8,train,10.287712097167969,9.38082218170166,9.107860565185547,0.2729616165161133,1,9.38082218170166,9.38082218170166,0,,0,0.7942302823066711,1,,0.8421850800514221,0,
SIHDR_150,SIHDR_150_e09.jpg,139,9,train,9.38082218170166,9.38082218170166,9.722113609313965,0.3412914276123047,1,9.38082218170166,9.38082218170166,0,,0,0.77083420753479,1,,0.8421850800514221,0,
SIHDR_150,SIHDR_150_e10.jpg,139,10,train,8.38082218170166,9.38082218170166,10.211831092834473,0.8310089111328125,1,9.38082218170166,9.38082218170166,0,,0,0.7527307868003845,1,,0.8421850800514221,0,
SIHDR_150,SIHDR_150_e11.jpg,139,11,train,7.380821704864502,9.38082218170166,10.6465425491333,1.2657203674316406,1,9.38082218170166,9.38082218170166,0,,0,0.7406538128852844,1,,0.8421850800514221,0,
SIHDR_150,SIHDR_150_e12.jpg,139,12,train,6.321928024291992,9.38082218170166,10.785343170166016,1.4045209884643555,1,9.38082218170166,9.38082218170166,0,,0,0.7251636981964111,1,,0.8421850800514221,0,
SIHDR_150,SIHDR_150_e13.jpg,139,13,train,5.321928024291992,9.38082218170166,10.49088191986084,1.1100597381591797,1,9.38082218170166,9.38082218170166,0,,0,0.7133734226226807,1,,0.8421850800514221,0,
SIHDR_150,SIHDR_150_e14.jpg,139,14,train,4.321928024291992,9.38082218170166,10.069933891296387,0.6891117095947266,1,9.38082218170166,9.38082218170166,0,,0,0.7001043558120728,1,,0.8421850800514221,0,
SIHDR_151,SIHDR_151_e00.jpg,140,0,validation,17.194602966308594,9.38082218170166,9.979838371276855,0.5990161895751953,1,9.38082218170166,9.38082218170166,0,1,1,0.9319431781768799,1,1,0.8421850800514221,1,1
SIHDR_151,SIHDR_151_e01.jpg,140,1,validation,16.28771209716797,9.38082218170166,9.416045188903809,0.03522300720214844,1,9.38082218170166,9.38082218170166,0,1,1,0.9276809692382812,1,1,0.8421850800514221,1,1
SIHDR_151,SIHDR_151_e02.jpg,140,2,validation,15.872674942016602,9.38082218170166,9.224265098571777,0.1565570831298828,1,9.38082218170166,9.38082218170166,0,1,1,0.9254274368286133,1,1,0.8421850800514221,1,1
SIHDR_151,SIHDR_151_e03.jpg,140,3,validation,15.287712097167969,9.38082218170166,9.16756534576416,0.2132568359375,1,9.38082218170166,9.38082218170166,0,1,1,0.9233421683311462,1,1,0.8421850800514221,1,1
SIHDR_151,SIHDR_151_e04.jpg,140,4,validation,14.287712097167969,9.38082218170166,9.482733726501465,0.10191154479980469,1,9.38082218170166,9.38082218170166,0,1,1,0.9165368676185608,1,1,0.8421850800514221,1,1
SIHDR_151,SIHDR_151_e05.jpg,140,5,validation,13.287712097167969,9.38082218170166,9.839112281799316,0.45829010009765625,1,9.38082218170166,9.38082218170166,0,1,1,0.9012455344200134,1,1,0.8421850800514221,1,1
SIHDR_151,SIHDR_151_e06.jpg,140,6,validation,12.287712097167969,9.38082218170166,9.993359565734863,0.6125373840332031,1,9.38082218170166,9.38082218170166,0,1,1,0.8759974241256714,1,1,0.8421850800514221,1,1
SIHDR_151,SIHDR_151_e07.jpg,140,7,validation,11.287712097167969,9.38082218170166,9.773873329162598,0.3930511474609375,1,9.38082218170166,9.38082218170166,0,1,1,0.8454164862632751,1,1,0.8421850800514221,1,1
SIHDR_151,SIHDR_151_e08.jpg,140,8,validation,10.287712097167969,9.38082218170166,9.773587226867676,0.3927650451660156,1,9.38082218170166,9.38082218170166,0,1,1,0.8146296143531799,1,1,0.8421850800514221,0,0
SIHDR_151,SIHDR_151_e09.jpg,140,9,validation,9.38082218170166,9.38082218170166,10.144618034362793,0.7637958526611328,1,9.38082218170166,9.38082218170166,0,1,1,0.7825140953063965,1,1,0.8421850800514221,0,0
SIHDR_151,SIHDR_151_e10.jpg,140,10,validation,8.38082218170166,9.38082218170166,10.38062572479248,0.9998035430908203,1,9.38082218170166,9.38082218170166,0,1,1,0.7587066292762756,1,1,0.8421850800514221,0,0
SIHDR_151,SIHDR_151_e11.jpg,140,11,validation,7.380821704864502,9.38082218170166,10.640276908874512,1.2594547271728516,1,9.38082218170166,9.38082218170166,0,1,1,0.7396125793457031,1,1,0.8421850800514221,0,0
SIHDR_151,SIHDR_151_e12.jpg,140,12,validation,6.321928024291992,9.38082218170166,10.5582857131958,1.1774635314941406,1,9.38082218170166,9.38082218170166,0,1,1,0.7268422245979309,1,1,0.8421850800514221,0,0
SIHDR_151,SIHDR_151_e13.jpg,140,13,validation,5.321928024291992,9.38082218170166,10.491277694702148,1.1104555130004883,1,9.38082218170166,9.38082218170166,0,1,1,0.7135462164878845,1,1,0.8421850800514221,0,0
SIHDR_151,SIHDR_151_e14.jpg,140,14,validation,4.321928024291992,9.38082218170166,10.055951118469238,0.6751289367675781,1,9.38082218170166,9.38082218170166,0,1,1,0.7002812623977661,1,1,0.8421850800514221,0,0
SIHDR_152,SIHDR_152_e00.jpg,141,0,train,17.194602966308594,9.38082218170166,9.980643272399902,0.5998210906982422,1,9.38082218170166,9.38082218170166,0,1,1,0.9319122433662415,1,1,0.8421850800514221,1,1
SIHDR_152,SIHDR_152_e01.jpg,141,1,train,16.28771209716797,9.38082218170166,9.431591033935547,0.05076885223388672,1,9.38082218170166,9.38082218170166,0,1,1,0.9279398918151855,1,1,0.8421850800514221,1,1
SIHDR_152,SIHDR_152_e02.jpg,141,2,train,15.872674942016602,9.38082218170166,9.278735160827637,0.10208702087402344,1,9.38082218170166,9.38082218170166,0,1,1,0.9259975552558899,1,1,0.8421850800514221,1,1
SIHDR_152,SIHDR_152_e03.jpg,141,3,train,15.287712097167969,9.38082218170166,9.236751556396484,0.14407062530517578,1,9.38082218170166,9.38082218170166,0,1,1,0.9245812296867371,1,1,0.8421850800514221,1,1
SIHDR_152,SIHDR_152_e04.jpg,141,4,train,14.287712097167969,9.38082218170166,9.594462394714355,0.2136402130126953,1,9.38082218170166,9.38082218170166,0,1,1,0.924925684928894,1,1,0.8421850800514221,1,1
SIHDR_152,SIHDR_152_e05.jpg,141,5,train,13.287712097167969,9.38082218170166,9.99437427520752,0.6135520935058594,1,9.38082218170166,9.38082218170166,0,1,1,0.9152714014053345,1,1,0.8421850800514221,1,1
SIHDR_152,SIHDR_152_e06.jpg,141,6,train,12.287712097167969,9.38082218170166,10.026236534118652,0.6454143524169922,1,9.38082218170166,9.38082218170166,0,1,1,0.8902035355567932,1,1,0.8421850800514221,1,1
SIHDR_152,SIHDR_152_e07.jpg,141,7,train,11.287712097167969,9.38082218170166,9.88484001159668,0.5040178298950195,1,9.38082218170166,9.38082218170166,0,1,1,0.8581852316856384,1,1,0.8421850800514221,1,1
SIHDR_152,SIHDR_152_e08.jpg,141,8,train,10.287712097167969,9.38082218170166,9.979279518127441,0.5984573364257812,1,9.38082218170166,9.38082218170166,0,1,1,0.8212625980377197,1,1,0.8421850800514221,0,0
SIHDR_152,SIHDR_152_e09.jpg,141,9,train,9.38082218170166,9.38082218170166,10.205931663513184,0.8251094818115234,1,9.38082218170166,9.38082218170166,0,1,1,0.7863279581069946,1,1,0.8421850800514221,0,0
SIHDR_152,SIHDR_152_e10.jpg,141,10,train,8.38082218170166,9.38082218170166,10.409268379211426,1.0284461975097656,1,9.38082218170166,9.38082218170166,0,1,1,0.7608157992362976,1,1,0.8421850800514221,0,0
SIHDR_152,SIHDR_152_e11.jpg,141,11,train,7.380821704864502,9.38082218170166,10.708783149719238,1.3279609680175781,1,9.38082218170166,9.38082218170166,0,1,1,0.7418007850646973,1,1,0.8421850800514221,0,0
SIHDR_152,SIHDR_152_e12.jpg,141,12,train,6.321928024291992,9.38082218170166,10.634173393249512,1.2533512115478516,1,9.38082218170166,9.38082218170166,0,1,1,0.7275511622428894,1,1,0.8421850800514221,0,0
SIHDR_152,SIHDR_152_e13.jpg,141,13,train,5.321928024291992,9.38082218170166,10.488292694091797,1.1074705123901367,1,9.38082218170166,9.38082218170166,0,1,1,0.7142566442489624,1,1,0.8421850800514221,0,0
SIHDR_152,SIHDR_152_e14.jpg,141,14,train,4.321928024291992,9.38082218170166,10.067889213562012,0.6870670318603516,1,9.38082218170166,9.38082218170166,0,1,1,0.7006080746650696,1,1,0.8421850800514221,0,0
SIHDR_153,SIHDR_153_e00.jpg,142,0,train,17.194602966308594,10.287712097167969,9.971354484558105,0.3163576126098633,1,9.38082218170166,10.287712097167969,1,1,1,0.932361364364624,1,1,0.8421850800514221,1,1
SIHDR_153,SIHDR_153_e01.jpg,142,1,train,16.28771209716797,10.287712097167969,9.378426551818848,0.9092855453491211,1,9.38082218170166,10.287712097167969,0,1,1,0.9296656250953674,1,1,0.8421850800514221,1,1
SIHDR_153,SIHDR_153_e02.jpg,142,2,train,15.872674942016602,10.287712097167969,9.159714698791504,1.1279973983764648,1,9.38082218170166,10.287712097167969,0,1,1,0.9280731081962585,1,1,0.8421850800514221,1,1
SIHDR_153,SIHDR_153_e03.jpg,142,3,train,15.287712097167969,10.287712097167969,9.003301620483398,1.2844104766845703,1,9.38082218170166,10.287712097167969,0,1,1,0.924649178981781,1,1,0.8421850800514221,1,1
SIHDR_153,SIHDR_153_e04.jpg,142,4,train,14.287712097167969,10.287712097167969,9.41869831085205,0.869013786315918,1,9.38082218170166,10.287712097167969,1,1,1,0.9091001749038696,1,1,0.8421850800514221,1,1
SIHDR_153,SIHDR_153_e05.jpg,142,5,train,13.287712097167969,10.287712097167969,9.9956693649292,0.29204273223876953,1,9.38082218170166,10.287712097167969,1,1,1,0.8781036138534546,1,1,0.8421850800514221,1,1
SIHDR_153,SIHDR_153_e06.jpg,142,6,train,12.287712097167969,10.287712097167969,10.311452865600586,0.023740768432617188,1,9.38082218170166,10.287712097167969,0,1,1,0.8387770056724548,1,1,0.8421850800514221,0,0
SIHDR_153,SIHDR_153_e07.jpg,142,7,train,11.287712097167969,10.287712097167969,10.317120552062988,0.02940845489501953,1,9.38082218170166,10.287712097167969,0,1,1,0.8048559427261353,1,1,0.8421850800514221,0,0
SIHDR_153,SIHDR_153_e08.jpg,142,8,train,10.287712097167969,10.287712097167969,10.265000343322754,0.022711753845214844,1,9.38082218170166,10.287712097167969,1,1,1,0.7882257103919983,1,1,0.8421850800514221,0,0
SIHDR_153,SIHDR_153_e09.jpg,142,9,train,9.38082218170166,10.287712097167969,10.72046184539795,0.43274974822998047,1,9.38082218170166,10.287712097167969,0,1,1,0.7747692465782166,1,1,0.8421850800514221,0,0
SIHDR_153,SIHDR_153_e10.jpg,142,10,train,8.38082218170166,10.287712097167969,11.248610496520996,0.9608983993530273,1,9.38082218170166,10.287712097167969,0,1,1,0.7587832808494568,1,1,0.8421850800514221,0,0
SIHDR_153,SIHDR_153_e11.jpg,142,11,train,7.380821704864502,10.287712097167969,11.454073905944824,1.1663618087768555,1,9.38082218170166,10.287712097167969,0,1,1,0.7428728342056274,1,1,0.8421850800514221,0,0
SIHDR_153,SIHDR_153_e12.jpg,142,12,train,6.321928024291992,10.287712097167969,11.196146965026855,0.9084348678588867,1,9.38082218170166,10.287712097167969,0,1,1,0.7267565727233887,1,1,0.8421850800514221,0,0
SIHDR_153,SIHDR_153_e13.jpg,142,13,train,5.321928024291992,10.287712097167969,10.656825065612793,0.3691129684448242,1,9.38082218170166,10.287712097167969,0,1,1,0.7133085131645203,1,1,0.8421850800514221,0,0
SIHDR_153,SIHDR_153_e14.jpg,142,14,train,4.321928024291992,10.287712097167969,10.022807121276855,0.2649049758911133,1,9.38082218170166,10.287712097167969,1,1,1,0.7004089951515198,1,1,0.8421850800514221,0,0
SIHDR_154,SIHDR_154_e00.jpg,143,0,test,17.194602966308594,9.38082218170166,9.971184730529785,0.590362548828125,1,9.38082218170166,9.38082218170166,0,1,1,0.9323313236236572,1,1,0.8421850800514221,1,1
SIHDR_154,SIHDR_154_e01.jpg,143,1,test,16.28771209716797,9.38082218170166,9.368855476379395,0.011966705322265625,1,9.38082218170166,9.38082218170166,0,1,1,0.9294143915176392,1,1,0.8421850800514221,1,1
SIHDR_154,SIHDR_154_e02.jpg,143,2,test,15.872674942016602,9.38082218170166,9.150981903076172,0.22984027862548828,1,9.38082218170166,9.38082218170166,0,1,1,0.9277657270431519,1,1,0.8421850800514221,1,1
SIHDR_154,SIHDR_154_e03.jpg,143,3,test,15.287712097167969,9.38082218170166,8.955670356750488,0.4251518249511719,1,9.38082218170166,9.38082218170166,0,1,1,0.9250068664550781,1,1,0.8421850800514221,1,1
SIHDR_154,SIHDR_154_e04.jpg,143,4,test,14.287712097167969,9.38082218170166,8.979228973388672,0.4015932083129883,1,9.38082218170166,9.38082218170166,0,1,1,0.9175122380256653,1,1,0.8421850800514221,1,1
SIHDR_154,SIHDR_154_e05.jpg,143,5,test,13.287712097167969,9.38082218170166,9.038811683654785,0.342010498046875,1,9.38082218170166,9.38082218170166,0,1,1,0.903512179851532,1,1,0.8421850800514221,1,1
SIHDR_154,SIHDR_154_e06.jpg,143,6,test,12.287712097167969,9.38082218170166,9.081357955932617,0.29946422576904297,1,9.38082218170166,9.38082218170166,0,1,1,0.8900946378707886,1,1,0.8421850800514221,1,1
SIHDR_154,SIHDR_154_e07.jpg,143,7,test,11.287712097167969,9.38082218170166,9.525460243225098,0.1446380615234375,1,9.38082218170166,9.38082218170166,0,1,1,0.8655241131782532,1,1,0.8421850800514221,1,1
SIHDR_154,SIHDR_154_e08.jpg,143,8,test,10.287712097167969,9.38082218170166,10.014476776123047,0.6336545944213867,1,9.38082218170166,9.38082218170166,0,1,1,0.8370564579963684,1,1,0.8421850800514221,0,0
SIHDR_154,SIHDR_154_e09.jpg,143,9,test,9.38082218170166,9.38082218170166,10.525029182434082,1.1442070007324219,1,9.38082218170166,9.38082218170166,0,1,1,0.80193692445755,1,1,0.8421850800514221,0,0
SIHDR_154,SIHDR_154_e10.jpg,143,10,test,8.38082218170166,9.38082218170166,10.793269157409668,1.4124469757080078,1,9.38082218170166,9.38082218170166,0,1,1,0.7647438049316406,1,1,0.8421850800514221,0,0
SIHDR_154,SIHDR_154_e11.jpg,143,11,test,7.380821704864502,9.38082218170166,10.932981491088867,1.552159309387207,1,9.38082218170166,9.38082218170166,0,1,1,0.7457429766654968,1,1,0.8421850800514221,0,0
SIHDR_154,SIHDR_154_e12.jpg,143,12,test,6.321928024291992,9.38082218170166,11.012626647949219,1.6318044662475586,1,9.38082218170166,9.38082218170166,0,1,1,0.7276870608329773,1,1,0.8421850800514221,0,0
SIHDR_154,SIHDR_154_e13.jpg,143,13,test,5.321928024291992,9.38082218170166,10.552447319030762,1.1716251373291016,1,9.38082218170166,9.38082218170166,0,1,1,0.7141484618186951,1,1,0.8421850800514221,0,0
SIHDR_154,SIHDR_154_e14.jpg,143,14,test,4.321928024291992,9.38082218170166,10.04278564453125,0.6619634628295898,1,9.38082218170166,9.38082218170166,0,1,1,0.7009920477867126,1,1,0.8421850800514221,0,0
SIHDR_155,SIHDR_155_e00.jpg,144,0,train,17.194602966308594,10.287712097167969,10.013157844543457,0.2745542526245117,1,9.38082218170166,10.287712097167969,1,1,1,0.9310781359672546,1,1,0.8421850800514221,1,1
SIHDR_155,SIHDR_155_e01.jpg,144,1,train,16.28771209716797,10.287712097167969,9.577436447143555,0.7102756500244141,1,9.38082218170166,10.287712097167969,1,1,1,0.9237574338912964,1,1,0.8421850800514221,1,1
SIHDR_155,SIHDR_155_e02.jpg,144,2,train,15.872674942016602,10.287712097167969,9.477496147155762,0.810215950012207,1,9.38082218170166,10.287712097167969,1,1,1,0.9200477600097656,1,1,0.8421850800514221,1,1
SIHDR_155,SIHDR_155_e03.jpg,144,3,train,15.287712097167969,10.287712097167969,9.58271312713623,0.7049989700317383,1,9.38082218170166,10.287712097167969,1,1,1,0.9146022200584412,1,1,0.8421850800514221,1,1
SIHDR_155,SIHDR_155_e04.jpg,144,4,train,14.287712097167969,10.287712097167969,9.9641695022583,0.32354259490966797,1,9.38082218170166,10.287712097167969,1,1,1,0.897300660610199,1,1,0.8421850800514221,1,1
SIHDR_155,SIHDR_155_e05.jpg,144,5,train,13.287712097167969,10.287712097167969,10.129937171936035,0.1577749252319336,1,9.38082218170166,10.287712097167969,1,1,1,0.8754385709762573,1,1,0.8421850800514221,1,1
SIHDR_155,SIHDR_155_e06.jpg,144,6,train,12.287712097167969,10.287712097167969,10.256704330444336,0.031007766723632812,1,9.38082218170166,10.287712097167969,1,1,1,0.846912682056427,1,1,0.8421850800514221,1,1
SIHDR_155,SIHDR_155_e07.jpg,144,7,train,11.287712097167969,10.287712097167969,10.451610565185547,0.16389846801757812,1,9.38082218170166,10.287712097167969,0,1,1,0.8275470733642578,1,1,0.8421850800514221,0,0
SIHDR_155,SIHDR_155_e08.jpg,144,8,train,10.287712097167969,10.287712097167969,11.019194602966309,0.7314825057983398,1,9.38082218170166,10.287712097167969,0,1,1,0.8069851994514465,1,1,0.8421850800514221,0,0
SIHDR_155,SIHDR_155_e09.jpg,144,9,train,9.38082218170166,10.287712097167969,11.103808403015137,0.816096305847168,1,9.38082218170166,10.287712097167969,0,1,1,0.7831974029541016,1,1,0.8421850800514221,0,0
SIHDR_155,SIHDR_155_e10.jpg,144,10,train,8.38082218170166,10.287712097167969,11.172369956970215,0.8846578598022461,1,9.38082218170166,10.287712097167969,0,1,1,0.7576825618743896,1,1,0.8421850800514221,0,0
SIHDR_155,SIHDR_155_e11.jpg,144,11,train,7.380821704864502,10.287712097167969,11.106213569641113,0.8185014724731445,1,9.38082218170166,10.287712097167969,0,1,1,0.7383973598480225,1,1,0.8421850800514221,0,0
SIHDR_155,SIHDR_155_e12.jpg,144,12,train,6.321928024291992,10.287712097167969,10.85884952545166,0.5711374282836914,1,9.38082218170166,10.287712097167969,0,1,1,0.7241621613502502,1,1,0.8421850800514221,0,0
SIHDR_155,SIHDR_155_e13.jpg,144,13,train,5.321928024291992,10.287712097167969,10.402783393859863,0.11507129669189453,1,9.38082218170166,10.287712097167969,0,1,1,0.7124193906784058,1,1,0.8421850800514221,0,0
SIHDR_155,SIHDR_155_e14.jpg,144,14,train,4.321928024291992,10.287712097167969,9.943432807922363,0.34427928924560547,1,9.38082218170166,10.287712097167969,1,1,1,0.700705349445343,1,1,0.8421850800514221,0,0
SIHDR_156,SIHDR_156_e00.jpg,145,0,train,17.194602966308594,6.321928024291992,9.969497680664062,3.6475696563720703,1,5.321928024291992,6.321928024291992,0,1,1,0.9323292374610901,1,1,0.8421850800514221,1,1
SIHDR_156,SIHDR_156_e01.jpg,145,1,train,16.28771209716797,6.321928024291992,9.349156379699707,3.027228355407715,1,5.321928024291992,6.321928024291992,0,1,1,0.929487943649292,1,1,0.8421850800514221,1,1
SIHDR_156,SIHDR_156_e02.jpg,145,2,train,15.872674942016602,6.321928024291992,9.071558952331543,2.749630928039551,1,5.321928024291992,6.321928024291992,0,1,1,0.9278184771537781,1,1,0.8421850800514221,1,1
SIHDR_156,SIHDR_156_e03.jpg,145,3,train,15.287712097167969,6.321928024291992,8.718974113464355,2.3970460891723633,1,5.321928024291992,6.321928024291992,0,1,1,0.9254544377326965,1,1,0.8421850800514221,1,1
SIHDR_156,SIHDR_156_e04.jpg,145,4,train,14.287712097167969,6.321928024291992,8.235671043395996,1.913743019104004,1,5.321928024291992,6.321928024291992,0,1,1,0.9220134019851685,1,1,0.8421850800514221,1,1
SIHDR_156,SIHDR_156_e05.jpg,145,5,train,13.287712097167969,6.321928024291992,7.720043182373047,1.3981151580810547,1,5.321928024291992,6.321928024291992,0,1,1,0.9151560068130493,1,1,0.8421850800514221,1,1
SIHDR_156,SIHDR_156_e06.jpg,145,6,train,12.287712097167969,6.321928024291992,7.488434791564941,1.1665067672729492,1,5.321928024291992,6.321928024291992,0,1,1,0.9019883275032043,1,1,0.8421850800514221,1,1
SIHDR_156,SIHDR_156_e07.jpg,145,7,train,11.287712097167969,6.321928024291992,7.225863933563232,0.9039359092712402,1,5.321928024291992,6.321928024291992,0,1,1,0.8884944915771484,1,1,0.8421850800514221,1,1
SIHDR_156,SIHDR_156_e08.jpg,145,8,train,10.287712097167969,6.321928024291992,6.709273338317871,0.3873453140258789,1,5.321928024291992,6.321928024291992,0,1,1,0.8701226711273193,1,1,0.8421850800514221,1,1
SIHDR_156,SIHDR_156_e09.jpg,145,9,train,9.38082218170166,6.321928024291992,6.5407209396362305,0.21879291534423828,1,5.321928024291992,6.321928024291992,0,1,1,0.8486525416374207,1,1,0.8421850800514221,1,1
SIHDR_156,SIHDR_156_e10.jpg,145,10,train,8.38082218170166,6.321928024291992,6.92582893371582,0.6039009094238281,1,5.321928024291992,6.321928024291992,0,1,1,0.8335225582122803,1,1,0.8421850800514221,0,0
SIHDR_156,SIHDR_156_e11.jpg,145,11,train,7.380821704864502,6.321928024291992,7.146862983703613,0.8249349594116211,1,5.321928024291992,6.321928024291992,0,1,1,0.8146508932113647,1,1,0.8421850800514221,0,0
SIHDR_156,SIHDR_156_e12.jpg,145,12,train,6.321928024291992,6.321928024291992,7.609736919403076,1.287808895111084,1,5.321928024291992,6.321928024291992,0,1,1,0.7842429280281067,1,1,0.8421850800514221,0,0
SIHDR_156,SIHDR_156_e13.jpg,145,13,train,5.321928024291992,6.321928024291992,7.633491516113281,1.311563491821289,1,5.321928024291992,6.321928024291992,0,1,1,0.7487313747406006,1,1,0.8421850800514221,0,0
SIHDR_156,SIHDR_156_e14.jpg,145,14,train,4.321928024291992,6.321928024291992,7.992876052856445,1.6709480285644531,1,5.321928024291992,6.321928024291992,0,1,1,0.7195210456848145,1,1,0.8421850800514221,0,0
SIHDR_158,SIHDR_158_e00.jpg,146,0,train,17.194602966308594,17.194602966308594,18.198251724243164,1.0036487579345703,0,17.194602966308594,17.194602966308594,0,,0,0.8322652578353882,1,,0.8421850800514221,0,
SIHDR_158,SIHDR_158_e01.jpg,146,1,train,16.28771209716797,17.194602966308594,18.153226852416992,0.9586238861083984,0,17.194602966308594,17.194602966308594,0,,0,0.8234212398529053,1,,0.8421850800514221,0,
SIHDR_158,SIHDR_158_e02.jpg,146,2,train,15.872674942016602,17.194602966308594,17.992149353027344,0.79754638671875,0,17.194602966308594,17.194602966308594,0,,0,0.8195000886917114,1,,0.8421850800514221,0,
SIHDR_158,SIHDR_158_e03.jpg,146,3,train,15.287712097167969,17.194602966308594,17.673490524291992,0.47888755798339844,0,17.194602966308594,17.194602966308594,0,,0,0.8140267729759216,1,,0.8421850800514221,0,
SIHDR_158,SIHDR_158_e04.jpg,146,4,train,14.287712097167969,17.194602966308594,17.081878662109375,0.11272430419921875,0,17.194602966308594,17.194602966308594,0,,0,0.804345428943634,1,,0.8421850800514221,0,
SIHDR_158,SIHDR_158_e05.jpg,146,5,train,13.287712097167969,17.194602966308594,16.433162689208984,0.7614402770996094,0,17.194602966308594,17.194602966308594,0,,0,0.7945038676261902,1,,0.8421850800514221,0,
SIHDR_158,SIHDR_158_e06.jpg,146,6,train,12.287712097167969,17.194602966308594,15.753880500793457,1.4407224655151367,0,17.194602966308594,17.194602966308594,0,,0,0.7848747372627258,1,,0.8421850800514221,0,
SIHDR_158,SIHDR_158_e07.jpg,146,7,train,11.287712097167969,17.194602966308594,15.062191009521484,2.1324119567871094,0,17.194602966308594,17.194602966308594,0,,0,0.7752360105514526,1,,0.8421850800514221,0,
SIHDR_158,SIHDR_158_e08.jpg,146,8,train,10.287712097167969,17.194602966308594,14.371318817138672,2.823284149169922,0,17.194602966308594,17.194602966308594,0,,0,0.7654286623001099,1,,0.8421850800514221,0,
SIHDR_158,SIHDR_158_e09.jpg,146,9,train,9.38082218170166,17.194602966308594,13.741874694824219,3.452728271484375,0,17.194602966308594,17.194602966308594,0,,0,0.7561613917350769,1,,0.8421850800514221,0,
SIHDR_158,SIHDR_158_e10.jpg,146,10,train,8.38082218170166,17.194602966308594,13.031295776367188,4.163307189941406,0,17.194602966308594,17.194602966308594,0,,0,0.7455409169197083,1,,0.8421850800514221,0,
SIHDR_158,SIHDR_158_e11.jpg,146,11,train,7.380821704864502,17.194602966308594,12.318174362182617,4.876428604125977,0,17.194602966308594,17.194602966308594,0,,0,0.7345671653747559,1,,0.8421850800514221,0,
SIHDR_158,SIHDR_158_e12.jpg,146,12,train,6.321928024291992,17.194602966308594,11.562641143798828,5.631961822509766,0,17.194602966308594,17.194602966308594,0,,0,0.722635805606842,1,,0.8421850800514221,0,
SIHDR_158,SIHDR_158_e13.jpg,146,13,train,5.321928024291992,17.194602966308594,10.848939895629883,6.345663070678711,0,17.194602966308594,17.194602966308594,0,,0,0.7110757827758789,1,,0.8421850800514221,0,
SIHDR_158,SIHDR_158_e14.jpg,146,14,train,4.321928024291992,17.194602966308594,10.135098457336426,7.059504508972168,0,17.194602966308594,17.194602966308594,0,,0,0.6992495059967041,1,,0.8421850800514221,0,
SIHDR_159,SIHDR_159_e00.jpg,147,0,validation,17.194602966308594,17.194602966308594,16.919416427612305,0.27518653869628906,0,17.194602966308594,17.194602966308594,0,,0,0.8371790051460266,1,,0.8421850800514221,0,
SIHDR_159,SIHDR_159_e01.jpg,147,1,validation,16.28771209716797,17.194602966308594,16.936214447021484,0.2583885192871094,0,17.194602966308594,17.194602966308594,0,,0,0.8261150121688843,1,,0.8421850800514221,0,
SIHDR_159,SIHDR_159_e02.jpg,147,2,validation,15.872674942016602,17.194602966308594,16.909029006958008,0.28557395935058594,0,17.194602966308594,17.194602966308594,0,,0,0.8220062255859375,1,,0.8421850800514221,0,
SIHDR_159,SIHDR_159_e03.jpg,147,3,validation,15.287712097167969,17.194602966308594,16.866283416748047,0.3283195495605469,0,17.194602966308594,17.194602966308594,0,,0,0.8164827227592468,1,,0.8421850800514221,0,
SIHDR_159,SIHDR_159_e04.jpg,147,4,validation,14.287712097167969,17.194602966308594,16.714818954467773,0.4797840118408203,0,17.194602966308594,17.194602966308594,0,,0,0.8068007230758667,1,,0.8421850800514221,0,
SIHDR_159,SIHDR_159_e05.jpg,147,5,validation,13.287712097167969,17.194602966308594,16.29684829711914,0.8977546691894531,0,17.194602966308594,17.194602966308594,0,,0,0.7972660064697266,1,,0.8421850800514221,0,
SIHDR_159,SIHDR_159_e06.jpg,147,6,validation,12.287712097167969,17.194602966308594,15.73788833618164,1.4567146301269531,0,17.194602966308594,17.194602966308594,0,,0,0.7875746488571167,1,,0.8421850800514221,0,
SIHDR_159,SIHDR_159_e07.jpg,147,7,validation,11.287712097167969,17.194602966308594,15.081181526184082,2.1134214401245117,0,17.194602966308594,17.194602966308594,0,,0,0.777675211429596,1,,0.8421850800514221,0,
SIHDR_159,SIHDR_159_e08.jpg,147,8,validation,10.287712097167969,17.194602966308594,14.38077163696289,2.813831329345703,0,17.194602966308594,17.194602966308594,0,,0,0.7675803899765015,1,,0.8421850800514221,0,
SIHDR_159,SIHDR_159_e09.jpg,147,9,validation,9.38082218170166,17.194602966308594,13.73725414276123,3.4573488235473633,0,17.194602966308594,17.194602966308594,0,,0,0.7580041289329529,1,,0.8421850800514221,0,
SIHDR_159,SIHDR_159_e10.jpg,147,10,validation,8.38082218170166,17.194602966308594,13.020584106445312,4.174018859863281,0,17.194602966308594,17.194602966308594,0,,0,0.746678352355957,1,,0.8421850800514221,0,
SIHDR_159,SIHDR_159_e11.jpg,147,11,validation,7.380821704864502,17.194602966308594,12.304255485534668,4.890347480773926,0,17.194602966308594,17.194602966308594,0,,0,0.7351175546646118,1,,0.8421850800514221,0,
SIHDR_159,SIHDR_159_e12.jpg,147,12,validation,6.321928024291992,17.194602966308594,11.549492835998535,5.645110130310059,0,17.194602966308594,17.194602966308594,0,,0,0.7229270339012146,1,,0.8421850800514221,0,
SIHDR_159,SIHDR_159_e13.jpg,147,13,validation,5.321928024291992,17.194602966308594,10.837920188903809,6.356682777404785,0,17.194602966308594,17.194602966308594,0,,0,0.711226761341095,1,,0.8421850800514221,0,
SIHDR_159,SIHDR_159_e14.jpg,147,14,validation,4.321928024291992,17.194602966308594,10.12994384765625,7.064659118652344,0,17.194602966308594,17.194602966308594,0,,0,0.6993542909622192,1,,0.8421850800514221,0,
SIHDR_160,SIHDR_160_e00.jpg,148,0,test,17.194602966308594,17.194602966308594,16.08666229248047,1.107940673828125,0,17.194602966308594,17.194602966308594,0,1,1,0.844923734664917,1,1,0.8421850800514221,1,1
SIHDR_160,SIHDR_160_e01.jpg,148,1,test,16.28771209716797,17.194602966308594,16.484487533569336,0.7101154327392578,0,17.194602966308594,17.194602966308594,0,1,1,0.8323323726654053,1,1,0.8421850800514221,0,0
SIHDR_160,SIHDR_160_e02.jpg,148,2,test,15.872674942016602,17.194602966308594,16.6332950592041,0.5613079071044922,0,17.194602966308594,17.194602966308594,0,1,1,0.8267741203308105,1,1,0.8421850800514221,0,0
SIHDR_160,SIHDR_160_e03.jpg,148,3,test,15.287712097167969,17.194602966308594,16.71070671081543,0.48389625549316406,0,17.194602966308594,17.194602966308594,0,1,1,0.8201587200164795,1,1,0.8421850800514221,0,0
SIHDR_160,SIHDR_160_e04.jpg,148,4,test,14.287712097167969,17.194602966308594,16.550870895385742,0.6437320709228516,0,17.194602966308594,17.194602966308594,0,1,1,0.8099921941757202,1,1,0.8421850800514221,0,0
SIHDR_160,SIHDR_160_e05.jpg,148,5,test,13.287712097167969,17.194602966308594,16.19808006286621,0.9965229034423828,0,17.194602966308594,17.194602966308594,0,1,1,0.7997950315475464,1,1,0.8421850800514221,0,0
SIHDR_160,SIHDR_160_e06.jpg,148,6,test,12.287712097167969,17.194602966308594,15.658171653747559,1.5364313125610352,0,17.194602966308594,17.194602966308594,0,1,1,0.7894426584243774,1,1,0.8421850800514221,0,0
SIHDR_160,SIHDR_160_e07.jpg,148,7,test,11.287712097167969,17.194602966308594,14.9639310836792,2.2306718826293945,0,17.194602966308594,17.194602966308594,0,1,1,0.7783058881759644,1,1,0.8421850800514221,0,0
SIHDR_160,SIHDR_160_e08.jpg,148,8,test,10.287712097167969,17.194602966308594,14.264756202697754,2.92984676361084,0,17.194602966308594,17.194602966308594,0,1,1,0.7666807174682617,1,1,0.8421850800514221,0,0
SIHDR_160,SIHDR_160_e09.jpg,148,9,test,9.38082218170166,17.194602966308594,13.634231567382812,3.5603713989257812,0,17.194602966308594,17.194602966308594,0,1,1,0.7569916844367981,1,1,0.8421850800514221,0,0
SIHDR_160,SIHDR_160_e10.jpg,148,10,test,8.38082218170166,17.194602966308594,12.926841735839844,4.26776123046875,0,17.194602966308594,17.194602966308594,0,1,1,0.7458404898643494,1,1,0.8421850800514221,0,0
SIHDR_160,SIHDR_160_e11.jpg,148,11,test,7.380821704864502,17.194602966308594,12.241844177246094,4.9527587890625,0,17.194602966308594,17.194602966308594,0,1,1,0.7349863648414612,1,1,0.8421850800514221,0,0
SIHDR_160,SIHDR_160_e12.jpg,148,12,test,6.321928024291992,17.194602966308594,11.548795700073242,5.645807266235352,0,17.194602966308594,17.194602966308594,0,1,1,0.7228111624717712,1,1,0.8421850800514221,0,0
SIHDR_160,SIHDR_160_e13.jpg,148,13,test,5.321928024291992,17.194602966308594,10.848541259765625,6.346061706542969,0,17.194602966308594,17.194602966308594,0,1,1,0.7111371755599976,1,1,0.8421850800514221,0,0
SIHDR_160,SIHDR_160_e14.jpg,148,14,test,4.321928024291992,17.194602966308594,10.134822845458984,7.059780120849609,0,17.194602966308594,17.194602966308594,0,1,1,0.6992909908294678,1,1,0.8421850800514221,0,0
SIHDR_161,SIHDR_161_e00.jpg,149,0,train,17.194602966308594,17.194602966308594,15.70516586303711,1.4894371032714844,0,17.194602966308594,17.194602966308594,0,1,1,0.8288875222206116,1,1,0.8421850800514221,0,0
SIHDR_161,SIHDR_161_e01.jpg,149,1,train,16.28771209716797,17.194602966308594,16.23525619506836,0.9593467712402344,0,17.194602966308594,17.194602966308594,0,1,1,0.8226388692855835,1,1,0.8421850800514221,0,0
SIHDR_161,SIHDR_161_e02.jpg,149,2,train,15.872674942016602,17.194602966308594,16.37183952331543,0.8227634429931641,0,17.194602966308594,17.194602966308594,0,1,1,0.8200492262840271,1,1,0.8421850800514221,0,0
SIHDR_161,SIHDR_161_e03.jpg,149,3,train,15.287712097167969,17.194602966308594,16.460535049438477,0.7340679168701172,0,17.194602966308594,17.194602966308594,0,1,1,0.8154412508010864,1,1,0.8421850800514221,0,0
SIHDR_161,SIHDR_161_e04.jpg,149,4,train,14.287712097167969,17.194602966308594,16.32813262939453,0.8664703369140625,0,17.194602966308594,17.194602966308594,0,1,1,0.806868314743042,1,1,0.8421850800514221,0,0
SIHDR_161,SIHDR_161_e05.jpg,149,5,train,13.287712097167969,17.194602966308594,15.903183937072754,1.2914190292358398,0,17.194602966308594,17.194602966308594,0,1,1,0.7980270981788635,1,1,0.8421850800514221,0,0
SIHDR_161,SIHDR_161_e06.jpg,149,6,train,12.287712097167969,17.194602966308594,15.347825050354004,1.8467779159545898,0,17.194602966308594,17.194602966308594,0,1,1,0.7885195016860962,1,1,0.8421850800514221,0,0
SIHDR_161,SIHDR_161_e07.jpg,149,7,train,11.287712097167969,17.194602966308594,14.72873306274414,2.465869903564453,0,17.194602966308594,17.194602966308594,0,1,1,0.7785688042640686,1,1,0.8421850800514221,0,0
SIHDR_161,SIHDR_161_e08.jpg,149,8,train,10.287712097167969,17.194602966308594,14.106207847595215,3.088395118713379,0,17.194602966308594,17.194602966308594,0,1,1,0.7677432894706726,1,1,0.8421850800514221,0,0
SIHDR_161,SIHDR_161_e09.jpg,149,9,train,9.38082218170166,17.194602966308594,13.53441333770752,3.660189628601074,0,17.194602966308594,17.194602966308594,0,1,1,0.7575628161430359,1,1,0.8421850800514221,0,0
SIHDR_161,SIHDR_161_e10.jpg,149,10,train,8.38082218170166,17.194602966308594,12.89226245880127,4.302340507507324,0,17.194602966308594,17.194602966308594,0,1,1,0.7462036609649658,1,1,0.8421850800514221,0,0
SIHDR_161,SIHDR_161_e11.jpg,149,11,train,7.380821704864502,17.194602966308594,12.217215538024902,4.977387428283691,0,17.194602966308594,17.194602966308594,0,1,1,0.734821081161499,1,1,0.8421850800514221,0,0
SIHDR_161,SIHDR_161_e12.jpg,149,12,train,6.321928024291992,17.194602966308594,11.488490104675293,5.706112861633301,0,17.194602966308594,17.194602966308594,0,1,1,0.7228056192398071,1,1,0.8421850800514221,0,0
SIHDR_161,SIHDR_161_e13.jpg,149,13,train,5.321928024291992,17.194602966308594,10.807583808898926,6.387019157409668,0,17.194602966308594,17.194602966308594,0,1,1,0.7112780213356018,1,1,0.8421850800514221,0,0
SIHDR_161,SIHDR_161_e14.jpg,149,14,train,4.321928024291992,17.194602966308594,10.124896049499512,7.069706916809082,0,17.194602966308594,17.194602966308594,0,1,1,0.6993392705917358,1,1,0.8421850800514221,0,0
SIHDR_162,SIHDR_162_e00.jpg,150,0,train,17.194602966308594,17.194602966308594,19.14044189453125,1.9458389282226562,0,15.872674942016602,17.194602966308594,0,0,1,0.8262462615966797,1,0,0.8421850800514221,0,1
SIHDR_162,SIHDR_162_e01.jpg,150,1,train,16.28771209716797,17.194602966308594,18.578121185302734,1.3835182189941406,0,15.872674942016602,17.194602966308594,0,0,1,0.8189694881439209,1,0,0.8421850800514221,0,1
SIHDR_162,SIHDR_162_e02.jpg,150,2,train,15.872674942016602,17.194602966308594,18.305727005004883,1.111124038696289,0,15.872674942016602,17.194602966308594,0,0,1,0.8155918121337891,1,0,0.8421850800514221,0,1
SIHDR_162,SIHDR_162_e03.jpg,150,3,train,15.287712097167969,17.194602966308594,17.913541793823242,0.7189388275146484,0,15.872674942016602,17.194602966308594,0,0,1,0.8107388615608215,1,0,0.8421850800514221,0,1
SIHDR_162,SIHDR_162_e04.jpg,150,4,train,14.287712097167969,17.194602966308594,17.224943161010742,0.030340194702148438,0,15.872674942016602,17.194602966308594,0,0,1,0.8022237420082092,1,0,0.8421850800514221,0,1
SIHDR_162,SIHDR_162_e05.jpg,150,5,train,13.287712097167969,17.194602966308594,16.523231506347656,0.6713714599609375,0,15.872674942016602,17.194602966308594,1,0,1,0.793425977230072,1,0,0.8421850800514221,0,1
SIHDR_162,SIHDR_162_e06.jpg,150,6,train,12.287712097167969,17.194602966308594,15.81570816040039,1.3788948059082031,0,15.872674942016602,17.194602966308594,0,0,1,0.784332275390625,1,0,0.8421850800514221,0,1
SIHDR_162,SIHDR_162_e07.jpg,150,7,train,11.287712097167969,17.194602966308594,15.10537052154541,2.0892324447631836,0,15.872674942016602,17.194602966308594,0,0,1,0.7749471664428711,1,0,0.8421850800514221,0,1
SIHDR_162,SIHDR_162_e08.jpg,150,8,train,10.287712097167969,17.194602966308594,14.393247604370117,2.8013553619384766,0,15.872674942016602,17.194602966308594,0,0,1,0.7652275562286377,1,0,0.8421850800514221,0,1
SIHDR_162,SIHDR_162_e09.jpg,150,9,train,9.38082218170166,17.194602966308594,13.746423721313477,3.448179244995117,0,15.872674942016602,17.194602966308594,0,0,1,0.7560693025588989,1,0,0.8421850800514221,0,1
SIHDR_162,SIHDR_162_e10.jpg,150,10,train,8.38082218170166,17.194602966308594,13.0326566696167,4.1619462966918945,0,15.872674942016602,17.194602966308594,0,0,1,0.745494544506073,1,0,0.8421850800514221,0,1
SIHDR_162,SIHDR_162_e11.jpg,150,11,train,7.380821704864502,17.194602966308594,12.318855285644531,4.8757476806640625,0,15.872674942016602,17.194602966308594,0,0,1,0.7345433831214905,1,0,0.8421850800514221,0,1
SIHDR_162,SIHDR_162_e12.jpg,150,12,train,6.321928024291992,17.194602966308594,11.562968254089355,5.631634712219238,0,15.872674942016602,17.194602966308594,0,0,1,0.7226240634918213,1,0,0.8421850800514221,0,1
SIHDR_162,SIHDR_162_e13.jpg,150,13,train,5.321928024291992,17.194602966308594,10.849102020263672,6.345500946044922,0,15.872674942016602,17.194602966308594,0,0,1,0.7110697627067566,1,0,0.8421850800514221,0,1
SIHDR_162,SIHDR_162_e14.jpg,150,14,train,4.321928024291992,17.194602966308594,10.135177612304688,7.059425354003906,0,15.872674942016602,17.194602966308594,0,0,1,0.6992462873458862,1,0,0.8421850800514221,0,1
SIHDR_163,SIHDR_163_e00.jpg,151,0,train,17.194602966308594,17.194602966308594,16.27698516845703,0.9176177978515625,0,16.28771209716797,17.194602966308594,0,,0,0.8410667777061462,1,,0.8421850800514221,0,
SIHDR_163,SIHDR_163_e01.jpg,151,1,train,16.28771209716797,17.194602966308594,16.881258010864258,0.31334495544433594,0,16.28771209716797,17.194602966308594,1,,0,0.8316546678543091,1,,0.8421850800514221,0,
SIHDR_163,SIHDR_163_e02.jpg,151,2,train,15.872674942016602,17.194602966308594,16.94247817993164,0.2521247863769531,0,16.28771209716797,17.194602966308594,1,,0,0.8269078731536865,1,,0.8421850800514221,0,
SIHDR_163,SIHDR_163_e03.jpg,151,3,train,15.287712097167969,17.194602966308594,17.10845947265625,0.08614349365234375,0,16.28771209716797,17.194602966308594,1,,0,0.8191383481025696,1,,0.8421850800514221,0,
SIHDR_163,SIHDR_163_e04.jpg,151,4,train,14.287712097167969,17.194602966308594,16.874887466430664,0.3197154998779297,0,16.28771209716797,17.194602966308594,1,,0,0.8072905540466309,1,,0.8421850800514221,0,
SIHDR_163,SIHDR_163_e05.jpg,151,5,train,13.287712097167969,17.194602966308594,16.350990295410156,0.8436126708984375,0,16.28771209716797,17.194602966308594,1,,0,0.7963862419128418,1,,0.8421850800514221,0,
SIHDR_163,SIHDR_163_e06.jpg,151,6,train,12.287712097167969,17.194602966308594,15.7210054397583,1.473597526550293,0,16.28771209716797,17.194602966308594,0,,0,0.7860543727874756,1,,0.8421850800514221,0,
SIHDR_163,SIHDR_163_e07.jpg,151,7,train,11.287712097167969,17.194602966308594,15.052984237670898,2.1416187286376953,0,16.28771209716797,17.194602966308594,0,,0,0.7758967876434326,1,,0.8421850800514221,0,
SIHDR_163,SIHDR_163_e08.jpg,151,8,train,10.287712097167969,17.194602966308594,14.363128662109375,2.8314743041992188,0,16.28771209716797,17.194602966308594,0,,0,0.7657380104064941,1,,0.8421850800514221,0,
SIHDR_163,SIHDR_163_e09.jpg,151,9,train,9.38082218170166,17.194602966308594,13.728697776794434,3.46590518951416,0,16.28771209716797,17.194602966308594,0,,0,0.756342351436615,1,,0.8421850800514221,0,
SIHDR_163,SIHDR_163_e10.jpg,151,10,train,8.38082218170166,17.194602966308594,13.023784637451172,4.170818328857422,0,16.28771209716797,17.194602966308594,0,,0,0.745658278465271,1,,0.8421850800514221,0,
SIHDR_163,SIHDR_163_e11.jpg,151,11,train,7.380821704864502,17.194602966308594,12.314566612243652,4.880036354064941,0,16.28771209716797,17.194602966308594,0,,0,0.7346325516700745,1,,0.8421850800514221,0,
SIHDR_163,SIHDR_163_e12.jpg,151,12,train,6.321928024291992,17.194602966308594,11.561674118041992,5.632928848266602,0,16.28771209716797,17.194602966308594,0,,0,0.7226686477661133,1,,0.8421850800514221,0,
SIHDR_163,SIHDR_163_e13.jpg,151,13,train,5.321928024291992,17.194602966308594,10.848858833312988,6.3457441329956055,0,16.28771209716797,17.194602966308594,0,,0,0.7110918760299683,1,,0.8421850800514221,0,
SIHDR_163,SIHDR_163_e14.jpg,151,14,train,4.321928024291992,17.194602966308594,10.135165214538574,7.0594377517700195,0,16.28771209716797,17.194602966308594,0,,0,0.6992565393447876,1,,0.8421850800514221,0,
SIHDR_164,SIHDR_164_e00.jpg,152,0,test,17.194602966308594,17.194602966308594,16.442699432373047,0.7519035339355469,0,17.194602966308594,17.194602966308594,0,1,1,0.8487902283668518,1,1,0.8421850800514221,1,1
SIHDR_164,SIHDR_164_e01.jpg,152,1,test,16.28771209716797,17.194602966308594,16.64766502380371,0.5469379425048828,0,17.194602966308594,17.194602966308594,0,1,1,0.8328872323036194,1,1,0.8421850800514221,0,0
SIHDR_164,SIHDR_164_e02.jpg,152,2,test,15.872674942016602,17.194602966308594,16.60419273376465,0.5904102325439453,0,17.194602966308594,17.194602966308594,0,1,1,0.8262463212013245,1,1,0.8421850800514221,0,0
SIHDR_164,SIHDR_164_e03.jpg,152,3,test,15.287712097167969,17.194602966308594,16.55516242980957,0.6394405364990234,0,17.194602966308594,17.194602966308594,0,1,1,0.8169441223144531,1,1,0.8421850800514221,0,0
SIHDR_164,SIHDR_164_e04.jpg,152,4,test,14.287712097167969,17.194602966308594,16.384572982788086,0.8100299835205078,0,17.194602966308594,17.194602966308594,0,1,1,0.8068934679031372,1,1,0.8421850800514221,0,0
SIHDR_164,SIHDR_164_e05.jpg,152,5,test,13.287712097167969,17.194602966308594,16.139732360839844,1.05487060546875,0,17.194602966308594,17.194602966308594,0,1,1,0.7959074378013611,1,1,0.8421850800514221,0,0
SIHDR_164,SIHDR_164_e06.jpg,152,6,test,12.287712097167969,17.194602966308594,15.615017890930176,1.579585075378418,0,17.194602966308594,17.194602966308594,0,1,1,0.7857012152671814,1,1,0.8421850800514221,0,0
SIHDR_164,SIHDR_164_e07.jpg,152,7,test,11.287712097167969,17.194602966308594,15.008269309997559,2.186333656311035,0,17.194602966308594,17.194602966308594,0,1,1,0.7756800055503845,1,1,0.8421850800514221,0,0
SIHDR_164,SIHDR_164_e08.jpg,152,8,test,10.287712097167969,17.194602966308594,14.346606254577637,2.847996711730957,0,17.194602966308594,17.194602966308594,0,1,1,0.765651524066925,1,1,0.8421850800514221,0,0
SIHDR_164,SIHDR_164_e09.jpg,152,9,test,9.38082218170166,17.194602966308594,13.723971366882324,3.4706315994262695,0,17.194602966308594,17.194602966308594,0,1,1,0.7563192844390869,1,1,0.8421850800514221,0,0
SIHDR_164,SIHDR_164_e10.jpg,152,10,test,8.38082218170166,17.194602966308594,13.025595664978027,4.169007301330566,0,17.194602966308594,17.194602966308594,0,1,1,0.7456017732620239,1,1,0.8421850800514221,0,0
SIHDR_164,SIHDR_164_e11.jpg,152,11,test,7.380821704864502,17.194602966308594,12.316509246826172,4.878093719482422,0,17.194602966308594,17.194602966308594,0,1,1,0.7345960140228271,1,1,0.8421850800514221,0,0
SIHDR_164,SIHDR_164_e12.jpg,152,12,test,6.321928024291992,17.194602966308594,11.562084197998047,5.632518768310547,0,17.194602966308594,17.194602966308594,0,1,1,0.7226490378379822,1,1,0.8421850800514221,0,0
SIHDR_164,SIHDR_164_e13.jpg,152,13,test,5.321928024291992,17.194602966308594,10.84865951538086,6.345943450927734,0,17.194602966308594,17.194602966308594,0,1,1,0.7110825181007385,1,1,0.8421850800514221,0,0
SIHDR_164,SIHDR_164_e14.jpg,152,14,test,4.321928024291992,17.194602966308594,10.13494873046875,7.059654235839844,0,17.194602966308594,17.194602966308594,0,1,1,0.6992536783218384,1,1,0.8421850800514221,0,0
SIHDR_165,SIHDR_165_e00.jpg,153,0,validation,17.194602966308594,17.194602966308594,17.073341369628906,0.1212615966796875,0,17.194602966308594,17.194602966308594,0,,0,0.8474538922309875,1,,0.8421850800514221,1,
SIHDR_165,SIHDR_165_e01.jpg,153,1,validation,16.28771209716797,17.194602966308594,17.522972106933594,0.328369140625,0,17.194602966308594,17.194602966308594,0,,0,0.8342581391334534,1,,0.8421850800514221,0,
SIHDR_165,SIHDR_165_e02.jpg,153,2,validation,15.872674942016602,17.194602966308594,17.524492263793945,0.32988929748535156,0,17.194602966308594,17.194602966308594,0,,0,0.8291193246841431,1,,0.8421850800514221,0,
SIHDR_165,SIHDR_165_e03.jpg,153,3,validation,15.287712097167969,17.194602966308594,17.351762771606445,0.15715980529785156,0,17.194602966308594,17.194602966308594,0,,0,0.8218270540237427,1,,0.8421850800514221,0,
SIHDR_165,SIHDR_165_e04.jpg,153,4,validation,14.287712097167969,17.194602966308594,16.905458450317383,0.28914451599121094,0,17.194602966308594,17.194602966308594,0,,0,0.8093403577804565,1,,0.8421850800514221,0,
SIHDR_165,SIHDR_165_e05.jpg,153,5,validation,13.287712097167969,17.194602966308594,16.35773277282715,0.8368701934814453,0,17.194602966308594,17.194602966308594,0,,0,0.7976377606391907,1,,0.8421850800514221,0,
SIHDR_165,SIHDR_165_e06.jpg,153,6,validation,12.287712097167969,17.194602966308594,15.733420372009277,1.4611825942993164,0,17.194602966308594,17.194602966308594,0,,0,0.7866981029510498,1,,0.8421850800514221,0,
SIHDR_165,SIHDR_165_e07.jpg,153,7,validation,11.287712097167969,17.194602966308594,15.063798904418945,2.1308040618896484,0,17.194602966308594,17.194602966308594,0,,0,0.7762041091918945,1,,0.8421850800514221,0,
SIHDR_165,SIHDR_165_e08.jpg,153,8,validation,10.287712097167969,17.194602966308594,14.371496200561523,2.8231067657470703,0,17.194602966308594,17.194602966308594,0,,0,0.7658795118331909,1,,0.8421850800514221,0,
SIHDR_165,SIHDR_165_e09.jpg,153,9,validation,9.38082218170166,17.194602966308594,13.735428810119629,3.459174156188965,0,17.194602966308594,17.194602966308594,0,,0,0.7564217448234558,1,,0.8421850800514221,0,
SIHDR_165,SIHDR_165_e10.jpg,153,10,validation,8.38082218170166,17.194602966308594,13.02776050567627,4.166842460632324,0,17.194602966308594,17.194602966308594,0,,0,0.7456883788108826,1,,0.8421850800514221,0,
SIHDR_165,SIHDR_165_e11.jpg,153,11,validation,7.380821704864502,17.194602966308594,12.316802024841309,4.877800941467285,0,17.194602966308594,17.194602966308594,0,,0,0.7346452474594116,1,,0.8421850800514221,0,
SIHDR_165,SIHDR_165_e12.jpg,153,12,validation,6.321928024291992,17.194602966308594,11.562417030334473,5.632185935974121,0,17.194602966308594,17.194602966308594,0,,0,0.7226737141609192,1,,0.8421850800514221,0,
SIHDR_165,SIHDR_165_e13.jpg,153,13,validation,5.321928024291992,17.194602966308594,10.848955154418945,6.345647811889648,0,17.194602966308594,17.194602966308594,0,,0,0.711094856262207,1,,0.8421850800514221,0,
SIHDR_165,SIHDR_165_e14.jpg,153,14,validation,4.321928024291992,17.194602966308594,10.135112762451172,7.059490203857422,0,17.194602966308594,17.194602966308594,0,,0,0.6992596387863159,1,,0.8421850800514221,0,
SIHDR_166,SIHDR_166_e00.jpg,154,0,train,17.194602966308594,17.194602966308594,15.868178367614746,1.3264245986938477,0,17.194602966308594,17.194602966308594,0,,0,0.8315967917442322,1,,0.8421850800514221,0,
SIHDR_166,SIHDR_166_e01.jpg,154,1,train,16.28771209716797,17.194602966308594,15.974198341369629,1.2204046249389648,0,17.194602966308594,17.194602966308594,0,,0,0.8224171996116638,1,,0.8421850800514221,0,
SIHDR_166,SIHDR_166_e02.jpg,154,2,train,15.872674942016602,17.194602966308594,16.183481216430664,1.0111217498779297,0,17.194602966308594,17.194602966308594,0,,0,0.8192085027694702,1,,0.8421850800514221,0,
SIHDR_166,SIHDR_166_e03.jpg,154,3,train,15.287712097167969,17.194602966308594,16.427104949951172,0.7674980163574219,0,17.194602966308594,17.194602966308594,0,,0,0.8132941722869873,1,,0.8421850800514221,0,
SIHDR_166,SIHDR_166_e04.jpg,154,4,train,14.287712097167969,17.194602966308594,16.52744483947754,0.6671581268310547,0,17.194602966308594,17.194602966308594,0,,0,0.8038352727890015,1,,0.8421850800514221,0,
SIHDR_166,SIHDR_166_e05.jpg,154,5,train,13.287712097167969,17.194602966308594,16.242021560668945,0.9525814056396484,0,17.194602966308594,17.194602966308594,0,,0,0.7940446138381958,1,,0.8421850800514221,0,
SIHDR_166,SIHDR_166_e06.jpg,154,6,train,12.287712097167969,17.194602966308594,15.668684959411621,1.5259180068969727,0,17.194602966308594,17.194602966308594,0,,0,0.784371018409729,1,,0.8421850800514221,0,
SIHDR_166,SIHDR_166_e07.jpg,154,7,train,11.287712097167969,17.194602966308594,15.003897666931152,2.1907052993774414,0,17.194602966308594,17.194602966308594,0,,0,0.7748462557792664,1,,0.8421850800514221,0,
SIHDR_166,SIHDR_166_e08.jpg,154,8,train,10.287712097167969,17.194602966308594,14.332056045532227,2.862546920776367,0,17.194602966308594,17.194602966308594,0,,0,0.7651039958000183,1,,0.8421850800514221,0,
SIHDR_166,SIHDR_166_e09.jpg,154,9,train,9.38082218170166,17.194602966308594,13.704554557800293,3.490048408508301,0,17.194602966308594,17.194602966308594,0,,0,0.7559453248977661,1,,0.8421850800514221,0,
SIHDR_166,SIHDR_166_e10.jpg,154,10,train,8.38082218170166,17.194602966308594,13.004137992858887,4.190464973449707,0,17.194602966308594,17.194602966308594,0,,0,0.7454039454460144,1,,0.8421850800514221,0,
SIHDR_166,SIHDR_166_e11.jpg,154,11,train,7.380821704864502,17.194602966308594,12.300230026245117,4.894372940063477,0,17.194602966308594,17.194602966308594,0,,0,0.7345038056373596,1,,0.8421850800514221,0,
SIHDR_166,SIHDR_166_e12.jpg,154,12,train,6.321928024291992,17.194602966308594,11.554241180419922,5.640361785888672,0,17.194602966308594,17.194602966308594,0,,0,0.7226189970970154,1,,0.8421850800514221,0,
SIHDR_166,SIHDR_166_e13.jpg,154,13,train,5.321928024291992,17.194602966308594,10.845532417297363,6.3490705490112305,0,17.194602966308594,17.194602966308594,0,,0,0.7110543251037598,1,,0.8421850800514221,0,
SIHDR_166,SIHDR_166_e14.jpg,154,14,train,4.321928024291992,17.194602966308594,10.132878303527832,7.061724662780762,0,17.194602966308594,17.194602966308594,0,,0,0.6992397904396057,1,,0.8421850800514221,0,
SIHDR_167,SIHDR_167_e00.jpg,155,0,train,17.194602966308594,17.194602966308594,17.20139503479004,0.0067920684814453125,0,17.194602966308594,17.194602966308594,0,1,1,0.8399122953414917,1,1,0.8421850800514221,0,0
SIHDR_167,SIHDR_167_e01.jpg,155,1,train,16.28771209716797,17.194602966308594,17.073457717895508,0.12114524841308594,0,17.194602966308594,17.194602966308594,0,1,1,0.8308278322219849,1,1,0.8421850800514221,0,0
SIHDR_167,SIHDR_167_e02.jpg,155,2,train,15.872674942016602,17.194602966308594,16.991743087768555,0.20285987854003906,0,17.194602966308594,17.194602966308594,0,1,1,0.8247482776641846,1,1,0.8421850800514221,0,0
SIHDR_167,SIHDR_167_e03.jpg,155,3,train,15.287712097167969,17.194602966308594,16.837491989135742,0.35711097717285156,0,17.194602966308594,17.194602966308594,0,1,1,0.8195422291755676,1,1,0.8421850800514221,0,0
SIHDR_167,SIHDR_167_e04.jpg,155,4,train,14.287712097167969,17.194602966308594,16.740297317504883,0.45430564880371094,0,17.194602966308594,17.194602966308594,0,1,1,0.8072797060012817,1,1,0.8421850800514221,0,0
SIHDR_167,SIHDR_167_e05.jpg,155,5,train,13.287712097167969,17.194602966308594,16.348712921142578,0.8458900451660156,0,17.194602966308594,17.194602966308594,0,1,1,0.7954694628715515,1,1,0.8421850800514221,0,0
SIHDR_167,SIHDR_167_e06.jpg,155,6,train,12.287712097167969,17.194602966308594,15.675904273986816,1.5186986923217773,0,17.194602966308594,17.194602966308594,0,1,1,0.7851415872573853,1,1,0.8421850800514221,0,0
SIHDR_167,SIHDR_167_e07.jpg,155,7,train,11.287712097167969,17.194602966308594,15.023259162902832,2.1713438034057617,0,17.194602966308594,17.194602966308594,0,1,1,0.7754064798355103,1,1,0.8421850800514221,0,0
SIHDR_167,SIHDR_167_e08.jpg,155,8,train,10.287712097167969,17.194602966308594,14.374194145202637,2.820408821105957,0,17.194602966308594,17.194602966308594,0,1,1,0.7652641534805298,1,1,0.8421850800514221,0,0
SIHDR_167,SIHDR_167_e09.jpg,155,9,train,9.38082218170166,17.194602966308594,13.737825393676758,3.456777572631836,0,17.194602966308594,17.194602966308594,0,1,1,0.7560461759567261,1,1,0.8421850800514221,0,0
SIHDR_167,SIHDR_167_e10.jpg,155,10,train,8.38082218170166,17.194602966308594,13.027234077453613,4.1673688888549805,0,17.194602966308594,17.194602966308594,0,1,1,0.7454650402069092,1,1,0.8421850800514221,0,0
SIHDR_167,SIHDR_167_e11.jpg,155,11,train,7.380821704864502,17.194602966308594,12.3153715133667,4.8792314529418945,0,17.194602966308594,17.194602966308594,0,1,1,0.7345290780067444,1,1,0.8421850800514221,0,0
SIHDR_167,SIHDR_167_e12.jpg,155,12,train,6.321928024291992,17.194602966308594,11.56079387664795,5.6338090896606445,0,17.194602966308594,17.194602966308594,0,1,1,0.7226165533065796,1,1,0.8421850800514221,0,0
SIHDR_167,SIHDR_167_e13.jpg,155,13,train,5.321928024291992,17.194602966308594,10.847957611083984,6.346645355224609,0,17.194602966308594,17.194602966308594,0,1,1,0.7110689878463745,1,1,0.8421850800514221,0,0
SIHDR_167,SIHDR_167_e14.jpg,155,14,train,4.321928024291992,17.194602966308594,10.13487720489502,7.059725761413574,0,17.194602966308594,17.194602966308594,0,1,1,0.699244499206543,1,1,0.8421850800514221,0,0
SIHDR_168,SIHDR_168_e00.jpg,156,0,train,17.194602966308594,17.194602966308594,17.112089157104492,0.08251380920410156,0,17.194602966308594,17.194602966308594,0,,0,0.8386934995651245,1,,0.8421850800514221,0,
SIHDR_168,SIHDR_168_e01.jpg,156,1,train,16.28771209716797,17.194602966308594,17.045473098754883,0.14912986755371094,0,17.194602966308594,17.194602966308594,0,,0,0.8279378414154053,1,,0.8421850800514221,0,
SIHDR_168,SIHDR_168_e02.jpg,156,2,train,15.872674942016602,17.194602966308594,17.038734436035156,0.1558685302734375,0,17.194602966308594,17.194602966308594,0,,0,0.8231229186058044,1,,0.8421850800514221,0,
SIHDR_168,SIHDR_168_e03.jpg,156,3,train,15.287712097167969,17.194602966308594,17.21637725830078,0.0217742919921875,0,17.194602966308594,17.194602966308594,0,,0,0.8155338168144226,1,,0.8421850800514221,0,
SIHDR_168,SIHDR_168_e04.jpg,156,4,train,14.287712097167969,17.194602966308594,16.923765182495117,0.27083778381347656,0,17.194602966308594,17.194602966308594,0,,0,0.8047691583633423,1,,0.8421850800514221,0,
SIHDR_168,SIHDR_168_e05.jpg,156,5,train,13.287712097167969,17.194602966308594,16.40696907043457,0.7876338958740234,0,17.194602966308594,17.194602966308594,0,,0,0.7946513295173645,1,,0.8421850800514221,0,
SIHDR_168,SIHDR_168_e06.jpg,156,6,train,12.287712097167969,17.194602966308594,15.765357971191406,1.4292449951171875,0,17.194602966308594,17.194602966308594,0,,0,0.784820556640625,1,,0.8421850800514221,0,
SIHDR_168,SIHDR_168_e07.jpg,156,7,train,11.287712097167969,17.194602966308594,15.076750755310059,2.117852210998535,0,17.194602966308594,17.194602966308594,0,,0,0.7751065492630005,1,,0.8421850800514221,0,
SIHDR_168,SIHDR_168_e08.jpg,156,8,train,10.287712097167969,17.194602966308594,14.374911308288574,2.8196916580200195,0,17.194602966308594,17.194602966308594,0,,0,0.7652305960655212,1,,0.8421850800514221,0,
SIHDR_168,SIHDR_168_e09.jpg,156,9,train,9.38082218170166,17.194602966308594,13.734273910522461,3.460329055786133,0,17.194602966308594,17.194602966308594,0,,0,0.7560350298881531,1,,0.8421850800514221,0,
SIHDR_168,SIHDR_168_e10.jpg,156,10,train,8.38082218170166,17.194602966308594,13.026650428771973,4.167952537536621,0,17.194602966308594,17.194602966308594,0,,0,0.7454521059989929,1,,0.8421850800514221,0,
SIHDR_168,SIHDR_168_e11.jpg,156,11,train,7.380821704864502,17.194602966308594,12.315561294555664,4.87904167175293,0,17.194602966308594,17.194602966308594,0,,0,0.7345207929611206,1,,0.8421850800514221,0,
SIHDR_168,SIHDR_168_e12.jpg,156,12,train,6.321928024291992,17.194602966308594,11.561066627502441,5.633536338806152,0,17.194602966308594,17.194602966308594,0,,0,0.7226145267486572,1,,0.8421850800514221,0,
SIHDR_168,SIHDR_168_e13.jpg,156,13,train,5.321928024291992,17.194602966308594,10.848016738891602,6.346586227416992,0,17.194602966308594,17.194602966308594,0,,0,0.7110636234283447,1,,0.8421850800514221,0,
SIHDR_168,SIHDR_168_e14.jpg,156,14,train,4.321928024291992,17.194602966308594,10.134589195251465,7.060013771057129,0,17.194602966308594,17.194602966308594,0,,0,0.6992470622062683,1,,0.8421850800514221,0,
SIHDR_169,SIHDR_169_e00.jpg,157,0,validation,17.194602966308594,17.194602966308594,19.02025032043457,1.8256473541259766,0,17.194602966308594,17.194602966308594,0,0,1,0.8286358714103699,1,0,0.8421850800514221,0,1
SIHDR_169,SIHDR_169_e01.jpg,157,1,validation,16.28771209716797,17.194602966308594,18.542749404907227,1.3481464385986328,0,17.194602966308594,17.194602966308594,0,0,1,0.8201097846031189,1,0,0.8421850800514221,0,1
SIHDR_169,SIHDR_169_e02.jpg,157,2,validation,15.872674942016602,17.194602966308594,18.286195755004883,1.091592788696289,0,17.194602966308594,17.194602966308594,0,0,1,0.8163589835166931,1,0,0.8421850800514221,0,1
SIHDR_169,SIHDR_169_e03.jpg,157,3,validation,15.287712097167969,17.194602966308594,17.902280807495117,0.7076778411865234,0,17.194602966308594,17.194602966308594,0,0,1,0.8111566305160522,1,0,0.8421850800514221,0,1
SIHDR_169,SIHDR_169_e04.jpg,157,4,validation,14.287712097167969,17.194602966308594,17.219696044921875,0.02509307861328125,0,17.194602966308594,17.194602966308594,0,0,1,0.802416205406189,1,0,0.8421850800514221,0,1
SIHDR_169,SIHDR_169_e05.jpg,157,5,validation,13.287712097167969,17.194602966308594,16.518930435180664,0.6756725311279297,0,17.194602966308594,17.194602966308594,0,0,1,0.7935112118721008,1,0,0.8421850800514221,0,1
SIHDR_169,SIHDR_169_e06.jpg,157,6,validation,12.287712097167969,17.194602966308594,15.811787605285645,1.3828153610229492,0,17.194602966308594,17.194602966308594,0,0,1,0.7843891382217407,1,0,0.8421850800514221,0,1
SIHDR_169,SIHDR_169_e07.jpg,157,7,validation,11.287712097167969,17.194602966308594,15.101058006286621,2.0935449600219727,0,17.194602966308594,17.194602966308594,0,0,1,0.7749569416046143,1,0,0.8421850800514221,0,1
SIHDR_169,SIHDR_169_e08.jpg,157,8,validation,10.287712097167969,17.194602966308594,14.389421463012695,2.8051815032958984,0,17.194602966308594,17.194602966308594,0,0,1,0.765255868434906,1,0,0.8421850800514221,0,1
SIHDR_169,SIHDR_169_e09.jpg,157,9,validation,9.38082218170166,17.194602966308594,13.746319770812988,3.4482831954956055,0,17.194602966308594,17.194602966308594,0,0,1,0.7560784220695496,1,0,0.8421850800514221,0,1
SIHDR_169,SIHDR_169_e10.jpg,157,10,validation,8.38082218170166,17.194602966308594,13.032683372497559,4.161919593811035,0,17.194602966308594,17.194602966308594,0,0,1,0.7454981803894043,1,0,0.8421850800514221,0,1
SIHDR_169,SIHDR_169_e11.jpg,157,11,validation,7.380821704864502,17.194602966308594,12.318909645080566,4.875693321228027,0,17.194602966308594,17.194602966308594,0,0,1,0.734545111656189,1,0,0.8421850800514221,0,1
SIHDR_169,SIHDR_169_e12.jpg,157,12,validation,6.321928024291992,17.194602966308594,11.563000679016113,5.6316022872924805,0,17.194602966308594,17.194602966308594,0,0,1,0.7226248979568481,1,0,0.8421850800514221,0,1
SIHDR_169,SIHDR_169_e13.jpg,157,13,validation,5.321928024291992,17.194602966308594,10.84911823272705,6.345484733581543,0,17.194602966308594,17.194602966308594,0,0,1,0.7110702395439148,1,0,0.8421850800514221,0,1
SIHDR_169,SIHDR_169_e14.jpg,157,14,validation,4.321928024291992,17.194602966308594,10.135187149047852,7.059415817260742,0,17.194602966308594,17.194602966308594,0,0,1,0.699246346950531,1,0,0.8421850800514221,0,1
SIHDR_170,SIHDR_170_e00.jpg,158,0,test,17.194602966308594,17.194602966308594,16.641307830810547,0.5532951354980469,0,17.194602966308594,17.194602966308594,0,,0,0.841683030128479,1,,0.8421850800514221,0,
SIHDR_170,SIHDR_170_e01.jpg,158,1,test,16.28771209716797,17.194602966308594,16.714324951171875,0.48027801513671875,0,17.194602966308594,17.194602966308594,0,,0,0.8282023072242737,1,,0.8421850800514221,0,
SIHDR_170,SIHDR_170_e02.jpg,158,2,test,15.872674942016602,17.194602966308594,16.64286231994629,0.5517406463623047,0,17.194602966308594,17.194602966308594,0,,0,0.8221019506454468,1,,0.8421850800514221,0,
SIHDR_170,SIHDR_170_e03.jpg,158,3,test,15.287712097167969,17.194602966308594,16.513648986816406,0.6809539794921875,0,17.194602966308594,17.194602966308594,0,,0,0.8181447386741638,1,,0.8421850800514221,0,
SIHDR_170,SIHDR_170_e04.jpg,158,4,test,14.287712097167969,17.194602966308594,16.61341667175293,0.5811862945556641,0,17.194602966308594,17.194602966308594,0,,0,0.808390200138092,1,,0.8421850800514221,0,
SIHDR_170,SIHDR_170_e05.jpg,158,5,test,13.287712097167969,17.194602966308594,16.32728385925293,0.8673191070556641,0,17.194602966308594,17.194602966308594,0,,0,0.7968062162399292,1,,0.8421850800514221,0,
SIHDR_170,SIHDR_170_e06.jpg,158,6,test,12.287712097167969,17.194602966308594,15.687206268310547,1.5073966979980469,0,17.194602966308594,17.194602966308594,0,,0,0.7861977815628052,1,,0.8421850800514221,0,
SIHDR_170,SIHDR_170_e07.jpg,158,7,test,11.287712097167969,17.194602966308594,15.02403736114502,2.170565605163574,0,17.194602966308594,17.194602966308594,0,,0,0.775927722454071,1,,0.8421850800514221,0,
SIHDR_170,SIHDR_170_e08.jpg,158,8,test,10.287712097167969,17.194602966308594,14.337691307067871,2.8569116592407227,0,17.194602966308594,17.194602966308594,0,,0,0.7657841444015503,1,,0.8421850800514221,0,
SIHDR_170,SIHDR_170_e09.jpg,158,9,test,9.38082218170166,17.194602966308594,13.70789909362793,3.486703872680664,0,17.194602966308594,17.194602966308594,0,,0,0.7563788294792175,1,,0.8421850800514221,0,
SIHDR_170,SIHDR_170_e10.jpg,158,10,test,8.38082218170166,17.194602966308594,13.014299392700195,4.180303573608398,0,17.194602966308594,17.194602966308594,0,,0,0.7456947565078735,1,,0.8421850800514221,0,
SIHDR_170,SIHDR_170_e11.jpg,158,11,test,7.380821704864502,17.194602966308594,12.314209938049316,4.880393028259277,0,17.194602966308594,17.194602966308594,0,,0,0.73463374376297,1,,0.8421850800514221,0,
SIHDR_170,SIHDR_170_e12.jpg,158,12,test,6.321928024291992,17.194602966308594,11.561394691467285,5.633208274841309,0,17.194602966308594,17.194602966308594,0,,0,0.7226662039756775,1,,0.8421850800514221,0,
SIHDR_170,SIHDR_170_e13.jpg,158,13,test,5.321928024291992,17.194602966308594,10.848347663879395,6.346255302429199,0,17.194602966308594,17.194602966308594,0,,0,0.7110915184020996,1,,0.8421850800514221,0,
SIHDR_170,SIHDR_170_e14.jpg,158,14,test,4.321928024291992,17.194602966308594,10.1348237991333,7.059779167175293,0,17.194602966308594,17.194602966308594,0,,0,0.6992582082748413,1,,0.8421850800514221,0,
SIHDR_171,SIHDR_171_e00.jpg,159,0,validation,17.194602966308594,17.194602966308594,15.629788398742676,1.564814567565918,0,16.28771209716797,17.194602966308594,0,1,1,0.8549073934555054,1,1,0.8421850800514221,1,1
SIHDR_171,SIHDR_171_e01.jpg,159,1,validation,16.28771209716797,17.194602966308594,15.557818412780762,1.636784553527832,0,16.28771209716797,17.194602966308594,0,1,1,0.8377752304077148,1,1,0.8421850800514221,0,0
SIHDR_171,SIHDR_171_e02.jpg,159,2,validation,15.872674942016602,17.194602966308594,15.52335262298584,1.671250343322754,0,16.28771209716797,17.194602966308594,0,1,1,0.8301678895950317,1,1,0.8421850800514221,0,0
SIHDR_171,SIHDR_171_e03.jpg,159,3,validation,15.287712097167969,17.194602966308594,15.468985557556152,1.7256174087524414,0,16.28771209716797,17.194602966308594,0,1,1,0.8219913840293884,1,1,0.8421850800514221,0,0
SIHDR_171,SIHDR_171_e04.jpg,159,4,validation,14.287712097167969,17.194602966308594,15.720850944519043,1.4737520217895508,0,16.28771209716797,17.194602966308594,0,1,1,0.8115237951278687,1,1,0.8421850800514221,0,0
SIHDR_171,SIHDR_171_e05.jpg,159,5,validation,13.287712097167969,17.194602966308594,15.946610450744629,1.2479925155639648,0,16.28771209716797,17.194602966308594,0,1,1,0.7988343834877014,1,1,0.8421850800514221,0,0
SIHDR_171,SIHDR_171_e06.jpg,159,6,validation,12.287712097167969,17.194602966308594,15.542427062988281,1.6521759033203125,0,16.28771209716797,17.194602966308594,0,1,1,0.787134051322937,1,1,0.8421850800514221,0,0
SIHDR_171,SIHDR_171_e07.jpg,159,7,validation,11.287712097167969,17.194602966308594,14.930245399475098,2.264357566833496,0,16.28771209716797,17.194602966308594,0,1,1,0.7765050530433655,1,1,0.8421850800514221,0,0
SIHDR_171,SIHDR_171_e08.jpg,159,8,validation,10.287712097167969,17.194602966308594,14.273478507995605,2.9211244583129883,0,16.28771209716797,17.194602966308594,0,1,1,0.7660551071166992,1,1,0.8421850800514221,0,0
SIHDR_171,SIHDR_171_e09.jpg,159,9,validation,9.38082218170166,17.194602966308594,13.66823673248291,3.5263662338256836,0,16.28771209716797,17.194602966308594,0,1,1,0.7566612958908081,1,1,0.8421850800514221,0,0
SIHDR_171,SIHDR_171_e10.jpg,159,10,validation,8.38082218170166,17.194602966308594,13.004796028137207,4.189806938171387,0,16.28771209716797,17.194602966308594,0,1,1,0.7457631826400757,1,1,0.8421850800514221,0,0
SIHDR_171,SIHDR_171_e11.jpg,159,11,validation,7.380821704864502,17.194602966308594,12.307900428771973,4.886702537536621,0,16.28771209716797,17.194602966308594,0,1,1,0.734672486782074,1,1,0.8421850800514221,0,0
SIHDR_171,SIHDR_171_e12.jpg,159,12,validation,6.321928024291992,17.194602966308594,11.558209419250488,5.6363935470581055,0,16.28771209716797,17.194602966308594,0,1,1,0.7226904034614563,1,1,0.8421850800514221,0,0
SIHDR_171,SIHDR_171_e13.jpg,159,13,validation,5.321928024291992,17.194602966308594,10.8473482131958,6.347254753112793,0,16.28771209716797,17.194602966308594,0,1,1,0.711103618144989,1,1,0.8421850800514221,0,0
SIHDR_171,SIHDR_171_e14.jpg,159,14,validation,4.321928024291992,17.194602966308594,10.134566307067871,7.060036659240723,0,16.28771209716797,17.194602966308594,0,1,1,0.6992608904838562,1,1,0.8421850800514221,0,0
SIHDR_172,SIHDR_172_e00.jpg,160,0,train,17.194602966308594,17.194602966308594,14.858416557312012,2.336186408996582,0,15.872674942016602,17.194602966308594,0,1,1,0.8731624484062195,1,1,0.8421850800514221,1,1
SIHDR_172,SIHDR_172_e01.jpg,160,1,train,16.28771209716797,17.194602966308594,15.08804702758789,2.106555938720703,0,15.872674942016602,17.194602966308594,0,1,1,0.8633098006248474,1,1,0.8421850800514221,1,1
SIHDR_172,SIHDR_172_e02.jpg,160,2,train,15.872674942016602,17.194602966308594,15.310093879699707,1.8845090866088867,0,15.872674942016602,17.194602966308594,0,1,1,0.8580921292304993,1,1,0.8421850800514221,1,1
SIHDR_172,SIHDR_172_e03.jpg,160,3,train,15.287712097167969,17.194602966308594,15.639446258544922,1.5551567077636719,0,15.872674942016602,17.194602966308594,0,1,1,0.8509413599967957,1,1,0.8421850800514221,1,1
SIHDR_172,SIHDR_172_e04.jpg,160,4,train,14.287712097167969,17.194602966308594,15.908095359802246,1.2865076065063477,0,15.872674942016602,17.194602966308594,1,1,1,0.8415771722793579,1,1,0.8421850800514221,0,0
SIHDR_172,SIHDR_172_e05.jpg,160,5,train,13.287712097167969,17.194602966308594,15.99815845489502,1.1964445114135742,0,15.872674942016602,17.194602966308594,1,1,1,0.8262240886688232,1,1,0.8421850800514221,0,0
SIHDR_172,SIHDR_172_e06.jpg,160,6,train,12.287712097167969,17.194602966308594,15.460086822509766,1.7345161437988281,0,15.872674942016602,17.194602966308594,0,1,1,0.8012593984603882,1,1,0.8421850800514221,0,0
SIHDR_172,SIHDR_172_e07.jpg,160,7,train,11.287712097167969,17.194602966308594,14.831055641174316,2.3635473251342773,0,15.872674942016602,17.194602966308594,0,1,1,0.7837396860122681,1,1,0.8421850800514221,0,0
SIHDR_172,SIHDR_172_e08.jpg,160,8,train,10.287712097167969,17.194602966308594,14.173056602478027,3.0215463638305664,0,15.872674942016602,17.194602966308594,0,1,1,0.7696695923805237,1,1,0.8421850800514221,0,0
SIHDR_172,SIHDR_172_e09.jpg,160,9,train,9.38082218170166,17.194602966308594,13.577472686767578,3.6171302795410156,0,15.872674942016602,17.194602966308594,0,1,1,0.7587384581565857,1,1,0.8421850800514221,0,0
SIHDR_172,SIHDR_172_e10.jpg,160,10,train,8.38082218170166,17.194602966308594,12.965442657470703,4.229160308837891,0,15.872674942016602,17.194602966308594,0,1,1,0.747128963470459,1,1,0.8421850800514221,0,0
SIHDR_172,SIHDR_172_e11.jpg,160,11,train,7.380821704864502,17.194602966308594,12.302151679992676,4.892451286315918,0,15.872674942016602,17.194602966308594,0,1,1,0.7353264093399048,1,1,0.8421850800514221,0,0
SIHDR_172,SIHDR_172_e12.jpg,160,12,train,6.321928024291992,17.194602966308594,11.555397033691406,5.6392059326171875,0,15.872674942016602,17.194602966308594,0,1,1,0.7230169177055359,1,1,0.8421850800514221,0,0
SIHDR_172,SIHDR_172_e13.jpg,160,13,train,5.321928024291992,17.194602966308594,10.845752716064453,6.348850250244141,0,15.872674942016602,17.194602966308594,0,1,1,0.7112701535224915,1,1,0.8421850800514221,0,0
SIHDR_172,SIHDR_172_e14.jpg,160,14,train,4.321928024291992,17.194602966308594,10.133587837219238,7.0610151290893555,0,15.872674942016602,17.194602966308594,0,1,1,0.6993562579154968,1,1,0.8421850800514221,0,0
SIHDR_173,SIHDR_173_e00.jpg,161,0,train,17.194602966308594,17.194602966308594,15.991217613220215,1.203385353088379,0,17.194602966308594,17.194602966308594,0,1,1,0.8380274772644043,1,1,0.8421850800514221,0,0
SIHDR_173,SIHDR_173_e01.jpg,161,1,train,16.28771209716797,17.194602966308594,16.303932189941406,0.8906707763671875,0,17.194602966308594,17.194602966308594,0,1,1,0.82676100730896,1,1,0.8421850800514221,0,0
SIHDR_173,SIHDR_173_e02.jpg,161,2,train,15.872674942016602,17.194602966308594,16.460556030273438,0.7340469360351562,0,17.194602966308594,17.194602966308594,0,1,1,0.821843683719635,1,1,0.8421850800514221,0,0
SIHDR_173,SIHDR_173_e03.jpg,161,3,train,15.287712097167969,17.194602966308594,16.615236282348633,0.5793666839599609,0,17.194602966308594,17.194602966308594,0,1,1,0.8148195743560791,1,1,0.8421850800514221,0,0
SIHDR_173,SIHDR_173_e04.jpg,161,4,train,14.287712097167969,17.194602966308594,16.43889617919922,0.755706787109375,0,17.194602966308594,17.194602966308594,0,1,1,0.8042269349098206,1,1,0.8421850800514221,0,0
SIHDR_173,SIHDR_173_e05.jpg,161,5,train,13.287712097167969,17.194602966308594,15.99670696258545,1.1978960037231445,0,17.194602966308594,17.194602966308594,0,1,1,0.7946369647979736,1,1,0.8421850800514221,0,0
SIHDR_173,SIHDR_173_e06.jpg,161,6,train,12.287712097167969,17.194602966308594,15.494915008544922,1.6996879577636719,0,17.194602966308594,17.194602966308594,0,1,1,0.7851670980453491,1,1,0.8421850800514221,0,0
SIHDR_173,SIHDR_173_e07.jpg,161,7,train,11.287712097167969,17.194602966308594,14.9181489944458,2.276453971862793,0,17.194602966308594,17.194602966308594,0,1,1,0.7754707336425781,1,1,0.8421850800514221,0,0
SIHDR_173,SIHDR_173_e08.jpg,161,8,train,10.287712097167969,17.194602966308594,14.27625846862793,2.918344497680664,0,17.194602966308594,17.194602966308594,0,1,1,0.7656105756759644,1,1,0.8421850800514221,0,0
SIHDR_173,SIHDR_173_e09.jpg,161,9,train,9.38082218170166,17.194602966308594,13.672928810119629,3.521674156188965,0,17.194602966308594,17.194602966308594,0,1,1,0.7563586831092834,1,1,0.8421850800514221,0,0
SIHDR_173,SIHDR_173_e10.jpg,161,10,train,8.38082218170166,17.194602966308594,12.996102333068848,4.198500633239746,0,17.194602966308594,17.194602966308594,0,1,1,0.7457159161567688,1,1,0.8421850800514221,0,0
SIHDR_173,SIHDR_173_e11.jpg,161,11,train,7.380821704864502,17.194602966308594,12.306153297424316,4.888449668884277,0,17.194602966308594,17.194602966308594,0,1,1,0.7346503138542175,1,1,0.8421850800514221,0,0
SIHDR_173,SIHDR_173_e12.jpg,161,12,train,6.321928024291992,17.194602966308594,11.558467864990234,5.636135101318359,0,17.194602966308594,17.194602966308594,0,1,1,0.7226706743240356,1,1,0.8421850800514221,0,0
SIHDR_173,SIHDR_173_e13.jpg,161,13,train,5.321928024291992,17.194602966308594,10.847044944763184,6.34755802154541,0,17.194602966308594,17.194602966308594,0,1,1,0.7110950946807861,1,1,0.8421850800514221,0,0
SIHDR_173,SIHDR_173_e14.jpg,161,14,train,4.321928024291992,17.194602966308594,10.134381294250488,7.0602216720581055,0,17.194602966308594,17.194602966308594,0,1,1,0.6992554068565369,1,1,0.8421850800514221,0,0
SIHDR_174,SIHDR_174_e00.jpg,162,0,train,17.194602966308594,17.194602966308594,17.425458908081055,0.23085594177246094,0,17.194602966308594,17.194602966308594,0,,0,0.8383333086967468,1,,0.8421850800514221,0,
SIHDR_174,SIHDR_174_e01.jpg,162,1,train,16.28771209716797,17.194602966308594,17.7152099609375,0.5206069946289062,0,17.194602966308594,17.194602966308594,0,,0,0.8279322385787964,1,,0.8421850800514221,0,
SIHDR_174,SIHDR_174_e02.jpg,162,2,train,15.872674942016602,17.194602966308594,17.767322540283203,0.5727195739746094,0,17.194602966308594,17.194602966308594,0,,0,0.8230919241905212,1,,0.8421850800514221,0,
SIHDR_174,SIHDR_174_e03.jpg,162,3,train,15.287712097167969,17.194602966308594,17.613401412963867,0.41879844665527344,0,17.194602966308594,17.194602966308594,0,,0,0.816547155380249,1,,0.8421850800514221,0,
SIHDR_174,SIHDR_174_e04.jpg,162,4,train,14.287712097167969,17.194602966308594,17.0753116607666,0.11929130554199219,0,17.194602966308594,17.194602966308594,0,,0,0.8062689304351807,1,,0.8421850800514221,0,
SIHDR_174,SIHDR_174_e05.jpg,162,5,train,13.287712097167969,17.194602966308594,16.43613624572754,0.7584667205810547,0,17.194602966308594,17.194602966308594,0,,0,0.7958995699882507,1,,0.8421850800514221,0,
SIHDR_174,SIHDR_174_e06.jpg,162,6,train,12.287712097167969,17.194602966308594,15.759004592895508,1.435598373413086,0,17.194602966308594,17.194602966308594,0,,0,0.7857206463813782,1,,0.8421850800514221,0,
SIHDR_174,SIHDR_174_e07.jpg,162,7,train,11.287712097167969,17.194602966308594,15.06762981414795,2.1269731521606445,0,17.194602966308594,17.194602966308594,0,,0,0.7757282257080078,1,,0.8421850800514221,0,
SIHDR_174,SIHDR_174_e08.jpg,162,8,train,10.287712097167969,17.194602966308594,14.369813919067383,2.824789047241211,0,17.194602966308594,17.194602966308594,0,,0,0.7656617760658264,1,,0.8421850800514221,0,
SIHDR_174,SIHDR_174_e09.jpg,162,9,train,9.38082218170166,17.194602966308594,13.733061790466309,3.461541175842285,0,17.194602966308594,17.194602966308594,0,,0,0.7563366293907166,1,,0.8421850800514221,0,
SIHDR_174,SIHDR_174_e10.jpg,162,10,train,8.38082218170166,17.194602966308594,13.027644157409668,4.166958808898926,0,17.194602966308594,17.194602966308594,0,,0,0.7456346750259399,1,,0.8421850800514221,0,
SIHDR_174,SIHDR_174_e11.jpg,162,11,train,7.380821704864502,17.194602966308594,12.31667423248291,4.877928733825684,0,17.194602966308594,17.194602966308594,0,,0,0.7346205711364746,1,,0.8421850800514221,0,
SIHDR_174,SIHDR_174_e12.jpg,162,12,train,6.321928024291992,17.194602966308594,11.562118530273438,5.632484436035156,0,17.194602966308594,17.194602966308594,0,,0,0.7226632237434387,1,,0.8421850800514221,0,
SIHDR_174,SIHDR_174_e13.jpg,162,13,train,5.321928024291992,17.194602966308594,10.848687171936035,6.345915794372559,0,17.194602966308594,17.194602966308594,0,,0,0.711089551448822,1,,0.8421850800514221,0,
SIHDR_174,SIHDR_174_e14.jpg,162,14,train,4.321928024291992,17.194602966308594,10.134936332702637,7.059666633605957,0,17.194602966308594,17.194602966308594,0,,0,0.699255645275116,1,,0.8421850800514221,0,
SIHDR_175,SIHDR_175_e00.jpg,163,0,train,17.194602966308594,17.194602966308594,15.050914764404297,2.143688201904297,0,16.28771209716797,17.194602966308594,0,1,1,0.845064103603363,1,1,0.8421850800514221,1,1
SIHDR_175,SIHDR_175_e01.jpg,163,1,train,16.28771209716797,17.194602966308594,15.630655288696289,1.5639476776123047,0,16.28771209716797,17.194602966308594,0,1,1,0.8357439637184143,1,1,0.8421850800514221,0,0
SIHDR_175,SIHDR_175_e02.jpg,163,2,train,15.872674942016602,17.194602966308594,15.971766471862793,1.2228364944458008,0,16.28771209716797,17.194602966308594,0,1,1,0.8306405544281006,1,1,0.8421850800514221,0,0
SIHDR_175,SIHDR_175_e03.jpg,163,3,train,15.287712097167969,17.194602966308594,16.160953521728516,1.0336494445800781,0,16.28771209716797,17.194602966308594,0,1,1,0.8227547407150269,1,1,0.8421850800514221,0,0
SIHDR_175,SIHDR_175_e04.jpg,163,4,train,14.287712097167969,17.194602966308594,16.026548385620117,1.1680545806884766,0,16.28771209716797,17.194602966308594,0,1,1,0.806320309638977,1,1,0.8421850800514221,0,0
SIHDR_175,SIHDR_175_e05.jpg,163,5,train,13.287712097167969,17.194602966308594,15.70908260345459,1.485520362854004,0,16.28771209716797,17.194602966308594,0,1,1,0.7916723489761353,1,1,0.8421850800514221,0,0
SIHDR_175,SIHDR_175_e06.jpg,163,6,train,12.287712097167969,17.194602966308594,15.27176570892334,1.922837257385254,0,16.28771209716797,17.194602966308594,0,1,1,0.7815284729003906,1,1,0.8421850800514221,0,0
SIHDR_175,SIHDR_175_e07.jpg,163,7,train,11.287712097167969,17.194602966308594,14.73433780670166,2.4602651596069336,0,16.28771209716797,17.194602966308594,0,1,1,0.7718498110771179,1,1,0.8421850800514221,0,0
SIHDR_175,SIHDR_175_e08.jpg,163,8,train,10.287712097167969,17.194602966308594,14.139172554016113,3.0554304122924805,0,16.28771209716797,17.194602966308594,0,1,1,0.7626488208770752,1,1,0.8421850800514221,0,0
SIHDR_175,SIHDR_175_e09.jpg,163,9,train,9.38082218170166,17.194602966308594,13.584525108337402,3.6100778579711914,0,16.28771209716797,17.194602966308594,0,1,1,0.7542039752006531,1,1,0.8421850800514221,0,0
SIHDR_175,SIHDR_175_e10.jpg,163,10,train,8.38082218170166,17.194602966308594,12.939532279968262,4.255070686340332,0,16.28771209716797,17.194602966308594,0,1,1,0.7446672916412354,1,1,0.8421850800514221,0,0
SIHDR_175,SIHDR_175_e11.jpg,163,11,train,7.380821704864502,17.194602966308594,12.26993465423584,4.924668312072754,0,16.28771209716797,17.194602966308594,0,1,1,0.7341498732566833,1,1,0.8421850800514221,0,0
SIHDR_175,SIHDR_175_e12.jpg,163,12,train,6.321928024291992,17.194602966308594,11.535996437072754,5.65860652923584,0,16.28771209716797,17.194602966308594,0,1,1,0.7224279046058655,1,1,0.8421850800514221,0,0
SIHDR_175,SIHDR_175_e13.jpg,163,13,train,5.321928024291992,17.194602966308594,10.833573341369629,6.361029624938965,0,16.28771209716797,17.194602966308594,0,1,1,0.7109692096710205,1,1,0.8421850800514221,0,0
SIHDR_175,SIHDR_175_e14.jpg,163,14,train,4.321928024291992,17.194602966308594,10.127410888671875,7.067192077636719,0,16.28771209716797,17.194602966308594,0,1,1,0.6992513537406921,1,1,0.8421850800514221,0,0
SIHDR_176,SIHDR_176_e00.jpg,164,0,train,17.194602966308594,17.194602966308594,16.96062469482422,0.233978271484375,0,17.194602966308594,17.194602966308594,0,1,1,0.8272793889045715,1,1,0.8421850800514221,0,0
SIHDR_176,SIHDR_176_e01.jpg,164,1,train,16.28771209716797,17.194602966308594,17.297334671020508,0.10273170471191406,0,17.194602966308594,17.194602966308594,0,1,1,0.8192332983016968,1,1,0.8421850800514221,0,0
SIHDR_176,SIHDR_176_e02.jpg,164,2,train,15.872674942016602,17.194602966308594,17.252470016479492,0.05786705017089844,0,17.194602966308594,17.194602966308594,0,1,1,0.8159156441688538,1,1,0.8421850800514221,0,0
SIHDR_176,SIHDR_176_e03.jpg,164,3,train,15.287712097167969,17.194602966308594,17.088518142700195,0.10608482360839844,0,17.194602966308594,17.194602966308594,0,1,1,0.8113634586334229,1,1,0.8421850800514221,0,0
SIHDR_176,SIHDR_176_e04.jpg,164,4,train,14.287712097167969,17.194602966308594,16.67616081237793,0.5184421539306641,0,17.194602966308594,17.194602966308594,0,1,1,0.8034878969192505,1,1,0.8421850800514221,0,0
SIHDR_176,SIHDR_176_e05.jpg,164,5,train,13.287712097167969,17.194602966308594,16.18960952758789,1.0049934387207031,0,17.194602966308594,17.194602966308594,0,1,1,0.7940931916236877,1,1,0.8421850800514221,0,0
SIHDR_176,SIHDR_176_e06.jpg,164,6,train,12.287712097167969,17.194602966308594,15.621833801269531,1.5727691650390625,0,17.194602966308594,17.194602966308594,0,1,1,0.78459233045578,1,1,0.8421850800514221,0,0
SIHDR_176,SIHDR_176_e07.jpg,164,7,train,11.287712097167969,17.194602966308594,14.972963333129883,2.221639633178711,0,17.194602966308594,17.194602966308594,0,1,1,0.7750306725502014,1,1,0.8421850800514221,0,0
SIHDR_176,SIHDR_176_e08.jpg,164,8,train,10.287712097167969,17.194602966308594,14.297165870666504,2.89743709564209,0,17.194602966308594,17.194602966308594,0,1,1,0.7652803659439087,1,1,0.8421850800514221,0,0
SIHDR_176,SIHDR_176_e09.jpg,164,9,train,9.38082218170166,17.194602966308594,13.678706169128418,3.515896797180176,0,17.194602966308594,17.194602966308594,0,1,1,0.7561204433441162,1,1,0.8421850800514221,0,0
SIHDR_176,SIHDR_176_e10.jpg,164,10,train,8.38082218170166,17.194602966308594,13.004647254943848,4.189955711364746,0,17.194602966308594,17.194602966308594,0,1,1,0.7456139326095581,1,1,0.8421850800514221,0,0
SIHDR_176,SIHDR_176_e11.jpg,164,11,train,7.380821704864502,17.194602966308594,12.31574535369873,4.878857612609863,0,17.194602966308594,17.194602966308594,0,1,1,0.734560489654541,1,1,0.8421850800514221,0,0
SIHDR_176,SIHDR_176_e12.jpg,164,12,train,6.321928024291992,17.194602966308594,11.56156063079834,5.633042335510254,0,17.194602966308594,17.194602966308594,0,1,1,0.7226321697235107,1,1,0.8421850800514221,0,0
SIHDR_176,SIHDR_176_e13.jpg,164,13,train,5.321928024291992,17.194602966308594,10.84839916229248,6.346203804016113,0,17.194602966308594,17.194602966308594,0,1,1,0.7110739350318909,1,1,0.8421850800514221,0,0
SIHDR_176,SIHDR_176_e14.jpg,164,14,train,4.321928024291992,17.194602966308594,10.1348295211792,7.0597734451293945,0,17.194602966308594,17.194602966308594,0,1,1,0.6992500424385071,1,1,0.8421850800514221,0,0
SIHDR_177,SIHDR_177_e00.jpg,165,0,test,17.194602966308594,17.194602966308594,17.326948165893555,0.13234519958496094,0,17.194602966308594,17.194602966308594,0,1,1,0.8216302394866943,1,1,0.8421850800514221,0,0
SIHDR_177,SIHDR_177_e01.jpg,165,1,test,16.28771209716797,17.194602966308594,17.19709014892578,0.0024871826171875,0,17.194602966308594,17.194602966308594,0,1,1,0.8129465579986572,1,1,0.8421850800514221,0,0
SIHDR_177,SIHDR_177_e02.jpg,165,2,test,15.872674942016602,17.194602966308594,17.016183853149414,0.1784191131591797,0,17.194602966308594,17.194602966308594,0,1,1,0.8095725774765015,1,1,0.8421850800514221,0,0
SIHDR_177,SIHDR_177_e03.jpg,165,3,test,15.287712097167969,17.194602966308594,16.773353576660156,0.4212493896484375,0,17.194602966308594,17.194602966308594,0,1,1,0.8048555850982666,1,1,0.8421850800514221,0,0
SIHDR_177,SIHDR_177_e04.jpg,165,4,test,14.287712097167969,17.194602966308594,16.371313095092773,0.8232898712158203,0,17.194602966308594,17.194602966308594,0,1,1,0.7992522716522217,1,1,0.8421850800514221,0,0
SIHDR_177,SIHDR_177_e05.jpg,165,5,test,13.287712097167969,17.194602966308594,16.07002830505371,1.1245746612548828,0,17.194602966308594,17.194602966308594,0,1,1,0.7918202877044678,1,1,0.8421850800514221,0,0
SIHDR_177,SIHDR_177_e06.jpg,165,6,test,12.287712097167969,17.194602966308594,15.583666801452637,1.610936164855957,0,17.194602966308594,17.194602966308594,0,1,1,0.7832260727882385,1,1,0.8421850800514221,0,0
SIHDR_177,SIHDR_177_e07.jpg,165,7,test,11.287712097167969,17.194602966308594,14.956306457519531,2.2382965087890625,0,17.194602966308594,17.194602966308594,0,1,1,0.7744225859642029,1,1,0.8421850800514221,0,0
SIHDR_177,SIHDR_177_e08.jpg,165,8,test,10.287712097167969,17.194602966308594,14.304197311401367,2.8904056549072266,0,17.194602966308594,17.194602966308594,0,1,1,0.7649611234664917,1,1,0.8421850800514221,0,0
SIHDR_177,SIHDR_177_e09.jpg,165,9,test,9.38082218170166,17.194602966308594,13.698493957519531,3.4961090087890625,0,17.194602966308594,17.194602966308594,0,1,1,0.7560344338417053,1,1,0.8421850800514221,0,0
SIHDR_177,SIHDR_177_e10.jpg,165,10,test,8.38082218170166,17.194602966308594,13.022873878479004,4.17172908782959,0,17.194602966308594,17.194602966308594,0,1,1,0.7454046607017517,1,1,0.8421850800514221,0,0
SIHDR_177,SIHDR_177_e11.jpg,165,11,test,7.380821704864502,17.194602966308594,12.31466007232666,4.879942893981934,0,17.194602966308594,17.194602966308594,0,1,1,0.7344936728477478,1,1,0.8421850800514221,0,0
SIHDR_177,SIHDR_177_e12.jpg,165,12,test,6.321928024291992,17.194602966308594,11.560946464538574,5.6336565017700195,0,17.194602966308594,17.194602966308594,0,1,1,0.722599983215332,1,1,0.8421850800514221,0,0
SIHDR_177,SIHDR_177_e13.jpg,165,13,test,5.321928024291992,17.194602966308594,10.848105430603027,6.346497535705566,0,17.194602966308594,17.194602966308594,0,1,1,0.7110575437545776,1,1,0.8421850800514221,0,0
SIHDR_177,SIHDR_177_e14.jpg,165,14,test,4.321928024291992,17.194602966308594,10.134697914123535,7.059905052185059,0,17.194602966308594,17.194602966308594,0,1,1,0.6992415189743042,1,1,0.8421850800514221,0,0
SIHDR_178,SIHDR_178_e00.jpg,166,0,test,17.194602966308594,13.287712097167969,12.149166107177734,1.1385459899902344,1,12.287712097167969,13.287712097167969,0,1,1,0.9348133206367493,1,1,0.8421850800514221,1,1
SIHDR_178,SIHDR_178_e01.jpg,166,1,test,16.28771209716797,13.287712097167969,11.93261432647705,1.355097770690918,1,12.287712097167969,13.287712097167969,0,1,1,0.9295181035995483,1,1,0.8421850800514221,1,1
SIHDR_178,SIHDR_178_e02.jpg,166,2,test,15.872674942016602,13.287712097167969,11.898634910583496,1.3890771865844727,1,12.287712097167969,13.287712097167969,0,1,1,0.9232497215270996,1,1,0.8421850800514221,1,1
SIHDR_178,SIHDR_178_e03.jpg,166,3,test,15.287712097167969,13.287712097167969,12.248139381408691,1.0395727157592773,1,12.287712097167969,13.287712097167969,0,1,1,0.9084061980247498,1,1,0.8421850800514221,1,1
SIHDR_178,SIHDR_178_e04.jpg,166,4,test,14.287712097167969,13.287712097167969,13.02353572845459,0.2641763687133789,1,12.287712097167969,13.287712097167969,1,1,1,0.8822118043899536,1,1,0.8421850800514221,1,1
SIHDR_178,SIHDR_178_e05.jpg,166,5,test,13.287712097167969,13.287712097167969,13.068405151367188,0.21930694580078125,1,12.287712097167969,13.287712097167969,1,1,1,0.8448425531387329,1,1,0.8421850800514221,1,1
SIHDR_178,SIHDR_178_e06.jpg,166,6,test,12.287712097167969,13.287712097167969,12.91319751739502,0.3745145797729492,1,12.287712097167969,13.287712097167969,1,1,1,0.8117140531539917,1,1,0.8421850800514221,0,0
SIHDR_178,SIHDR_178_e07.jpg,166,7,test,11.287712097167969,13.287712097167969,12.663496017456055,0.6242160797119141,1,12.287712097167969,13.287712097167969,1,1,1,0.7945808172225952,1,1,0.8421850800514221,0,0
SIHDR_178,SIHDR_178_e08.jpg,166,8,test,10.287712097167969,13.287712097167969,13.115360260009766,0.17235183715820312,1,12.287712097167969,13.287712097167969,1,1,1,0.774860143661499,1,1,0.8421850800514221,0,0
SIHDR_178,SIHDR_178_e09.jpg,166,9,test,9.38082218170166,13.287712097167969,13.068742752075195,0.21896934509277344,1,12.287712097167969,13.287712097167969,1,1,1,0.7625587582588196,1,1,0.8421850800514221,0,0
SIHDR_178,SIHDR_178_e10.jpg,166,10,test,8.38082218170166,13.287712097167969,12.855122566223145,0.4325895309448242,1,12.287712097167969,13.287712097167969,1,1,1,0.7485407590866089,1,1,0.8421850800514221,0,0
SIHDR_178,SIHDR_178_e11.jpg,166,11,test,7.380821704864502,13.287712097167969,12.269721984863281,1.0179901123046875,1,12.287712097167969,13.287712097167969,0,1,1,0.7360228896141052,1,1,0.8421850800514221,0,0
SIHDR_178,SIHDR_178_e12.jpg,166,12,test,6.321928024291992,13.287712097167969,11.547806739807129,1.7399053573608398,1,12.287712097167969,13.287712097167969,0,1,1,0.7233343720436096,1,1,0.8421850800514221,0,0
SIHDR_178,SIHDR_178_e13.jpg,166,13,test,5.321928024291992,13.287712097167969,10.843191146850586,2.444520950317383,1,12.287712097167969,13.287712097167969,0,1,1,0.7114290595054626,1,1,0.8421850800514221,0,0
SIHDR_178,SIHDR_178_e14.jpg,166,14,test,4.321928024291992,13.287712097167969,10.13232135772705,3.155390739440918,1,12.287712097167969,13.287712097167969,0,1,1,0.6994442939758301,1,1,0.8421850800514221,0,0
SIHDR_179,SIHDR_179_e00.jpg,167,0,train,17.194602966308594,13.287712097167969,11.772995948791504,1.5147161483764648,1,12.287712097167969,13.287712097167969,0,1,1,0.9251298904418945,1,1,0.8421850800514221,1,1
SIHDR_179,SIHDR_179_e01.jpg,167,1,train,16.28771209716797,13.287712097167969,12.11397647857666,1.1737356185913086,1,12.287712097167969,13.287712097167969,0,1,1,0.9151504635810852,1,1,0.8421850800514221,1,1
SIHDR_179,SIHDR_179_e02.jpg,167,2,train,15.872674942016602,13.287712097167969,12.317269325256348,0.9704427719116211,1,12.287712097167969,13.287712097167969,1,1,1,0.9111769199371338,1,1,0.8421850800514221,1,1
SIHDR_179,SIHDR_179_e03.jpg,167,3,train,15.287712097167969,13.287712097167969,12.599541664123535,0.6881704330444336,1,12.287712097167969,13.287712097167969,1,1,1,0.8969951272010803,1,1,0.8421850800514221,1,1
SIHDR_179,SIHDR_179_e04.jpg,167,4,train,14.287712097167969,13.287712097167969,12.936657905578613,0.35105419158935547,1,12.287712097167969,13.287712097167969,1,1,1,0.8626616597175598,1,1,0.8421850800514221,1,1
SIHDR_179,SIHDR_179_e05.jpg,167,5,train,13.287712097167969,13.287712097167969,12.957318305969238,0.33039379119873047,1,12.287712097167969,13.287712097167969,1,1,1,0.834930956363678,1,1,0.8421850800514221,0,0
SIHDR_179,SIHDR_179_e06.jpg,167,6,train,12.287712097167969,13.287712097167969,12.860962867736816,0.42674922943115234,1,12.287712097167969,13.287712097167969,1,1,1,0.8023762106895447,1,1,0.8421850800514221,0,0
SIHDR_179,SIHDR_179_e07.jpg,167,7,train,11.287712097167969,13.287712097167969,12.81998348236084,0.4677286148071289,1,12.287712097167969,13.287712097167969,1,1,1,0.7881532907485962,1,1,0.8421850800514221,0,0
SIHDR_179,SIHDR_179_e08.jpg,167,8,train,10.287712097167969,13.287712097167969,13.478057861328125,0.19034576416015625,1,12.287712097167969,13.287712097167969,0,1,1,0.7723212242126465,1,1,0.8421850800514221,0,0
SIHDR_179,SIHDR_179_e09.jpg,167,9,train,9.38082218170166,13.287712097167969,13.359842300415039,0.07213020324707031,1,12.287712097167969,13.287712097167969,0,1,1,0.759722888469696,1,1,0.8421850800514221,0,0
SIHDR_179,SIHDR_179_e10.jpg,167,10,train,8.38082218170166,13.287712097167969,12.877632141113281,0.4100799560546875,1,12.287712097167969,13.287712097167969,1,1,1,0.7475749850273132,1,1,0.8421850800514221,0,0
SIHDR_179,SIHDR_179_e11.jpg,167,11,train,7.380821704864502,13.287712097167969,12.280929565429688,1.0067825317382812,1,12.287712097167969,13.287712097167969,0,1,1,0.7354944348335266,1,1,0.8421850800514221,0,0
SIHDR_179,SIHDR_179_e12.jpg,167,12,train,6.321928024291992,13.287712097167969,11.549687385559082,1.7380247116088867,1,12.287712097167969,13.287712097167969,0,1,1,0.7230777144432068,1,1,0.8421850800514221,0,0
SIHDR_179,SIHDR_179_e13.jpg,167,13,train,5.321928024291992,13.287712097167969,10.842968940734863,2.4447431564331055,1,12.287712097167969,13.287712097167969,0,1,1,0.7113012075424194,1,1,0.8421850800514221,0,0
SIHDR_179,SIHDR_179_e14.jpg,167,14,train,4.321928024291992,13.287712097167969,10.132125854492188,3.1555862426757812,1,12.287712097167969,13.287712097167969,0,1,1,0.699377715587616,1,1,0.8421850800514221,0,0
SIHDR_180,SIHDR_180_e00.jpg,168,0,train,17.194602966308594,13.287712097167969,12.345593452453613,0.9421186447143555,1,12.287712097167969,13.287712097167969,1,1,1,0.930816113948822,1,1,0.8421850800514221,1,1
SIHDR_180,SIHDR_180_e01.jpg,168,1,train,16.28771209716797,13.287712097167969,12.604512214660645,0.6831998825073242,1,12.287712097167969,13.287712097167969,1,1,1,0.9182962775230408,1,1,0.8421850800514221,1,1
SIHDR_180,SIHDR_180_e02.jpg,168,2,train,15.872674942016602,13.287712097167969,12.733750343322754,0.5539617538452148,1,12.287712097167969,13.287712097167969,1,1,1,0.9147363305091858,1,1,0.8421850800514221,1,1
SIHDR_180,SIHDR_180_e03.jpg,168,3,train,15.287712097167969,13.287712097167969,12.796648979187012,0.49106311798095703,1,12.287712097167969,13.287712097167969,1,1,1,0.9018382430076599,1,1,0.8421850800514221,1,1
SIHDR_180,SIHDR_180_e04.jpg,168,4,train,14.287712097167969,13.287712097167969,12.789212226867676,0.49849987030029297,1,12.287712097167969,13.287712097167969,1,1,1,0.8654800057411194,1,1,0.8421850800514221,1,1
SIHDR_180,SIHDR_180_e05.jpg,168,5,train,13.287712097167969,13.287712097167969,12.794390678405762,0.49332141876220703,1,12.287712097167969,13.287712097167969,1,1,1,0.8356240391731262,1,1,0.8421850800514221,0,0
SIHDR_180,SIHDR_180_e06.jpg,168,6,train,12.287712097167969,13.287712097167969,12.842682838439941,0.44502925872802734,1,12.287712097167969,13.287712097167969,1,1,1,0.8074539303779602,1,1,0.8421850800514221,0,0
SIHDR_180,SIHDR_180_e07.jpg,168,7,train,11.287712097167969,13.287712097167969,12.960753440856934,0.32695865631103516,1,12.287712097167969,13.287712097167969,1,1,1,0.7913723587989807,1,1,0.8421850800514221,0,0
SIHDR_180,SIHDR_180_e08.jpg,168,8,train,10.287712097167969,13.287712097167969,13.517608642578125,0.22989654541015625,1,12.287712097167969,13.287712097167969,0,1,1,0.7732160091400146,1,1,0.8421850800514221,0,0
SIHDR_180,SIHDR_180_e09.jpg,168,9,train,9.38082218170166,13.287712097167969,13.323945045471191,0.036232948303222656,1,12.287712097167969,13.287712097167969,0,1,1,0.7602664828300476,1,1,0.8421850800514221,0,0
SIHDR_180,SIHDR_180_e10.jpg,168,10,train,8.38082218170166,13.287712097167969,12.836196899414062,0.45151519775390625,1,12.287712097167969,13.287712097167969,1,1,1,0.7476204037666321,1,1,0.8421850800514221,0,0
SIHDR_180,SIHDR_180_e11.jpg,168,11,train,7.380821704864502,13.287712097167969,12.23168659210205,1.056025505065918,1,12.287712097167969,13.287712097167969,0,1,1,0.7355445027351379,1,1,0.8421850800514221,0,0
SIHDR_180,SIHDR_180_e12.jpg,168,12,train,6.321928024291992,13.287712097167969,11.523151397705078,1.7645606994628906,1,12.287712097167969,13.287712097167969,0,1,1,0.7230753898620605,1,1,0.8421850800514221,0,0
SIHDR_180,SIHDR_180_e13.jpg,168,13,train,5.321928024291992,13.287712097167969,10.828154563903809,2.45955753326416,1,12.287712097167969,13.287712097167969,0,1,1,0.7113004326820374,1,1,0.8421850800514221,0,0
SIHDR_180,SIHDR_180_e14.jpg,168,14,train,4.321928024291992,13.287712097167969,10.123627662658691,3.1640844345092773,1,12.287712097167969,13.287712097167969,0,1,1,0.6993619799613953,1,1,0.8421850800514221,0,0
SIHDR_181,SIHDR_181_e00.jpg,169,0,train,17.194602966308594,11.287712097167969,11.733988761901855,0.4462766647338867,1,11.287712097167969,11.287712097167969,0,1,1,0.9273882508277893,1,1,0.8421850800514221,1,1
SIHDR_181,SIHDR_181_e01.jpg,169,1,train,16.28771209716797,11.287712097167969,11.788962364196777,0.5012502670288086,1,11.287712097167969,11.287712097167969,0,1,1,0.9217319488525391,1,1,0.8421850800514221,1,1
SIHDR_181,SIHDR_181_e02.jpg,169,2,train,15.872674942016602,11.287712097167969,11.805352210998535,0.5176401138305664,1,11.287712097167969,11.287712097167969,0,1,1,0.916379451751709,1,1,0.8421850800514221,1,1
SIHDR_181,SIHDR_181_e03.jpg,169,3,train,15.287712097167969,11.287712097167969,12.156220436096191,0.8685083389282227,1,11.287712097167969,11.287712097167969,0,1,1,0.904839038848877,1,1,0.8421850800514221,1,1
SIHDR_181,SIHDR_181_e04.jpg,169,4,train,14.287712097167969,11.287712097167969,12.462105751037598,1.174393653869629,1,11.287712097167969,11.287712097167969,0,1,1,0.8720964193344116,1,1,0.8421850800514221,1,1
SIHDR_181,SIHDR_181_e05.jpg,169,5,train,13.287712097167969,11.287712097167969,12.7050142288208,1.417302131652832,1,11.287712097167969,11.287712097167969,0,1,1,0.8319866061210632,1,1,0.8421850800514221,0,0
SIHDR_181,SIHDR_181_e06.jpg,169,6,train,12.287712097167969,11.287712097167969,12.771812438964844,1.484100341796875,1,11.287712097167969,11.287712097167969,0,1,1,0.8024539351463318,1,1,0.8421850800514221,0,0
SIHDR_181,SIHDR_181_e07.jpg,169,7,train,11.287712097167969,11.287712097167969,12.649210929870605,1.3614988327026367,1,11.287712097167969,11.287712097167969,0,1,1,0.7799050211906433,1,1,0.8421850800514221,0,0
SIHDR_181,SIHDR_181_e08.jpg,169,8,train,10.287712097167969,11.287712097167969,12.698103904724121,1.4103918075561523,1,11.287712097167969,11.287712097167969,0,1,1,0.7667742371559143,1,1,0.8421850800514221,0,0
SIHDR_181,SIHDR_181_e09.jpg,169,9,train,9.38082218170166,11.287712097167969,12.72067928314209,1.432967185974121,1,11.287712097167969,11.287712097167969,0,1,1,0.756609320640564,1,1,0.8421850800514221,0,0
SIHDR_181,SIHDR_181_e10.jpg,169,10,train,8.38082218170166,11.287712097167969,12.463006019592285,1.1752939224243164,1,11.287712097167969,11.287712097167969,0,1,1,0.7450215816497803,1,1,0.8421850800514221,0,0
SIHDR_181,SIHDR_181_e11.jpg,169,11,train,7.380821704864502,11.287712097167969,12.020001411437988,0.7322893142700195,1,11.287712097167969,11.287712097167969,0,1,1,0.7357077598571777,1,1,0.8421850800514221,0,0
SIHDR_181,SIHDR_181_e12.jpg,169,12,train,6.321928024291992,11.287712097167969,11.547539710998535,0.2598276138305664,1,11.287712097167969,11.287712097167969,0,1,1,0.7226621508598328,1,1,0.8421850800514221,0,0
SIHDR_181,SIHDR_181_e13.jpg,169,13,train,5.321928024291992,11.287712097167969,10.841633796691895,0.4460783004760742,1,11.287712097167969,11.287712097167969,0,1,1,0.7110881805419922,1,1,0.8421850800514221,0,0
SIHDR_181,SIHDR_181_e14.jpg,169,14,train,4.321928024291992,11.287712097167969,10.131412506103516,1.1562995910644531,1,11.287712097167969,11.287712097167969,0,1,1,0.6992688775062561,1,1,0.8421850800514221,0,0
SIHDR_182,SIHDR_182_e00.jpg,170,0,validation,17.194602966308594,11.287712097167969,11.203925132751465,0.0837869644165039,1,11.287712097167969,11.287712097167969,0,1,1,0.931747555732727,1,1,0.8421850800514221,1,1
SIHDR_182,SIHDR_182_e01.jpg,170,1,validation,16.28771209716797,11.287712097167969,11.598250389099121,0.31053829193115234,1,11.287712097167969,11.287712097167969,0,1,1,0.9310199618339539,1,1,0.8421850800514221,1,1
SIHDR_182,SIHDR_182_e02.jpg,170,2,validation,15.872674942016602,11.287712097167969,11.718087196350098,0.4303750991821289,1,11.287712097167969,11.287712097167969,0,1,1,0.9316896796226501,1,1,0.8421850800514221,1,1
SIHDR_182,SIHDR_182_e03.jpg,170,3,validation,15.287712097167969,11.287712097167969,11.76591968536377,0.4782075881958008,1,11.287712097167969,11.287712097167969,0,1,1,0.930735170841217,1,1,0.8421850800514221,1,1
SIHDR_182,SIHDR_182_e04.jpg,170,4,validation,14.287712097167969,11.287712097167969,12.046788215637207,0.7590761184692383,1,11.287712097167969,11.287712097167969,0,1,1,0.9205584526062012,1,1,0.8421850800514221,1,1
SIHDR_182,SIHDR_182_e05.jpg,170,5,validation,13.287712097167969,11.287712097167969,12.360552787780762,1.072840690612793,1,11.287712097167969,11.287712097167969,0,1,1,0.8907143473625183,1,1,0.8421850800514221,1,1
SIHDR_182,SIHDR_182_e06.jpg,170,6,validation,12.287712097167969,11.287712097167969,12.098830223083496,0.8111181259155273,1,11.287712097167969,11.287712097167969,0,1,1,0.843684732913971,1,1,0.8421850800514221,1,1
SIHDR_182,SIHDR_182_e07.jpg,170,7,validation,11.287712097167969,11.287712097167969,12.120157241821289,0.8324451446533203,1,11.287712097167969,11.287712097167969,0,1,1,0.8039383888244629,1,1,0.8421850800514221,0,0
SIHDR_182,SIHDR_182_e08.jpg,170,8,validation,10.287712097167969,11.287712097167969,12.283702850341797,0.9959907531738281,1,11.287712097167969,11.287712097167969,0,1,1,0.7773387432098389,1,1,0.8421850800514221,0,0
SIHDR_182,SIHDR_182_e09.jpg,170,9,validation,9.38082218170166,11.287712097167969,12.162004470825195,0.8742923736572266,1,11.287712097167969,11.287712097167969,0,1,1,0.7605625987052917,1,1,0.8421850800514221,0,0
SIHDR_182,SIHDR_182_e10.jpg,170,10,validation,8.38082218170166,11.287712097167969,12.015631675720215,0.7279195785522461,1,11.287712097167969,11.287712097167969,0,1,1,0.7486530542373657,1,1,0.8421850800514221,0,0
SIHDR_182,SIHDR_182_e11.jpg,170,11,validation,7.380821704864502,11.287712097167969,11.91500186920166,0.6272897720336914,1,11.287712097167969,11.287712097167969,0,1,1,0.7374554872512817,1,1,0.8421850800514221,0,0
SIHDR_182,SIHDR_182_e12.jpg,170,12,validation,6.321928024291992,11.287712097167969,11.537444114685059,0.24973201751708984,1,11.287712097167969,11.287712097167969,0,1,1,0.7233667969703674,1,1,0.8421850800514221,0,0
SIHDR_182,SIHDR_182_e13.jpg,170,13,validation,5.321928024291992,11.287712097167969,10.837934494018555,0.44977760314941406,1,11.287712097167969,11.287712097167969,0,1,1,0.7114430665969849,1,1,0.8421850800514221,0,0
SIHDR_182,SIHDR_182_e14.jpg,170,14,validation,4.321928024291992,11.287712097167969,10.129485130310059,1.1582269668579102,1,11.287712097167969,11.287712097167969,0,1,1,0.6994688510894775,1,1,0.8421850800514221,0,0
SIHDR_183,SIHDR_183_e00.jpg,171,0,train,17.194602966308594,13.287712097167969,10.607748985290527,2.6799631118774414,1,12.287712097167969,13.287712097167969,0,,0,0.9326867461204529,1,,0.8421850800514221,1,
SIHDR_183,SIHDR_183_e01.jpg,171,1,train,16.28771209716797,13.287712097167969,10.374198913574219,2.91351318359375,1,12.287712097167969,13.287712097167969,0,,0,0.9267042875289917,1,,0.8421850800514221,1,
SIHDR_183,SIHDR_183_e02.jpg,171,2,train,15.872674942016602,13.287712097167969,10.349495887756348,2.938216209411621,1,12.287712097167969,13.287712097167969,0,,0,0.9207199811935425,1,,0.8421850800514221,1,
SIHDR_183,SIHDR_183_e03.jpg,171,3,train,15.287712097167969,13.287712097167969,10.904163360595703,2.3835487365722656,1,12.287712097167969,13.287712097167969,0,,0,0.9023110270500183,1,,0.8421850800514221,1,
SIHDR_183,SIHDR_183_e04.jpg,171,4,train,14.287712097167969,13.287712097167969,12.05342960357666,1.2342824935913086,1,12.287712097167969,13.287712097167969,0,,0,0.8602818250656128,1,,0.8421850800514221,1,
SIHDR_183,SIHDR_183_e05.jpg,171,5,train,13.287712097167969,13.287712097167969,12.251358032226562,1.0363540649414062,1,12.287712097167969,13.287712097167969,0,,0,0.8203548789024353,1,,0.8421850800514221,0,
SIHDR_183,SIHDR_183_e06.jpg,171,6,train,12.287712097167969,13.287712097167969,12.130280494689941,1.1574316024780273,1,12.287712097167969,13.287712097167969,0,,0,0.7941809892654419,1,,0.8421850800514221,0,
SIHDR_183,SIHDR_183_e07.jpg,171,7,train,11.287712097167969,13.287712097167969,11.671216011047363,1.6164960861206055,1,12.287712097167969,13.287712097167969,0,,0,0.7815825343132019,1,,0.8421850800514221,0,
SIHDR_183,SIHDR_183_e08.jpg,171,8,train,10.287712097167969,13.287712097167969,12.446443557739258,0.8412685394287109,1,12.287712097167969,13.287712097167969,1,,0,0.7729703187942505,1,,0.8421850800514221,0,
SIHDR_183,SIHDR_183_e09.jpg,171,9,train,9.38082218170166,13.287712097167969,13.2962007522583,0.008488655090332031,1,12.287712097167969,13.287712097167969,0,,0,0.7597659826278687,1,,0.8421850800514221,0,
SIHDR_183,SIHDR_183_e10.jpg,171,10,train,8.38082218170166,13.287712097167969,12.970511436462402,0.3172006607055664,1,12.287712097167969,13.287712097167969,1,,0,0.7466651201248169,1,,0.8421850800514221,0,
SIHDR_183,SIHDR_183_e11.jpg,171,11,train,7.380821704864502,13.287712097167969,12.287267684936523,1.0004444122314453,1,12.287712097167969,13.287712097167969,0,,0,0.735103189945221,1,,0.8421850800514221,0,
SIHDR_183,SIHDR_183_e12.jpg,171,12,train,6.321928024291992,13.287712097167969,11.547030448913574,1.7406816482543945,1,12.287712097167969,13.287712097167969,0,,0,0.722870945930481,1,,0.8421850800514221,0,
SIHDR_183,SIHDR_183_e13.jpg,171,13,train,5.321928024291992,13.287712097167969,10.840615272521973,2.447096824645996,1,12.287712097167969,13.287712097167969,0,,0,0.7111821174621582,1,,0.8421850800514221,0,
SIHDR_183,SIHDR_183_e14.jpg,171,14,train,4.321928024291992,13.287712097167969,10.130648612976074,3.1570634841918945,1,12.287712097167969,13.287712097167969,0,,0,0.6993106007575989,1,,0.8421850800514221,0,
SIHDR_184,SIHDR_184_e00.jpg,172,0,test,17.194602966308594,17.194602966308594,13.577740669250488,3.6168622970581055,0,15.287712097167969,17.194602966308594,0,1,1,0.8695001602172852,1,1,0.8421850800514221,1,1
SIHDR_184,SIHDR_184_e01.jpg,172,1,test,16.28771209716797,17.194602966308594,13.842633247375488,3.3519697189331055,0,15.287712097167969,17.194602966308594,0,1,1,0.8457364439964294,1,1,0.8421850800514221,1,1
SIHDR_184,SIHDR_184_e02.jpg,172,2,test,15.872674942016602,17.194602966308594,13.86175537109375,3.3328475952148438,0,15.287712097167969,17.194602966308594,0,1,1,0.826194167137146,1,1,0.8421850800514221,0,0
SIHDR_184,SIHDR_184_e03.jpg,172,3,test,15.287712097167969,17.194602966308594,13.671957969665527,3.5226449966430664,0,15.287712097167969,17.194602966308594,0,1,1,0.8179765343666077,1,1,0.8421850800514221,0,0
SIHDR_184,SIHDR_184_e04.jpg,172,4,test,14.287712097167969,17.194602966308594,13.647514343261719,3.547088623046875,0,15.287712097167969,17.194602966308594,0,1,1,0.804364800453186,1,1,0.8421850800514221,0,0
SIHDR_184,SIHDR_184_e05.jpg,172,5,test,13.287712097167969,17.194602966308594,14.58143138885498,2.6131715774536133,0,15.287712097167969,17.194602966308594,0,1,1,0.795897901058197,1,1,0.8421850800514221,0,0
SIHDR_184,SIHDR_184_e06.jpg,172,6,test,12.287712097167969,17.194602966308594,15.113022804260254,2.08158016204834,0,15.287712097167969,17.194602966308594,0,1,1,0.7813859581947327,1,1,0.8421850800514221,0,0
SIHDR_184,SIHDR_184_e07.jpg,172,7,test,11.287712097167969,17.194602966308594,14.542588233947754,2.65201473236084,0,15.287712097167969,17.194602966308594,0,1,1,0.7704110741615295,1,1,0.8421850800514221,0,0
SIHDR_184,SIHDR_184_e08.jpg,172,8,test,10.287712097167969,17.194602966308594,13.931131362915039,3.2634716033935547,0,15.287712097167969,17.194602966308594,0,1,1,0.7596354484558105,1,1,0.8421850800514221,0,0
SIHDR_184,SIHDR_184_e09.jpg,172,9,test,9.38082218170166,17.194602966308594,13.393458366394043,3.801144599914551,0,15.287712097167969,17.194602966308594,0,1,1,0.7515076994895935,1,1,0.8421850800514221,0,0
SIHDR_184,SIHDR_184_e10.jpg,172,10,test,8.38082218170166,17.194602966308594,12.792658805847168,4.401944160461426,0,15.287712097167969,17.194602966308594,0,1,1,0.7427153587341309,1,1,0.8421850800514221,0,0
SIHDR_184,SIHDR_184_e11.jpg,172,11,test,7.380821704864502,17.194602966308594,12.149128913879395,5.045474052429199,0,15.287712097167969,17.194602966308594,0,1,1,0.7331695556640625,1,1,0.8421850800514221,0,0
SIHDR_184,SIHDR_184_e12.jpg,172,12,test,6.321928024291992,17.194602966308594,11.45024299621582,5.744359970092773,0,15.287712097167969,17.194602966308594,0,1,1,0.7218431234359741,1,1,0.8421850800514221,0,0
SIHDR_184,SIHDR_184_e13.jpg,172,13,test,5.321928024291992,17.194602966308594,10.77440071105957,6.420202255249023,0,15.287712097167969,17.194602966308594,0,1,1,0.710823118686676,1,1,0.8421850800514221,0,0
SIHDR_184,SIHDR_184_e14.jpg,172,14,test,4.321928024291992,17.194602966308594,10.107468605041504,7.08713436126709,0,15.287712097167969,17.194602966308594,0,1,1,0.699137270450592,1,1,0.8421850800514221,0,0
SIHDR_185,SIHDR_185_e00.jpg,173,0,train,17.194602966308594,16.28771209716797,15.365598678588867,0.9221134185791016,1,14.287712097167969,17.194602966308594,1,1,1,0.863303005695343,1,1,0.8421850800514221,1,1
SIHDR_185,SIHDR_185_e01.jpg,173,1,train,16.28771209716797,16.28771209716797,15.346823692321777,0.9408884048461914,1,14.287712097167969,17.194602966308594,1,1,1,0.8465278744697571,1,1,0.8421850800514221,1,1
SIHDR_185,SIHDR_185_e02.jpg,173,2,train,15.872674942016602,16.28771209716797,15.136334419250488,1.1513776779174805,1,14.287712097167969,17.194602966308594,1,1,1,0.8388766646385193,1,1,0.8421850800514221,0,0
SIHDR_185,SIHDR_185_e03.jpg,173,3,train,15.287712097167969,16.28771209716797,14.95679759979248,1.3309144973754883,1,14.287712097167969,17.194602966308594,1,1,1,0.835222065448761,1,1,0.8421850800514221,0,0
SIHDR_185,SIHDR_185_e04.jpg,173,4,train,14.287712097167969,16.28771209716797,15.403294563293457,0.8844175338745117,1,14.287712097167969,17.194602966308594,1,1,1,0.8283291459083557,1,1,0.8421850800514221,0,0
SIHDR_185,SIHDR_185_e05.jpg,173,5,train,13.287712097167969,16.28771209716797,15.906303405761719,0.38140869140625,1,14.287712097167969,17.194602966308594,1,1,1,0.8160899877548218,1,1,0.8421850800514221,0,0
SIHDR_185,SIHDR_185_e06.jpg,173,6,train,12.287712097167969,16.28771209716797,15.521137237548828,0.7665748596191406,1,14.287712097167969,17.194602966308594,1,1,1,0.8028188347816467,1,1,0.8421850800514221,0,0
SIHDR_185,SIHDR_185_e07.jpg,173,7,train,11.287712097167969,16.28771209716797,14.813282012939453,1.4744300842285156,1,14.287712097167969,17.194602966308594,1,1,1,0.7873033285140991,1,1,0.8421850800514221,0,0
SIHDR_185,SIHDR_185_e08.jpg,173,8,train,10.287712097167969,16.28771209716797,14.085176467895508,2.202535629272461,1,14.287712097167969,17.194602966308594,0,1,1,0.770412027835846,1,1,0.8421850800514221,0,0
SIHDR_185,SIHDR_185_e09.jpg,173,9,train,9.38082218170166,16.28771209716797,13.444902420043945,2.8428096771240234,1,14.287712097167969,17.194602966308594,0,1,1,0.7579421997070312,1,1,0.8421850800514221,0,0
SIHDR_185,SIHDR_185_e10.jpg,173,10,train,8.38082218170166,16.28771209716797,12.742836952209473,3.544875144958496,1,14.287712097167969,17.194602966308594,0,1,1,0.7454957365989685,1,1,0.8421850800514221,0,0
SIHDR_185,SIHDR_185_e11.jpg,173,11,train,7.380821704864502,16.28771209716797,12.077258110046387,4.210453987121582,1,14.287712097167969,17.194602966308594,0,1,1,0.7361114025115967,1,1,0.8421850800514221,0,0
SIHDR_185,SIHDR_185_e12.jpg,173,12,train,6.321928024291992,16.28771209716797,11.56028938293457,4.727422714233398,1,14.287712097167969,17.194602966308594,0,1,1,0.7229753136634827,1,1,0.8421850800514221,0,0
SIHDR_185,SIHDR_185_e13.jpg,173,13,train,5.321928024291992,16.28771209716797,10.851033210754395,5.436678886413574,1,14.287712097167969,17.194602966308594,0,1,1,0.7112355828285217,1,1,0.8421850800514221,0,0
SIHDR_185,SIHDR_185_e14.jpg,173,14,train,4.321928024291992,16.28771209716797,10.136100769042969,6.151611328125,1,14.287712097167969,17.194602966308594,0,1,1,0.6993478536605835,1,1,0.8421850800514221,0,0
SIHDR_187,SIHDR_187_e00.jpg,174,0,train,17.194602966308594,17.194602966308594,14.661246299743652,2.5333566665649414,0,15.287712097167969,17.194602966308594,0,1,1,0.8681846261024475,1,1,0.8421850800514221,1,1
SIHDR_187,SIHDR_187_e01.jpg,174,1,train,16.28771209716797,17.194602966308594,14.652576446533203,2.5420265197753906,0,15.287712097167969,17.194602966308594,0,1,1,0.8514251708984375,1,1,0.8421850800514221,1,1
SIHDR_187,SIHDR_187_e02.jpg,174,2,train,15.872674942016602,17.194602966308594,14.787919998168945,2.4066829681396484,0,15.287712097167969,17.194602966308594,0,1,1,0.8448187708854675,1,1,0.8421850800514221,1,1
SIHDR_187,SIHDR_187_e03.jpg,174,3,train,15.287712097167969,17.194602966308594,15.071978569030762,2.122624397277832,0,15.287712097167969,17.194602966308594,0,1,1,0.834419846534729,1,1,0.8421850800514221,0,0
SIHDR_187,SIHDR_187_e04.jpg,174,4,train,14.287712097167969,17.194602966308594,15.115965843200684,2.07863712310791,0,15.287712097167969,17.194602966308594,0,1,1,0.81548672914505,1,1,0.8421850800514221,0,0
SIHDR_187,SIHDR_187_e05.jpg,174,5,train,13.287712097167969,17.194602966308594,15.30649471282959,1.888108253479004,0,15.287712097167969,17.194602966308594,1,1,1,0.7994799613952637,1,1,0.8421850800514221,0,0
SIHDR_187,SIHDR_187_e06.jpg,174,6,train,12.287712097167969,17.194602966308594,15.05555534362793,2.139047622680664,0,15.287712097167969,17.194602966308594,0,1,1,0.7884442210197449,1,1,0.8421850800514221,0,0
SIHDR_187,SIHDR_187_e07.jpg,174,7,train,11.287712097167969,17.194602966308594,14.621678352355957,2.5729246139526367,0,15.287712097167969,17.194602966308594,0,1,1,0.7777963280677795,1,1,0.8421850800514221,0,0
SIHDR_187,SIHDR_187_e08.jpg,174,8,train,10.287712097167969,17.194602966308594,14.0478515625,3.1467514038085938,0,15.287712097167969,17.194602966308594,0,1,1,0.7668600082397461,1,1,0.8421850800514221,0,0
SIHDR_187,SIHDR_187_e09.jpg,174,9,train,9.38082218170166,17.194602966308594,13.562508583068848,3.632094383239746,0,15.287712097167969,17.194602966308594,0,1,1,0.7575067281723022,1,1,0.8421850800514221,0,0
SIHDR_187,SIHDR_187_e10.jpg,174,10,train,8.38082218170166,17.194602966308594,13.007075309753418,4.187527656555176,0,15.287712097167969,17.194602966308594,0,1,1,0.7460588812828064,1,1,0.8421850800514221,0,0
SIHDR_187,SIHDR_187_e11.jpg,174,11,train,7.380821704864502,17.194602966308594,12.304898262023926,4.889704704284668,0,15.287712097167969,17.194602966308594,0,1,1,0.73482346534729,1,1,0.8421850800514221,0,0
SIHDR_187,SIHDR_187_e12.jpg,174,12,train,6.321928024291992,17.194602966308594,11.555502891540527,5.639100074768066,0,15.287712097167969,17.194602966308594,0,1,1,0.7227765321731567,1,1,0.8421850800514221,0,0
SIHDR_187,SIHDR_187_e13.jpg,174,13,train,5.321928024291992,17.194602966308594,10.846439361572266,6.348163604736328,0,15.287712097167969,17.194602966308594,0,1,1,0.7111432552337646,1,1,0.8421850800514221,0,0
SIHDR_187,SIHDR_187_e14.jpg,174,14,train,4.321928024291992,17.194602966308594,10.133710861206055,7.060892105102539,0,15.287712097167969,17.194602966308594,0,1,1,0.6992964148521423,1,1,0.8421850800514221,0,0
SIHDR_190,SIHDR_190_e00.jpg,175,0,train,17.194602966308594,14.287712097167969,13.961512565612793,0.3261995315551758,1,14.287712097167969,14.287712097167969,0,1,1,0.9183968305587769,1,1,0.8421850800514221,1,1
SIHDR_190,SIHDR_190_e01.jpg,175,1,train,16.28771209716797,14.287712097167969,14.070683479309082,0.21702861785888672,1,14.287712097167969,14.287712097167969,0,1,1,0.9060214757919312,1,1,0.8421850800514221,1,1
SIHDR_190,SIHDR_190_e02.jpg,175,2,train,15.872674942016602,14.287712097167969,14.068709373474121,0.21900272369384766,1,14.287712097167969,14.287712097167969,0,1,1,0.9008247256278992,1,1,0.8421850800514221,1,1
SIHDR_190,SIHDR_190_e03.jpg,175,3,train,15.287712097167969,14.287712097167969,14.096778869628906,0.1909332275390625,1,14.287712097167969,14.287712097167969,0,1,1,0.894115149974823,1,1,0.8421850800514221,1,1
SIHDR_190,SIHDR_190_e04.jpg,175,4,train,14.287712097167969,14.287712097167969,14.161871910095215,0.1258401870727539,1,14.287712097167969,14.287712097167969,0,1,1,0.8645598292350769,1,1,0.8421850800514221,1,1
SIHDR_190,SIHDR_190_e05.jpg,175,5,train,13.287712097167969,14.287712097167969,14.035942077636719,0.25177001953125,1,14.287712097167969,14.287712097167969,0,1,1,0.8221907019615173,1,1,0.8421850800514221,0,0
SIHDR_190,SIHDR_190_e06.jpg,175,6,train,12.287712097167969,14.287712097167969,14.062684059143066,0.22502803802490234,1,14.287712097167969,14.287712097167969,0,1,1,0.7998392581939697,1,1,0.8421850800514221,0,0
SIHDR_190,SIHDR_190_e07.jpg,175,7,train,11.287712097167969,14.287712097167969,13.719297409057617,0.5684146881103516,1,14.287712097167969,14.287712097167969,0,1,1,0.7782123684883118,1,1,0.8421850800514221,0,0
SIHDR_190,SIHDR_190_e08.jpg,175,8,train,10.287712097167969,14.287712097167969,13.309952735900879,0.9777593612670898,1,14.287712097167969,14.287712097167969,0,1,1,0.7721593379974365,1,1,0.8421850800514221,0,0
SIHDR_190,SIHDR_190_e09.jpg,175,9,train,9.38082218170166,14.287712097167969,13.652481079101562,0.6352310180664062,1,14.287712097167969,14.287712097167969,0,1,1,0.758470892906189,1,1,0.8421850800514221,0,0
SIHDR_190,SIHDR_190_e10.jpg,175,10,train,8.38082218170166,14.287712097167969,13.001546859741211,1.2861652374267578,1,14.287712097167969,14.287712097167969,0,1,1,0.7466842532157898,1,1,0.8421850800514221,0,0
SIHDR_190,SIHDR_190_e11.jpg,175,11,train,7.380821704864502,14.287712097167969,12.303299903869629,1.9844121932983398,1,14.287712097167969,14.287712097167969,0,1,1,0.7351552248001099,1,1,0.8421850800514221,0,0
SIHDR_190,SIHDR_190_e12.jpg,175,12,train,6.321928024291992,14.287712097167969,11.555501937866211,2.732210159301758,1,14.287712097167969,14.287712097167969,0,1,1,0.7229260206222534,1,1,0.8421850800514221,0,0
SIHDR_190,SIHDR_190_e13.jpg,175,13,train,5.321928024291992,14.287712097167969,10.845368385314941,3.4423437118530273,1,14.287712097167969,14.287712097167969,0,1,1,0.7112245559692383,1,1,0.8421850800514221,0,0
SIHDR_190,SIHDR_190_e14.jpg,175,14,train,4.321928024291992,14.287712097167969,10.13325309753418,4.154458999633789,1,14.287712097167969,14.287712097167969,0,1,1,0.6993407011032104,1,1,0.8421850800514221,0,0
SIHDR_191,SIHDR_191_e00.jpg,176,0,train,17.194602966308594,17.194602966308594,14.838440895080566,2.3561620712280273,0,15.287712097167969,17.194602966308594,0,1,1,0.8542567491531372,1,1,0.8421850800514221,1,1
SIHDR_191,SIHDR_191_e01.jpg,176,1,train,16.28771209716797,17.194602966308594,14.630688667297363,2.5639142990112305,0,15.287712097167969,17.194602966308594,0,1,1,0.8230053782463074,1,1,0.8421850800514221,0,0
SIHDR_191,SIHDR_191_e02.jpg,176,2,train,15.872674942016602,17.194602966308594,14.354131698608398,2.8404712677001953,0,15.287712097167969,17.194602966308594,0,1,1,0.8260252475738525,1,1,0.8421850800514221,0,0
SIHDR_191,SIHDR_191_e03.jpg,176,3,train,15.287712097167969,17.194602966308594,14.248993873596191,2.9456090927124023,0,15.287712097167969,17.194602966308594,0,1,1,0.8281506299972534,1,1,0.8421850800514221,0,0
SIHDR_191,SIHDR_191_e04.jpg,176,4,train,14.287712097167969,17.194602966308594,16.450950622558594,0.74365234375,0,15.287712097167969,17.194602966308594,1,1,1,0.8086996078491211,1,1,0.8421850800514221,0,0
SIHDR_191,SIHDR_191_e05.jpg,176,5,train,13.287712097167969,17.194602966308594,16.10100555419922,1.093597412109375,0,15.287712097167969,17.194602966308594,1,1,1,0.7973506450653076,1,1,0.8421850800514221,0,0
SIHDR_191,SIHDR_191_e06.jpg,176,6,train,12.287712097167969,17.194602966308594,15.579887390136719,1.614715576171875,0,15.287712097167969,17.194602966308594,1,1,1,0.7868342399597168,1,1,0.8421850800514221,0,0
SIHDR_191,SIHDR_191_e07.jpg,176,7,train,11.287712097167969,17.194602966308594,14.946822166442871,2.2477807998657227,0,15.287712097167969,17.194602966308594,0,1,1,0.7766262292861938,1,1,0.8421850800514221,0,0
SIHDR_191,SIHDR_191_e08.jpg,176,8,train,10.287712097167969,17.194602966308594,14.2855224609375,2.9090805053710938,0,15.287712097167969,17.194602966308594,0,1,1,0.7665700912475586,1,1,0.8421850800514221,0,0
SIHDR_191,SIHDR_191_e09.jpg,176,9,train,9.38082218170166,17.194602966308594,13.684586524963379,3.510016441345215,0,15.287712097167969,17.194602966308594,0,1,1,0.7571030855178833,1,1,0.8421850800514221,0,0
SIHDR_191,SIHDR_191_e10.jpg,176,10,train,8.38082218170166,17.194602966308594,12.990080833435059,4.204522132873535,0,15.287712097167969,17.194602966308594,0,1,1,0.7462638020515442,1,1,0.8421850800514221,0,0
SIHDR_191,SIHDR_191_e11.jpg,176,11,train,7.380821704864502,17.194602966308594,12.291092872619629,4.903510093688965,0,15.287712097167969,17.194602966308594,0,1,1,0.7349722981452942,1,1,0.8421850800514221,0,0
SIHDR_191,SIHDR_191_e12.jpg,176,12,train,6.321928024291992,17.194602966308594,11.542784690856934,5.65181827545166,0,15.287712097167969,17.194602966308594,0,1,1,0.7228261232376099,1,1,0.8421850800514221,0,0
SIHDR_191,SIHDR_191_e13.jpg,176,13,train,5.321928024291992,17.194602966308594,10.834213256835938,6.360389709472656,0,15.287712097167969,17.194602966308594,0,1,1,0.7111732959747314,1,1,0.8421850800514221,0,0
SIHDR_191,SIHDR_191_e14.jpg,176,14,train,4.321928024291992,17.194602966308594,10.124780654907227,7.069822311401367,0,15.287712097167969,17.194602966308594,0,1,1,0.6993227005004883,1,1,0.8421850800514221,0,0
SIHDR_192,SIHDR_192_e00.jpg,177,0,train,17.194602966308594,17.194602966308594,14.540996551513672,2.653606414794922,0,14.287712097167969,17.194602966308594,1,1,1,0.8800867795944214,1,1,0.8421850800514221,1,1
SIHDR_192,SIHDR_192_e01.jpg,177,1,train,16.28771209716797,17.194602966308594,14.551474571228027,2.6431283950805664,0,14.287712097167969,17.194602966308594,1,1,1,0.8507037162780762,1,1,0.8421850800514221,1,1
SIHDR_192,SIHDR_192_e02.jpg,177,2,train,15.872674942016602,17.194602966308594,14.355645179748535,2.8389577865600586,0,14.287712097167969,17.194602966308594,1,1,1,0.847173273563385,1,1,0.8421850800514221,1,1
SIHDR_192,SIHDR_192_e03.jpg,177,3,train,15.287712097167969,17.194602966308594,14.259713172912598,2.934889793395996,0,14.287712097167969,17.194602966308594,0,1,1,0.8460160493850708,1,1,0.8421850800514221,1,1
SIHDR_192,SIHDR_192_e04.jpg,177,4,train,14.287712097167969,17.194602966308594,15.907050132751465,1.287552833557129,0,14.287712097167969,17.194602966308594,1,1,1,0.8258609771728516,1,1,0.8421850800514221,0,0
SIHDR_192,SIHDR_192_e05.jpg,177,5,train,13.287712097167969,17.194602966308594,15.76131820678711,1.4332847595214844,0,14.287712097167969,17.194602966308594,1,1,1,0.8084227442741394,1,1,0.8421850800514221,0,0
SIHDR_192,SIHDR_192_e06.jpg,177,6,train,12.287712097167969,17.194602966308594,15.283881187438965,1.910721778869629,0,14.287712097167969,17.194602966308594,1,1,1,0.794194757938385,1,1,0.8421850800514221,0,0
SIHDR_192,SIHDR_192_e07.jpg,177,7,train,11.287712097167969,17.194602966308594,14.674201011657715,2.520401954650879,0,14.287712097167969,17.194602966308594,1,1,1,0.7811787128448486,1,1,0.8421850800514221,0,0
SIHDR_192,SIHDR_192_e08.jpg,177,8,train,10.287712097167969,17.194602966308594,14.055821418762207,3.1387815475463867,0,14.287712097167969,17.194602966308594,0,1,1,0.7693830728530884,1,1,0.8421850800514221,0,0
SIHDR_192,SIHDR_192_e09.jpg,177,9,train,9.38082218170166,17.194602966308594,13.515252113342285,3.6793508529663086,0,14.287712097167969,17.194602966308594,0,1,1,0.7586963772773743,1,1,0.8421850800514221,0,0
SIHDR_192,SIHDR_192_e10.jpg,177,10,train,8.38082218170166,17.194602966308594,12.86793041229248,4.326672554016113,0,14.287712097167969,17.194602966308594,0,1,1,0.7475077509880066,1,1,0.8421850800514221,0,0
SIHDR_192,SIHDR_192_e11.jpg,177,11,train,7.380821704864502,17.194602966308594,12.21728229522705,4.977320671081543,0,14.287712097167969,17.194602966308594,0,1,1,0.735813319683075,1,1,0.8421850800514221,0,0
SIHDR_192,SIHDR_192_e12.jpg,177,12,train,6.321928024291992,17.194602966308594,11.49837589263916,5.696227073669434,0,14.287712097167969,17.194602966308594,0,1,1,0.7232590913772583,1,1,0.8421850800514221,0,0
SIHDR_192,SIHDR_192_e13.jpg,177,13,train,5.321928024291992,17.194602966308594,10.805986404418945,6.388616561889648,0,14.287712097167969,17.194602966308594,0,1,1,0.7113606333732605,1,1,0.8421850800514221,0,0
SIHDR_192,SIHDR_192_e14.jpg,177,14,train,4.321928024291992,17.194602966308594,10.108880043029785,7.085722923278809,0,14.287712097167969,17.194602966308594,0,1,1,0.6994790434837341,1,1,0.8421850800514221,0,0
SIHDR_193,SIHDR_193_e00.jpg,178,0,train,17.194602966308594,17.194602966308594,15.557320594787598,1.637282371520996,0,16.28771209716797,17.194602966308594,0,1,1,0.8324416875839233,1,1,0.8421850800514221,0,0
SIHDR_193,SIHDR_193_e01.jpg,178,1,train,16.28771209716797,17.194602966308594,15.636096000671387,1.558506965637207,0,16.28771209716797,17.194602966308594,0,1,1,0.8264082074165344,1,1,0.8421850800514221,0,0
SIHDR_193,SIHDR_193_e02.jpg,178,2,train,15.872674942016602,17.194602966308594,15.857977867126465,1.336625099182129,0,16.28771209716797,17.194602966308594,0,1,1,0.8220527768135071,1,1,0.8421850800514221,0,0
SIHDR_193,SIHDR_193_e03.jpg,178,3,train,15.287712097167969,17.194602966308594,16.362022399902344,0.83258056640625,0,16.28771209716797,17.194602966308594,1,1,1,0.8168457746505737,1,1,0.8421850800514221,0,0
SIHDR_193,SIHDR_193_e04.jpg,178,4,train,14.287712097167969,17.194602966308594,16.13031578063965,1.0642871856689453,0,16.28771209716797,17.194602966308594,0,1,1,0.8091412782669067,1,1,0.8421850800514221,0,0
SIHDR_193,SIHDR_193_e05.jpg,178,5,train,13.287712097167969,17.194602966308594,15.838216781616211,1.3563861846923828,0,16.28771209716797,17.194602966308594,0,1,1,0.7981611490249634,1,1,0.8421850800514221,0,0
SIHDR_193,SIHDR_193_e06.jpg,178,6,train,12.287712097167969,17.194602966308594,15.42557430267334,1.769028663635254,0,16.28771209716797,17.194602966308594,0,1,1,0.7869730591773987,1,1,0.8421850800514221,0,0
SIHDR_193,SIHDR_193_e07.jpg,178,7,train,11.287712097167969,17.194602966308594,14.88906192779541,2.3055410385131836,0,16.28771209716797,17.194602966308594,0,1,1,0.7763080596923828,1,1,0.8421850800514221,0,0
SIHDR_193,SIHDR_193_e08.jpg,178,8,train,10.287712097167969,17.194602966308594,14.260407447814941,2.9341955184936523,0,16.28771209716797,17.194602966308594,0,1,1,0.7659164667129517,1,1,0.8421850800514221,0,0
SIHDR_193,SIHDR_193_e09.jpg,178,9,train,9.38082218170166,17.194602966308594,13.676477432250977,3.518125534057617,0,16.28771209716797,17.194602966308594,0,1,1,0.7566516995429993,1,1,0.8421850800514221,0,0
SIHDR_193,SIHDR_193_e10.jpg,178,10,train,8.38082218170166,17.194602966308594,13.022860527038574,4.1717424392700195,0,16.28771209716797,17.194602966308594,0,1,1,0.7456924915313721,1,1,0.8421850800514221,0,0
SIHDR_193,SIHDR_193_e11.jpg,178,11,train,7.380821704864502,17.194602966308594,12.314897537231445,4.879705429077148,0,16.28771209716797,17.194602966308594,0,1,1,0.7346411943435669,1,1,0.8421850800514221,0,0
SIHDR_193,SIHDR_193_e12.jpg,178,12,train,6.321928024291992,17.194602966308594,11.561068534851074,5.6335344314575195,0,16.28771209716797,17.194602966308594,0,1,1,0.7226723432540894,1,1,0.8421850800514221,0,0
SIHDR_193,SIHDR_193_e13.jpg,178,13,train,5.321928024291992,17.194602966308594,10.848152160644531,6.3464508056640625,0,16.28771209716797,17.194602966308594,0,1,1,0.7110945582389832,1,1,0.8421850800514221,0,0
SIHDR_193,SIHDR_193_e14.jpg,178,14,train,4.321928024291992,17.194602966308594,10.134718894958496,7.059884071350098,0,16.28771209716797,17.194602966308594,0,1,1,0.699256956577301,1,1,0.8421850800514221,0,0
SIHDR_194,SIHDR_194_e00.jpg,179,0,test,17.194602966308594,15.287712097167969,14.283562660217285,1.0041494369506836,1,15.287712097167969,15.287712097167969,0,1,1,0.8858209252357483,1,1,0.8421850800514221,1,1
SIHDR_194,SIHDR_194_e01.jpg,179,1,test,16.28771209716797,15.287712097167969,14.489851951599121,0.7978601455688477,1,15.287712097167969,15.287712097167969,0,1,1,0.868476390838623,1,1,0.8421850800514221,1,1
SIHDR_194,SIHDR_194_e02.jpg,179,2,test,15.872674942016602,15.287712097167969,14.622501373291016,0.6652107238769531,1,15.287712097167969,15.287712097167969,0,1,1,0.8607531189918518,1,1,0.8421850800514221,1,1
SIHDR_194,SIHDR_194_e03.jpg,179,3,test,15.287712097167969,15.287712097167969,14.892725944519043,0.3949861526489258,1,15.287712097167969,15.287712097167969,0,1,1,0.8483372926712036,1,1,0.8421850800514221,1,1
SIHDR_194,SIHDR_194_e04.jpg,179,4,test,14.287712097167969,15.287712097167969,15.322428703308105,0.03471660614013672,1,15.287712097167969,15.287712097167969,0,1,1,0.8235421180725098,1,1,0.8421850800514221,0,0
SIHDR_194,SIHDR_194_e05.jpg,179,5,test,13.287712097167969,15.287712097167969,15.213424682617188,0.07428741455078125,1,15.287712097167969,15.287712097167969,0,1,1,0.8029356002807617,1,1,0.8421850800514221,0,0
SIHDR_194,SIHDR_194_e06.jpg,179,6,test,12.287712097167969,15.287712097167969,14.89516544342041,0.3925466537475586,1,15.287712097167969,15.287712097167969,0,1,1,0.7907153367996216,1,1,0.8421850800514221,0,0
SIHDR_194,SIHDR_194_e07.jpg,179,7,test,11.287712097167969,15.287712097167969,14.690862655639648,0.5968494415283203,1,15.287712097167969,15.287712097167969,0,1,1,0.779872477054596,1,1,0.8421850800514221,0,0
SIHDR_194,SIHDR_194_e08.jpg,179,8,test,10.287712097167969,15.287712097167969,14.31416130065918,0.9735507965087891,1,15.287712097167969,15.287712097167969,0,1,1,0.7676181793212891,1,1,0.8421850800514221,0,0
SIHDR_194,SIHDR_194_e09.jpg,179,9,test,9.38082218170166,15.287712097167969,13.724591255187988,1.5631208419799805,1,15.287712097167969,15.287712097167969,0,1,1,0.7572485208511353,1,1,0.8421850800514221,0,0
SIHDR_194,SIHDR_194_e10.jpg,179,10,test,8.38082218170166,15.287712097167969,13.02248764038086,2.2652244567871094,1,15.287712097167969,15.287712097167969,0,1,1,0.7461586594581604,1,1,0.8421850800514221,0,0
SIHDR_194,SIHDR_194_e11.jpg,179,11,test,7.380821704864502,15.287712097167969,12.308907508850098,2.978804588317871,1,15.287712097167969,15.287712097167969,0,1,1,0.734849750995636,1,1,0.8421850800514221,0,0
SIHDR_194,SIHDR_194_e12.jpg,179,12,test,6.321928024291992,15.287712097167969,11.555275917053223,3.732436180114746,1,15.287712097167969,15.287712097167969,0,1,1,0.7228225469589233,1,1,0.8421850800514221,0,0
SIHDR_194,SIHDR_194_e13.jpg,179,13,test,5.321928024291992,15.287712097167969,10.848809242248535,4.438902854919434,1,15.287712097167969,15.287712097167969,0,1,1,0.7111560106277466,1,1,0.8421850800514221,0,0
SIHDR_194,SIHDR_194_e14.jpg,179,14,test,4.321928024291992,15.287712097167969,10.13504409790039,5.152667999267578,1,15.287712097167969,15.287712097167969,0,1,1,0.6992896199226379,1,1,0.8421850800514221,0,0
SIHDR_195,SIHDR_195_e00.jpg,180,0,train,17.194602966308594,15.872674942016602,14.4544095993042,1.4182653427124023,1,14.287712097167969,16.28771209716797,1,1,1,0.8913515210151672,1,1,0.8421850800514221,1,1
SIHDR_195,SIHDR_195_e01.jpg,180,1,train,16.28771209716797,15.872674942016602,14.619872093200684,1.252802848815918,1,14.287712097167969,16.28771209716797,1,1,1,0.861345112323761,1,1,0.8421850800514221,1,1
SIHDR_195,SIHDR_195_e02.jpg,180,2,train,15.872674942016602,15.872674942016602,14.560853004455566,1.3118219375610352,1,14.287712097167969,16.28771209716797,1,1,1,0.8509954810142517,1,1,0.8421850800514221,1,1
SIHDR_195,SIHDR_195_e03.jpg,180,3,train,15.287712097167969,15.872674942016602,14.471776008605957,1.4008989334106445,1,14.287712097167969,16.28771209716797,1,1,1,0.8401511907577515,1,1,0.8421850800514221,0,0
SIHDR_195,SIHDR_195_e04.jpg,180,4,train,14.287712097167969,15.872674942016602,15.594708442687988,0.2779664993286133,1,14.287712097167969,16.28771209716797,1,1,1,0.825883150100708,1,1,0.8421850800514221,0,0
SIHDR_195,SIHDR_195_e05.jpg,180,5,train,13.287712097167969,15.872674942016602,15.99343490600586,0.12075996398925781,1,14.287712097167969,16.28771209716797,1,1,1,0.8154876232147217,1,1,0.8421850800514221,0,0
SIHDR_195,SIHDR_195_e06.jpg,180,6,train,12.287712097167969,15.872674942016602,15.925317764282227,0.052642822265625,1,14.287712097167969,16.28771209716797,1,1,1,0.8046415448188782,1,1,0.8421850800514221,0,0
SIHDR_195,SIHDR_195_e07.jpg,180,7,train,11.287712097167969,15.872674942016602,15.462128639221191,0.41054630279541016,1,14.287712097167969,16.28771209716797,1,1,1,0.793556809425354,1,1,0.8421850800514221,0,0
SIHDR_195,SIHDR_195_e08.jpg,180,8,train,10.287712097167969,15.872674942016602,14.7589693069458,1.1137056350708008,1,14.287712097167969,16.28771209716797,1,1,1,0.7801306247711182,1,1,0.8421850800514221,0,0
SIHDR_195,SIHDR_195_e09.jpg,180,9,train,9.38082218170166,15.872674942016602,13.887497901916504,1.9851770401000977,1,14.287712097167969,16.28771209716797,0,1,1,0.7646083235740662,1,1,0.8421850800514221,0,0
SIHDR_195,SIHDR_195_e10.jpg,180,10,train,8.38082218170166,15.872674942016602,13.008109092712402,2.864565849304199,1,14.287712097167969,16.28771209716797,0,1,1,0.7479392290115356,1,1,0.8421850800514221,0,0
SIHDR_195,SIHDR_195_e11.jpg,180,11,train,7.380821704864502,15.872674942016602,12.204895973205566,3.667778968811035,1,14.287712097167969,16.28771209716797,0,1,1,0.7358540892601013,1,1,0.8421850800514221,0,0
SIHDR_195,SIHDR_195_e12.jpg,180,12,train,6.321928024291992,15.872674942016602,11.372064590454102,4.5006103515625,1,14.287712097167969,16.28771209716797,0,1,1,0.7246178388595581,1,1,0.8421850800514221,0,0
SIHDR_195,SIHDR_195_e13.jpg,180,13,train,5.321928024291992,15.872674942016602,10.869645118713379,5.003029823303223,1,14.287712097167969,16.28771209716797,0,1,1,0.7115873694419861,1,1,0.8421850800514221,0,0
SIHDR_195,SIHDR_195_e14.jpg,180,14,train,4.321928024291992,15.872674942016602,10.14535140991211,5.727323532104492,1,14.287712097167969,16.28771209716797,0,1,1,0.6995453238487244,1,1,0.8421850800514221,0,0
