epoch,train_loss,validation_loss,train_ev_mse,validation_ev_mse,train_hdr_bce,validation_hdr_bce
0,172.00569219098773,184.13437308078343,171.7633819580078,183.92041015625,0.8116636439732143,0.6750082058376736
1,151.78711421130953,166.54152931043836,151.55142211914062,166.3273162841797,0.7727449544270834,0.6703599717881944
2,132.88644571358816,150.1170647786458,132.65328979492188,149.9017333984375,0.7506007021949405,0.667752210828993
3,115.15510615176245,134.39328366427952,114.92163848876953,134.17620849609375,0.7412798781622024,0.6672400580512152
4,98.73226630219959,119.61194349500869,98.49736785888672,119.39302062988281,0.7365609886532738,0.6665053982204862
5,84.42577701822917,106.43239628092448,84.18869018554688,106.211669921875,0.7357977585565476,0.66572265625
6,72.72073921421595,95.25972909206814,72.48120880126953,95.03734588623047,0.7372392926897321,0.665025160047743
7,64.01078671555291,86.45901421440972,63.76907730102539,86.23532104492188,0.7393493071056547,0.6642385525173611
8,58.30883474440802,80.1115429280599,58.06562423706055,79.88697814941406,0.740879138764881,0.6635727267795138
9,55.06281876918248,75.88594163682725,54.81909942626953,75.66098022460938,0.7405634998139881,0.6630872938368055
10,53.321701202392575,73.2501898803711,53.07854080200195,73.0252456665039,0.7378499348958333,0.6629236518012153
11,52.02826628621419,71.50258818223742,51.78641891479492,71.27794647216797,0.7333721633184523,0.6629756673177083
12,50.770197973342164,69.94646128336589,50.52987289428711,69.72220611572266,0.7284790620349703,0.6631357150607639
13,49.514308183942525,68.41619908311633,49.275550842285156,68.19233703613281,0.7235353306361607,0.6634221733940973
14,48.25786216517857,66.88219482421874,48.02067565917969,66.65872192382812,0.7186382184709822,0.6637881130642361
15,46.9987441973005,65.33861010742187,46.76313400268555,65.11552429199219,0.7137951078869048,0.6642434353298611
16,45.73749707757859,63.78660084703233,45.50346755981445,63.56388473510742,0.708983154296875,0.6648379177517361
17,44.47410822986421,62.22706742689344,44.24165344238281,62.004703521728516,0.7042170061383929,0.6655357530381945
18,43.20693363008045,60.6585355597602,42.97604751586914,60.43650436401367,0.699485328311012,0.6663351779513889
19,41.933742757161454,59.07782035997179,41.70442199707031,58.856101989746094,0.6947695777529762,0.667233412000868
20,40.65470316859654,57.48426510620117,40.42693328857422,57.26284408569336,0.6900905645461309,0.6682012261284722
21,39.370444189162484,55.878878736707904,39.14419174194336,55.657691955566406,0.6853287760416666,0.6692692057291667
22,38.079712156749906,54.26161410183377,37.85496139526367,54.04064178466797,0.680615001860119,0.6704100206163195
23,36.779286269414996,52.62977502102322,36.55602264404297,52.40898513793945,0.6759238978794643,0.6716679551866319
24,35.471406210763114,50.98073413425022,35.24960708618164,50.760074615478516,0.6712533714657738,0.6731195746527778
25,34.1575157296317,49.318650546603735,33.937164306640625,49.09808349609375,0.6665765671502977,0.6746769205729166
26,32.83844032214937,47.64401590983073,32.61951446533203,47.42350769042969,0.6619598679315476,0.6763609483506945
27,31.515221998668853,45.957048563639326,31.297697067260742,45.73655700683594,0.6574298967633928,0.6782142469618055
28,30.19730045354934,44.26661743164062,29.981164932250977,44.04608917236328,0.6529408482142857,0.6803312174479167
29,28.88464243788946,42.576640940348305,28.669828414916992,42.3560676574707,0.6486612955729166,0.6823887803819444
30,27.57722559974307,40.883721452501085,27.363683700561523,40.6630744934082,0.6445465378534226,0.6845226372612847
31,26.277316969371977,39.19079025607639,26.06501579284668,38.97004699707031,0.6405179268973215,0.6867146809895833
32,24.988832552955262,37.50202904256185,24.77773666381836,37.28117752075195,0.6366203962053572,0.6889368353949653
33,23.718746667044503,35.82677051459419,23.508813858032227,35.60578918457031,0.6328738839285715,0.6912144639756944
34,22.470465742565338,34.16898515489366,22.26163673400879,33.94786834716797,0.6293400646391369,0.6934602864583334
35,21.25259580630348,32.53047746785482,21.04482650756836,32.309200286865234,0.625947265625,0.695771009657118
36,20.06438586425781,30.9135595703125,19.857620239257812,30.692100524902344,0.6227468145461309,0.6981254069010416
37,18.911420632498604,29.34098520067003,18.70553970336914,29.11934471130371,0.6199577404203869,0.7003602430555556
38,17.79315595209031,27.79079617140028,17.587993621826172,27.569002151489258,0.6176640392485119,0.7021310763888889
39,16.71206938098726,26.294721508449978,16.50765609741211,26.07276725769043,0.6153452264694941,0.7040779622395833
40,15.670284165155321,24.825461242675782,15.466545104980469,24.603363037109375,0.6132423037574405,0.7057923719618056
41,14.67056151944115,23.410951197306314,14.46751880645752,23.188711166381836,0.6111551339285715,0.7076398383246528
42,13.714777251107352,22.034093431260853,13.512360572814941,21.81171417236328,0.6092411295572917,0.7093007405598958
43,12.804795882815405,20.71277776251899,12.603001594543457,20.490262985229492,0.6073937406994048,0.7110039605034723
44,11.941901335216704,19.439791330973307,11.740699768066406,19.21712875366211,0.6056246512276786,0.7127051459418403
45,11.12692404756092,18.22423311530219,10.92629623413086,18.001436233520508,0.6039496140252976,0.7143455674913195
46,10.35997803533645,17.062306801689996,10.159902572631836,16.83936882019043,0.602335437593006,0.7159822591145834
47,9.64095903523763,15.959567440456814,9.441417694091797,15.736499786376953,0.6007988048735119,0.7175547281901041
48,8.969161340622675,14.913318438212078,8.770137786865234,14.690117835998535,0.5993147786458334,0.719122314453125
49,8.343330426534017,13.924511614481608,8.144804954528809,13.701188087463379,0.5979052734375,0.7206222873263889
50,7.762362626030332,12.992674960666234,7.564320087432861,12.769233703613281,0.5965612211681548,0.7220932345920139
51,7.224789734431676,12.117618814256456,7.027215480804443,11.894068717956543,0.5952764020647321,0.7235129123263889
52,6.728465682620094,11.297839333428279,6.531346321105957,11.074186325073242,0.5940471540178571,0.7248971218532986
53,6.271474624997094,10.531304339938693,6.074793815612793,10.307554244995117,0.5928866141183036,0.7262460666232639
54,5.851655447278704,9.817078864203559,5.655394077301025,9.593238830566406,0.591802978515625,0.7275480143229167
55,5.46716366141183,9.151559258355034,5.2712860107421875,8.927642822265625,0.5908864629836309,0.7287769911024305
56,5.114883526393346,8.533757870144315,4.919369697570801,8.30978775024414,0.5900638253348214,0.7298920355902778
57,4.791854115804037,7.964315454271105,4.596698760986328,7.740296363830566,0.5892668805803571,0.7309871419270834
58,4.4957792138599215,7.4365832472907165,4.300975322723389,7.212517261505127,0.5885007440476191,0.7320722113715278
59,4.2245347135634645,6.947189010620117,4.0300726890563965,6.72309684753418,0.5877772739955357,0.733051011827257
60,3.975627840314593,6.496200669182672,3.781503677368164,6.272082328796387,0.5870675223214286,0.7340245225694444
61,3.746981468563988,6.080442988501654,3.553192138671875,5.8563008308410645,0.5863770112537202,0.7349946424696181
62,3.536873541059948,5.695588712480333,3.343414545059204,5.471423625946045,0.5857039388020834,0.7359594048394097
63,3.3434961295354935,5.340582548353407,3.150362491607666,5.116395950317383,0.5850502232142857,0.7369159613715278
64,3.165123130889166,5.012879525502523,2.9723122119903564,4.7886738777160645,0.5844026692708333,0.7378580729166667
65,3.0002800943283807,4.710849524180094,2.8077878952026367,4.486623287200928,0.5837681942894345,0.7388056098090278
66,2.8479649862561907,4.431446200476753,2.655784845352173,4.207200527191162,0.5831560407366071,0.7397418891059028
67,2.707007119405837,4.173635961956448,2.5151331424713135,3.949373483657837,0.5825638253348214,0.7406589084201389
68,2.5761326024191717,3.935958551194933,2.3845651149749756,3.7116823196411133,0.5819671921502976,0.7415596516927083
69,2.4544569594065346,3.716435451083713,2.263193368911743,3.4921445846557617,0.5813777087983631,0.7424610731336806
70,2.3410489028749013,3.5133144113752577,2.150083303451538,3.289008855819702,0.5808081635974702,0.7433535427517362
71,2.2350954603467668,3.3256280292934846,2.044421911239624,3.1013102531433105,0.5802614629836309,0.7442303466796875
72,2.135910263470241,3.1518010103437635,1.9455252885818481,2.927476167678833,0.5797197033110119,0.7450682237413194
73,2.0427518652053105,2.9911131085289853,1.8526592254638672,2.7667839527130127,0.5791600399925595,0.7458888075086806
74,1.955463844662621,2.8417566663953995,1.7656574249267578,2.6174240112304688,0.5786197916666667,0.7466988118489584
75,1.873570963768732,2.703107222451104,1.6840444803237915,2.4787728786468506,0.5780996558779762,0.7474923366970486
76,1.7967194202059793,2.573777358373006,1.6074721813201904,2.349449396133423,0.577568126860119,0.7482298448350695
77,1.7243837199438186,2.4541706903245712,1.5354173183441162,2.229851245880127,0.5770268322172619,0.7489560953776042
78,1.6562011538914272,2.34292383257548,1.467512607574463,2.1186106204986572,0.5764891415550595,0.7496851942274305
79,1.5916855899719964,2.2400513627794054,1.4032732248306274,2.015737533569336,0.5759505789620536,0.7504428439670139
80,1.5307892852510725,2.1441034923129614,1.3426486253738403,1.9197945594787598,0.5754248046875,0.7511667209201389
81,1.4734395006724768,2.054379466586643,1.285563349723816,1.8300790786743164,0.57492431640625,0.7518649631076388
82,1.419436851047334,1.9705430835088094,1.2318170070648193,1.746250033378601,0.5744519624255953,0.7525599500868055
83,1.3684307247797647,1.8926235351562501,1.1810599565505981,1.6683425903320312,0.574007800874256,0.7532265896267362
84,1.3203112441017515,1.819832660569085,1.1331855058670044,1.5955647230148315,0.573574683779762,0.7538827853732639
85,1.2748306863875616,1.7518766525056626,1.0879461765289307,1.5276201963424683,0.5731513904389881,0.7545370144314236
86,1.231801299867176,1.6883858125474718,1.045154094696045,1.4641408920288086,0.5727386765252976,0.7551820203993056
87,1.1910669116065615,1.6291101716359455,1.004652976989746,1.4048774242401123,0.572336658296131,0.7558165147569444
88,1.152543521222614,1.5735439080132378,0.9663588404655457,1.3493232727050781,0.5719464983258928,0.7564461263020833
89,1.1160515312467303,1.5216361707051596,0.9300922155380249,1.2974276542663574,0.5715661039806548,0.7570682779947917
90,1.0814874375661214,1.4729704870647855,0.8957498073577881,1.2487741708755493,0.5711955333891369,0.7576836480034722
91,1.048783520630428,1.4272474295298259,0.8632640242576599,1.2030608654022217,0.570832984561012,0.7583048502604167
92,1.0177288212549118,1.3844603640238444,0.8324215412139893,1.1602835655212402,0.5704893856956845,0.758917982313368
93,0.9881511314482916,1.3448451769087049,0.8030539751052856,1.1206762790679932,0.5701449730282738,0.7595316569010416
94,0.960221905708313,1.3071704669528537,0.775335431098938,1.0830068588256836,0.5697953287760417,0.7601569281684027
95,0.9337527382033212,1.2719320089552137,0.7490739226341248,1.0477757453918457,0.5694532993861607,0.7607662624782986
96,0.9087093547866457,1.238716169251336,0.7242351174354553,1.014567494392395,0.5691190592447917,0.7613683403862848
97,0.8850365630331494,1.2073688613043891,0.7007638812065125,0.9832272529602051,0.5687922014508928,0.7619672309027777
98,0.8626544535046532,1.1778340953191122,0.6785804033279419,0.9536985158920288,0.5684719122023809,0.762564697265625
99,0.8414434388932728,1.1500969936582777,0.6575649976730347,0.9259670972824097,0.5681595284598214,0.7631580946180555
100,0.8213325708480108,1.1239290560616386,0.6376469135284424,0.8998037576675415,0.5678541201636905,0.7637510172526042
101,0.8022589925811404,1.0993721712960136,0.6187631487846375,0.875252366065979,0.5675580124627976,0.7643349880642362
102,0.7841601628576006,1.0763213063875834,0.6008512377738953,0.8522068858146667,0.5672691708519345,0.7649134657118055
103,0.7670026551882425,1.0545065693855287,0.5838779807090759,0.8303969502449036,0.566987072172619,0.7654893663194444
104,0.7507279348600479,1.0340569982528687,0.5677847266197205,0.8099521398544312,0.5667122395833334,0.7660599772135417
105,0.7353098514874776,1.014724770810869,0.5525454878807068,0.7906243205070496,0.5664438011532739,0.7666266547309027
106,0.720706985655285,0.996473446475135,0.538118839263916,0.7723774313926697,0.566181873139881,0.7671877712673612
107,0.7068550966580709,0.979291870964898,0.524440586566925,0.7552003860473633,0.565926513671875,0.7677430555555556
108,0.6937077510016305,0.9630934151543511,0.5114642381668091,0.7390069961547852,0.5656782459077381,0.7682904730902778
109,0.6812356172062102,0.9477735778490702,0.4991599917411804,0.7236922383308411,0.565438464936756,0.7688323296440972
110,0.6694009423710051,0.933324611875746,0.48749035596847534,0.7092483043670654,0.5652062406994047,0.7693690321180555
111,0.6581554287388212,0.919721574306488,0.4764074981212616,0.695650041103363,0.5649797712053571,0.7699016655815972
112,0.6474768713655926,0.9068380847507054,0.4658891260623932,0.6827707290649414,0.5647594052269346,0.7704314507378472
113,0.6373263012681689,0.894707358678182,0.4558965265750885,0.6706440448760986,0.5645444452194941,0.7709567599826389
114,0.6276772598879679,0.8832315905888874,0.44640347361564636,0.6591719388961792,0.5643339029947917,0.771479017469618
115,0.6185123840967814,0.8723513111008538,0.43739259243011475,0.6482951045036316,0.5641279529389881,0.7719978841145834
116,0.6097998239766983,0.8620723725424873,0.42883214354515076,0.6380192041397095,0.56392578125,0.7725141059027778
117,0.6015136980102176,0.8523572525448269,0.4206961989402771,0.6283066272735596,0.5637276785714286,0.7730280219184028
118,0.5936282003380003,0.843150599108802,0.4129590690135956,0.6191017031669617,0.5635334705171131,0.7735413275824653
119,0.5861245431332361,0.8344307211240133,0.40560194849967957,0.6103830933570862,0.5633430989583333,0.7740523274739584
120,0.5789847025417146,0.8261677320268419,0.3986068367958069,0.602121114730835,0.5631567964099702,0.7745604112413195
121,0.5721809376762027,0.8183856449657017,0.3919459581375122,0.5943403840065002,0.5629750279017857,0.7750629340277778
122,0.5657000461078825,0.8110216869778103,0.3856061100959778,0.5869779586791992,0.5627978515625,0.7755607096354167
123,0.5595263234887804,0.8040407941076491,0.3795716464519501,0.5799989104270935,0.5626248604910714,0.7760529242621528
124,0.5536391385850452,0.797449682765537,0.37382185459136963,0.573409914970398,0.562456519717262,0.776539781358507
125,0.5480301955540975,0.7911889464060465,0.36834871768951416,0.5671513080596924,0.5622914922805059,0.7770225694444445
126,0.5426863297962007,0.7852469407187569,0.36313915252685547,0.5612112283706665,0.5621294294084821,0.77750244140625
127,0.5375932725497654,0.7796009131537543,0.35817891359329224,0.5555667877197266,0.5619702729724703,0.7779801432291666
128,0.5327371839114597,0.7742402769194708,0.3534541726112366,0.5502075552940369,0.5618140811011905,0.7784548611111111
129,0.5281072122369493,0.7691406226687961,0.3489541709423065,0.5451090335845947,0.5616605050223215,0.7789271375868055
130,0.5236879824797313,0.7642958696683247,0.3446636497974396,0.540264904499054,0.5615086146763393,0.7793979220920139
131,0.5194535117149353,0.7597147626876831,0.3405575156211853,0.5356835126876831,0.5613551548549107,0.77987060546875
132,0.515393736260278,0.7553970575862461,0.3366258442401886,0.5313648581504822,0.561199951171875,0.7803443739149305
133,0.5115087658223652,0.751256999651591,0.3328686058521271,0.5272241830825806,0.5610443405877976,0.780814208984375
134,0.5078072070961906,0.7472596826553345,0.32929345965385437,0.523227334022522,0.56089111328125,0.7812738715277778
135,0.5042759397711073,0.7434428892135619,0.3258872330188751,0.5194109678268433,0.5607404436383928,0.7817298719618055
136,0.500905134893599,0.7398065640131632,0.3226400911808014,0.5157748460769653,0.5605924479166666,0.7821832953559028
137,0.49768248124349684,0.7363302862379286,0.3195398449897766,0.5122981071472168,0.5604457310267857,0.782635498046875
138,0.494605070466087,0.7330124069319831,0.3165833652019501,0.5089793801307678,0.5603013392857142,0.7830854627821181
139,0.4916689729009356,0.7298413806491427,0.3137664198875427,0.5058069229125977,0.5601605515252976,0.7835336642795139
140,0.488867315190179,0.7268268943892585,0.3110823333263397,0.5027905106544495,0.5600229027157738,0.7839803059895833
141,0.48618945873351327,0.7239408252769046,0.30852073431015015,0.49990227818489075,0.5598878115699405,0.7844246419270834
142,0.48362977089200704,0.7211964681943257,0.3060759902000427,0.49715524911880493,0.5597549293154762,0.7848677571614583
143,0.4811806455226172,0.7185671363141802,0.3037404716014862,0.49452289938926697,0.5596243722098214,0.7853089735243055
144,0.47883472006661554,0.7160532668431601,0.30150699615478516,0.49200594425201416,0.5594957914806548,0.7857472059461805
145,0.4765869914236523,0.7136630727185144,0.2993707060813904,0.4896128475666046,0.5593690127418155,0.7861817762586806
146,0.4744326141788846,0.7113471788300407,0.2973267734050751,0.4872937798500061,0.5592438616071429,0.7866147189670138
147,0.4723668424742562,0.709149803241094,0.2953703999519348,0.4850933253765106,0.559120628720238,0.7870442708333333
148,0.4703856908253261,0.7070359785556793,0.2934976816177368,0.48297634720802307,0.5589989653087798,0.7874712456597223
149,0.46848596669378734,0.7050268547799853,0.29170528054237366,0.48096412420272827,0.5588792782738096,0.7878946940104167
150,0.4666643293585096,0.7030717369185554,0.28998997807502747,0.4790058732032776,0.5587613351004465,0.7883154975043403
151,0.46491498554320565,0.7012002998722925,0.28834599256515503,0.47713133692741394,0.5586451939174107,0.7887333170572917
152,0.4632339096296401,0.6994737797048357,0.28676897287368774,0.47540250420570374,0.5585317847842262,0.7891438802083334
153,0.461618822983333,0.697731124162674,0.2852570414543152,0.47365763783454895,0.5584200613839285,0.7895513237847223
154,0.46006529520806816,0.6960701760715908,0.2838056981563568,0.47199422121047974,0.5583097330729166,0.7899570041232639
155,0.45857164141110013,0.6944729426701864,0.2824133336544037,0.470394492149353,0.55820068359375,0.7903599039713541
156,0.45713443949109034,0.6929058859613207,0.28107672929763794,0.46882563829421997,0.55809326171875,0.7907571072048611
157,0.4557502453894842,0.6914260931279924,0.27979224920272827,0.4673440754413605,0.5579872349330357,0.7911510552300347
158,0.45441616173017596,0.6899965809186299,0.2785569727420807,0.46591275930404663,0.5578826032366071,0.7915422905815972
159,0.45313047381809785,0.6886132567723592,0.27736926078796387,0.4645277261734009,0.5577794247581845,0.7919307454427084
160,0.45189229911849615,0.6873394216431512,0.2762279808521271,0.46325379610061646,0.5576792689732143,0.7923090277777778
161,0.4506962225550697,0.6859694374932183,0.2751283049583435,0.4618825912475586,0.5575789388020833,0.7926906331380208
162,0.44954064689363754,0.6847872876856063,0.2740679383277893,0.46070048213005066,0.557481456938244,0.7930631510416667
163,0.4484236816678729,0.6835548693868849,0.2730454206466675,0.45946818590164185,0.55738525390625,0.7934329562717014
164,0.4473432647046589,0.6823839008013408,0.2720586955547333,0.4582973122596741,0.5572900971912202,0.7938005235460069
165,0.446297899337042,0.6812408489651149,0.2711062431335449,0.4571542739868164,0.5571958705357143,0.7941659884982639
166,0.4452863788945335,0.6801388813389673,0.27018675208091736,0.4560520350933075,0.5571025739397322,0.7945298936631945
167,0.4443063964162554,0.6790072579648759,0.26929837465286255,0.45491883158683777,0.5570087541852679,0.7948980034722222
168,0.4433566461404165,0.6780367171499464,0.26843908429145813,0.45394808053970337,0.556917724609375,0.7952566189236111
169,0.4424358881768726,0.67701337340143,0.267608106136322,0.452924519777298,0.5568277413504464,0.7956130642361111
170,0.4415428940795717,0.6760327552954356,0.26680418848991394,0.4519437253475189,0.5567387462797619,0.7959670681423611
171,0.4406771667117164,0.6750573978953891,0.26602697372436523,0.45096880197525024,0.5566511462983631,0.7963165961371528
172,0.4398363058339982,0.6741303798622555,0.26527389883995056,0.4500422179698944,0.5565645345052084,0.796663818359375
173,0.4390202351411184,0.673223995923996,0.26454493403434753,0.44913622736930847,0.5564787365141369,0.7970088704427083
174,0.4382402570020585,0.6723623659345839,0.26385143399238586,0.4482758045196533,0.5563929966517858,0.7973470052083333
175,0.4374835053966159,0.6716431910991669,0.2631801664829254,0.44756433367729187,0.5563065592447917,0.797646959092882
176,0.4367328544117156,0.6707882359557682,0.2625146508216858,0.4467101991176605,0.5562236676897322,0.7979838053385416
177,0.43601308057421734,0.6699886322551304,0.2618793845176697,0.4459121823310852,0.5561409505208333,0.7983138020833334
178,0.4353163965316046,0.6693577159775628,0.26126599311828613,0.4452897906303406,0.5560582333519345,0.7986029730902777
179,0.43462421919050676,0.6685060997539096,0.2606571316719055,0.44443923234939575,0.5559775506882441,0.7989316134982639
180,0.433963748386928,0.6677725238800049,0.26007938385009766,0.4437077045440674,0.5558968098958333,0.7992522515190972
181,0.43332002889542354,0.6672108822663626,0.2595170736312866,0.4431552588939667,0.5558164760044643,0.7995311143663194
182,0.43267793183099656,0.6664039035108354,0.2589564323425293,0.44234904646873474,0.5557379441034226,0.799854736328125
183,0.4320649121488844,0.6657151185936399,0.2584242522716522,0.44166168570518494,0.5556590634300596,0.8001719156901042
184,0.43146452303159805,0.6651923274464078,0.2579033076763153,0.44114774465560913,0.5555803571428571,0.8004452853732639
185,0.4308664942014785,0.6644350113073985,0.2573849558830261,0.4403913915157318,0.5555032203311012,0.8007610405815972
186,0.43029793894858587,0.6637948983775245,0.2568955719470978,0.4397532045841217,0.5554259672619047,0.8010693359375
187,0.42973990632238845,0.6633188036812676,0.25641539692878723,0.43928682804107666,0.555348888578869,0.8013323974609375
188,0.42918125522704353,0.6625972851117452,0.2559348940849304,0.4385666251182556,0.5552737281436012,0.8016415744357639
189,0.4286460292225793,0.6620178428755866,0.2554771304130554,0.4379902482032776,0.5551983351934524,0.8019383409288194
190,0.4281193508647737,0.6614917086760203,0.25502651929855347,0.4374695122241974,0.5551249186197916,0.8022173394097222
191,0.42759268866266525,0.6607987780835893,0.2545744478702545,0.4367729127407074,0.5550543503534227,0.8025377061631944
192,0.4270831354004996,0.6603649411731296,0.25413817167282104,0.436343789100647,0.5549834914434524,0.8028092447916667
193,0.4265652870337168,0.6596308307912615,0.25369390845298767,0.4356047213077545,0.5549135044642857,0.8031322564019098
194,0.4260705613068172,0.6591342342429691,0.2532719075679779,0.4351063072681427,0.5548445056733631,0.8034364827473959
195,0.425588318052746,0.65867697985967,0.25286149978637695,0.43465346097946167,0.5547752743675596,0.8037049696180556
196,0.4251015521344685,0.658036301639345,0.25244662165641785,0.4340095818042755,0.5547080775669643,0.8040144856770833
197,0.4246354193006243,0.6575749440987906,0.25205159187316895,0.4335503876209259,0.5546400088355655,0.804292738172743
198,0.42417383238247464,0.6569868178367615,0.2516610324382782,0.4329604506492615,0.554572986421131,0.8045921495225694
199,0.4237249540828523,0.6565534652868906,0.2512825131416321,0.4325312077999115,0.5545056733630952,0.8048585340711806
200,0.4232826024918329,0.6559541021188101,0.25091052055358887,0.4319300949573517,0.5544395228794643,0.8051558430989584
201,0.42285299282982236,0.6555919462839762,0.2505502700805664,0.43157505989074707,0.5543726748511905,0.8054031032986111
202,0.4224188925198146,0.6549926009178162,0.25018566846847534,0.43097490072250366,0.5543079194568452,0.8056928168402778
203,0.4220070750259218,0.6545643484327529,0.24984368681907654,0.43055200576782227,0.5542433384486607,0.8059532335069445
204,0.4216029217129662,0.6540760528511471,0.24950909614562988,0.430068701505661,0.5541793387276785,0.8062148708767362
205,0.4212083605527878,0.6536516188780467,0.24918358027935028,0.42965200543403625,0.5541153971354167,0.8064603678385417
206,0.4208204816125688,0.6530919637150234,0.24886558949947357,0.4290967583656311,0.5540519205729166,0.8067275661892361
207,0.42044376452196214,0.6527699706289504,0.24855820834636688,0.4287872910499573,0.5539897228422619,0.8069525824652778
208,0.42007080713340217,0.652243192381329,0.24825523793697357,0.4282696545124054,0.5539296177455357,0.8071999782986111
209,0.4197068970146633,0.6518613130781385,0.24796058237552643,0.427903413772583,0.5538692801339286,0.8074108208550347
210,0.41934441888332363,0.6513206825521257,0.24766741693019867,0.4273737967014313,0.5538099888392857,0.807646484375
211,0.4189898563623428,0.6509302770031823,0.24738170206546783,0.4270012676715851,0.5537508138020834,0.8078453233506945
212,0.41863708110082715,0.6504003794458177,0.24709832668304443,0.4264855980873108,0.5536936732700893,0.8080670844184028
213,0.4182920795452027,0.6500099964936574,0.2468218356370926,0.4261145293712616,0.5536357770647321,0.8082581922743055
214,0.41794820794037413,0.6494651526610057,0.24654649198055267,0.425583153963089,0.5535789853050596,0.8084800211588542
215,0.41761011328583675,0.6491212711864047,0.24627603590488434,0.42526155710220337,0.5535205078125,0.8086513943142362
216,0.41724695030848186,0.6485352604654101,0.24598091840744019,0.4246904253959656,0.5534620303199405,0.8088624403211806
217,0.4168854791891007,0.6480230769051446,0.2456875741481781,0.42419636249542236,0.5534005301339285,0.8090544976128472
218,0.41652365672020686,0.6476106401019627,0.24539318680763245,0.42380988597869873,0.5533372860863095,0.8092020670572917
219,0.4161505438316436,0.6470171733432346,0.24508734047412872,0.4232335090637207,0.5532764834449405,0.8093961588541667
220,0.4157979275612604,0.6465136462052663,0.24480170011520386,0.422747939825058,0.55321533203125,0.8095840115017361
221,0.41544657678831187,0.6461302240424687,0.24451634287834167,0.4223898947238922,0.5531536574590774,0.8097291395399305
222,0.4150864877076376,0.6455492803520627,0.24422211945056915,0.42182549834251404,0.5530943080357142,0.809920654296875
223,0.4147395859729676,0.6450998935964373,0.24394060671329498,0.4213959276676178,0.5530344935825893,0.8100929090711806
224,0.41439817497276127,0.644633521636327,0.24366416037082672,0.4209498465061188,0.552974621000744,0.8102605523003472
225,0.4140618113619941,0.6441278525193532,0.2433924823999405,0.4204612672328949,0.5529157366071429,0.8104439290364583
226,0.41373240336917694,0.6437699136998919,0.24312692880630493,0.42012789845466614,0.5528556315104166,0.8105844455295139
227,0.41339112962427593,0.6432199980152978,0.24284933507442474,0.4195936620235443,0.552798084077381,0.8107716200086805
228,0.41306598973274233,0.6427589949236976,0.2425875961780548,0.41914936900138855,0.5527401878720238,0.8109518093532986
229,0.412746494894936,0.6424063141875797,0.24233070015907288,0.41882070899009705,0.5526810709635417,0.8110900200737847
230,0.4124152110247385,0.6418733305136363,0.24206192791461945,0.4183032214641571,0.5526246279761905,0.8112735324435764
231,0.4120993162734168,0.6414247596528796,0.24180816113948822,0.4178708791732788,0.5525678943452381,0.8114511447482639
232,0.4117885944900059,0.641075569762124,0.24155883491039276,0.4175446927547455,0.552509998139881,0.8115898980034723
233,0.4114677842060725,0.6405621287557814,0.24129928648471832,0.41704636812210083,0.5524546595982143,0.8117704264322917
234,0.4111627719232014,0.6401300780243344,0.2410551756620407,0.41663041710853577,0.5523988560267857,0.8119436984592013
235,0.41086067672002885,0.639799850066503,0.2408132553100586,0.41632357239723206,0.5523417736235119,0.8120754665798611
236,0.41054812703813826,0.6392974701987373,0.24056077003479004,0.415835976600647,0.5522874232700893,0.8122528754340278
237,0.4102477692763011,0.6388734855651856,0.2403201162815094,0.41542768478393555,0.5522328404017857,0.8124236382378472
238,0.40995022322450364,0.63852297589514,0.24008162319660187,0.41509827971458435,0.5521773856026786,0.8125631374782986
239,0.4096487868172782,0.6380433466434479,0.2398390769958496,0.4146329462528229,0.5521239653087797,0.8127381727430556
240,0.4093573782954897,0.6376982357237074,0.23960594832897186,0.41430747509002686,0.5520693243117559,0.812882080078125
241,0.4090622549567904,0.6372302868631151,0.23936893045902252,0.41385334730148315,0.5520166015625,0.8130564371744792
242,0.4087723813056946,0.6368852020104726,0.23913651704788208,0.41352763772010803,0.551962890625,0.8131985812717014
243,0.40847731402374454,0.6364098295105829,0.23889882862567902,0.41306620836257935,0.5519105747767857,0.8133692084418402
244,0.40818811752682643,0.6360641116566128,0.23866629600524902,0.41274017095565796,0.5518575032552083,0.8135066731770834
245,0.4078939421517509,0.6355864085356394,0.23842859268188477,0.4122758209705353,0.5518064662388393,0.8136770290798611
246,0.40760846592131117,0.6352231294578976,0.23819899559020996,0.4119318425655365,0.5517539760044643,0.8138132052951389
247,0.4073194860276722,0.634716291560067,0.23796570301055908,0.4114396870136261,0.5517035202752976,0.8139737955729167
248,0.40703781988507226,0.6343082593017154,0.23773926496505737,0.41105279326438904,0.5516514369419643,0.8140980360243055
249,0.4067499304555711,0.6337869670391083,0.2375064641237259,0.4105474650859833,0.5516007486979166,0.8142491319444445
250,0.4064666743675868,0.6333812117046781,0.2372777909040451,0.4101630449295044,0.5515482003348214,0.814368896484375
251,0.4061697285402389,0.6328548471397824,0.2370356023311615,0.40965303778648376,0.5514954194568452,0.8145145670572916
252,0.40585699453808016,0.6324124471611446,0.23677802085876465,0.4092341363430023,0.5514362444196429,0.8146199544270833
253,0.40551729289122995,0.6318216322792901,0.23649396002292633,0.40866410732269287,0.5513753255208333,0.814739990234375
254,0.4051810692605518,0.6313496991528406,0.23621302843093872,0.4082181751728058,0.5513121396019345,0.8148297797309028
255,0.404843581477801,0.6307837244139777,0.23593057692050934,0.40767306089401245,0.5512510463169643,0.8149463568793403
256,0.40451504509789604,0.6303347176710764,0.23565655946731567,0.4072498381137848,0.5511884998139881,0.8150341796875
257,0.404182004463105,0.6297860442002614,0.23537775874137878,0.40672120451927185,0.5511281622023809,0.8151517740885417
258,0.40385718728814807,0.6293367106119792,0.23510675132274628,0.4062957763671875,0.5510667782738096,0.8152467176649305
259,0.403532501918929,0.628812541431851,0.23483555018901825,0.40579164028167725,0.5510067894345239,0.8153610568576389
260,0.40321437689236234,0.6283721967538198,0.2345704734325409,0.40537455677986145,0.5509458705357143,0.8154560004340278
261,0.40289640004861926,0.6278663889037239,0.234305277466774,0.4048873782157898,0.5508867536272322,0.8155748155381944
262,0.4025838910114198,0.6274501580397288,0.23404504358768463,0.40449467301368713,0.5508262416294643,0.8156650119357639
263,0.40226745452767326,0.6269443600177765,0.2337806671857834,0.404007226228714,0.5507679966517857,0.8157826063368055
264,0.401958088301477,0.6265017787085639,0.2335229367017746,0.40358471870422363,0.5507092866443453,0.8158889431423612
265,0.4016509087653387,0.6260584422747294,0.23326700925827026,0.40316301584243774,0.5506513904389881,0.8159863959418403
266,0.40133998271964844,0.625573517454995,0.23300696909427643,0.4026969373226166,0.5505948311941964,0.8160975477430555
267,0.401034401348659,0.6251450761424171,0.2327519655227661,0.4022895395755768,0.5505380394345238,0.8161958821614583
268,0.40073082351684575,0.6246828676594628,0.2324986457824707,0.4018460214138031,0.5504824683779762,0.816305677625868
269,0.4004337245566505,0.6242885982990265,0.23225121200084686,0.401474267244339,0.5504264904203869,0.816392822265625
270,0.4001368584349042,0.6238290089236366,0.23200367391109467,0.40103182196617126,0.5503734188988095,0.816508314344618
271,0.39984887543746406,0.6234095584286584,0.23176462948322296,0.4006301462650299,0.550320289248512,0.81661865234375
272,0.39956603717236294,0.6230577352841695,0.2315302938222885,0.4003000855445862,0.5502666364397322,0.8167061360677084
273,0.3992820648522604,0.6226177275180816,0.23129452764987946,0.39987602829933167,0.550215076264881,0.8168235948350695
274,0.39900579486574445,0.622229391945733,0.23106616735458374,0.3995044231414795,0.5501637486049107,0.8169357638888889
275,0.39873264231568295,0.621888564295239,0.23084045946598053,0.3991844356060028,0.5501113164992559,0.81702392578125
276,0.39845727013973964,0.6214725440343222,0.23061232268810272,0.398783802986145,0.5500613839285714,0.8171409776475694
277,0.39818800841059004,0.6211031283272638,0.23038998246192932,0.3984304666519165,0.5500113351004464,0.8172528754340278
278,0.3979230784007481,0.6207711575561099,0.2301715612411499,0.39811810851097107,0.5499603562127976,0.8173440212673612
279,0.3976551655303864,0.6203771469593048,0.2299499362707138,0.3977389633655548,0.5499115862165178,0.8174601236979167
280,0.397394383260182,0.6200264077186585,0.22973504662513733,0.3974032998085022,0.5498625837053571,0.8175730387369792
281,0.39713759883812494,0.6196951428784265,0.22952409088611603,0.3970926105976105,0.549812244233631,0.8176565212673611
282,0.39684710729122163,0.6192323883109623,0.22928045690059662,0.39664867520332336,0.5497571963355655,0.8177494981553819
283,0.396492731037594,0.6186183681488038,0.22897538542747498,0.39606642723083496,0.5496888369605655,0.8177766927083333
284,0.39614494672843387,0.6181084627045526,0.2286764234304428,0.3955913186073303,0.5496197219122024,0.8177855767144098
285,0.3957955656903131,0.6175327014923095,0.22837553918361664,0.39504551887512207,0.5495528738839286,0.8178194173177084
286,0.3954522492431459,0.61701170624627,0.22808024287223816,0.39455437660217285,0.5494862583705357,0.8178516981336805
287,0.39523237624054863,0.6166010921531254,0.22790659964084625,0.39417460560798645,0.5494259207589286,0.8178761121961805
288,0.3950393707525162,0.6166227074464162,0.22775503993034363,0.3941914737224579,0.5493882533482143,0.818077392578125
289,0.3948472796337945,0.6164548420641157,0.22760425508022308,0.3940190374851227,0.549350120907738,0.8182764350043403
290,0.3946574857405254,0.6163478546407488,0.2274555116891861,0.39391079545021057,0.5493111165364584,0.8184564887152778
291,0.3944673174279077,0.6161685996055604,0.22730620205402374,0.39372676610946655,0.5492740885416667,0.8186554633246528
292,0.3942818731069565,0.6160301460160149,0.22716151177883148,0.3935851454734802,0.5492368861607143,0.8188456217447917
293,0.3940982487599055,0.615924187315835,0.22701825201511383,0.39347967505455017,0.5491984049479167,0.8190140787760417
294,0.3939102030141013,0.6157537441253662,0.22687026858329773,0.39330458641052246,0.549162132626488,0.8192092556423611
295,0.3937255629925501,0.6156164589193133,0.22672542929649353,0.3931635916233063,0.549125744047619,0.8193983289930555
296,0.39354391621408014,0.6155087820688884,0.22658339142799377,0.39305567741394043,0.549088134765625,0.8195675998263889
297,0.39335949666727155,0.6153402483463287,0.22643841803073883,0.39288297295570374,0.5490524437313988,0.8197579616970486
298,0.3931779416515714,0.6152135102483962,0.22629597783088684,0.3927537798881531,0.5490162876674107,0.8199375406901042
299,0.39299843054158345,0.6150831032329135,0.2261553257703781,0.39262133836746216,0.5489803641183035,0.8201140679253472
300,0.3928234860613232,0.6149339488082461,0.22601915895938873,0.3924693763256073,0.5489450218563988,0.8202947319878472
301,0.39265019224371234,0.6148427379131317,0.22588439285755157,0.3923799693584442,0.5489083426339286,0.8204496256510416
302,0.39247284743331723,0.6146761102411482,0.22574542462825775,0.3922102153301239,0.5488740466889881,0.8206309678819445
303,0.39229882507664815,0.6145486895508236,0.2256094068288803,0.3920802175998688,0.5488397507440477,0.8208076985677083
304,0.3921262182394663,0.6144572896957398,0.22547456622123718,0.391990065574646,0.5488042340959821,0.8209625922309027
305,0.3919491107463837,0.6143056276374393,0.22533485293388367,0.39183464646339417,0.5487712751116072,0.8211433919270833
306,0.3917798877670651,0.6141726442443,0.22520297765731812,0.39169949293136597,0.5487378510974702,0.821315443250868
307,0.39161038664976755,0.6140869694285922,0.2250705510377884,0.39161592721939087,0.5487030319940476,0.8214630805121528
308,0.39143425908542817,0.6139437248176999,0.22493109107017517,0.39146921038627625,0.5486711193266369,0.8216396755642361
309,0.3912629561310723,0.613832564247979,0.22479620575904846,0.3913552761077881,0.5486390322730654,0.8218112521701388
310,0.3910958778176989,0.6137394036981796,0.22466549277305603,0.3912641704082489,0.5486050851004465,0.8219564480251736
311,0.3909256858087722,0.6135885353618198,0.22453145682811737,0.39111071825027466,0.5485734630766369,0.8221263970269097
312,0.3907611641770318,0.6134686087502375,0.22440293431282043,0.39098918437957764,0.5485414341517857,0.8222901746961806
313,0.3905970189968745,0.6133835062185923,0.22427459061145782,0.39090678095817566,0.5485077194940476,0.8224296061197917
314,0.3904321501198269,0.6132328309482998,0.22414530813694,0.3907540440559387,0.5484765625,0.8225947401258681
315,0.390277178242093,0.6130886160797543,0.2240261435508728,0.39060989022254944,0.5484442429315476,0.8227491590711805
316,0.3901232831705185,0.6129946721659767,0.22390785813331604,0.39052048325538635,0.5484103538876488,0.8228784857855903
317,0.38996720556418096,0.6128293588691288,0.22378723323345184,0.39035502076148987,0.5483787318638392,0.8230330403645834
318,0.38981727664811266,0.6126880701118046,0.22367265820503235,0.39021483063697815,0.5483464704241071,0.8231800672743056
319,0.38966873280207315,0.6125839794211918,0.2235594391822815,0.39011672139167786,0.548312523251488,0.8233007134331597
320,0.3895167070683979,0.6124082313378651,0.2234424650669098,0.38994184136390686,0.5482807268415179,0.8234480794270833
321,0.3893697102240154,0.612269255346722,0.2233303338289261,0.38980475068092346,0.5482486979166666,0.8235890028211805
322,0.3892242696512313,0.6121562285688188,0.22321978211402893,0.3896983563899994,0.5482148670014881,0.8237044270833334
323,0.3890758828946522,0.6119779071013133,0.22310598194599152,0.38952162861824036,0.5481832449776786,0.8238459608289931
324,0.3889334024872099,0.6118149355252583,0.22299818694591522,0.3893621563911438,0.5481505766369048,0.8239774576822917
325,0.38879120552539825,0.611695950905482,0.22289057075977325,0.3892509639263153,0.548116455078125,0.8240852864583333
326,0.3886458977290562,0.6115068522029453,0.2227795124053955,0.3890642523765564,0.5480845424107142,0.8242209879557292
327,0.38850531244845615,0.6113528377479978,0.22267301380634308,0.3889136016368866,0.548052222842262,0.8243505859375
328,0.38836508659521735,0.6112313782903883,0.22256682813167572,0.38879984617233276,0.5480183337983631,0.8244563802083333
329,0.3882215122268314,0.6110410152011447,0.22245699167251587,0.3886122703552246,0.547986595517113,0.8245878092447917
330,0.38808227040654136,0.6108852948612638,0.2223513424396515,0.3884602189064026,0.5479544503348214,0.8247135416666667
331,0.3879436780100777,0.6107611016167535,0.2222462147474289,0.38834381103515625,0.5479207356770833,0.8248163519965278
332,0.3878016368037179,0.6105744190216065,0.22213737666606903,0.38815999031066895,0.5478892299107143,0.8249449327256945
333,0.3876637700455529,0.6104206315411462,0.2220325618982315,0.38801005482673645,0.5478575497581846,0.825067613389757
334,0.3875270742518561,0.6102963597774506,0.22192879021167755,0.38789352774620056,0.5478240676153274,0.8251681857638888
335,0.38738673445724303,0.6101120235390134,0.22182105481624603,0.3877119719982147,0.5477930268787202,0.8252947319878472
336,0.3872499730643772,0.6099576116402944,0.2217167466878891,0.3875613510608673,0.5477615792410714,0.8254149712456598
337,0.3871155977476211,0.6098136952983009,0.2216150164604187,0.38742581009864807,0.547727806454613,0.8255107964409722
338,0.3869777249041058,0.6096244997978211,0.22150948643684387,0.38724058866500854,0.5476964750744048,0.8256298828125
339,0.386843554746537,0.6094632024500105,0.2214074730873108,0.3870839774608612,0.5476646786644346,0.8257439507378472
340,0.3867104650849388,0.6093306131098005,0.22130648791790009,0.3869602382183075,0.5476310221354167,0.8258348253038195
341,0.3865738920597803,0.6091400035222371,0.22120168805122375,0.3867734670639038,0.547599865141369,0.8259519449869792
342,0.3864399445000149,0.6089812663131291,0.221099391579628,0.38661953806877136,0.5475684175037202,0.826063232421875
343,0.38630831603209176,0.608844172583686,0.2209993153810501,0.3864903450012207,0.547535400390625,0.8261568196614584
344,0.38617330998466126,0.6086598932213253,0.22089558839797974,0.386309951543808,0.5475045921688988,0.8262715657552083
345,0.38604194701853256,0.6084993180963728,0.22079531848430634,0.386153906583786,0.547473377046131,0.8263817003038194
346,0.385911086678505,0.608371107392841,0.22069551050662994,0.386034220457077,0.5474403018043155,0.8264695909288194
347,0.38577694725422634,0.6081826719443003,0.22059215605258942,0.3858496844768524,0.54740966796875,0.82658203125
348,0.3856452489921025,0.6080249416033426,0.22049102187156677,0.3856964707374573,0.5473787434895834,0.826689927842882
349,0.3855155085949671,0.6078860387007395,0.22039183974266052,0.3855649530887604,0.5473465401785714,0.8267820231119791
350,0.3853835009166172,0.6077031439940135,0.22029006481170654,0.38538578152656555,0.5473160807291667,0.8268927680121527
351,0.38525344708987647,0.6075592372152541,0.22019019722938538,0.38524800539016724,0.547284691220238,0.8269901529947916
352,0.38512402483395164,0.6073903574148815,0.22009071707725525,0.3850836455821991,0.5472539411272321,0.8270951334635417
353,0.38499599092347286,0.6072599056561788,0.21999260783195496,0.3849615454673767,0.5472216796875,0.8271791585286459
354,0.3848650962227867,0.607076698647605,0.21989129483699799,0.3847821056842804,0.5471915690104167,0.8272867838541667
355,0.38473672014191035,0.6069235019948748,0.21979239583015442,0.3846336901187897,0.5471611676897321,0.8273885091145833
356,0.3846098748672576,0.6067860406504737,0.21969498693943024,0.3845039904117584,0.5471292550223215,0.8274734157986111
357,0.38448049261456446,0.6066102763811747,0.21959465742111206,0.38433176279067993,0.5470994931175596,0.8275798882378472
358,0.3843529922451292,0.6064580926630232,0.21949614584445953,0.3841840922832489,0.5470692661830358,0.8276806640625
359,0.3842260613952364,0.6063260258833567,0.21939821541309357,0.3840600550174713,0.5470371791294643,0.8277619086371528
360,0.3840963558866864,0.606143755780326,0.2192971557378769,0.38388141989707947,0.5470073009672619,0.8278658040364584
361,0.3839685373363041,0.6059921177758112,0.21919788420200348,0.38373446464538574,0.5469771321614584,0.8279635959201389
362,0.38384190760340015,0.6058503886593712,0.21909978985786438,0.3835999071598053,0.5469456845238095,0.8280474853515625
363,0.38371408167339505,0.605678601079517,0.2190002202987671,0.38343265652656555,0.5469154575892857,0.82814453125
364,0.38358729259740737,0.605523462984297,0.21890155971050262,0.38328248262405396,0.5468853469122024,0.8282389322916667
365,0.3834623570782798,0.6053872652848561,0.2188047468662262,0.3831542432308197,0.5468537248883929,0.828316650390625
366,0.383334988565672,0.6052116166220771,0.2187052220106125,0.38298285007476807,0.5468240792410715,0.8284136284722222
367,0.3832095916668574,0.6050591951741112,0.21860750019550323,0.3828354775905609,0.546794201078869,0.8285055881076389
368,0.3830859563804808,0.6049276728630066,0.21851155161857605,0.38271206617355347,0.5467627534412203,0.8285805257161458
369,0.3829598858867373,0.6047527100245158,0.21841280162334442,0.38254106044769287,0.5467333984375,0.8286767578125
370,0.3828352386156718,0.6046023624208239,0.21831542253494263,0.38239586353302,0.5467036365327381,0.8287662760416666
371,0.3827116173108419,0.6044573160012564,0.21821898221969604,0.38225725293159485,0.5466732933407739,0.8288482666015625
372,0.3825879014333089,0.6042983298301697,0.21812224388122559,0.3821033835411072,0.5466437639508929,0.828936767578125
373,0.3824649763788496,0.6041521222061581,0.21802622079849243,0.3819632828235626,0.54661376953125,0.8290193684895834
374,0.38234292278970994,0.6039953549702962,0.2179308831691742,0.38181161880493164,0.5465843563988095,0.8291067165798611
375,0.38222204819179717,0.6038691454993353,0.2178366780281067,0.38169360160827637,0.5465533156622023,0.8291765679253472
376,0.38209883909566067,0.6036979773574406,0.21773986518383026,0.3815266788005829,0.5465245419456846,0.8292673068576389
377,0.38197702775682724,0.6035527259508768,0.2176443338394165,0.38138657808303833,0.5464954194568452,0.8293524848090278
378,0.38185654220694587,0.6034025842878554,0.21754999458789825,0.3812415599822998,0.546466296968006,0.8294371880425347
379,0.3817369772536414,0.6032795065508948,0.21745656430721283,0.38112685084342957,0.5464356631324405,0.829503919813368
380,0.3816152965681894,0.603110980298784,0.21736067533493042,0.3809623122215271,0.5464071800595238,0.8295932345920138
381,0.3814950118405479,0.6029701308939193,0.21726611256599426,0.38082656264305115,0.5463783482142858,0.8296762424045139
382,0.3813756603967576,0.6028207132286496,0.21717238426208496,0.3806823194026947,0.5463495163690476,0.82975830078125
383,0.38125776926676436,0.6026984604994455,0.21708011627197266,0.38056841492652893,0.5463191731770833,0.8298228624131945
384,0.38113753127484096,0.6025336609416538,0.21698521077632904,0.3804081082344055,0.5462909226190477,0.8299075656467014
385,0.38101855692976994,0.6023916861746047,0.21689145267009735,0.3802714943885803,0.5462623232886905,0.8299869791666666
386,0.3809003908463887,0.6022467905945248,0.21679840981960297,0.38013210892677307,0.5462337239583334,0.8300651041666667
387,0.3807833918049222,0.6021256567637125,0.21670660376548767,0.3800199031829834,0.5462033226376488,0.8301245795355903
388,0.3806639746711368,0.6019645617538029,0.2166121006011963,0.3798641860485077,0.5461750139508929,0.8302027723524306
389,0.38054535744871415,0.6018263754049937,0.2165183275938034,0.3797323405742645,0.5461461821056548,0.8302752007378472
390,0.38042723810105095,0.6016830141544341,0.21642494201660156,0.37959542870521545,0.5461174083891369,0.8303465440538195
391,0.38031001282305943,0.6015575693448385,0.21633245050907135,0.3794787526130676,0.546087413969494,0.8304050021701389
392,0.3801917825256075,0.6013998762501611,0.21623869240283966,0.3793266713619232,0.546059105282738,0.830479736328125
393,0.3800746221599125,0.6012628379133013,0.21614588797092438,0.37919601798057556,0.546030505952381,0.8305497233072917
394,0.3799583177112398,0.6011391432285309,0.21605396270751953,0.3790811598300934,0.5460006277901785,0.8306061469184027
395,0.37984093955017273,0.6009838985602061,0.21596069633960724,0.37893161177635193,0.545972435360863,0.8306788465711805
396,0.3797242951449894,0.6008481179873149,0.21586807072162628,0.37880223989486694,0.5459438941592262,0.8307470703125
397,0.3796085622480937,0.6007222293747797,0.21577633917331696,0.3786846995353699,0.5459143647693452,0.830804443359375
398,0.379492556702523,0.6005767737494574,0.21568416059017181,0.37854576110839844,0.545885997953869,0.8308713107638889
399,0.3793768091372081,0.6004383855660756,0.21559207141399384,0.37841370701789856,0.5458576311383928,0.8309383138020834
400,0.3792615768852688,0.6003006178802914,0.2155003696680069,0.37828221917152405,0.5458293805803571,0.8310050455729167
401,0.3791467371384303,0.6001673861874475,0.2154090255498886,0.3781558573246002,0.5458009556361607,0.8310683865017361
402,0.37903224551677706,0.6000321441756354,0.21531789004802704,0.3780274987220764,0.5457724144345238,0.8311309136284722
403,0.3789182386682147,0.5998958555327522,0.21522708237171173,0.3778976798057556,0.5457442220052083,0.831195068359375
404,0.378804738459133,0.5997701966232724,0.21513678133487701,0.3777797520160675,0.5457154482886905,0.8312522379557291
405,0.3786915121929986,0.599628649049335,0.21504651010036469,0.37764427065849304,0.545687488374256,0.8313174777560763
406,0.3785786271776472,0.5994946466286977,0.21495652198791504,0.3775165379047394,0.5456595284598215,0.831381361219618
407,0.3784662218604769,0.5993630910184649,0.21486689150333405,0.3773915469646454,0.545631336030506,0.83144287109375
408,0.3783544477905546,0.5992271186245812,0.21477775275707245,0.37726154923439026,0.5456034923735119,0.8315070258246527
409,0.37824334902422774,0.5991124597655403,0.21468935906887054,0.37715548276901245,0.5455743117559524,0.8315569390190972
410,0.3781312942788715,0.5989631465011173,0.21459968388080597,0.3770112693309784,0.5455470493861607,0.831624755859375
411,0.3780200129179727,0.5988359663221572,0.2145107239484787,0.3768901824951172,0.5455194382440476,0.83168701171875
412,0.3779093213762556,0.5987021418412527,0.21442222595214844,0.3767622411251068,0.5454918271019346,0.8317496066623263
413,0.3777989892618997,0.5985754270553589,0.21433404088020325,0.376642107963562,0.5454639834449405,0.8318082682291666
414,0.37768906487737386,0.5984414942529466,0.21424612402915955,0.3765140175819397,0.5454363723028274,0.8318701171875
415,0.37757963370709197,0.5983268148899079,0.21415875852108002,0.37640753388404846,0.5454078311011905,0.8319194878472222
416,0.37746991784799666,0.5981875192854139,0.21407081186771393,0.37627387046813965,0.5453804524739584,0.8319814724392361
417,0.377360525063106,0.5980595440864562,0.21398311853408813,0.3761518597602844,0.5453529575892857,0.8320412868923611
418,0.37725141392435346,0.5979296279748282,0.21389564871788025,0.3760282099246979,0.5453254627046131,0.8320993381076389
419,0.3771426640124548,0.5977993306848738,0.21380844712257385,0.37590405344963074,0.5452979678199404,0.8321575249565972
420,0.37703429604144323,0.5976726533836789,0.21372152864933014,0.375783771276474,0.5452702404203869,0.8322136773003472
421,0.3769260690552848,0.5975446187390222,0.2136346697807312,0.3756621181964874,0.545242687406994,0.8322696940104166
422,0.3768181702182407,0.5974193376700083,0.21354803442955017,0.3755435645580292,0.545215076264881,0.8323234049479167
423,0.37671053591228665,0.597288779841529,0.2134615182876587,0.3754189610481262,0.545187755766369,0.8323805067274306
424,0.37660319889159427,0.5971663462320964,0.2133752703666687,0.3753032684326172,0.5451603190104166,0.8324334038628473
425,0.37649617945580255,0.5970351680914562,0.21328917145729065,0.37517794966697693,0.545133056640625,0.8324900987413194
426,0.37638949292046686,0.5969130801624722,0.21320337057113647,0.37506240606307983,0.5451055617559524,0.8325428602430556
427,0.3762836960270291,0.5967846952279409,0.2131182849407196,0.3749399483203888,0.5450784737723214,0.8325983344184028
428,0.3761782807509104,0.596666084157096,0.21303358674049377,0.3748283088207245,0.5450510951450893,0.8326482476128472
429,0.3760730747381846,0.5965369711187152,0.21294888854026794,0.37470510601997375,0.545024181547619,0.8327029079861111
430,0.37596813219501857,0.5964139862855276,0.21286438405513763,0.3745882213115692,0.5449973260788691,0.83275634765625
431,0.37586376752172196,0.5962957067754533,0.2127804458141327,0.37447717785835266,0.5449698893229167,0.8328034125434027
432,0.37575951255503154,0.5961674360434215,0.21269647777080536,0.3743550479412079,0.5449430338541666,0.8328558349609375
433,0.37565582268011,0.5960442345672183,0.21261291205883026,0.37423786520957947,0.5449162946428572,0.8329082573784722
434,0.3755524043015071,0.5959210468133291,0.21252962946891785,0.3741210997104645,0.5448895554315476,0.8329586452907987
435,0.3754493514867056,0.5957985106044346,0.21244655549526215,0.3740050196647644,0.5448626999627976,0.8330079481336805
436,0.3753465472403027,0.5956775189505683,0.21236366033554077,0.3738902807235718,0.5448362513950893,0.833058336046007
437,0.3752439926238287,0.5955552100870344,0.21228086948394775,0.37377461791038513,0.5448095703125,0.8331058078342014
438,0.3751413256724676,0.5954315212302739,0.21219788491725922,0.3736572563648224,0.5447834123883929,0.8331549750434027
439,0.3750393546479089,0.5953065976566738,0.21211542189121246,0.373538076877594,0.5447572544642857,0.8332061767578125
440,0.3749373970485869,0.5951860905223422,0.21203291416168213,0.37342363595962524,0.5447313290550595,0.8332556830512152
441,0.3748346455835161,0.5950591577159035,0.21194933354854584,0.3733021318912506,0.5447059849330357,0.8333075629340277
442,0.37473234041531883,0.5949370330704584,0.21186617016792297,0.37318557500839233,0.5446807570684524,0.8333586968315972
443,0.37462999954110104,0.5948157641622756,0.21178273856639862,0.3730691075325012,0.5446558779761905,0.8334128824869792
444,0.3745274900027684,0.5946972479555341,0.21169906854629517,0.3729553520679474,0.54463134765625,0.8334672037760417
445,0.37442508362020765,0.5945741657680935,0.21161533892154694,0.3728365898132324,0.5446068754650297,0.83352294921875
446,0.37432305410362426,0.594457839065128,0.21153192222118378,0.372724711894989,0.5445826357886905,0.8335780164930555
447,0.3742211408444814,0.5943358875910442,0.21144850552082062,0.37260687351226807,0.544558337983631,0.8336341010199653
448,0.37411957432542525,0.5942207909690009,0.2113654762506485,0.37249672412872314,0.54453369140625,0.8336858452690972
449,0.3740182185456866,0.5940991880098979,0.21128250658512115,0.37237948179244995,0.5445092192150298,0.8337399631076389
450,0.37391704739275433,0.593982913573583,0.21119971573352814,0.37226811051368713,0.5444846888950893,0.8337912326388889
451,0.3738163137719745,0.593862478070789,0.211117222905159,0.3721522390842438,0.5444603329613096,0.8338437228732639
452,0.37371576731545586,0.5937468110985227,0.211034893989563,0.3720415532588959,0.5444356863839286,0.8338936360677084
453,0.3736153709320795,0.5936279377937317,0.21095263957977295,0.37192755937576294,0.5444112723214286,0.8339439561631945
454,0.37351520674001604,0.5935090166727702,0.21087048947811127,0.3718132972717285,0.5443868001302083,0.8339946831597222
455,0.37341528096653165,0.5933941900465224,0.2107885777950287,0.3717036247253418,0.5443622698102678,0.8340428331163194
456,0.373315560857455,0.5932755374908447,0.21070675551891327,0.37158989906311035,0.5443377976190477,0.8340916612413194
457,0.37321615874767305,0.5931605340109931,0.21062521636486053,0.3714801073074341,0.5443133254278274,0.8341387939453125
458,0.37311682999134066,0.5930424568123287,0.21054358780384064,0.3713667094707489,0.5442889694940476,0.8341878933376736
459,0.37301784977458774,0.5929290451738569,0.2104623019695282,0.371258407831192,0.5442644973028273,0.8342347547743055
460,0.3729192039342154,0.5927887834972806,0.2103813737630844,0.37112176418304443,0.5442397925967262,0.8342888726128472
461,0.37282059943108337,0.5927006305058797,0.2103002369403839,0.3710383176803589,0.5442153785342262,0.8343366156684028
462,0.37272223662194753,0.5925832517676883,0.2102193534374237,0.37092605233192444,0.5441909644717262,0.8343823920355903
463,0.3726242499408268,0.5924680123858982,0.21013875305652618,0.370815634727478,0.5441665504092262,0.8344291178385417
464,0.37252650020236067,0.5923540882269541,0.210058331489563,0.3707066476345062,0.5441421944754464,0.83447509765625
465,0.3724288609084629,0.5922398417790731,0.2099779099225998,0.370597243309021,0.5441177222842262,0.8345208062065972
466,0.37233139503002166,0.5921045777797699,0.20989780128002167,0.37046584486961365,0.5440927269345238,0.834571533203125
467,0.37223336470694773,0.592014182779524,0.2098170816898346,0.37038129568099976,0.5440675571986607,0.8346120198567708
468,0.37213506108806244,0.591897741953532,0.20973612368106842,0.3702712059020996,0.5440416899181547,0.8346495225694445
469,0.372037267384075,0.5917873276074728,0.20965568721294403,0.37016743421554565,0.5440158226376488,0.834685533311632
470,0.37194026657513213,0.591626899851693,0.20957663655281067,0.3700161278247833,0.5439877464657739,0.8347100830078125
471,0.3718434638693219,0.5915340553389655,0.2094969004392624,0.36992937326431274,0.5439622860863095,0.8347478569878473
472,0.37174730486529217,0.5913972931438023,0.209417924284935,0.3697975277900696,0.5439363606770833,0.8347915310329861
473,0.37165164940697804,0.5912591348754035,0.2093399167060852,0.369668185710907,0.5439084007626488,0.8348162163628472
474,0.37155550955023087,0.5911696755091349,0.20926065742969513,0.36958491802215576,0.543883056640625,0.8348525661892361
475,0.3714600751229695,0.5910561487144894,0.20918206870555878,0.36947759985923767,0.543857654389881,0.8348886447482639
476,0.3713649800050826,0.5908990229765574,0.20910438895225525,0.3693290054798126,0.5438300432477678,0.834913804796007
477,0.37126946009340744,0.5908102628125085,0.2090255171060562,0.3692462742328644,0.5438048153831845,0.834949951171875
478,0.3711748913185937,0.5906744434303708,0.20894761383533478,0.36911484599113464,0.5437791224888393,0.834993896484375
479,0.37108008112226215,0.5905345032480028,0.20887017250061035,0.3689841628074646,0.5437510463169642,0.8350147840711806
480,0.3709853458063943,0.590448541826672,0.20879188179969788,0.3689042031764984,0.5437258765811012,0.835050048828125
481,0.3708910088084993,0.5903374029795329,0.20871394872665405,0.36879897117614746,0.5437005905877976,0.83508544921875
482,0.37079686801206496,0.5901789002418518,0.20863701403141022,0.36864954233169556,0.543672340029762,0.835106201171875
483,0.3707025179125014,0.5900960867934756,0.20855902135372162,0.3685729205608368,0.5436466471354167,0.8351395670572916
484,0.37060880676337654,0.5899643032020992,0.20848171412944794,0.36844584345817566,0.543620372953869,0.8351799858940973
485,0.3705151921680996,0.5898366442521413,0.20840513706207275,0.36832746863365173,0.5435918898809524,0.8351985677083333
486,0.37042112952754613,0.5897496220535703,0.20832736790180206,0.36824706196784973,0.5435656156994048,0.8352288818359375
487,0.37032757541679207,0.5896308294667139,0.20825029909610748,0.3681357800960541,0.5435385277157738,0.8352548556857639
488,0.3702337869916643,0.58949869661861,0.20817327499389648,0.36801251769065857,0.5435100446428571,0.8352741156684028
489,0.3701403095097769,0.5893894153436026,0.20809613168239594,0.36790886521339417,0.5434828404017857,0.8353085666232639
490,0.37004805738017676,0.5892533332241906,0.20802070200443268,0.36778202652931213,0.5434538922991071,0.8353257921006945
491,0.3699551241851988,0.5891652221149868,0.20794370770454407,0.3676998019218445,0.5434277925037202,0.8353580729166666
492,0.3698620586792628,0.5890589012304942,0.20786653459072113,0.36759981513023376,0.5434019252232143,0.8353881157769097
493,0.36976707087244304,0.5888960446251763,0.20778825879096985,0.3674471378326416,0.5433729771205357,0.8354001193576389
494,0.3696704534008389,0.5887968906031714,0.20770743489265442,0.3673537075519562,0.543346935453869,0.8354325358072917
495,0.36957510105201175,0.5887162965668572,0.2076278179883957,0.3672805428504944,0.5433209519159227,0.8354562038845487
496,0.3694806917621976,0.5885493711365595,0.20754989981651306,0.36712390184402466,0.5432922944568452,0.8354668511284722
497,0.3693861421857561,0.5884741568830278,0.20747089385986328,0.367055743932724,0.5432666015625,0.8354916720920139
498,0.3692927385228021,0.5883678470452627,0.20739297568798065,0.3669561445713043,0.5432409086681548,0.8355179172092014
499,0.3691993551992235,0.5881864668528238,0.20731599628925323,0.36678338050842285,0.5432118443080357,0.8355360243055555
500,0.3691059180441357,0.5881379437181685,0.20723789930343628,0.3667415678501129,0.5431861514136904,0.8355615234375
501,0.3690142353035155,0.5880074995093876,0.20716175436973572,0.3666183054447174,0.5431597609747024,0.8355849880642361
502,0.36892301408449807,0.5879054720931582,0.20708593726158142,0.36652323603630066,0.5431336030505952,0.835609130859375
503,0.3688318406116395,0.5877705953121185,0.20701052248477936,0.3663967549800873,0.5431060500372024,0.8356264919704861
504,0.3687404368888764,0.5876666351159413,0.2069343775510788,0.3662978708744049,0.5430798921130953,0.8356592475043403
505,0.36864979658240365,0.587546781539917,0.20685948431491852,0.36618685722351074,0.5430518740699405,0.8356738959418403
506,0.36855945181278954,0.5874627594153087,0.20678408443927765,0.3661087453365326,0.5430264718191964,0.8357016330295138
507,0.3684698715209961,0.5873245724836985,0.2067098617553711,0.3659779131412506,0.5429997907366071,0.8357230631510416
508,0.3683799447218577,0.5872223567167918,0.20663490891456604,0.3658805191516876,0.5429739234561012,0.8357558865017362
509,0.36829025292396544,0.5870944568581051,0.20656076073646545,0.36576172709465027,0.5429459054129464,0.8357680935329861
510,0.3682003085953849,0.5870161275068919,0.2064855694770813,0.3656894266605377,0.5429205031622024,0.8357942708333334
511,0.3681109807945433,0.5868867638376024,0.20641133189201355,0.3655676245689392,0.5428938220796131,0.8358131917317708
512,0.36802257456098286,0.5867793380154505,0.20633769035339355,0.36546507477760315,0.5428680129278274,0.8358447265625
513,0.36793403006167635,0.5866464822557238,0.2062644511461258,0.3653407096862793,0.5428404017857142,0.8358593071831597
514,0.36784582400321963,0.5865733217133416,0.2061907947063446,0.36527401208877563,0.5428148251488095,0.8358820258246528
515,0.36775814907891413,0.5864482815000747,0.20611804723739624,0.36515700817108154,0.5427879115513393,0.8358974880642361
516,0.367671207405272,0.5863641387091743,0.20604556798934937,0.365079402923584,0.5427625093005952,0.8359195963541667
517,0.36758405960173834,0.5861860828664569,0.20597368478775024,0.3649088442325592,0.542734375,0.8359383138020834
518,0.36749646767548155,0.5861432153913709,0.2059004157781601,0.36487269401550293,0.5427089146205357,0.8359587266710069
519,0.36740962205046696,0.5860142161051433,0.20582829415798187,0.36475181579589844,0.5426820591517857,0.8359727647569445
520,0.36732342788151334,0.585928692261378,0.2057563066482544,0.3646722733974457,0.5426570638020833,0.8359967719184028
521,0.3672370163713183,0.585755939218733,0.20568504929542542,0.36450809240341187,0.5426282900855655,0.8360088433159722
522,0.36715020249003455,0.5857143587801192,0.20561233162879944,0.3644731342792511,0.5426030040922619,0.8360287136501736
523,0.36706427409535364,0.5855815450085534,0.20554086565971375,0.3643477261066437,0.5425766717819941,0.8360455322265625
524,0.36697877986658184,0.5855036860307057,0.20546944439411163,0.3642767369747162,0.5425512114025297,0.8360638427734375
525,0.36689323908374427,0.5853290283150143,0.20539884269237518,0.36411067843437195,0.5425225539434524,0.8360747612847222
526,0.36680736388478963,0.5852824539608426,0.20532682538032532,0.36407017707824707,0.5424976748511905,0.8360965983072917
527,0.3667220303842,0.5851585235595702,0.20525579154491425,0.3639545440673828,0.5424709937686012,0.8361077202690972
528,0.36663713146391375,0.5850640544891357,0.2051849365234375,0.36386752128601074,0.542445068359375,0.8361225043402778
529,0.3665526139282045,0.5849118198023903,0.20511481165885925,0.3637221157550812,0.5424179222470238,0.8361410183376736
530,0.36646776321956087,0.5848637386957805,0.20504367351531982,0.36368095874786377,0.5423926943824404,0.8361574300130208
531,0.3663835807981945,0.584713756190406,0.20497393608093262,0.3635404706001282,0.5423649088541667,0.8361621771918403
532,0.3662990175485611,0.5846436079872979,0.2049030214548111,0.36347711086273193,0.5423396809895833,0.8361789279513889
533,0.3662150483131409,0.5844970527225071,0.20483309030532837,0.36333680152893066,0.5423131742931547,0.8361991373697917
534,0.36613217503116247,0.584445813814799,0.2047637552022934,0.3632925748825073,0.5422879464285715,0.8362141927083333
535,0.36605195775486177,0.5842716377046373,0.20469698309898376,0.3631242513656616,0.5422642299107143,0.8362361653645833
536,0.3659714004312243,0.5842073431809743,0.20462927222251892,0.36306437849998474,0.5422418503534226,0.836263427734375
537,0.3658916423718135,0.5840472628010643,0.2045625001192093,0.3629074990749359,0.5422194126674107,0.8362974717881945
538,0.3658121444157192,0.583992308219274,0.20449566841125488,0.3628561794757843,0.5421976143973214,0.8363283962673611
539,0.36573260087626325,0.5838304939799839,0.20442934334278107,0.36270076036453247,0.5421738978794642,0.836346435546875
540,0.3656528433731624,0.5837616431183285,0.20436212420463562,0.3626357614994049,0.5421522158668155,0.8363756646050348
541,0.36557368528275264,0.5836078189214071,0.20429575443267822,0.36248481273651123,0.542129894438244,0.8364104546440972
542,0.3654944734005701,0.5835358123249478,0.20422932505607605,0.36241835355758667,0.54210693359375,0.8364312065972223
543,0.3654154544955208,0.5834067334069146,0.204163059592247,0.36229443550109863,0.5420842633928571,0.8364539930555556
544,0.3653371110359828,0.5833223225540585,0.2040969580411911,0.3622131645679474,0.5420633370535715,0.836486070421007
545,0.3652584542774019,0.5831507963604398,0.20403146743774414,0.36204731464385986,0.5420387486049107,0.8365064832899306
546,0.3651795819884255,0.5831048579480913,0.20396478474140167,0.3620053231716156,0.5420175316220238,0.8365338812934028
547,0.365101417524474,0.5829550037648943,0.2038993388414383,0.36186090111732483,0.54199462890625,0.8365549045138889
548,0.36502323216483706,0.5828629774517483,0.20383340120315552,0.36177170276641846,0.5419727725074405,0.8365875922309027
549,0.36494534860906147,0.5827370596991646,0.20376814901828766,0.3616514205932617,0.5419498116629464,0.8366071234809028
550,0.3648672456911632,0.5826651049190098,0.2037021368741989,0.3615836501121521,0.5419283040364583,0.8366324869791667
551,0.3647898415100007,0.5825154670079549,0.20363734662532806,0.3614398241043091,0.5419051688058035,0.8366508653428819
552,0.36471206494172415,0.5824259198241765,0.2035716027021408,0.3613530099391937,0.541883544921875,0.8366830783420139
553,0.3646350517897379,0.5823029581970639,0.20350711047649384,0.36123600602149963,0.5418603515625,0.8367001681857639
554,0.36455728094350726,0.5822297934956021,0.20344112813472748,0.36116665601730347,0.5418394833519345,0.8367264811197916
555,0.36448053748834697,0.5820623527632819,0.20337696373462677,0.36100393533706665,0.5418158249627976,0.8367495388454861
556,0.3644030170100076,0.5820191508134206,0.20331111550331116,0.3609646260738373,0.5417950148809524,0.83677490234375
557,0.3643262891031447,0.5818686423831516,0.20324675738811493,0.36082005500793457,0.5417718796502976,0.8367913818359375
558,0.36424919273172107,0.5818013758659363,0.20318125188350677,0.3607565760612488,0.5417511858258929,0.8368169487847222
559,0.36417269816852754,0.5816350601249272,0.20311716198921204,0.3605950176715851,0.5417275855654762,0.8368389892578125
560,0.364096021152678,0.5815948976675669,0.20305192470550537,0.36055848002433777,0.5417071823846726,0.8368648274739583
561,0.3640197711445036,0.5814418156941732,0.20298796892166138,0.3604116439819336,0.5416837565104167,0.8368790690104166
562,0.3639433201835269,0.5813793073760138,0.20292294025421143,0.36035293340682983,0.5416632370721726,0.8369038899739584
563,0.36386738088585086,0.5812148192193773,0.20285920798778534,0.36019307374954224,0.5416398111979167,0.8369257269965278
564,0.3637911820922579,0.5811736354562972,0.20279426872730255,0.3601554334163666,0.5416195824032738,0.8369512261284722
565,0.3637156777892794,0.5810224094390869,0.20273084938526154,0.36001038551330566,0.541596447172619,0.8369649929470486
566,0.36363980682123276,0.5809608831670549,0.202666237950325,0.3599527180194855,0.5415759858630952,0.8369886610243056
567,0.3635643373954864,0.5807978965441386,0.202602818608284,0.3597944378852844,0.5415526181175595,0.8370093451605902
568,0.36348887088185267,0.5807578038639493,0.20253846049308777,0.3597579598426819,0.5415323893229167,0.83703369140625
569,0.36341369325206396,0.5806075964768729,0.20247520506381989,0.35961398482322693,0.5415093122209822,0.837046373155382
570,0.3633384848095122,0.5805245335366991,0.20241117477416992,0.35953348875045776,0.5414886765252976,0.8370758734809027
571,0.3632636535054161,0.5804019493261973,0.20234817266464233,0.35941728949546814,0.5414655412946429,0.8370872667100695
572,0.36318860782328105,0.5803354712327321,0.20228414237499237,0.35935458540916443,0.5414451962425595,0.8371101888020833
573,0.3631138935145878,0.5801956398752002,0.20222117006778717,0.3592209219932556,0.5414221772693453,0.8371222601996527
574,0.36303937264851166,0.5801103654967414,0.20215767621994019,0.3591381907463074,0.541401599702381,0.8371511501736111
575,0.3629645063763573,0.5799880964491103,0.2020944356918335,0.3590221405029297,0.5413787551153274,0.8371625434027777
576,0.3628897706667582,0.5799232938819462,0.20203059911727905,0.3589612543582916,0.5413583519345239,0.8371841091579861
577,0.36281484732741404,0.5797554230690003,0.2019672840833664,0.358798086643219,0.54133544921875,0.8372028944227431
578,0.36273984003067017,0.579716385629442,0.20190292596817017,0.35876214504241943,0.54131591796875,0.8372281901041667
579,0.3626641828446161,0.5795694745116763,0.20183873176574707,0.3586216866970062,0.5412931315104167,0.837237548828125
580,0.3625888560726529,0.5795048952367571,0.20177403092384338,0.35856011509895325,0.5412733677455357,0.8372629123263889
581,0.36251319741067434,0.5793416409227584,0.2017097771167755,0.35840168595314026,0.5412505812872024,0.8372801378038195
582,0.3624379127139137,0.5793010211255815,0.2016448974609375,0.35836371779441833,0.5412315731956845,0.8373068576388889
583,0.362361077507337,0.5791509217421213,0.2015792578458786,0.35821905732154846,0.5412095424107143,0.8373206922743055
584,0.3622843397855759,0.5790758054521348,0.20151297748088837,0.35814738273620605,0.5411900111607143,0.8373432074652778
585,0.36220659953071954,0.5789099873171912,0.20144623517990112,0.35798487067222595,0.5411686197916666,0.8373673502604166
586,0.3621290617159435,0.578868068933487,0.2013787478208542,0.35794463753700256,0.5411505998883929,0.8373980712890625
587,0.3620498476312274,0.5787186553743151,0.20131035149097443,0.35780036449432373,0.5411295572916667,0.8374124484592014
588,0.36197028063024794,0.5786243569321103,0.20124061405658722,0.35770538449287415,0.5411124093191965,0.8374546983506944
589,0.36188905544508077,0.578493178208669,0.20116975903511047,0.35757726430892944,0.5410932849702381,0.8374791124131944
590,0.3618083625975109,0.5783876079188454,0.20109915733337402,0.35747411847114563,0.5410747419084821,0.8375058322482639
591,0.36172754694166637,0.5782356934812334,0.20102852582931519,0.35732313990592957,0.541056140718006,0.8375404188368055
592,0.36164731142066775,0.5781793103482988,0.20095773041248322,0.3572666347026825,0.5410400390625,0.8375789388020833
593,0.3615665168932506,0.5780272699726953,0.20088724792003632,0.3571182191371918,0.5410204496837797,0.8375996907552083
594,0.3614863768645695,0.5778859105375078,0.2008172571659088,0.3569781482219696,0.5410015578497024,0.8376320393880209
595,0.3614066450312024,0.5778312680721283,0.20074684917926788,0.3569234311580658,0.5409855724516369,0.8376698133680556
596,0.3613263974189759,0.5776784271664089,0.20067673921585083,0.35677361488342285,0.540966564360119,0.8376932779947917
597,0.3612471151068097,0.5775439354313745,0.20060758292675018,0.3566412627696991,0.5409471493675595,0.8377206759982639
598,0.3611680399860655,0.5774887408150566,0.2005377560853958,0.3565860986709595,0.5409311058407739,0.8377574327256945
599,0.36108810742128467,0.5773371517923144,0.2004678100347519,0.3564373850822449,0.5409122721354167,0.8377810329861111
600,0.36100905402501426,0.5772174059020149,0.2003987431526184,0.3563210368156433,0.5408934965587797,0.8378020562065972
601,0.36093050224440437,0.5771208589341906,0.20032939314842224,0.35622310638427734,0.5408772786458333,0.837845458984375
602,0.36085143574646544,0.5770026279555427,0.20026026666164398,0.35610848665237427,0.5408579799107143,0.8378645833333334
603,0.36077317751021615,0.5768786635398865,0.20019185543060303,0.3559874892234802,0.5408391462053571,0.837886962890625
604,0.36069516300019766,0.5767662714852226,0.20012331008911133,0.3558751344680786,0.5408215913318453,0.8379233127170139
605,0.3606170828399204,0.5766589408450656,0.2000550478696823,0.3557713031768799,0.5408028738839286,0.8379429796006944
606,0.36053970063868024,0.57656837243504,0.19998691976070404,0.3556816875934601,0.5407858421688988,0.8379741753472222
607,0.3604623844510033,0.5764179341528151,0.1999194622039795,0.35553306341171265,0.5407664853050596,0.8380017768012152
608,0.360386258375077,0.5763508325947656,0.19985276460647583,0.35546836256980896,0.5407483491443452,0.8380254448784722
609,0.3603109811090288,0.5762246966626909,0.19978736340999603,0.35534629225730896,0.5407288760230655,0.8380417887369792
610,0.3602358352343242,0.57611816350619,0.19972163438796997,0.3552403151988983,0.5407106817336309,0.8380745442708334
611,0.3601605080990565,0.5760160775449541,0.19965597987174988,0.35514160990715027,0.5406914992559524,0.8380935329861111
612,0.3600855050086975,0.5759295197327932,0.199590265750885,0.3550569713115692,0.5406736537388392,0.8381191677517361
613,0.36001049808661145,0.5758070618046655,0.19952498376369476,0.35493847727775574,0.540654296875,0.8381353081597223
614,0.3599359914859136,0.5756972560882568,0.19945983588695526,0.3548295497894287,0.540635986328125,0.8381660970052084
615,0.3598619741769064,0.5756019943025377,0.19939543306827545,0.35473811626434326,0.5406165713355655,0.8381822374131944
616,0.3597882387467793,0.5755173786216312,0.1993309110403061,0.35465577244758606,0.5405986095610119,0.83820556640625
617,0.3597146525099164,0.5753783419132233,0.19926701486110687,0.3545195162296295,0.5405789620535715,0.8382271321614584
618,0.35964100722471876,0.5753084548049503,0.19920261204242706,0.35445234179496765,0.5405604771205357,0.8382478841145833
619,0.35956739109470726,0.5751959403355916,0.19913844764232635,0.3543435335159302,0.5405415271577381,0.8382642957899306
620,0.35949452426887696,0.5751069442431131,0.19907473027706146,0.35425692796707153,0.5405232747395833,0.8382864040798611
621,0.3594224837393988,0.5749770669937133,0.19901233911514282,0.3541303873062134,0.5405032784598214,0.8383045789930555
622,0.3593506269171124,0.5749163839552138,0.19894962012767792,0.35407304763793945,0.540484619140625,0.8383213975694445
623,0.3592789824917203,0.5747993227110969,0.19888749718666077,0.35396069288253784,0.5404649135044642,0.8383323838975695
624,0.35920747674646836,0.5746955607732137,0.19882510602474213,0.3538583517074585,0.5404464285714285,0.8383588324652778
625,0.35913593441531777,0.5746075316270193,0.19876299798488617,0.35377511382102966,0.5404267810639881,0.8383690049913195
626,0.3590647328297297,0.5745193105538686,0.19870080053806305,0.35368970036506653,0.5404085286458333,0.8383881971571181
627,0.35899364588374183,0.5744095913834042,0.1986391246318817,0.35358479619026184,0.5403888230096726,0.8383980305989583
628,0.3589227107195627,0.5743069554964702,0.19857724010944366,0.3534838557243347,0.5403701055617559,0.8384225802951389
629,0.3588518287000202,0.5742203982671102,0.1985156238079071,0.3534020185470581,0.5403508068266369,0.8384324815538194
630,0.3587812027704148,0.5741348815229204,0.1984539031982422,0.3533194959163666,0.5403324962797619,0.838450181749132
631,0.35871070965698787,0.5740075624518926,0.19839273393154144,0.35319557785987854,0.5403127906436012,0.8384665934244792
632,0.3586402807178951,0.5739439152346717,0.19833122193813324,0.35313543677330017,0.5402942475818452,0.8384815131293403
633,0.3585699881939661,0.5738340875572628,0.19827017188072205,0.3530305325984955,0.540274658203125,0.838489990234375
634,0.3584998866660254,0.5737525548670027,0.19820885360240936,0.3529519736766815,0.5402564639136904,0.8385072157118055
635,0.3584298979781923,0.5736264844470553,0.19814810156822205,0.35282957553863525,0.5402367001488095,0.838521728515625
636,0.35836006720860797,0.5735625258286794,0.19808703660964966,0.35276898741722107,0.5402183314732143,0.8385367160373264
637,0.35829045391082764,0.573454773955875,0.19802653789520264,0.35266631841659546,0.5401988583519345,0.8385438368055556
638,0.3582208771989459,0.5733571055730184,0.19796575605869293,0.35257089138031006,0.5401804896763392,0.8385645887586806
639,0.35815138195809865,0.573269437816408,0.19790521264076233,0.352487713098526,0.5401611328125,0.8385739474826389
640,0.3580820411273411,0.5731864256593916,0.19784468412399292,0.35240891575813293,0.5401425316220239,0.8385846625434028
641,0.35801301543485553,0.5730773917833965,0.19778455793857574,0.35230427980422974,0.540123291015625,0.8385942925347222
642,0.3579439696754728,0.5729849030971527,0.19772420823574066,0.35221442580223083,0.54010498046875,0.8386126030815972
643,0.35787487708954585,0.5728970852428013,0.19766396284103394,0.3521314263343811,0.5400858561197917,0.8386199951171875
644,0.35780593236287433,0.5728054056167602,0.19760370254516602,0.3520437479019165,0.540067138671875,0.8386309814453125
645,0.3577372108300527,0.5726971391571892,0.19754377007484436,0.35193878412246704,0.5400481887090773,0.8386457655164931
646,0.35766851614770434,0.5726208896107143,0.19748374819755554,0.351867139339447,0.5400295293898809,0.8386537000868055
647,0.35760002205485386,0.5725335616535611,0.19742384552955627,0.3517839312553406,0.5400110444568452,0.8386638726128472
648,0.35753172209149314,0.5724149520132277,0.19736427068710327,0.35166841745376587,0.5399918619791667,0.8386790635850695
649,0.3574632439613342,0.5723522789478301,0.19730430841445923,0.3516102135181427,0.5399736095610119,0.8386873372395833
650,0.35739507589453745,0.5722515723970201,0.1972447782754898,0.35151422023773193,0.5399547758556548,0.8386943901909722
651,0.357327026622636,0.5721636237568325,0.1971852332353592,0.35143059492111206,0.5399363490513392,0.8387030707465277
652,0.3572590864102046,0.5720545792314742,0.1971258670091629,0.3513247072696686,0.5399175734747024,0.8387175835503472
653,0.3571912108773277,0.5719817539056142,0.197066530585289,0.35125675797462463,0.5398987978980655,0.8387233479817708
654,0.3571233294407527,0.5718949500984616,0.197006955742836,0.35117360949516296,0.5398807779947916,0.8387347412109375
655,0.35705568070071086,0.5717838718626234,0.1969478577375412,0.351065993309021,0.5398619442894346,0.83874755859375
656,0.35698785960674284,0.5717204384009044,0.19688837230205536,0.3510068356990814,0.53984375,0.8387558322482639
657,0.35692003090041025,0.5716251453558604,0.1968289315700531,0.3509159982204437,0.5398253813244047,0.8387632921006944
658,0.3568523129622142,0.5715469124846988,0.19676938652992249,0.35084137320518494,0.5398078264508929,0.8387746853298611
659,0.3567847575516928,0.5714324873288472,0.19671018421649933,0.3507295250892639,0.5397892252604166,0.8387910970052084
660,0.35671706687836424,0.5713738873799642,0.1966506838798523,0.350675106048584,0.5397714378720239,0.8387995062934028
661,0.3566486740509669,0.571277147240109,0.19659052789211273,0.3505825400352478,0.53975341796875,0.8388079155815972
662,0.3565752632731483,0.5711854440106285,0.19652467966079712,0.35049203038215637,0.5397383045014881,0.8388307020399306
663,0.35649041011219934,0.5710327539179061,0.19644710421562195,0.3503381907939911,0.5397248186383928,0.8388654242621528
664,0.35638512903735753,0.5708826736344231,0.19634751975536346,0.3501819968223572,0.5397183663504465,0.8389240180121528
665,0.3562806734300795,0.5707049736976624,0.19624899327754974,0.34999901056289673,0.539710925874256,0.8389786783854166
666,0.356176299850146,0.5705378513866001,0.1961502581834793,0.3498240113258362,0.53970458984375,0.8390458170572916
667,0.35607078478449866,0.5703803568945991,0.19605061411857605,0.34966111183166504,0.5396971493675595,0.8391007486979166
668,0.35596343507653194,0.5701914435227712,0.19594918191432953,0.3494649827480316,0.5396894763764881,0.8391646999782986
669,0.3558513426951,0.5700507271024916,0.19584272801876068,0.34931719303131104,0.5396827334449404,0.8392274305555556
670,0.35573772827216554,0.5698565048641628,0.195734903216362,0.34911465644836426,0.5396754092261905,0.8392966037326389
671,0.35562193237599876,0.5697141582700942,0.19562466442584991,0.3489645719528198,0.5396688406808036,0.8393623860677083
672,0.35551420031275066,0.569535553879208,0.19552281498908997,0.3487775921821594,0.5396608189174107,0.8394315592447916
673,0.3554362905876977,0.5694784310923682,0.19545181095600128,0.3487192690372467,0.5396476236979166,0.8394648573133681
674,0.35536345463707336,0.5693638510439132,0.19538617134094238,0.3486032783985138,0.5396332077752977,0.8394994439019097
675,0.3552968911046074,0.5693176287810008,0.19532711803913116,0.3485594093799591,0.5396169898623512,0.8395149739583333
676,0.3552313229470026,0.5692668886714511,0.19526976346969604,0.34851545095443726,0.5395976329985119,0.8395087348090278
677,0.35516631153083983,0.5691618467171986,0.19521282613277435,0.34841445088386536,0.5395789736793155,0.8395161946614583
678,0.35510290879294987,0.5691035276783837,0.1951577067375183,0.3483637273311615,0.5395589773995536,0.839505615234375
679,0.3550400392214457,0.5690117989910973,0.19510310888290405,0.34827950596809387,0.5395390392485119,0.8394954427083333
680,0.3549772049415679,0.5689347044626872,0.19504864513874054,0.34821057319641113,0.5395185198102679,0.8394818793402777
681,0.3549149362586793,0.568827315542433,0.1949949562549591,0.34811270236968994,0.5394967796688989,0.8394613986545139
682,0.3548526541505541,0.5687264824708302,0.19494131207466125,0.3480202853679657,0.5394748070126488,0.8394464111328125
683,0.354790487238339,0.5686507707171969,0.19488774240016937,0.3479546308517456,0.5394527762276786,0.8394230143229167
684,0.35472833227543604,0.5685574513541327,0.19483406841754913,0.34787070751190186,0.5394312686011905,0.8394028049045139
685,0.35466634999002733,0.5684634877310859,0.19478067755699158,0.3477867841720581,0.5394091796875,0.8393793402777778
686,0.35460436295327685,0.5683580110337999,0.19472721219062805,0.3476896286010742,0.5393873232886904,0.8393643527560763
687,0.35454244091964904,0.5682841479513381,0.19467367231845856,0.34762507677078247,0.539365990048363,0.8393442111545139
688,0.3544806887024925,0.5681863167815738,0.1946205347776413,0.3475378453731537,0.5393434361049108,0.839317626953125
689,0.354419071890059,0.568088421371248,0.19456711411476135,0.34744665026664734,0.5393229747953869,0.8393104383680555
690,0.3543571623109636,0.5680052097373538,0.19451384246349335,0.34737446904182434,0.5393000720796131,0.8392814127604167
691,0.3542956120684033,0.5679152687390646,0.1944606453180313,0.34729403257369995,0.5392786225818452,0.8392599826388889
692,0.35423411603201005,0.5678020370006561,0.1944076418876648,0.34718939661979675,0.539256359281994,0.8392430284288195
693,0.3541726199047906,0.5677402458190918,0.19435440003871918,0.3471369743347168,0.5392351422991072,0.8392220052083333
694,0.35411119108540673,0.5676314656204647,0.19430141150951385,0.34703829884529114,0.5392129371279762,0.839197252061632
695,0.3540499264115379,0.5675601935916477,0.1942482441663742,0.34697556495666504,0.5391923595610119,0.8391802300347222
696,0.35398850308145796,0.5674287424352434,0.19419535994529724,0.3468532860279083,0.5391695731026785,0.8391600206163194
697,0.35392714793909164,0.567374603483412,0.1941421777009964,0.34680867195129395,0.5391482979910714,0.839137708875868
698,0.35386603711900255,0.5672653070025974,0.19408947229385376,0.34670960903167725,0.5391259765625,0.8391120062934028
699,0.35380493963332404,0.5671699891885122,0.19403648376464844,0.3466217815876007,0.539104992094494,0.8390997992621527
700,0.35374386442842937,0.5670902410613166,0.19398380815982819,0.3465527892112732,0.5390824962797619,0.8390711805555555
701,0.3536829554921105,0.5670054787794749,0.19393080472946167,0.3464759886264801,0.5390622674851191,0.839056396484375
702,0.35362195119403655,0.5668841129144033,0.19387829303741455,0.34636440873146057,0.5390392485119048,0.8390325927734374
703,0.3535610303084056,0.5668207859463161,0.1938253939151764,0.3463101387023926,0.5390182059151786,0.8390120442708333
704,0.3535002054714021,0.5667135518921746,0.19377285242080688,0.346213161945343,0.5389960007440476,0.838985595703125
705,0.3534396374622981,0.566623562282986,0.1937202364206314,0.34613037109375,0.5389753069196429,0.8389743381076389
706,0.3533787330445789,0.5665331393877666,0.19366765022277832,0.34605079889297485,0.53895263671875,0.8389446343315973
707,0.35331801168691546,0.5664495457543267,0.19361494481563568,0.3459765911102295,0.5389313616071428,0.838922119140625
708,0.35325752588680814,0.56633892610338,0.1935625970363617,0.3458743095397949,0.5389095052083334,0.8389048936631944
709,0.3531969492038091,0.5662616289456686,0.19351010024547577,0.34580689668655396,0.5388877650669642,0.8388797336154514
710,0.3531365138292313,0.5661786115699344,0.19345755875110626,0.34573283791542053,0.538866954985119,0.8388591851128472
711,0.3530761850674947,0.566067274596956,0.19340544939041138,0.34563204646110535,0.5388444010416666,0.83883056640625
712,0.3530158002092725,0.5659797407256233,0.19335295259952545,0.34555190801620483,0.5388234747023809,0.8388176812065973
713,0.3529553449494498,0.5658879246181912,0.19330066442489624,0.3454709053039551,0.538801037016369,0.8387875705295139
714,0.35289530600252605,0.5658148162894778,0.19324828684329987,0.34540584683418274,0.5387808663504464,0.8387710232204861
715,0.3528350070431119,0.5656855410469903,0.19319620728492737,0.3452860116958618,0.5387581380208334,0.8387476942274306
716,0.3527748874539421,0.5656290911038717,0.19314385950565338,0.34523850679397583,0.5387373279389881,0.8387265353732639
717,0.3527147418430873,0.5655165522098542,0.19309186935424805,0.3451367914676666,0.5387146577380952,0.8386960177951389
718,0.3526549362398329,0.5654246690008375,0.19303975999355316,0.34505194425582886,0.5386941964285714,0.8386843532986111
719,0.35259473028637117,0.5653358559608459,0.19298768043518066,0.3449741005897522,0.5386714680989584,0.8386528862847222
720,0.3525348668779646,0.5652583172321319,0.19293546676635742,0.34490516781806946,0.5386509486607143,0.8386330837673611
721,0.3524750428653899,0.5651339444054497,0.1928836703300476,0.3447897434234619,0.5386286272321429,0.8386116536458333
722,0.35241518494628726,0.5650716465844049,0.19283156096935272,0.34473681449890137,0.5386074683779762,0.8385878499348959
723,0.3523553387437548,0.5649628194438087,0.19277969002723694,0.34463825821876526,0.5385852632068452,0.8385595703125
724,0.3522957402808326,0.5648716525501676,0.192727729678154,0.3445543646812439,0.5385646275111607,0.8385462103949652
725,0.3522359994479588,0.5647832092973921,0.1926758885383606,0.3444763720035553,0.53854248046875,0.8385167100694444
726,0.3521762708879652,0.5647025380929311,0.19262383878231049,0.3444047272205353,0.5385214378720238,0.8384943305121528
727,0.35211664672692616,0.564576416571935,0.19257213175296783,0.3442874252796173,0.5384992327008928,0.8384730360243056
728,0.35205714855875286,0.5645206395785014,0.19252023100852966,0.34424084424972534,0.5384783644903274,0.8384495713975695
729,0.3519975956281026,0.5644013368288675,0.1924685835838318,0.3441318869590759,0.5384559849330357,0.83842041015625
730,0.35193826677118034,0.5643391971588135,0.192416712641716,0.34407830238342285,0.5384356980096726,0.8383999294704861
731,0.35187883960065386,0.5642005650732251,0.19236521422863007,0.3439487814903259,0.5384131440662202,0.8383768717447917
732,0.3518193773712431,0.5641525297429826,0.19231323897838593,0.34390953183174133,0.5383925664992559,0.8383551025390625
733,0.3517601417019254,0.5640330005221896,0.19226184487342834,0.34380054473876953,0.5383702450706845,0.8383246527777778
734,0.3517009782337007,0.5639454794989692,0.19221019744873047,0.3437204360961914,0.5383494931175595,0.8383097330729167
735,0.3516416062400454,0.5638558603922527,0.19215857982635498,0.3436412811279297,0.5383273460751488,0.8382793511284722
736,0.35158258597056075,0.5637752594947815,0.19210708141326904,0.343569815158844,0.5383063616071428,0.838255615234375
737,0.3515234723715555,0.5636462061140273,0.19205568730831146,0.34344935417175293,0.5382843889508928,0.8382345920138888
738,0.3514643103792554,0.5635905963049994,0.19200409948825836,0.34340357780456543,0.538262939453125,0.8382071261935764
739,0.35140541300887157,0.5634750647279951,0.1919528692960739,0.3432979881763458,0.5382410249255952,0.8381791178385417
740,0.35134641230106356,0.5633913350370195,0.19190122187137604,0.34322139620780945,0.5382205636160714,0.8381650119357639
741,0.3512874568019595,0.5632949973742167,0.1918499916791916,0.34313565492630005,0.5381982421875,0.838133544921875
742,0.35122872938996275,0.5632179742124346,0.19179858267307281,0.34306713938713074,0.5381778390066965,0.8381124538845486
743,0.35116993420464654,0.5630901787281036,0.19174760580062866,0.34294894337654114,0.5381549944196429,0.8380859375
744,0.35111115004902793,0.563039877017339,0.19169601798057556,0.3429069221019745,0.5381349400111607,0.8380656602647569
745,0.35105243296850297,0.5629159984323713,0.19164502620697021,0.3427937924861908,0.5381123860677083,0.8380332438151041
746,0.35099385636761077,0.5628359349568685,0.1915937215089798,0.34272098541259766,0.5380918666294643,0.8380179850260416
747,0.350935148698943,0.5627360260221693,0.1915426403284073,0.342631459236145,0.5380696614583333,0.8379871961805555
748,0.35087666191941214,0.5626559481620789,0.19149155914783478,0.34256094694137573,0.5380483863467261,0.8379603407118056
749,0.35081818062918524,0.5625350450939602,0.19144058227539062,0.3424485921859741,0.5380266462053571,0.8379385036892361
750,0.35075963816756295,0.5624803401099311,0.19138924777507782,0.34240269660949707,0.5380061848958333,0.8379151746961806
751,0.3507011285509382,0.5623597631719378,0.19133830070495605,0.34229257702827454,0.5379840378534226,0.8378837076822917
752,0.35064278963066287,0.5622729499075148,0.19128720462322235,0.3422132134437561,0.5379633440290179,0.8378671603732639
753,0.3505844151860191,0.562183407359653,0.19123631715774536,0.34213411808013916,0.5379413132440476,0.8378354220920139
754,0.35052612309228803,0.5621031250423856,0.1911851167678833,0.34206223487854004,0.5379212007068452,0.8378139241536459
755,0.350467847557295,0.5619757426844703,0.1911344677209854,0.34194448590278625,0.5378985305059524,0.8377863226996528
756,0.3504095754396348,0.5619178467326694,0.19108325242996216,0.3418949246406555,0.53787841796875,0.837764892578125
757,0.3503511428662709,0.5618046859105428,0.19103236496448517,0.3417927026748657,0.5378559221540179,0.8377305772569444
758,0.35029314224492936,0.5617162565655178,0.1909814327955246,0.341711163520813,0.537835693359375,0.8377162679036458
759,0.35023483903067454,0.5616218023300171,0.19093060493469238,0.34162747859954834,0.5378133719308036,0.8376825629340278
760,0.35017683005900613,0.5615397625499301,0.190879687666893,0.3415542244911194,0.5377929106212798,0.83765869140625
761,0.3501187859773636,0.5614175690280067,0.1908291131258011,0.34144124388694763,0.5377705891927084,0.8376327175564237
762,0.35006082457020166,0.561358610894945,0.19077812135219574,0.3413907289505005,0.5377504766555059,0.8376102701822916
763,0.3500027895768483,0.5612461456987593,0.19072756171226501,0.3412891924381256,0.5377279808407738,0.8375755479600695
764,0.34994492159003304,0.5611693934334648,0.1906767040491104,0.3412209749221802,0.5377076939174107,0.8375526258680556
765,0.34988707376094097,0.5610391829013824,0.19062630832195282,0.34110012650489807,0.5376851981026786,0.837525634765625
766,0.3498291315918877,0.5609895300600264,0.1905752718448639,0.34105876088142395,0.5376652018229167,0.837503662109375
767,0.3497713004634494,0.5608530314233567,0.1905248463153839,0.3409314751625061,0.537642822265625,0.837477281358507
768,0.34971346587794166,0.5607993529372746,0.19047392904758453,0.34088632464408875,0.5376226515997024,0.8374540201822916
769,0.34965561583496274,0.5606824461354151,0.19042344391345978,0.340780109167099,0.537600330171131,0.8374200439453126
770,0.3495981290510723,0.5606143658161163,0.19037283957004547,0.34072044491767883,0.5375802176339286,0.8373972574869791
771,0.3495404396454493,0.560478402376175,0.19032250344753265,0.3405936062335968,0.5375578962053571,0.8373710123697916
772,0.34948279549961997,0.5604277979797787,0.1902717649936676,0.3405517637729645,0.5375375511532738,0.8373463270399305
773,0.3494252434798649,0.560291684627533,0.19022157788276672,0.34042495489120483,0.5375150553385417,0.8373190646701388
774,0.3493675236758732,0.5602420496410794,0.19017060101032257,0.3403834104537964,0.537495349702381,0.8372974989149305
775,0.3493099222012928,0.5601230018933614,0.19012029469013214,0.34027498960494995,0.5374730282738095,0.8372634548611111
776,0.3492524964979717,0.5600470542642805,0.19006980955600739,0.34020814299583435,0.5374523344494048,0.8372368706597222
777,0.34919490771066575,0.5599174664020538,0.190019428730011,0.3400872051715851,0.5374303617931547,0.8372125922309028
778,0.3491373631216231,0.5598662020630307,0.18996872007846832,0.34004488587379456,0.5374100167410715,0.8371865505642361
779,0.34908013016269324,0.5597307770252228,0.18991874158382416,0.3399186432361603,0.5373876953125,0.8371594916449653
780,0.3490226717052005,0.5596790476375156,0.18986810743808746,0.33987563848495483,0.5373672921316964,0.8371344672309028
781,0.34896517739977156,0.5595585108598073,0.18981778621673584,0.33976539969444275,0.5373452613467262,0.8371016438802084
782,0.34890792788210373,0.5594923935731252,0.1897672563791275,0.3397075831890106,0.5373252650669643,0.8370785861545139
783,0.34885054443563734,0.5593562432924907,0.18971706926822662,0.3395804762840271,0.5373030598958334,0.837052001953125
784,0.3487931321575528,0.5592984962993198,0.1896665394306183,0.33953219652175903,0.5372821335565476,0.8370229763454861
785,0.3487359122094654,0.559186599890391,0.1896163821220398,0.3394302725791931,0.5372603934151786,0.8369915093315973
786,0.34867878116312484,0.5590978164937761,0.18956594169139862,0.3393482267856598,0.5372403971354167,0.8369760470920139
787,0.3486214758214497,0.5590038412412008,0.18951573967933655,0.3392649292945862,0.5372183082217262,0.83694091796875
788,0.34856441937174115,0.5589146695666843,0.18946561217308044,0.33918535709381104,0.537197033110119,0.8369110785590278
789,0.348507314943132,0.5588011107444762,0.18941542506217957,0.3390797972679138,0.5371758161272322,0.8368892415364584
790,0.3484501988887787,0.558732914712694,0.1893652379512787,0.33902156352996826,0.5371543666294643,0.8368573676215277
791,0.3483931624151412,0.558624541785982,0.1893150955438614,0.3389225900173187,0.5371332077752976,0.8368284098307291
792,0.34833616990702493,0.5585268063810137,0.18926496803760529,0.3388330638408661,0.5371119907924107,0.8368052842881945
793,0.3482788953383764,0.5584436262448629,0.18921448290348053,0.33875900506973267,0.5370911225818452,0.8367774793836805
794,0.3482219083195641,0.558348930226432,0.18916445970535278,0.33867451548576355,0.5370693824404762,0.8367442491319445
795,0.34816482345263167,0.558237787379159,0.18911412358283997,0.33857086300849915,0.5370486304873512,0.8367245144314236
796,0.3481078153053919,0.5581681738694508,0.18906395137310028,0.33851107954978943,0.5370273553757441,0.8366929796006944
797,0.3480507210266023,0.5580602756341299,0.18901370465755463,0.33841267228126526,0.5370060221354167,0.8366631401909722
798,0.34799395637285147,0.557961122751236,0.18896374106407166,0.33832159638404846,0.5369849214099702,0.8366403537326389
799,0.3479369293110711,0.5578763800197177,0.1889135092496872,0.33824652433395386,0.5369636462983631,0.8366093614366319
800,0.34788032847926725,0.5577951217227513,0.18886347115039825,0.33817362785339355,0.5369435337611607,0.8365849473741319
801,0.3478232949574789,0.5576660784880321,0.1888134479522705,0.33805373311042786,0.5369212704613096,0.8365566677517361
802,0.34776639799276987,0.557600478304757,0.1887633055448532,0.33799782395362854,0.5369001116071429,0.8365254720052083
803,0.34770967804250263,0.5574954821268718,0.18871338665485382,0.3379025459289551,0.5368787202380952,0.836494140625
804,0.3476529718410401,0.5573967593510947,0.1886633187532425,0.33781135082244873,0.5368580264136905,0.8364736599392361
805,0.34759623519011906,0.5573100842634837,0.1886134296655655,0.3377348482608795,0.5368362862723214,0.8364398871527777
806,0.34753968847365607,0.5572266757488251,0.18856334686279297,0.3376595675945282,0.5368163481212798,0.8364162868923611
807,0.3474830623581296,0.5571020653777653,0.18851369619369507,0.3375442922115326,0.5367939685639881,0.83638671875
808,0.3474264281250182,0.5570326189200083,0.1884637176990509,0.33748432993888855,0.5367729840959822,0.836356201171875
809,0.34737018607343945,0.5569311842123668,0.18841420114040375,0.33739253878593445,0.5367516508556548,0.8363248697916666
810,0.3473136619613284,0.5568293446699779,0.18836432695388794,0.33729854226112366,0.5367306663876488,0.836302490234375
811,0.34725720580418906,0.5567521308792962,0.1883144974708557,0.3372306227684021,0.5367096819196429,0.8362727186414931
812,0.34720106118633637,0.5566485980351766,0.18826515972614288,0.3371371030807495,0.5366878255208334,0.8362394205729167
813,0.347144765990121,0.5565544757313199,0.18821537494659424,0.3370499014854431,0.5366674223400297,0.8362215169270834
814,0.34708835495085943,0.5564654580487145,0.18816572427749634,0.33697083592414856,0.5366456240699404,0.8361882866753472
815,0.34703219903083077,0.5563792623149024,0.18811628222465515,0.3368944227695465,0.5366241164434524,0.836156005859375
816,0.3469759595167069,0.5562589965396457,0.1880667507648468,0.33678221702575684,0.5366026088169643,0.8361322699652778
817,0.3469198253722418,0.5561921923160553,0.18801724910736084,0.3367249071598053,0.5365813337053571,0.8361012098524305
818,0.34686370686690016,0.5560871742036607,0.18796779215335846,0.3366292715072632,0.5365599423363095,0.8360706922743055
819,0.34680762799013226,0.5559866364796957,0.18791840970516205,0.33653712272644043,0.536538318452381,0.8360451931423611
820,0.3467516214052836,0.5559042451116775,0.18786901235580444,0.3364641070365906,0.5365170433407738,0.8360145399305555
821,0.34669584996359687,0.5558147309886086,0.18781983852386475,0.33638396859169006,0.5364957682291667,0.83598388671875
822,0.34664010652474,0.5556984994146559,0.18777073919773102,0.33627575635910034,0.5364743187313988,0.8359600151909722
823,0.3465844073749724,0.5556375719706217,0.18772155046463013,0.3362240791320801,0.5364533342633928,0.8359297688802083
824,0.3465289881626765,0.5555137870046828,0.18767286837100983,0.3361087441444397,0.5364313616071429,0.8359037272135417
825,0.3464735641082128,0.5554521095222897,0.18762387335300446,0.3360559642314911,0.536410667782738,0.8358751085069445
826,0.3464181823106039,0.5553471213711633,0.18757517635822296,0.3359607756137848,0.5363888113839286,0.8358421495225694
827,0.34636306504408515,0.5552628626293606,0.18752659857273102,0.3358858823776245,0.5363675944010416,0.8358112250434028
828,0.34630778165090653,0.5551554215219285,0.18747776746749878,0.33578580617904663,0.5363467843191965,0.835790269639757
829,0.34625252413749696,0.5550788678063286,0.18742915987968445,0.33571934700012207,0.5363249279203869,0.835755615234375
830,0.3461975056898026,0.5549723161326515,0.1873805820941925,0.33562007546424866,0.5363040597098214,0.8357349310980903
831,0.3461424095517113,0.5548990233474307,0.1873321533203125,0.3355571925640106,0.5362820870535714,0.8356986490885416
832,0.3460875854662486,0.5547972362836202,0.18728356063365936,0.3354629874229431,0.5362620907738095,0.83567626953125
833,0.34603249809287845,0.5547009086608887,0.1872352510690689,0.3353762626647949,0.5362394787016369,0.8356439887152778
834,0.3459775094475065,0.5546306031280093,0.18718670308589935,0.335315078496933,0.5362183779761904,0.8356138102213542
835,0.3459225426685243,0.5545278811984592,0.18713833391666412,0.3352222442626953,0.5361966378348214,0.8355799696180556
836,0.34586785384586877,0.554429304043452,0.18709003925323486,0.3351311981678009,0.5361757114955357,0.8355577256944444
837,0.34581316723710015,0.5543541435665554,0.18704183399677277,0.3350656032562256,0.5361543201264881,0.8355252414279514
838,0.34575842863605133,0.554263301372528,0.1869935244321823,0.3349840044975281,0.5361332194010416,0.835494384765625
839,0.34570395244303204,0.5541566183302138,0.18694548308849335,0.3348851203918457,0.5361120024181547,0.835470716688368
840,0.34564932871432535,0.5540863133006626,0.18689735233783722,0.3348246216773987,0.5360904366629464,0.8354368760850694
841,0.34559479979106356,0.5539914697541132,0.1868491768836975,0.3347387909889221,0.536069568452381,0.8354070366753472
842,0.3455404333954766,0.5538858053154416,0.18680134415626526,0.33464154601097107,0.5360477701822917,0.8353801133897569
843,0.34548589137054625,0.5538145002524058,0.18675310909748077,0.334579199552536,0.5360269601004465,0.835350341796875
844,0.3454315318493616,0.5537201984723409,0.18670520186424255,0.33449453115463257,0.5360055106026785,0.8353172471788195
845,0.3453772352082389,0.5536200082302094,0.1866573691368103,0.3344021737575531,0.5359839448474703,0.8352931043836805
846,0.3453228389195033,0.5535471402539147,0.18660926818847656,0.33433797955513,0.5359630766369048,0.8352646213107638
847,0.3452686632871628,0.5534538813961877,0.18656150996685028,0.3342539370059967,0.535941627139137,0.8352334255642361
848,0.34521448437940505,0.5533530422846477,0.1865137368440628,0.3341609239578247,0.5359202357700893,0.835209214952257
849,0.34516028655710673,0.5532770885891385,0.18646590411663055,0.3340940475463867,0.5358989025297619,0.8351785617404514
850,0.34510630643935436,0.553190360016293,0.1864182949066162,0.3340163826942444,0.5358775692894345,0.8351479763454861
851,0.34505230486960636,0.5530852961275313,0.1863706409931183,0.33391883969306946,0.5358563523065476,0.8351251220703125
852,0.3449983349016734,0.5530188440216912,0.18632297217845917,0.33386141061782837,0.535835193452381,0.8350945366753473
853,0.344944429289727,0.5529228251510195,0.1862754374742508,0.33377453684806824,0.5358138020833333,0.8350634765625
854,0.34489071919236863,0.5528223479588826,0.18622805178165436,0.33368170261383057,0.5357925269717262,0.8350398084852431
855,0.34483692836193813,0.5527585514916313,0.1861804574728012,0.33362650871276855,0.5357718331473215,0.8350112575954861
856,0.34478318486327214,0.552659047153261,0.18613313138484955,0.33353665471076965,0.5357500348772322,0.8349774848090278
857,0.3447296200877144,0.5525665952099694,0.1860857456922531,0.3334510624408722,0.5357293991815476,0.8349576144748264
858,0.3446759253059115,0.5524852697319454,0.18603850901126862,0.3333798348903656,0.5357073102678571,0.8349214680989583
859,0.3446224811247417,0.5524084259668987,0.1859910637140274,0.33331048488616943,0.5356874302455357,0.8348982747395833
860,0.3445689550070536,0.552292785220676,0.185944065451622,0.3332037925720215,0.5356649925595238,0.8348678927951388
861,0.3445153215385619,0.5522334981759389,0.1858966052532196,0.33315327763557434,0.5356441243489584,0.8348381890190972
862,0.34446202106135226,0.5521341985331641,0.18584968149662018,0.3330635130405426,0.5356223842075892,0.8348047553168403
863,0.3444087713332403,0.552046490351359,0.18580245971679688,0.33298230171203613,0.5356022135416667,0.834786376953125
864,0.34435540617647625,0.5519645884566837,0.18575550615787506,0.3329105079174042,0.5355801246279762,0.8347498914930556
865,0.3443022865454356,0.5518909081882901,0.18570837378501892,0.3328445553779602,0.5355601283482143,0.8347252739800347
866,0.34424910421598526,0.5517725238535139,0.18566164374351501,0.3327349126338959,0.5355378069196428,0.8346956380208334
867,0.3441959574109032,0.5517143375078837,0.1856147050857544,0.33268600702285767,0.5355166480654762,0.8346631537543403
868,0.34414291196210045,0.5516253163284726,0.18556775152683258,0.33260539174079895,0.5354959542410714,0.834635009765625
869,0.34408993783451264,0.5515226831701067,0.18552109599113464,0.33251097798347473,0.5354742140997024,0.8346078152126736
870,0.34403687019575213,0.5514582401646508,0.18547406792640686,0.3324548900127411,0.5354537527901786,0.8345798068576389
871,0.34398392840794156,0.5513619212839338,0.18542742729187012,0.33236822485923767,0.5354320126488096,0.8345453559027778
872,0.34393111990179337,0.5512749463717143,0.18538065254688263,0.3322879672050476,0.5354115513392858,0.8345255533854167
873,0.34387807232992995,0.551195072306527,0.18533384799957275,0.3322177231311798,0.5353899274553572,0.8344910346137153
874,0.3438253925357546,0.5511142519050174,0.18528734147548676,0.3321460783481598,0.5353687104724703,0.8344588216145833
875,0.3437728689511617,0.5509977088239458,0.18524080514907837,0.3320358693599701,0.5353483654203869,0.8344407823350695
876,0.34371980541660674,0.5509541275236342,0.18519406020641327,0.33200275897979736,0.5353263346354167,0.8344019911024305
877,0.34366756315458385,0.5508211799462637,0.18514785170555115,0.3318764269351959,0.5353056989397321,0.8343824598524305
878,0.34361444753692266,0.5507916441758474,0.1851007640361786,0.3318558633327484,0.5352850051153274,0.8343509928385416
879,0.34356167547475724,0.5506744918558333,0.18505428731441498,0.3317485749721527,0.5352630324590774,0.834315185546875
880,0.34350926708607443,0.5506099976433648,0.18500782549381256,0.3316922187805176,0.5352427455357143,0.8342879231770833
881,0.34345661603269123,0.5504924049642351,0.18496142327785492,0.3315829336643219,0.5352208891369048,0.834259779188368
882,0.34340404520715984,0.5504363922542996,0.18491485714912415,0.33153557777404785,0.5352001953125,0.834229736328125
883,0.3433516616367158,0.5503194946712918,0.1848686933517456,0.33142685890197754,0.5351784551711309,0.8342022026909722
884,0.34329915835176195,0.550275572458903,0.18482203781604767,0.3313908576965332,0.535158458891369,0.8341757541232638
885,0.34324696480660216,0.5501534838941362,0.1847759187221527,0.331277459859848,0.5351373581659227,0.8341455078125
886,0.3431942976997012,0.5500863205062019,0.18472933769226074,0.33121830224990845,0.5351161411830357,0.83411865234375
887,0.34314188612642743,0.5499988447030385,0.18468309938907623,0.33114054799079895,0.5350944591703869,0.8340831163194444
888,0.34308968414011454,0.5499256146748861,0.18463675677776337,0.33107519149780273,0.5350742885044643,0.8340568033854167
889,0.34303735657533013,0.5498093122111426,0.18459074199199677,0.33096781373023987,0.5350519670758929,0.8340253363715278
890,0.34298515924953277,0.5497612792650859,0.18454423546791077,0.33092719316482544,0.535032493954613,0.8340011257595487
891,0.3429329039766675,0.5496540089978112,0.18449820578098297,0.3308298885822296,0.5350104631696428,0.8339643012152778
892,0.34288067989122306,0.5495641123453776,0.18445202708244324,0.3307476043701172,0.5349893043154762,0.833939208984375
893,0.3428285601139069,0.5494903440210555,0.18440595269203186,0.3306832015514374,0.5349680292038691,0.8339051649305556
894,0.34277646603470757,0.5494126689963871,0.1843596249818802,0.3306131660938263,0.5349481491815476,0.8338798014322917
895,0.34272441504115153,0.5492962926493752,0.18431386351585388,0.33050575852394104,0.5349257114955357,0.8338478597005209
896,0.3426723220234826,0.5492511949539185,0.18426746129989624,0.3304682970046997,0.5349060639880953,0.8338222927517361
897,0.3426205922138123,0.5491328116787805,0.1842217594385147,0.3303588926792145,0.534884788876488,0.8337901475694445
898,0.3425684542599179,0.5490693835682339,0.18417565524578094,0.3303036093711853,0.534863513764881,0.8337621392144097
899,0.3425167760281336,0.5489612615903219,0.18412992358207703,0.3302040696144104,0.5348425874255952,0.8337318250868055
900,0.34246467908791134,0.5489127708276114,0.1840837150812149,0.3301645815372467,0.5348218936011905,0.8336994086371528
901,0.3424129187379565,0.5487776339054108,0.1840379536151886,0.33003678917884827,0.5348006766183035,0.8336752658420139
902,0.3423611063957214,0.5487488135496775,0.18399208784103394,0.3300173580646515,0.5347796340215774,0.8336408148871528
903,0.342309617127691,0.5486033468511369,0.18394647538661957,0.3298785984516144,0.5347589401971726,0.8336197916666667
904,0.34225739410377687,0.5485774142742157,0.18390022218227386,0.3298623263835907,0.5347377232142857,0.8335838487413194
905,0.3422060030074347,0.5484469890859393,0.1838548183441162,0.3297406733036041,0.5347164481026786,0.8335524495442709
906,0.34215406776609875,0.5483969693713717,0.18380868434906006,0.32969820499420166,0.5346959867931548,0.8335270182291666
907,0.34210258398737226,0.5482789994080861,0.18376317620277405,0.3295890986919403,0.5346747116815476,0.8334950764973958
908,0.34205072398980463,0.5482382010353937,0.18371714651584625,0.32955729961395264,0.5346540178571428,0.8334623209635417
909,0.3419992032107853,0.5481061158445146,0.18367178738117218,0.3294338881969452,0.5346318126860119,0.8334313286675348
910,0.34194754338832134,0.5480627127753364,0.1836257427930832,0.32939815521240234,0.5346121651785715,0.8334050835503473
911,0.3418959350018274,0.547954185989168,0.18358024954795837,0.329299658536911,0.534590076264881,0.833367173936632
912,0.3418445198252088,0.5478703347841898,0.18353457748889923,0.3292226195335388,0.5345697893415179,0.8333452690972222
913,0.3417929382891882,0.5477905460198721,0.18348899483680725,0.32915249466896057,0.5345481654575893,0.8333090549045139
914,0.34174171027683076,0.5477128973801931,0.18344348669052124,0.32908305525779724,0.5345278785342262,0.833280029296875
915,0.3416903439079012,0.5476044392055935,0.18339814245700836,0.3289828300476074,0.5345061383928571,0.8332510036892361
916,0.3416389007284528,0.5475472151438395,0.18335239589214325,0.3289339542388916,0.5344859095982143,0.8332211642795139
917,0.3415876906599318,0.5474314252270592,0.18330726027488708,0.3288266956806183,0.5344638788132441,0.8331905788845486
918,0.3415363480988003,0.5473833339214325,0.1832614690065384,0.32878610491752625,0.5344442894345238,0.8331648763020834
919,0.34148506278651103,0.5472764557202657,0.18321622908115387,0.3286892771720886,0.5344223167782738,0.8331265597873264
920,0.3414339684702101,0.5472001336415608,0.18317072093486786,0.32861924171447754,0.5344025530133929,0.8331069607204861
921,0.34138276167710624,0.547109165403578,0.1831256002187729,0.3285386562347412,0.534380347842262,0.8330669487847222
922,0.34133162445681436,0.5470469831360711,0.18308000266551971,0.3284838795661926,0.5343607003348214,0.8330415852864583
923,0.34128045909177684,0.5469254708025191,0.18303491175174713,0.32837119698524475,0.5343384951636905,0.8330093044704862
924,0.3412294385433197,0.5468751899931166,0.1829894483089447,0.3283287286758423,0.5343187313988095,0.8329819064670139
925,0.3411786845070975,0.5467632517019907,0.18294453620910645,0.32822558283805847,0.5342975725446428,0.8329496256510417
926,0.3411274688584464,0.5467012187904782,0.18289905786514282,0.3281712234020233,0.5342769368489584,0.8329229058159722
927,0.34107657236144656,0.5465929372575549,0.18285402655601501,0.32807183265686035,0.534255603608631,0.8328900824652777
928,0.34102557547887163,0.5465480006535849,0.18280869722366333,0.32803571224212646,0.5342352004278274,0.8328575303819444
929,0.3409749315636499,0.5464036060969035,0.18276388943195343,0.32789862155914307,0.5342139834449404,0.8328326416015625
930,0.3409237700303396,0.5463881627188789,0.18271836638450623,0.3278921842575073,0.5341936383928572,0.8327990044487847
931,0.34087327987807137,0.5462323508262634,0.18267378211021423,0.3277439475059509,0.534172130766369,0.8327727593315972
932,0.3408221939120974,0.5462232917679681,0.18262825906276703,0.3277434706687927,0.5341520182291667,0.8327410888671875
933,0.34077151765709834,0.546082478231854,0.18258343636989594,0.3276115953922272,0.5341306849888393,0.8327079264322916
934,0.3407206705240976,0.5460454650984871,0.18253828585147858,0.32758384943008423,0.5341099911644345,0.8326729329427084
935,0.3406701011146818,0.5459008792241414,0.18249355256557465,0.3274468183517456,0.5340886579241071,0.8326466200086805
936,0.34061929794720247,0.5458792028692033,0.18244841694831848,0.32743433117866516,0.5340680222284226,0.8326118977864584
937,0.3405689265898296,0.5457281267113157,0.1824038177728653,0.3272903859615326,0.5340469796316965,0.8325876193576389
938,0.3405180386758986,0.5457197875446743,0.18235842883586884,0.32729071378707886,0.5340270414806547,0.8325553385416666
939,0.34046757103715625,0.5455763642523024,0.18231381475925446,0.3271562457084656,0.5340055338541667,0.8325219048394097
940,0.3404167976719993,0.545525460269716,0.18226870894432068,0.32711318135261536,0.5339848400297619,0.832493896484375
941,0.3403663369076593,0.5454138203726875,0.18222402036190033,0.32701003551483154,0.533963623046875,0.8324625651041667
942,0.34031567800045015,0.5453709992037878,0.18217895925045013,0.32697591185569763,0.5339432198660714,0.8324301486545139
943,0.3402654142266228,0.545233568933275,0.1821344792842865,0.32684576511383057,0.533921886625744,0.8324048529730903
944,0.34021469137782145,0.5452044259442224,0.1820894181728363,0.32682564854621887,0.533901134672619,0.8323707411024306
945,0.34016450570878526,0.545077554040485,0.18204492330551147,0.32670697569847107,0.5338802083333334,0.8323407660590277
946,0.3401137995606377,0.5450200182596843,0.1819998323917389,0.3266568183898926,0.533859630766369,0.8323148600260417
947,0.34006362371785304,0.5449183978239696,0.18195538222789764,0.32656386494636536,0.5338384719122024,0.8322824435763889
948,0.34001324285779677,0.544867088344362,0.18191063404083252,0.3265213072299957,0.5338177780877976,0.8322496202256945
949,0.33996303975014464,0.5447296936247084,0.1818661391735077,0.3263903856277466,0.5337966773623511,0.8322281901041667
950,0.33991232885065537,0.5447074325084686,0.18182097375392914,0.32637640833854675,0.5337762741815476,0.8321975368923611
951,0.33986236056259705,0.5445619808038076,0.18177680671215057,0.32623758912086487,0.5337547084263393,0.83217529296875
952,0.33981174045517337,0.5445531443489923,0.18173155188560486,0.32623589038848877,0.533735119047619,0.8321502007378472
953,0.3397619409220559,0.5443964843220181,0.1816878616809845,0.326089084148407,0.5337119838169643,0.83211181640625
954,0.33971103990645635,0.5443772603935666,0.18164241313934326,0.32607755064964294,0.5336919875372024,0.8320840115017362
955,0.33966097875436146,0.5442462231583066,0.18159766495227814,0.32595017552375793,0.5336726888020833,0.832076416015625
956,0.33961013097422466,0.5442034140957727,0.1815527230501175,0.32591667771339417,0.5336504255022322,0.8320404730902777
957,0.3395600669611068,0.5440848429467943,0.18150809407234192,0.32580238580703735,0.5336304873511905,0.8320297580295138
958,0.3395094753617332,0.5440464674896665,0.18146328628063202,0.3257729113101959,0.5336086890811012,0.8319957139756945
959,0.3394592651980264,0.5439366501702203,0.18141838908195496,0.3256678581237793,0.5335893322172619,0.8319824896918403
960,0.339408544977506,0.5438803264035119,0.18137355148792267,0.3256203234195709,0.5335670689174107,0.8319490559895834
961,0.33935836101713635,0.5437584982713064,0.18132877349853516,0.3255020081996918,0.5335471888950892,0.8319420030381944
962,0.33930734784830185,0.5437203816043006,0.1812836080789566,0.3254722058773041,0.5335250418526786,0.8319108751085069
963,0.3392571801741918,0.5436189839310116,0.18123866617679596,0.32537463307380676,0.5335059756324405,0.8319021267361111
964,0.3392068728492374,0.5435319391621485,0.18119430541992188,0.325296014547348,0.5334833054315476,0.8318704562717014
965,0.3391568948768434,0.5434600571526421,0.18114951252937317,0.3252291679382324,0.5334644135974702,0.8318556043836806
966,0.3391067219859078,0.5433860823578305,0.18110518157482147,0.32516446709632874,0.5334422084263393,0.831819593641493
967,0.33905687706243426,0.5432733821074168,0.18106059730052948,0.32505562901496887,0.5334229096912202,0.8318106418185763
968,0.3390064533892132,0.5432257950305939,0.1810159981250763,0.3250174820423126,0.5334007626488095,0.831773681640625
969,0.33895667642071137,0.5431250302791595,0.18097145855426788,0.32492193579673767,0.5333815220424107,0.8317578803168403
970,0.33890651547908784,0.5430499710771772,0.18092702329158783,0.3248545229434967,0.5333597819010417,0.8317298719618056
971,0.33885677633966715,0.5429607503414154,0.18088260293006897,0.3247707784175873,0.5333401343936012,0.8317127143012153
972,0.33880641005720413,0.5429039633009168,0.1808379739522934,0.3247227668762207,0.5333182779947917,0.831678941514757
973,0.33875668434302014,0.5427834830549028,0.18079350888729095,0.324605792760849,0.5332989211309523,0.8316716851128472
974,0.33870622136479334,0.5427471752166748,0.18074873089790344,0.32457804679870605,0.5332772391183036,0.8316388617621527
975,0.3386562506811959,0.5426355044576857,0.1807039976119995,0.3244708180427551,0.5332579403831845,0.8316267903645833
976,0.3386056899456751,0.5425847510761685,0.18065914511680603,0.3244282603263855,0.5332361421130952,0.8315957980685764
977,0.3385557516018549,0.5424649752246009,0.1806144267320633,0.3243114650249481,0.5332168433779761,0.8315909830729167
978,0.3385053449528558,0.5424288840558794,0.18056969344615936,0.3242834508419037,0.5331951613653274,0.8315605333116319
979,0.33845557887213573,0.5423192205958897,0.18052512407302856,0.32417792081832886,0.5331759788876488,0.8315498860677083
980,0.3384057089885076,0.5422471755345663,0.18048082292079926,0.32411348819732666,0.5331547619047619,0.8315217420789931
981,0.33835600251243225,0.542161768966251,0.18043631315231323,0.3240334391593933,0.5331355212983631,0.8315049235026042
982,0.33830600114663445,0.542093509250217,0.1803921014070511,0.323974609375,0.533113257998512,0.8314676920572917
983,0.33825670313835143,0.5419789698388842,0.18034788966178894,0.32386356592178345,0.533094482421875,0.8314600965711806
984,0.3382067453236807,0.5419409227371216,0.18030355870723724,0.32383453845977783,0.5330729166666667,0.8314247639973958
985,0.3381573426837013,0.5418325419690874,0.1802593469619751,0.32373151183128357,0.5330536179315476,0.8314078776041667
986,0.33810747935090746,0.5417754792107476,0.18021507561206818,0.3236832618713379,0.5330322265625,0.8313735622829861
987,0.33805787898245315,0.5416584924327003,0.18017062544822693,0.3235699236392975,0.5330131022135417,0.8313651529947916
988,0.33800809384527664,0.541612052652571,0.18012657761573792,0.32353299856185913,0.5329909551711309,0.8313273111979167
989,0.33795873581795466,0.5415121166970995,0.18008217215538025,0.3234373927116394,0.5329727027529761,0.8313153754340278
990,0.33790893102827524,0.5414382765293122,0.18003803491592407,0.3233713209629059,0.5329508463541667,0.8312862141927083
991,0.3378595527013143,0.5413515406449636,0.17999374866485596,0.3232897222042084,0.5329318963913691,0.8312702094184028
992,0.3378098747332891,0.5412916072209677,0.17994968593120575,0.323238730430603,0.5329102725074405,0.8312350802951389
993,0.3377606072652908,0.5411749967998929,0.17990553379058838,0.323125958442688,0.5328912062872024,0.8312255859375
994,0.33771094198453994,0.5411344845030043,0.1798613965511322,0.3230942487716675,0.5328699311755952,0.8311910671657986
995,0.3376616752545039,0.5410260816150242,0.17981727421283722,0.3229910135269165,0.5328506905691964,0.8311748589409722
996,0.3376120405140377,0.540953795644972,0.17977319657802582,0.3229261636734009,0.5328292410714286,0.8311471896701389
997,0.33756280464785443,0.5408727641370562,0.17972902953624725,0.3228503167629242,0.532810291108631,0.8311307779947916
998,0.3375131630329859,0.5408022389147017,0.17968502640724182,0.32278910279273987,0.5327884928385417,0.83109375
999,0.33746426546573643,0.5407015956242879,0.1796410232782364,0.32269132137298584,0.5327702985491072,0.8310888671875
1000,0.3374144821280525,0.54064380507999,0.1795969307422638,0.3226431608200073,0.5327482096354167,0.8310502115885416
1001,0.33736539592061726,0.5405581524637011,0.17955270409584045,0.32256191968917847,0.5327301316034226,0.8310374620225695
1002,0.3373159255073184,0.5404812229474385,0.17950892448425293,0.3224944472312927,0.5327079845610119,0.8309996202256944
1003,0.33726676774592623,0.5403758200009664,0.17946474254131317,0.3223925232887268,0.5326893833705357,0.8309916178385417
1004,0.33721710098925095,0.5403296275933585,0.17942054569721222,0.322355180978775,0.5326682245163691,0.8309566243489583
1005,0.337168032634826,0.5402262136671279,0.17937645316123962,0.32225656509399414,0.5326495651971727,0.8309419759114584
1006,0.33711841565654393,0.5401574317349328,0.17933227121829987,0.32219448685646057,0.5326285807291666,0.8309176974826389
1007,0.33706947011039373,0.5400713168780009,0.17928820848464966,0.322113573551178,0.532610328311012,0.8309009467230902
1008,0.3370197394121261,0.5400083470079634,0.1792440116405487,0.3220595419406891,0.5325888206845238,0.830865478515625
1009,0.3369704896154858,0.5399021060996586,0.17919951677322388,0.32195523381233215,0.5325711495535714,0.8308650037977431
1010,0.33692087992600034,0.5398524373372396,0.1791553944349289,0.3219146728515625,0.5325498744419643,0.8308286539713542
1011,0.3368716334047772,0.539761711385515,0.17911091446876526,0.3218279480934143,0.5325320870535715,0.8308177354600694
1012,0.33682213637374697,0.5396914524502224,0.17906688153743744,0.32176637649536133,0.5325108700706845,0.8307834879557292
1013,0.33677308282965707,0.5395866764651405,0.17902256548404694,0.3216641843318939,0.5324932570684524,0.8307796902126736
1014,0.3367232510078521,0.539545930782954,0.17897804081439972,0.32163146138191223,0.5324726795014881,0.8307485622829861
1015,0.336674113546099,0.5394430533250173,0.1789337396621704,0.32153281569480896,0.5324545433407738,0.8307364908854167
1016,0.33662501008169987,0.5393675829569499,0.17888998985290527,0.32146501541137695,0.5324337913876488,0.8307071940104167
1017,0.3365763737701234,0.5392866701285044,0.1788460910320282,0.32138916850090027,0.5324161202566964,0.83069091796875
1018,0.33652715658573873,0.5392221878104739,0.17880232632160187,0.3213341534137726,0.532394787016369,0.8306525336371527
1019,0.3364787103902726,0.5391059687402513,0.17875871062278748,0.32122188806533813,0.5323766508556548,0.8306418185763889
1020,0.3364294597137542,0.5390679223537445,0.17871476709842682,0.32119283080101013,0.5323560151599702,0.8306057400173611
1021,0.336380835442316,0.5389626843929292,0.1786710023880005,0.3210929334163666,0.5323377046130953,0.8305880398220487
1022,0.336331781018348,0.5389053885671827,0.17862723767757416,0.3210445046424866,0.532317127046131,0.8305525716145833
1023,0.3362831668967292,0.5387924945089552,0.17858341336250305,0.32093554735183716,0.5322991071428571,0.8305418565538194
1024,0.33623424805913654,0.5387536587980059,0.17853984236717224,0.3209058940410614,0.5322781808035715,0.8305046929253472
1025,0.33618563573701044,0.5386438528961606,0.17849597334861755,0.32080093026161194,0.5322603934151786,0.8304894341362847
1026,0.3361366169282368,0.538573776933882,0.1784522384405136,0.32073837518692017,0.532239757719494,0.8304606119791667
1027,0.33608803187097824,0.5384944229125976,0.1784084141254425,0.3206644058227539,0.5322217959449405,0.8304425048828125
1028,0.3360392184030442,0.5384307692050934,0.17836487293243408,0.3206094801425934,0.5322012183779762,0.8304075792100695
1029,0.33599079725855874,0.5383163197305467,0.1783212125301361,0.32049864530563354,0.5321832566034226,0.8303983561197916
1030,0.3359416933797655,0.5382777816984389,0.17827732861042023,0.3204690217971802,0.532162853422619,0.8303624131944445
1031,0.33589318029085796,0.5381763355996874,0.17823359370231628,0.3203727602958679,0.532144775390625,0.8303452555338542
1032,0.33584433046976725,0.5380994697146946,0.17818999290466309,0.32030320167541504,0.532124255952381,0.8303173828125
1033,0.3357959325767699,0.5380215861797333,0.1781463325023651,0.3202306926250458,0.5321063523065476,0.8302992078993056
1034,0.3357471732241767,0.5379612651666006,0.1781027466058731,0.32017889618873596,0.5320861235119048,0.8302651638454861
1035,0.33569902938888185,0.5378429708215926,0.17805936932563782,0.320064514875412,0.5320680454799107,0.8302543131510417
1036,0.3356501450141271,0.5378075152768029,0.17801566421985626,0.32003799080848694,0.5320477585565476,0.8302181667751736
1037,0.33560184275536314,0.5377017949157291,0.1779722273349762,0.3199382722377777,0.5320291573660715,0.8301968044704862
1038,0.3355534188406808,0.5376321902804904,0.17792892456054688,0.31987571716308594,0.5320091610863096,0.8301700846354166
1039,0.335505226288523,0.5375479913287693,0.17788545787334442,0.31979691982269287,0.531991199311756,0.8301516384548611
1040,0.3354564964146841,0.53748190469212,0.17784200608730316,0.31974008679389954,0.5319703892299107,0.8301138644748264
1041,0.3354084419863565,0.5373752369880677,0.17779871821403503,0.31963759660720825,0.5319521949404762,0.8301015218098958
1042,0.33536019107273646,0.5373303931554159,0.17775559425354004,0.3196021318435669,0.531932140531994,0.8300630696614584
1043,0.3353123907021114,0.5372234225008223,0.1777125895023346,0.319501668214798,0.5319137718563988,0.8300390625
1044,0.3352641685292834,0.5371660424073538,0.17766956984996796,0.3194539248943329,0.5318932524181548,0.8299992540147569
1045,0.33521630675452097,0.5370501307646434,0.17762655019760132,0.31934311985969543,0.5318746512276785,0.8299822319878473
1046,0.33516821320283985,0.5370119105445014,0.17758356034755707,0.31931424140930176,0.5318545968191964,0.82994384765625
1047,0.3351205360548837,0.5368844877084096,0.17754071950912476,0.31919196248054504,0.5318359956287202,0.8299266221788194
1048,0.33507216519401184,0.5368522117137909,0.17749744653701782,0.3191690146923065,0.5318159412202381,0.8298882378472222
1049,0.33502443932919274,0.5367464590337542,0.17745451629161835,0.31906965374946594,0.5317975144159226,0.8298647054036459
1050,0.33497647988796236,0.5366911256843143,0.17741166055202484,0.3190235197544098,0.5317774018787202,0.8298269314236111
1051,0.3349287972507023,0.5365690503385332,0.17736871540546417,0.3189060389995575,0.5317592075892857,0.8298123508029513
1052,0.334880932705743,0.5365287490685781,0.1773260533809662,0.3188764154911041,0.5317386300223215,0.8297671847873264
1053,0.3348334097351347,0.5364143402841356,0.17728357017040253,0.3187693953514099,0.5317189243861608,0.8297386338975694
1054,0.3347857788574128,0.5363553604814741,0.17724107205867767,0.3187204897403717,0.5316986374627977,0.8296964518229166
1055,0.33473842224620637,0.536259938451979,0.17719849944114685,0.31863248348236084,0.5316801525297619,0.8296676296657987
1056,0.3346907354536511,0.5361778092384338,0.17715609073638916,0.3185597062110901,0.531659168061756,0.8296291097005208
1057,0.33464326152347385,0.5361087454160055,0.1771135926246643,0.3184996247291565,0.5316396949404761,0.8295924207899306
1058,0.33459582795983267,0.5360237896177504,0.1770711988210678,0.3184241056442261,0.5316198149181548,0.8295533582899306
1059,0.3345484779902867,0.5359259339438545,0.17702889442443848,0.3183342218399048,0.5315999930245535,0.8295217556423611
1060,0.33450110296976,0.5358595765431722,0.17698663473129272,0.31827807426452637,0.5315797061011904,0.829478759765625
1061,0.3344537860779535,0.5357733940283458,0.17694437503814697,0.3182013928890228,0.5315598260788691,0.8294394938151042
1062,0.3344064997264317,0.5356752797497644,0.176902174949646,0.31811168789863586,0.5315396554129465,0.829405517578125
1063,0.3343591235535485,0.5356140121618906,0.1768597513437271,0.3180597722530365,0.5315201822916666,0.8293668619791666
1064,0.3343119324218659,0.535526987499661,0.1768176406621933,0.31798243522644043,0.5315000697544643,0.8293264431423611
1065,0.3342647438276382,0.535427160580953,0.1767755150794983,0.3178907632827759,0.5314800734747024,0.8292938232421875
1066,0.3342175744715191,0.5353723547193739,0.1767333447933197,0.31784582138061523,0.5314602515811012,0.8292523871527778
1067,0.33417074710414524,0.5352483390702142,0.17669148743152618,0.3177289366722107,0.5314407203311012,0.829224853515625
1068,0.33412313726402465,0.5352159811125862,0.17664889991283417,0.31770700216293335,0.5314207821800595,0.8291806369357639
1069,0.3340762423560733,0.535094237645467,0.1766071319580078,0.3175947666168213,0.5314004371279762,0.8291411675347222
1070,0.3340289101487114,0.5350355588065253,0.17656472325325012,0.3175443410873413,0.5313809640066964,0.8291078016493055
1071,0.33398190913313913,0.5349312246905433,0.176522895693779,0.31745001673698425,0.5313603283110119,0.8290657552083334
1072,0.3339349250509625,0.5348935555617015,0.17648069560527802,0.3174213469028473,0.5313414946056547,0.8290285237630208
1073,0.3338881479672023,0.5347396559450361,0.17643922567367554,0.3172765076160431,0.5313202194940476,0.8289912923177083
1074,0.333840691061247,0.5347266868485344,0.17639659345149994,0.3172730803489685,0.5313011532738096,0.8289512803819444
1075,0.33379395245370413,0.534582958592309,0.1763550341129303,0.3171378970146179,0.5312804594494047,0.8289165581597222
1076,0.3337467750708262,0.534559484773212,0.17631277441978455,0.3171245753765106,0.5312609281994047,0.8288735622829861
1077,0.3336999841474352,0.5344240948359171,0.1762712150812149,0.31699955463409424,0.5312399437313988,0.8288296169704861
1078,0.3336528082404818,0.5343715682824453,0.17622901499271393,0.31695571541786194,0.5312201218377977,0.8287939453125
1079,0.3336059184074402,0.5342830052905613,0.17618721723556519,0.31687748432159424,0.5311997767857143,0.8287501356336806
1080,0.3335591266552607,0.5342104001310137,0.17614538967609406,0.3168146312236786,0.5311799548921131,0.8287090386284722
1081,0.33351229388940906,0.5340996187792884,0.17610366642475128,0.3167125880718231,0.5311595517113096,0.8286732313368056
1082,0.3334654781477792,0.5340489126046499,0.17606180906295776,0.31667187809944153,0.5311397298177083,0.8286308458116319
1083,0.3334188172306333,0.5339410270584954,0.17602010071277618,0.3165730834007263,0.5311200241815476,0.8285932074652778
1084,0.3333719993659428,0.5338718079460992,0.1759783923625946,0.3165135383605957,0.5310994466145833,0.8285524495442709
1085,0.33332529046989623,0.533775246752633,0.17593662440776825,0.31642594933509827,0.5310797991071429,0.8285153537326388
1086,0.33327840792565117,0.5337013816833496,0.17589488625526428,0.3163619041442871,0.5310589890252976,0.8284738498263889
1087,0.3332316143739791,0.5336233671241336,0.17585310339927673,0.316293865442276,0.5310389927455357,0.8284316677517362
1088,0.333185156260218,0.5335303273995717,0.17581160366535187,0.3162102997303009,0.5310191127232143,0.8283918592664931
1089,0.3331383947247551,0.533450445678499,0.17576994001865387,0.31613966822624207,0.5309985932849702,0.828353271484375
1090,0.3330919361965997,0.5333631162378524,0.17572830617427826,0.31606146693229675,0.5309793526785714,0.8283151584201389
1091,0.3330450867300942,0.5332994604640537,0.17568661272525787,0.3160087466239929,0.5309585425967261,0.8282680935329861
1092,0.33299846913133346,0.5331865929232703,0.1756451278924942,0.3159051835536957,0.5309377906436011,0.8282290988498264
1093,0.33295187616915933,0.533127276023229,0.1756034642457962,0.3158557713031769,0.5309180268787203,0.8281871202256944
1094,0.3329056222438812,0.533019425895479,0.17556199431419373,0.3157552182674408,0.5308989606584822,0.8281580946180556
1095,0.33285897779464724,0.5329663677480486,0.17552059888839722,0.315714031457901,0.5308776274181548,0.8281062825520833
1096,0.3328126253741128,0.5328617231845856,0.17547902464866638,0.31561794877052307,0.5308585611979166,0.8280708821614583
1097,0.3327659256571815,0.5327813312212626,0.17543751001358032,0.31554752588272095,0.5308375186011904,0.828028564453125
1098,0.33271945877869924,0.5327139475345611,0.1753958910703659,0.31548991799354553,0.5308180454799107,0.827987060546875
1099,0.33267335068044207,0.5326060937245687,0.17535479366779327,0.31539177894592285,0.5307978748139881,0.8279459635416667
1100,0.33262678170771826,0.5325432430638207,0.17531315982341766,0.3153378665447235,0.5307779366629465,0.8279085964626736
1101,0.3325805602130436,0.5324394184483423,0.17527194321155548,0.3152439296245575,0.5307577659970238,0.8278666178385417
1102,0.3325341228133156,0.5323772978517745,0.1752304583787918,0.3151908218860626,0.5307377115885417,0.827828843858507
1103,0.3324878657034465,0.5322731509473589,0.17518921196460724,0.3150964677333832,0.5307174827938989,0.8277872721354167
1104,0.33244153293541495,0.5322310474713644,0.17514772713184357,0.31506437063217163,0.5306979515438988,0.8277444797092014
1105,0.3323956305923916,0.5320816014342837,0.1751069575548172,0.31492385268211365,0.5306770833333333,0.8277073160807291
1106,0.33234915019784655,0.5320771940019395,0.17506514489650726,0.3149287700653076,0.5306583658854167,0.8276677788628473
1107,0.33230273983024416,0.5319309456878238,0.17502404749393463,0.3147924840450287,0.5306366257440476,0.8276253933376736
1108,0.3322563671100707,0.5318853817515903,0.17498259246349335,0.31475692987442017,0.5306167457217262,0.8275826009114583
1109,0.3322102095569883,0.5317916303210789,0.17494137585163116,0.3146730661392212,0.5305967494419643,0.8275404188368055
1110,0.3321641021058673,0.5317023964458042,0.17490006983280182,0.3145917057991028,0.530577392578125,0.8275082736545138
1111,0.33211788577692847,0.5316191362539927,0.17485906183719635,0.31451985239982605,0.5305560593377976,0.82745849609375
1112,0.3320717866761344,0.5315528404712677,0.1748177409172058,0.31446269154548645,0.5305368187313988,0.8274199761284722
1113,0.3320256763639904,0.5314436329470741,0.17477655410766602,0.31436190009117126,0.5305168224516369,0.8273851182725694
1114,0.33197950497127715,0.5313924353122712,0.17473524808883667,0.31432047486305237,0.5304971168154762,0.8273433430989583
1115,0.3319336546205339,0.531268440246582,0.17469458281993866,0.3142061233520508,0.5304758998325892,0.8273023817274305
1116,0.3318876607985724,0.5312406857013703,0.1746530532836914,0.31418636441230774,0.5304580543154762,0.8272693549262152
1117,0.3318413547390983,0.5311208200454711,0.17461206018924713,0.3140779733657837,0.5304361979166666,0.82721923828125
1118,0.3317954311768214,0.5310410206582812,0.17457090318202972,0.3140060305595398,0.5304168991815477,0.8271870252821181
1119,0.33174923514752164,0.5309630057017009,0.1745297759771347,0.31393885612487793,0.5303961472284227,0.827139892578125
1120,0.33170327417055767,0.5308894122706519,0.1744886338710785,0.3138745129108429,0.5303766159784227,0.8271006944444445
1121,0.33165736158688863,0.5307847762637669,0.1744476854801178,0.3137786388397217,0.5303563290550595,0.8270639377170139
1122,0.3316112566732225,0.5307252968152364,0.17440636456012726,0.3137285113334656,0.5303369721912202,0.8270241970486111
1123,0.3315653161775498,0.5306144729455312,0.1743655800819397,0.3136273920536041,0.5303156970796131,0.8269826931423611
1124,0.3315190873032524,0.5305612509250641,0.17432406544685364,0.31358328461647034,0.530296630859375,0.8269440375434027
1125,0.33147298100448797,0.5304681440724267,0.17428292334079742,0.3135002553462982,0.5302762858072917,0.826900634765625
1126,0.3314269953001113,0.5303792988724179,0.17424172163009644,0.313419371843338,0.5302568126860119,0.8268677435980902
1127,0.33138080983502527,0.5302990624639723,0.17420066893100739,0.3133503794670105,0.5302356538318452,0.8268185085720486
1128,0.33133490182104564,0.5302199342515734,0.17415931820869446,0.3132791519165039,0.53021728515625,0.8267858208550347
1129,0.33128863243829637,0.5301244119538202,0.1741182804107666,0.3131943345069885,0.530195545014881,0.8267392306857639
1130,0.3312424747035617,0.5300530482398139,0.17407658696174622,0.31313061714172363,0.5301775832403274,0.826707763671875
1131,0.3311960345336369,0.5299536603821648,0.1740354597568512,0.3130419850349426,0.5301554943266369,0.826660902235243
1132,0.3311499799546741,0.52989806871944,0.17399370670318604,0.3129936158657074,0.5301382300967262,0.8266314019097222
1133,0.33110308513754894,0.5298030244244469,0.17395217716693878,0.3129110634326935,0.5301158505394346,0.8265758599175347
1134,0.331056949592772,0.5297029373910692,0.17391055822372437,0.3128175139427185,0.5300975399925595,0.8265498860677083
1135,0.3310102394024531,0.5296322519249387,0.17386920750141144,0.31275972723960876,0.5300751604352678,0.8264922417534722
1136,0.33096403327442353,0.5295547273688846,0.17382732033729553,0.3126892149448395,0.5300577799479167,0.8264637586805555
1137,0.33091727551959815,0.5294453314145405,0.17378604412078857,0.3125916123390198,0.5300347609747024,0.8264116075303819
1138,0.3308711671488626,0.5293916497760349,0.17374423146247864,0.31254518032073975,0.5300174967447917,0.8263819037543403
1139,0.3308245634805589,0.5292732936806149,0.17370307445526123,0.3124384582042694,0.5299946521577381,0.82633056640625
1140,0.33077827523435865,0.5292234893639882,0.17366115748882294,0.31239619851112366,0.5299769228980655,0.8262993706597223
1141,0.3307317180690311,0.5291195987595453,0.17362000048160553,0.31230515241622925,0.5299543108258928,0.826241929796007
1142,0.33068556794666104,0.5290351720650991,0.17357826232910156,0.312226802110672,0.5299364071800595,0.8262180582682291
1143,0.3306390103669393,0.5289610923661127,0.1735369712114334,0.31216520071029663,0.5299143763950893,0.8261623806423611
1144,0.3305931724309921,0.5288639789952172,0.17349551618099213,0.3120739161968231,0.5298965890066965,0.8261397298177083
1145,0.3305464524144218,0.5287948686016931,0.17345412075519562,0.3120174705982208,0.5298743257068452,0.8260831027560764
1146,0.3305003190835317,0.528722155518002,0.17341259121894836,0.311953604221344,0.5298553757440476,0.8260453287760416
1147,0.33045419068563553,0.5285988808737861,0.17337161302566528,0.3118401765823364,0.5298339262462798,0.8260028076171875
1148,0.3304079940602893,0.5285531913969252,0.17332987487316132,0.3118025064468384,0.5298157319568453,0.8259691026475694
1149,0.33036164223580133,0.528447933461931,0.17328891158103943,0.3117099404335022,0.5297930617559524,0.8259122721354166
1150,0.33031578464735123,0.5283648368252649,0.17324736714363098,0.31163254380226135,0.5297755650111607,0.8258901638454861
1151,0.3302694738365355,0.5282946378654904,0.17320629954338074,0.3115745484828949,0.5297535923549107,0.8258357747395834
1152,0.3302237362861633,0.5281871723333994,0.17316514253616333,0.31147393584251404,0.5297347586495535,0.8258079020182292
1153,0.33017710992268157,0.5281316243807475,0.1731235384941101,0.3114296793937683,0.5297138323102678,0.8257579888237847
1154,0.33013152941068014,0.5280391898420121,0.1730826199054718,0.3113459050655365,0.529694591703869,0.8257210286458333
1155,0.33008514441762654,0.5279434894720713,0.17304137349128723,0.31126031279563904,0.529673084077381,0.8256770833333333
1156,0.3300394184929984,0.5278747310108608,0.17300021648406982,0.3112000823020935,0.529654308500744,0.8256407335069444
1157,0.32999319086188367,0.5277915798558129,0.172959104180336,0.3111283481121063,0.5296329171316965,0.8255902099609375
1158,0.32994752126648313,0.5276890861458248,0.17291799187660217,0.3110325038433075,0.5296141415550595,0.8255632866753472
1159,0.3299011496986662,0.5276294020811716,0.17287670075893402,0.31098440289497375,0.5295928664434524,0.8255118136935764
1160,0.3298554706914084,0.52753531882498,0.17283567786216736,0.31089797616004944,0.5295735677083333,0.8254798041449652
1161,0.32980943128608525,0.5274564581712087,0.1727946549654007,0.3108297288417816,0.5295526413690477,0.8254332139756945
1162,0.3297636749119986,0.5273813537226784,0.17275367677211761,0.310764342546463,0.5295327613467262,0.8253908962673611
1163,0.3297176961728505,0.5272719602319929,0.17271263897418976,0.3106636703014374,0.529512183779762,0.8253537326388889
1164,0.3296719175179799,0.5272297110292647,0.1726713478565216,0.31062987446784973,0.5294936988467261,0.8253176540798611
1165,0.3296263746023178,0.5271010928153992,0.1726308912038803,0.3105117678642273,0.5294723656063988,0.8252715386284722
1166,0.32958037538187845,0.5270548481676314,0.1725894957780838,0.31047335267066956,0.5294532993861607,0.8252385796440972
1167,0.3295347728615715,0.5269365258481767,0.17254897952079773,0.3103656470775604,0.5294319661458333,0.8251919216579862
1168,0.3294889044761658,0.5268882805241478,0.17250770330429077,0.31032511591911316,0.5294129580543154,0.8251595052083334
1169,0.3294433527957826,0.5267717911667293,0.17246712744235992,0.31021860241889954,0.5293921479724703,0.825115966796875
1170,0.32939750586237226,0.5267404884762235,0.17242589592933655,0.3101966381072998,0.5293729654947916,0.8250754123263889
1171,0.3293519535348529,0.5266005666520861,0.17238552868366241,0.31006646156311035,0.5293511090959822,0.8250330946180555
1172,0.3293061635778064,0.5265705876350403,0.1723441332578659,0.3100445866584778,0.5293330310639881,0.8249986436631944
1173,0.3292606842801684,0.5264416928026412,0.17230378091335297,0.30992642045021057,0.5293114071800595,0.8249513075086805
1174,0.3292150063344411,0.5263949855963389,0.17226268351078033,0.30988749861717224,0.5292923409598215,0.8249184841579861
1175,0.32916961487701957,0.5262840660942926,0.17222212255001068,0.3097858428955078,0.529272228422619,0.8248784722222222
1176,0.32912390542030334,0.5262216121355693,0.17218127846717834,0.30973249673843384,0.5292517671130952,0.8248390028211805
1177,0.32907851428645,0.5261257785161336,0.17214061319828033,0.30964553356170654,0.5292321196056547,0.8248008897569444
1178,0.3290328876858666,0.5260734462208219,0.17209982872009277,0.30960363149642944,0.5292117745535714,0.8247547743055555
1179,0.32898770083132245,0.5259384120835199,0.17205943167209625,0.3094760775566101,0.5291917782738095,0.824723646375868
1180,0.3289418851761591,0.5259174352486928,0.17201828956604004,0.3094649612903595,0.5291722470238095,0.8246803114149306
1181,0.3288968285095124,0.5257714179356894,0.17197822034358978,0.30932724475860596,0.5291512625558036,0.8246450466579861
1182,0.32885116980189366,0.5257595242394342,0.17193707823753357,0.3093245029449463,0.5291324869791667,0.824605238172743
1183,0.32880605394499646,0.5256152631971571,0.17189708352088928,0.3091907501220703,0.5291108630952381,0.8245589192708334
1184,0.3287602451642354,0.5255743674437205,0.1718558669090271,0.3091576397418976,0.5290916806175595,0.8245259602864583
1185,0.3287148501078288,0.5254786818822225,0.1718153953552246,0.3090721368789673,0.5290709867931548,0.824481201171875
1186,0.32866968249139333,0.5254115478727552,0.1717749536037445,0.3090144395828247,0.5290511648995536,0.8244399685329861
1187,0.3286245083241236,0.5252896162403954,0.17173448204994202,0.30889973044395447,0.5290315173921131,0.8244099934895833
1188,0.3285789121729987,0.5252681370576223,0.17169351875782013,0.30888792872428894,0.5290121023995535,0.8243674723307292
1189,0.3285338486319497,0.525110161304474,0.17165352404117584,0.3087390065193176,0.5289906529017857,0.8243283420138889
1190,0.3284879209654672,0.5251036950217353,0.17161208391189575,0.3087416887283325,0.528971935453869,0.8242884657118056
1191,0.3284427671886626,0.5249749121665955,0.1715717315673828,0.3086218237876892,0.5289518229166666,0.8242499457465278
1192,0.32839724194435843,0.5249171552128262,0.17153093218803406,0.30857282876968384,0.528931884765625,0.8242119683159722
1193,0.3283520005600793,0.5248169972101847,0.17149044573307037,0.3084818124771118,0.5289119466145833,0.8241722954644097
1194,0.32830675696191336,0.5247727449470097,0.17144986987113953,0.3084472715854645,0.5288922991071429,0.8241295708550347
1195,0.3282617554721378,0.5246355866326226,0.17140968143939972,0.3083176612854004,0.5288720703125,0.8240978325737848
1196,0.32821629892076765,0.5246093950801426,0.17136895656585693,0.3083018660545349,0.528852074032738,0.8240516493055555
1197,0.3281715060472489,0.5244712479379442,0.17132897675037384,0.30817121267318726,0.5288318452380952,0.8240201822916666
1198,0.328125786673455,0.5244506431950463,0.17128784954547882,0.30816027522087097,0.5288125465029762,0.8239775933159722
1199,0.32808088081791287,0.5243232226371766,0.17124788463115692,0.3080427050590515,0.5287916201636905,0.823934326171875
1200,0.32803567569596426,0.5242745324240791,0.1712072193622589,0.30800163745880127,0.5287725539434524,0.8239019775390625
