scene_id,filename,time_index,exposure_index,split,applied_ev,target_ev,predicted_target_ev,absolute_error_ev,acceptable_min_ev,acceptable_max_ev,within_acceptable_interval,target_hdr_enable,hdr_label_mask,predicted_hdr_probability,predicted_hdr_enable_0_5,hdr_correct_0_5,hdr_decision_threshold,predicted_hdr_enable,hdr_correct
Scene4_t000,1P0A2006.dng,0,0,train,17.194602966308594,13.287712097167969,13.5269136428833,0.23920154571533203,11.287712097167969,14.287712097167969,1,1,1,0.8536297082901001,1,1,0.7880644798278809,1,1
Scene4_t000,1P0A2007.dng,0,1,train,16.28771209716797,13.287712097167969,13.20902156829834,0.0786905288696289,11.287712097167969,14.287712097167969,1,1,1,0.8519268035888672,1,1,0.7880644798278809,1,1
Scene4_t000,1P0A2008.dng,0,2,train,15.872674942016602,13.287712097167969,13.083488464355469,0.2042236328125,11.287712097167969,14.287712097167969,1,1,1,0.8510553240776062,1,1,0.7880644798278809,1,1
Scene4_t000,1P0A2009.dng,0,3,train,15.287712097167969,13.287712097167969,12.997840881347656,0.2898712158203125,11.287712097167969,14.287712097167969,1,1,1,0.8492904305458069,1,1,0.7880644798278809,1,1
Scene4_t000,1P0A2010.dng,0,4,train,14.287712097167969,13.287712097167969,13.017559051513672,0.2701530456542969,11.287712097167969,14.287712097167969,1,1,1,0.8452441692352295,1,1,0.7880644798278809,1,1
Scene4_t000,1P0A2011.dng,0,5,train,13.287712097167969,13.287712097167969,13.139551162719727,0.1481609344482422,11.287712097167969,14.287712097167969,1,1,1,0.8329470157623291,1,1,0.7880644798278809,1,1
Scene4_t000,1P0A2012.dng,0,6,train,12.287712097167969,13.287712097167969,13.209053039550781,0.0786590576171875,11.287712097167969,14.287712097167969,1,1,1,0.8112239241600037,1,1,0.7880644798278809,1,1
Scene4_t000,1P0A2013.dng,0,7,train,11.287712097167969,13.287712097167969,13.112960815429688,0.17475128173828125,11.287712097167969,14.287712097167969,1,1,1,0.7736310958862305,1,1,0.7880644798278809,0,0
Scene4_t000,1P0A2014.dng,0,8,train,10.287712097167969,13.287712097167969,13.098355293273926,0.18935680389404297,11.287712097167969,14.287712097167969,1,1,1,0.7276445627212524,1,1,0.7880644798278809,0,0
Scene4_t000,1P0A2015.dng,0,9,train,9.38082218170166,13.287712097167969,13.031622886657715,0.2560892105102539,11.287712097167969,14.287712097167969,1,1,1,0.6943647265434265,1,1,0.7880644798278809,0,0
Scene4_t000,1P0A2016.dng,0,10,train,8.38082218170166,13.287712097167969,13.096816062927246,0.19089603424072266,11.287712097167969,14.287712097167969,1,1,1,0.672645628452301,1,1,0.7880644798278809,0,0
Scene4_t000,1P0A2017.dng,0,11,train,7.380821704864502,13.287712097167969,13.231398582458496,0.056313514709472656,11.287712097167969,14.287712097167969,1,1,1,0.649577260017395,1,1,0.7880644798278809,0,0
Scene4_t000,1P0A2018.dng,0,12,train,6.321928024291992,13.287712097167969,13.291003227233887,0.0032911300659179688,11.287712097167969,14.287712097167969,1,1,1,0.6218961477279663,1,1,0.7880644798278809,0,0
Scene4_t000,1P0A2019.dng,0,13,train,5.321928024291992,13.287712097167969,13.071028709411621,0.21668338775634766,11.287712097167969,14.287712097167969,1,1,1,0.5906503200531006,1,1,0.7880644798278809,0,0
Scene4_t000,1P0A2020.dng,0,14,train,4.321928024291992,13.287712097167969,12.423165321350098,0.8645467758178711,11.287712097167969,14.287712097167969,1,1,1,0.5400437116622925,1,1,0.7880644798278809,0,0
Scene4_t001,1P0A2021.dng,1,0,train,17.194602966308594,13.287712097167969,13.52924633026123,0.24153423309326172,11.287712097167969,14.287712097167969,1,1,1,0.8536805510520935,1,1,0.7880644798278809,1,1
Scene4_t001,1P0A2022.dng,1,1,train,16.28771209716797,13.287712097167969,13.2274751663208,0.06023693084716797,11.287712097167969,14.287712097167969,1,1,1,0.8519810438156128,1,1,0.7880644798278809,1,1
Scene4_t001,1P0A2023.dng,1,2,train,15.872674942016602,13.287712097167969,13.130152702331543,0.15755939483642578,11.287712097167969,14.287712097167969,1,1,1,0.8512930274009705,1,1,0.7880644798278809,1,1
Scene4_t001,1P0A2024.dng,1,3,train,15.287712097167969,13.287712097167969,13.084905624389648,0.2028064727783203,11.287712097167969,14.287712097167969,1,1,1,0.8495973348617554,1,1,0.7880644798278809,1,1
Scene4_t001,1P0A2025.dng,1,4,train,14.287712097167969,13.287712097167969,13.110135078430176,0.17757701873779297,11.287712097167969,14.287712097167969,1,1,1,0.8451637029647827,1,1,0.7880644798278809,1,1
Scene4_t001,1P0A2026.dng,1,5,train,13.287712097167969,13.287712097167969,13.202718734741211,0.08499336242675781,11.287712097167969,14.287712097167969,1,1,1,0.8331394791603088,1,1,0.7880644798278809,1,1
Scene4_t001,1P0A2027.dng,1,6,train,12.287712097167969,13.287712097167969,13.26235294342041,0.025359153747558594,11.287712097167969,14.287712097167969,1,1,1,0.8093273043632507,1,1,0.7880644798278809,1,1
Scene4_t001,1P0A2028.dng,1,7,train,11.287712097167969,13.287712097167969,13.174407005310059,0.11330509185791016,11.287712097167969,14.287712097167969,1,1,1,0.772621750831604,1,1,0.7880644798278809,0,0
Scene4_t001,1P0A2029.dng,1,8,train,10.287712097167969,13.287712097167969,13.121262550354004,0.16644954681396484,11.287712097167969,14.287712097167969,1,1,1,0.7278136610984802,1,1,0.7880644798278809,0,0
Scene4_t001,1P0A2030.dng,1,9,train,9.38082218170166,13.287712097167969,13.09188175201416,0.1958303451538086,11.287712097167969,14.287712097167969,1,1,1,0.6940522193908691,1,1,0.7880644798278809,0,0
Scene4_t001,1P0A2031.dng,1,10,train,8.38082218170166,13.287712097167969,13.120553016662598,0.1671590805053711,11.287712097167969,14.287712097167969,1,1,1,0.6724976301193237,1,1,0.7880644798278809,0,0
Scene4_t001,1P0A2032.dng,1,11,train,7.380821704864502,13.287712097167969,13.205806732177734,0.08190536499023438,11.287712097167969,14.287712097167969,1,1,1,0.6515368223190308,1,1,0.7880644798278809,0,0
Scene4_t001,1P0A2033.dng,1,12,train,6.321928024291992,13.287712097167969,13.31990909576416,0.032196998596191406,11.287712097167969,14.287712097167969,1,1,1,0.6221247315406799,1,1,0.7880644798278809,0,0
Scene4_t001,1P0A2034.dng,1,13,train,5.321928024291992,13.287712097167969,13.092696189880371,0.19501590728759766,11.287712097167969,14.287712097167969,1,1,1,0.5903831124305725,1,1,0.7880644798278809,0,0
Scene4_t001,1P0A2035.dng,1,14,train,4.321928024291992,13.287712097167969,12.761972427368164,0.5257396697998047,11.287712097167969,14.287712097167969,1,1,1,0.5630675554275513,1,1,0.7880644798278809,0,0
Scene4_t002,1P0A2036.dng,2,0,train,17.194602966308594,13.287712097167969,13.52945613861084,0.2417440414428711,11.287712097167969,14.287712097167969,1,1,1,0.8536840677261353,1,1,0.7880644798278809,1,1
Scene4_t002,1P0A2037.dng,2,1,train,16.28771209716797,13.287712097167969,13.228672981262207,0.05903911590576172,11.287712097167969,14.287712097167969,1,1,1,0.8519880771636963,1,1,0.7880644798278809,1,1
Scene4_t002,1P0A2038.dng,2,2,train,15.872674942016602,13.287712097167969,13.1339693069458,0.15374279022216797,11.287712097167969,14.287712097167969,1,1,1,0.8513312935829163,1,1,0.7880644798278809,1,1
Scene4_t002,1P0A2039.dng,2,3,train,15.287712097167969,13.287712097167969,13.086167335510254,0.20154476165771484,11.287712097167969,14.287712097167969,1,1,1,0.8496377468109131,1,1,0.7880644798278809,1,1
Scene4_t002,1P0A2040.dng,2,4,train,14.287712097167969,13.287712097167969,13.107695579528809,0.18001651763916016,11.287712097167969,14.287712097167969,1,1,1,0.845402717590332,1,1,0.7880644798278809,1,1
Scene4_t002,1P0A2041.dng,2,5,train,13.287712097167969,13.287712097167969,13.208191871643066,0.07952022552490234,11.287712097167969,14.287712097167969,1,1,1,0.8333450555801392,1,1,0.7880644798278809,1,1
Scene4_t002,1P0A2042.dng,2,6,train,12.287712097167969,13.287712097167969,13.259871482849121,0.027840614318847656,11.287712097167969,14.287712097167969,1,1,1,0.8100945949554443,1,1,0.7880644798278809,1,1
Scene4_t002,1P0A2043.dng,2,7,train,11.287712097167969,13.287712097167969,13.17724609375,0.11046600341796875,11.287712097167969,14.287712097167969,1,1,1,0.7736348509788513,1,1,0.7880644798278809,0,0
Scene4_t002,1P0A2044.dng,2,8,train,10.287712097167969,13.287712097167969,13.118565559387207,0.16914653778076172,11.287712097167969,14.287712097167969,1,1,1,0.7284101843833923,1,1,0.7880644798278809,0,0
Scene4_t002,1P0A2045.dng,2,9,train,9.38082218170166,13.287712097167969,13.090926170349121,0.19678592681884766,11.287712097167969,14.287712097167969,1,1,1,0.6939296722412109,1,1,0.7880644798278809,0,0
Scene4_t002,1P0A2046.dng,2,10,train,8.38082218170166,13.287712097167969,13.125811576843262,0.16190052032470703,11.287712097167969,14.287712097167969,1,1,1,0.6728015542030334,1,1,0.7880644798278809,0,0
Scene4_t002,1P0A2047.dng,2,11,train,7.380821704864502,13.287712097167969,13.196455001831055,0.09125709533691406,11.287712097167969,14.287712097167969,1,1,1,0.6522036194801331,1,1,0.7880644798278809,0,0
Scene4_t002,1P0A2048.dng,2,12,train,6.321928024291992,13.287712097167969,13.345009803771973,0.057297706604003906,11.287712097167969,14.287712097167969,1,1,1,0.622168779373169,1,1,0.7880644798278809,0,0
Scene4_t002,1P0A2049.dng,2,13,train,5.321928024291992,13.287712097167969,13.107678413391113,0.18003368377685547,11.287712097167969,14.287712097167969,1,1,1,0.5907949805259705,1,1,0.7880644798278809,0,0
Scene4_t002,1P0A2050.dng,2,14,train,4.321928024291992,13.287712097167969,12.552484512329102,0.7352275848388672,11.287712097167969,14.287712097167969,1,1,1,0.5426960587501526,1,1,0.7880644798278809,0,0
Scene4_t003,1P0A2051.dng,3,0,train,17.194602966308594,13.287712097167969,13.529507637023926,0.24179553985595703,11.287712097167969,14.287712097167969,1,1,1,0.8536848425865173,1,1,0.7880644798278809,1,1
Scene4_t003,1P0A2052.dng,3,1,train,16.28771209716797,13.287712097167969,13.23167896270752,0.05603313446044922,11.287712097167969,14.287712097167969,1,1,1,0.8520147800445557,1,1,0.7880644798278809,1,1
Scene4_t003,1P0A2053.dng,3,2,train,15.872674942016602,13.287712097167969,13.134896278381348,0.1528158187866211,11.287712097167969,14.287712097167969,1,1,1,0.8513520359992981,1,1,0.7880644798278809,1,1
Scene4_t003,1P0A2054.dng,3,3,train,15.287712097167969,13.287712097167969,13.091715812683105,0.19599628448486328,11.287712097167969,14.287712097167969,1,1,1,0.8496729731559753,1,1,0.7880644798278809,1,1
Scene4_t003,1P0A2055.dng,3,4,train,14.287712097167969,13.287712097167969,13.119379997253418,0.16833209991455078,11.287712097167969,14.287712097167969,1,1,1,0.8452358841896057,1,1,0.7880644798278809,1,1
Scene4_t003,1P0A2056.dng,3,5,train,13.287712097167969,13.287712097167969,13.21528148651123,0.07243061065673828,11.287712097167969,14.287712097167969,1,1,1,0.8333279490470886,1,1,0.7880644798278809,1,1
Scene4_t003,1P0A2057.dng,3,6,train,12.287712097167969,13.287712097167969,13.2592191696167,0.02849292755126953,11.287712097167969,14.287712097167969,1,1,1,0.8107295632362366,1,1,0.7880644798278809,1,1
Scene4_t003,1P0A2058.dng,3,7,train,11.287712097167969,13.287712097167969,13.186856269836426,0.10085582733154297,11.287712097167969,14.287712097167969,1,1,1,0.7738507390022278,1,1,0.7880644798278809,0,0
Scene4_t003,1P0A2059.dng,3,8,train,10.287712097167969,13.287712097167969,13.129685401916504,0.15802669525146484,11.287712097167969,14.287712097167969,1,1,1,0.728992223739624,1,1,0.7880644798278809,0,0
Scene4_t003,1P0A2060.dng,3,9,train,9.38082218170166,13.287712097167969,13.09069538116455,0.19701671600341797,11.287712097167969,14.287712097167969,1,1,1,0.6946827173233032,1,1,0.7880644798278809,0,0
Scene4_t003,1P0A2061.dng,3,10,train,8.38082218170166,13.287712097167969,13.130602836608887,0.15710926055908203,11.287712097167969,14.287712097167969,1,1,1,0.6735721826553345,1,1,0.7880644798278809,0,0
Scene4_t003,1P0A2062.dng,3,11,train,7.380821704864502,13.287712097167969,13.287781715393066,6.961822509765625e-05,11.287712097167969,14.287712097167969,1,1,1,0.6509117484092712,1,1,0.7880644798278809,0,0
Scene4_t003,1P0A2063.dng,3,12,train,6.321928024291992,13.287712097167969,13.320751190185547,0.033039093017578125,11.287712097167969,14.287712097167969,1,1,1,0.6239427328109741,1,1,0.7880644798278809,0,0
Scene4_t003,1P0A2064.dng,3,13,train,5.321928024291992,13.287712097167969,13.086480140686035,0.2012319564819336,11.287712097167969,14.287712097167969,1,1,1,0.592758059501648,1,1,0.7880644798278809,0,0
Scene4_t003,1P0A2065.dng,3,14,train,4.321928024291992,13.287712097167969,12.593417167663574,0.6942949295043945,11.287712097167969,14.287712097167969,1,1,1,0.5698966383934021,1,1,0.7880644798278809,0,0
Scene4_t004,1P0A2066.dng,4,0,train,17.194602966308594,13.287712097167969,13.529755592346191,0.24204349517822266,11.287712097167969,14.287712097167969,1,1,1,0.8536880612373352,1,1,0.7880644798278809,1,1
Scene4_t004,1P0A2067.dng,4,1,train,16.28771209716797,13.287712097167969,13.232133865356445,0.05557823181152344,11.287712097167969,14.287712097167969,1,1,1,0.852023184299469,1,1,0.7880644798278809,1,1
Scene4_t004,1P0A2068.dng,4,2,train,15.872674942016602,13.287712097167969,13.138827323913574,0.14888477325439453,11.287712097167969,14.287712097167969,1,1,1,0.8513628840446472,1,1,0.7880644798278809,1,1
Scene4_t004,1P0A2069.dng,4,3,train,15.287712097167969,13.287712097167969,13.093005180358887,0.19470691680908203,11.287712097167969,14.287712097167969,1,1,1,0.8497115969657898,1,1,0.7880644798278809,1,1
Scene4_t004,1P0A2070.dng,4,4,train,14.287712097167969,13.287712097167969,13.115778923034668,0.17193317413330078,11.287712097167969,14.287712097167969,1,1,1,0.8454685807228088,1,1,0.7880644798278809,1,1
Scene4_t004,1P0A2071.dng,4,5,train,13.287712097167969,13.287712097167969,13.20572280883789,0.08198928833007812,11.287712097167969,14.287712097167969,1,1,1,0.8337357640266418,1,1,0.7880644798278809,1,1
Scene4_t004,1P0A2072.dng,4,6,train,12.287712097167969,13.287712097167969,13.270750999450684,0.016961097717285156,11.287712097167969,14.287712097167969,1,1,1,0.8103616237640381,1,1,0.7880644798278809,1,1
Scene4_t004,1P0A2073.dng,4,7,train,11.287712097167969,13.287712097167969,13.190567970275879,0.09714412689208984,11.287712097167969,14.287712097167969,1,1,1,0.7741151452064514,1,1,0.7880644798278809,0,0
Scene4_t004,1P0A2074.dng,4,8,train,10.287712097167969,13.287712097167969,13.134997367858887,0.15271472930908203,11.287712097167969,14.287712097167969,1,1,1,0.7290260195732117,1,1,0.7880644798278809,0,0
Scene4_t004,1P0A2075.dng,4,9,train,9.38082218170166,13.287712097167969,13.030463218688965,0.2572488784790039,11.287712097167969,14.287712097167969,1,1,1,0.6959328055381775,1,1,0.7880644798278809,0,0
Scene4_t004,1P0A2076.dng,4,10,train,8.38082218170166,13.287712097167969,13.151758193969727,0.1359539031982422,11.287712097167969,14.287712097167969,1,1,1,0.6735490560531616,1,1,0.7880644798278809,0,0
Scene4_t004,1P0A2077.dng,4,11,train,7.380821704864502,13.287712097167969,13.30526065826416,0.017548561096191406,11.287712097167969,14.287712097167969,1,1,1,0.6515050530433655,1,1,0.7880644798278809,0,0
Scene4_t004,1P0A2078.dng,4,12,train,6.321928024291992,13.287712097167969,13.306129455566406,0.0184173583984375,11.287712097167969,14.287712097167969,1,1,1,0.6254506707191467,1,1,0.7880644798278809,0,0
Scene4_t004,1P0A2079.dng,4,13,train,5.321928024291992,13.287712097167969,13.085472106933594,0.202239990234375,11.287712097167969,14.287712097167969,1,1,1,0.5934419631958008,1,1,0.7880644798278809,0,0
Scene4_t004,1P0A2080.dng,4,14,train,4.321928024291992,13.287712097167969,12.753604888916016,0.5341072082519531,11.287712097167969,14.287712097167969,1,1,1,0.5756715536117554,1,1,0.7880644798278809,0,0
Scene4_t005,1P0A2081.dng,5,0,train,17.194602966308594,13.287712097167969,13.530275344848633,0.24256324768066406,11.287712097167969,14.287712097167969,1,1,1,0.8536950945854187,1,1,0.7880644798278809,1,1
Scene4_t005,1P0A2082.dng,5,1,train,16.28771209716797,13.287712097167969,13.232873916625977,0.05483818054199219,11.287712097167969,14.287712097167969,1,1,1,0.8520362377166748,1,1,0.7880644798278809,1,1
Scene4_t005,1P0A2083.dng,5,2,train,15.872674942016602,13.287712097167969,13.142508506774902,0.1452035903930664,11.287712097167969,14.287712097167969,1,1,1,0.8514044284820557,1,1,0.7880644798278809,1,1
Scene4_t005,1P0A2084.dng,5,3,train,15.287712097167969,13.287712097167969,13.113835334777832,0.17387676239013672,11.287712097167969,14.287712097167969,1,1,1,0.8496869206428528,1,1,0.7880644798278809,1,1
Scene4_t005,1P0A2085.dng,5,4,train,14.287712097167969,13.287712097167969,13.116805076599121,0.17090702056884766,11.287712097167969,14.287712097167969,1,1,1,0.8456103205680847,1,1,0.7880644798278809,1,1
Scene4_t005,1P0A2086.dng,5,5,train,13.287712097167969,13.287712097167969,13.207405090332031,0.0803070068359375,11.287712097167969,14.287712097167969,1,1,1,0.8338468670845032,1,1,0.7880644798278809,1,1
Scene4_t005,1P0A2087.dng,5,6,train,12.287712097167969,13.287712097167969,13.27405071258545,0.013661384582519531,11.287712097167969,14.287712097167969,1,1,1,0.8103194236755371,1,1,0.7880644798278809,1,1
Scene4_t005,1P0A2088.dng,5,7,train,11.287712097167969,13.287712097167969,13.194354057312012,0.09335803985595703,11.287712097167969,14.287712097167969,1,1,1,0.7746671438217163,1,1,0.7880644798278809,0,0
Scene4_t005,1P0A2089.dng,5,8,train,10.287712097167969,13.287712097167969,13.141616821289062,0.14609527587890625,11.287712097167969,14.287712097167969,1,1,1,0.7292934060096741,1,1,0.7880644798278809,0,0
Scene4_t005,1P0A2090.dng,5,9,train,9.38082218170166,13.287712097167969,13.046268463134766,0.24144363403320312,11.287712097167969,14.287712097167969,1,1,1,0.6960039734840393,1,1,0.7880644798278809,0,0
Scene4_t005,1P0A2091.dng,5,10,train,8.38082218170166,13.287712097167969,13.150880813598633,0.13683128356933594,11.287712097167969,14.287712097167969,1,1,1,0.6740758419036865,1,1,0.7880644798278809,0,0
Scene4_t005,1P0A2092.dng,5,11,train,7.380821704864502,13.287712097167969,13.294187545776367,0.0064754486083984375,11.287712097167969,14.287712097167969,1,1,1,0.6523800492286682,1,1,0.7880644798278809,0,0
Scene4_t005,1P0A2093.dng,5,12,train,6.321928024291992,13.287712097167969,13.337459564208984,0.049747467041015625,11.287712097167969,14.287712097167969,1,1,1,0.6247504353523254,1,1,0.7880644798278809,0,0
Scene4_t005,1P0A2094.dng,5,13,train,5.321928024291992,13.287712097167969,13.113924980163574,0.17378711700439453,11.287712097167969,14.287712097167969,1,1,1,0.5925300717353821,1,1,0.7880644798278809,0,0
Scene4_t005,1P0A2095.dng,5,14,train,4.321928024291992,13.287712097167969,12.627034187316895,0.6606779098510742,11.287712097167969,14.287712097167969,1,1,1,0.5737248659133911,1,1,0.7880644798278809,0,0
Scene4_t006,1P0A2096.dng,6,0,train,17.194602966308594,13.287712097167969,13.530252456665039,0.2425403594970703,11.287712097167969,14.287712097167969,1,1,1,0.8536955714225769,1,1,0.7880644798278809,1,1
Scene4_t006,1P0A2097.dng,6,1,train,16.28771209716797,13.287712097167969,13.235107421875,0.05260467529296875,11.287712097167969,14.287712097167969,1,1,1,0.8520581722259521,1,1,0.7880644798278809,1,1
Scene4_t006,1P0A2098.dng,6,2,train,15.872674942016602,13.287712097167969,13.143561363220215,0.1441507339477539,11.287712097167969,14.287712097167969,1,1,1,0.8514053821563721,1,1,0.7880644798278809,1,1
Scene4_t006,1P0A2099.dng,6,3,train,15.287712097167969,13.287712097167969,13.098308563232422,0.18940353393554688,11.287712097167969,14.287712097167969,1,1,1,0.849766731262207,1,1,0.7880644798278809,1,1
Scene4_t006,1P0A2100.dng,6,4,train,14.287712097167969,13.287712097167969,13.114514350891113,0.17319774627685547,11.287712097167969,14.287712097167969,1,1,1,0.8457193970680237,1,1,0.7880644798278809,1,1
Scene4_t006,1P0A2101.dng,6,5,train,13.287712097167969,13.287712097167969,13.209677696228027,0.0780344009399414,11.287712097167969,14.287712097167969,1,1,1,0.8338823318481445,1,1,0.7880644798278809,1,1
Scene4_t006,1P0A2102.dng,6,6,train,12.287712097167969,13.287712097167969,13.263309478759766,0.024402618408203125,11.287712097167969,14.287712097167969,1,1,1,0.8113645315170288,1,1,0.7880644798278809,1,1
Scene4_t006,1P0A2103.dng,6,7,train,11.287712097167969,13.287712097167969,13.198832511901855,0.08887958526611328,11.287712097167969,14.287712097167969,1,1,1,0.7750747799873352,1,1,0.7880644798278809,0,0
Scene4_t006,1P0A2104.dng,6,8,train,10.287712097167969,13.287712097167969,13.144563674926758,0.14314842224121094,11.287712097167969,14.287712097167969,1,1,1,0.730299711227417,1,1,0.7880644798278809,0,0
Scene4_t006,1P0A2105.dng,6,9,train,9.38082218170166,13.287712097167969,13.0614652633667,0.22624683380126953,11.287712097167969,14.287712097167969,1,1,1,0.6959160566329956,1,1,0.7880644798278809,0,0
Scene4_t006,1P0A2106.dng,6,10,train,8.38082218170166,13.287712097167969,13.171674728393555,0.11603736877441406,11.287712097167969,14.287712097167969,1,1,1,0.6742773056030273,1,1,0.7880644798278809,0,0
Scene4_t006,1P0A2107.dng,6,11,train,7.380821704864502,13.287712097167969,13.260575294494629,0.027136802673339844,11.287712097167969,14.287712097167969,1,1,1,0.6539878249168396,1,1,0.7880644798278809,0,0
Scene4_t006,1P0A2108.dng,6,12,train,6.321928024291992,13.287712097167969,13.336188316345215,0.048476219177246094,11.287712097167969,14.287712097167969,1,1,1,0.6264997124671936,1,1,0.7880644798278809,0,0
Scene4_t006,1P0A2109.dng,6,13,train,5.321928024291992,13.287712097167969,13.12695026397705,0.16076183319091797,11.287712097167969,14.287712097167969,1,1,1,0.5923359990119934,1,1,0.7880644798278809,0,0
Scene4_t006,1P0A2110.dng,6,14,train,4.321928024291992,13.287712097167969,12.782554626464844,0.505157470703125,11.287712097167969,14.287712097167969,1,1,1,0.5728479027748108,1,1,0.7880644798278809,0,0
Scene4_t007,1P0A2111.dng,7,0,train,17.194602966308594,13.287712097167969,13.53040599822998,0.24269390106201172,11.287712097167969,14.287712097167969,1,1,1,0.8536956310272217,1,1,0.7880644798278809,1,1
Scene4_t007,1P0A2112.dng,7,1,train,16.28771209716797,13.287712097167969,13.234536170959473,0.053175926208496094,11.287712097167969,14.287712097167969,1,1,1,0.8520539999008179,1,1,0.7880644798278809,1,1
Scene4_t007,1P0A2113.dng,7,2,train,15.872674942016602,13.287712097167969,13.142376899719238,0.14533519744873047,11.287712097167969,14.287712097167969,1,1,1,0.8514256477355957,1,1,0.7880644798278809,1,1
Scene4_t007,1P0A2114.dng,7,3,train,15.287712097167969,13.287712097167969,13.097565650939941,0.19014644622802734,11.287712097167969,14.287712097167969,1,1,1,0.8497956395149231,1,1,0.7880644798278809,1,1
Scene4_t007,1P0A2115.dng,7,4,train,14.287712097167969,13.287712097167969,13.129612922668457,0.15809917449951172,11.287712097167969,14.287712097167969,1,1,1,0.8454811573028564,1,1,0.7880644798278809,1,1
Scene4_t007,1P0A2116.dng,7,5,train,13.287712097167969,13.287712097167969,13.206170082092285,0.0815420150756836,11.287712097167969,14.287712097167969,1,1,1,0.8341832160949707,1,1,0.7880644798278809,1,1
Scene4_t007,1P0A2117.dng,7,6,train,12.287712097167969,13.287712097167969,13.260997772216797,0.026714324951171875,11.287712097167969,14.287712097167969,1,1,1,0.8118042349815369,1,1,0.7880644798278809,1,1
Scene4_t007,1P0A2118.dng,7,7,train,11.287712097167969,13.287712097167969,13.21347713470459,0.0742349624633789,11.287712097167969,14.287712097167969,1,1,1,0.7741713523864746,1,1,0.7880644798278809,0,0
Scene4_t007,1P0A2119.dng,7,8,train,10.287712097167969,13.287712097167969,13.153014183044434,0.13469791412353516,11.287712097167969,14.287712097167969,1,1,1,0.7301079034805298,1,1,0.7880644798278809,0,0
Scene4_t007,1P0A2120.dng,7,9,train,9.38082218170166,13.287712097167969,13.076948165893555,0.21076393127441406,11.287712097167969,14.287712097167969,1,1,1,0.6957090497016907,1,1,0.7880644798278809,0,0
Scene4_t007,1P0A2121.dng,7,10,train,8.38082218170166,13.287712097167969,13.179083824157715,0.1086282730102539,11.287712097167969,14.287712097167969,1,1,1,0.6746748089790344,1,1,0.7880644798278809,0,0
Scene4_t007,1P0A2122.dng,7,11,train,7.380821704864502,13.287712097167969,13.250197410583496,0.037514686584472656,11.287712097167969,14.287712097167969,1,1,1,0.6550086736679077,1,1,0.7880644798278809,0,0
Scene4_t007,1P0A2123.dng,7,12,train,6.321928024291992,13.287712097167969,13.328142166137695,0.04043006896972656,11.287712097167969,14.287712097167969,1,1,1,0.6266095042228699,1,1,0.7880644798278809,0,0
Scene4_t007,1P0A2124.dng,7,13,train,5.321928024291992,13.287712097167969,13.117793083190918,0.16991901397705078,11.287712097167969,14.287712097167969,1,1,1,0.5930978655815125,1,1,0.7880644798278809,0,0
Scene4_t007,1P0A2125.dng,7,14,train,4.321928024291992,13.287712097167969,12.788878440856934,0.49883365631103516,11.287712097167969,14.287712097167969,1,1,1,0.5663503408432007,1,1,0.7880644798278809,0,0
Scene4_t008,1P0A2126.dng,8,0,train,17.194602966308594,13.287712097167969,13.530619621276855,0.24290752410888672,11.287712097167969,14.287712097167969,1,1,1,0.8536969423294067,1,1,0.7880644798278809,1,1
Scene4_t008,1P0A2127.dng,8,1,train,16.28771209716797,13.287712097167969,13.236383438110352,0.05132865905761719,11.287712097167969,14.287712097167969,1,1,1,0.8520694375038147,1,1,0.7880644798278809,1,1
Scene4_t008,1P0A2128.dng,8,2,train,15.872674942016602,13.287712097167969,13.147478103637695,0.14023399353027344,11.287712097167969,14.287712097167969,1,1,1,0.8514581322669983,1,1,0.7880644798278809,1,1
Scene4_t008,1P0A2129.dng,8,3,train,15.287712097167969,13.287712097167969,13.101777076721191,0.18593502044677734,11.287712097167969,14.287712097167969,1,1,1,0.8498104214668274,1,1,0.7880644798278809,1,1
Scene4_t008,1P0A2130.dng,8,4,train,14.287712097167969,13.287712097167969,13.1175537109375,0.17015838623046875,11.287712097167969,14.287712097167969,1,1,1,0.8458462357521057,1,1,0.7880644798278809,1,1
Scene4_t008,1P0A2131.dng,8,5,train,13.287712097167969,13.287712097167969,13.20980167388916,0.0779104232788086,11.287712097167969,14.287712097167969,1,1,1,0.8342550992965698,1,1,0.7880644798278809,1,1
Scene4_t008,1P0A2132.dng,8,6,train,12.287712097167969,13.287712097167969,13.262206077575684,0.025506019592285156,11.287712097167969,14.287712097167969,1,1,1,0.8119727373123169,1,1,0.7880644798278809,1,1
Scene4_t008,1P0A2133.dng,8,7,train,11.287712097167969,13.287712097167969,13.215429306030273,0.07228279113769531,11.287712097167969,14.287712097167969,1,1,1,0.774716854095459,1,1,0.7880644798278809,0,0
Scene4_t008,1P0A2134.dng,8,8,train,10.287712097167969,13.287712097167969,13.156914710998535,0.1307973861694336,11.287712097167969,14.287712097167969,1,1,1,0.7301877737045288,1,1,0.7880644798278809,0,0
Scene4_t008,1P0A2135.dng,8,9,train,9.38082218170166,13.287712097167969,13.09228801727295,0.19542407989501953,11.287712097167969,14.287712097167969,1,1,1,0.6956079006195068,1,1,0.7880644798278809,0,0
Scene4_t008,1P0A2136.dng,8,10,train,8.38082218170166,13.287712097167969,13.177602767944336,0.11010932922363281,11.287712097167969,14.287712097167969,1,1,1,0.6756563186645508,1,1,0.7880644798278809,0,0
Scene4_t008,1P0A2137.dng,8,11,train,7.380821704864502,13.287712097167969,13.248290061950684,0.039422035217285156,11.287712097167969,14.287712097167969,1,1,1,0.6554352641105652,1,1,0.7880644798278809,0,0
Scene4_t008,1P0A2138.dng,8,12,train,6.321928024291992,13.287712097167969,13.346776008605957,0.05906391143798828,11.287712097167969,14.287712097167969,1,1,1,0.6273490190505981,1,1,0.7880644798278809,0,0
Scene4_t008,1P0A2139.dng,8,13,train,5.321928024291992,13.287712097167969,13.132336616516113,0.15537548065185547,11.287712097167969,14.287712097167969,1,1,1,0.5940870642662048,1,1,0.7880644798278809,0,0
Scene4_t008,1P0A2140.dng,8,14,train,4.321928024291992,13.287712097167969,12.583863258361816,0.7038488388061523,11.287712097167969,14.287712097167969,1,1,1,0.5430499911308289,1,1,0.7880644798278809,0,0
Scene4_t009,1P0A2141.dng,9,0,train,17.194602966308594,13.287712097167969,13.530827522277832,0.24311542510986328,11.287712097167969,14.287712097167969,1,1,1,0.8536986112594604,1,1,0.7880644798278809,1,1
Scene4_t009,1P0A2142.dng,9,1,train,16.28771209716797,13.287712097167969,13.237325668334961,0.05038642883300781,11.287712097167969,14.287712097167969,1,1,1,0.8520795106887817,1,1,0.7880644798278809,1,1
Scene4_t009,1P0A2143.dng,9,2,train,15.872674942016602,13.287712097167969,13.151546478271484,0.13616561889648438,11.287712097167969,14.287712097167969,1,1,1,0.8514761924743652,1,1,0.7880644798278809,1,1
Scene4_t009,1P0A2144.dng,9,3,train,15.287712097167969,13.287712097167969,13.10657787322998,0.18113422393798828,11.287712097167969,14.287712097167969,1,1,1,0.8498276472091675,1,1,0.7880644798278809,1,1
Scene4_t009,1P0A2145.dng,9,4,train,14.287712097167969,13.287712097167969,13.120762825012207,0.16694927215576172,11.287712097167969,14.287712097167969,1,1,1,0.8458495736122131,1,1,0.7880644798278809,1,1
Scene4_t009,1P0A2146.dng,9,5,train,13.287712097167969,13.287712097167969,13.218619346618652,0.0690927505493164,11.287712097167969,14.287712097167969,1,1,1,0.8341188430786133,1,1,0.7880644798278809,1,1
Scene4_t009,1P0A2147.dng,9,6,train,12.287712097167969,13.287712097167969,13.268442153930664,0.019269943237304688,11.287712097167969,14.287712097167969,1,1,1,0.8117656707763672,1,1,0.7880644798278809,1,1
Scene4_t009,1P0A2148.dng,9,7,train,11.287712097167969,13.287712097167969,13.21480655670166,0.0729055404663086,11.287712097167969,14.287712097167969,1,1,1,0.7753614187240601,1,1,0.7880644798278809,0,0
Scene4_t009,1P0A2149.dng,9,8,train,10.287712097167969,13.287712097167969,13.162796974182129,0.12491512298583984,11.287712097167969,14.287712097167969,1,1,1,0.7304564118385315,1,1,0.7880644798278809,0,0
Scene4_t009,1P0A2150.dng,9,9,train,9.38082218170166,13.287712097167969,13.107948303222656,0.1797637939453125,11.287712097167969,14.287712097167969,1,1,1,0.6957682967185974,1,1,0.7880644798278809,0,0
Scene4_t009,1P0A2151.dng,9,10,train,8.38082218170166,13.287712097167969,13.191834449768066,0.09587764739990234,11.287712097167969,14.287712097167969,1,1,1,0.6759458780288696,1,1,0.7880644798278809,0,0
Scene4_t009,1P0A2152.dng,9,11,train,7.380821704864502,13.287712097167969,13.290600776672363,0.0028886795043945312,11.287712097167969,14.287712097167969,1,1,1,0.6546752452850342,1,1,0.7880644798278809,0,0
Scene4_t009,1P0A2153.dng,9,12,train,6.321928024291992,13.287712097167969,13.307904243469238,0.02019214630126953,11.287712097167969,14.287712097167969,1,1,1,0.6292538642883301,1,1,0.7880644798278809,0,0
Scene4_t009,1P0A2154.dng,9,13,train,5.321928024291992,13.287712097167969,13.125134468078613,0.16257762908935547,11.287712097167969,14.287712097167969,1,1,1,0.5939253568649292,1,1,0.7880644798278809,0,0
Scene4_t009,1P0A2155.dng,9,14,train,4.321928024291992,13.287712097167969,12.537264823913574,0.7504472732543945,11.287712097167969,14.287712097167969,1,1,1,0.5630493760108948,1,1,0.7880644798278809,0,0
Scene4_t010,1P0A2156.dng,10,0,train,17.194602966308594,13.287712097167969,13.531023979187012,0.24331188201904297,11.287712097167969,14.287712097167969,1,1,1,0.8536956310272217,1,1,0.7880644798278809,1,1
Scene4_t010,1P0A2157.dng,10,1,train,16.28771209716797,13.287712097167969,13.238600730895996,0.049111366271972656,11.287712097167969,14.287712097167969,1,1,1,0.8520880341529846,1,1,0.7880644798278809,1,1
Scene4_t010,1P0A2158.dng,10,2,train,15.872674942016602,13.287712097167969,13.15106201171875,0.13665008544921875,11.287712097167969,14.287712097167969,1,1,1,0.8514634966850281,1,1,0.7880644798278809,1,1
Scene4_t010,1P0A2159.dng,10,3,train,15.287712097167969,13.287712097167969,13.107962608337402,0.1797494888305664,11.287712097167969,14.287712097167969,1,1,1,0.8498561382293701,1,1,0.7880644798278809,1,1
Scene4_t010,1P0A2160.dng,10,4,train,14.287712097167969,13.287712097167969,13.124682426452637,0.16302967071533203,11.287712097167969,14.287712097167969,1,1,1,0.8458781242370605,1,1,0.7880644798278809,1,1
Scene4_t010,1P0A2161.dng,10,5,train,13.287712097167969,13.287712097167969,13.21566104888916,0.0720510482788086,11.287712097167969,14.287712097167969,1,1,1,0.8343451023101807,1,1,0.7880644798278809,1,1
Scene4_t010,1P0A2162.dng,10,6,train,12.287712097167969,13.287712097167969,13.302083015441895,0.014370918273925781,11.287712097167969,14.287712097167969,1,1,1,0.8099551796913147,1,1,0.7880644798278809,1,1
Scene4_t010,1P0A2163.dng,10,7,train,11.287712097167969,13.287712097167969,13.215705871582031,0.0720062255859375,11.287712097167969,14.287712097167969,1,1,1,0.7761263251304626,1,1,0.7880644798278809,0,0
Scene4_t010,1P0A2164.dng,10,8,train,10.287712097167969,13.287712097167969,13.167723655700684,0.11998844146728516,11.287712097167969,14.287712097167969,1,1,1,0.7311949729919434,1,1,0.7880644798278809,0,0
Scene4_t010,1P0A2165.dng,10,9,train,9.38082218170166,13.287712097167969,13.134857177734375,0.15285491943359375,11.287712097167969,14.287712097167969,1,1,1,0.6954994201660156,1,1,0.7880644798278809,0,0
Scene4_t010,1P0A2166.dng,10,10,train,8.38082218170166,13.287712097167969,13.197060585021973,0.0906515121459961,11.287712097167969,14.287712097167969,1,1,1,0.6764903664588928,1,1,0.7880644798278809,0,0
Scene4_t010,1P0A2167.dng,10,11,train,7.380821704864502,13.287712097167969,13.326170921325684,0.038458824157714844,11.287712097167969,14.287712097167969,1,1,1,0.6542539000511169,1,1,0.7880644798278809,0,0
Scene4_t010,1P0A2168.dng,10,12,train,6.321928024291992,13.287712097167969,13.348132133483887,0.06042003631591797,11.287712097167969,14.287712097167969,1,1,1,0.628836452960968,1,1,0.7880644798278809,0,0
Scene4_t010,1P0A2169.dng,10,13,train,5.321928024291992,13.287712097167969,13.09865665435791,0.1890554428100586,11.287712097167969,14.287712097167969,1,1,1,0.5947341918945312,1,1,0.7880644798278809,0,0
Scene4_t010,1P0A2170.dng,10,14,train,4.321928024291992,13.287712097167969,12.691384315490723,0.5963277816772461,11.287712097167969,14.287712097167969,1,1,1,0.5786502361297607,1,1,0.7880644798278809,0,0
Scene4_t011,1P0A2171.dng,11,0,train,17.194602966308594,13.287712097167969,13.531224250793457,0.24351215362548828,11.287712097167969,14.287712097167969,1,1,1,0.8537020087242126,1,1,0.7880644798278809,1,1
Scene4_t011,1P0A2172.dng,11,1,train,16.28771209716797,13.287712097167969,13.239224433898926,0.04848766326904297,11.287712097167969,14.287712097167969,1,1,1,0.852095901966095,1,1,0.7880644798278809,1,1
Scene4_t011,1P0A2173.dng,11,2,train,15.872674942016602,13.287712097167969,13.154903411865234,0.13280868530273438,11.287712097167969,14.287712097167969,1,1,1,0.8514842987060547,1,1,0.7880644798278809,1,1
Scene4_t011,1P0A2174.dng,11,3,train,15.287712097167969,13.287712097167969,13.10900592803955,0.17870616912841797,11.287712097167969,14.287712097167969,1,1,1,0.8498721122741699,1,1,0.7880644798278809,1,1
Scene4_t011,1P0A2175.dng,11,4,train,14.287712097167969,13.287712097167969,13.128847122192383,0.15886497497558594,11.287712097167969,14.287712097167969,1,1,1,0.8458690047264099,1,1,0.7880644798278809,1,1
Scene4_t011,1P0A2176.dng,11,5,train,13.287712097167969,13.287712097167969,13.213888168334961,0.07382392883300781,11.287712097167969,14.287712097167969,1,1,1,0.8344773650169373,1,1,0.7880644798278809,1,1
Scene4_t011,1P0A2177.dng,11,6,train,12.287712097167969,13.287712097167969,13.275704383850098,0.012007713317871094,11.287712097167969,14.287712097167969,1,1,1,0.8117099404335022,1,1,0.7880644798278809,1,1
Scene4_t011,1P0A2178.dng,11,7,train,11.287712097167969,13.287712097167969,13.226862907409668,0.06084918975830078,11.287712097167969,14.287712097167969,1,1,1,0.7754356861114502,1,1,0.7880644798278809,0,0
Scene4_t011,1P0A2179.dng,11,8,train,10.287712097167969,13.287712097167969,13.179368019104004,0.10834407806396484,11.287712097167969,14.287712097167969,1,1,1,0.7304300665855408,1,1,0.7880644798278809,0,0
Scene4_t011,1P0A2180.dng,11,9,train,9.38082218170166,13.287712097167969,13.186128616333008,0.10158348083496094,11.287712097167969,14.287712097167969,1,1,1,0.6956561207771301,1,1,0.7880644798278809,0,0
Scene4_t011,1P0A2181.dng,11,10,train,8.38082218170166,13.287712097167969,13.210749626159668,0.07696247100830078,11.287712097167969,14.287712097167969,1,1,1,0.6766899228096008,1,1,0.7880644798278809,0,0
Scene4_t011,1P0A2182.dng,11,11,train,7.380821704864502,13.287712097167969,13.290679931640625,0.00296783447265625,11.287712097167969,14.287712097167969,1,1,1,0.6562769412994385,1,1,0.7880644798278809,0,0
Scene4_t011,1P0A2183.dng,11,12,train,6.321928024291992,13.287712097167969,13.345941543579102,0.05822944641113281,11.287712097167969,14.287712097167969,1,1,1,0.6285816431045532,1,1,0.7880644798278809,0,0
Scene4_t011,1P0A2184.dng,11,13,train,5.321928024291992,13.287712097167969,13.097420692443848,0.1902914047241211,11.287712097167969,14.287712097167969,1,1,1,0.5944079160690308,1,1,0.7880644798278809,0,0
Scene4_t011,1P0A2185.dng,11,14,train,4.321928024291992,13.287712097167969,12.552851676940918,0.7348604202270508,11.287712097167969,14.287712097167969,1,1,1,0.5640026926994324,1,1,0.7880644798278809,0,0
Scene4_t012,1P0A2186.dng,12,0,train,17.194602966308594,13.287712097167969,13.531477928161621,0.24376583099365234,11.287712097167969,14.287712097167969,1,1,1,0.8537055253982544,1,1,0.7880644798278809,1,1
Scene4_t012,1P0A2187.dng,12,1,train,16.28771209716797,13.287712097167969,13.240641593933105,0.04707050323486328,11.287712097167969,14.287712097167969,1,1,1,0.8521079421043396,1,1,0.7880644798278809,1,1
Scene4_t012,1P0A2188.dng,12,2,train,15.872674942016602,13.287712097167969,13.157376289367676,0.13033580780029297,11.287712097167969,14.287712097167969,1,1,1,0.8515039086341858,1,1,0.7880644798278809,1,1
Scene4_t012,1P0A2189.dng,12,3,train,15.287712097167969,13.287712097167969,13.112210273742676,0.17550182342529297,11.287712097167969,14.287712097167969,1,1,1,0.8498787879943848,1,1,0.7880644798278809,1,1
Scene4_t012,1P0A2190.dng,12,4,train,14.287712097167969,13.287712097167969,13.128741264343262,0.15897083282470703,11.287712097167969,14.287712097167969,1,1,1,0.8459819555282593,1,1,0.7880644798278809,1,1
Scene4_t012,1P0A2191.dng,12,5,train,13.287712097167969,13.287712097167969,13.218710899353027,0.0690011978149414,11.287712097167969,14.287712097167969,1,1,1,0.8344538807868958,1,1,0.7880644798278809,1,1
Scene4_t012,1P0A2192.dng,12,6,train,12.287712097167969,13.287712097167969,13.270648002624512,0.01706409454345703,11.287712097167969,14.287712097167969,1,1,1,0.8121665120124817,1,1,0.7880644798278809,1,1
Scene4_t012,1P0A2193.dng,12,7,train,11.287712097167969,13.287712097167969,13.228226661682129,0.059485435485839844,11.287712097167969,14.287712097167969,1,1,1,0.7757239937782288,1,1,0.7880644798278809,0,0
Scene4_t012,1P0A2194.dng,12,8,train,10.287712097167969,13.287712097167969,13.18283462524414,0.10487747192382812,11.287712097167969,14.287712097167969,1,1,1,0.730781078338623,1,1,0.7880644798278809,0,0
Scene4_t012,1P0A2195.dng,12,9,train,9.38082218170166,13.287712097167969,13.188189506530762,0.09952259063720703,11.287712097167969,14.287712097167969,1,1,1,0.6954652070999146,1,1,0.7880644798278809,0,0
Scene4_t012,1P0A2196.dng,12,10,train,8.38082218170166,13.287712097167969,13.214149475097656,0.0735626220703125,11.287712097167969,14.287712097167969,1,1,1,0.6769437193870544,1,1,0.7880644798278809,0,0
Scene4_t012,1P0A2197.dng,12,11,train,7.380821704864502,13.287712097167969,13.282635688781738,0.005076408386230469,11.287712097167969,14.287712097167969,1,1,1,0.6560450196266174,1,1,0.7880644798278809,0,0
Scene4_t012,1P0A2198.dng,12,12,train,6.321928024291992,13.287712097167969,13.39318561553955,0.10547351837158203,11.287712097167969,14.287712097167969,1,1,1,0.6279110908508301,1,1,0.7880644798278809,0,0
Scene4_t012,1P0A2199.dng,12,13,train,5.321928024291992,13.287712097167969,13.147046089172363,0.14066600799560547,11.287712097167969,14.287712097167969,1,1,1,0.5933519601821899,1,1,0.7880644798278809,0,0
Scene4_t012,1P0A2200.dng,12,14,train,4.321928024291992,13.287712097167969,12.7085599899292,0.5791521072387695,11.287712097167969,14.287712097167969,1,1,1,0.5776169300079346,1,1,0.7880644798278809,0,0
Scene4_t013,1P0A2201.dng,13,0,train,17.194602966308594,13.287712097167969,13.531954765319824,0.24424266815185547,11.287712097167969,14.287712097167969,1,1,1,0.8537124991416931,1,1,0.7880644798278809,1,1
Scene4_t013,1P0A2202.dng,13,1,train,16.28771209716797,13.287712097167969,13.244367599487305,0.04334449768066406,11.287712097167969,14.287712097167969,1,1,1,0.8521420955657959,1,1,0.7880644798278809,1,1
Scene4_t013,1P0A2203.dng,13,2,train,15.872674942016602,13.287712097167969,13.161762237548828,0.12594985961914062,11.287712097167969,14.287712097167969,1,1,1,0.8515267372131348,1,1,0.7880644798278809,1,1
Scene4_t013,1P0A2204.dng,13,3,train,15.287712097167969,13.287712097167969,13.120190620422363,0.16752147674560547,11.287712097167969,14.287712097167969,1,1,1,0.8498678803443909,1,1,0.7880644798278809,1,1
Scene4_t013,1P0A2205.dng,13,4,train,14.287712097167969,13.287712097167969,13.14060115814209,0.1471109390258789,11.287712097167969,14.287712097167969,1,1,1,0.8456540107727051,1,1,0.7880644798278809,1,1
Scene4_t013,1P0A2206.dng,13,5,train,13.287712097167969,13.287712097167969,13.230379104614258,0.05733299255371094,11.287712097167969,14.287712097167969,1,1,1,0.8341836929321289,1,1,0.7880644798278809,1,1
Scene4_t013,1P0A2207.dng,13,6,train,12.287712097167969,13.287712097167969,13.28535270690918,0.0023593902587890625,11.287712097167969,14.287712097167969,1,1,1,0.8113983869552612,1,1,0.7880644798278809,1,1
Scene4_t013,1P0A2208.dng,13,7,train,11.287712097167969,13.287712097167969,13.242931365966797,0.044780731201171875,11.287712097167969,14.287712097167969,1,1,1,0.7748299241065979,1,1,0.7880644798278809,0,0
Scene4_t013,1P0A2209.dng,13,8,train,10.287712097167969,13.287712097167969,13.20348834991455,0.08422374725341797,11.287712097167969,14.287712097167969,1,1,1,0.7294920682907104,1,1,0.7880644798278809,0,0
Scene4_t013,1P0A2210.dng,13,9,train,9.38082218170166,13.287712097167969,13.233185768127441,0.054526329040527344,11.287712097167969,14.287712097167969,1,1,1,0.6953040361404419,1,1,0.7880644798278809,0,0
Scene4_t013,1P0A2211.dng,13,10,train,8.38082218170166,13.287712097167969,13.223227500915527,0.0644845962524414,11.287712097167969,14.287712097167969,1,1,1,0.677683413028717,1,1,0.7880644798278809,0,0
Scene4_t013,1P0A2212.dng,13,11,train,7.380821704864502,13.287712097167969,13.329543113708496,0.041831016540527344,11.287712097167969,14.287712097167969,1,1,1,0.6556652188301086,1,1,0.7880644798278809,0,0
Scene4_t013,1P0A2213.dng,13,12,train,6.321928024291992,13.287712097167969,13.357989311218262,0.07027721405029297,11.287712097167969,14.287712097167969,1,1,1,0.6284578442573547,1,1,0.7880644798278809,0,0
Scene4_t013,1P0A2214.dng,13,13,train,5.321928024291992,13.287712097167969,13.128117561340332,0.15959453582763672,11.287712097167969,14.287712097167969,1,1,1,0.5914227366447449,1,1,0.7880644798278809,0,0
Scene4_t013,1P0A2215.dng,13,14,train,4.321928024291992,13.287712097167969,12.634210586547852,0.6535015106201172,11.287712097167969,14.287712097167969,1,1,1,0.5392472743988037,1,1,0.7880644798278809,0,0
Scene4_t014,1P0A2216.dng,14,0,train,17.194602966308594,13.287712097167969,13.532975196838379,0.24526309967041016,11.287712097167969,14.287712097167969,1,1,1,0.853722333908081,1,1,0.7880644798278809,1,1
Scene4_t014,1P0A2217.dng,14,1,train,16.28771209716797,13.287712097167969,13.247771263122559,0.039940834045410156,11.287712097167969,14.287712097167969,1,1,1,0.8521745204925537,1,1,0.7880644798278809,1,1
Scene4_t014,1P0A2218.dng,14,2,train,15.872674942016602,13.287712097167969,13.170079231262207,0.11763286590576172,11.287712097167969,14.287712097167969,1,1,1,0.8515598773956299,1,1,0.7880644798278809,1,1
Scene4_t014,1P0A2219.dng,14,3,train,15.287712097167969,13.287712097167969,13.134419441223145,0.15329265594482422,11.287712097167969,14.287712097167969,1,1,1,0.8498401641845703,1,1,0.7880644798278809,1,1
Scene4_t014,1P0A2220.dng,14,4,train,14.287712097167969,13.287712097167969,13.155123710632324,0.13258838653564453,11.287712097167969,14.287712097167969,1,1,1,0.8452723026275635,1,1,0.7880644798278809,1,1
Scene4_t014,1P0A2221.dng,14,5,train,13.287712097167969,13.287712097167969,13.25025749206543,0.03745460510253906,11.287712097167969,14.287712097167969,1,1,1,0.8334982991218567,1,1,0.7880644798278809,1,1
Scene4_t014,1P0A2222.dng,14,6,train,12.287712097167969,13.287712097167969,13.316519737243652,0.028807640075683594,11.287712097167969,14.287712097167969,1,1,1,0.8094165921211243,1,1,0.7880644798278809,1,1
Scene4_t014,1P0A2223.dng,14,7,train,11.287712097167969,13.287712097167969,13.273272514343262,0.014439582824707031,11.287712097167969,14.287712097167969,1,1,1,0.771504282951355,1,1,0.7880644798278809,0,0
Scene4_t014,1P0A2224.dng,14,8,train,10.287712097167969,13.287712097167969,13.234016418457031,0.0536956787109375,11.287712097167969,14.287712097167969,1,1,1,0.7274150252342224,1,1,0.7880644798278809,0,0
Scene4_t014,1P0A2225.dng,14,9,train,9.38082218170166,13.287712097167969,13.27846622467041,0.009245872497558594,11.287712097167969,14.287712097167969,1,1,1,0.6946902275085449,1,1,0.7880644798278809,0,0
Scene4_t014,1P0A2226.dng,14,10,train,8.38082218170166,13.287712097167969,13.242040634155273,0.04567146301269531,11.287712097167969,14.287712097167969,1,1,1,0.677381157875061,1,1,0.7880644798278809,0,0
Scene4_t014,1P0A2227.dng,14,11,train,7.380821704864502,13.287712097167969,13.365354537963867,0.07764244079589844,11.287712097167969,14.287712097167969,1,1,1,0.6540231108665466,1,1,0.7880644798278809,0,0
Scene4_t014,1P0A2228.dng,14,12,train,6.321928024291992,13.287712097167969,13.380376815795898,0.09266471862792969,11.287712097167969,14.287712097167969,1,1,1,0.6249412298202515,1,1,0.7880644798278809,0,0
Scene4_t014,1P0A2229.dng,14,13,train,5.321928024291992,13.287712097167969,13.160239219665527,0.1274728775024414,11.287712097167969,14.287712097167969,1,1,1,0.5892664194107056,1,1,0.7880644798278809,0,0
Scene4_t014,1P0A2230.dng,14,14,train,4.321928024291992,13.287712097167969,12.817705154418945,0.47000694274902344,11.287712097167969,14.287712097167969,1,1,1,0.5668812394142151,1,1,0.7880644798278809,0,0
Scene4_t015,1P0A2231.dng,15,0,train,17.194602966308594,13.287712097167969,13.534159660339355,0.24644756317138672,11.287712097167969,14.287712097167969,1,1,1,0.8537421822547913,1,1,0.7880644798278809,1,1
Scene4_t015,1P0A2232.dng,15,1,train,16.28771209716797,13.287712097167969,13.25445556640625,0.03325653076171875,11.287712097167969,14.287712097167969,1,1,1,0.8522200584411621,1,1,0.7880644798278809,1,1
Scene4_t015,1P0A2233.dng,15,2,train,15.872674942016602,13.287712097167969,13.178884506225586,0.10882759094238281,11.287712097167969,14.287712097167969,1,1,1,0.8515779376029968,1,1,0.7880644798278809,1,1
Scene4_t015,1P0A2234.dng,15,3,train,15.287712097167969,13.287712097167969,13.148324966430664,0.1393871307373047,11.287712097167969,14.287712097167969,1,1,1,0.8497529625892639,1,1,0.7880644798278809,1,1
Scene4_t015,1P0A2235.dng,15,4,train,14.287712097167969,13.287712097167969,13.18167781829834,0.1060342788696289,11.287712097167969,14.287712097167969,1,1,1,0.8445577025413513,1,1,0.7880644798278809,1,1
Scene4_t015,1P0A2236.dng,15,5,train,13.287712097167969,13.287712097167969,13.284985542297363,0.0027265548706054688,11.287712097167969,14.287712097167969,1,1,1,0.8323724269866943,1,1,0.7880644798278809,1,1
Scene4_t015,1P0A2237.dng,15,6,train,12.287712097167969,13.287712097167969,13.341995239257812,0.05428314208984375,11.287712097167969,14.287712097167969,1,1,1,0.807481586933136,1,1,0.7880644798278809,1,1
Scene4_t015,1P0A2238.dng,15,7,train,11.287712097167969,13.287712097167969,13.3035306930542,0.01581859588623047,11.287712097167969,14.287712097167969,1,1,1,0.7677454352378845,1,1,0.7880644798278809,0,0
Scene4_t015,1P0A2239.dng,15,8,train,10.287712097167969,13.287712097167969,13.262856483459473,0.024855613708496094,11.287712097167969,14.287712097167969,1,1,1,0.724486768245697,1,1,0.7880644798278809,0,0
Scene4_t015,1P0A2240.dng,15,9,train,9.38082218170166,13.287712097167969,13.350050926208496,0.062338829040527344,11.287712097167969,14.287712097167969,1,1,1,0.6932535171508789,1,1,0.7880644798278809,0,0
Scene4_t015,1P0A2241.dng,15,10,train,8.38082218170166,13.287712097167969,13.271657943725586,0.016054153442382812,11.287712097167969,14.287712097167969,1,1,1,0.6767351031303406,1,1,0.7880644798278809,0,0
Scene4_t015,1P0A2242.dng,15,11,train,7.380821704864502,13.287712097167969,13.391624450683594,0.103912353515625,11.287712097167969,14.287712097167969,1,1,1,0.651664674282074,1,1,0.7880644798278809,0,0
Scene4_t015,1P0A2243.dng,15,12,train,6.321928024291992,13.287712097167969,13.435251235961914,0.1475391387939453,11.287712097167969,14.287712097167969,1,1,1,0.6232538819313049,1,1,0.7880644798278809,0,0
Scene4_t015,1P0A2244.dng,15,13,train,5.321928024291992,13.287712097167969,13.14035415649414,0.14735794067382812,11.287712097167969,14.287712097167969,1,1,1,0.5858553051948547,1,1,0.7880644798278809,0,0
Scene4_t015,1P0A2245.dng,15,14,train,4.321928024291992,13.287712097167969,12.582101821899414,0.7056102752685547,11.287712097167969,14.287712097167969,1,1,1,0.5558573603630066,1,1,0.7880644798278809,0,0
Scene4_t016,1P0A2246.dng,16,0,train,17.194602966308594,13.287712097167969,13.536023139953613,0.24831104278564453,11.287712097167969,14.287712097167969,1,1,1,0.8537657856941223,1,1,0.7880644798278809,1,1
Scene4_t016,1P0A2247.dng,16,1,train,16.28771209716797,13.287712097167969,13.265616416931152,0.022095680236816406,11.287712097167969,14.287712097167969,1,1,1,0.8522953391075134,1,1,0.7880644798278809,1,1
Scene4_t016,1P0A2248.dng,16,2,train,15.872674942016602,13.287712097167969,13.189375877380371,0.09833621978759766,11.287712097167969,14.287712097167969,1,1,1,0.8515610694885254,1,1,0.7880644798278809,1,1
Scene4_t016,1P0A2249.dng,16,3,train,15.287712097167969,13.287712097167969,13.165481567382812,0.12223052978515625,11.287712097167969,14.287712097167969,1,1,1,0.8496477603912354,1,1,0.7880644798278809,1,1
Scene4_t016,1P0A2250.dng,16,4,train,14.287712097167969,13.287712097167969,13.205662727355957,0.08204936981201172,11.287712097167969,14.287712097167969,1,1,1,0.8439381122589111,1,1,0.7880644798278809,1,1
Scene4_t016,1P0A2251.dng,16,5,train,13.287712097167969,13.287712097167969,13.335516929626465,0.047804832458496094,11.287712097167969,14.287712097167969,1,1,1,0.8306906819343567,1,1,0.7880644798278809,1,1
Scene4_t016,1P0A2252.dng,16,6,train,12.287712097167969,13.287712097167969,13.376952171325684,0.08924007415771484,11.287712097167969,14.287712097167969,1,1,1,0.8041830062866211,1,1,0.7880644798278809,1,1
Scene4_t016,1P0A2253.dng,16,7,train,11.287712097167969,13.287712097167969,13.338520050048828,0.050807952880859375,11.287712097167969,14.287712097167969,1,1,1,0.7633014917373657,1,1,0.7880644798278809,0,0
Scene4_t016,1P0A2254.dng,16,8,train,10.287712097167969,13.287712097167969,13.304718017578125,0.01700592041015625,11.287712097167969,14.287712097167969,1,1,1,0.721272349357605,1,1,0.7880644798278809,0,0
Scene4_t016,1P0A2255.dng,16,9,train,9.38082218170166,13.287712097167969,13.43376636505127,0.14605426788330078,11.287712097167969,14.287712097167969,1,1,1,0.6914969682693481,1,1,0.7880644798278809,0,0
Scene4_t016,1P0A2256.dng,16,10,train,8.38082218170166,13.287712097167969,13.334795951843262,0.04708385467529297,11.287712097167969,14.287712097167969,1,1,1,0.674412190914154,1,1,0.7880644798278809,0,0
Scene4_t016,1P0A2257.dng,16,11,train,7.380821704864502,13.287712097167969,13.483638763427734,0.19592666625976562,11.287712097167969,14.287712097167969,1,1,1,0.6496096253395081,1,1,0.7880644798278809,0,0
Scene4_t016,1P0A2258.dng,16,12,train,6.321928024291992,13.287712097167969,13.497453689575195,0.20974159240722656,11.287712097167969,14.287712097167969,1,1,1,0.6156960129737854,1,1,0.7880644798278809,0,0
Scene4_t016,1P0A2259.dng,16,13,train,5.321928024291992,13.287712097167969,13.188828468322754,0.09888362884521484,11.287712097167969,14.287712097167969,1,1,1,0.5809998512268066,1,1,0.7880644798278809,0,0
Scene4_t016,1P0A2260.dng,16,14,train,4.321928024291992,13.287712097167969,12.655455589294434,0.6322565078735352,11.287712097167969,14.287712097167969,1,1,1,0.5620161294937134,1,1,0.7880644798278809,0,0
Scene4_t017,1P0A2261.dng,17,0,train,17.194602966308594,13.287712097167969,13.538812637329102,0.2511005401611328,11.287712097167969,14.287712097167969,1,1,1,0.853794276714325,1,1,0.7880644798278809,1,1
Scene4_t017,1P0A2262.dng,17,1,train,16.28771209716797,13.287712097167969,13.271805763244629,0.015906333923339844,11.287712097167969,14.287712097167969,1,1,1,0.8523340821266174,1,1,0.7880644798278809,1,1
Scene4_t017,1P0A2263.dng,17,2,train,15.872674942016602,13.287712097167969,13.20022201538086,0.08749008178710938,11.287712097167969,14.287712097167969,1,1,1,0.8515577912330627,1,1,0.7880644798278809,1,1
Scene4_t017,1P0A2264.dng,17,3,train,15.287712097167969,13.287712097167969,13.17982006072998,0.10789203643798828,11.287712097167969,14.287712097167969,1,1,1,0.8495228886604309,1,1,0.7880644798278809,1,1
Scene4_t017,1P0A2265.dng,17,4,train,14.287712097167969,13.287712097167969,13.244612693786621,0.043099403381347656,11.287712097167969,14.287712097167969,1,1,1,0.843165934085846,1,1,0.7880644798278809,1,1
Scene4_t017,1P0A2266.dng,17,5,train,13.287712097167969,13.287712097167969,13.399710655212402,0.1119985580444336,11.287712097167969,14.287712097167969,1,1,1,0.8282336592674255,1,1,0.7880644798278809,1,1
Scene4_t017,1P0A2267.dng,17,6,train,12.287712097167969,13.287712097167969,13.40773868560791,0.1200265884399414,11.287712097167969,14.287712097167969,1,1,1,0.8008871078491211,1,1,0.7880644798278809,1,1
Scene4_t017,1P0A2268.dng,17,7,train,11.287712097167969,13.287712097167969,13.371331214904785,0.0836191177368164,11.287712097167969,14.287712097167969,1,1,1,0.7590841054916382,1,1,0.7880644798278809,0,0
Scene4_t017,1P0A2269.dng,17,8,train,10.287712097167969,13.287712097167969,13.341185569763184,0.053473472595214844,11.287712097167969,14.287712097167969,1,1,1,0.7185239195823669,1,1,0.7880644798278809,0,0
Scene4_t017,1P0A2270.dng,17,9,train,9.38082218170166,13.287712097167969,13.467495918273926,0.17978382110595703,11.287712097167969,14.287712097167969,1,1,1,0.6905000805854797,1,1,0.7880644798278809,0,0
Scene4_t017,1P0A2271.dng,17,10,train,8.38082218170166,13.287712097167969,13.417057991027832,0.12934589385986328,11.287712097167969,14.287712097167969,1,1,1,0.672747790813446,1,1,0.7880644798278809,0,0
Scene4_t017,1P0A2272.dng,17,11,train,7.380821704864502,13.287712097167969,13.563343048095703,0.2756309509277344,11.287712097167969,14.287712097167969,1,1,1,0.646289050579071,1,1,0.7880644798278809,0,0
Scene4_t017,1P0A2273.dng,17,12,train,6.321928024291992,13.287712097167969,13.52596664428711,0.23825454711914062,11.287712097167969,14.287712097167969,1,1,1,0.6121488213539124,1,1,0.7880644798278809,0,0
Scene4_t017,1P0A2274.dng,17,13,train,5.321928024291992,13.287712097167969,13.203965187072754,0.08374691009521484,11.287712097167969,14.287712097167969,1,1,1,0.5757660865783691,1,1,0.7880644798278809,0,0
Scene4_t017,1P0A2275.dng,17,14,train,4.321928024291992,13.287712097167969,12.598245620727539,0.6894664764404297,11.287712097167969,14.287712097167969,1,1,1,0.5388431549072266,1,1,0.7880644798278809,0,0
Scene4_t018,1P0A2276.dng,18,0,train,17.194602966308594,13.287712097167969,13.541264533996582,0.2535524368286133,11.287712097167969,14.287712097167969,1,1,1,0.8538121581077576,1,1,0.7880644798278809,1,1
Scene4_t018,1P0A2277.dng,18,1,train,16.28771209716797,13.287712097167969,13.280203819274902,0.007508277893066406,11.287712097167969,14.287712097167969,1,1,1,0.8523662090301514,1,1,0.7880644798278809,1,1
Scene4_t018,1P0A2278.dng,18,2,train,15.872674942016602,13.287712097167969,13.210216522216797,0.07749557495117188,11.287712097167969,14.287712097167969,1,1,1,0.8515399098396301,1,1,0.7880644798278809,1,1
Scene4_t018,1P0A2279.dng,18,3,train,15.287712097167969,13.287712097167969,13.211579322814941,0.07613277435302734,11.287712097167969,14.287712097167969,1,1,1,0.8493295311927795,1,1,0.7880644798278809,1,1
Scene4_t018,1P0A2280.dng,18,4,train,14.287712097167969,13.287712097167969,13.280433654785156,0.0072784423828125,11.287712097167969,14.287712097167969,1,1,1,0.8424642086029053,1,1,0.7880644798278809,1,1
Scene4_t018,1P0A2281.dng,18,5,train,13.287712097167969,13.287712097167969,13.410923957824707,0.12321186065673828,11.287712097167969,14.287712097167969,1,1,1,0.827492356300354,1,1,0.7880644798278809,1,1
Scene4_t018,1P0A2282.dng,18,6,train,12.287712097167969,13.287712097167969,13.4374361038208,0.14972400665283203,11.287712097167969,14.287712097167969,1,1,1,0.7982354164123535,1,1,0.7880644798278809,1,1
Scene4_t018,1P0A2283.dng,18,7,train,11.287712097167969,13.287712097167969,13.39732837677002,0.10961627960205078,11.287712097167969,14.287712097167969,1,1,1,0.755070149898529,1,1,0.7880644798278809,0,0
Scene4_t018,1P0A2284.dng,18,8,train,10.287712097167969,13.287712097167969,13.388542175292969,0.100830078125,11.287712097167969,14.287712097167969,1,1,1,0.716648519039154,1,1,0.7880644798278809,0,0
Scene4_t018,1P0A2285.dng,18,9,train,9.38082218170166,13.287712097167969,13.531947135925293,0.24423503875732422,11.287712097167969,14.287712097167969,1,1,1,0.6886265873908997,1,1,0.7880644798278809,0,0
Scene4_t018,1P0A2286.dng,18,10,train,8.38082218170166,13.287712097167969,13.464783668518066,0.17707157135009766,11.287712097167969,14.287712097167969,1,1,1,0.6701335906982422,1,1,0.7880644798278809,0,0
Scene4_t018,1P0A2287.dng,18,11,train,7.380821704864502,13.287712097167969,13.624346733093262,0.33663463592529297,11.287712097167969,14.287712097167969,1,1,1,0.6430045962333679,1,1,0.7880644798278809,0,0
Scene4_t018,1P0A2288.dng,18,12,train,6.321928024291992,13.287712097167969,13.553030014038086,0.2653179168701172,11.287712097167969,14.287712097167969,1,1,1,0.608152449131012,1,1,0.7880644798278809,0,0
Scene4_t018,1P0A2289.dng,18,13,train,5.321928024291992,13.287712097167969,13.212492942810059,0.07521915435791016,11.287712097167969,14.287712097167969,1,1,1,0.5719653964042664,1,1,0.7880644798278809,0,0
Scene4_t018,1P0A2290.dng,18,14,train,4.321928024291992,13.287712097167969,12.835667610168457,0.4520444869995117,11.287712097167969,14.287712097167969,1,1,1,0.540251612663269,1,1,0.7880644798278809,0,0
Scene4_t019,1P0A2291.dng,19,0,train,17.194602966308594,13.287712097167969,13.543808937072754,0.25609683990478516,11.287712097167969,14.287712097167969,1,1,1,0.8538404703140259,1,1,0.7880644798278809,1,1
Scene4_t019,1P0A2292.dng,19,1,train,16.28771209716797,13.287712097167969,13.286955833435059,0.0007562637329101562,11.287712097167969,14.287712097167969,1,1,1,0.8524029850959778,1,1,0.7880644798278809,1,1
Scene4_t019,1P0A2293.dng,19,2,train,15.872674942016602,13.287712097167969,13.214888572692871,0.07282352447509766,11.287712097167969,14.287712097167969,1,1,1,0.851515531539917,1,1,0.7880644798278809,1,1
Scene4_t019,1P0A2294.dng,19,3,train,15.287712097167969,13.287712097167969,13.21871280670166,0.0689992904663086,11.287712097167969,14.287712097167969,1,1,1,0.8493011593818665,1,1,0.7880644798278809,1,1
Scene4_t019,1P0A2295.dng,19,4,train,14.287712097167969,13.287712097167969,13.301959037780762,0.014246940612792969,11.287712097167969,14.287712097167969,1,1,1,0.8419564962387085,1,1,0.7880644798278809,1,1
Scene4_t019,1P0A2296.dng,19,5,train,13.287712097167969,13.287712097167969,13.433111190795898,0.1453990936279297,11.287712097167969,14.287712097167969,1,1,1,0.8263798952102661,1,1,0.7880644798278809,1,1
Scene4_t019,1P0A2297.dng,19,6,train,12.287712097167969,13.287712097167969,13.456684112548828,0.16897201538085938,11.287712097167969,14.287712097167969,1,1,1,0.7967092394828796,1,1,0.7880644798278809,1,1
Scene4_t019,1P0A2298.dng,19,7,train,11.287712097167969,13.287712097167969,13.416043281555176,0.12833118438720703,11.287712097167969,14.287712097167969,1,1,1,0.7524887919425964,1,1,0.7880644798278809,0,0
Scene4_t019,1P0A2299.dng,19,8,train,10.287712097167969,13.287712097167969,13.42162799835205,0.13391590118408203,11.287712097167969,14.287712097167969,1,1,1,0.7160786986351013,1,1,0.7880644798278809,0,0
Scene4_t019,1P0A2300.dng,19,9,train,9.38082218170166,13.287712097167969,13.578665733337402,0.2909536361694336,11.287712097167969,14.287712097167969,1,1,1,0.6886141896247864,1,1,0.7880644798278809,0,0
Scene4_t019,1P0A2301.dng,19,10,train,8.38082218170166,13.287712097167969,13.48421573638916,0.1965036392211914,11.287712097167969,14.287712097167969,1,1,1,0.6702379584312439,1,1,0.7880644798278809,0,0
Scene4_t019,1P0A2302.dng,19,11,train,7.380821704864502,13.287712097167969,13.6806001663208,0.39288806915283203,11.287712097167969,14.287712097167969,1,1,1,0.6401153802871704,1,1,0.7880644798278809,0,0
Scene4_t019,1P0A2303.dng,19,12,train,6.321928024291992,13.287712097167969,13.585379600524902,0.2976675033569336,11.287712097167969,14.287712097167969,1,1,1,0.6054839491844177,1,1,0.7880644798278809,0,0
Scene4_t019,1P0A2304.dng,19,13,train,5.321928024291992,13.287712097167969,13.206830978393555,0.08088111877441406,11.287712097167969,14.287712097167969,1,1,1,0.569033145904541,1,1,0.7880644798278809,0,0
Scene4_t019,1P0A2305.dng,19,14,train,4.321928024291992,13.287712097167969,12.814123153686523,0.4735889434814453,11.287712097167969,14.287712097167969,1,1,1,0.5506883263587952,1,1,0.7880644798278809,0,0
Scene4_t020,1P0A2306.dng,20,0,train,17.194602966308594,13.287712097167969,13.54476547241211,0.2570533752441406,11.287712097167969,14.287712097167969,1,1,1,0.8538475036621094,1,1,0.7880644798278809,1,1
Scene4_t020,1P0A2307.dng,20,1,train,16.28771209716797,13.287712097167969,13.29297161102295,0.005259513854980469,11.287712097167969,14.287712097167969,1,1,1,0.8524197936058044,1,1,0.7880644798278809,1,1
Scene4_t020,1P0A2308.dng,20,2,train,15.872674942016602,13.287712097167969,13.218367576599121,0.06934452056884766,11.287712097167969,14.287712097167969,1,1,1,0.8515073657035828,1,1,0.7880644798278809,1,1
Scene4_t020,1P0A2309.dng,20,3,train,15.287712097167969,13.287712097167969,13.21607494354248,0.07163715362548828,11.287712097167969,14.287712097167969,1,1,1,0.8493003845214844,1,1,0.7880644798278809,1,1
Scene4_t020,1P0A2310.dng,20,4,train,14.287712097167969,13.287712097167969,13.30445384979248,0.01674175262451172,11.287712097167969,14.287712097167969,1,1,1,0.8419228792190552,1,1,0.7880644798278809,1,1
Scene4_t020,1P0A2311.dng,20,5,train,13.287712097167969,13.287712097167969,13.442048072814941,0.15433597564697266,11.287712097167969,14.287712097167969,1,1,1,0.8259771466255188,1,1,0.7880644798278809,1,1
Scene4_t020,1P0A2312.dng,20,6,train,12.287712097167969,13.287712097167969,13.4647855758667,0.17707347869873047,11.287712097167969,14.287712097167969,1,1,1,0.7963383197784424,1,1,0.7880644798278809,1,1
Scene4_t020,1P0A2313.dng,20,7,train,11.287712097167969,13.287712097167969,13.43503475189209,0.1473226547241211,11.287712097167969,14.287712097167969,1,1,1,0.7509652972221375,1,1,0.7880644798278809,0,0
Scene4_t020,1P0A2314.dng,20,8,train,10.287712097167969,13.287712097167969,13.424551963806152,0.1368398666381836,11.287712097167969,14.287712097167969,1,1,1,0.7164983153343201,1,1,0.7880644798278809,0,0
Scene4_t020,1P0A2315.dng,20,9,train,9.38082218170166,13.287712097167969,13.58576488494873,0.2980527877807617,11.287712097167969,14.287712097167969,1,1,1,0.688947856426239,1,1,0.7880644798278809,0,0
Scene4_t020,1P0A2316.dng,20,10,train,8.38082218170166,13.287712097167969,13.482523918151855,0.19481182098388672,11.287712097167969,14.287712097167969,1,1,1,0.6703421473503113,1,1,0.7880644798278809,0,0
Scene4_t020,1P0A2317.dng,20,11,train,7.380821704864502,13.287712097167969,13.641097068786621,0.35338497161865234,11.287712097167969,14.287712097167969,1,1,1,0.6398349404335022,1,1,0.7880644798278809,0,0
Scene4_t020,1P0A2318.dng,20,12,train,6.321928024291992,13.287712097167969,13.579509735107422,0.2917976379394531,11.287712097167969,14.287712097167969,1,1,1,0.6028509140014648,1,1,0.7880644798278809,0,0
Scene4_t020,1P0A2319.dng,20,13,train,5.321928024291992,13.287712097167969,13.228558540344238,0.05915355682373047,11.287712097167969,14.287712097167969,1,1,1,0.5669955015182495,1,1,0.7880644798278809,0,0
Scene4_t020,1P0A2320.dng,20,14,train,4.321928024291992,13.287712097167969,12.827910423278809,0.45980167388916016,11.287712097167969,14.287712097167969,1,1,1,0.5322722792625427,1,1,0.7880644798278809,0,0
Scene4_t021,1P0A2321.dng,21,0,train,17.194602966308594,13.287712097167969,13.545411109924316,0.25769901275634766,11.287712097167969,14.287712097167969,1,1,1,0.8538485169410706,1,1,0.7880644798278809,1,1
Scene4_t021,1P0A2322.dng,21,1,train,16.28771209716797,13.287712097167969,13.295262336730957,0.007550239562988281,11.287712097167969,14.287712097167969,1,1,1,0.8524362444877625,1,1,0.7880644798278809,1,1
Scene4_t021,1P0A2323.dng,21,2,train,15.872674942016602,13.287712097167969,13.220513343811035,0.0671987533569336,11.287712097167969,14.287712097167969,1,1,1,0.8515161275863647,1,1,0.7880644798278809,1,1
Scene4_t021,1P0A2324.dng,21,3,train,15.287712097167969,13.287712097167969,13.22040843963623,0.06730365753173828,11.287712097167969,14.287712097167969,1,1,1,0.8493479490280151,1,1,0.7880644798278809,1,1
Scene4_t021,1P0A2325.dng,21,4,train,14.287712097167969,13.287712097167969,13.307000160217285,0.019288063049316406,11.287712097167969,14.287712097167969,1,1,1,0.8419354557991028,1,1,0.7880644798278809,1,1
Scene4_t021,1P0A2326.dng,21,5,train,13.287712097167969,13.287712097167969,13.441509246826172,0.15379714965820312,11.287712097167969,14.287712097167969,1,1,1,0.8261017203330994,1,1,0.7880644798278809,1,1
Scene4_t021,1P0A2327.dng,21,6,train,12.287712097167969,13.287712097167969,13.461362838745117,0.17365074157714844,11.287712097167969,14.287712097167969,1,1,1,0.7967131733894348,1,1,0.7880644798278809,1,1
Scene4_t021,1P0A2328.dng,21,7,train,11.287712097167969,13.287712097167969,13.421759605407715,0.1340475082397461,11.287712097167969,14.287712097167969,1,1,1,0.7524528503417969,1,1,0.7880644798278809,0,0
Scene4_t021,1P0A2329.dng,21,8,train,10.287712097167969,13.287712097167969,13.42739200592041,0.1396799087524414,11.287712097167969,14.287712097167969,1,1,1,0.7171791195869446,1,1,0.7880644798278809,0,0
Scene4_t021,1P0A2330.dng,21,9,train,9.38082218170166,13.287712097167969,13.582697868347168,0.2949857711791992,11.287712097167969,14.287712097167969,1,1,1,0.6902113556861877,1,1,0.7880644798278809,0,0
Scene4_t021,1P0A2331.dng,21,10,train,8.38082218170166,13.287712097167969,13.50464153289795,0.21692943572998047,11.287712097167969,14.287712097167969,1,1,1,0.6695137023925781,1,1,0.7880644798278809,0,0
Scene4_t021,1P0A2332.dng,21,11,train,7.380821704864502,13.287712097167969,13.637595176696777,0.3498830795288086,11.287712097167969,14.287712097167969,1,1,1,0.6392350196838379,1,1,0.7880644798278809,0,0
Scene4_t021,1P0A2333.dng,21,12,train,6.321928024291992,13.287712097167969,13.577912330627441,0.29020023345947266,11.287712097167969,14.287712097167969,1,1,1,0.6038979887962341,1,1,0.7880644798278809,0,0
Scene4_t021,1P0A2334.dng,21,13,train,5.321928024291992,13.287712097167969,13.234301567077637,0.05341053009033203,11.287712097167969,14.287712097167969,1,1,1,0.5674107670783997,1,1,0.7880644798278809,0,0
Scene4_t021,1P0A2335.dng,21,14,train,4.321928024291992,13.287712097167969,12.838249206542969,0.449462890625,11.287712097167969,14.287712097167969,1,1,1,0.5351633429527283,1,1,0.7880644798278809,0,0
Scene4_t022,1P0A2336.dng,22,0,train,17.194602966308594,13.287712097167969,13.546378135681152,0.2586660385131836,11.287712097167969,14.287712097167969,1,1,1,0.8538582921028137,1,1,0.7880644798278809,1,1
Scene4_t022,1P0A2337.dng,22,1,train,16.28771209716797,13.287712097167969,13.295624732971191,0.007912635803222656,11.287712097167969,14.287712097167969,1,1,1,0.8524467349052429,1,1,0.7880644798278809,1,1
Scene4_t022,1P0A2338.dng,22,2,train,15.872674942016602,13.287712097167969,13.222508430480957,0.06520366668701172,11.287712097167969,14.287712097167969,1,1,1,0.8515522480010986,1,1,0.7880644798278809,1,1
Scene4_t022,1P0A2339.dng,22,3,train,15.287712097167969,13.287712097167969,13.227983474731445,0.05972862243652344,11.287712097167969,14.287712097167969,1,1,1,0.8493375778198242,1,1,0.7880644798278809,1,1
Scene4_t022,1P0A2340.dng,22,4,train,14.287712097167969,13.287712097167969,13.29893684387207,0.011224746704101562,11.287712097167969,14.287712097167969,1,1,1,0.8422373533248901,1,1,0.7880644798278809,1,1
Scene4_t022,1P0A2341.dng,22,5,train,13.287712097167969,13.287712097167969,13.432011604309082,0.14429950714111328,11.287712097167969,14.287712097167969,1,1,1,0.8267183899879456,1,1,0.7880644798278809,1,1
Scene4_t022,1P0A2342.dng,22,6,train,12.287712097167969,13.287712097167969,13.456454277038574,0.16874217987060547,11.287712097167969,14.287712097167969,1,1,1,0.7972410917282104,1,1,0.7880644798278809,1,1
Scene4_t022,1P0A2343.dng,22,7,train,11.287712097167969,13.287712097167969,13.421052932739258,0.13334083557128906,11.287712097167969,14.287712097167969,1,1,1,0.7531762719154358,1,1,0.7880644798278809,0,0
Scene4_t022,1P0A2344.dng,22,8,train,10.287712097167969,13.287712097167969,13.419543266296387,0.13183116912841797,11.287712097167969,14.287712097167969,1,1,1,0.7182374000549316,1,1,0.7880644798278809,0,0
Scene4_t022,1P0A2345.dng,22,9,train,9.38082218170166,13.287712097167969,13.57326889038086,0.2855567932128906,11.287712097167969,14.287712097167969,1,1,1,0.6906298995018005,1,1,0.7880644798278809,0,0
Scene4_t022,1P0A2346.dng,22,10,train,8.38082218170166,13.287712097167969,13.48873233795166,0.2010202407836914,11.287712097167969,14.287712097167969,1,1,1,0.6709751486778259,1,1,0.7880644798278809,0,0
Scene4_t022,1P0A2347.dng,22,11,train,7.380821704864502,13.287712097167969,13.61987018585205,0.33215808868408203,11.287712097167969,14.287712097167969,1,1,1,0.6391321420669556,1,1,0.7880644798278809,0,0
Scene4_t022,1P0A2348.dng,22,12,train,6.321928024291992,13.287712097167969,13.544140815734863,0.25642871856689453,11.287712097167969,14.287712097167969,1,1,1,0.601715624332428,1,1,0.7880644798278809,0,0
Scene4_t022,1P0A2349.dng,22,13,train,5.321928024291992,13.287712097167969,13.215926170349121,0.07178592681884766,11.287712097167969,14.287712097167969,1,1,1,0.567528247833252,1,1,0.7880644798278809,0,0
Scene4_t022,1P0A2350.dng,22,14,train,4.321928024291992,13.287712097167969,12.690115928649902,0.5975961685180664,11.287712097167969,14.287712097167969,1,1,1,0.5256937742233276,1,1,0.7880644798278809,0,0
Scene4_t023,1P0A2351.dng,23,0,train,17.194602966308594,13.287712097167969,13.546645164489746,0.25893306732177734,11.287712097167969,14.287712097167969,1,1,1,0.8538542985916138,1,1,0.7880644798278809,1,1
Scene4_t023,1P0A2352.dng,23,1,train,16.28771209716797,13.287712097167969,13.300389289855957,0.012677192687988281,11.287712097167969,14.287712097167969,1,1,1,0.852474570274353,1,1,0.7880644798278809,1,1
Scene4_t023,1P0A2353.dng,23,2,train,15.872674942016602,13.287712097167969,13.22199535369873,0.06571674346923828,11.287712097167969,14.287712097167969,1,1,1,0.8515637516975403,1,1,0.7880644798278809,1,1
Scene4_t023,1P0A2354.dng,23,3,train,15.287712097167969,13.287712097167969,13.221476554870605,0.06623554229736328,11.287712097167969,14.287712097167969,1,1,1,0.8494046330451965,1,1,0.7880644798278809,1,1
Scene4_t023,1P0A2355.dng,23,4,train,14.287712097167969,13.287712097167969,13.302801132202148,0.015089035034179688,11.287712097167969,14.287712097167969,1,1,1,0.8422403931617737,1,1,0.7880644798278809,1,1
Scene4_t023,1P0A2356.dng,23,5,train,13.287712097167969,13.287712097167969,13.435578346252441,0.14786624908447266,11.287712097167969,14.287712097167969,1,1,1,0.8266851902008057,1,1,0.7880644798278809,1,1
Scene4_t023,1P0A2357.dng,23,6,train,12.287712097167969,13.287712097167969,13.452004432678223,0.1642923355102539,11.287712097167969,14.287712097167969,1,1,1,0.7975608706474304,1,1,0.7880644798278809,1,1
Scene4_t023,1P0A2358.dng,23,7,train,11.287712097167969,13.287712097167969,13.417525291442871,0.12981319427490234,11.287712097167969,14.287712097167969,1,1,1,0.7542011737823486,1,1,0.7880644798278809,0,0
Scene4_t023,1P0A2359.dng,23,8,train,10.287712097167969,13.287712097167969,13.43125057220459,0.1435384750366211,11.287712097167969,14.287712097167969,1,1,1,0.7188122868537903,1,1,0.7880644798278809,0,0
Scene4_t023,1P0A2360.dng,23,9,train,9.38082218170166,13.287712097167969,13.60136890411377,0.3136568069458008,11.287712097167969,14.287712097167969,1,1,1,0.6913228034973145,1,1,0.7880644798278809,0,0
Scene4_t023,1P0A2361.dng,23,10,train,8.38082218170166,13.287712097167969,13.484164237976074,0.19645214080810547,11.287712097167969,14.287712097167969,1,1,1,0.6709182262420654,1,1,0.7880644798278809,0,0
Scene4_t023,1P0A2362.dng,23,11,train,7.380821704864502,13.287712097167969,13.650213241577148,0.3625011444091797,11.287712097167969,14.287712097167969,1,1,1,0.6389052867889404,1,1,0.7880644798278809,0,0
Scene4_t023,1P0A2363.dng,23,12,train,6.321928024291992,13.287712097167969,13.56387996673584,0.2761678695678711,11.287712097167969,14.287712097167969,1,1,1,0.6021304726600647,1,1,0.7880644798278809,0,0
Scene4_t023,1P0A2364.dng,23,13,train,5.321928024291992,13.287712097167969,13.233712196350098,0.053999900817871094,11.287712097167969,14.287712097167969,1,1,1,0.5662187933921814,1,1,0.7880644798278809,0,0
Scene4_t023,1P0A2365.dng,23,14,train,4.321928024291992,13.287712097167969,12.780919075012207,0.5067930221557617,11.287712097167969,14.287712097167969,1,1,1,0.5256010890007019,1,1,0.7880644798278809,0,0
Scene4_t024,1P0A2366.dng,24,0,train,17.194602966308594,13.287712097167969,13.547089576721191,0.25937747955322266,11.287712097167969,14.287712097167969,1,1,1,0.8538599014282227,1,1,0.7880644798278809,1,1
Scene4_t024,1P0A2367.dng,24,1,train,16.28771209716797,13.287712097167969,13.30383586883545,0.01612377166748047,11.287712097167969,14.287712097167969,1,1,1,0.8524941205978394,1,1,0.7880644798278809,1,1
Scene4_t024,1P0A2368.dng,24,2,train,15.872674942016602,13.287712097167969,13.226720809936523,0.06099128723144531,11.287712097167969,14.287712097167969,1,1,1,0.8515757918357849,1,1,0.7880644798278809,1,1
Scene4_t024,1P0A2369.dng,24,3,train,15.287712097167969,13.287712097167969,13.222290992736816,0.06542110443115234,11.287712097167969,14.287712097167969,1,1,1,0.8494631052017212,1,1,0.7880644798278809,1,1
Scene4_t024,1P0A2370.dng,24,4,train,14.287712097167969,13.287712097167969,13.298912048339844,0.011199951171875,11.287712097167969,14.287712097167969,1,1,1,0.8423983454704285,1,1,0.7880644798278809,1,1
Scene4_t024,1P0A2371.dng,24,5,train,13.287712097167969,13.287712097167969,13.435785293579102,0.1480731964111328,11.287712097167969,14.287712097167969,1,1,1,0.8267872929573059,1,1,0.7880644798278809,1,1
Scene4_t024,1P0A2372.dng,24,6,train,12.287712097167969,13.287712097167969,13.450901985168457,0.16318988800048828,11.287712097167969,14.287712097167969,1,1,1,0.7978471517562866,1,1,0.7880644798278809,1,1
Scene4_t024,1P0A2373.dng,24,7,train,11.287712097167969,13.287712097167969,13.419736862182617,0.13202476501464844,11.287712097167969,14.287712097167969,1,1,1,0.7546077966690063,1,1,0.7880644798278809,0,0
Scene4_t024,1P0A2374.dng,24,8,train,10.287712097167969,13.287712097167969,13.414212226867676,0.12650012969970703,11.287712097167969,14.287712097167969,1,1,1,0.7198852300643921,1,1,0.7880644798278809,0,0
Scene4_t024,1P0A2375.dng,24,9,train,9.38082218170166,13.287712097167969,13.5823392868042,0.29462718963623047,11.287712097167969,14.287712097167969,1,1,1,0.6921109557151794,1,1,0.7880644798278809,0,0
Scene4_t024,1P0A2376.dng,24,10,train,8.38082218170166,13.287712097167969,13.480859756469727,0.1931476593017578,11.287712097167969,14.287712097167969,1,1,1,0.6707906126976013,1,1,0.7880644798278809,0,0
Scene4_t024,1P0A2377.dng,24,11,train,7.380821704864502,13.287712097167969,13.617131233215332,0.3294191360473633,11.287712097167969,14.287712097167969,1,1,1,0.6380208730697632,1,1,0.7880644798278809,0,0
Scene4_t024,1P0A2378.dng,24,12,train,6.321928024291992,13.287712097167969,13.576865196228027,0.2891530990600586,11.287712097167969,14.287712097167969,1,1,1,0.6013191342353821,1,1,0.7880644798278809,0,0
Scene4_t024,1P0A2379.dng,24,13,train,5.321928024291992,13.287712097167969,13.217632293701172,0.07007980346679688,11.287712097167969,14.287712097167969,1,1,1,0.5643908381462097,1,1,0.7880644798278809,0,0
Scene4_t024,1P0A2380.dng,24,14,train,4.321928024291992,13.287712097167969,12.698583602905273,0.5891284942626953,11.287712097167969,14.287712097167969,1,1,1,0.5521436333656311,1,1,0.7880644798278809,0,0
Scene4_t025,1P0A2381.dng,25,0,train,17.194602966308594,13.287712097167969,13.547623634338379,0.25991153717041016,11.287712097167969,14.287712097167969,1,1,1,0.8538600206375122,1,1,0.7880644798278809,1,1
Scene4_t025,1P0A2382.dng,25,1,train,16.28771209716797,13.287712097167969,13.312856674194336,0.025144577026367188,11.287712097167969,14.287712097167969,1,1,1,0.8525464534759521,1,1,0.7880644798278809,1,1
Scene4_t025,1P0A2383.dng,25,2,train,15.872674942016602,13.287712097167969,13.230198860168457,0.05751323699951172,11.287712097167969,14.287712097167969,1,1,1,0.8516075015068054,1,1,0.7880644798278809,1,1
Scene4_t025,1P0A2384.dng,25,3,train,15.287712097167969,13.287712097167969,13.223258018493652,0.0644540786743164,11.287712097167969,14.287712097167969,1,1,1,0.8495026230812073,1,1,0.7880644798278809,1,1
Scene4_t025,1P0A2385.dng,25,4,train,14.287712097167969,13.287712097167969,13.306407928466797,0.018695831298828125,11.287712097167969,14.287712097167969,1,1,1,0.842380702495575,1,1,0.7880644798278809,1,1
Scene4_t025,1P0A2386.dng,25,5,train,13.287712097167969,13.287712097167969,13.434022903442383,0.14631080627441406,11.287712097167969,14.287712097167969,1,1,1,0.8270217180252075,1,1,0.7880644798278809,1,1
Scene4_t025,1P0A2387.dng,25,6,train,12.287712097167969,13.287712097167969,13.446521759033203,0.15880966186523438,11.287712097167969,14.287712097167969,1,1,1,0.7982341647148132,1,1,0.7880644798278809,1,1
Scene4_t025,1P0A2388.dng,25,7,train,11.287712097167969,13.287712097167969,13.417129516601562,0.12941741943359375,11.287712097167969,14.287712097167969,1,1,1,0.755459725856781,1,1,0.7880644798278809,0,0
Scene4_t025,1P0A2389.dng,25,8,train,10.287712097167969,13.287712097167969,13.404483795166016,0.11677169799804688,11.287712097167969,14.287712097167969,1,1,1,0.720975399017334,1,1,0.7880644798278809,0,0
Scene4_t025,1P0A2390.dng,25,9,train,9.38082218170166,13.287712097167969,13.573897361755371,0.28618526458740234,11.287712097167969,14.287712097167969,1,1,1,0.6938263177871704,1,1,0.7880644798278809,0,0
Scene4_t025,1P0A2391.dng,25,10,train,8.38082218170166,13.287712097167969,13.5003023147583,0.21259021759033203,11.287712097167969,14.287712097167969,1,1,1,0.6712893843650818,1,1,0.7880644798278809,0,0
Scene4_t025,1P0A2392.dng,25,11,train,7.380821704864502,13.287712097167969,13.612537384033203,0.3248252868652344,11.287712097167969,14.287712097167969,1,1,1,0.6373663544654846,1,1,0.7880644798278809,0,0
Scene4_t025,1P0A2393.dng,25,12,train,6.321928024291992,13.287712097167969,13.581875801086426,0.29416370391845703,11.287712097167969,14.287712097167969,1,1,1,0.5997523069381714,1,1,0.7880644798278809,0,0
Scene4_t025,1P0A2394.dng,25,13,train,5.321928024291992,13.287712097167969,13.214215278625488,0.07349681854248047,11.287712097167969,14.287712097167969,1,1,1,0.5634219646453857,1,1,0.7880644798278809,0,0
Scene4_t025,1P0A2395.dng,25,14,train,4.321928024291992,13.287712097167969,12.735215187072754,0.5524969100952148,11.287712097167969,14.287712097167969,1,1,1,0.5539963245391846,1,1,0.7880644798278809,0,0
Scene4_t026,1P0A2396.dng,26,0,train,17.194602966308594,13.287712097167969,13.548555374145508,0.26084327697753906,11.287712097167969,14.287712097167969,1,1,1,0.8538752794265747,1,1,0.7880644798278809,1,1
Scene4_t026,1P0A2397.dng,26,1,train,16.28771209716797,13.287712097167969,13.308470726013184,0.020758628845214844,11.287712097167969,14.287712097167969,1,1,1,0.8525478839874268,1,1,0.7880644798278809,1,1
Scene4_t026,1P0A2398.dng,26,2,train,15.872674942016602,13.287712097167969,13.234916687011719,0.05279541015625,11.287712097167969,14.287712097167969,1,1,1,0.8516315221786499,1,1,0.7880644798278809,1,1
Scene4_t026,1P0A2399.dng,26,3,train,15.287712097167969,13.287712097167969,13.230292320251465,0.057419776916503906,11.287712097167969,14.287712097167969,1,1,1,0.8495932221412659,1,1,0.7880644798278809,1,1
Scene4_t026,1P0A2400.dng,26,4,train,14.287712097167969,13.287712097167969,13.307872772216797,0.020160675048828125,11.287712097167969,14.287712097167969,1,1,1,0.8425334095954895,1,1,0.7880644798278809,1,1
Scene4_t026,1P0A2401.dng,26,5,train,13.287712097167969,13.287712097167969,13.433112144470215,0.1454000473022461,11.287712097167969,14.287712097167969,1,1,1,0.8273131847381592,1,1,0.7880644798278809,1,1
Scene4_t026,1P0A2402.dng,26,6,train,12.287712097167969,13.287712097167969,13.443669319152832,0.15595722198486328,11.287712097167969,14.287712097167969,1,1,1,0.798841118812561,1,1,0.7880644798278809,1,1
Scene4_t026,1P0A2403.dng,26,7,train,11.287712097167969,13.287712097167969,13.416391372680664,0.1286792755126953,11.287712097167969,14.287712097167969,1,1,1,0.7561317682266235,1,1,0.7880644798278809,0,0
Scene4_t026,1P0A2404.dng,26,8,train,10.287712097167969,13.287712097167969,13.39234733581543,0.10463523864746094,11.287712097167969,14.287712097167969,1,1,1,0.722288191318512,1,1,0.7880644798278809,0,0
Scene4_t026,1P0A2405.dng,26,9,train,9.38082218170166,13.287712097167969,13.56247615814209,0.2747640609741211,11.287712097167969,14.287712097167969,1,1,1,0.6950749754905701,1,1,0.7880644798278809,0,0
Scene4_t026,1P0A2406.dng,26,10,train,8.38082218170166,13.287712097167969,13.515044212341309,0.22733211517333984,11.287712097167969,14.287712097167969,1,1,1,0.671352744102478,1,1,0.7880644798278809,0,0
Scene4_t026,1P0A2407.dng,26,11,train,7.380821704864502,13.287712097167969,13.630730628967285,0.3430185317993164,11.287712097167969,14.287712097167969,1,1,1,0.6373140811920166,1,1,0.7880644798278809,0,0
Scene4_t026,1P0A2408.dng,26,12,train,6.321928024291992,13.287712097167969,13.576733589172363,0.28902149200439453,11.287712097167969,14.287712097167969,1,1,1,0.5992701053619385,1,1,0.7880644798278809,0,0
Scene4_t026,1P0A2409.dng,26,13,train,5.321928024291992,13.287712097167969,13.217860221862793,0.06985187530517578,11.287712097167969,14.287712097167969,1,1,1,0.5628729462623596,1,1,0.7880644798278809,0,0
Scene4_t026,1P0A2410.dng,26,14,train,4.321928024291992,13.287712097167969,12.690625190734863,0.5970869064331055,11.287712097167969,14.287712097167969,1,1,1,0.5371139049530029,1,1,0.7880644798278809,0,0
Scene4_t027,1P0A2411.dng,27,0,train,17.194602966308594,13.287712097167969,13.551837921142578,0.2641258239746094,11.287712097167969,14.287712097167969,1,1,1,0.8538978695869446,1,1,0.7880644798278809,1,1
Scene4_t027,1P0A2412.dng,27,1,train,16.28771209716797,13.287712097167969,13.31398868560791,0.026276588439941406,11.287712097167969,14.287712097167969,1,1,1,0.8526052832603455,1,1,0.7880644798278809,1,1
Scene4_t027,1P0A2413.dng,27,2,train,15.872674942016602,13.287712097167969,13.238936424255371,0.048775672912597656,11.287712097167969,14.287712097167969,1,1,1,0.8517087697982788,1,1,0.7880644798278809,1,1
Scene4_t027,1P0A2414.dng,27,3,train,15.287712097167969,13.287712097167969,13.239377975463867,0.04833412170410156,11.287712097167969,14.287712097167969,1,1,1,0.8497284054756165,1,1,0.7880644798278809,1,1
Scene4_t027,1P0A2415.dng,27,4,train,14.287712097167969,13.287712097167969,13.306483268737793,0.01877117156982422,11.287712097167969,14.287712097167969,1,1,1,0.8428722023963928,1,1,0.7880644798278809,1,1
Scene4_t027,1P0A2416.dng,27,5,train,13.287712097167969,13.287712097167969,13.435107231140137,0.14739513397216797,11.287712097167969,14.287712097167969,1,1,1,0.8276796936988831,1,1,0.7880644798278809,1,1
Scene4_t027,1P0A2417.dng,27,6,train,12.287712097167969,13.287712097167969,13.44497013092041,0.1572580337524414,11.287712097167969,14.287712097167969,1,1,1,0.7993589043617249,1,1,0.7880644798278809,1,1
Scene4_t027,1P0A2418.dng,27,7,train,11.287712097167969,13.287712097167969,13.41745662689209,0.1297445297241211,11.287712097167969,14.287712097167969,1,1,1,0.7568524479866028,1,1,0.7880644798278809,0,0
Scene4_t027,1P0A2419.dng,27,8,train,10.287712097167969,13.287712097167969,13.377728462219238,0.09001636505126953,11.287712097167969,14.287712097167969,1,1,1,0.7236415147781372,1,1,0.7880644798278809,0,0
Scene4_t027,1P0A2420.dng,27,9,train,9.38082218170166,13.287712097167969,13.550555229187012,0.26284313201904297,11.287712097167969,14.287712097167969,1,1,1,0.6960864067077637,1,1,0.7880644798278809,0,0
Scene4_t027,1P0A2421.dng,27,10,train,8.38082218170166,13.287712097167969,13.504117012023926,0.21640491485595703,11.287712097167969,14.287712097167969,1,1,1,0.6713075041770935,1,1,0.7880644798278809,0,0
Scene4_t027,1P0A2422.dng,27,11,train,7.380821704864502,13.287712097167969,13.62560749053955,0.33789539337158203,11.287712097167969,14.287712097167969,1,1,1,0.6356404423713684,1,1,0.7880644798278809,0,0
Scene4_t027,1P0A2423.dng,27,12,train,6.321928024291992,13.287712097167969,13.518874168395996,0.23116207122802734,11.287712097167969,14.287712097167969,1,1,1,0.597552478313446,1,1,0.7880644798278809,0,0
Scene4_t027,1P0A2424.dng,27,13,train,5.321928024291992,13.287712097167969,13.210891723632812,0.07682037353515625,11.287712097167969,14.287712097167969,1,1,1,0.5618528723716736,1,1,0.7880644798278809,0,0
Scene4_t027,1P0A2425.dng,27,14,train,4.321928024291992,13.287712097167969,12.828084945678711,0.4596271514892578,11.287712097167969,14.287712097167969,1,1,1,0.544460117816925,1,1,0.7880644798278809,0,0
Scene4_t028,1P0A2426.dng,28,0,train,17.194602966308594,13.287712097167969,13.553281784057617,0.26556968688964844,11.287712097167969,14.287712097167969,1,1,1,0.8539119958877563,1,1,0.7880644798278809,1,1
Scene4_t028,1P0A2427.dng,28,1,train,16.28771209716797,13.287712097167969,13.327296257019043,0.03958415985107422,11.287712097167969,14.287712097167969,1,1,1,0.8527013659477234,1,1,0.7880644798278809,1,1
Scene4_t028,1P0A2428.dng,28,2,train,15.872674942016602,13.287712097167969,13.252917289733887,0.03479480743408203,11.287712097167969,14.287712097167969,1,1,1,0.8517857789993286,1,1,0.7880644798278809,1,1
Scene4_t028,1P0A2429.dng,28,3,train,15.287712097167969,13.287712097167969,13.269532203674316,0.018179893493652344,11.287712097167969,14.287712097167969,1,1,1,0.8498117923736572,1,1,0.7880644798278809,1,1
Scene4_t028,1P0A2430.dng,28,4,train,14.287712097167969,13.287712097167969,13.321517944335938,0.03380584716796875,11.287712097167969,14.287712097167969,1,1,1,0.8429427742958069,1,1,0.7880644798278809,1,1
Scene4_t028,1P0A2431.dng,28,5,train,13.287712097167969,13.287712097167969,13.443731307983398,0.1560192108154297,11.287712097167969,14.287712097167969,1,1,1,0.8276415467262268,1,1,0.7880644798278809,1,1
Scene4_t028,1P0A2432.dng,28,6,train,12.287712097167969,13.287712097167969,13.45594310760498,0.16823101043701172,11.287712097167969,14.287712097167969,1,1,1,0.7995103597640991,1,1,0.7880644798278809,1,1
Scene4_t028,1P0A2433.dng,28,7,train,11.287712097167969,13.287712097167969,13.429495811462402,0.1417837142944336,11.287712097167969,14.287712097167969,1,1,1,0.7566671371459961,1,1,0.7880644798278809,0,0
Scene4_t028,1P0A2434.dng,28,8,train,10.287712097167969,13.287712097167969,13.377730369567871,0.09001827239990234,11.287712097167969,14.287712097167969,1,1,1,0.724402129650116,1,1,0.7880644798278809,0,0
Scene4_t028,1P0A2435.dng,28,9,train,9.38082218170166,13.287712097167969,13.552270889282227,0.2645587921142578,11.287712097167969,14.287712097167969,1,1,1,0.696739673614502,1,1,0.7880644798278809,0,0
Scene4_t028,1P0A2436.dng,28,10,train,8.38082218170166,13.287712097167969,13.529396057128906,0.2416839599609375,11.287712097167969,14.287712097167969,1,1,1,0.670756459236145,1,1,0.7880644798278809,0,0
Scene4_t028,1P0A2437.dng,28,11,train,7.380821704864502,13.287712097167969,13.66654109954834,0.3788290023803711,11.287712097167969,14.287712097167969,1,1,1,0.6354326009750366,1,1,0.7880644798278809,0,0
Scene4_t028,1P0A2438.dng,28,12,train,6.321928024291992,13.287712097167969,13.571330070495605,0.2836179733276367,11.287712097167969,14.287712097167969,1,1,1,0.5973337888717651,1,1,0.7880644798278809,0,0
Scene4_t028,1P0A2439.dng,28,13,train,5.321928024291992,13.287712097167969,13.221285820007324,0.06642627716064453,11.287712097167969,14.287712097167969,1,1,1,0.5607134699821472,1,1,0.7880644798278809,0,0
Scene4_t028,1P0A2440.dng,28,14,train,4.321928024291992,13.287712097167969,12.776928901672363,0.5107831954956055,11.287712097167969,14.287712097167969,1,1,1,0.5504679679870605,1,1,0.7880644798278809,0,0
Scene4_t029,1P0A2441.dng,29,0,train,17.194602966308594,13.287712097167969,13.558587074279785,0.2708749771118164,11.287712097167969,14.287712097167969,1,1,1,0.8539488911628723,1,1,0.7880644798278809,1,1
Scene4_t029,1P0A2442.dng,29,1,train,16.28771209716797,13.287712097167969,13.344671249389648,0.05695915222167969,11.287712097167969,14.287712097167969,1,1,1,0.8528438806533813,1,1,0.7880644798278809,1,1
Scene4_t029,1P0A2443.dng,29,2,train,15.872674942016602,13.287712097167969,13.268279075622559,0.019433021545410156,11.287712097167969,14.287712097167969,1,1,1,0.8519167900085449,1,1,0.7880644798278809,1,1
Scene4_t029,1P0A2444.dng,29,3,train,15.287712097167969,13.287712097167969,13.276500701904297,0.011211395263671875,11.287712097167969,14.287712097167969,1,1,1,0.8500557541847229,1,1,0.7880644798278809,1,1
Scene4_t029,1P0A2445.dng,29,4,train,14.287712097167969,13.287712097167969,13.341081619262695,0.05336952209472656,11.287712097167969,14.287712097167969,1,1,1,0.8430727124214172,1,1,0.7880644798278809,1,1
Scene4_t029,1P0A2446.dng,29,5,train,13.287712097167969,13.287712097167969,13.477029800415039,0.1893177032470703,11.287712097167969,14.287712097167969,1,1,1,0.8268904089927673,1,1,0.7880644798278809,1,1
Scene4_t029,1P0A2447.dng,29,6,train,12.287712097167969,13.287712097167969,13.469386100769043,0.18167400360107422,11.287712097167969,14.287712097167969,1,1,1,0.7995487451553345,1,1,0.7880644798278809,1,1
Scene4_t029,1P0A2448.dng,29,7,train,11.287712097167969,13.287712097167969,13.441862106323242,0.15415000915527344,11.287712097167969,14.287712097167969,1,1,1,0.7564147710800171,1,1,0.7880644798278809,0,0
Scene4_t029,1P0A2449.dng,29,8,train,10.287712097167969,13.287712097167969,13.38990306854248,0.10219097137451172,11.287712097167969,14.287712097167969,1,1,1,0.7248203158378601,1,1,0.7880644798278809,0,0
Scene4_t029,1P0A2450.dng,29,9,train,9.38082218170166,13.287712097167969,13.583897590637207,0.2961854934692383,11.287712097167969,14.287712097167969,1,1,1,0.6965274214744568,1,1,0.7880644798278809,0,0
Scene4_t029,1P0A2451.dng,29,10,train,8.38082218170166,13.287712097167969,13.568816184997559,0.28110408782958984,11.287712097167969,14.287712097167969,1,1,1,0.6694540977478027,1,1,0.7880644798278809,0,0
Scene4_t029,1P0A2452.dng,29,11,train,7.380821704864502,13.287712097167969,13.630019187927246,0.34230709075927734,11.287712097167969,14.287712097167969,1,1,1,0.6328337788581848,1,1,0.7880644798278809,0,0
Scene4_t029,1P0A2453.dng,29,12,train,6.321928024291992,13.287712097167969,13.564292907714844,0.276580810546875,11.287712097167969,14.287712097167969,1,1,1,0.594283938407898,1,1,0.7880644798278809,0,0
Scene4_t029,1P0A2454.dng,29,13,train,5.321928024291992,13.287712097167969,13.21436882019043,0.07334327697753906,11.287712097167969,14.287712097167969,1,1,1,0.5607742667198181,1,1,0.7880644798278809,0,0
Scene4_t029,1P0A2455.dng,29,14,train,4.321928024291992,13.287712097167969,12.858288764953613,0.42942333221435547,11.287712097167969,14.287712097167969,1,1,1,0.5232847332954407,1,1,0.7880644798278809,0,0
Scene4_t030,1P0A2456.dng,30,0,train,17.194602966308594,14.287712097167969,13.705991744995117,0.5817203521728516,12.287712097167969,15.287712097167969,1,0,1,0.8506380319595337,1,0,0.7880644798278809,1,0
Scene4_t030,1P0A2457.dng,30,1,train,16.28771209716797,14.287712097167969,14.153985023498535,0.1337270736694336,12.287712097167969,15.287712097167969,1,0,1,0.826292872428894,1,0,0.7880644798278809,1,0
Scene4_t030,1P0A2458.dng,30,2,train,15.872674942016602,14.287712097167969,14.340971946716309,0.053259849548339844,12.287712097167969,15.287712097167969,1,0,1,0.8087092041969299,1,0,0.7880644798278809,1,0
Scene4_t030,1P0A2459.dng,30,3,train,15.287712097167969,14.287712097167969,14.440393447875977,0.1526813507080078,12.287712097167969,15.287712097167969,1,0,1,0.7918767929077148,1,0,0.7880644798278809,1,0
Scene4_t030,1P0A2460.dng,30,4,train,14.287712097167969,14.287712097167969,14.249787330627441,0.037924766540527344,12.287712097167969,15.287712097167969,1,0,1,0.7466922402381897,1,0,0.7880644798278809,0,1
Scene4_t030,1P0A2461.dng,30,5,train,13.287712097167969,14.287712097167969,14.045711517333984,0.24200057983398438,12.287712097167969,15.287712097167969,1,0,1,0.6739184856414795,1,0,0.7880644798278809,0,1
Scene4_t030,1P0A2462.dng,30,6,train,12.287712097167969,14.287712097167969,14.141538619995117,0.14617347717285156,12.287712097167969,15.287712097167969,1,0,1,0.6054368019104004,1,0,0.7880644798278809,0,1
Scene4_t030,1P0A2463.dng,30,7,train,11.287712097167969,14.287712097167969,13.968598365783691,0.31911373138427734,12.287712097167969,15.287712097167969,1,0,1,0.5582689046859741,1,0,0.7880644798278809,0,1
Scene4_t030,1P0A2464.dng,30,8,train,10.287712097167969,14.287712097167969,13.946259498596191,0.34145259857177734,12.287712097167969,15.287712097167969,1,0,1,0.5672966837882996,1,0,0.7880644798278809,0,1
Scene4_t030,1P0A2465.dng,30,9,train,9.38082218170166,14.287712097167969,15.741113662719727,1.4534015655517578,12.287712097167969,15.287712097167969,0,0,1,0.5066514611244202,1,0,0.7880644798278809,0,1
Scene4_t030,1P0A2466.dng,30,10,train,8.38082218170166,14.287712097167969,15.471779823303223,1.184067726135254,12.287712097167969,15.287712097167969,0,0,1,0.4958348870277405,0,1,0.7880644798278809,0,1
Scene4_t030,1P0A2467.dng,30,11,train,7.380821704864502,14.287712097167969,14.901532173156738,0.6138200759887695,12.287712097167969,15.287712097167969,1,0,1,0.49473440647125244,0,1,0.7880644798278809,0,1
Scene4_t030,1P0A2468.dng,30,12,train,6.321928024291992,14.287712097167969,14.273849487304688,0.01386260986328125,12.287712097167969,15.287712097167969,1,0,1,0.49563905596733093,0,1,0.7880644798278809,0,1
Scene4_t030,1P0A2469.dng,30,13,train,5.321928024291992,14.287712097167969,13.681468963623047,0.6062431335449219,12.287712097167969,15.287712097167969,1,0,1,0.49698519706726074,0,1,0.7880644798278809,0,1
Scene4_t030,1P0A2470.dng,30,14,train,4.321928024291992,14.287712097167969,13.08951187133789,1.1982002258300781,12.287712097167969,15.287712097167969,1,0,1,0.49832820892333984,0,1,0.7880644798278809,0,1
Scene4_t031,1P0A2471.dng,31,0,train,17.194602966308594,14.287712097167969,13.71274185180664,0.5749702453613281,13.287712097167969,15.872674942016602,1,0,1,0.8505529165267944,1,0,0.7880644798278809,1,0
Scene4_t031,1P0A2472.dng,31,1,train,16.28771209716797,14.287712097167969,14.165250778198242,0.12246131896972656,13.287712097167969,15.872674942016602,1,0,1,0.8262618780136108,1,0,0.7880644798278809,1,0
Scene4_t031,1P0A2473.dng,31,2,train,15.872674942016602,14.287712097167969,14.320980072021484,0.033267974853515625,13.287712097167969,15.872674942016602,1,0,1,0.8091611266136169,1,0,0.7880644798278809,1,0
Scene4_t031,1P0A2474.dng,31,3,train,15.287712097167969,14.287712097167969,14.452892303466797,0.16518020629882812,13.287712097167969,15.872674942016602,1,0,1,0.7916710376739502,1,0,0.7880644798278809,1,0
Scene4_t031,1P0A2475.dng,31,4,train,14.287712097167969,14.287712097167969,14.259224891662598,0.028487205505371094,13.287712097167969,15.872674942016602,1,0,1,0.7456440329551697,1,0,0.7880644798278809,0,1
Scene4_t031,1P0A2476.dng,31,5,train,13.287712097167969,14.287712097167969,14.049808502197266,0.23790359497070312,13.287712097167969,15.872674942016602,1,0,1,0.6731534004211426,1,0,0.7880644798278809,0,1
Scene4_t031,1P0A2477.dng,31,6,train,12.287712097167969,14.287712097167969,14.145220756530762,0.14249134063720703,13.287712097167969,15.872674942016602,1,0,1,0.6052720546722412,1,0,0.7880644798278809,0,1
Scene4_t031,1P0A2478.dng,31,7,train,11.287712097167969,14.287712097167969,13.970443725585938,0.31726837158203125,13.287712097167969,15.872674942016602,1,0,1,0.5577781796455383,1,0,0.7880644798278809,0,1
Scene4_t031,1P0A2479.dng,31,8,train,10.287712097167969,14.287712097167969,13.939567565917969,0.34814453125,13.287712097167969,15.872674942016602,1,0,1,0.5675439834594727,1,0,0.7880644798278809,0,1
Scene4_t031,1P0A2480.dng,31,9,train,9.38082218170166,14.287712097167969,15.749228477478027,1.4615163803100586,13.287712097167969,15.872674942016602,1,0,1,0.5065182447433472,1,0,0.7880644798278809,0,1
Scene4_t031,1P0A2481.dng,31,10,train,8.38082218170166,14.287712097167969,15.473433494567871,1.1857213973999023,13.287712097167969,15.872674942016602,1,0,1,0.49575355648994446,0,1,0.7880644798278809,0,1
Scene4_t031,1P0A2482.dng,31,11,train,7.380821704864502,14.287712097167969,14.901032447814941,0.6133203506469727,13.287712097167969,15.872674942016602,1,0,1,0.49478158354759216,0,1,0.7880644798278809,0,1
Scene4_t031,1P0A2483.dng,31,12,train,6.321928024291992,14.287712097167969,14.273804664611816,0.013907432556152344,13.287712097167969,15.872674942016602,1,0,1,0.4956415891647339,0,1,0.7880644798278809,0,1
Scene4_t031,1P0A2484.dng,31,13,train,5.321928024291992,14.287712097167969,13.681468963623047,0.6062431335449219,13.287712097167969,15.872674942016602,1,0,1,0.49698519706726074,0,1,0.7880644798278809,0,1
Scene4_t031,1P0A2485.dng,31,14,train,4.321928024291992,14.287712097167969,13.08951187133789,1.1982002258300781,13.287712097167969,15.872674942016602,0,0,1,0.49832820892333984,0,1,0.7880644798278809,0,1
Scene4_t032,1P0A2486.dng,32,0,train,17.194602966308594,14.287712097167969,13.714402198791504,0.5733098983764648,12.287712097167969,15.872674942016602,1,0,1,0.8505090475082397,1,0,0.7880644798278809,1,0
Scene4_t032,1P0A2487.dng,32,1,train,16.28771209716797,14.287712097167969,14.167797088623047,0.11991500854492188,12.287712097167969,15.872674942016602,1,0,1,0.8261263370513916,1,0,0.7880644798278809,1,0
Scene4_t032,1P0A2488.dng,32,2,train,15.872674942016602,14.287712097167969,14.328686714172363,0.04097461700439453,12.287712097167969,15.872674942016602,1,0,1,0.8089098334312439,1,0,0.7880644798278809,1,0
Scene4_t032,1P0A2489.dng,32,3,train,15.287712097167969,14.287712097167969,14.445382118225098,0.1576700210571289,12.287712097167969,15.872674942016602,1,0,1,0.7917119860649109,1,0,0.7880644798278809,1,0
Scene4_t032,1P0A2490.dng,32,4,train,14.287712097167969,14.287712097167969,14.256328582763672,0.031383514404296875,12.287712097167969,15.872674942016602,1,0,1,0.7452570796012878,1,0,0.7880644798278809,0,1
Scene4_t032,1P0A2491.dng,32,5,train,13.287712097167969,14.287712097167969,14.047345161437988,0.24036693572998047,12.287712097167969,15.872674942016602,1,0,1,0.6728459000587463,1,0,0.7880644798278809,0,1
Scene4_t032,1P0A2492.dng,32,6,train,12.287712097167969,14.287712097167969,14.141953468322754,0.14575862884521484,12.287712097167969,15.872674942016602,1,0,1,0.605050802230835,1,0,0.7880644798278809,0,1
Scene4_t032,1P0A2493.dng,32,7,train,11.287712097167969,14.287712097167969,13.970370292663574,0.31734180450439453,12.287712097167969,15.872674942016602,1,0,1,0.5578514337539673,1,0,0.7880644798278809,0,1
Scene4_t032,1P0A2494.dng,32,8,train,10.287712097167969,14.287712097167969,13.941664695739746,0.34604740142822266,12.287712097167969,15.872674942016602,1,0,1,0.5673656463623047,1,0,0.7880644798278809,0,1
Scene4_t032,1P0A2495.dng,32,9,train,9.38082218170166,14.287712097167969,15.736138343811035,1.4484262466430664,12.287712097167969,15.872674942016602,1,0,1,0.506843090057373,1,0,0.7880644798278809,0,1
Scene4_t032,1P0A2496.dng,32,10,train,8.38082218170166,14.287712097167969,15.473917961120605,1.1862058639526367,12.287712097167969,15.872674942016602,1,0,1,0.4957636892795563,0,1,0.7880644798278809,0,1
Scene4_t032,1P0A2497.dng,32,11,train,7.380821704864502,14.287712097167969,14.900872230529785,0.6131601333618164,12.287712097167969,15.872674942016602,1,0,1,0.4948177635669708,0,1,0.7880644798278809,0,1
Scene4_t032,1P0A2498.dng,32,12,train,6.321928024291992,14.287712097167969,14.27382755279541,0.013884544372558594,12.287712097167969,15.872674942016602,1,0,1,0.4956362545490265,0,1,0.7880644798278809,0,1
Scene4_t032,1P0A2499.dng,32,13,train,5.321928024291992,14.287712097167969,13.681468963623047,0.6062431335449219,12.287712097167969,15.872674942016602,1,0,1,0.49698519706726074,0,1,0.7880644798278809,0,1
Scene4_t032,1P0A2500.dng,32,14,train,4.321928024291992,14.287712097167969,13.08951187133789,1.1982002258300781,12.287712097167969,15.872674942016602,1,0,1,0.49832820892333984,0,1,0.7880644798278809,0,1
Scene4_t033,1P0A2501.dng,33,0,train,17.194602966308594,14.287712097167969,13.710125923156738,0.5775861740112305,12.287712097167969,15.872674942016602,1,0,1,0.8505781888961792,1,0,0.7880644798278809,1,0
Scene4_t033,1P0A2502.dng,33,1,train,16.28771209716797,14.287712097167969,14.157421112060547,0.13029098510742188,12.287712097167969,15.872674942016602,1,0,1,0.826529324054718,1,0,0.7880644798278809,1,0
Scene4_t033,1P0A2503.dng,33,2,train,15.872674942016602,14.287712097167969,14.32400131225586,0.036289215087890625,12.287712097167969,15.872674942016602,1,0,1,0.8090689182281494,1,0,0.7880644798278809,1,0
Scene4_t033,1P0A2504.dng,33,3,train,15.287712097167969,14.287712097167969,14.442829132080078,0.15511703491210938,12.287712097167969,15.872674942016602,1,0,1,0.7917417287826538,1,0,0.7880644798278809,1,0
Scene4_t033,1P0A2505.dng,33,4,train,14.287712097167969,14.287712097167969,14.2526216506958,0.03509044647216797,12.287712097167969,15.872674942016602,1,0,1,0.7456563115119934,1,0,0.7880644798278809,0,1
Scene4_t033,1P0A2506.dng,33,5,train,13.287712097167969,14.287712097167969,14.045035362243652,0.2426767349243164,12.287712097167969,15.872674942016602,1,0,1,0.6733614802360535,1,0,0.7880644798278809,0,1
Scene4_t033,1P0A2507.dng,33,6,train,12.287712097167969,14.287712097167969,14.140143394470215,0.1475687026977539,12.287712097167969,15.872674942016602,1,0,1,0.6052730679512024,1,0,0.7880644798278809,0,1
Scene4_t033,1P0A2508.dng,33,7,train,11.287712097167969,14.287712097167969,13.968340873718262,0.31937122344970703,12.287712097167969,15.872674942016602,1,0,1,0.5582315325737,1,0,0.7880644798278809,0,1
Scene4_t033,1P0A2509.dng,33,8,train,10.287712097167969,14.287712097167969,13.910229682922363,0.37748241424560547,12.287712097167969,15.872674942016602,1,0,1,0.5678970813751221,1,0,0.7880644798278809,0,1
Scene4_t033,1P0A2510.dng,33,9,train,9.38082218170166,14.287712097167969,15.746444702148438,1.4587326049804688,12.287712097167969,15.872674942016602,1,0,1,0.5065457224845886,1,0,0.7880644798278809,0,1
Scene4_t033,1P0A2511.dng,33,10,train,8.38082218170166,14.287712097167969,15.4721040725708,1.184391975402832,12.287712097167969,15.872674942016602,1,0,1,0.4958241581916809,0,1,0.7880644798278809,0,1
Scene4_t033,1P0A2512.dng,33,11,train,7.380821704864502,14.287712097167969,14.901257514953613,0.6135454177856445,12.287712097167969,15.872674942016602,1,0,1,0.4947262406349182,0,1,0.7880644798278809,0,1
Scene4_t033,1P0A2513.dng,33,12,train,6.321928024291992,14.287712097167969,14.273856163024902,0.013855934143066406,12.287712097167969,15.872674942016602,1,0,1,0.49564170837402344,0,1,0.7880644798278809,0,1
Scene4_t033,1P0A2514.dng,33,13,train,5.321928024291992,14.287712097167969,13.681468963623047,0.6062431335449219,12.287712097167969,15.872674942016602,1,0,1,0.49698519706726074,0,1,0.7880644798278809,0,1
Scene4_t033,1P0A2515.dng,33,14,train,4.321928024291992,14.287712097167969,13.08951187133789,1.1982002258300781,12.287712097167969,15.872674942016602,1,0,1,0.49832820892333984,0,1,0.7880644798278809,0,1
Scene4_t034,1P0A2516.dng,34,0,train,17.194602966308594,14.287712097167969,13.710188865661621,0.5775232315063477,12.287712097167969,15.872674942016602,1,0,1,0.8505580425262451,1,0,0.7880644798278809,1,0
Scene4_t034,1P0A2517.dng,34,1,train,16.28771209716797,14.287712097167969,14.156991958618164,0.1307201385498047,12.287712097167969,15.872674942016602,1,0,1,0.8264813423156738,1,0,0.7880644798278809,1,0
Scene4_t034,1P0A2518.dng,34,2,train,15.872674942016602,14.287712097167969,14.313017845153809,0.025305747985839844,12.287712097167969,15.872674942016602,1,0,1,0.8095123171806335,1,0,0.7880644798278809,1,0
Scene4_t034,1P0A2519.dng,34,3,train,15.287712097167969,14.287712097167969,14.43830680847168,0.15059471130371094,12.287712097167969,15.872674942016602,1,0,1,0.7918186187744141,1,0,0.7880644798278809,1,0
Scene4_t034,1P0A2520.dng,34,4,train,14.287712097167969,14.287712097167969,14.248879432678223,0.038832664489746094,12.287712097167969,15.872674942016602,1,0,1,0.7457486391067505,1,0,0.7880644798278809,0,1
Scene4_t034,1P0A2521.dng,34,5,train,13.287712097167969,14.287712097167969,14.041647911071777,0.2460641860961914,12.287712097167969,15.872674942016602,1,0,1,0.6733469367027283,1,0,0.7880644798278809,0,1
Scene4_t034,1P0A2522.dng,34,6,train,12.287712097167969,14.287712097167969,14.137516975402832,0.15019512176513672,12.287712097167969,15.872674942016602,1,0,1,0.6053454875946045,1,0,0.7880644798278809,0,1
Scene4_t034,1P0A2523.dng,34,7,train,11.287712097167969,14.287712097167969,13.968852043151855,0.3188600540161133,12.287712097167969,15.872674942016602,1,0,1,0.5564315915107727,1,0,0.7880644798278809,0,1
Scene4_t034,1P0A2524.dng,34,8,train,10.287712097167969,14.287712097167969,13.938032150268555,0.34967994689941406,12.287712097167969,15.872674942016602,1,0,1,0.5673590898513794,1,0,0.7880644798278809,0,1
Scene4_t034,1P0A2525.dng,34,9,train,9.38082218170166,14.287712097167969,15.741106033325195,1.4533939361572266,12.287712097167969,15.872674942016602,1,0,1,0.5067042708396912,1,0,0.7880644798278809,0,1
Scene4_t034,1P0A2526.dng,34,10,train,8.38082218170166,14.287712097167969,15.469023704528809,1.1813116073608398,12.287712097167969,15.872674942016602,1,0,1,0.4959687888622284,0,1,0.7880644798278809,0,1
Scene4_t034,1P0A2527.dng,34,11,train,7.380821704864502,14.287712097167969,14.901057243347168,0.6133451461791992,12.287712097167969,15.872674942016602,1,0,1,0.49465781450271606,0,1,0.7880644798278809,0,1
Scene4_t034,1P0A2528.dng,34,12,train,6.321928024291992,14.287712097167969,14.273895263671875,0.01381683349609375,12.287712097167969,15.872674942016602,1,0,1,0.4956384301185608,0,1,0.7880644798278809,0,1
Scene4_t034,1P0A2529.dng,34,13,train,5.321928024291992,14.287712097167969,13.681468963623047,0.6062431335449219,12.287712097167969,15.872674942016602,1,0,1,0.49698519706726074,0,1,0.7880644798278809,0,1
Scene4_t034,1P0A2530.dng,34,14,train,4.321928024291992,14.287712097167969,13.08951187133789,1.1982002258300781,12.287712097167969,15.872674942016602,1,0,1,0.49832820892333984,0,1,0.7880644798278809,0,1
Scene4_t035,1P0A2531.dng,35,0,train,17.194602966308594,14.287712097167969,13.705536842346191,0.5821752548217773,12.287712097167969,15.872674942016602,1,0,1,0.8506405353546143,1,0,0.7880644798278809,1,0
Scene4_t035,1P0A2532.dng,35,1,train,16.28771209716797,14.287712097167969,14.152081489562988,0.13563060760498047,12.287712097167969,15.872674942016602,1,0,1,0.8266294002532959,1,0,0.7880644798278809,1,0
Scene4_t035,1P0A2533.dng,35,2,train,15.872674942016602,14.287712097167969,14.352208137512207,0.06449604034423828,12.287712097167969,15.872674942016602,1,0,1,0.8085020184516907,1,0,0.7880644798278809,1,0
Scene4_t035,1P0A2534.dng,35,3,train,15.287712097167969,14.287712097167969,14.429474830627441,0.14176273345947266,12.287712097167969,15.872674942016602,1,0,1,0.7919789552688599,1,0,0.7880644798278809,1,0
Scene4_t035,1P0A2535.dng,35,4,train,14.287712097167969,14.287712097167969,14.264361381530762,0.02335071563720703,12.287712097167969,15.872674942016602,1,0,1,0.7426160573959351,1,0,0.7880644798278809,0,1
Scene4_t035,1P0A2536.dng,35,5,train,13.287712097167969,14.287712097167969,14.037253379821777,0.2504587173461914,12.287712097167969,15.872674942016602,1,0,1,0.6729649901390076,1,0,0.7880644798278809,0,1
Scene4_t035,1P0A2537.dng,35,6,train,12.287712097167969,14.287712097167969,14.134501457214355,0.15321063995361328,12.287712097167969,15.872674942016602,1,0,1,0.6052666902542114,1,0,0.7880644798278809,0,1
Scene4_t035,1P0A2538.dng,35,7,train,11.287712097167969,14.287712097167969,13.965502738952637,0.32220935821533203,12.287712097167969,15.872674942016602,1,0,1,0.5585466623306274,1,0,0.7880644798278809,0,1
Scene4_t035,1P0A2539.dng,35,8,train,10.287712097167969,14.287712097167969,13.927454948425293,0.3602571487426758,12.287712097167969,15.872674942016602,1,0,1,0.5677737593650818,1,0,0.7880644798278809,0,1
Scene4_t035,1P0A2540.dng,35,9,train,9.38082218170166,14.287712097167969,15.733977317810059,1.4462652206420898,12.287712097167969,15.872674942016602,1,0,1,0.506894052028656,1,0,0.7880644798278809,0,1
Scene4_t035,1P0A2541.dng,35,10,train,8.38082218170166,14.287712097167969,15.469415664672852,1.1817035675048828,12.287712097167969,15.872674942016602,1,0,1,0.49595344066619873,0,1,0.7880644798278809,0,1
Scene4_t035,1P0A2542.dng,35,11,train,7.380821704864502,14.287712097167969,14.900944709777832,0.6132326126098633,12.287712097167969,15.872674942016602,1,0,1,0.4948175847530365,0,1,0.7880644798278809,0,1
Scene4_t035,1P0A2543.dng,35,12,train,6.321928024291992,14.287712097167969,14.273862838745117,0.013849258422851562,12.287712097167969,15.872674942016602,1,0,1,0.4956364929676056,0,1,0.7880644798278809,0,1
Scene4_t035,1P0A2544.dng,35,13,train,5.321928024291992,14.287712097167969,13.681468963623047,0.6062431335449219,12.287712097167969,15.872674942016602,1,0,1,0.49698519706726074,0,1,0.7880644798278809,0,1
Scene4_t035,1P0A2545.dng,35,14,train,4.321928024291992,14.287712097167969,13.08951187133789,1.1982002258300781,12.287712097167969,15.872674942016602,1,0,1,0.49832820892333984,0,1,0.7880644798278809,0,1
Scene4_t036,1P0A2546.dng,36,0,train,17.194602966308594,14.287712097167969,13.715998649597168,0.5717134475708008,12.287712097167969,15.872674942016602,1,0,1,0.850398600101471,1,0,0.7880644798278809,1,0
Scene4_t036,1P0A2547.dng,36,1,train,16.28771209716797,14.287712097167969,14.146740913391113,0.14097118377685547,12.287712097167969,15.872674942016602,1,0,1,0.8270797729492188,1,0,0.7880644798278809,1,0
Scene4_t036,1P0A2548.dng,36,2,train,15.872674942016602,14.287712097167969,14.311963081359863,0.02425098419189453,12.287712097167969,15.872674942016602,1,0,1,0.8095242977142334,1,0,0.7880644798278809,1,0
Scene4_t036,1P0A2549.dng,36,3,train,15.287712097167969,14.287712097167969,14.427229881286621,0.13951778411865234,12.287712097167969,15.872674942016602,1,0,1,0.7919250726699829,1,0,0.7880644798278809,1,0
Scene4_t036,1P0A2550.dng,36,4,train,14.287712097167969,14.287712097167969,14.24028491973877,0.04742717742919922,12.287712097167969,15.872674942016602,1,0,1,0.7460950613021851,1,0,0.7880644798278809,0,1
Scene4_t036,1P0A2551.dng,36,5,train,13.287712097167969,14.287712097167969,14.036059379577637,0.25165271759033203,12.287712097167969,15.872674942016602,1,0,1,0.6722203493118286,1,0,0.7880644798278809,0,1
Scene4_t036,1P0A2552.dng,36,6,train,12.287712097167969,14.287712097167969,14.13174819946289,0.15596389770507812,12.287712097167969,15.872674942016602,1,0,1,0.6053386330604553,1,0,0.7880644798278809,0,1
Scene4_t036,1P0A2553.dng,36,7,train,11.287712097167969,14.287712097167969,13.965531349182129,0.32218074798583984,12.287712097167969,15.872674942016602,1,0,1,0.5584684014320374,1,0,0.7880644798278809,0,1
Scene4_t036,1P0A2554.dng,36,8,train,10.287712097167969,14.287712097167969,13.920817375183105,0.3668947219848633,12.287712097167969,15.872674942016602,1,0,1,0.5678796768188477,1,0,0.7880644798278809,0,1
Scene4_t036,1P0A2555.dng,36,9,train,9.38082218170166,14.287712097167969,15.75536823272705,1.467656135559082,12.287712097167969,15.872674942016602,1,0,1,0.5063270330429077,1,0,0.7880644798278809,0,1
Scene4_t036,1P0A2556.dng,36,10,train,8.38082218170166,14.287712097167969,15.469706535339355,1.1819944381713867,12.287712097167969,15.872674942016602,1,0,1,0.4959045350551605,0,1,0.7880644798278809,0,1
Scene4_t036,1P0A2557.dng,36,11,train,7.380821704864502,14.287712097167969,14.900607109069824,0.6128950119018555,12.287712097167969,15.872674942016602,1,0,1,0.49463990330696106,0,1,0.7880644798278809,0,1
Scene4_t036,1P0A2558.dng,36,12,train,6.321928024291992,14.287712097167969,14.273820877075195,0.013891220092773438,12.287712097167969,15.872674942016602,1,0,1,0.49563953280448914,0,1,0.7880644798278809,0,1
Scene4_t036,1P0A2559.dng,36,13,train,5.321928024291992,14.287712097167969,13.681468963623047,0.6062431335449219,12.287712097167969,15.872674942016602,1,0,1,0.49698519706726074,0,1,0.7880644798278809,0,1
Scene4_t036,1P0A2560.dng,36,14,train,4.321928024291992,14.287712097167969,13.08951187133789,1.1982002258300781,12.287712097167969,15.872674942016602,1,0,1,0.49832820892333984,0,1,0.7880644798278809,0,1
Scene4_t037,1P0A2561.dng,37,0,train,17.194602966308594,14.287712097167969,13.717772483825684,0.5699396133422852,12.287712097167969,15.872674942016602,1,0,1,0.8503395915031433,1,0,0.7880644798278809,1,0
Scene4_t037,1P0A2562.dng,37,1,train,16.28771209716797,14.287712097167969,14.15065860748291,0.1370534896850586,12.287712097167969,15.872674942016602,1,0,1,0.8267025947570801,1,0,0.7880644798278809,1,0
Scene4_t037,1P0A2563.dng,37,2,train,15.872674942016602,14.287712097167969,14.304001808166504,0.016289710998535156,12.287712097167969,15.872674942016602,1,0,1,0.8097807765007019,1,0,0.7880644798278809,1,0
Scene4_t037,1P0A2564.dng,37,3,train,15.287712097167969,14.287712097167969,14.430302619934082,0.14259052276611328,12.287712097167969,15.872674942016602,1,0,1,0.7918730974197388,1,0,0.7880644798278809,1,0
Scene4_t037,1P0A2565.dng,37,4,train,14.287712097167969,14.287712097167969,14.235112190246582,0.05259990692138672,12.287712097167969,15.872674942016602,1,0,1,0.7466270923614502,1,0,0.7880644798278809,0,1
Scene4_t037,1P0A2566.dng,37,5,train,13.287712097167969,14.287712097167969,14.034771919250488,0.25294017791748047,12.287712097167969,15.872674942016602,1,0,1,0.6743378639221191,1,0,0.7880644798278809,0,1
Scene4_t037,1P0A2567.dng,37,6,train,12.287712097167969,14.287712097167969,14.130882263183594,0.156829833984375,12.287712097167969,15.872674942016602,1,0,1,0.6054470539093018,1,0,0.7880644798278809,0,1
Scene4_t037,1P0A2568.dng,37,7,train,11.287712097167969,14.287712097167969,13.964507102966309,0.32320499420166016,12.287712097167969,15.872674942016602,1,0,1,0.5584796667098999,1,0,0.7880644798278809,0,1
Scene4_t037,1P0A2569.dng,37,8,train,10.287712097167969,14.287712097167969,13.931536674499512,0.35617542266845703,12.287712097167969,15.872674942016602,1,0,1,0.5676618218421936,1,0,0.7880644798278809,0,1
Scene4_t037,1P0A2570.dng,37,9,train,9.38082218170166,14.287712097167969,15.739266395568848,1.451554298400879,12.287712097167969,15.872674942016602,1,0,1,0.5067721605300903,1,0,0.7880644798278809,0,1
Scene4_t037,1P0A2571.dng,37,10,train,8.38082218170166,14.287712097167969,15.471537590026855,1.1838254928588867,12.287712097167969,15.872674942016602,1,0,1,0.49587568640708923,0,1,0.7880644798278809,0,1
Scene4_t037,1P0A2572.dng,37,11,train,7.380821704864502,14.287712097167969,14.900948524475098,0.6132364273071289,12.287712097167969,15.872674942016602,1,0,1,0.49475064873695374,0,1,0.7880644798278809,0,1
Scene4_t037,1P0A2573.dng,37,12,train,6.321928024291992,14.287712097167969,14.27387523651123,0.013836860656738281,12.287712097167969,15.872674942016602,1,0,1,0.49563977122306824,0,1,0.7880644798278809,0,1
Scene4_t037,1P0A2574.dng,37,13,train,5.321928024291992,14.287712097167969,13.681468963623047,0.6062431335449219,12.287712097167969,15.872674942016602,1,0,1,0.49698519706726074,0,1,0.7880644798278809,0,1
Scene4_t037,1P0A2575.dng,37,14,train,4.321928024291992,14.287712097167969,13.08951187133789,1.1982002258300781,12.287712097167969,15.872674942016602,1,0,1,0.49832820892333984,0,1,0.7880644798278809,0,1
Scene4_t038,1P0A2576.dng,38,0,train,17.194602966308594,14.287712097167969,13.70416259765625,0.5835494995117188,12.287712097167969,15.872674942016602,1,0,1,0.8506942987442017,1,0,0.7880644798278809,1,0
Scene4_t038,1P0A2577.dng,38,1,train,16.28771209716797,14.287712097167969,14.142563819885254,0.14514827728271484,12.287712097167969,15.872674942016602,1,0,1,0.8273392915725708,1,0,0.7880644798278809,1,0
Scene4_t038,1P0A2578.dng,38,2,train,15.872674942016602,14.287712097167969,14.304388999938965,0.016676902770996094,12.287712097167969,15.872674942016602,1,0,1,0.8097656965255737,1,0,0.7880644798278809,1,0
Scene4_t038,1P0A2579.dng,38,3,train,15.287712097167969,14.287712097167969,14.425148963928223,0.1374368667602539,12.287712097167969,15.872674942016602,1,0,1,0.7920229434967041,1,0,0.7880644798278809,1,0
Scene4_t038,1P0A2580.dng,38,4,train,14.287712097167969,14.287712097167969,14.233240127563477,0.05447196960449219,12.287712097167969,15.872674942016602,1,0,1,0.7468339800834656,1,0,0.7880644798278809,0,1
Scene4_t038,1P0A2581.dng,38,5,train,13.287712097167969,14.287712097167969,14.035357475280762,0.25235462188720703,12.287712097167969,15.872674942016602,1,0,1,0.6746883392333984,1,0,0.7880644798278809,0,1
Scene4_t038,1P0A2582.dng,38,6,train,12.287712097167969,14.287712097167969,14.130810737609863,0.15690135955810547,12.287712097167969,15.872674942016602,1,0,1,0.6055848002433777,1,0,0.7880644798278809,0,1
Scene4_t038,1P0A2583.dng,38,7,train,11.287712097167969,14.287712097167969,13.965417861938477,0.3222942352294922,12.287712097167969,15.872674942016602,1,0,1,0.5585477352142334,1,0,0.7880644798278809,0,1
Scene4_t038,1P0A2584.dng,38,8,train,10.287712097167969,14.287712097167969,13.921109199523926,0.36660289764404297,12.287712097167969,15.872674942016602,1,0,1,0.5677707195281982,1,0,0.7880644798278809,0,1
Scene4_t038,1P0A2585.dng,38,9,train,9.38082218170166,14.287712097167969,15.742789268493652,1.4550771713256836,12.287712097167969,15.872674942016602,1,0,1,0.50667804479599,1,0,0.7880644798278809,0,1
Scene4_t038,1P0A2586.dng,38,10,train,8.38082218170166,14.287712097167969,15.471076011657715,1.183363914489746,12.287712097167969,15.872674942016602,1,0,1,0.4958875775337219,0,1,0.7880644798278809,0,1
Scene4_t038,1P0A2587.dng,38,11,train,7.380821704864502,14.287712097167969,14.900803565979004,0.6130914688110352,12.287712097167969,15.872674942016602,1,0,1,0.4948013126850128,0,1,0.7880644798278809,0,1
Scene4_t038,1P0A2588.dng,38,12,train,6.321928024291992,14.287712097167969,14.273900032043457,0.013812065124511719,12.287712097167969,15.872674942016602,1,0,1,0.4956388473510742,0,1,0.7880644798278809,0,1
Scene4_t038,1P0A2589.dng,38,13,train,5.321928024291992,14.287712097167969,13.681468963623047,0.6062431335449219,12.287712097167969,15.872674942016602,1,0,1,0.49698519706726074,0,1,0.7880644798278809,0,1
Scene4_t038,1P0A2590.dng,38,14,train,4.321928024291992,14.287712097167969,13.08951187133789,1.1982002258300781,12.287712097167969,15.872674942016602,1,0,1,0.49832820892333984,0,1,0.7880644798278809,0,1
Scene4_t039,1P0A2591.dng,39,0,train,17.194602966308594,14.287712097167969,13.70136547088623,0.5863466262817383,12.287712097167969,15.872674942016602,1,0,1,0.8507490754127502,1,0,0.7880644798278809,1,0
Scene4_t039,1P0A2592.dng,39,1,train,16.28771209716797,14.287712097167969,14.168349266052246,0.11936283111572266,12.287712097167969,15.872674942016602,1,0,1,0.825749933719635,1,0,0.7880644798278809,1,0
Scene4_t039,1P0A2593.dng,39,2,train,15.872674942016602,14.287712097167969,14.311566352844238,0.02385425567626953,12.287712097167969,15.872674942016602,1,0,1,0.8096728324890137,1,0,0.7880644798278809,1,0
Scene4_t039,1P0A2594.dng,39,3,train,15.287712097167969,14.287712097167969,14.42553997039795,0.13782787322998047,12.287712097167969,15.872674942016602,1,0,1,0.7919837832450867,1,0,0.7880644798278809,1,0
Scene4_t039,1P0A2595.dng,39,4,train,14.287712097167969,14.287712097167969,14.233454704284668,0.05425739288330078,12.287712097167969,15.872674942016602,1,0,1,0.7465498447418213,1,0,0.7880644798278809,0,1
Scene4_t039,1P0A2596.dng,39,5,train,13.287712097167969,14.287712097167969,14.035133361816406,0.2525787353515625,12.287712097167969,15.872674942016602,1,0,1,0.6744818687438965,1,0,0.7880644798278809,0,1
Scene4_t039,1P0A2597.dng,39,6,train,12.287712097167969,14.287712097167969,14.130288124084473,0.1574239730834961,12.287712097167969,15.872674942016602,1,0,1,0.6054716110229492,1,0,0.7880644798278809,0,1
Scene4_t039,1P0A2598.dng,39,7,train,11.287712097167969,14.287712097167969,13.965628623962402,0.3220834732055664,12.287712097167969,15.872674942016602,1,0,1,0.5576956868171692,1,0,0.7880644798278809,0,1
Scene4_t039,1P0A2599.dng,39,8,train,10.287712097167969,14.287712097167969,13.900165557861328,0.3875465393066406,12.287712097167969,15.872674942016602,1,0,1,0.5678181648254395,1,0,0.7880644798278809,0,1
Scene4_t039,1P0A2600.dng,39,9,train,9.38082218170166,14.287712097167969,15.72138500213623,1.4336729049682617,12.287712097167969,15.872674942016602,1,0,1,0.5072743892669678,1,0,0.7880644798278809,0,1
Scene4_t039,1P0A2601.dng,39,10,train,8.38082218170166,14.287712097167969,15.469986915588379,1.1822748184204102,12.287712097167969,15.872674942016602,1,0,1,0.4959198832511902,0,1,0.7880644798278809,0,1
Scene4_t039,1P0A2602.dng,39,11,train,7.380821704864502,14.287712097167969,14.900989532470703,0.6132774353027344,12.287712097167969,15.872674942016602,1,0,1,0.4947473704814911,0,1,0.7880644798278809,0,1
Scene4_t039,1P0A2603.dng,39,12,train,6.321928024291992,14.287712097167969,14.273896217346191,0.013815879821777344,12.287712097167969,15.872674942016602,1,0,1,0.49563872814178467,0,1,0.7880644798278809,0,1
Scene4_t039,1P0A2604.dng,39,13,train,5.321928024291992,14.287712097167969,13.681468963623047,0.6062431335449219,12.287712097167969,15.872674942016602,1,0,1,0.49698519706726074,0,1,0.7880644798278809,0,1
Scene4_t039,1P0A2605.dng,39,14,train,4.321928024291992,14.287712097167969,13.08951187133789,1.1982002258300781,12.287712097167969,15.872674942016602,1,0,1,0.49832820892333984,0,1,0.7880644798278809,0,1
Scene4_t040,1P0A2606.dng,40,0,train,17.194602966308594,14.287712097167969,13.717293739318848,0.5704183578491211,12.287712097167969,15.872674942016602,1,0,1,0.8503677248954773,1,0,0.7880644798278809,1,0
Scene4_t040,1P0A2607.dng,40,1,train,16.28771209716797,14.287712097167969,14.180521965026855,0.10719013214111328,12.287712097167969,15.872674942016602,1,0,1,0.8255334496498108,1,0,0.7880644798278809,1,0
Scene4_t040,1P0A2608.dng,40,2,train,15.872674942016602,14.287712097167969,14.300241470336914,0.012529373168945312,12.287712097167969,15.872674942016602,1,0,1,0.8099989891052246,1,0,0.7880644798278809,1,0
Scene4_t040,1P0A2609.dng,40,3,train,15.287712097167969,14.287712097167969,14.42142105102539,0.13370895385742188,12.287712097167969,15.872674942016602,1,0,1,0.7921066284179688,1,0,0.7880644798278809,1,0
Scene4_t040,1P0A2610.dng,40,4,train,14.287712097167969,14.287712097167969,14.23167896270752,0.05603313446044922,12.287712097167969,15.872674942016602,1,0,1,0.7465987801551819,1,0,0.7880644798278809,0,1
Scene4_t040,1P0A2611.dng,40,5,train,13.287712097167969,14.287712097167969,14.031157493591309,0.25655460357666016,12.287712097167969,15.872674942016602,1,0,1,0.6734058260917664,1,0,0.7880644798278809,0,1
Scene4_t040,1P0A2612.dng,40,6,train,12.287712097167969,14.287712097167969,14.12880802154541,0.1589040756225586,12.287712097167969,15.872674942016602,1,0,1,0.605311393737793,1,0,0.7880644798278809,0,1
Scene4_t040,1P0A2613.dng,40,7,train,11.287712097167969,14.287712097167969,13.96448040008545,0.32323169708251953,12.287712097167969,15.872674942016602,1,0,1,0.5584433674812317,1,0,0.7880644798278809,0,1
Scene4_t040,1P0A2614.dng,40,8,train,10.287712097167969,14.287712097167969,13.942118644714355,0.3455934524536133,12.287712097167969,15.872674942016602,1,0,1,0.5672456622123718,1,0,0.7880644798278809,0,1
Scene4_t040,1P0A2615.dng,40,9,train,9.38082218170166,14.287712097167969,15.771594047546387,1.483881950378418,12.287712097167969,15.872674942016602,1,0,1,0.5058996081352234,1,0,0.7880644798278809,0,1
Scene4_t040,1P0A2616.dng,40,10,train,8.38082218170166,14.287712097167969,15.47004222869873,1.1823301315307617,12.287712097167969,15.872674942016602,1,0,1,0.4959574341773987,0,1,0.7880644798278809,0,1
Scene4_t040,1P0A2617.dng,40,11,train,7.380821704864502,14.287712097167969,14.901018142700195,0.6133060455322266,12.287712097167969,15.872674942016602,1,0,1,0.494828462600708,0,1,0.7880644798278809,0,1
Scene4_t040,1P0A2618.dng,40,12,train,6.321928024291992,14.287712097167969,14.273911476135254,0.013800621032714844,12.287712097167969,15.872674942016602,1,0,1,0.49564048647880554,0,1,0.7880644798278809,0,1
Scene4_t040,1P0A2619.dng,40,13,train,5.321928024291992,14.287712097167969,13.681468963623047,0.6062431335449219,12.287712097167969,15.872674942016602,1,0,1,0.49698519706726074,0,1,0.7880644798278809,0,1
Scene4_t040,1P0A2620.dng,40,14,train,4.321928024291992,14.287712097167969,13.08951187133789,1.1982002258300781,12.287712097167969,15.872674942016602,1,0,1,0.49832820892333984,0,1,0.7880644798278809,0,1
Scene4_t041,1P0A2621.dng,41,0,train,17.194602966308594,14.287712097167969,13.701186180114746,0.5865259170532227,12.287712097167969,15.872674942016602,1,0,1,0.850742757320404,1,0,0.7880644798278809,1,0
Scene4_t041,1P0A2622.dng,41,1,train,16.28771209716797,14.287712097167969,14.143484115600586,0.1442279815673828,12.287712097167969,15.872674942016602,1,0,1,0.827211856842041,1,0,0.7880644798278809,1,0
Scene4_t041,1P0A2623.dng,41,2,train,15.872674942016602,14.287712097167969,14.31283950805664,0.025127410888671875,12.287712097167969,15.872674942016602,1,0,1,0.8096744418144226,1,0,0.7880644798278809,1,0
Scene4_t041,1P0A2624.dng,41,3,train,15.287712097167969,14.287712097167969,14.431292533874512,0.14358043670654297,12.287712097167969,15.872674942016602,1,0,1,0.7918210625648499,1,0,0.7880644798278809,1,0
Scene4_t041,1P0A2625.dng,41,4,train,14.287712097167969,14.287712097167969,14.229414939880371,0.058297157287597656,12.287712097167969,15.872674942016602,1,0,1,0.7468021512031555,1,0,0.7880644798278809,0,1
Scene4_t041,1P0A2626.dng,41,5,train,13.287712097167969,14.287712097167969,14.03054141998291,0.2571706771850586,12.287712097167969,15.872674942016602,1,0,1,0.6738345623016357,1,0,0.7880644798278809,0,1
Scene4_t041,1P0A2627.dng,41,6,train,12.287712097167969,14.287712097167969,14.128761291503906,0.1589508056640625,12.287712097167969,15.872674942016602,1,0,1,0.6053523421287537,1,0,0.7880644798278809,0,1
Scene4_t041,1P0A2628.dng,41,7,train,11.287712097167969,14.287712097167969,13.96446704864502,0.3232450485229492,12.287712097167969,15.872674942016602,1,0,1,0.5583862066268921,1,0,0.7880644798278809,0,1
Scene4_t041,1P0A2629.dng,41,8,train,10.287712097167969,14.287712097167969,13.903045654296875,0.38466644287109375,12.287712097167969,15.872674942016602,1,0,1,0.5679529309272766,1,0,0.7880644798278809,0,1
Scene4_t041,1P0A2630.dng,41,9,train,9.38082218170166,14.287712097167969,15.798928260803223,1.511216163635254,12.287712097167969,15.872674942016602,1,0,1,0.5052129626274109,1,0,0.7880644798278809,0,1
Scene4_t041,1P0A2631.dng,41,10,train,8.38082218170166,14.287712097167969,15.475954055786133,1.188241958618164,12.287712097167969,15.872674942016602,1,0,1,0.4956575930118561,0,1,0.7880644798278809,0,1
Scene4_t041,1P0A2632.dng,41,11,train,7.380821704864502,14.287712097167969,14.9009428024292,0.6132307052612305,12.287712097167969,15.872674942016602,1,0,1,0.4947775602340698,0,1,0.7880644798278809,0,1
Scene4_t041,1P0A2633.dng,41,12,train,6.321928024291992,14.287712097167969,14.27388858795166,0.013823509216308594,12.287712097167969,15.872674942016602,1,0,1,0.49563902616500854,0,1,0.7880644798278809,0,1
Scene4_t041,1P0A2634.dng,41,13,train,5.321928024291992,14.287712097167969,13.681468963623047,0.6062431335449219,12.287712097167969,15.872674942016602,1,0,1,0.49698519706726074,0,1,0.7880644798278809,0,1
Scene4_t041,1P0A2635.dng,41,14,train,4.321928024291992,14.287712097167969,13.08951187133789,1.1982002258300781,12.287712097167969,15.872674942016602,1,0,1,0.49832820892333984,0,1,0.7880644798278809,0,1
Scene4_t042,1P0A2636.dng,42,0,train,17.194602966308594,14.287712097167969,13.70877456665039,0.5789375305175781,12.287712097167969,15.872674942016602,1,0,1,0.8506038784980774,1,0,0.7880644798278809,1,0
Scene4_t042,1P0A2637.dng,42,1,train,16.28771209716797,14.287712097167969,14.134720802307129,0.15299129486083984,12.287712097167969,15.872674942016602,1,0,1,0.8277750611305237,1,0,0.7880644798278809,1,0
Scene4_t042,1P0A2638.dng,42,2,train,15.872674942016602,14.287712097167969,14.319649696350098,0.031937599182128906,12.287712097167969,15.872674942016602,1,0,1,0.8095852136611938,1,0,0.7880644798278809,1,0
Scene4_t042,1P0A2639.dng,42,3,train,15.287712097167969,14.287712097167969,14.419543266296387,0.13183116912841797,12.287712097167969,15.872674942016602,1,0,1,0.7921784520149231,1,0,0.7880644798278809,1,0
Scene4_t042,1P0A2640.dng,42,4,train,14.287712097167969,14.287712097167969,14.229978561401367,0.05773353576660156,12.287712097167969,15.872674942016602,1,0,1,0.7465501427650452,1,0,0.7880644798278809,0,1
Scene4_t042,1P0A2641.dng,42,5,train,13.287712097167969,14.287712097167969,14.030607223510742,0.25710487365722656,12.287712097167969,15.872674942016602,1,0,1,0.6733229756355286,1,0,0.7880644798278809,0,1
Scene4_t042,1P0A2642.dng,42,6,train,12.287712097167969,14.287712097167969,14.128630638122559,0.15908145904541016,12.287712097167969,15.872674942016602,1,0,1,0.6053232550621033,1,0,0.7880644798278809,0,1
Scene4_t042,1P0A2643.dng,42,7,train,11.287712097167969,14.287712097167969,13.965723991394043,0.3219881057739258,12.287712097167969,15.872674942016602,1,0,1,0.5575728416442871,1,0,0.7880644798278809,0,1
Scene4_t042,1P0A2644.dng,42,8,train,10.287712097167969,14.287712097167969,13.923192024230957,0.3645200729370117,12.287712097167969,15.872674942016602,1,0,1,0.5677871704101562,1,0,0.7880644798278809,0,1
Scene4_t042,1P0A2645.dng,42,9,train,9.38082218170166,14.287712097167969,15.73844051361084,1.450728416442871,12.287712097167969,15.872674942016602,1,0,1,0.5068261027336121,1,0,0.7880644798278809,0,1
Scene4_t042,1P0A2646.dng,42,10,train,8.38082218170166,14.287712097167969,15.472552299499512,1.184840202331543,12.287712097167969,15.872674942016602,1,0,1,0.4958518147468567,0,1,0.7880644798278809,0,1
Scene4_t042,1P0A2647.dng,42,11,train,7.380821704864502,14.287712097167969,14.900554656982422,0.6128425598144531,12.287712097167969,15.872674942016602,1,0,1,0.4947458505630493,0,1,0.7880644798278809,0,1
Scene4_t042,1P0A2648.dng,42,12,train,6.321928024291992,14.287712097167969,14.273821830749512,0.013890266418457031,12.287712097167969,15.872674942016602,1,0,1,0.49564328789711,0,1,0.7880644798278809,0,1
Scene4_t042,1P0A2649.dng,42,13,train,5.321928024291992,14.287712097167969,13.681468963623047,0.6062431335449219,12.287712097167969,15.872674942016602,1,0,1,0.49698519706726074,0,1,0.7880644798278809,0,1
Scene4_t042,1P0A2650.dng,42,14,train,4.321928024291992,14.287712097167969,13.08951187133789,1.1982002258300781,12.287712097167969,15.872674942016602,1,0,1,0.49832820892333984,0,1,0.7880644798278809,0,1
Scene4_t043,1P0A2651.dng,43,0,train,17.194602966308594,14.287712097167969,13.713299751281738,0.5744123458862305,12.287712097167969,15.872674942016602,1,0,1,0.8504718542098999,1,0,0.7880644798278809,1,0
Scene4_t043,1P0A2652.dng,43,1,train,16.28771209716797,14.287712097167969,14.138258934020996,0.14945316314697266,12.287712097167969,15.872674942016602,1,0,1,0.8275296092033386,1,0,0.7880644798278809,1,0
Scene4_t043,1P0A2653.dng,43,2,train,15.872674942016602,14.287712097167969,14.372511863708496,0.08479976654052734,12.287712097167969,15.872674942016602,1,0,1,0.8081260919570923,1,0,0.7880644798278809,1,0
Scene4_t043,1P0A2654.dng,43,3,train,15.287712097167969,14.287712097167969,14.421908378601074,0.13419628143310547,12.287712097167969,15.872674942016602,1,0,1,0.7921211123466492,1,0,0.7880644798278809,1,0
Scene4_t043,1P0A2655.dng,43,4,train,14.287712097167969,14.287712097167969,14.229865074157715,0.057847023010253906,12.287712097167969,15.872674942016602,1,0,1,0.7462235689163208,1,0,0.7880644798278809,0,1
Scene4_t043,1P0A2656.dng,43,5,train,13.287712097167969,14.287712097167969,14.032280921936035,0.2554311752319336,12.287712097167969,15.872674942016602,1,0,1,0.674481213092804,1,0,0.7880644798278809,0,1
Scene4_t043,1P0A2657.dng,43,6,train,12.287712097167969,14.287712097167969,14.129195213317871,0.15851688385009766,12.287712097167969,15.872674942016602,1,0,1,0.6053563952445984,1,0,0.7880644798278809,0,1
Scene4_t043,1P0A2658.dng,43,7,train,11.287712097167969,14.287712097167969,13.96325397491455,0.32445812225341797,12.287712097167969,15.872674942016602,1,0,1,0.5584020018577576,1,0,0.7880644798278809,0,1
Scene4_t043,1P0A2659.dng,43,8,train,10.287712097167969,14.287712097167969,13.92081356048584,0.3668985366821289,12.287712097167969,15.872674942016602,1,0,1,0.5677977204322815,1,0,0.7880644798278809,0,1
Scene4_t043,1P0A2660.dng,43,9,train,9.38082218170166,14.287712097167969,15.741077423095703,1.4533653259277344,12.287712097167969,15.872674942016602,1,0,1,0.5067373514175415,1,0,0.7880644798278809,0,1
Scene4_t043,1P0A2661.dng,43,10,train,8.38082218170166,14.287712097167969,15.469961166381836,1.1822490692138672,12.287712097167969,15.872674942016602,1,0,1,0.49595120549201965,0,1,0.7880644798278809,0,1
Scene4_t043,1P0A2662.dng,43,11,train,7.380821704864502,14.287712097167969,14.901180267333984,0.6134681701660156,12.287712097167969,15.872674942016602,1,0,1,0.49479687213897705,0,1,0.7880644798278809,0,1
Scene4_t043,1P0A2663.dng,43,12,train,6.321928024291992,14.287712097167969,14.273906707763672,0.013805389404296875,12.287712097167969,15.872674942016602,1,0,1,0.49564141035079956,0,1,0.7880644798278809,0,1
Scene4_t043,1P0A2664.dng,43,13,train,5.321928024291992,14.287712097167969,13.681468963623047,0.6062431335449219,12.287712097167969,15.872674942016602,1,0,1,0.49698519706726074,0,1,0.7880644798278809,0,1
Scene4_t043,1P0A2665.dng,43,14,train,4.321928024291992,14.287712097167969,13.08951187133789,1.1982002258300781,12.287712097167969,15.872674942016602,1,0,1,0.49832820892333984,0,1,0.7880644798278809,0,1
Scene4_t044,1P0A2666.dng,44,0,train,17.194602966308594,14.287712097167969,13.699819564819336,0.5878925323486328,12.287712097167969,15.872674942016602,1,0,1,0.8508238196372986,1,0,0.7880644798278809,1,0
Scene4_t044,1P0A2667.dng,44,1,train,16.28771209716797,14.287712097167969,14.213107109069824,0.07460498809814453,12.287712097167969,15.872674942016602,1,0,1,0.8235675096511841,1,0,0.7880644798278809,1,0
Scene4_t044,1P0A2668.dng,44,2,train,15.872674942016602,14.287712097167969,14.309526443481445,0.021814346313476562,12.287712097167969,15.872674942016602,1,0,1,0.8098616600036621,1,0,0.7880644798278809,1,0
Scene4_t044,1P0A2669.dng,44,3,train,15.287712097167969,14.287712097167969,14.419217109680176,0.13150501251220703,12.287712097167969,15.872674942016602,1,0,1,0.7921321392059326,1,0,0.7880644798278809,1,0
Scene4_t044,1P0A2670.dng,44,4,train,14.287712097167969,14.287712097167969,14.233084678649902,0.054627418518066406,12.287712097167969,15.872674942016602,1,0,1,0.7455296516418457,1,0,0.7880644798278809,0,1
Scene4_t044,1P0A2671.dng,44,5,train,13.287712097167969,14.287712097167969,14.027104377746582,0.2606077194213867,12.287712097167969,15.872674942016602,1,0,1,0.6738406419754028,1,0,0.7880644798278809,0,1
Scene4_t044,1P0A2672.dng,44,6,train,12.287712097167969,14.287712097167969,14.125962257385254,0.16174983978271484,12.287712097167969,15.872674942016602,1,0,1,0.6051608920097351,1,0,0.7880644798278809,0,1
Scene4_t044,1P0A2673.dng,44,7,train,11.287712097167969,14.287712097167969,13.962372779846191,0.32533931732177734,12.287712097167969,15.872674942016602,1,0,1,0.5584770441055298,1,0,0.7880644798278809,0,1
Scene4_t044,1P0A2674.dng,44,8,train,10.287712097167969,14.287712097167969,13.918732643127441,0.36897945404052734,12.287712097167969,15.872674942016602,1,0,1,0.5679213404655457,1,0,0.7880644798278809,0,1
Scene4_t044,1P0A2675.dng,44,9,train,9.38082218170166,14.287712097167969,15.746575355529785,1.4588632583618164,12.287712097167969,15.872674942016602,1,0,1,0.5066299438476562,1,0,0.7880644798278809,0,1
Scene4_t044,1P0A2676.dng,44,10,train,8.38082218170166,14.287712097167969,15.469429969787598,1.181717872619629,12.287712097167969,15.872674942016602,1,0,1,0.4959941506385803,0,1,0.7880644798278809,0,1
Scene4_t044,1P0A2677.dng,44,11,train,7.380821704864502,14.287712097167969,14.900306701660156,0.6125946044921875,12.287712097167969,15.872674942016602,1,0,1,0.4948086142539978,0,1,0.7880644798278809,0,1
Scene4_t044,1P0A2678.dng,44,12,train,6.321928024291992,14.287712097167969,14.273838996887207,0.013873100280761719,12.287712097167969,15.872674942016602,1,0,1,0.49563872814178467,0,1,0.7880644798278809,0,1
Scene4_t044,1P0A2679.dng,44,13,train,5.321928024291992,14.287712097167969,13.681468963623047,0.6062431335449219,12.287712097167969,15.872674942016602,1,0,1,0.49698519706726074,0,1,0.7880644798278809,0,1
Scene4_t044,1P0A2680.dng,44,14,train,4.321928024291992,14.287712097167969,13.08951187133789,1.1982002258300781,12.287712097167969,15.872674942016602,1,0,1,0.49832820892333984,0,1,0.7880644798278809,0,1
Scene4_t045,1P0A2681.dng,45,0,train,17.194602966308594,14.287712097167969,13.70816707611084,0.5795450210571289,12.287712097167969,15.872674942016602,1,0,1,0.8506260514259338,1,0,0.7880644798278809,1,0
Scene4_t045,1P0A2682.dng,45,1,train,16.28771209716797,14.287712097167969,14.1533784866333,0.13433361053466797,12.287712097167969,15.872674942016602,1,0,1,0.826626718044281,1,0,0.7880644798278809,1,0
Scene4_t045,1P0A2683.dng,45,2,train,15.872674942016602,14.287712097167969,14.31956958770752,0.03185749053955078,12.287712097167969,15.872674942016602,1,0,1,0.8097032308578491,1,0,0.7880644798278809,1,0
Scene4_t045,1P0A2684.dng,45,3,train,15.287712097167969,14.287712097167969,14.418461799621582,0.13074970245361328,12.287712097167969,15.872674942016602,1,0,1,0.7921553254127502,1,0,0.7880644798278809,1,0
Scene4_t045,1P0A2685.dng,45,4,train,14.287712097167969,14.287712097167969,14.229921340942383,0.05779075622558594,12.287712097167969,15.872674942016602,1,0,1,0.745835542678833,1,0,0.7880644798278809,0,1
Scene4_t045,1P0A2686.dng,45,5,train,13.287712097167969,14.287712097167969,14.02346420288086,0.2642478942871094,12.287712097167969,15.872674942016602,1,0,1,0.6726188063621521,1,0,0.7880644798278809,0,1
Scene4_t045,1P0A2687.dng,45,6,train,12.287712097167969,14.287712097167969,14.118510246276855,0.16920185089111328,12.287712097167969,15.872674942016602,1,0,1,0.6040542125701904,1,0,0.7880644798278809,0,1
Scene4_t045,1P0A2688.dng,45,7,train,11.287712097167969,14.287712097167969,13.964226722717285,0.3234853744506836,12.287712097167969,15.872674942016602,1,0,1,0.5581235885620117,1,0,0.7880644798278809,0,1
Scene4_t045,1P0A2689.dng,45,8,train,10.287712097167969,14.287712097167969,13.9227933883667,0.36491870880126953,12.287712097167969,15.872674942016602,1,0,1,0.5678216218948364,1,0,0.7880644798278809,0,1
Scene4_t045,1P0A2690.dng,45,9,train,9.38082218170166,14.287712097167969,15.739540100097656,1.4518280029296875,12.287712097167969,15.872674942016602,1,0,1,0.5067673921585083,1,0,0.7880644798278809,0,1
Scene4_t045,1P0A2691.dng,45,10,train,8.38082218170166,14.287712097167969,15.474005699157715,1.186293601989746,12.287712097167969,15.872674942016602,1,0,1,0.4956932067871094,0,1,0.7880644798278809,0,1
Scene4_t045,1P0A2692.dng,45,11,train,7.380821704864502,14.287712097167969,14.901188850402832,0.6134767532348633,12.287712097167969,15.872674942016602,1,0,1,0.4947529733181,0,1,0.7880644798278809,0,1
Scene4_t045,1P0A2693.dng,45,12,train,6.321928024291992,14.287712097167969,14.273874282836914,0.013837814331054688,12.287712097167969,15.872674942016602,1,0,1,0.49564188718795776,0,1,0.7880644798278809,0,1
Scene4_t045,1P0A2694.dng,45,13,train,5.321928024291992,14.287712097167969,13.681468963623047,0.6062431335449219,12.287712097167969,15.872674942016602,1,0,1,0.49698519706726074,0,1,0.7880644798278809,0,1
Scene4_t045,1P0A2695.dng,45,14,train,4.321928024291992,14.287712097167969,13.08951187133789,1.1982002258300781,12.287712097167969,15.872674942016602,1,0,1,0.49832820892333984,0,1,0.7880644798278809,0,1
Scene4_t046,1P0A2696.dng,46,0,train,17.194602966308594,14.287712097167969,13.70218563079834,0.5855264663696289,12.287712097167969,15.872674942016602,1,0,1,0.850764811038971,1,0,0.7880644798278809,1,0
Scene4_t046,1P0A2697.dng,46,1,train,16.28771209716797,14.287712097167969,14.144746780395508,0.14296531677246094,12.287712097167969,15.872674942016602,1,0,1,0.8272010087966919,1,0,0.7880644798278809,1,0
Scene4_t046,1P0A2698.dng,46,2,train,15.872674942016602,14.287712097167969,14.312628746032715,0.024916648864746094,12.287712097167969,15.872674942016602,1,0,1,0.8098506331443787,1,0,0.7880644798278809,1,0
Scene4_t046,1P0A2699.dng,46,3,train,15.287712097167969,14.287712097167969,14.416214942932129,0.12850284576416016,12.287712097167969,15.872674942016602,1,0,1,0.7922351360321045,1,0,0.7880644798278809,1,0
Scene4_t046,1P0A2700.dng,46,4,train,14.287712097167969,14.287712097167969,14.22183895111084,0.0658731460571289,12.287712097167969,15.872674942016602,1,0,1,0.7467063069343567,1,0,0.7880644798278809,0,1
Scene4_t046,1P0A2701.dng,46,5,train,13.287712097167969,14.287712097167969,14.02879810333252,0.2589139938354492,12.287712097167969,15.872674942016602,1,0,1,0.6743803024291992,1,0,0.7880644798278809,0,1
Scene4_t046,1P0A2702.dng,46,6,train,12.287712097167969,14.287712097167969,14.124552726745605,0.16315937042236328,12.287712097167969,15.872674942016602,1,0,1,0.6052449345588684,1,0,0.7880644798278809,0,1
Scene4_t046,1P0A2703.dng,46,7,train,11.287712097167969,14.287712097167969,13.962042808532715,0.3256692886352539,12.287712097167969,15.872674942016602,1,0,1,0.5583652257919312,1,0,0.7880644798278809,0,1
Scene4_t046,1P0A2704.dng,46,8,train,10.287712097167969,14.287712097167969,13.965719223022461,0.3219928741455078,12.287712097167969,15.872674942016602,1,0,1,0.5673819184303284,1,0,0.7880644798278809,0,1
Scene4_t046,1P0A2705.dng,46,9,train,9.38082218170166,14.287712097167969,15.739940643310547,1.4522285461425781,12.287712097167969,15.872674942016602,1,0,1,0.5068278312683105,1,0,0.7880644798278809,0,1
Scene4_t046,1P0A2706.dng,46,10,train,8.38082218170166,14.287712097167969,15.469083786010742,1.1813716888427734,12.287712097167969,15.872674942016602,1,0,1,0.4960271120071411,0,1,0.7880644798278809,0,1
Scene4_t046,1P0A2707.dng,46,11,train,7.380821704864502,14.287712097167969,14.90051555633545,0.6128034591674805,12.287712097167969,15.872674942016602,1,0,1,0.4947546124458313,0,1,0.7880644798278809,0,1
Scene4_t046,1P0A2708.dng,46,12,train,6.321928024291992,14.287712097167969,14.273850440979004,0.013861656188964844,12.287712097167969,15.872674942016602,1,0,1,0.49564093351364136,0,1,0.7880644798278809,0,1
Scene4_t046,1P0A2709.dng,46,13,train,5.321928024291992,14.287712097167969,13.681468963623047,0.6062431335449219,12.287712097167969,15.872674942016602,1,0,1,0.49698519706726074,0,1,0.7880644798278809,0,1
Scene4_t046,1P0A2710.dng,46,14,train,4.321928024291992,14.287712097167969,13.08951187133789,1.1982002258300781,12.287712097167969,15.872674942016602,1,0,1,0.49832820892333984,0,1,0.7880644798278809,0,1
Scene4_t047,1P0A2711.dng,47,0,train,17.194602966308594,14.287712097167969,13.711403846740723,0.5763082504272461,12.287712097167969,15.872674942016602,1,0,1,0.8505202531814575,1,0,0.7880644798278809,1,0
Scene4_t047,1P0A2712.dng,47,1,train,16.28771209716797,14.287712097167969,14.148341178894043,0.13937091827392578,12.287712097167969,15.872674942016602,1,0,1,0.8268646597862244,1,0,0.7880644798278809,1,0
Scene4_t047,1P0A2713.dng,47,2,train,15.872674942016602,14.287712097167969,14.314318656921387,0.02660655975341797,12.287712097167969,15.872674942016602,1,0,1,0.8098686337471008,1,0,0.7880644798278809,1,0
Scene4_t047,1P0A2714.dng,47,3,train,15.287712097167969,14.287712097167969,14.419288635253906,0.1315765380859375,12.287712097167969,15.872674942016602,1,0,1,0.7921773195266724,1,0,0.7880644798278809,1,0
Scene4_t047,1P0A2715.dng,47,4,train,14.287712097167969,14.287712097167969,14.225287437438965,0.062424659729003906,12.287712097167969,15.872674942016602,1,0,1,0.7461138367652893,1,0,0.7880644798278809,0,1
Scene4_t047,1P0A2716.dng,47,5,train,13.287712097167969,14.287712097167969,14.024979591369629,0.26273250579833984,12.287712097167969,15.872674942016602,1,0,1,0.6738476157188416,1,0,0.7880644798278809,0,1
Scene4_t047,1P0A2717.dng,47,6,train,12.287712097167969,14.287712097167969,14.122152328491211,0.1655597686767578,12.287712097167969,15.872674942016602,1,0,1,0.6052991151809692,1,0,0.7880644798278809,0,1
Scene4_t047,1P0A2718.dng,47,7,train,11.287712097167969,14.287712097167969,13.96123218536377,0.3264799118041992,12.287712097167969,15.872674942016602,1,0,1,0.5584745407104492,1,0,0.7880644798278809,0,1
Scene4_t047,1P0A2719.dng,47,8,train,10.287712097167969,14.287712097167969,13.939902305603027,0.3478097915649414,12.287712097167969,15.872674942016602,1,0,1,0.5674688220024109,1,0,0.7880644798278809,0,1
Scene4_t047,1P0A2720.dng,47,9,train,9.38082218170166,14.287712097167969,15.72912311553955,1.441411018371582,12.287712097167969,15.872674942016602,1,0,1,0.5071075558662415,1,0,0.7880644798278809,0,1
Scene4_t047,1P0A2721.dng,47,10,train,8.38082218170166,14.287712097167969,15.470033645629883,1.182321548461914,12.287712097167969,15.872674942016602,1,0,1,0.49592751264572144,0,1,0.7880644798278809,0,1
Scene4_t047,1P0A2722.dng,47,11,train,7.380821704864502,14.287712097167969,14.90086555480957,0.6131534576416016,12.287712097167969,15.872674942016602,1,0,1,0.49478384852409363,0,1,0.7880644798278809,0,1
Scene4_t047,1P0A2723.dng,47,12,train,6.321928024291992,14.287712097167969,14.273882865905762,0.013829231262207031,12.287712097167969,15.872674942016602,1,0,1,0.4956379532814026,0,1,0.7880644798278809,0,1
Scene4_t047,1P0A2724.dng,47,13,train,5.321928024291992,14.287712097167969,13.681468963623047,0.6062431335449219,12.287712097167969,15.872674942016602,1,0,1,0.49698519706726074,0,1,0.7880644798278809,0,1
Scene4_t047,1P0A2725.dng,47,14,train,4.321928024291992,14.287712097167969,13.08951187133789,1.1982002258300781,12.287712097167969,15.872674942016602,1,0,1,0.49832820892333984,0,1,0.7880644798278809,0,1
Scene4_t048,1P0A2726.dng,48,0,train,17.194602966308594,14.287712097167969,13.700728416442871,0.5869836807250977,12.287712097167969,15.872674942016602,1,0,1,0.8508262038230896,1,0,0.7880644798278809,1,0
Scene4_t048,1P0A2727.dng,48,1,train,16.28771209716797,14.287712097167969,14.143854141235352,0.1438579559326172,12.287712097167969,15.872674942016602,1,0,1,0.8272302150726318,1,0,0.7880644798278809,1,0
Scene4_t048,1P0A2728.dng,48,2,train,15.872674942016602,14.287712097167969,14.323439598083496,0.035727500915527344,12.287712097167969,15.872674942016602,1,0,1,0.8096550107002258,1,0,0.7880644798278809,1,0
Scene4_t048,1P0A2729.dng,48,3,train,15.287712097167969,14.287712097167969,14.412049293518066,0.12433719635009766,12.287712097167969,15.872674942016602,1,0,1,0.7923734188079834,1,0,0.7880644798278809,1,0
Scene4_t048,1P0A2730.dng,48,4,train,14.287712097167969,14.287712097167969,14.218850135803223,0.0688619613647461,12.287712097167969,15.872674942016602,1,0,1,0.7466680407524109,1,0,0.7880644798278809,0,1
Scene4_t048,1P0A2731.dng,48,5,train,13.287712097167969,14.287712097167969,14.022604942321777,0.2651071548461914,12.287712097167969,15.872674942016602,1,0,1,0.6732197999954224,1,0,0.7880644798278809,0,1
Scene4_t048,1P0A2732.dng,48,6,train,12.287712097167969,14.287712097167969,14.122177124023438,0.16553497314453125,12.287712097167969,15.872674942016602,1,0,1,0.605391263961792,1,0,0.7880644798278809,0,1
Scene4_t048,1P0A2733.dng,48,7,train,11.287712097167969,14.287712097167969,13.962343215942383,0.32536888122558594,12.287712097167969,15.872674942016602,1,0,1,0.5584005117416382,1,0,0.7880644798278809,0,1
Scene4_t048,1P0A2734.dng,48,8,train,10.287712097167969,14.287712097167969,13.921236991882324,0.36647510528564453,12.287712097167969,15.872674942016602,1,0,1,0.5679291486740112,1,0,0.7880644798278809,0,1
Scene4_t048,1P0A2735.dng,48,9,train,9.38082218170166,14.287712097167969,15.741414070129395,1.4537019729614258,12.287712097167969,15.872674942016602,1,0,1,0.5068095922470093,1,0,0.7880644798278809,0,1
Scene4_t048,1P0A2736.dng,48,10,train,8.38082218170166,14.287712097167969,15.46882152557373,1.1811094284057617,12.287712097167969,15.872674942016602,1,0,1,0.49601081013679504,0,1,0.7880644798278809,0,1
Scene4_t048,1P0A2737.dng,48,11,train,7.380821704864502,14.287712097167969,14.900490760803223,0.6127786636352539,12.287712097167969,15.872674942016602,1,0,1,0.49474281072616577,0,1,0.7880644798278809,0,1
Scene4_t048,1P0A2738.dng,48,12,train,6.321928024291992,14.287712097167969,14.273835182189941,0.013876914978027344,12.287712097167969,15.872674942016602,1,0,1,0.49563708901405334,0,1,0.7880644798278809,0,1
Scene4_t048,1P0A2739.dng,48,13,train,5.321928024291992,14.287712097167969,13.681468963623047,0.6062431335449219,12.287712097167969,15.872674942016602,1,0,1,0.49698519706726074,0,1,0.7880644798278809,0,1
Scene4_t048,1P0A2740.dng,48,14,train,4.321928024291992,14.287712097167969,13.08951187133789,1.1982002258300781,12.287712097167969,15.872674942016602,1,0,1,0.49832820892333984,0,1,0.7880644798278809,0,1
Scene4_t049,1P0A2741.dng,49,0,train,17.194602966308594,14.287712097167969,13.698697090148926,0.589015007019043,12.287712097167969,15.872674942016602,1,0,1,0.8508974313735962,1,0,0.7880644798278809,1,0
Scene4_t049,1P0A2742.dng,49,1,train,16.28771209716797,14.287712097167969,14.142687797546387,0.14502429962158203,12.287712097167969,15.872674942016602,1,0,1,0.8271768689155579,1,0,0.7880644798278809,1,0
Scene4_t049,1P0A2743.dng,49,2,train,15.872674942016602,14.287712097167969,14.302498817443848,0.014786720275878906,12.287712097167969,15.872674942016602,1,0,1,0.8101711273193359,1,0,0.7880644798278809,1,0
Scene4_t049,1P0A2744.dng,49,3,train,15.287712097167969,14.287712097167969,14.420836448669434,0.13312435150146484,12.287712097167969,15.872674942016602,1,0,1,0.7920735478401184,1,0,0.7880644798278809,1,0
Scene4_t049,1P0A2745.dng,49,4,train,14.287712097167969,14.287712097167969,14.21936321258545,0.06834888458251953,12.287712097167969,15.872674942016602,1,0,1,0.7465574741363525,1,0,0.7880644798278809,0,1
Scene4_t049,1P0A2746.dng,49,5,train,13.287712097167969,14.287712097167969,14.024863243103027,0.2628488540649414,12.287712097167969,15.872674942016602,1,0,1,0.6745803952217102,1,0,0.7880644798278809,0,1
Scene4_t049,1P0A2747.dng,49,6,train,12.287712097167969,14.287712097167969,14.120112419128418,0.16759967803955078,12.287712097167969,15.872674942016602,1,0,1,0.6051279306411743,1,0,0.7880644798278809,0,1
Scene4_t049,1P0A2748.dng,49,7,train,11.287712097167969,14.287712097167969,13.960707664489746,0.32700443267822266,12.287712097167969,15.872674942016602,1,0,1,0.5583573579788208,1,0,0.7880644798278809,0,1
Scene4_t049,1P0A2749.dng,49,8,train,10.287712097167969,14.287712097167969,13.90120792388916,0.3865041732788086,12.287712097167969,15.872674942016602,1,0,1,0.5679177641868591,1,0,0.7880644798278809,0,1
Scene4_t049,1P0A2750.dng,49,9,train,9.38082218170166,14.287712097167969,15.747554779052734,1.4598426818847656,12.287712097167969,15.872674942016602,1,0,1,0.5065794587135315,1,0,0.7880644798278809,0,1
Scene4_t049,1P0A2751.dng,49,10,train,8.38082218170166,14.287712097167969,15.46928882598877,1.1815767288208008,12.287712097167969,15.872674942016602,1,0,1,0.49600112438201904,0,1,0.7880644798278809,0,1
Scene4_t049,1P0A2752.dng,49,11,train,7.380821704864502,14.287712097167969,14.900527954101562,0.6128158569335938,12.287712097167969,15.872674942016602,1,0,1,0.4947192370891571,0,1,0.7880644798278809,0,1
Scene4_t049,1P0A2753.dng,49,12,train,6.321928024291992,14.287712097167969,14.273969650268555,0.013742446899414062,12.287712097167969,15.872674942016602,1,0,1,0.49563825130462646,0,1,0.7880644798278809,0,1
Scene4_t049,1P0A2754.dng,49,13,train,5.321928024291992,14.287712097167969,13.681468963623047,0.6062431335449219,12.287712097167969,15.872674942016602,1,0,1,0.49698519706726074,0,1,0.7880644798278809,0,1
Scene4_t049,1P0A2755.dng,49,14,train,4.321928024291992,14.287712097167969,13.08951187133789,1.1982002258300781,12.287712097167969,15.872674942016602,1,0,1,0.49832820892333984,0,1,0.7880644798278809,0,1
Scene4_t050,1P0A2756.dng,50,0,train,17.194602966308594,12.287712097167969,13.528027534484863,1.2403154373168945,11.287712097167969,14.287712097167969,1,1,1,0.8536179661750793,1,1,0.7880644798278809,1,1
Scene4_t050,1P0A2757.dng,50,1,train,16.28771209716797,12.287712097167969,13.227242469787598,0.9395303726196289,11.287712097167969,14.287712097167969,1,1,1,0.8519765734672546,1,1,0.7880644798278809,1,1
Scene4_t050,1P0A2758.dng,50,2,train,15.872674942016602,12.287712097167969,13.134258270263672,0.8465461730957031,11.287712097167969,14.287712097167969,1,1,1,0.8513811230659485,1,1,0.7880644798278809,1,1
Scene4_t050,1P0A2759.dng,50,3,train,15.287712097167969,12.287712097167969,13.076983451843262,0.789271354675293,11.287712097167969,14.287712097167969,1,1,1,0.8505439758300781,1,1,0.7880644798278809,1,1
Scene4_t050,1P0A2760.dng,50,4,train,14.287712097167969,12.287712097167969,13.027308464050293,0.7395963668823242,11.287712097167969,14.287712097167969,1,1,1,0.8501486778259277,1,1,0.7880644798278809,1,1
Scene4_t050,1P0A2761.dng,50,5,train,13.287712097167969,12.287712097167969,12.960131645202637,0.672419548034668,11.287712097167969,14.287712097167969,1,1,1,0.8451375365257263,1,1,0.7880644798278809,1,1
Scene4_t050,1P0A2762.dng,50,6,train,12.287712097167969,12.287712097167969,12.919764518737793,0.6320524215698242,11.287712097167969,14.287712097167969,1,1,1,0.8341745734214783,1,1,0.7880644798278809,1,1
Scene4_t050,1P0A2763.dng,50,7,train,11.287712097167969,12.287712097167969,12.825714111328125,0.5380020141601562,11.287712097167969,14.287712097167969,1,1,1,0.8163001537322998,1,1,0.7880644798278809,1,1
Scene4_t050,1P0A2764.dng,50,8,train,10.287712097167969,12.287712097167969,12.73620319366455,0.44849109649658203,11.287712097167969,14.287712097167969,1,1,1,0.7874617576599121,1,1,0.7880644798278809,0,0
Scene4_t050,1P0A2765.dng,50,9,train,9.38082218170166,12.287712097167969,12.847082138061523,0.5593700408935547,11.287712097167969,14.287712097167969,1,1,1,0.7502042055130005,1,1,0.7880644798278809,0,0
Scene4_t050,1P0A2766.dng,50,10,train,8.38082218170166,12.287712097167969,13.020601272583008,0.7328891754150391,11.287712097167969,14.287712097167969,1,1,1,0.7107345461845398,1,1,0.7880644798278809,0,0
Scene4_t050,1P0A2767.dng,50,11,train,7.380821704864502,12.287712097167969,12.969223022460938,0.6815109252929688,11.287712097167969,14.287712097167969,1,1,1,0.6656123995780945,1,1,0.7880644798278809,0,0
Scene4_t050,1P0A2768.dng,50,12,train,6.321928024291992,12.287712097167969,12.86443042755127,0.5767183303833008,11.287712097167969,14.287712097167969,1,1,1,0.6199527382850647,1,1,0.7880644798278809,0,0
Scene4_t050,1P0A2769.dng,50,13,train,5.321928024291992,12.287712097167969,12.80388355255127,0.5161714553833008,11.287712097167969,14.287712097167969,1,1,1,0.5754276514053345,1,1,0.7880644798278809,0,0
Scene4_t050,1P0A2770.dng,50,14,train,4.321928024291992,12.287712097167969,12.46972942352295,0.18201732635498047,11.287712097167969,14.287712097167969,1,1,1,0.5493972897529602,1,1,0.7880644798278809,0,0
Scene4_t051,1P0A2771.dng,51,0,train,17.194602966308594,12.287712097167969,13.539036750793457,1.2513246536254883,11.287712097167969,14.287712097167969,1,1,1,0.8537247180938721,1,1,0.7880644798278809,1,1
Scene4_t051,1P0A2772.dng,51,1,train,16.28771209716797,12.287712097167969,13.287860870361328,1.0001487731933594,11.287712097167969,14.287712097167969,1,1,1,0.8524547219276428,1,1,0.7880644798278809,1,1
Scene4_t051,1P0A2773.dng,51,2,train,15.872674942016602,12.287712097167969,13.211421012878418,0.9237089157104492,11.287712097167969,14.287712097167969,1,1,1,0.8518668413162231,1,1,0.7880644798278809,1,1
Scene4_t051,1P0A2774.dng,51,3,train,15.287712097167969,12.287712097167969,13.19263744354248,0.9049253463745117,11.287712097167969,14.287712097167969,1,1,1,0.8509581089019775,1,1,0.7880644798278809,1,1
Scene4_t051,1P0A2775.dng,51,4,train,14.287712097167969,12.287712097167969,13.134176254272461,0.8464641571044922,11.287712097167969,14.287712097167969,1,1,1,0.8487353324890137,1,1,0.7880644798278809,1,1
Scene4_t051,1P0A2776.dng,51,5,train,13.287712097167969,12.287712097167969,13.099662780761719,0.81195068359375,11.287712097167969,14.287712097167969,1,1,1,0.8409895300865173,1,1,0.7880644798278809,1,1
Scene4_t051,1P0A2777.dng,51,6,train,12.287712097167969,12.287712097167969,13.07059097290039,0.7828788757324219,11.287712097167969,14.287712097167969,1,1,1,0.8264775276184082,1,1,0.7880644798278809,1,1
Scene4_t051,1P0A2778.dng,51,7,train,11.287712097167969,12.287712097167969,12.96130657196045,0.6735944747924805,11.287712097167969,14.287712097167969,1,1,1,0.8045924305915833,1,1,0.7880644798278809,1,1
Scene4_t051,1P0A2779.dng,51,8,train,10.287712097167969,12.287712097167969,12.910834312438965,0.6231222152709961,11.287712097167969,14.287712097167969,1,1,1,0.7733659744262695,1,1,0.7880644798278809,0,0
Scene4_t051,1P0A2780.dng,51,9,train,9.38082218170166,12.287712097167969,13.037217140197754,0.7495050430297852,11.287712097167969,14.287712097167969,1,1,1,0.7360535860061646,1,1,0.7880644798278809,0,0
Scene4_t051,1P0A2781.dng,51,10,train,8.38082218170166,12.287712097167969,13.20267391204834,0.9149618148803711,11.287712097167969,14.287712097167969,1,1,1,0.6943279504776001,1,1,0.7880644798278809,0,0
Scene4_t051,1P0A2782.dng,51,11,train,7.380821704864502,12.287712097167969,13.073039054870605,0.7853269577026367,11.287712097167969,14.287712097167969,1,1,1,0.6516676545143127,1,1,0.7880644798278809,0,0
Scene4_t051,1P0A2783.dng,51,12,train,6.321928024291992,12.287712097167969,13.054750442504883,0.7670383453369141,11.287712097167969,14.287712097167969,1,1,1,0.6041523218154907,1,1,0.7880644798278809,0,0
Scene4_t051,1P0A2784.dng,51,13,train,5.321928024291992,12.287712097167969,12.872714042663574,0.5850019454956055,11.287712097167969,14.287712097167969,1,1,1,0.567528247833252,1,1,0.7880644798278809,0,0
Scene4_t051,1P0A2785.dng,51,14,train,4.321928024291992,12.287712097167969,12.840829849243164,0.5531177520751953,11.287712097167969,14.287712097167969,1,1,1,0.529248058795929,1,1,0.7880644798278809,0,0
Scene4_t052,1P0A2786.dng,52,0,train,17.194602966308594,13.287712097167969,13.539401054382324,0.25168895721435547,11.287712097167969,14.287712097167969,1,1,1,0.8537256121635437,1,1,0.7880644798278809,1,1
Scene4_t052,1P0A2787.dng,52,1,train,16.28771209716797,13.287712097167969,13.291300773620605,0.0035886764526367188,11.287712097167969,14.287712097167969,1,1,1,0.852469265460968,1,1,0.7880644798278809,1,1
Scene4_t052,1P0A2788.dng,52,2,train,15.872674942016602,13.287712097167969,13.217413902282715,0.0702981948852539,11.287712097167969,14.287712097167969,1,1,1,0.8518806099891663,1,1,0.7880644798278809,1,1
Scene4_t052,1P0A2789.dng,52,3,train,15.287712097167969,13.287712097167969,13.191802978515625,0.09590911865234375,11.287712097167969,14.287712097167969,1,1,1,0.8509373664855957,1,1,0.7880644798278809,1,1
Scene4_t052,1P0A2790.dng,52,4,train,14.287712097167969,13.287712097167969,13.135773658752441,0.15193843841552734,11.287712097167969,14.287712097167969,1,1,1,0.8487051129341125,1,1,0.7880644798278809,1,1
Scene4_t052,1P0A2791.dng,52,5,train,13.287712097167969,13.287712097167969,13.122986793518066,0.16472530364990234,11.287712097167969,14.287712097167969,1,1,1,0.8403695821762085,1,1,0.7880644798278809,1,1
Scene4_t052,1P0A2792.dng,52,6,train,12.287712097167969,13.287712097167969,13.071221351623535,0.2164907455444336,11.287712097167969,14.287712097167969,1,1,1,0.8262329697608948,1,1,0.7880644798278809,1,1
Scene4_t052,1P0A2793.dng,52,7,train,11.287712097167969,13.287712097167969,12.961758613586426,0.32595348358154297,11.287712097167969,14.287712097167969,1,1,1,0.8046364784240723,1,1,0.7880644798278809,1,1
Scene4_t052,1P0A2794.dng,52,8,train,10.287712097167969,13.287712097167969,12.905950546264648,0.3817615509033203,11.287712097167969,14.287712097167969,1,1,1,0.7738203406333923,1,1,0.7880644798278809,0,0
Scene4_t052,1P0A2795.dng,52,9,train,9.38082218170166,13.287712097167969,13.051593780517578,0.23611831665039062,11.287712097167969,14.287712097167969,1,1,1,0.7352697253227234,1,1,0.7880644798278809,0,0
Scene4_t052,1P0A2796.dng,52,10,train,8.38082218170166,13.287712097167969,13.21607494354248,0.07163715362548828,11.287712097167969,14.287712097167969,1,1,1,0.6923177242279053,1,1,0.7880644798278809,0,0
Scene4_t052,1P0A2797.dng,52,11,train,7.380821704864502,13.287712097167969,13.08643627166748,0.20127582550048828,11.287712097167969,14.287712097167969,1,1,1,0.6490040421485901,1,1,0.7880644798278809,0,0
Scene4_t052,1P0A2798.dng,52,12,train,6.321928024291992,13.287712097167969,12.989497184753418,0.2982149124145508,11.287712097167969,14.287712097167969,1,1,1,0.604505181312561,1,1,0.7880644798278809,0,0
Scene4_t052,1P0A2799.dng,52,13,train,5.321928024291992,13.287712097167969,12.858389854431152,0.4293222427368164,11.287712097167969,14.287712097167969,1,1,1,0.5659942626953125,1,1,0.7880644798278809,0,0
Scene4_t052,1P0A2800.dng,52,14,train,4.321928024291992,13.287712097167969,12.441468238830566,0.8462438583374023,11.287712097167969,14.287712097167969,1,1,1,0.5398747324943542,1,1,0.7880644798278809,0,0
Scene4_t053,1P0A2801.dng,53,0,train,17.194602966308594,13.287712097167969,13.540033340454102,0.2523212432861328,11.287712097167969,14.287712097167969,1,1,1,0.8537275195121765,1,1,0.7880644798278809,1,1
Scene4_t053,1P0A2802.dng,53,1,train,16.28771209716797,13.287712097167969,13.298967361450195,0.011255264282226562,11.287712097167969,14.287712097167969,1,1,1,0.8525258302688599,1,1,0.7880644798278809,1,1
Scene4_t053,1P0A2803.dng,53,2,train,15.872674942016602,13.287712097167969,13.227864265441895,0.05984783172607422,11.287712097167969,14.287712097167969,1,1,1,0.8519083857536316,1,1,0.7880644798278809,1,1
Scene4_t053,1P0A2804.dng,53,3,train,15.287712097167969,13.287712097167969,13.190627098083496,0.09708499908447266,11.287712097167969,14.287712097167969,1,1,1,0.8509201407432556,1,1,0.7880644798278809,1,1
Scene4_t053,1P0A2805.dng,53,4,train,14.287712097167969,13.287712097167969,13.140244483947754,0.14746761322021484,11.287712097167969,14.287712097167969,1,1,1,0.8485967516899109,1,1,0.7880644798278809,1,1
Scene4_t053,1P0A2806.dng,53,5,train,13.287712097167969,13.287712097167969,13.120680809020996,0.16703128814697266,11.287712097167969,14.287712097167969,1,1,1,0.8403123617172241,1,1,0.7880644798278809,1,1
Scene4_t053,1P0A2807.dng,53,6,train,12.287712097167969,13.287712097167969,13.079297065734863,0.20841503143310547,11.287712097167969,14.287712097167969,1,1,1,0.8255846500396729,1,1,0.7880644798278809,1,1
Scene4_t053,1P0A2808.dng,53,7,train,11.287712097167969,13.287712097167969,12.969948768615723,0.3177633285522461,11.287712097167969,14.287712097167969,1,1,1,0.8040226697921753,1,1,0.7880644798278809,1,1
Scene4_t053,1P0A2809.dng,53,8,train,10.287712097167969,13.287712097167969,12.903217315673828,0.3844947814941406,11.287712097167969,14.287712097167969,1,1,1,0.7736281752586365,1,1,0.7880644798278809,0,0
Scene4_t053,1P0A2810.dng,53,9,train,9.38082218170166,13.287712097167969,13.04665470123291,0.2410573959350586,11.287712097167969,14.287712097167969,1,1,1,0.7347614765167236,1,1,0.7880644798278809,0,0
Scene4_t053,1P0A2811.dng,53,10,train,8.38082218170166,13.287712097167969,13.20931339263916,0.0783987045288086,11.287712097167969,14.287712097167969,1,1,1,0.6916162371635437,1,1,0.7880644798278809,0,0
Scene4_t053,1P0A2812.dng,53,11,train,7.380821704864502,13.287712097167969,13.083066940307617,0.20464515686035156,11.287712097167969,14.287712097167969,1,1,1,0.6485792994499207,1,1,0.7880644798278809,0,0
Scene4_t053,1P0A2813.dng,53,12,train,6.321928024291992,13.287712097167969,12.939461708068848,0.3482503890991211,11.287712097167969,14.287712097167969,1,1,1,0.604731023311615,1,1,0.7880644798278809,0,0
Scene4_t053,1P0A2814.dng,53,13,train,5.321928024291992,13.287712097167969,12.851487159729004,0.43622493743896484,11.287712097167969,14.287712097167969,1,1,1,0.5652983784675598,1,1,0.7880644798278809,0,0
Scene4_t053,1P0A2815.dng,53,14,train,4.321928024291992,13.287712097167969,12.38652515411377,0.9011869430541992,11.287712097167969,14.287712097167969,1,1,1,0.5351386666297913,1,1,0.7880644798278809,0,0
Scene4_t054,1P0A2816.dng,54,0,train,17.194602966308594,13.287712097167969,13.541781425476074,0.25406932830810547,11.287712097167969,14.287712097167969,1,1,1,0.8537396192550659,1,1,0.7880644798278809,1,1
Scene4_t054,1P0A2817.dng,54,1,train,16.28771209716797,13.287712097167969,13.29665756225586,0.008945465087890625,11.287712097167969,14.287712097167969,1,1,1,0.8525055050849915,1,1,0.7880644798278809,1,1
Scene4_t054,1P0A2818.dng,54,2,train,15.872674942016602,13.287712097167969,13.221983909606934,0.06572818756103516,11.287712097167969,14.287712097167969,1,1,1,0.8518785238265991,1,1,0.7880644798278809,1,1
Scene4_t054,1P0A2819.dng,54,3,train,15.287712097167969,13.287712097167969,13.195569038391113,0.09214305877685547,11.287712097167969,14.287712097167969,1,1,1,0.8509089946746826,1,1,0.7880644798278809,1,1
Scene4_t054,1P0A2820.dng,54,4,train,14.287712097167969,13.287712097167969,13.145386695861816,0.14232540130615234,11.287712097167969,14.287712097167969,1,1,1,0.8484761714935303,1,1,0.7880644798278809,1,1
Scene4_t054,1P0A2821.dng,54,5,train,13.287712097167969,13.287712097167969,13.117146492004395,0.17056560516357422,11.287712097167969,14.287712097167969,1,1,1,0.8402498364448547,1,1,0.7880644798278809,1,1
Scene4_t054,1P0A2822.dng,54,6,train,12.287712097167969,13.287712097167969,13.084737777709961,0.2029743194580078,11.287712097167969,14.287712097167969,1,1,1,0.8248904347419739,1,1,0.7880644798278809,1,1
Scene4_t054,1P0A2823.dng,54,7,train,11.287712097167969,13.287712097167969,12.965415954589844,0.322296142578125,11.287712097167969,14.287712097167969,1,1,1,0.8038715720176697,1,1,0.7880644798278809,1,1
Scene4_t054,1P0A2824.dng,54,8,train,10.287712097167969,13.287712097167969,12.911837577819824,0.37587451934814453,11.287712097167969,14.287712097167969,1,1,1,0.7724507451057434,1,1,0.7880644798278809,0,0
Scene4_t054,1P0A2825.dng,54,9,train,9.38082218170166,13.287712097167969,13.128692626953125,0.15901947021484375,11.287712097167969,14.287712097167969,1,1,1,0.7322485446929932,1,1,0.7880644798278809,0,0
Scene4_t054,1P0A2826.dng,54,10,train,8.38082218170166,13.287712097167969,13.206908226013184,0.08080387115478516,11.287712097167969,14.287712097167969,1,1,1,0.6884258389472961,1,1,0.7880644798278809,0,0
Scene4_t054,1P0A2827.dng,54,11,train,7.380821704864502,13.287712097167969,13.086882591247559,0.20082950592041016,11.287712097167969,14.287712097167969,1,1,1,0.6435751914978027,1,1,0.7880644798278809,0,0
Scene4_t054,1P0A2828.dng,54,12,train,6.321928024291992,13.287712097167969,12.945082664489746,0.34262943267822266,11.287712097167969,14.287712097167969,1,1,1,0.6021613478660583,1,1,0.7880644798278809,0,0
Scene4_t054,1P0A2829.dng,54,13,train,5.321928024291992,13.287712097167969,12.856858253479004,0.43085384368896484,11.287712097167969,14.287712097167969,1,1,1,0.5622928738594055,1,1,0.7880644798278809,0,0
Scene4_t054,1P0A2830.dng,54,14,train,4.321928024291992,13.287712097167969,12.694003105163574,0.5937089920043945,11.287712097167969,14.287712097167969,1,1,1,0.5431694388389587,1,1,0.7880644798278809,0,0
Scene4_t055,1P0A2831.dng,55,0,train,17.194602966308594,13.287712097167969,13.541891098022461,0.2541790008544922,11.287712097167969,14.287712097167969,1,1,1,0.8537394404411316,1,1,0.7880644798278809,1,1
Scene4_t055,1P0A2832.dng,55,1,train,16.28771209716797,13.287712097167969,13.300293922424316,0.012581825256347656,11.287712097167969,14.287712097167969,1,1,1,0.8525081872940063,1,1,0.7880644798278809,1,1
Scene4_t055,1P0A2833.dng,55,2,train,15.872674942016602,13.287712097167969,13.22976016998291,0.057951927185058594,11.287712097167969,14.287712097167969,1,1,1,0.8518961668014526,1,1,0.7880644798278809,1,1
Scene4_t055,1P0A2834.dng,55,3,train,15.287712097167969,13.287712097167969,13.202497482299805,0.08521461486816406,11.287712097167969,14.287712097167969,1,1,1,0.8509384989738464,1,1,0.7880644798278809,1,1
Scene4_t055,1P0A2835.dng,55,4,train,14.287712097167969,13.287712097167969,13.153023719787598,0.1346883773803711,11.287712097167969,14.287712097167969,1,1,1,0.8482216000556946,1,1,0.7880644798278809,1,1
Scene4_t055,1P0A2836.dng,55,5,train,13.287712097167969,13.287712097167969,13.132874488830566,0.15483760833740234,11.287712097167969,14.287712097167969,1,1,1,0.8396468162536621,1,1,0.7880644798278809,1,1
Scene4_t055,1P0A2837.dng,55,6,train,12.287712097167969,13.287712097167969,13.095524787902832,0.19218730926513672,11.287712097167969,14.287712097167969,1,1,1,0.8238536715507507,1,1,0.7880644798278809,1,1
Scene4_t055,1P0A2838.dng,55,7,train,11.287712097167969,13.287712097167969,12.982137680053711,0.3055744171142578,11.287712097167969,14.287712097167969,1,1,1,0.8029690384864807,1,1,0.7880644798278809,1,1
Scene4_t055,1P0A2839.dng,55,8,train,10.287712097167969,13.287712097167969,12.925627708435059,0.36208438873291016,11.287712097167969,14.287712097167969,1,1,1,0.7714388370513916,1,1,0.7880644798278809,0,0
Scene4_t055,1P0A2840.dng,55,9,train,9.38082218170166,13.287712097167969,13.124748229980469,0.1629638671875,11.287712097167969,14.287712097167969,1,1,1,0.7308353185653687,1,1,0.7880644798278809,0,0
Scene4_t055,1P0A2841.dng,55,10,train,8.38082218170166,13.287712097167969,13.228273391723633,0.05943870544433594,11.287712097167969,14.287712097167969,1,1,1,0.6851050853729248,1,1,0.7880644798278809,0,0
Scene4_t055,1P0A2842.dng,55,11,train,7.380821704864502,13.287712097167969,13.082942008972168,0.20477008819580078,11.287712097167969,14.287712097167969,1,1,1,0.6418759822845459,1,1,0.7880644798278809,0,0
Scene4_t055,1P0A2843.dng,55,12,train,6.321928024291992,13.287712097167969,13.049286842346191,0.23842525482177734,11.287712097167969,14.287712097167969,1,1,1,0.5969781279563904,1,1,0.7880644798278809,0,0
Scene4_t055,1P0A2844.dng,55,13,train,5.321928024291992,13.287712097167969,12.904006004333496,0.38370609283447266,11.287712097167969,14.287712097167969,1,1,1,0.5577386021614075,1,1,0.7880644798278809,0,0
Scene4_t055,1P0A2845.dng,55,14,train,4.321928024291992,13.287712097167969,12.595787048339844,0.691925048828125,11.287712097167969,14.287712097167969,1,1,1,0.5411428809165955,1,1,0.7880644798278809,0,0
Scene4_t056,1P0A2846.dng,56,0,train,17.194602966308594,13.287712097167969,13.54502010345459,0.2573080062866211,11.287712097167969,14.287712097167969,1,1,1,0.8537719249725342,1,1,0.7880644798278809,1,1
Scene4_t056,1P0A2847.dng,56,1,train,16.28771209716797,13.287712097167969,13.312895774841309,0.025183677673339844,11.287712097167969,14.287712097167969,1,1,1,0.8525949716567993,1,1,0.7880644798278809,1,1
Scene4_t056,1P0A2848.dng,56,2,train,15.872674942016602,13.287712097167969,13.239513397216797,0.048198699951171875,11.287712097167969,14.287712097167969,1,1,1,0.8519309759140015,1,1,0.7880644798278809,1,1
Scene4_t056,1P0A2849.dng,56,3,train,15.287712097167969,13.287712097167969,13.21988582611084,0.0678262710571289,11.287712097167969,14.287712097167969,1,1,1,0.8509962558746338,1,1,0.7880644798278809,1,1
Scene4_t056,1P0A2850.dng,56,4,train,14.287712097167969,13.287712097167969,13.171417236328125,0.11629486083984375,11.287712097167969,14.287712097167969,1,1,1,0.8477949500083923,1,1,0.7880644798278809,1,1
Scene4_t056,1P0A2851.dng,56,5,train,13.287712097167969,13.287712097167969,13.157705307006836,0.1300067901611328,11.287712097167969,14.287712097167969,1,1,1,0.8388267159461975,1,1,0.7880644798278809,1,1
Scene4_t056,1P0A2852.dng,56,6,train,12.287712097167969,13.287712097167969,13.12212085723877,0.16559123992919922,11.287712097167969,14.287712097167969,1,1,1,0.8218694925308228,1,1,0.7880644798278809,1,1
Scene4_t056,1P0A2853.dng,56,7,train,11.287712097167969,13.287712097167969,13.021464347839355,0.2662477493286133,11.287712097167969,14.287712097167969,1,1,1,0.8004091382026672,1,1,0.7880644798278809,1,1
Scene4_t056,1P0A2854.dng,56,8,train,10.287712097167969,13.287712097167969,12.957168579101562,0.33054351806640625,11.287712097167969,14.287712097167969,1,1,1,0.7684262990951538,1,1,0.7880644798278809,0,0
Scene4_t056,1P0A2855.dng,56,9,train,9.38082218170166,13.287712097167969,13.16672134399414,0.12099075317382812,11.287712097167969,14.287712097167969,1,1,1,0.7263661623001099,1,1,0.7880644798278809,0,0
Scene4_t056,1P0A2856.dng,56,10,train,8.38082218170166,13.287712097167969,13.272907257080078,0.014804840087890625,11.287712097167969,14.287712097167969,1,1,1,0.6807506084442139,1,1,0.7880644798278809,0,0
Scene4_t056,1P0A2857.dng,56,11,train,7.380821704864502,13.287712097167969,13.1141939163208,0.17351818084716797,11.287712097167969,14.287712097167969,1,1,1,0.6351362466812134,1,1,0.7880644798278809,0,0
Scene4_t056,1P0A2858.dng,56,12,train,6.321928024291992,13.287712097167969,13.048184394836426,0.23952770233154297,11.287712097167969,14.287712097167969,1,1,1,0.5900687575340271,1,1,0.7880644798278809,0,0
Scene4_t056,1P0A2859.dng,56,13,train,5.321928024291992,13.287712097167969,12.89976978302002,0.3879423141479492,11.287712097167969,14.287712097167969,1,1,1,0.5534462928771973,1,1,0.7880644798278809,0,0
Scene4_t056,1P0A2860.dng,56,14,train,4.321928024291992,13.287712097167969,12.746153831481934,0.5415582656860352,11.287712097167969,14.287712097167969,1,1,1,0.5351070761680603,1,1,0.7880644798278809,0,0
Scene4_t057,1P0A2861.dng,57,0,train,17.194602966308594,13.287712097167969,13.548052787780762,0.26034069061279297,11.287712097167969,14.287712097167969,1,1,1,0.8537912368774414,1,1,0.7880644798278809,1,1
Scene4_t057,1P0A2862.dng,57,1,train,16.28771209716797,13.287712097167969,13.327425956726074,0.03971385955810547,11.287712097167969,14.287712097167969,1,1,1,0.8526763916015625,1,1,0.7880644798278809,1,1
Scene4_t057,1P0A2863.dng,57,2,train,15.872674942016602,13.287712097167969,13.256041526794434,0.031670570373535156,11.287712097167969,14.287712097167969,1,1,1,0.8520252704620361,1,1,0.7880644798278809,1,1
Scene4_t057,1P0A2864.dng,57,3,train,15.287712097167969,13.287712097167969,13.240034103393555,0.04767799377441406,11.287712097167969,14.287712097167969,1,1,1,0.8510130047798157,1,1,0.7880644798278809,1,1
Scene4_t057,1P0A2865.dng,57,4,train,14.287712097167969,13.287712097167969,13.198325157165527,0.0893869400024414,11.287712097167969,14.287712097167969,1,1,1,0.8471184968948364,1,1,0.7880644798278809,1,1
Scene4_t057,1P0A2866.dng,57,5,train,13.287712097167969,13.287712097167969,13.190262794494629,0.09744930267333984,11.287712097167969,14.287712097167969,1,1,1,0.8375014662742615,1,1,0.7880644798278809,1,1
Scene4_t057,1P0A2867.dng,57,6,train,12.287712097167969,13.287712097167969,13.154756546020508,0.13295555114746094,11.287712097167969,14.287712097167969,1,1,1,0.8189914226531982,1,1,0.7880644798278809,1,1
Scene4_t057,1P0A2868.dng,57,7,train,11.287712097167969,13.287712097167969,13.070557594299316,0.21715450286865234,11.287712097167969,14.287712097167969,1,1,1,0.7971516251564026,1,1,0.7880644798278809,1,1
Scene4_t057,1P0A2869.dng,57,8,train,10.287712097167969,13.287712097167969,13.010414123535156,0.2772979736328125,11.287712097167969,14.287712097167969,1,1,1,0.7629086375236511,1,1,0.7880644798278809,0,0
Scene4_t057,1P0A2870.dng,57,9,train,9.38082218170166,13.287712097167969,13.361424446105957,0.07371234893798828,11.287712097167969,14.287712097167969,1,1,1,0.7168560028076172,1,1,0.7880644798278809,0,0
Scene4_t057,1P0A2871.dng,57,10,train,8.38082218170166,13.287712097167969,13.33232593536377,0.04461383819580078,11.287712097167969,14.287712097167969,1,1,1,0.671616792678833,1,1,0.7880644798278809,0,0
Scene4_t057,1P0A2872.dng,57,11,train,7.380821704864502,13.287712097167969,13.192839622497559,0.09487247467041016,11.287712097167969,14.287712097167969,1,1,1,0.6267732381820679,1,1,0.7880644798278809,0,0
Scene4_t057,1P0A2873.dng,57,12,train,6.321928024291992,13.287712097167969,13.153448104858398,0.1342639923095703,11.287712097167969,14.287712097167969,1,1,1,0.5810171961784363,1,1,0.7880644798278809,0,0
Scene4_t057,1P0A2874.dng,57,13,train,5.321928024291992,13.287712097167969,12.973801612854004,0.31391048431396484,11.287712097167969,14.287712097167969,1,1,1,0.5470021367073059,1,1,0.7880644798278809,0,0
Scene4_t057,1P0A2875.dng,57,14,train,4.321928024291992,13.287712097167969,12.87852668762207,0.40918540954589844,11.287712097167969,14.287712097167969,1,1,1,0.5182147026062012,1,1,0.7880644798278809,0,0
Scene4_t058,1P0A2876.dng,58,0,train,17.194602966308594,13.287712097167969,13.556933403015137,0.26922130584716797,11.287712097167969,14.287712097167969,1,1,1,0.8538434505462646,1,1,0.7880644798278809,1,1
Scene4_t058,1P0A2877.dng,58,1,train,16.28771209716797,13.287712097167969,13.346390724182129,0.058678627014160156,11.287712097167969,14.287712097167969,1,1,1,0.8528177738189697,1,1,0.7880644798278809,1,1
Scene4_t058,1P0A2878.dng,58,2,train,15.872674942016602,13.287712097167969,13.276341438293457,0.011370658874511719,11.287712097167969,14.287712097167969,1,1,1,0.8521305322647095,1,1,0.7880644798278809,1,1
Scene4_t058,1P0A2879.dng,58,3,train,15.287712097167969,13.287712097167969,13.269204139709473,0.018507957458496094,11.287712097167969,14.287712097167969,1,1,1,0.8508768081665039,1,1,0.7880644798278809,1,1
Scene4_t058,1P0A2880.dng,58,4,train,14.287712097167969,13.287712097167969,13.245383262634277,0.042328834533691406,11.287712097167969,14.287712097167969,1,1,1,0.8461243510246277,1,1,0.7880644798278809,1,1
Scene4_t058,1P0A2881.dng,58,5,train,13.287712097167969,13.287712097167969,13.243271827697754,0.044440269470214844,11.287712097167969,14.287712097167969,1,1,1,0.8351424932479858,1,1,0.7880644798278809,1,1
Scene4_t058,1P0A2882.dng,58,6,train,12.287712097167969,13.287712097167969,13.204621315002441,0.08309078216552734,11.287712097167969,14.287712097167969,1,1,1,0.8154892921447754,1,1,0.7880644798278809,1,1
Scene4_t058,1P0A2883.dng,58,7,train,11.287712097167969,13.287712097167969,13.13380241394043,0.15390968322753906,11.287712097167969,14.287712097167969,1,1,1,0.7919248342514038,1,1,0.7880644798278809,1,1
Scene4_t058,1P0A2884.dng,58,8,train,10.287712097167969,13.287712097167969,13.17471981048584,0.1129922866821289,11.287712097167969,14.287712097167969,1,1,1,0.7551704049110413,1,1,0.7880644798278809,0,0
Scene4_t058,1P0A2885.dng,58,9,train,9.38082218170166,13.287712097167969,13.405792236328125,0.11808013916015625,11.287712097167969,14.287712097167969,1,1,1,0.7102636098861694,1,1,0.7880644798278809,0,0
Scene4_t058,1P0A2886.dng,58,10,train,8.38082218170166,13.287712097167969,13.410199165344238,0.12248706817626953,11.287712097167969,14.287712097167969,1,1,1,0.6614086031913757,1,1,0.7880644798278809,0,0
Scene4_t058,1P0A2887.dng,58,11,train,7.380821704864502,13.287712097167969,13.198465347290039,0.08924674987792969,11.287712097167969,14.287712097167969,1,1,1,0.6170199513435364,1,1,0.7880644798278809,0,0
Scene4_t058,1P0A2888.dng,58,12,train,6.321928024291992,13.287712097167969,13.165886878967285,0.1218252182006836,11.287712097167969,14.287712097167969,1,1,1,0.5750954747200012,1,1,0.7880644798278809,0,0
Scene4_t058,1P0A2889.dng,58,13,train,5.321928024291992,13.287712097167969,13.007765769958496,0.27994632720947266,11.287712097167969,14.287712097167969,1,1,1,0.5404075384140015,1,1,0.7880644798278809,0,0
Scene4_t058,1P0A2890.dng,58,14,train,4.321928024291992,13.287712097167969,12.68436336517334,0.6033487319946289,11.287712097167969,14.287712097167969,1,1,1,0.5286144614219666,1,1,0.7880644798278809,0,0
Scene4_t059,1P0A2891.dng,59,0,train,17.194602966308594,13.287712097167969,13.56238842010498,0.2746763229370117,11.287712097167969,14.287712097167969,1,1,1,0.8538906574249268,1,1,0.7880644798278809,1,1
Scene4_t059,1P0A2892.dng,59,1,train,16.28771209716797,13.287712097167969,13.369311332702637,0.08159923553466797,11.287712097167969,14.287712097167969,1,1,1,0.8529475927352905,1,1,0.7880644798278809,1,1
Scene4_t059,1P0A2893.dng,59,2,train,15.872674942016602,13.287712097167969,13.29898738861084,0.011275291442871094,11.287712097167969,14.287712097167969,1,1,1,0.8521640300750732,1,1,0.7880644798278809,1,1
Scene4_t059,1P0A2894.dng,59,3,train,15.287712097167969,13.287712097167969,13.297184944152832,0.009472846984863281,11.287712097167969,14.287712097167969,1,1,1,0.8506777286529541,1,1,0.7880644798278809,1,1
Scene4_t059,1P0A2895.dng,59,4,train,14.287712097167969,13.287712097167969,13.281311988830566,0.006400108337402344,11.287712097167969,14.287712097167969,1,1,1,0.8450275659561157,1,1,0.7880644798278809,1,1
Scene4_t059,1P0A2896.dng,59,5,train,13.287712097167969,13.287712097167969,13.29644775390625,0.00873565673828125,11.287712097167969,14.287712097167969,1,1,1,0.8323038816452026,1,1,0.7880644798278809,1,1
Scene4_t059,1P0A2897.dng,59,6,train,12.287712097167969,13.287712097167969,13.258442878723145,0.02926921844482422,11.287712097167969,14.287712097167969,1,1,1,0.812393844127655,1,1,0.7880644798278809,1,1
Scene4_t059,1P0A2898.dng,59,7,train,11.287712097167969,13.287712097167969,13.213580131530762,0.07413196563720703,11.287712097167969,14.287712097167969,1,1,1,0.7864232659339905,1,1,0.7880644798278809,0,0
Scene4_t059,1P0A2899.dng,59,8,train,10.287712097167969,13.287712097167969,13.24314022064209,0.044571876525878906,11.287712097167969,14.287712097167969,1,1,1,0.7485560178756714,1,1,0.7880644798278809,0,0
Scene4_t059,1P0A2900.dng,59,9,train,9.38082218170166,13.287712097167969,13.441121101379395,0.15340900421142578,11.287712097167969,14.287712097167969,1,1,1,0.7012408971786499,1,1,0.7880644798278809,0,0
Scene4_t059,1P0A2901.dng,59,10,train,8.38082218170166,13.287712097167969,13.463615417480469,0.1759033203125,11.287712097167969,14.287712097167969,1,1,1,0.6523808240890503,1,1,0.7880644798278809,0,0
Scene4_t059,1P0A2902.dng,59,11,train,7.380821704864502,13.287712097167969,13.342040061950684,0.054327964782714844,11.287712097167969,14.287712097167969,1,1,1,0.6082585453987122,1,1,0.7880644798278809,0,0
Scene4_t059,1P0A2903.dng,59,12,train,6.321928024291992,13.287712097167969,13.223307609558105,0.06440448760986328,11.287712097167969,14.287712097167969,1,1,1,0.5665944814682007,1,1,0.7880644798278809,0,0
Scene4_t059,1P0A2904.dng,59,13,train,5.321928024291992,13.287712097167969,13.049332618713379,0.23837947845458984,11.287712097167969,14.287712097167969,1,1,1,0.5360186100006104,1,1,0.7880644798278809,0,0
Scene4_t059,1P0A2905.dng,59,14,train,4.321928024291992,13.287712097167969,12.601743698120117,0.6859683990478516,11.287712097167969,14.287712097167969,1,1,1,0.5241484045982361,1,1,0.7880644798278809,0,0
Scene4_t060,1P0A2906.dng,60,0,train,17.194602966308594,13.287712097167969,13.5673828125,0.27967071533203125,11.287712097167969,14.287712097167969,1,1,1,0.8539320230484009,1,1,0.7880644798278809,1,1
Scene4_t060,1P0A2907.dng,60,1,train,16.28771209716797,13.287712097167969,13.384385108947754,0.09667301177978516,11.287712097167969,14.287712097167969,1,1,1,0.853015124797821,1,1,0.7880644798278809,1,1
Scene4_t060,1P0A2908.dng,60,2,train,15.872674942016602,13.287712097167969,13.31457805633545,0.02686595916748047,11.287712097167969,14.287712097167969,1,1,1,0.8521571159362793,1,1,0.7880644798278809,1,1
Scene4_t060,1P0A2909.dng,60,3,train,15.287712097167969,13.287712097167969,13.316065788269043,0.02835369110107422,11.287712097167969,14.287712097167969,1,1,1,0.8505147099494934,1,1,0.7880644798278809,1,1
Scene4_t060,1P0A2910.dng,60,4,train,14.287712097167969,13.287712097167969,13.307334899902344,0.019622802734375,11.287712097167969,14.287712097167969,1,1,1,0.8442109227180481,1,1,0.7880644798278809,1,1
Scene4_t060,1P0A2911.dng,60,5,train,13.287712097167969,13.287712097167969,13.323739051818848,0.036026954650878906,11.287712097167969,14.287712097167969,1,1,1,0.830834686756134,1,1,0.7880644798278809,1,1
Scene4_t060,1P0A2912.dng,60,6,train,12.287712097167969,13.287712097167969,13.28313159942627,0.004580497741699219,11.287712097167969,14.287712097167969,1,1,1,0.8110644221305847,1,1,0.7880644798278809,1,1
Scene4_t060,1P0A2913.dng,60,7,train,11.287712097167969,13.287712097167969,13.248563766479492,0.03914833068847656,11.287712097167969,14.287712097167969,1,1,1,0.7837998867034912,1,1,0.7880644798278809,0,0
Scene4_t060,1P0A2914.dng,60,8,train,10.287712097167969,13.287712097167969,13.266310691833496,0.021401405334472656,11.287712097167969,14.287712097167969,1,1,1,0.7453849911689758,1,1,0.7880644798278809,0,0
Scene4_t060,1P0A2915.dng,60,9,train,9.38082218170166,13.287712097167969,13.478171348571777,0.1904592514038086,11.287712097167969,14.287712097167969,1,1,1,0.6968556046485901,1,1,0.7880644798278809,0,0
Scene4_t060,1P0A2916.dng,60,10,train,8.38082218170166,13.287712097167969,13.483872413635254,0.19616031646728516,11.287712097167969,14.287712097167969,1,1,1,0.6480512619018555,1,1,0.7880644798278809,0,0
Scene4_t060,1P0A2917.dng,60,11,train,7.380821704864502,13.287712097167969,13.389765739440918,0.10205364227294922,11.287712097167969,14.287712097167969,1,1,1,0.6034985184669495,1,1,0.7880644798278809,0,0
Scene4_t060,1P0A2918.dng,60,12,train,6.321928024291992,13.287712097167969,13.298975944519043,0.011263847351074219,11.287712097167969,14.287712097167969,1,1,1,0.5625506043434143,1,1,0.7880644798278809,0,0
Scene4_t060,1P0A2919.dng,60,13,train,5.321928024291992,13.287712097167969,13.070303916931152,0.2174081802368164,11.287712097167969,14.287712097167969,1,1,1,0.533852756023407,1,1,0.7880644798278809,0,0
Scene4_t060,1P0A2920.dng,60,14,train,4.321928024291992,13.287712097167969,12.881219863891602,0.4064922332763672,11.287712097167969,14.287712097167969,1,1,1,0.5160660147666931,1,1,0.7880644798278809,0,0
Scene4_t061,1P0A2921.dng,61,0,train,17.194602966308594,13.287712097167969,13.569212913513184,0.28150081634521484,11.287712097167969,14.287712097167969,1,1,1,0.8539401292800903,1,1,0.7880644798278809,1,1
Scene4_t061,1P0A2922.dng,61,1,train,16.28771209716797,13.287712097167969,13.386548042297363,0.09883594512939453,11.287712097167969,14.287712097167969,1,1,1,0.8530319929122925,1,1,0.7880644798278809,1,1
Scene4_t061,1P0A2923.dng,61,2,train,15.872674942016602,13.287712097167969,13.31656265258789,0.028850555419921875,11.287712097167969,14.287712097167969,1,1,1,0.8521223068237305,1,1,0.7880644798278809,1,1
Scene4_t061,1P0A2924.dng,61,3,train,15.287712097167969,13.287712097167969,13.32007122039795,0.03235912322998047,11.287712097167969,14.287712097167969,1,1,1,0.8504891395568848,1,1,0.7880644798278809,1,1
Scene4_t061,1P0A2925.dng,61,4,train,14.287712097167969,13.287712097167969,13.316186904907227,0.028474807739257812,11.287712097167969,14.287712097167969,1,1,1,0.8439483642578125,1,1,0.7880644798278809,1,1
Scene4_t061,1P0A2926.dng,61,5,train,13.287712097167969,13.287712097167969,13.326797485351562,0.03908538818359375,11.287712097167969,14.287712097167969,1,1,1,0.8304561972618103,1,1,0.7880644798278809,1,1
Scene4_t061,1P0A2927.dng,61,6,train,12.287712097167969,13.287712097167969,13.287158012390137,0.0005540847778320312,11.287712097167969,14.287712097167969,1,1,1,0.8109496831893921,1,1,0.7880644798278809,1,1
Scene4_t061,1P0A2928.dng,61,7,train,11.287712097167969,13.287712097167969,13.247573852539062,0.04013824462890625,11.287712097167969,14.287712097167969,1,1,1,0.7834556102752686,1,1,0.7880644798278809,0,0
Scene4_t061,1P0A2929.dng,61,8,train,10.287712097167969,13.287712097167969,13.292391777038574,0.004679679870605469,11.287712097167969,14.287712097167969,1,1,1,0.7437179088592529,1,1,0.7880644798278809,0,0
Scene4_t061,1P0A2930.dng,61,9,train,9.38082218170166,13.287712097167969,13.47126293182373,0.18355083465576172,11.287712097167969,14.287712097167969,1,1,1,0.6955823302268982,1,1,0.7880644798278809,0,0
Scene4_t061,1P0A2931.dng,61,10,train,8.38082218170166,13.287712097167969,13.446351051330566,0.15863895416259766,11.287712097167969,14.287712097167969,1,1,1,0.645706295967102,1,1,0.7880644798278809,0,0
Scene4_t061,1P0A2932.dng,61,11,train,7.380821704864502,13.287712097167969,13.317843437194824,0.03013134002685547,11.287712097167969,14.287712097167969,1,1,1,0.6033240556716919,1,1,0.7880644798278809,0,0
Scene4_t061,1P0A2933.dng,61,12,train,6.321928024291992,13.287712097167969,13.235970497131348,0.051741600036621094,11.287712097167969,14.287712097167969,1,1,1,0.562660813331604,1,1,0.7880644798278809,0,0
Scene4_t061,1P0A2934.dng,61,13,train,5.321928024291992,13.287712097167969,13.095852851867676,0.19185924530029297,11.287712097167969,14.287712097167969,1,1,1,0.532965362071991,1,1,0.7880644798278809,0,0
Scene4_t061,1P0A2935.dng,61,14,train,4.321928024291992,13.287712097167969,12.909173011779785,0.3785390853881836,11.287712097167969,14.287712097167969,1,1,1,0.5140001773834229,1,1,0.7880644798278809,0,0
Scene4_t062,1P0A2936.dng,62,0,train,17.194602966308594,13.287712097167969,13.569540023803711,0.2818279266357422,11.287712097167969,14.287712097167969,1,1,1,0.853934645652771,1,1,0.7880644798278809,1,1
Scene4_t062,1P0A2937.dng,62,1,train,16.28771209716797,13.287712097167969,13.385965347290039,0.09825325012207031,11.287712097167969,14.287712097167969,1,1,1,0.8530086278915405,1,1,0.7880644798278809,1,1
Scene4_t062,1P0A2938.dng,62,2,train,15.872674942016602,13.287712097167969,13.317666053771973,0.029953956604003906,11.287712097167969,14.287712097167969,1,1,1,0.852111279964447,1,1,0.7880644798278809,1,1
Scene4_t062,1P0A2939.dng,62,3,train,15.287712097167969,13.287712097167969,13.321816444396973,0.034104347229003906,11.287712097167969,14.287712097167969,1,1,1,0.8504472374916077,1,1,0.7880644798278809,1,1
Scene4_t062,1P0A2940.dng,62,4,train,14.287712097167969,13.287712097167969,13.307953834533691,0.020241737365722656,11.287712097167969,14.287712097167969,1,1,1,0.8440573811531067,1,1,0.7880644798278809,1,1
Scene4_t062,1P0A2941.dng,62,5,train,13.287712097167969,13.287712097167969,13.319101333618164,0.03138923645019531,11.287712097167969,14.287712097167969,1,1,1,0.8305297493934631,1,1,0.7880644798278809,1,1
Scene4_t062,1P0A2942.dng,62,6,train,12.287712097167969,13.287712097167969,13.284443855285645,0.0032682418823242188,11.287712097167969,14.287712097167969,1,1,1,0.8110077381134033,1,1,0.7880644798278809,1,1
Scene4_t062,1P0A2943.dng,62,7,train,11.287712097167969,13.287712097167969,13.231371879577637,0.05634021759033203,11.287712097167969,14.287712097167969,1,1,1,0.7841067314147949,1,1,0.7880644798278809,0,0
Scene4_t062,1P0A2944.dng,62,8,train,10.287712097167969,13.287712097167969,13.259538650512695,0.028173446655273438,11.287712097167969,14.287712097167969,1,1,1,0.7449484467506409,1,1,0.7880644798278809,0,0
Scene4_t062,1P0A2945.dng,62,9,train,9.38082218170166,13.287712097167969,13.460503578186035,0.1727914810180664,11.287712097167969,14.287712097167969,1,1,1,0.6945614814758301,1,1,0.7880644798278809,0,0
Scene4_t062,1P0A2946.dng,62,10,train,8.38082218170166,13.287712097167969,13.42490291595459,0.1371908187866211,11.287712097167969,14.287712097167969,1,1,1,0.6449211239814758,1,1,0.7880644798278809,0,0
Scene4_t062,1P0A2947.dng,62,11,train,7.380821704864502,13.287712097167969,13.295431137084961,0.0077190399169921875,11.287712097167969,14.287712097167969,1,1,1,0.6032119393348694,1,1,0.7880644798278809,0,0
Scene4_t062,1P0A2948.dng,62,12,train,6.321928024291992,13.287712097167969,13.267508506774902,0.020203590393066406,11.287712097167969,14.287712097167969,1,1,1,0.5620716214179993,1,1,0.7880644798278809,0,0
Scene4_t062,1P0A2949.dng,62,13,train,5.321928024291992,13.287712097167969,13.089058876037598,0.1986532211303711,11.287712097167969,14.287712097167969,1,1,1,0.5331695675849915,1,1,0.7880644798278809,0,0
Scene4_t062,1P0A2950.dng,62,14,train,4.321928024291992,13.287712097167969,12.690056800842285,0.5976552963256836,11.287712097167969,14.287712097167969,1,1,1,0.5132551193237305,1,1,0.7880644798278809,0,0
Scene4_t063,1P0A2951.dng,63,0,train,17.194602966308594,13.287712097167969,13.568521499633789,0.2808094024658203,11.287712097167969,14.287712097167969,1,1,1,0.8539347052574158,1,1,0.7880644798278809,1,1
Scene4_t063,1P0A2952.dng,63,1,train,16.28771209716797,13.287712097167969,13.38707447052002,0.09936237335205078,11.287712097167969,14.287712097167969,1,1,1,0.8530029058456421,1,1,0.7880644798278809,1,1
Scene4_t063,1P0A2953.dng,63,2,train,15.872674942016602,13.287712097167969,13.315862655639648,0.028150558471679688,11.287712097167969,14.287712097167969,1,1,1,0.852106511592865,1,1,0.7880644798278809,1,1
Scene4_t063,1P0A2954.dng,63,3,train,15.287712097167969,13.287712097167969,13.322905540466309,0.035193443298339844,11.287712097167969,14.287712097167969,1,1,1,0.8504666090011597,1,1,0.7880644798278809,1,1
Scene4_t063,1P0A2955.dng,63,4,train,14.287712097167969,13.287712097167969,13.304816246032715,0.017104148864746094,11.287712097167969,14.287712097167969,1,1,1,0.8440609574317932,1,1,0.7880644798278809,1,1
Scene4_t063,1P0A2956.dng,63,5,train,13.287712097167969,13.287712097167969,13.320107460021973,0.032395362854003906,11.287712097167969,14.287712097167969,1,1,1,0.830342710018158,1,1,0.7880644798278809,1,1
Scene4_t063,1P0A2957.dng,63,6,train,12.287712097167969,13.287712097167969,13.274174690246582,0.013537406921386719,11.287712097167969,14.287712097167969,1,1,1,0.8115178346633911,1,1,0.7880644798278809,1,1
Scene4_t063,1P0A2958.dng,63,7,train,11.287712097167969,13.287712097167969,13.222236633300781,0.0654754638671875,11.287712097167969,14.287712097167969,1,1,1,0.7844445705413818,1,1,0.7880644798278809,0,0
Scene4_t063,1P0A2959.dng,63,8,train,10.287712097167969,13.287712097167969,13.247272491455078,0.040439605712890625,11.287712097167969,14.287712097167969,1,1,1,0.7450447082519531,1,1,0.7880644798278809,0,0
Scene4_t063,1P0A2960.dng,63,9,train,9.38082218170166,13.287712097167969,13.427469253540039,0.1397571563720703,11.287712097167969,14.287712097167969,1,1,1,0.6948288679122925,1,1,0.7880644798278809,0,0
Scene4_t063,1P0A2961.dng,63,10,train,8.38082218170166,13.287712097167969,13.407256126403809,0.11954402923583984,11.287712097167969,14.287712097167969,1,1,1,0.6445264220237732,1,1,0.7880644798278809,0,0
Scene4_t063,1P0A2962.dng,63,11,train,7.380821704864502,13.287712097167969,13.293185234069824,0.005473136901855469,11.287712097167969,14.287712097167969,1,1,1,0.6020028591156006,1,1,0.7880644798278809,0,0
Scene4_t063,1P0A2963.dng,63,12,train,6.321928024291992,13.287712097167969,13.271098136901855,0.01661396026611328,11.287712097167969,14.287712097167969,1,1,1,0.5618128180503845,1,1,0.7880644798278809,0,0
Scene4_t063,1P0A2964.dng,63,13,train,5.321928024291992,13.287712097167969,13.090950012207031,0.1967620849609375,11.287712097167969,14.287712097167969,1,1,1,0.5325093269348145,1,1,0.7880644798278809,0,0
Scene4_t063,1P0A2965.dng,63,14,train,4.321928024291992,13.287712097167969,12.935185432434082,0.3525266647338867,11.287712097167969,14.287712097167969,1,1,1,0.5112922787666321,1,1,0.7880644798278809,0,0
Scene4_t064,1P0A2966.dng,64,0,train,17.194602966308594,13.287712097167969,13.567593574523926,0.27988147735595703,11.287712097167969,14.287712097167969,1,1,1,0.8539206981658936,1,1,0.7880644798278809,1,1
Scene4_t064,1P0A2967.dng,64,1,train,16.28771209716797,13.287712097167969,13.385247230529785,0.0975351333618164,11.287712097167969,14.287712097167969,1,1,1,0.8529753088951111,1,1,0.7880644798278809,1,1
Scene4_t064,1P0A2968.dng,64,2,train,15.872674942016602,13.287712097167969,13.33559513092041,0.047883033752441406,11.287712097167969,14.287712097167969,1,1,1,0.8519580364227295,1,1,0.7880644798278809,1,1
Scene4_t064,1P0A2969.dng,64,3,train,15.287712097167969,13.287712097167969,13.321027755737305,0.03331565856933594,11.287712097167969,14.287712097167969,1,1,1,0.8504654169082642,1,1,0.7880644798278809,1,1
Scene4_t064,1P0A2970.dng,64,4,train,14.287712097167969,13.287712097167969,13.303022384643555,0.015310287475585938,11.287712097167969,14.287712097167969,1,1,1,0.8440079689025879,1,1,0.7880644798278809,1,1
Scene4_t064,1P0A2971.dng,64,5,train,13.287712097167969,13.287712097167969,13.31229305267334,0.024580955505371094,11.287712097167969,14.287712097167969,1,1,1,0.8304493427276611,1,1,0.7880644798278809,1,1
Scene4_t064,1P0A2972.dng,64,6,train,12.287712097167969,13.287712097167969,13.269469261169434,0.018242835998535156,11.287712097167969,14.287712097167969,1,1,1,0.8117498159408569,1,1,0.7880644798278809,1,1
Scene4_t064,1P0A2973.dng,64,7,train,11.287712097167969,13.287712097167969,13.207297325134277,0.0804147720336914,11.287712097167969,14.287712097167969,1,1,1,0.785194456577301,1,1,0.7880644798278809,0,0
Scene4_t064,1P0A2974.dng,64,8,train,10.287712097167969,13.287712097167969,13.239794731140137,0.04791736602783203,11.287712097167969,14.287712097167969,1,1,1,0.7447517514228821,1,1,0.7880644798278809,0,0
Scene4_t064,1P0A2975.dng,64,9,train,9.38082218170166,13.287712097167969,13.418767929077148,0.1310558319091797,11.287712097167969,14.287712097167969,1,1,1,0.6929200887680054,1,1,0.7880644798278809,0,0
Scene4_t064,1P0A2976.dng,64,10,train,8.38082218170166,13.287712097167969,13.403053283691406,0.1153411865234375,11.287712097167969,14.287712097167969,1,1,1,0.6462388634681702,1,1,0.7880644798278809,0,0
Scene4_t064,1P0A2977.dng,64,11,train,7.380821704864502,13.287712097167969,13.310827255249023,0.023115158081054688,11.287712097167969,14.287712097167969,1,1,1,0.6022858023643494,1,1,0.7880644798278809,0,0
Scene4_t064,1P0A2978.dng,64,12,train,6.321928024291992,13.287712097167969,13.266438484191895,0.02127361297607422,11.287712097167969,14.287712097167969,1,1,1,0.5616106390953064,1,1,0.7880644798278809,0,0
Scene4_t064,1P0A2979.dng,64,13,train,5.321928024291992,13.287712097167969,13.106526374816895,0.18118572235107422,11.287712097167969,14.287712097167969,1,1,1,0.5318588018417358,1,1,0.7880644798278809,0,0
Scene4_t064,1P0A2980.dng,64,14,train,4.321928024291992,13.287712097167969,12.72116756439209,0.5665445327758789,11.287712097167969,14.287712097167969,1,1,1,0.5223383903503418,1,1,0.7880644798278809,0,0
Scene4_t065,1P0A2981.dng,65,0,train,17.194602966308594,13.287712097167969,13.567904472351074,0.28019237518310547,11.287712097167969,14.287712097167969,1,1,1,0.853920042514801,1,1,0.7880644798278809,1,1
Scene4_t065,1P0A2982.dng,65,1,train,16.28771209716797,13.287712097167969,13.383025169372559,0.09531307220458984,11.287712097167969,14.287712097167969,1,1,1,0.8529764413833618,1,1,0.7880644798278809,1,1
Scene4_t065,1P0A2983.dng,65,2,train,15.872674942016602,13.287712097167969,13.313733100891113,0.02602100372314453,11.287712097167969,14.287712097167969,1,1,1,0.8520758748054504,1,1,0.7880644798278809,1,1
Scene4_t065,1P0A2984.dng,65,3,train,15.287712097167969,13.287712097167969,13.318556785583496,0.030844688415527344,11.287712097167969,14.287712097167969,1,1,1,0.850463330745697,1,1,0.7880644798278809,1,1
Scene4_t065,1P0A2985.dng,65,4,train,14.287712097167969,13.287712097167969,13.298534393310547,0.010822296142578125,11.287712097167969,14.287712097167969,1,1,1,0.8439813852310181,1,1,0.7880644798278809,1,1
Scene4_t065,1P0A2986.dng,65,5,train,13.287712097167969,13.287712097167969,13.313383102416992,0.025671005249023438,11.287712097167969,14.287712097167969,1,1,1,0.830309271812439,1,1,0.7880644798278809,1,1
Scene4_t065,1P0A2987.dng,65,6,train,12.287712097167969,13.287712097167969,13.263273239135742,0.024438858032226562,11.287712097167969,14.287712097167969,1,1,1,0.8118076920509338,1,1,0.7880644798278809,1,1
Scene4_t065,1P0A2988.dng,65,7,train,11.287712097167969,13.287712097167969,13.203991889953613,0.08372020721435547,11.287712097167969,14.287712097167969,1,1,1,0.7848678827285767,1,1,0.7880644798278809,0,0
Scene4_t065,1P0A2989.dng,65,8,train,10.287712097167969,13.287712097167969,13.223340034484863,0.06437206268310547,11.287712097167969,14.287712097167969,1,1,1,0.7448089718818665,1,1,0.7880644798278809,0,0
Scene4_t065,1P0A2990.dng,65,9,train,9.38082218170166,13.287712097167969,13.38942813873291,0.1017160415649414,11.287712097167969,14.287712097167969,1,1,1,0.6928628087043762,1,1,0.7880644798278809,0,0
Scene4_t065,1P0A2991.dng,65,10,train,8.38082218170166,13.287712097167969,13.370484352111816,0.08277225494384766,11.287712097167969,14.287712097167969,1,1,1,0.6440630555152893,1,1,0.7880644798278809,0,0
Scene4_t065,1P0A2992.dng,65,11,train,7.380821704864502,13.287712097167969,13.329931259155273,0.04221916198730469,11.287712097167969,14.287712097167969,1,1,1,0.6024690270423889,1,1,0.7880644798278809,0,0
Scene4_t065,1P0A2993.dng,65,12,train,6.321928024291992,13.287712097167969,13.25861644744873,0.02909564971923828,11.287712097167969,14.287712097167969,1,1,1,0.56094890832901,1,1,0.7880644798278809,0,0
Scene4_t065,1P0A2994.dng,65,13,train,5.321928024291992,13.287712097167969,13.098660469055176,0.18905162811279297,11.287712097167969,14.287712097167969,1,1,1,0.5316449999809265,1,1,0.7880644798278809,0,0
Scene4_t065,1P0A2995.dng,65,14,train,4.321928024291992,13.287712097167969,12.691243171691895,0.5964689254760742,11.287712097167969,14.287712097167969,1,1,1,0.5125076174736023,1,1,0.7880644798278809,0,0
Scene4_t066,1P0A2996.dng,66,0,train,17.194602966308594,13.287712097167969,13.566584587097168,0.2788724899291992,11.287712097167969,14.287712097167969,1,1,1,0.8539206981658936,1,1,0.7880644798278809,1,1
Scene4_t066,1P0A2997.dng,66,1,train,16.28771209716797,13.287712097167969,13.381880760192871,0.09416866302490234,11.287712097167969,14.287712097167969,1,1,1,0.8529607653617859,1,1,0.7880644798278809,1,1
Scene4_t066,1P0A2998.dng,66,2,train,15.872674942016602,13.287712097167969,13.311971664428711,0.024259567260742188,11.287712097167969,14.287712097167969,1,1,1,0.8520588278770447,1,1,0.7880644798278809,1,1
Scene4_t066,1P0A2999.dng,66,3,train,15.287712097167969,13.287712097167969,13.316411018371582,0.02869892120361328,11.287712097167969,14.287712097167969,1,1,1,0.8504336476325989,1,1,0.7880644798278809,1,1
Scene4_t066,1P0A3000.dng,66,4,train,14.287712097167969,13.287712097167969,13.298481941223145,0.010769844055175781,11.287712097167969,14.287712097167969,1,1,1,0.8440033197402954,1,1,0.7880644798278809,1,1
Scene4_t066,1P0A3001.dng,66,5,train,13.287712097167969,13.287712097167969,13.307037353515625,0.01932525634765625,11.287712097167969,14.287712097167969,1,1,1,0.8303977847099304,1,1,0.7880644798278809,1,1
Scene4_t066,1P0A3002.dng,66,6,train,12.287712097167969,13.287712097167969,13.258448600769043,0.02926349639892578,11.287712097167969,14.287712097167969,1,1,1,0.8120518326759338,1,1,0.7880644798278809,1,1
Scene4_t066,1P0A3003.dng,66,7,train,11.287712097167969,13.287712097167969,13.1989107131958,0.08880138397216797,11.287712097167969,14.287712097167969,1,1,1,0.7849058508872986,1,1,0.7880644798278809,0,0
Scene4_t066,1P0A3004.dng,66,8,train,10.287712097167969,13.287712097167969,13.228947639465332,0.05876445770263672,11.287712097167969,14.287712097167969,1,1,1,0.7431500554084778,1,1,0.7880644798278809,0,0
Scene4_t066,1P0A3005.dng,66,9,train,9.38082218170166,13.287712097167969,13.363274574279785,0.0755624771118164,11.287712097167969,14.287712097167969,1,1,1,0.6931651830673218,1,1,0.7880644798278809,0,0
Scene4_t066,1P0A3006.dng,66,10,train,8.38082218170166,13.287712097167969,13.37061882019043,0.08290672302246094,11.287712097167969,14.287712097167969,1,1,1,0.6433521509170532,1,1,0.7880644798278809,0,0
Scene4_t066,1P0A3007.dng,66,11,train,7.380821704864502,13.287712097167969,13.271830558776855,0.01588153839111328,11.287712097167969,14.287712097167969,1,1,1,0.6020071506500244,1,1,0.7880644798278809,0,0
Scene4_t066,1P0A3008.dng,66,12,train,6.321928024291992,13.287712097167969,13.24954891204834,0.038163185119628906,11.287712097167969,14.287712097167969,1,1,1,0.561276376247406,1,1,0.7880644798278809,0,0
Scene4_t066,1P0A3009.dng,66,13,train,5.321928024291992,13.287712097167969,13.075698852539062,0.21201324462890625,11.287712097167969,14.287712097167969,1,1,1,0.5321497917175293,1,1,0.7880644798278809,0,0
Scene4_t066,1P0A3010.dng,66,14,train,4.321928024291992,13.287712097167969,12.90985107421875,0.37786102294921875,11.287712097167969,14.287712097167969,1,1,1,0.5106860995292664,1,1,0.7880644798278809,0,0
Scene4_t067,1P0A3011.dng,67,0,train,17.194602966308594,13.287712097167969,13.565482139587402,0.2777700424194336,11.287712097167969,14.287712097167969,1,1,1,0.8539193868637085,1,1,0.7880644798278809,1,1
Scene4_t067,1P0A3012.dng,67,1,train,16.28771209716797,13.287712097167969,13.38023567199707,0.09252357482910156,11.287712097167969,14.287712097167969,1,1,1,0.8529112339019775,1,1,0.7880644798278809,1,1
Scene4_t067,1P0A3013.dng,67,2,train,15.872674942016602,13.287712097167969,13.309493064880371,0.021780967712402344,11.287712097167969,14.287712097167969,1,1,1,0.8520277738571167,1,1,0.7880644798278809,1,1
Scene4_t067,1P0A3014.dng,67,3,train,15.287712097167969,13.287712097167969,13.32589054107666,0.038178443908691406,11.287712097167969,14.287712097167969,1,1,1,0.8504424691200256,1,1,0.7880644798278809,1,1
Scene4_t067,1P0A3015.dng,67,4,train,14.287712097167969,13.287712097167969,13.300137519836426,0.012425422668457031,11.287712097167969,14.287712097167969,1,1,1,0.8439309597015381,1,1,0.7880644798278809,1,1
Scene4_t067,1P0A3016.dng,67,5,train,13.287712097167969,13.287712097167969,13.301070213317871,0.013358116149902344,11.287712097167969,14.287712097167969,1,1,1,0.8305445313453674,1,1,0.7880644798278809,1,1
Scene4_t067,1P0A3017.dng,67,6,train,12.287712097167969,13.287712097167969,13.251455307006836,0.03625679016113281,11.287712097167969,14.287712097167969,1,1,1,0.812461256980896,1,1,0.7880644798278809,1,1
Scene4_t067,1P0A3018.dng,67,7,train,11.287712097167969,13.287712097167969,13.18844223022461,0.09926986694335938,11.287712097167969,14.287712097167969,1,1,1,0.785282552242279,1,1,0.7880644798278809,0,0
Scene4_t067,1P0A3019.dng,67,8,train,10.287712097167969,13.287712097167969,13.185439109802246,0.10227298736572266,11.287712097167969,14.287712097167969,1,1,1,0.7454769015312195,1,1,0.7880644798278809,0,0
Scene4_t067,1P0A3020.dng,67,9,train,9.38082218170166,13.287712097167969,13.330428123474121,0.042716026306152344,11.287712097167969,14.287712097167969,1,1,1,0.6926266551017761,1,1,0.7880644798278809,0,0
Scene4_t067,1P0A3021.dng,67,10,train,8.38082218170166,13.287712097167969,13.335577011108398,0.04786491394042969,11.287712097167969,14.287712097167969,1,1,1,0.6457594633102417,1,1,0.7880644798278809,0,0
Scene4_t067,1P0A3022.dng,67,11,train,7.380821704864502,13.287712097167969,13.294525146484375,0.00681304931640625,11.287712097167969,14.287712097167969,1,1,1,0.6026597619056702,1,1,0.7880644798278809,0,0
Scene4_t067,1P0A3023.dng,67,12,train,6.321928024291992,13.287712097167969,13.22605037689209,0.061661720275878906,11.287712097167969,14.287712097167969,1,1,1,0.5617043375968933,1,1,0.7880644798278809,0,0
Scene4_t067,1P0A3024.dng,67,13,train,5.321928024291992,13.287712097167969,13.088241577148438,0.19947052001953125,11.287712097167969,14.287712097167969,1,1,1,0.5316561460494995,1,1,0.7880644798278809,0,0
Scene4_t067,1P0A3025.dng,67,14,train,4.321928024291992,13.287712097167969,12.625815391540527,0.6618967056274414,11.287712097167969,14.287712097167969,1,1,1,0.5139711499214172,1,1,0.7880644798278809,0,0
Scene4_t068,1P0A3026.dng,68,0,train,17.194602966308594,13.287712097167969,13.564682960510254,0.27697086334228516,11.287712097167969,14.287712097167969,1,1,1,0.8539178371429443,1,1,0.7880644798278809,1,1
Scene4_t068,1P0A3027.dng,68,1,train,16.28771209716797,13.287712097167969,13.377869606018066,0.09015750885009766,11.287712097167969,14.287712097167969,1,1,1,0.8529170155525208,1,1,0.7880644798278809,1,1
Scene4_t068,1P0A3028.dng,68,2,train,15.872674942016602,13.287712097167969,13.317770957946777,0.030058860778808594,11.287712097167969,14.287712097167969,1,1,1,0.8519917726516724,1,1,0.7880644798278809,1,1
Scene4_t068,1P0A3029.dng,68,3,train,15.287712097167969,13.287712097167969,13.309977531433105,0.02226543426513672,11.287712097167969,14.287712097167969,1,1,1,0.8504859209060669,1,1,0.7880644798278809,1,1
Scene4_t068,1P0A3030.dng,68,4,train,14.287712097167969,13.287712097167969,13.294270515441895,0.006558418273925781,11.287712097167969,14.287712097167969,1,1,1,0.8440035581588745,1,1,0.7880644798278809,1,1
Scene4_t068,1P0A3031.dng,68,5,train,13.287712097167969,13.287712097167969,13.298186302185059,0.010474205017089844,11.287712097167969,14.287712097167969,1,1,1,0.8305147886276245,1,1,0.7880644798278809,1,1
Scene4_t068,1P0A3032.dng,68,6,train,12.287712097167969,13.287712097167969,13.246563911437988,0.04114818572998047,11.287712097167969,14.287712097167969,1,1,1,0.8127003312110901,1,1,0.7880644798278809,1,1
Scene4_t068,1P0A3033.dng,68,7,train,11.287712097167969,13.287712097167969,13.180159568786621,0.10755252838134766,11.287712097167969,14.287712097167969,1,1,1,0.7855169773101807,1,1,0.7880644798278809,0,0
Scene4_t068,1P0A3034.dng,68,8,train,10.287712097167969,13.287712097167969,13.16908073425293,0.11863136291503906,11.287712097167969,14.287712097167969,1,1,1,0.7456247210502625,1,1,0.7880644798278809,0,0
Scene4_t068,1P0A3035.dng,68,9,train,9.38082218170166,13.287712097167969,13.305766105651855,0.01805400848388672,11.287712097167969,14.287712097167969,1,1,1,0.6925018429756165,1,1,0.7880644798278809,0,0
Scene4_t068,1P0A3036.dng,68,10,train,8.38082218170166,13.287712097167969,13.300448417663574,0.012736320495605469,11.287712097167969,14.287712097167969,1,1,1,0.643830418586731,1,1,0.7880644798278809,0,0
Scene4_t068,1P0A3037.dng,68,11,train,7.380821704864502,13.287712097167969,13.222244262695312,0.06546783447265625,11.287712097167969,14.287712097167969,1,1,1,0.6019708514213562,1,1,0.7880644798278809,0,0
Scene4_t068,1P0A3038.dng,68,12,train,6.321928024291992,13.287712097167969,13.200636863708496,0.08707523345947266,11.287712097167969,14.287712097167969,1,1,1,0.5616963505744934,1,1,0.7880644798278809,0,0
Scene4_t068,1P0A3039.dng,68,13,train,5.321928024291992,13.287712097167969,13.080009460449219,0.20770263671875,11.287712097167969,14.287712097167969,1,1,1,0.5315797924995422,1,1,0.7880644798278809,0,0
Scene4_t068,1P0A3040.dng,68,14,train,4.321928024291992,13.287712097167969,12.876057624816895,0.4116544723510742,11.287712097167969,14.287712097167969,1,1,1,0.5177832841873169,1,1,0.7880644798278809,0,0
Scene4_t069,1P0A3041.dng,69,0,train,17.194602966308594,13.287712097167969,13.56945514678955,0.28174304962158203,11.287712097167969,14.287712097167969,1,1,1,0.8539428114891052,1,1,0.7880644798278809,1,1
Scene4_t069,1P0A3042.dng,69,1,train,16.28771209716797,13.287712097167969,13.379730224609375,0.09201812744140625,11.287712097167969,14.287712097167969,1,1,1,0.8528962135314941,1,1,0.7880644798278809,1,1
Scene4_t069,1P0A3043.dng,69,2,train,15.872674942016602,13.287712097167969,13.304652214050293,0.01694011688232422,11.287712097167969,14.287712097167969,1,1,1,0.8520280122756958,1,1,0.7880644798278809,1,1
Scene4_t069,1P0A3044.dng,69,3,train,15.287712097167969,13.287712097167969,13.308049201965332,0.02033710479736328,11.287712097167969,14.287712097167969,1,1,1,0.8505042195320129,1,1,0.7880644798278809,1,1
Scene4_t069,1P0A3045.dng,69,4,train,14.287712097167969,13.287712097167969,13.288731575012207,0.0010194778442382812,11.287712097167969,14.287712097167969,1,1,1,0.8440293669700623,1,1,0.7880644798278809,1,1
Scene4_t069,1P0A3046.dng,69,5,train,13.287712097167969,13.287712097167969,13.292075157165527,0.004363059997558594,11.287712097167969,14.287712097167969,1,1,1,0.8306596875190735,1,1,0.7880644798278809,1,1
Scene4_t069,1P0A3047.dng,69,6,train,12.287712097167969,13.287712097167969,13.241148948669434,0.046563148498535156,11.287712097167969,14.287712097167969,1,1,1,0.8128183484077454,1,1,0.7880644798278809,1,1
Scene4_t069,1P0A3048.dng,69,7,train,11.287712097167969,13.287712097167969,13.171412467956543,0.11629962921142578,11.287712097167969,14.287712097167969,1,1,1,0.7857163548469543,1,1,0.7880644798278809,0,0
Scene4_t069,1P0A3049.dng,69,8,train,10.287712097167969,13.287712097167969,13.150030136108398,0.1376819610595703,11.287712097167969,14.287712097167969,1,1,1,0.7455509305000305,1,1,0.7880644798278809,0,0
Scene4_t069,1P0A3050.dng,69,9,train,9.38082218170166,13.287712097167969,13.304499626159668,0.01678752899169922,11.287712097167969,14.287712097167969,1,1,1,0.6910426616668701,1,1,0.7880644798278809,0,0
Scene4_t069,1P0A3051.dng,69,10,train,8.38082218170166,13.287712097167969,13.283598899841309,0.004113197326660156,11.287712097167969,14.287712097167969,1,1,1,0.6434376239776611,1,1,0.7880644798278809,0,0
Scene4_t069,1P0A3052.dng,69,11,train,7.380821704864502,13.287712097167969,13.22484016418457,0.06287193298339844,11.287712097167969,14.287712097167969,1,1,1,0.6019997596740723,1,1,0.7880644798278809,0,0
Scene4_t069,1P0A3053.dng,69,12,train,6.321928024291992,13.287712097167969,13.186450958251953,0.10126113891601562,11.287712097167969,14.287712097167969,1,1,1,0.5614403486251831,1,1,0.7880644798278809,0,0
Scene4_t069,1P0A3054.dng,69,13,train,5.321928024291992,13.287712097167969,13.069222450256348,0.2184896469116211,11.287712097167969,14.287712097167969,1,1,1,0.5324634909629822,1,1,0.7880644798278809,0,0
Scene4_t069,1P0A3055.dng,69,14,train,4.321928024291992,13.287712097167969,12.752020835876465,0.5356912612915039,11.287712097167969,14.287712097167969,1,1,1,0.5118230581283569,1,1,0.7880644798278809,0,0
Scene4_t070,1P0A3056.dng,70,0,validation,17.194602966308594,13.287712097167969,13.562816619873047,0.2751045227050781,11.287712097167969,14.287712097167969,1,1,1,0.8539139628410339,1,1,0.7880644798278809,1,1
Scene4_t070,1P0A3057.dng,70,1,validation,16.28771209716797,13.287712097167969,13.377601623535156,0.0898895263671875,11.287712097167969,14.287712097167969,1,1,1,0.8528887629508972,1,1,0.7880644798278809,1,1
Scene4_t070,1P0A3058.dng,70,2,validation,15.872674942016602,13.287712097167969,13.304402351379395,0.01669025421142578,11.287712097167969,14.287712097167969,1,1,1,0.8520407676696777,1,1,0.7880644798278809,1,1
Scene4_t070,1P0A3059.dng,70,3,validation,15.287712097167969,13.287712097167969,13.311427116394043,0.02371501922607422,11.287712097167969,14.287712097167969,1,1,1,0.8505091071128845,1,1,0.7880644798278809,1,1
Scene4_t070,1P0A3060.dng,70,4,validation,14.287712097167969,13.287712097167969,13.287322044372559,0.00039005279541015625,11.287712097167969,14.287712097167969,1,1,1,0.8440755605697632,1,1,0.7880644798278809,1,1
Scene4_t070,1P0A3061.dng,70,5,validation,13.287712097167969,13.287712097167969,13.291213035583496,0.0035009384155273438,11.287712097167969,14.287712097167969,1,1,1,0.8305554986000061,1,1,0.7880644798278809,1,1
Scene4_t070,1P0A3062.dng,70,6,validation,12.287712097167969,13.287712097167969,13.246373176574707,0.04133892059326172,11.287712097167969,14.287712097167969,1,1,1,0.8121625781059265,1,1,0.7880644798278809,1,1
Scene4_t070,1P0A3063.dng,70,7,validation,11.287712097167969,13.287712097167969,13.164271354675293,0.12344074249267578,11.287712097167969,14.287712097167969,1,1,1,0.7860722541809082,1,1,0.7880644798278809,0,0
Scene4_t070,1P0A3064.dng,70,8,validation,10.287712097167969,13.287712097167969,13.12927532196045,0.15843677520751953,11.287712097167969,14.287712097167969,1,1,1,0.7457149028778076,1,1,0.7880644798278809,0,0
Scene4_t070,1P0A3065.dng,70,9,validation,9.38082218170166,13.287712097167969,13.260729789733887,0.02698230743408203,11.287712097167969,14.287712097167969,1,1,1,0.6923647522926331,1,1,0.7880644798278809,0,0
Scene4_t070,1P0A3066.dng,70,10,validation,8.38082218170166,13.287712097167969,13.275761604309082,0.011950492858886719,11.287712097167969,14.287712097167969,1,1,1,0.6437600255012512,1,1,0.7880644798278809,0,0
Scene4_t070,1P0A3067.dng,70,11,validation,7.380821704864502,13.287712097167969,13.214631080627441,0.07308101654052734,11.287712097167969,14.287712097167969,1,1,1,0.6030802130699158,1,1,0.7880644798278809,0,0
Scene4_t070,1P0A3068.dng,70,12,validation,6.321928024291992,13.287712097167969,13.172988891601562,0.11472320556640625,11.287712097167969,14.287712097167969,1,1,1,0.5614352822303772,1,1,0.7880644798278809,0,0
Scene4_t070,1P0A3069.dng,70,13,validation,5.321928024291992,13.287712097167969,13.05297565460205,0.23473644256591797,11.287712097167969,14.287712097167969,1,1,1,0.5322996377944946,1,1,0.7880644798278809,0,0
Scene4_t070,1P0A3070.dng,70,14,validation,4.321928024291992,13.287712097167969,12.926738739013672,0.3609733581542969,11.287712097167969,14.287712097167969,1,1,1,0.5127014517784119,1,1,0.7880644798278809,0,0
Scene4_t071,1P0A3071.dng,71,0,validation,17.194602966308594,13.287712097167969,13.566527366638184,0.27881526947021484,11.287712097167969,14.287712097167969,1,1,1,0.8539212346076965,1,1,0.7880644798278809,1,1
Scene4_t071,1P0A3072.dng,71,1,validation,16.28771209716797,13.287712097167969,13.376505851745605,0.08879375457763672,11.287712097167969,14.287712097167969,1,1,1,0.8528783917427063,1,1,0.7880644798278809,1,1
Scene4_t071,1P0A3073.dng,71,2,validation,15.872674942016602,13.287712097167969,13.302123069763184,0.014410972595214844,11.287712097167969,14.287712097167969,1,1,1,0.8520093560218811,1,1,0.7880644798278809,1,1
Scene4_t071,1P0A3074.dng,71,3,validation,15.287712097167969,13.287712097167969,13.310196876525879,0.022484779357910156,11.287712097167969,14.287712097167969,1,1,1,0.8505235314369202,1,1,0.7880644798278809,1,1
Scene4_t071,1P0A3075.dng,71,4,validation,14.287712097167969,13.287712097167969,13.284316062927246,0.0033960342407226562,11.287712097167969,14.287712097167969,1,1,1,0.8441909551620483,1,1,0.7880644798278809,1,1
Scene4_t071,1P0A3076.dng,71,5,validation,13.287712097167969,13.287712097167969,13.28246784210205,0.005244255065917969,11.287712097167969,14.287712097167969,1,1,1,0.8308939933776855,1,1,0.7880644798278809,1,1
Scene4_t071,1P0A3077.dng,71,6,validation,12.287712097167969,13.287712097167969,13.226661682128906,0.0610504150390625,11.287712097167969,14.287712097167969,1,1,1,0.8131988644599915,1,1,0.7880644798278809,1,1
Scene4_t071,1P0A3078.dng,71,7,validation,11.287712097167969,13.287712097167969,13.163208961486816,0.12450313568115234,11.287712097167969,14.287712097167969,1,1,1,0.7850878834724426,1,1,0.7880644798278809,0,0
Scene4_t071,1P0A3079.dng,71,8,validation,10.287712097167969,13.287712097167969,13.102509498596191,0.18520259857177734,11.287712097167969,14.287712097167969,1,1,1,0.7460408210754395,1,1,0.7880644798278809,0,0
Scene4_t071,1P0A3080.dng,71,9,validation,9.38082218170166,13.287712097167969,13.219491004943848,0.0682210922241211,11.287712097167969,14.287712097167969,1,1,1,0.6919059753417969,1,1,0.7880644798278809,0,0
Scene4_t071,1P0A3081.dng,71,10,validation,8.38082218170166,13.287712097167969,13.18750286102295,0.10020923614501953,11.287712097167969,14.287712097167969,1,1,1,0.6444528102874756,1,1,0.7880644798278809,0,0
Scene4_t071,1P0A3082.dng,71,11,validation,7.380821704864502,13.287712097167969,13.158520698547363,0.12919139862060547,11.287712097167969,14.287712097167969,1,1,1,0.6021140217781067,1,1,0.7880644798278809,0,0
Scene4_t071,1P0A3083.dng,71,12,validation,6.321928024291992,13.287712097167969,13.150338172912598,0.1373739242553711,11.287712097167969,14.287712097167969,1,1,1,0.5622352957725525,1,1,0.7880644798278809,0,0
Scene4_t071,1P0A3084.dng,71,13,validation,5.321928024291992,13.287712097167969,13.043824195861816,0.24388790130615234,11.287712097167969,14.287712097167969,1,1,1,0.5327348709106445,1,1,0.7880644798278809,0,0
Scene4_t071,1P0A3085.dng,71,14,validation,4.321928024291992,13.287712097167969,12.837750434875488,0.44996166229248047,11.287712097167969,14.287712097167969,1,1,1,0.5203267931938171,1,1,0.7880644798278809,0,0
Scene4_t072,1P0A3086.dng,72,0,validation,17.194602966308594,13.287712097167969,13.566760063171387,0.27904796600341797,11.287712097167969,14.287712097167969,1,1,1,0.8539227247238159,1,1,0.7880644798278809,1,1
Scene4_t072,1P0A3087.dng,72,1,validation,16.28771209716797,13.287712097167969,13.377190589904785,0.0894784927368164,11.287712097167969,14.287712097167969,1,1,1,0.8528578281402588,1,1,0.7880644798278809,1,1
Scene4_t072,1P0A3088.dng,72,2,validation,15.872674942016602,13.287712097167969,13.29638385772705,0.008671760559082031,11.287712097167969,14.287712097167969,1,1,1,0.8520165085792542,1,1,0.7880644798278809,1,1
Scene4_t072,1P0A3089.dng,72,3,validation,15.287712097167969,13.287712097167969,13.298395156860352,0.010683059692382812,11.287712097167969,14.287712097167969,1,1,1,0.8505606055259705,1,1,0.7880644798278809,1,1
Scene4_t072,1P0A3090.dng,72,4,validation,14.287712097167969,13.287712097167969,13.282062530517578,0.005649566650390625,11.287712097167969,14.287712097167969,1,1,1,0.8441759943962097,1,1,0.7880644798278809,1,1
Scene4_t072,1P0A3091.dng,72,5,validation,13.287712097167969,13.287712097167969,13.281376838684082,0.006335258483886719,11.287712097167969,14.287712097167969,1,1,1,0.8310415148735046,1,1,0.7880644798278809,1,1
Scene4_t072,1P0A3092.dng,72,6,validation,12.287712097167969,13.287712097167969,13.22070026397705,0.06701183319091797,11.287712097167969,14.287712097167969,1,1,1,0.8133853077888489,1,1,0.7880644798278809,1,1
Scene4_t072,1P0A3093.dng,72,7,validation,11.287712097167969,13.287712097167969,13.138655662536621,0.14905643463134766,11.287712097167969,14.287712097167969,1,1,1,0.7866259813308716,1,1,0.7880644798278809,0,0
Scene4_t072,1P0A3094.dng,72,8,validation,10.287712097167969,13.287712097167969,13.089061737060547,0.19865036010742188,11.287712097167969,14.287712097167969,1,1,1,0.745630145072937,1,1,0.7880644798278809,0,0
Scene4_t072,1P0A3095.dng,72,9,validation,9.38082218170166,13.287712097167969,13.205256462097168,0.08245563507080078,11.287712097167969,14.287712097167969,1,1,1,0.6906411051750183,1,1,0.7880644798278809,0,0
Scene4_t072,1P0A3096.dng,72,10,validation,8.38082218170166,13.287712097167969,13.178570747375488,0.10914134979248047,11.287712097167969,14.287712097167969,1,1,1,0.6414987444877625,1,1,0.7880644798278809,0,0
Scene4_t072,1P0A3097.dng,72,11,validation,7.380821704864502,13.287712097167969,13.190970420837402,0.0967416763305664,11.287712097167969,14.287712097167969,1,1,1,0.6026753187179565,1,1,0.7880644798278809,0,0
Scene4_t072,1P0A3098.dng,72,12,validation,6.321928024291992,13.287712097167969,13.158120155334473,0.1295919418334961,11.287712097167969,14.287712097167969,1,1,1,0.5614844560623169,1,1,0.7880644798278809,0,0
Scene4_t072,1P0A3099.dng,72,13,validation,5.321928024291992,13.287712097167969,13.040748596191406,0.2469635009765625,11.287712097167969,14.287712097167969,1,1,1,0.5324167013168335,1,1,0.7880644798278809,0,0
Scene4_t072,1P0A3100.dng,72,14,validation,4.321928024291992,13.287712097167969,12.836335182189941,0.45137691497802734,11.287712097167969,14.287712097167969,1,1,1,0.5122128129005432,1,1,0.7880644798278809,0,0
Scene4_t073,1P0A3101.dng,73,0,validation,17.194602966308594,13.287712097167969,13.561068534851074,0.27335643768310547,11.287712097167969,14.287712097167969,1,1,1,0.853908896446228,1,1,0.7880644798278809,1,1
Scene4_t073,1P0A3102.dng,73,1,validation,16.28771209716797,13.287712097167969,13.372628211975098,0.0849161148071289,11.287712097167969,14.287712097167969,1,1,1,0.8528338670730591,1,1,0.7880644798278809,1,1
Scene4_t073,1P0A3103.dng,73,2,validation,15.872674942016602,13.287712097167969,13.314635276794434,0.026923179626464844,11.287712097167969,14.287712097167969,1,1,1,0.8519092202186584,1,1,0.7880644798278809,1,1
Scene4_t073,1P0A3104.dng,73,3,validation,15.287712097167969,13.287712097167969,13.300396919250488,0.012684822082519531,11.287712097167969,14.287712097167969,1,1,1,0.85053551197052,1,1,0.7880644798278809,1,1
Scene4_t073,1P0A3105.dng,73,4,validation,14.287712097167969,13.287712097167969,13.279468536376953,0.008243560791015625,11.287712097167969,14.287712097167969,1,1,1,0.8441749811172485,1,1,0.7880644798278809,1,1
Scene4_t073,1P0A3106.dng,73,5,validation,13.287712097167969,13.287712097167969,13.28304386138916,0.004668235778808594,11.287712097167969,14.287712097167969,1,1,1,0.8309133648872375,1,1,0.7880644798278809,1,1
Scene4_t073,1P0A3107.dng,73,6,validation,12.287712097167969,13.287712097167969,13.218363761901855,0.06934833526611328,11.287712097167969,14.287712097167969,1,1,1,0.8134588599205017,1,1,0.7880644798278809,1,1
Scene4_t073,1P0A3108.dng,73,7,validation,11.287712097167969,13.287712097167969,13.132011413574219,0.15570068359375,11.287712097167969,14.287712097167969,1,1,1,0.786411702632904,1,1,0.7880644798278809,0,0
Scene4_t073,1P0A3109.dng,73,8,validation,10.287712097167969,13.287712097167969,13.080658912658691,0.20705318450927734,11.287712097167969,14.287712097167969,1,1,1,0.7439265251159668,1,1,0.7880644798278809,0,0
Scene4_t073,1P0A3110.dng,73,9,validation,9.38082218170166,13.287712097167969,13.171924591064453,0.11578750610351562,11.287712097167969,14.287712097167969,1,1,1,0.6919747591018677,1,1,0.7880644798278809,0,0
Scene4_t073,1P0A3111.dng,73,10,validation,8.38082218170166,13.287712097167969,13.159699440002441,0.12801265716552734,11.287712097167969,14.287712097167969,1,1,1,0.6441130042076111,1,1,0.7880644798278809,0,0
Scene4_t073,1P0A3112.dng,73,11,validation,7.380821704864502,13.287712097167969,13.137110710144043,0.15060138702392578,11.287712097167969,14.287712097167969,1,1,1,0.6014036536216736,1,1,0.7880644798278809,0,0
Scene4_t073,1P0A3113.dng,73,12,validation,6.321928024291992,13.287712097167969,13.136420249938965,0.1512918472290039,11.287712097167969,14.287712097167969,1,1,1,0.5620440244674683,1,1,0.7880644798278809,0,0
Scene4_t073,1P0A3114.dng,73,13,validation,5.321928024291992,13.287712097167969,13.045527458190918,0.24218463897705078,11.287712097167969,14.287712097167969,1,1,1,0.5329834222793579,1,1,0.7880644798278809,0,0
Scene4_t073,1P0A3115.dng,73,14,validation,4.321928024291992,13.287712097167969,12.844651222229004,0.44306087493896484,11.287712097167969,14.287712097167969,1,1,1,0.513072669506073,1,1,0.7880644798278809,0,0
Scene4_t074,1P0A3116.dng,74,0,validation,17.194602966308594,13.287712097167969,13.560688972473145,0.2729768753051758,11.287712097167969,14.287712097167969,1,1,1,0.8539033532142639,1,1,0.7880644798278809,1,1
Scene4_t074,1P0A3117.dng,74,1,validation,16.28771209716797,13.287712097167969,13.369529724121094,0.081817626953125,11.287712097167969,14.287712097167969,1,1,1,0.8528268337249756,1,1,0.7880644798278809,1,1
Scene4_t074,1P0A3118.dng,74,2,validation,15.872674942016602,13.287712097167969,13.294966697692871,0.007254600524902344,11.287712097167969,14.287712097167969,1,1,1,0.8519529104232788,1,1,0.7880644798278809,1,1
Scene4_t074,1P0A3119.dng,74,3,validation,15.287712097167969,13.287712097167969,13.298453330993652,0.010741233825683594,11.287712097167969,14.287712097167969,1,1,1,0.8505208492279053,1,1,0.7880644798278809,1,1
Scene4_t074,1P0A3120.dng,74,4,validation,14.287712097167969,13.287712097167969,13.277236938476562,0.01047515869140625,11.287712097167969,14.287712097167969,1,1,1,0.8441532850265503,1,1,0.7880644798278809,1,1
Scene4_t074,1P0A3121.dng,74,5,validation,13.287712097167969,13.287712097167969,13.280715942382812,0.00699615478515625,11.287712097167969,14.287712097167969,1,1,1,0.8309744596481323,1,1,0.7880644798278809,1,1
Scene4_t074,1P0A3122.dng,74,6,validation,12.287712097167969,13.287712097167969,13.217339515686035,0.0703725814819336,11.287712097167969,14.287712097167969,1,1,1,0.8132702708244324,1,1,0.7880644798278809,1,1
Scene4_t074,1P0A3123.dng,74,7,validation,11.287712097167969,13.287712097167969,13.123541831970215,0.1641702651977539,11.287712097167969,14.287712097167969,1,1,1,0.7860453128814697,1,1,0.7880644798278809,0,0
Scene4_t074,1P0A3124.dng,74,8,validation,10.287712097167969,13.287712097167969,13.045050621032715,0.2426614761352539,11.287712097167969,14.287712097167969,1,1,1,0.7444603443145752,1,1,0.7880644798278809,0,0
Scene4_t074,1P0A3125.dng,74,9,validation,9.38082218170166,13.287712097167969,13.1682710647583,0.11944103240966797,11.287712097167969,14.287712097167969,1,1,1,0.6899076104164124,1,1,0.7880644798278809,0,0
Scene4_t074,1P0A3126.dng,74,10,validation,8.38082218170166,13.287712097167969,13.124993324279785,0.1627187728881836,11.287712097167969,14.287712097167969,1,1,1,0.6432113647460938,1,1,0.7880644798278809,0,0
Scene4_t074,1P0A3127.dng,74,11,validation,7.380821704864502,13.287712097167969,13.1316499710083,0.15606212615966797,11.287712097167969,14.287712097167969,1,1,1,0.5998626947402954,1,1,0.7880644798278809,0,0
Scene4_t074,1P0A3128.dng,74,12,validation,6.321928024291992,13.287712097167969,13.175455093383789,0.11225700378417969,11.287712097167969,14.287712097167969,1,1,1,0.5619505643844604,1,1,0.7880644798278809,0,0
Scene4_t074,1P0A3129.dng,74,13,validation,5.321928024291992,13.287712097167969,13.065489768981934,0.22222232818603516,11.287712097167969,14.287712097167969,1,1,1,0.5320777297019958,1,1,0.7880644798278809,0,0
Scene4_t074,1P0A3130.dng,74,14,validation,4.321928024291992,13.287712097167969,12.71705150604248,0.5706605911254883,11.287712097167969,14.287712097167969,1,1,1,0.5223875641822815,1,1,0.7880644798278809,0,0
Scene4_t075,1P0A3131.dng,75,0,validation,17.194602966308594,14.287712097167969,13.726950645446777,0.5607614517211914,12.287712097167969,15.872674942016602,1,0,1,0.8505373001098633,1,0,0.7880644798278809,1,0
Scene4_t075,1P0A3132.dng,75,1,validation,16.28771209716797,14.287712097167969,14.21029281616211,0.07741928100585938,12.287712097167969,15.872674942016602,1,0,1,0.825162947177887,1,0,0.7880644798278809,1,0
Scene4_t075,1P0A3133.dng,75,2,validation,15.872674942016602,14.287712097167969,14.370951652526855,0.08323955535888672,12.287712097167969,15.872674942016602,1,0,1,0.808340847492218,1,0,0.7880644798278809,1,0
Scene4_t075,1P0A3134.dng,75,3,validation,15.287712097167969,14.287712097167969,14.432202339172363,0.14449024200439453,12.287712097167969,15.872674942016602,1,0,1,0.7919942736625671,1,0,0.7880644798278809,1,0
Scene4_t075,1P0A3135.dng,75,4,validation,14.287712097167969,14.287712097167969,14.23774242401123,0.04996967315673828,12.287712097167969,15.872674942016602,1,0,1,0.7425165772438049,1,0,0.7880644798278809,0,1
Scene4_t075,1P0A3136.dng,75,5,validation,13.287712097167969,14.287712097167969,14.009520530700684,0.27819156646728516,12.287712097167969,15.872674942016602,1,0,1,0.6708236932754517,1,0,0.7880644798278809,0,1
Scene4_t075,1P0A3137.dng,75,6,validation,12.287712097167969,14.287712097167969,14.10826587677002,0.17944622039794922,12.287712097167969,15.872674942016602,1,0,1,0.6035904884338379,1,0,0.7880644798278809,0,1
Scene4_t075,1P0A3138.dng,75,7,validation,11.287712097167969,14.287712097167969,13.954976081848145,0.3327360153198242,12.287712097167969,15.872674942016602,1,0,1,0.5563847422599792,1,0,0.7880644798278809,0,1
Scene4_t075,1P0A3139.dng,75,8,validation,10.287712097167969,14.287712097167969,13.910628318786621,0.37708377838134766,12.287712097167969,15.872674942016602,1,0,1,0.5683148503303528,1,0,0.7880644798278809,0,1
Scene4_t075,1P0A3140.dng,75,9,validation,9.38082218170166,14.287712097167969,15.796162605285645,1.5084505081176758,12.287712097167969,15.872674942016602,1,0,1,0.5052183866500854,1,0,0.7880644798278809,0,1
Scene4_t075,1P0A3141.dng,75,10,validation,8.38082218170166,14.287712097167969,15.473617553710938,1.1859054565429688,12.287712097167969,15.872674942016602,1,0,1,0.49541425704956055,0,1,0.7880644798278809,0,1
Scene4_t075,1P0A3142.dng,75,11,validation,7.380821704864502,14.287712097167969,14.900172233581543,0.6124601364135742,12.287712097167969,15.872674942016602,1,0,1,0.49447521567344666,0,1,0.7880644798278809,0,1
Scene4_t075,1P0A3143.dng,75,12,validation,6.321928024291992,14.287712097167969,14.2737398147583,0.013972282409667969,12.287712097167969,15.872674942016602,1,0,1,0.4956451654434204,0,1,0.7880644798278809,0,1
Scene4_t075,1P0A3144.dng,75,13,validation,5.321928024291992,14.287712097167969,13.681468963623047,0.6062431335449219,12.287712097167969,15.872674942016602,1,0,1,0.49698519706726074,0,1,0.7880644798278809,0,1
Scene4_t075,1P0A3145.dng,75,14,validation,4.321928024291992,14.287712097167969,13.08951187133789,1.1982002258300781,12.287712097167969,15.872674942016602,1,0,1,0.49832820892333984,0,1,0.7880644798278809,0,1
Scene4_t076,1P0A3146.dng,76,0,validation,17.194602966308594,14.287712097167969,13.707202911376953,0.5805091857910156,12.287712097167969,15.872674942016602,1,0,1,0.8509228229522705,1,0,0.7880644798278809,1,0
Scene4_t076,1P0A3147.dng,76,1,validation,16.28771209716797,14.287712097167969,14.172028541564941,0.11568355560302734,12.287712097167969,15.872674942016602,1,0,1,0.8262061476707458,1,0,0.7880644798278809,1,0
Scene4_t076,1P0A3148.dng,76,2,validation,15.872674942016602,14.287712097167969,14.41669750213623,0.12898540496826172,12.287712097167969,15.872674942016602,1,0,1,0.8063384294509888,1,0,0.7880644798278809,1,0
Scene4_t076,1P0A3149.dng,76,3,validation,15.287712097167969,14.287712097167969,14.405028343200684,0.11731624603271484,12.287712097167969,15.872674942016602,1,0,1,0.791840672492981,1,0,0.7880644798278809,1,0
Scene4_t076,1P0A3150.dng,76,4,validation,14.287712097167969,14.287712097167969,14.207816123962402,0.0798959732055664,12.287712097167969,15.872674942016602,1,0,1,0.7444118857383728,1,0,0.7880644798278809,0,1
Scene4_t076,1P0A3151.dng,76,5,validation,13.287712097167969,14.287712097167969,13.988306999206543,0.2994050979614258,12.287712097167969,15.872674942016602,1,0,1,0.6708118915557861,1,0,0.7880644798278809,0,1
Scene4_t076,1P0A3152.dng,76,6,validation,12.287712097167969,14.287712097167969,14.101600646972656,0.1861114501953125,12.287712097167969,15.872674942016602,1,0,1,0.6040840148925781,1,0,0.7880644798278809,0,1
Scene4_t076,1P0A3153.dng,76,7,validation,11.287712097167969,14.287712097167969,13.949519157409668,0.3381929397583008,12.287712097167969,15.872674942016602,1,0,1,0.5569589138031006,1,0,0.7880644798278809,0,1
Scene4_t076,1P0A3154.dng,76,8,validation,10.287712097167969,14.287712097167969,13.901345252990723,0.3863668441772461,12.287712097167969,15.872674942016602,1,0,1,0.5682364106178284,1,0,0.7880644798278809,0,1
Scene4_t076,1P0A3155.dng,76,9,validation,9.38082218170166,14.287712097167969,15.78766918182373,1.4999570846557617,12.287712097167969,15.872674942016602,1,0,1,0.5054771304130554,1,0,0.7880644798278809,0,1
Scene4_t076,1P0A3156.dng,76,10,validation,8.38082218170166,14.287712097167969,15.4699125289917,1.1822004318237305,12.287712097167969,15.872674942016602,1,0,1,0.49569013714790344,0,1,0.7880644798278809,0,1
Scene4_t076,1P0A3157.dng,76,11,validation,7.380821704864502,14.287712097167969,14.900559425354004,0.6128473281860352,12.287712097167969,15.872674942016602,1,0,1,0.49471259117126465,0,1,0.7880644798278809,0,1
Scene4_t076,1P0A3158.dng,76,12,validation,6.321928024291992,14.287712097167969,14.273722648620605,0.013989448547363281,12.287712097167969,15.872674942016602,1,0,1,0.4956464469432831,0,1,0.7880644798278809,0,1
Scene4_t076,1P0A3159.dng,76,13,validation,5.321928024291992,14.287712097167969,13.681468963623047,0.6062431335449219,12.287712097167969,15.872674942016602,1,0,1,0.49698519706726074,0,1,0.7880644798278809,0,1
Scene4_t076,1P0A3160.dng,76,14,validation,4.321928024291992,14.287712097167969,13.08951187133789,1.1982002258300781,12.287712097167969,15.872674942016602,1,0,1,0.49832820892333984,0,1,0.7880644798278809,0,1
Scene4_t077,1P0A3161.dng,77,0,validation,17.194602966308594,14.287712097167969,13.700989723205566,0.5867223739624023,12.287712097167969,15.872674942016602,1,0,1,0.8510302901268005,1,0,0.7880644798278809,1,0
Scene4_t077,1P0A3162.dng,77,1,validation,16.28771209716797,14.287712097167969,14.162276268005371,0.12543582916259766,12.287712097167969,15.872674942016602,1,0,1,0.8264575004577637,1,0,0.7880644798278809,1,0
Scene4_t077,1P0A3163.dng,77,2,validation,15.872674942016602,14.287712097167969,14.321300506591797,0.033588409423828125,12.287712097167969,15.872674942016602,1,0,1,0.8093354105949402,1,0,0.7880644798278809,1,0
Scene4_t077,1P0A3164.dng,77,3,validation,15.287712097167969,14.287712097167969,14.39194393157959,0.1042318344116211,12.287712097167969,15.872674942016602,1,0,1,0.7919639945030212,1,0,0.7880644798278809,1,0
Scene4_t077,1P0A3165.dng,77,4,validation,14.287712097167969,14.287712097167969,14.199057579040527,0.0886545181274414,12.287712097167969,15.872674942016602,1,0,1,0.7444432973861694,1,0,0.7880644798278809,0,1
Scene4_t077,1P0A3166.dng,77,5,validation,13.287712097167969,14.287712097167969,13.982227325439453,0.3054847717285156,12.287712097167969,15.872674942016602,1,0,1,0.6723279356956482,1,0,0.7880644798278809,0,1
Scene4_t077,1P0A3167.dng,77,6,validation,12.287712097167969,14.287712097167969,14.095930099487305,0.19178199768066406,12.287712097167969,15.872674942016602,1,0,1,0.6043515801429749,1,0,0.7880644798278809,0,1
Scene4_t077,1P0A3168.dng,77,7,validation,11.287712097167969,14.287712097167969,13.948494911193848,0.3392171859741211,12.287712097167969,15.872674942016602,1,0,1,0.5569873452186584,1,0,0.7880644798278809,0,1
Scene4_t077,1P0A3169.dng,77,8,validation,10.287712097167969,14.287712097167969,13.905867576599121,0.38184452056884766,12.287712097167969,15.872674942016602,1,0,1,0.5681778192520142,1,0,0.7880644798278809,0,1
Scene4_t077,1P0A3170.dng,77,9,validation,9.38082218170166,14.287712097167969,15.824350357055664,1.5366382598876953,12.287712097167969,15.872674942016602,1,0,1,0.5043526291847229,1,0,0.7880644798278809,0,1
Scene4_t077,1P0A3171.dng,77,10,validation,8.38082218170166,14.287712097167969,15.47238540649414,1.1846733093261719,12.287712097167969,15.872674942016602,1,0,1,0.4954806864261627,0,1,0.7880644798278809,0,1
Scene4_t077,1P0A3172.dng,77,11,validation,7.380821704864502,14.287712097167969,14.900609016418457,0.6128969192504883,12.287712097167969,15.872674942016602,1,0,1,0.4946426451206207,0,1,0.7880644798278809,0,1
Scene4_t077,1P0A3173.dng,77,12,validation,6.321928024291992,14.287712097167969,14.273788452148438,0.01392364501953125,12.287712097167969,15.872674942016602,1,0,1,0.49564316868782043,0,1,0.7880644798278809,0,1
Scene4_t077,1P0A3174.dng,77,13,validation,5.321928024291992,14.287712097167969,13.681468963623047,0.6062431335449219,12.287712097167969,15.872674942016602,1,0,1,0.49698519706726074,0,1,0.7880644798278809,0,1
Scene4_t077,1P0A3175.dng,77,14,validation,4.321928024291992,14.287712097167969,13.08951187133789,1.1982002258300781,12.287712097167969,15.872674942016602,1,0,1,0.49832820892333984,0,1,0.7880644798278809,0,1
Scene4_t078,1P0A3176.dng,78,0,validation,17.194602966308594,14.287712097167969,13.710343360900879,0.5773687362670898,12.287712097167969,15.872674942016602,1,0,1,0.8507249355316162,1,0,0.7880644798278809,1,0
Scene4_t078,1P0A3177.dng,78,1,validation,16.28771209716797,14.287712097167969,14.14742374420166,0.1402883529663086,12.287712097167969,15.872674942016602,1,0,1,0.8271627426147461,1,0,0.7880644798278809,1,0
Scene4_t078,1P0A3178.dng,78,2,validation,15.872674942016602,14.287712097167969,14.316448211669922,0.028736114501953125,12.287712097167969,15.872674942016602,1,0,1,0.8094074130058289,1,0,0.7880644798278809,1,0
Scene4_t078,1P0A3179.dng,78,3,validation,15.287712097167969,14.287712097167969,14.386662483215332,0.09895038604736328,12.287712097167969,15.872674942016602,1,0,1,0.7920296788215637,1,0,0.7880644798278809,1,0
Scene4_t078,1P0A3180.dng,78,4,validation,14.287712097167969,14.287712097167969,14.187822341918945,0.09988975524902344,12.287712097167969,15.872674942016602,1,0,1,0.7452973127365112,1,0,0.7880644798278809,0,1
Scene4_t078,1P0A3181.dng,78,5,validation,13.287712097167969,14.287712097167969,13.979134559631348,0.3085775375366211,12.287712097167969,15.872674942016602,1,0,1,0.6735155582427979,1,0,0.7880644798278809,0,1
Scene4_t078,1P0A3182.dng,78,6,validation,12.287712097167969,14.287712097167969,14.091805458068848,0.1959066390991211,12.287712097167969,15.872674942016602,1,0,1,0.6046151518821716,1,0,0.7880644798278809,0,1
Scene4_t078,1P0A3183.dng,78,7,validation,11.287712097167969,14.287712097167969,13.945638656616211,0.3420734405517578,12.287712097167969,15.872674942016602,1,0,1,0.5572012662887573,1,0,0.7880644798278809,0,1
Scene4_t078,1P0A3184.dng,78,8,validation,10.287712097167969,14.287712097167969,13.897771835327148,0.3899402618408203,12.287712097167969,15.872674942016602,1,0,1,0.5688070058822632,1,0,0.7880644798278809,0,1
Scene4_t078,1P0A3185.dng,78,9,validation,9.38082218170166,14.287712097167969,15.776230812072754,1.4885187149047852,12.287712097167969,15.872674942016602,1,0,1,0.5057180523872375,1,0,0.7880644798278809,0,1
Scene4_t078,1P0A3186.dng,78,10,validation,8.38082218170166,14.287712097167969,15.467604637145996,1.1798925399780273,12.287712097167969,15.872674942016602,1,0,1,0.4957776367664337,0,1,0.7880644798278809,0,1
Scene4_t078,1P0A3187.dng,78,11,validation,7.380821704864502,14.287712097167969,14.900470733642578,0.6127586364746094,12.287712097167969,15.872674942016602,1,0,1,0.4946945011615753,0,1,0.7880644798278809,0,1
Scene4_t078,1P0A3188.dng,78,12,validation,6.321928024291992,14.287712097167969,14.273865699768066,0.013846397399902344,12.287712097167969,15.872674942016602,1,0,1,0.495642751455307,0,1,0.7880644798278809,0,1
Scene4_t078,1P0A3189.dng,78,13,validation,5.321928024291992,14.287712097167969,13.681468963623047,0.6062431335449219,12.287712097167969,15.872674942016602,1,0,1,0.49698519706726074,0,1,0.7880644798278809,0,1
Scene4_t078,1P0A3190.dng,78,14,validation,4.321928024291992,14.287712097167969,13.08951187133789,1.1982002258300781,12.287712097167969,15.872674942016602,1,0,1,0.49832820892333984,0,1,0.7880644798278809,0,1
Scene4_t079,1P0A3191.dng,79,0,validation,17.194602966308594,14.287712097167969,13.695215225219727,0.5924968719482422,12.287712097167969,15.872674942016602,1,0,1,0.8511038422584534,1,0,0.7880644798278809,1,0
Scene4_t079,1P0A3192.dng,79,1,validation,16.28771209716797,14.287712097167969,14.15532398223877,0.13238811492919922,12.287712097167969,15.872674942016602,1,0,1,0.8263275623321533,1,0,0.7880644798278809,1,0
Scene4_t079,1P0A3193.dng,79,2,validation,15.872674942016602,14.287712097167969,14.37448787689209,0.0867757797241211,12.287712097167969,15.872674942016602,1,0,1,0.8073763251304626,1,0,0.7880644798278809,1,0
Scene4_t079,1P0A3194.dng,79,3,validation,15.287712097167969,14.287712097167969,14.383601188659668,0.09588909149169922,12.287712097167969,15.872674942016602,1,0,1,0.7922283411026001,1,0,0.7880644798278809,1,0
Scene4_t079,1P0A3195.dng,79,4,validation,14.287712097167969,14.287712097167969,14.187664985656738,0.10004711151123047,12.287712097167969,15.872674942016602,1,0,1,0.7448335289955139,1,0,0.7880644798278809,0,1
Scene4_t079,1P0A3196.dng,79,5,validation,13.287712097167969,14.287712097167969,13.969611167907715,0.3181009292602539,12.287712097167969,15.872674942016602,1,0,1,0.6726572513580322,1,0,0.7880644798278809,0,1
Scene4_t079,1P0A3197.dng,79,6,validation,12.287712097167969,14.287712097167969,14.088351249694824,0.19936084747314453,12.287712097167969,15.872674942016602,1,0,1,0.6046415567398071,1,0,0.7880644798278809,0,1
Scene4_t079,1P0A3198.dng,79,7,validation,11.287712097167969,14.287712097167969,13.946385383605957,0.3413267135620117,12.287712097167969,15.872674942016602,1,0,1,0.5547242164611816,1,0,0.7880644798278809,0,1
Scene4_t079,1P0A3199.dng,79,8,validation,10.287712097167969,14.287712097167969,13.905263900756836,0.3824481964111328,12.287712097167969,15.872674942016602,1,0,1,0.5681806802749634,1,0,0.7880644798278809,0,1
Scene4_t079,1P0A3200.dng,79,9,validation,9.38082218170166,14.287712097167969,15.775553703308105,1.4878416061401367,12.287712097167969,15.872674942016602,1,0,1,0.5058094263076782,1,0,0.7880644798278809,0,1
Scene4_t079,1P0A3201.dng,79,10,validation,8.38082218170166,14.287712097167969,15.466911315917969,1.17919921875,12.287712097167969,15.872674942016602,1,0,1,0.49576908349990845,0,1,0.7880644798278809,0,1
Scene4_t079,1P0A3202.dng,79,11,validation,7.380821704864502,14.287712097167969,14.899407386779785,0.6116952896118164,12.287712097167969,15.872674942016602,1,0,1,0.49469754099845886,0,1,0.7880644798278809,0,1
Scene4_t079,1P0A3203.dng,79,12,validation,6.321928024291992,14.287712097167969,14.273836135864258,0.013875961303710938,12.287712097167969,15.872674942016602,1,0,1,0.495642751455307,0,1,0.7880644798278809,0,1
Scene4_t079,1P0A3204.dng,79,13,validation,5.321928024291992,14.287712097167969,13.681468963623047,0.6062431335449219,12.287712097167969,15.872674942016602,1,0,1,0.49698519706726074,0,1,0.7880644798278809,0,1
Scene4_t079,1P0A3205.dng,79,14,validation,4.321928024291992,14.287712097167969,13.08951187133789,1.1982002258300781,12.287712097167969,15.872674942016602,1,0,1,0.49832820892333984,0,1,0.7880644798278809,0,1
Scene4_t080,1P0A3206.dng,80,0,validation,17.194602966308594,14.287712097167969,13.691267013549805,0.5964450836181641,12.287712097167969,15.872674942016602,1,0,1,0.8511808514595032,1,0,0.7880644798278809,1,0
Scene4_t080,1P0A3207.dng,80,1,validation,16.28771209716797,14.287712097167969,14.1462984085083,0.14141368865966797,12.287712097167969,15.872674942016602,1,0,1,0.8268746137619019,1,0,0.7880644798278809,1,0
Scene4_t080,1P0A3208.dng,80,2,validation,15.872674942016602,14.287712097167969,14.305706977844238,0.01799488067626953,12.287712097167969,15.872674942016602,1,0,1,0.809709370136261,1,0,0.7880644798278809,1,0
Scene4_t080,1P0A3209.dng,80,3,validation,15.287712097167969,14.287712097167969,14.379984855651855,0.09227275848388672,12.287712097167969,15.872674942016602,1,0,1,0.7921280860900879,1,0,0.7880644798278809,1,0
Scene4_t080,1P0A3210.dng,80,4,validation,14.287712097167969,14.287712097167969,14.178574562072754,0.10913753509521484,12.287712097167969,15.872674942016602,1,0,1,0.7455729246139526,1,0,0.7880644798278809,0,1
Scene4_t080,1P0A3211.dng,80,5,validation,13.287712097167969,14.287712097167969,13.96847915649414,0.3192329406738281,12.287712097167969,15.872674942016602,1,0,1,0.6736265420913696,1,0,0.7880644798278809,0,1
Scene4_t080,1P0A3212.dng,80,6,validation,12.287712097167969,14.287712097167969,14.08488655090332,0.20282554626464844,12.287712097167969,15.872674942016602,1,0,1,0.6047869324684143,1,0,0.7880644798278809,0,1
Scene4_t080,1P0A3213.dng,80,7,validation,11.287712097167969,14.287712097167969,13.943127632141113,0.34458446502685547,12.287712097167969,15.872674942016602,1,0,1,0.55713951587677,1,0,0.7880644798278809,0,1
Scene4_t080,1P0A3214.dng,80,8,validation,10.287712097167969,14.287712097167969,13.926627159118652,0.3610849380493164,12.287712097167969,15.872674942016602,1,0,1,0.5684725046157837,1,0,0.7880644798278809,0,1
Scene4_t080,1P0A3215.dng,80,9,validation,9.38082218170166,14.287712097167969,15.783679962158203,1.4959678649902344,12.287712097167969,15.872674942016602,1,0,1,0.5054565668106079,1,0,0.7880644798278809,0,1
Scene4_t080,1P0A3216.dng,80,10,validation,8.38082218170166,14.287712097167969,15.466170310974121,1.1784582138061523,12.287712097167969,15.872674942016602,1,0,1,0.495835542678833,0,1,0.7880644798278809,0,1
Scene4_t080,1P0A3217.dng,80,11,validation,7.380821704864502,14.287712097167969,14.901232719421387,0.613520622253418,12.287712097167969,15.872674942016602,1,0,1,0.49459317326545715,0,1,0.7880644798278809,0,1
Scene4_t080,1P0A3218.dng,80,12,validation,6.321928024291992,14.287712097167969,14.273755073547363,0.013957023620605469,12.287712097167969,15.872674942016602,1,0,1,0.49564164876937866,0,1,0.7880644798278809,0,1
Scene4_t080,1P0A3219.dng,80,13,validation,5.321928024291992,14.287712097167969,13.681468963623047,0.6062431335449219,12.287712097167969,15.872674942016602,1,0,1,0.49698519706726074,0,1,0.7880644798278809,0,1
Scene4_t080,1P0A3220.dng,80,14,validation,4.321928024291992,14.287712097167969,13.08951187133789,1.1982002258300781,12.287712097167969,15.872674942016602,1,0,1,0.49832820892333984,0,1,0.7880644798278809,0,1
Scene4_t081,1P0A3221.dng,81,0,validation,17.194602966308594,14.287712097167969,13.706297874450684,0.5814142227172852,12.287712097167969,15.872674942016602,1,0,1,0.8507847189903259,1,0,0.7880644798278809,1,0
Scene4_t081,1P0A3222.dng,81,1,validation,16.28771209716797,14.287712097167969,14.142998695373535,0.1447134017944336,12.287712097167969,15.872674942016602,1,0,1,0.8270722031593323,1,0,0.7880644798278809,1,0
Scene4_t081,1P0A3223.dng,81,2,validation,15.872674942016602,14.287712097167969,14.313698768615723,0.025986671447753906,12.287712097167969,15.872674942016602,1,0,1,0.8093695640563965,1,0,0.7880644798278809,1,0
Scene4_t081,1P0A3224.dng,81,3,validation,15.287712097167969,14.287712097167969,14.376311302185059,0.08859920501708984,12.287712097167969,15.872674942016602,1,0,1,0.7922412753105164,1,0,0.7880644798278809,1,0
Scene4_t081,1P0A3225.dng,81,4,validation,14.287712097167969,14.287712097167969,14.176405906677246,0.11130619049072266,12.287712097167969,15.872674942016602,1,0,1,0.745511531829834,1,0,0.7880644798278809,0,1
Scene4_t081,1P0A3226.dng,81,5,validation,13.287712097167969,14.287712097167969,13.96306037902832,0.32465171813964844,12.287712097167969,15.872674942016602,1,0,1,0.6736760139465332,1,0,0.7880644798278809,0,1
Scene4_t081,1P0A3227.dng,81,6,validation,12.287712097167969,14.287712097167969,14.082112312316895,0.20559978485107422,12.287712097167969,15.872674942016602,1,0,1,0.6044536828994751,1,0,0.7880644798278809,0,1
Scene4_t081,1P0A3228.dng,81,7,validation,11.287712097167969,14.287712097167969,13.941478729248047,0.3462333679199219,12.287712097167969,15.872674942016602,1,0,1,0.5568647384643555,1,0,0.7880644798278809,0,1
Scene4_t081,1P0A3229.dng,81,8,validation,10.287712097167969,14.287712097167969,13.939311027526855,0.3484010696411133,12.287712097167969,15.872674942016602,1,0,1,0.5686599612236023,1,0,0.7880644798278809,0,1
Scene4_t081,1P0A3230.dng,81,9,validation,9.38082218170166,14.287712097167969,15.801916122436523,1.5142040252685547,12.287712097167969,15.872674942016602,1,0,1,0.5049645900726318,1,0,0.7880644798278809,0,1
Scene4_t081,1P0A3231.dng,81,10,validation,8.38082218170166,14.287712097167969,15.468738555908203,1.1810264587402344,12.287712097167969,15.872674942016602,1,0,1,0.495728999376297,0,1,0.7880644798278809,0,1
Scene4_t081,1P0A3232.dng,81,11,validation,7.380821704864502,14.287712097167969,14.900294303894043,0.6125822067260742,12.287712097167969,15.872674942016602,1,0,1,0.49463942646980286,0,1,0.7880644798278809,0,1
Scene4_t081,1P0A3233.dng,81,12,validation,6.321928024291992,14.287712097167969,14.273917198181152,0.013794898986816406,12.287712097167969,15.872674942016602,1,0,1,0.49564141035079956,0,1,0.7880644798278809,0,1
Scene4_t081,1P0A3234.dng,81,13,validation,5.321928024291992,14.287712097167969,13.681468963623047,0.6062431335449219,12.287712097167969,15.872674942016602,1,0,1,0.49698519706726074,0,1,0.7880644798278809,0,1
Scene4_t081,1P0A3235.dng,81,14,validation,4.321928024291992,14.287712097167969,13.08951187133789,1.1982002258300781,12.287712097167969,15.872674942016602,1,0,1,0.49832820892333984,0,1,0.7880644798278809,0,1
Scene4_t082,1P0A3236.dng,82,0,validation,17.194602966308594,14.287712097167969,13.693828582763672,0.5938835144042969,12.287712097167969,15.872674942016602,1,0,1,0.8511192202568054,1,0,0.7880644798278809,1,0
Scene4_t082,1P0A3237.dng,82,1,validation,16.28771209716797,14.287712097167969,14.146254539489746,0.14145755767822266,12.287712097167969,15.872674942016602,1,0,1,0.8267560005187988,1,0,0.7880644798278809,1,0
Scene4_t082,1P0A3238.dng,82,2,validation,15.872674942016602,14.287712097167969,14.30566120147705,0.01794910430908203,12.287712097167969,15.872674942016602,1,0,1,0.8095782995223999,1,0,0.7880644798278809,1,0
Scene4_t082,1P0A3239.dng,82,3,validation,15.287712097167969,14.287712097167969,14.37820816040039,0.09049606323242188,12.287712097167969,15.872674942016602,1,0,1,0.7922425270080566,1,0,0.7880644798278809,1,0
Scene4_t082,1P0A3240.dng,82,4,validation,14.287712097167969,14.287712097167969,14.174391746520996,0.11332035064697266,12.287712097167969,15.872674942016602,1,0,1,0.7455734610557556,1,0,0.7880644798278809,0,1
Scene4_t082,1P0A3241.dng,82,5,validation,13.287712097167969,14.287712097167969,13.959824562072754,0.32788753509521484,12.287712097167969,15.872674942016602,1,0,1,0.6735338568687439,1,0,0.7880644798278809,0,1
Scene4_t082,1P0A3242.dng,82,6,validation,12.287712097167969,14.287712097167969,14.080317497253418,0.20739459991455078,12.287712097167969,15.872674942016602,1,0,1,0.604508101940155,1,0,0.7880644798278809,0,1
Scene4_t082,1P0A3243.dng,82,7,validation,11.287712097167969,14.287712097167969,13.941991806030273,0.3457202911376953,12.287712097167969,15.872674942016602,1,0,1,0.5567440390586853,1,0,0.7880644798278809,0,1
Scene4_t082,1P0A3244.dng,82,8,validation,10.287712097167969,14.287712097167969,13.906256675720215,0.3814554214477539,12.287712097167969,15.872674942016602,1,0,1,0.5684295892715454,1,0,0.7880644798278809,0,1
Scene4_t082,1P0A3245.dng,82,9,validation,9.38082218170166,14.287712097167969,15.89313793182373,1.6054258346557617,12.287712097167969,15.872674942016602,0,0,1,0.5024105310440063,1,0,0.7880644798278809,0,1
Scene4_t082,1P0A3246.dng,82,10,validation,8.38082218170166,14.287712097167969,15.469462394714355,1.1817502975463867,12.287712097167969,15.872674942016602,1,0,1,0.4956900179386139,0,1,0.7880644798278809,0,1
Scene4_t082,1P0A3247.dng,82,11,validation,7.380821704864502,14.287712097167969,14.900595664978027,0.6128835678100586,12.287712097167969,15.872674942016602,1,0,1,0.4946035146713257,0,1,0.7880644798278809,0,1
Scene4_t082,1P0A3248.dng,82,12,validation,6.321928024291992,14.287712097167969,14.273804664611816,0.013907432556152344,12.287712097167969,15.872674942016602,1,0,1,0.49564212560653687,0,1,0.7880644798278809,0,1
Scene4_t082,1P0A3249.dng,82,13,validation,5.321928024291992,14.287712097167969,13.681468963623047,0.6062431335449219,12.287712097167969,15.872674942016602,1,0,1,0.49698519706726074,0,1,0.7880644798278809,0,1
Scene4_t082,1P0A3250.dng,82,14,validation,4.321928024291992,14.287712097167969,13.08951187133789,1.1982002258300781,12.287712097167969,15.872674942016602,1,0,1,0.49832820892333984,0,1,0.7880644798278809,0,1
Scene4_t083,1P0A3251.dng,83,0,validation,17.194602966308594,14.287712097167969,13.701700210571289,0.5860118865966797,12.287712097167969,15.872674942016602,1,0,1,0.8509082794189453,1,0,0.7880644798278809,1,0
Scene4_t083,1P0A3252.dng,83,1,validation,16.28771209716797,14.287712097167969,14.142167091369629,0.14554500579833984,12.287712097167969,15.872674942016602,1,0,1,0.8269291520118713,1,0,0.7880644798278809,1,0
Scene4_t083,1P0A3253.dng,83,2,validation,15.872674942016602,14.287712097167969,14.298859596252441,0.011147499084472656,12.287712097167969,15.872674942016602,1,0,1,0.8097634315490723,1,0,0.7880644798278809,1,0
Scene4_t083,1P0A3254.dng,83,3,validation,15.287712097167969,14.287712097167969,14.370964050292969,0.083251953125,12.287712097167969,15.872674942016602,1,0,1,0.7923745512962341,1,0,0.7880644798278809,1,0
Scene4_t083,1P0A3255.dng,83,4,validation,14.287712097167969,14.287712097167969,14.175887107849121,0.11182498931884766,12.287712097167969,15.872674942016602,1,0,1,0.7452157735824585,1,0,0.7880644798278809,0,1
Scene4_t083,1P0A3256.dng,83,5,validation,13.287712097167969,14.287712097167969,13.955520629882812,0.33219146728515625,12.287712097167969,15.872674942016602,1,0,1,0.6728442311286926,1,0,0.7880644798278809,0,1
Scene4_t083,1P0A3257.dng,83,6,validation,12.287712097167969,14.287712097167969,14.077775001525879,0.20993709564208984,12.287712097167969,15.872674942016602,1,0,1,0.6045041680335999,1,0,0.7880644798278809,0,1
Scene4_t083,1P0A3258.dng,83,7,validation,11.287712097167969,14.287712097167969,13.939905166625977,0.3478069305419922,12.287712097167969,15.872674942016602,1,0,1,0.5568707585334778,1,0,0.7880644798278809,0,1
Scene4_t083,1P0A3259.dng,83,8,validation,10.287712097167969,14.287712097167969,13.932817459106445,0.35489463806152344,12.287712097167969,15.872674942016602,1,0,1,0.5686187744140625,1,0,0.7880644798278809,0,1
Scene4_t083,1P0A3260.dng,83,9,validation,9.38082218170166,14.287712097167969,15.865159034729004,1.5774469375610352,12.287712097167969,15.872674942016602,1,0,1,0.50323885679245,1,0,0.7880644798278809,0,1
Scene4_t083,1P0A3261.dng,83,10,validation,8.38082218170166,14.287712097167969,15.466065406799316,1.1783533096313477,12.287712097167969,15.872674942016602,1,0,1,0.49578657746315,0,1,0.7880644798278809,0,1
Scene4_t083,1P0A3262.dng,83,11,validation,7.380821704864502,14.287712097167969,14.900836944580078,0.6131248474121094,12.287712097167969,15.872674942016602,1,0,1,0.4946417212486267,0,1,0.7880644798278809,0,1
Scene4_t083,1P0A3263.dng,83,12,validation,6.321928024291992,14.287712097167969,14.273737907409668,0.013974189758300781,12.287712097167969,15.872674942016602,1,0,1,0.4956428110599518,0,1,0.7880644798278809,0,1
Scene4_t083,1P0A3264.dng,83,13,validation,5.321928024291992,14.287712097167969,13.681468963623047,0.6062431335449219,12.287712097167969,15.872674942016602,1,0,1,0.49698519706726074,0,1,0.7880644798278809,0,1
Scene4_t083,1P0A3265.dng,83,14,validation,4.321928024291992,14.287712097167969,13.08951187133789,1.1982002258300781,12.287712097167969,15.872674942016602,1,0,1,0.49832820892333984,0,1,0.7880644798278809,0,1
Scene4_t084,1P0A3266.dng,84,0,validation,17.194602966308594,14.287712097167969,13.688654899597168,0.5990571975708008,13.287712097167969,15.872674942016602,1,0,1,0.8512183427810669,1,0,0.7880644798278809,1,0
Scene4_t084,1P0A3267.dng,84,1,validation,16.28771209716797,14.287712097167969,14.138800621032715,0.1489114761352539,13.287712097167969,15.872674942016602,1,0,1,0.8270412087440491,1,0,0.7880644798278809,1,0
Scene4_t084,1P0A3268.dng,84,2,validation,15.872674942016602,14.287712097167969,14.289875984191895,0.0021638870239257812,13.287712097167969,15.872674942016602,1,0,1,0.810124397277832,1,0,0.7880644798278809,1,0
Scene4_t084,1P0A3269.dng,84,3,validation,15.287712097167969,14.287712097167969,14.379782676696777,0.0920705795288086,13.287712097167969,15.872674942016602,1,0,1,0.7927622199058533,1,0,0.7880644798278809,1,0
Scene4_t084,1P0A3270.dng,84,4,validation,14.287712097167969,14.287712097167969,14.170722007751465,0.1169900894165039,13.287712097167969,15.872674942016602,1,0,1,0.7454469799995422,1,0,0.7880644798278809,0,1
Scene4_t084,1P0A3271.dng,84,5,validation,13.287712097167969,14.287712097167969,13.95229434967041,0.3354177474975586,13.287712097167969,15.872674942016602,1,0,1,0.673007071018219,1,0,0.7880644798278809,0,1
Scene4_t084,1P0A3272.dng,84,6,validation,12.287712097167969,14.287712097167969,14.074651718139648,0.2130603790283203,13.287712097167969,15.872674942016602,1,0,1,0.6048244833946228,1,0,0.7880644798278809,0,1
Scene4_t084,1P0A3273.dng,84,7,validation,11.287712097167969,14.287712097167969,13.937798500061035,0.3499135971069336,13.287712097167969,15.872674942016602,1,0,1,0.5568788051605225,1,0,0.7880644798278809,0,1
Scene4_t084,1P0A3274.dng,84,8,validation,10.287712097167969,14.287712097167969,13.891013145446777,0.3966989517211914,13.287712097167969,15.872674942016602,1,0,1,0.5692403316497803,1,0,0.7880644798278809,0,1
Scene4_t084,1P0A3275.dng,84,9,validation,9.38082218170166,14.287712097167969,15.853126525878906,1.5654144287109375,13.287712097167969,15.872674942016602,1,0,1,0.503447949886322,1,0,0.7880644798278809,0,1
Scene4_t084,1P0A3276.dng,84,10,validation,8.38082218170166,14.287712097167969,15.47408676147461,1.1863746643066406,13.287712097167969,15.872674942016602,1,0,1,0.49538370966911316,0,1,0.7880644798278809,0,1
Scene4_t084,1P0A3277.dng,84,11,validation,7.380821704864502,14.287712097167969,14.899552345275879,0.6118402481079102,13.287712097167969,15.872674942016602,1,0,1,0.49461236596107483,0,1,0.7880644798278809,0,1
Scene4_t084,1P0A3278.dng,84,12,validation,6.321928024291992,14.287712097167969,14.273877143859863,0.013834953308105469,13.287712097167969,15.872674942016602,1,0,1,0.4956413507461548,0,1,0.7880644798278809,0,1
Scene4_t084,1P0A3279.dng,84,13,validation,5.321928024291992,14.287712097167969,13.681468963623047,0.6062431335449219,13.287712097167969,15.872674942016602,1,0,1,0.49698519706726074,0,1,0.7880644798278809,0,1
Scene4_t084,1P0A3280.dng,84,14,validation,4.321928024291992,14.287712097167969,13.08951187133789,1.1982002258300781,13.287712097167969,15.872674942016602,0,0,1,0.49832820892333984,0,1,0.7880644798278809,0,1
Scene4_t085,1P0A3281.dng,85,0,test,17.194602966308594,14.287712097167969,13.69440746307373,0.5933046340942383,12.287712097167969,15.872674942016602,1,0,1,0.8510693907737732,1,0,0.7880644798278809,1,0
Scene4_t085,1P0A3282.dng,85,1,test,16.28771209716797,14.287712097167969,14.136579513549805,0.15113258361816406,12.287712097167969,15.872674942016602,1,0,1,0.8271589875221252,1,0,0.7880644798278809,1,0
Scene4_t085,1P0A3283.dng,85,2,test,15.872674942016602,14.287712097167969,14.303844451904297,0.016132354736328125,12.287712097167969,15.872674942016602,1,0,1,0.809581458568573,1,0,0.7880644798278809,1,0
Scene4_t085,1P0A3284.dng,85,3,test,15.287712097167969,14.287712097167969,14.365601539611816,0.07788944244384766,12.287712097167969,15.872674942016602,1,0,1,0.7924394011497498,1,0,0.7880644798278809,1,0
Scene4_t085,1P0A3285.dng,85,4,test,14.287712097167969,14.287712097167969,14.168768882751465,0.1189432144165039,12.287712097167969,15.872674942016602,1,0,1,0.7455119490623474,1,0,0.7880644798278809,0,1
Scene4_t085,1P0A3286.dng,85,5,test,13.287712097167969,14.287712097167969,13.947412490844727,0.3402996063232422,12.287712097167969,15.872674942016602,1,0,1,0.6737205982208252,1,0,0.7880644798278809,0,1
Scene4_t085,1P0A3287.dng,85,6,test,12.287712097167969,14.287712097167969,14.075303077697754,0.21240901947021484,12.287712097167969,15.872674942016602,1,0,1,0.604710578918457,1,0,0.7880644798278809,0,1
Scene4_t085,1P0A3288.dng,85,7,test,11.287712097167969,14.287712097167969,13.93687915802002,0.3508329391479492,12.287712097167969,15.872674942016602,1,0,1,0.5567545890808105,1,0,0.7880644798278809,0,1
Scene4_t085,1P0A3289.dng,85,8,test,10.287712097167969,14.287712097167969,13.88794231414795,0.39976978302001953,12.287712097167969,15.872674942016602,1,0,1,0.5691786408424377,1,0,0.7880644798278809,0,1
Scene4_t085,1P0A3290.dng,85,9,test,9.38082218170166,14.287712097167969,15.780879974365234,1.4931678771972656,12.287712097167969,15.872674942016602,1,0,1,0.5055232644081116,1,0,0.7880644798278809,0,1
Scene4_t085,1P0A3291.dng,85,10,test,8.38082218170166,14.287712097167969,15.467227935791016,1.1795158386230469,12.287712097167969,15.872674942016602,1,0,1,0.4957749843597412,0,1,0.7880644798278809,0,1
Scene4_t085,1P0A3292.dng,85,11,test,7.380821704864502,14.287712097167969,14.900134086608887,0.612421989440918,12.287712097167969,15.872674942016602,1,0,1,0.4945223331451416,0,1,0.7880644798278809,0,1
Scene4_t085,1P0A3293.dng,85,12,test,6.321928024291992,14.287712097167969,14.273880958557129,0.013831138610839844,12.287712097167969,15.872674942016602,1,0,1,0.49564072489738464,0,1,0.7880644798278809,0,1
Scene4_t085,1P0A3294.dng,85,13,test,5.321928024291992,14.287712097167969,13.681468963623047,0.6062431335449219,12.287712097167969,15.872674942016602,1,0,1,0.49698519706726074,0,1,0.7880644798278809,0,1
Scene4_t085,1P0A3295.dng,85,14,test,4.321928024291992,14.287712097167969,13.08951187133789,1.1982002258300781,12.287712097167969,15.872674942016602,1,0,1,0.49832820892333984,0,1,0.7880644798278809,0,1
Scene4_t086,1P0A3296.dng,86,0,test,17.194602966308594,14.287712097167969,13.687359809875488,0.6003522872924805,12.287712097167969,15.872674942016602,1,0,1,0.8512385487556458,1,0,0.7880644798278809,1,0
Scene4_t086,1P0A3297.dng,86,1,test,16.28771209716797,14.287712097167969,14.126458168029785,0.1612539291381836,12.287712097167969,15.872674942016602,1,0,1,0.8276523947715759,1,0,0.7880644798278809,1,0
Scene4_t086,1P0A3298.dng,86,2,test,15.872674942016602,14.287712097167969,14.301885604858398,0.014173507690429688,12.287712097167969,15.872674942016602,1,0,1,0.809655487537384,1,0,0.7880644798278809,1,0
Scene4_t086,1P0A3299.dng,86,3,test,15.287712097167969,14.287712097167969,14.367144584655762,0.07943248748779297,12.287712097167969,15.872674942016602,1,0,1,0.7925500273704529,1,0,0.7880644798278809,1,0
Scene4_t086,1P0A3300.dng,86,4,test,14.287712097167969,14.287712097167969,14.163257598876953,0.12445449829101562,12.287712097167969,15.872674942016602,1,0,1,0.74608314037323,1,0,0.7880644798278809,0,1
Scene4_t086,1P0A3301.dng,86,5,test,13.287712097167969,14.287712097167969,13.947293281555176,0.34041881561279297,12.287712097167969,15.872674942016602,1,0,1,0.6736170053482056,1,0,0.7880644798278809,0,1
Scene4_t086,1P0A3302.dng,86,6,test,12.287712097167969,14.287712097167969,14.074700355529785,0.2130117416381836,12.287712097167969,15.872674942016602,1,0,1,0.6046964526176453,1,0,0.7880644798278809,0,1
Scene4_t086,1P0A3303.dng,86,7,test,11.287712097167969,14.287712097167969,13.936196327209473,0.3515157699584961,12.287712097167969,15.872674942016602,1,0,1,0.5571054816246033,1,0,0.7880644798278809,0,1
Scene4_t086,1P0A3304.dng,86,8,test,10.287712097167969,14.287712097167969,13.890917778015137,0.39679431915283203,12.287712097167969,15.872674942016602,1,0,1,0.5694114565849304,1,0,0.7880644798278809,0,1
Scene4_t086,1P0A3305.dng,86,9,test,9.38082218170166,14.287712097167969,15.846020698547363,1.5583086013793945,12.287712097167969,15.872674942016602,1,0,1,0.5037181377410889,1,0,0.7880644798278809,0,1
Scene4_t086,1P0A3306.dng,86,10,test,8.38082218170166,14.287712097167969,15.471291542053223,1.183579444885254,12.287712097167969,15.872674942016602,1,0,1,0.49552756547927856,0,1,0.7880644798278809,0,1
Scene4_t086,1P0A3307.dng,86,11,test,7.380821704864502,14.287712097167969,14.900111198425293,0.6123991012573242,12.287712097167969,15.872674942016602,1,0,1,0.49465933442115784,0,1,0.7880644798278809,0,1
Scene4_t086,1P0A3308.dng,86,12,test,6.321928024291992,14.287712097167969,14.273819923400879,0.013892173767089844,12.287712097167969,15.872674942016602,1,0,1,0.4956410527229309,0,1,0.7880644798278809,0,1
Scene4_t086,1P0A3309.dng,86,13,test,5.321928024291992,14.287712097167969,13.681468963623047,0.6062431335449219,12.287712097167969,15.872674942016602,1,0,1,0.49698519706726074,0,1,0.7880644798278809,0,1
Scene4_t086,1P0A3310.dng,86,14,test,4.321928024291992,14.287712097167969,13.08951187133789,1.1982002258300781,12.287712097167969,15.872674942016602,1,0,1,0.49832820892333984,0,1,0.7880644798278809,0,1
Scene4_t087,1P0A3311.dng,87,0,test,17.194602966308594,14.287712097167969,13.696511268615723,0.5912008285522461,12.287712097167969,15.872674942016602,1,0,1,0.8510156273841858,1,0,0.7880644798278809,1,0
Scene4_t087,1P0A3312.dng,87,1,test,16.28771209716797,14.287712097167969,14.119094848632812,0.16861724853515625,12.287712097167969,15.872674942016602,1,0,1,0.8276739716529846,1,0,0.7880644798278809,1,0
Scene4_t087,1P0A3313.dng,87,2,test,15.872674942016602,14.287712097167969,14.296992301940918,0.009280204772949219,12.287712097167969,15.872674942016602,1,0,1,0.8097765445709229,1,0,0.7880644798278809,1,0
Scene4_t087,1P0A3314.dng,87,3,test,15.287712097167969,14.287712097167969,14.363312721252441,0.07560062408447266,12.287712097167969,15.872674942016602,1,0,1,0.7924929857254028,1,0,0.7880644798278809,1,0
Scene4_t087,1P0A3315.dng,87,4,test,14.287712097167969,14.287712097167969,14.172396659851074,0.11531543731689453,12.287712097167969,15.872674942016602,1,0,1,0.7446700930595398,1,0,0.7880644798278809,0,1
Scene4_t087,1P0A3316.dng,87,5,test,13.287712097167969,14.287712097167969,13.944889068603516,0.3428230285644531,12.287712097167969,15.872674942016602,1,0,1,0.6732953786849976,1,0,0.7880644798278809,0,1
Scene4_t087,1P0A3317.dng,87,6,test,12.287712097167969,14.287712097167969,14.072975158691406,0.2147369384765625,12.287712097167969,15.872674942016602,1,0,1,0.6050328612327576,1,0,0.7880644798278809,0,1
Scene4_t087,1P0A3318.dng,87,7,test,11.287712097167969,14.287712097167969,13.93562126159668,0.35209083557128906,12.287712097167969,15.872674942016602,1,0,1,0.5570935606956482,1,0,0.7880644798278809,0,1
Scene4_t087,1P0A3319.dng,87,8,test,10.287712097167969,14.287712097167969,13.877653121948242,0.41005897521972656,12.287712097167969,15.872674942016602,1,0,1,0.5694108009338379,1,0,0.7880644798278809,0,1
Scene4_t087,1P0A3320.dng,87,9,test,9.38082218170166,14.287712097167969,15.797829627990723,1.510117530822754,12.287712097167969,15.872674942016602,1,0,1,0.5050963759422302,1,0,0.7880644798278809,0,1
Scene4_t087,1P0A3321.dng,87,10,test,8.38082218170166,14.287712097167969,15.465335845947266,1.1776237487792969,12.287712097167969,15.872674942016602,1,0,1,0.4957779049873352,0,1,0.7880644798278809,0,1
Scene4_t087,1P0A3322.dng,87,11,test,7.380821704864502,14.287712097167969,14.900409698486328,0.6126976013183594,12.287712097167969,15.872674942016602,1,0,1,0.4946613609790802,0,1,0.7880644798278809,0,1
Scene4_t087,1P0A3323.dng,87,12,test,6.321928024291992,14.287712097167969,14.273869514465332,0.013842582702636719,12.287712097167969,15.872674942016602,1,0,1,0.49564245343208313,0,1,0.7880644798278809,0,1
Scene4_t087,1P0A3324.dng,87,13,test,5.321928024291992,14.287712097167969,13.681468963623047,0.6062431335449219,12.287712097167969,15.872674942016602,1,0,1,0.49698519706726074,0,1,0.7880644798278809,0,1
Scene4_t087,1P0A3325.dng,87,14,test,4.321928024291992,14.287712097167969,13.08951187133789,1.1982002258300781,12.287712097167969,15.872674942016602,1,0,1,0.49832820892333984,0,1,0.7880644798278809,0,1
Scene4_t088,1P0A3326.dng,88,0,test,17.194602966308594,14.287712097167969,13.704383850097656,0.5833282470703125,12.287712097167969,15.872674942016602,1,0,1,0.8508005142211914,1,0,0.7880644798278809,1,0
Scene4_t088,1P0A3327.dng,88,1,test,16.28771209716797,14.287712097167969,14.118045806884766,0.16966629028320312,12.287712097167969,15.872674942016602,1,0,1,0.8277838826179504,1,0,0.7880644798278809,1,0
Scene4_t088,1P0A3328.dng,88,2,test,15.872674942016602,14.287712097167969,14.284603118896484,0.003108978271484375,12.287712097167969,15.872674942016602,1,0,1,0.810217022895813,1,0,0.7880644798278809,1,0
Scene4_t088,1P0A3329.dng,88,3,test,15.287712097167969,14.287712097167969,14.362140655517578,0.07442855834960938,12.287712097167969,15.872674942016602,1,0,1,0.7925378084182739,1,0,0.7880644798278809,1,0
Scene4_t088,1P0A3330.dng,88,4,test,14.287712097167969,14.287712097167969,14.157246589660645,0.13046550750732422,12.287712097167969,15.872674942016602,1,0,1,0.7464867830276489,1,0,0.7880644798278809,0,1
Scene4_t088,1P0A3331.dng,88,5,test,13.287712097167969,14.287712097167969,13.94165325164795,0.34605884552001953,12.287712097167969,15.872674942016602,1,0,1,0.6731708645820618,1,0,0.7880644798278809,0,1
Scene4_t088,1P0A3332.dng,88,6,test,12.287712097167969,14.287712097167969,14.068839073181152,0.2188730239868164,12.287712097167969,15.872674942016602,1,0,1,0.6048945188522339,1,0,0.7880644798278809,0,1
Scene4_t088,1P0A3333.dng,88,7,test,11.287712097167969,14.287712097167969,13.934901237487793,0.3528108596801758,12.287712097167969,15.872674942016602,1,0,1,0.5567151308059692,1,0,0.7880644798278809,0,1
Scene4_t088,1P0A3334.dng,88,8,test,10.287712097167969,14.287712097167969,13.894316673278809,0.39339542388916016,12.287712097167969,15.872674942016602,1,0,1,0.56866455078125,1,0,0.7880644798278809,0,1
Scene4_t088,1P0A3335.dng,88,9,test,9.38082218170166,14.287712097167969,15.789763450622559,1.5020513534545898,12.287712097167969,15.872674942016602,1,0,1,0.5053480863571167,1,0,0.7880644798278809,0,1
Scene4_t088,1P0A3336.dng,88,10,test,8.38082218170166,14.287712097167969,15.465951919555664,1.1782398223876953,12.287712097167969,15.872674942016602,1,0,1,0.49584531784057617,0,1,0.7880644798278809,0,1
Scene4_t088,1P0A3337.dng,88,11,test,7.380821704864502,14.287712097167969,14.899128913879395,0.6114168167114258,12.287712097167969,15.872674942016602,1,0,1,0.49472251534461975,0,1,0.7880644798278809,0,1
Scene4_t088,1P0A3338.dng,88,12,test,6.321928024291992,14.287712097167969,14.273889541625977,0.013822555541992188,12.287712097167969,15.872674942016602,1,0,1,0.4956410527229309,0,1,0.7880644798278809,0,1
Scene4_t088,1P0A3339.dng,88,13,test,5.321928024291992,14.287712097167969,13.681468963623047,0.6062431335449219,12.287712097167969,15.872674942016602,1,0,1,0.49698519706726074,0,1,0.7880644798278809,0,1
Scene4_t088,1P0A3340.dng,88,14,test,4.321928024291992,14.287712097167969,13.08951187133789,1.1982002258300781,12.287712097167969,15.872674942016602,1,0,1,0.49832820892333984,0,1,0.7880644798278809,0,1
Scene4_t089,1P0A3341.dng,89,0,test,17.194602966308594,14.287712097167969,13.685693740844727,0.6020183563232422,12.287712097167969,15.872674942016602,1,0,1,0.8512779474258423,1,0,0.7880644798278809,1,0
Scene4_t089,1P0A3342.dng,89,1,test,16.28771209716797,14.287712097167969,14.122653007507324,0.16505908966064453,12.287712097167969,15.872674942016602,1,0,1,0.8275023102760315,1,0,0.7880644798278809,1,0
Scene4_t089,1P0A3343.dng,89,2,test,15.872674942016602,14.287712097167969,14.287484169006348,0.00022792816162109375,12.287712097167969,15.872674942016602,1,0,1,0.8100557327270508,1,0,0.7880644798278809,1,0
Scene4_t089,1P0A3344.dng,89,3,test,15.287712097167969,14.287712097167969,14.358941078186035,0.0712289810180664,12.287712097167969,15.872674942016602,1,0,1,0.7925286293029785,1,0,0.7880644798278809,1,0
Scene4_t089,1P0A3345.dng,89,4,test,14.287712097167969,14.287712097167969,14.159159660339355,0.12855243682861328,12.287712097167969,15.872674942016602,1,0,1,0.7460952401161194,1,0,0.7880644798278809,0,1
Scene4_t089,1P0A3346.dng,89,5,test,13.287712097167969,14.287712097167969,13.938834190368652,0.3488779067993164,12.287712097167969,15.872674942016602,1,0,1,0.6730941534042358,1,0,0.7880644798278809,0,1
Scene4_t089,1P0A3347.dng,89,6,test,12.287712097167969,14.287712097167969,14.068096160888672,0.21961593627929688,12.287712097167969,15.872674942016602,1,0,1,0.6049143075942993,1,0,0.7880644798278809,0,1
Scene4_t089,1P0A3348.dng,89,7,test,11.287712097167969,14.287712097167969,13.938316345214844,0.349395751953125,12.287712097167969,15.872674942016602,1,0,1,0.5542179942131042,1,0,0.7880644798278809,0,1
Scene4_t089,1P0A3349.dng,89,8,test,10.287712097167969,14.287712097167969,13.881136894226074,0.40657520294189453,12.287712097167969,15.872674942016602,1,0,1,0.5688415765762329,1,0,0.7880644798278809,0,1
Scene4_t089,1P0A3350.dng,89,9,test,9.38082218170166,14.287712097167969,15.78815746307373,1.5004453659057617,12.287712097167969,15.872674942016602,1,0,1,0.5054353475570679,1,0,0.7880644798278809,0,1
Scene4_t089,1P0A3351.dng,89,10,test,8.38082218170166,14.287712097167969,15.466158866882324,1.1784467697143555,12.287712097167969,15.872674942016602,1,0,1,0.4957638680934906,0,1,0.7880644798278809,0,1
Scene4_t089,1P0A3352.dng,89,11,test,7.380821704864502,14.287712097167969,14.900731086730957,0.6130189895629883,12.287712097167969,15.872674942016602,1,0,1,0.49461662769317627,0,1,0.7880644798278809,0,1
Scene4_t089,1P0A3353.dng,89,12,test,6.321928024291992,14.287712097167969,14.273873329162598,0.013838768005371094,12.287712097167969,15.872674942016602,1,0,1,0.49564129114151,0,1,0.7880644798278809,0,1
Scene4_t089,1P0A3354.dng,89,13,test,5.321928024291992,14.287712097167969,13.681468963623047,0.6062431335449219,12.287712097167969,15.872674942016602,1,0,1,0.49698519706726074,0,1,0.7880644798278809,0,1
Scene4_t089,1P0A3355.dng,89,14,test,4.321928024291992,14.287712097167969,13.08951187133789,1.1982002258300781,12.287712097167969,15.872674942016602,1,0,1,0.49832820892333984,0,1,0.7880644798278809,0,1
Scene4_t090,1P0A3356.dng,90,0,test,17.194602966308594,12.287712097167969,13.525877952575684,1.2381658554077148,11.287712097167969,13.287712097167969,0,1,1,0.853593647480011,1,1,0.7880644798278809,1,1
Scene4_t090,1P0A3357.dng,90,1,test,16.28771209716797,12.287712097167969,13.205618858337402,0.9179067611694336,11.287712097167969,13.287712097167969,1,1,1,0.8516258001327515,1,1,0.7880644798278809,1,1
Scene4_t090,1P0A3358.dng,90,2,test,15.872674942016602,12.287712097167969,13.084802627563477,0.7970905303955078,11.287712097167969,13.287712097167969,1,1,1,0.8507618308067322,1,1,0.7880644798278809,1,1
Scene4_t090,1P0A3359.dng,90,3,test,15.287712097167969,12.287712097167969,13.017297744750977,0.7295856475830078,11.287712097167969,13.287712097167969,1,1,1,0.849568247795105,1,1,0.7880644798278809,1,1
Scene4_t090,1P0A3360.dng,90,4,test,14.287712097167969,12.287712097167969,12.952580451965332,0.6648683547973633,11.287712097167969,13.287712097167969,1,1,1,0.8490070104598999,1,1,0.7880644798278809,1,1
Scene4_t090,1P0A3361.dng,90,5,test,13.287712097167969,12.287712097167969,12.87765884399414,0.5899467468261719,11.287712097167969,13.287712097167969,1,1,1,0.8445723056793213,1,1,0.7880644798278809,1,1
Scene4_t090,1P0A3362.dng,90,6,test,12.287712097167969,12.287712097167969,12.8230619430542,0.5353498458862305,11.287712097167969,13.287712097167969,1,1,1,0.8337812423706055,1,1,0.7880644798278809,1,1
Scene4_t090,1P0A3363.dng,90,7,test,11.287712097167969,12.287712097167969,12.708060264587402,0.4203481674194336,11.287712097167969,13.287712097167969,1,1,1,0.8170165419578552,1,1,0.7880644798278809,1,1
Scene4_t090,1P0A3364.dng,90,8,test,10.287712097167969,12.287712097167969,12.467638969421387,0.17992687225341797,11.287712097167969,13.287712097167969,1,1,1,0.7899446487426758,1,1,0.7880644798278809,1,1
Scene4_t090,1P0A3365.dng,90,9,test,9.38082218170166,12.287712097167969,12.323676109313965,0.035964012145996094,11.287712097167969,13.287712097167969,1,1,1,0.7473485469818115,1,1,0.7880644798278809,0,0
Scene4_t090,1P0A3366.dng,90,10,test,8.38082218170166,12.287712097167969,12.23620891571045,0.05150318145751953,11.287712097167969,13.287712097167969,1,1,1,0.6975685954093933,1,1,0.7880644798278809,0,0
Scene4_t090,1P0A3367.dng,90,11,test,7.380821704864502,12.287712097167969,12.2232084274292,0.06450366973876953,11.287712097167969,13.287712097167969,1,1,1,0.654032289981842,1,1,0.7880644798278809,0,0
Scene4_t090,1P0A3368.dng,90,12,test,6.321928024291992,12.287712097167969,12.3357572555542,0.04804515838623047,11.287712097167969,13.287712097167969,1,1,1,0.6053398251533508,1,1,0.7880644798278809,0,0
Scene4_t090,1P0A3369.dng,90,13,test,5.321928024291992,12.287712097167969,12.40280818939209,0.1150960922241211,11.287712097167969,13.287712097167969,1,1,1,0.5670745372772217,1,1,0.7880644798278809,0,0
Scene4_t090,1P0A3370.dng,90,14,test,4.321928024291992,12.287712097167969,12.099625587463379,0.18808650970458984,11.287712097167969,13.287712097167969,1,1,1,0.5358933210372925,1,1,0.7880644798278809,0,0
Scene4_t091,1P0A3371.dng,91,0,test,17.194602966308594,12.287712097167969,13.53281307220459,1.245100975036621,11.287712097167969,13.287712097167969,0,1,1,0.8536555767059326,1,1,0.7880644798278809,1,1
Scene4_t091,1P0A3372.dng,91,1,test,16.28771209716797,12.287712097167969,13.252333641052246,0.9646215438842773,11.287712097167969,13.287712097167969,1,1,1,0.8519394993782043,1,1,0.7880644798278809,1,1
Scene4_t091,1P0A3373.dng,91,2,test,15.872674942016602,12.287712097167969,13.174874305725098,0.8871622085571289,11.287712097167969,13.287712097167969,1,1,1,0.8512111902236938,1,1,0.7880644798278809,1,1
Scene4_t091,1P0A3374.dng,91,3,test,15.287712097167969,12.287712097167969,13.132779121398926,0.845067024230957,11.287712097167969,13.287712097167969,1,1,1,0.8498502373695374,1,1,0.7880644798278809,1,1
Scene4_t091,1P0A3375.dng,91,4,test,14.287712097167969,12.287712097167969,13.069921493530273,0.7822093963623047,11.287712097167969,13.287712097167969,1,1,1,0.848479688167572,1,1,0.7880644798278809,1,1
Scene4_t091,1P0A3376.dng,91,5,test,13.287712097167969,12.287712097167969,13.035630226135254,0.7479181289672852,11.287712097167969,13.287712097167969,1,1,1,0.8401980400085449,1,1,0.7880644798278809,1,1
Scene4_t091,1P0A3377.dng,91,6,test,12.287712097167969,12.287712097167969,13.003495216369629,0.7157831192016602,11.287712097167969,13.287712097167969,1,1,1,0.8252060413360596,1,1,0.7880644798278809,1,1
Scene4_t091,1P0A3378.dng,91,7,test,11.287712097167969,12.287712097167969,12.825966835021973,0.5382547378540039,11.287712097167969,13.287712097167969,1,1,1,0.8061974048614502,1,1,0.7880644798278809,1,1
Scene4_t091,1P0A3379.dng,91,8,test,10.287712097167969,12.287712097167969,12.561209678649902,0.2734975814819336,11.287712097167969,13.287712097167969,1,1,1,0.7708747982978821,1,1,0.7880644798278809,0,0
Scene4_t091,1P0A3380.dng,91,9,test,9.38082218170166,12.287712097167969,12.375243186950684,0.08753108978271484,11.287712097167969,13.287712097167969,1,1,1,0.7303676605224609,1,1,0.7880644798278809,0,0
Scene4_t091,1P0A3381.dng,91,10,test,8.38082218170166,12.287712097167969,12.366989135742188,0.07927703857421875,11.287712097167969,13.287712097167969,1,1,1,0.6820578575134277,1,1,0.7880644798278809,0,0
Scene4_t091,1P0A3382.dng,91,11,test,7.380821704864502,12.287712097167969,12.336565971374512,0.04885387420654297,11.287712097167969,13.287712097167969,1,1,1,0.6417413353919983,1,1,0.7880644798278809,0,0
Scene4_t091,1P0A3383.dng,91,12,test,6.321928024291992,12.287712097167969,12.406472206115723,0.1187601089477539,11.287712097167969,13.287712097167969,1,1,1,0.5983173847198486,1,1,0.7880644798278809,0,0
Scene4_t091,1P0A3384.dng,91,13,test,5.321928024291992,12.287712097167969,12.501595497131348,0.2138833999633789,11.287712097167969,13.287712097167969,1,1,1,0.5607977509498596,1,1,0.7880644798278809,0,0
Scene4_t091,1P0A3385.dng,91,14,test,4.321928024291992,12.287712097167969,12.416448593139648,0.1287364959716797,11.287712097167969,13.287712097167969,1,1,1,0.5300283432006836,1,1,0.7880644798278809,0,0
Scene4_t092,1P0A3386.dng,92,0,test,17.194602966308594,12.287712097167969,13.534131050109863,1.2464189529418945,11.287712097167969,13.287712097167969,0,1,1,0.8536685109138489,1,1,0.7880644798278809,1,1
Scene4_t092,1P0A3387.dng,92,1,test,16.28771209716797,12.287712097167969,13.25617504119873,0.9684629440307617,11.287712097167969,13.287712097167969,1,1,1,0.8519406318664551,1,1,0.7880644798278809,1,1
Scene4_t092,1P0A3388.dng,92,2,test,15.872674942016602,12.287712097167969,13.180060386657715,0.8923482894897461,11.287712097167969,13.287712097167969,1,1,1,0.8512333631515503,1,1,0.7880644798278809,1,1
Scene4_t092,1P0A3389.dng,92,3,test,15.287712097167969,12.287712097167969,13.146757125854492,0.8590450286865234,11.287712097167969,13.287712097167969,1,1,1,0.8498508334159851,1,1,0.7880644798278809,1,1
Scene4_t092,1P0A3390.dng,92,4,test,14.287712097167969,12.287712097167969,13.080595016479492,0.7928829193115234,11.287712097167969,13.287712097167969,1,1,1,0.8482869863510132,1,1,0.7880644798278809,1,1
Scene4_t092,1P0A3391.dng,92,5,test,13.287712097167969,12.287712097167969,13.04890251159668,0.7611904144287109,11.287712097167969,13.287712097167969,1,1,1,0.8399671912193298,1,1,0.7880644798278809,1,1
Scene4_t092,1P0A3392.dng,92,6,test,12.287712097167969,12.287712097167969,13.004867553710938,0.7171554565429688,11.287712097167969,13.287712097167969,1,1,1,0.825107753276825,1,1,0.7880644798278809,1,1
Scene4_t092,1P0A3393.dng,92,7,test,11.287712097167969,12.287712097167969,12.833314895629883,0.5456027984619141,11.287712097167969,13.287712097167969,1,1,1,0.8046272397041321,1,1,0.7880644798278809,1,1
Scene4_t092,1P0A3394.dng,92,8,test,10.287712097167969,12.287712097167969,12.563705444335938,0.27599334716796875,11.287712097167969,13.287712097167969,1,1,1,0.7685755491256714,1,1,0.7880644798278809,0,0
Scene4_t092,1P0A3395.dng,92,9,test,9.38082218170166,12.287712097167969,12.384475708007812,0.09676361083984375,11.287712097167969,13.287712097167969,1,1,1,0.7273576259613037,1,1,0.7880644798278809,0,0
Scene4_t092,1P0A3396.dng,92,10,test,8.38082218170166,12.287712097167969,12.364449501037598,0.0767374038696289,11.287712097167969,13.287712097167969,1,1,1,0.6801865696907043,1,1,0.7880644798278809,0,0
Scene4_t092,1P0A3397.dng,92,11,test,7.380821704864502,12.287712097167969,12.360283851623535,0.0725717544555664,11.287712097167969,13.287712097167969,1,1,1,0.6403475403785706,1,1,0.7880644798278809,0,0
Scene4_t092,1P0A3398.dng,92,12,test,6.321928024291992,12.287712097167969,12.511103630065918,0.22339153289794922,11.287712097167969,13.287712097167969,1,1,1,0.5936513543128967,1,1,0.7880644798278809,0,0
Scene4_t092,1P0A3399.dng,92,13,test,5.321928024291992,12.287712097167969,12.530190467834473,0.2424783706665039,11.287712097167969,13.287712097167969,1,1,1,0.5586228370666504,1,1,0.7880644798278809,0,0
Scene4_t092,1P0A3400.dng,92,14,test,4.321928024291992,12.287712097167969,12.507306098937988,0.21959400177001953,11.287712097167969,13.287712097167969,1,1,1,0.5404872298240662,1,1,0.7880644798278809,0,0
Scene4_t093,1P0A3401.dng,93,0,test,17.194602966308594,12.287712097167969,13.534880638122559,1.2471685409545898,11.287712097167969,13.287712097167969,0,1,1,0.8536787033081055,1,1,0.7880644798278809,1,1
Scene4_t093,1P0A3402.dng,93,1,test,16.28771209716797,12.287712097167969,13.260254859924316,0.9725427627563477,11.287712097167969,13.287712097167969,1,1,1,0.8519651889801025,1,1,0.7880644798278809,1,1
Scene4_t093,1P0A3403.dng,93,2,test,15.872674942016602,12.287712097167969,13.184479713439941,0.8967676162719727,11.287712097167969,13.287712097167969,1,1,1,0.8512769341468811,1,1,0.7880644798278809,1,1
Scene4_t093,1P0A3404.dng,93,3,test,15.287712097167969,12.287712097167969,13.14803695678711,0.8603248596191406,11.287712097167969,13.287712097167969,1,1,1,0.8498934507369995,1,1,0.7880644798278809,1,1
Scene4_t093,1P0A3405.dng,93,4,test,14.287712097167969,12.287712097167969,13.09154987335205,0.803837776184082,11.287712097167969,13.287712097167969,1,1,1,0.8479863405227661,1,1,0.7880644798278809,1,1
Scene4_t093,1P0A3406.dng,93,5,test,13.287712097167969,12.287712097167969,13.069273948669434,0.7815618515014648,11.287712097167969,13.287712097167969,1,1,1,0.8396379947662354,1,1,0.7880644798278809,1,1
Scene4_t093,1P0A3407.dng,93,6,test,12.287712097167969,12.287712097167969,13.031926155090332,0.7442140579223633,11.287712097167969,13.287712097167969,1,1,1,0.823986828327179,1,1,0.7880644798278809,1,1
Scene4_t093,1P0A3408.dng,93,7,test,11.287712097167969,12.287712097167969,12.85944652557373,0.5717344284057617,11.287712097167969,13.287712097167969,1,1,1,0.8010901808738708,1,1,0.7880644798278809,1,1
Scene4_t093,1P0A3409.dng,93,8,test,10.287712097167969,12.287712097167969,12.576505661010742,0.28879356384277344,11.287712097167969,13.287712097167969,1,1,1,0.7638340592384338,1,1,0.7880644798278809,0,0
Scene4_t093,1P0A3410.dng,93,9,test,9.38082218170166,12.287712097167969,12.369894981384277,0.0821828842163086,11.287712097167969,13.287712097167969,1,1,1,0.7234815359115601,1,1,0.7880644798278809,0,0
Scene4_t093,1P0A3411.dng,93,10,test,8.38082218170166,12.287712097167969,12.374839782714844,0.087127685546875,11.287712097167969,13.287712097167969,1,1,1,0.6766049861907959,1,1,0.7880644798278809,0,0
Scene4_t093,1P0A3412.dng,93,11,test,7.380821704864502,12.287712097167969,12.405169486999512,0.11745738983154297,11.287712097167969,13.287712097167969,1,1,1,0.634533703327179,1,1,0.7880644798278809,0,0
Scene4_t093,1P0A3413.dng,93,12,test,6.321928024291992,12.287712097167969,12.446484565734863,0.15877246856689453,11.287712097167969,13.287712097167969,1,1,1,0.5947132110595703,1,1,0.7880644798278809,0,0
Scene4_t093,1P0A3414.dng,93,13,test,5.321928024291992,12.287712097167969,12.501017570495605,0.21330547332763672,11.287712097167969,13.287712097167969,1,1,1,0.5584465861320496,1,1,0.7880644798278809,0,0
Scene4_t093,1P0A3415.dng,93,14,test,4.321928024291992,12.287712097167969,12.317173957824707,0.02946186065673828,11.287712097167969,13.287712097167969,1,1,1,0.5289045572280884,1,1,0.7880644798278809,0,0
Scene4_t094,1P0A3416.dng,94,0,test,17.194602966308594,12.287712097167969,13.534930229187012,1.247218132019043,11.287712097167969,13.287712097167969,0,1,1,0.8536803722381592,1,1,0.7880644798278809,1,1
Scene4_t094,1P0A3417.dng,94,1,test,16.28771209716797,12.287712097167969,13.274067878723145,0.9863557815551758,11.287712097167969,13.287712097167969,1,1,1,0.8520368933677673,1,1,0.7880644798278809,1,1
Scene4_t094,1P0A3418.dng,94,2,test,15.872674942016602,12.287712097167969,13.19724178314209,0.9095296859741211,11.287712097167969,13.287712097167969,1,1,1,0.8513274788856506,1,1,0.7880644798278809,1,1
Scene4_t094,1P0A3419.dng,94,3,test,15.287712097167969,12.287712097167969,13.160612106323242,0.8729000091552734,11.287712097167969,13.287712097167969,1,1,1,0.8499667048454285,1,1,0.7880644798278809,1,1
Scene4_t094,1P0A3420.dng,94,4,test,14.287712097167969,12.287712097167969,13.118842124938965,0.8311300277709961,11.287712097167969,13.287712097167969,1,1,1,0.8475256562232971,1,1,0.7880644798278809,1,1
Scene4_t094,1P0A3421.dng,94,5,test,13.287712097167969,12.287712097167969,13.128874778747559,0.8411626815795898,11.287712097167969,13.287712097167969,1,1,1,0.8382983803749084,1,1,0.7880644798278809,1,1
Scene4_t094,1P0A3422.dng,94,6,test,12.287712097167969,12.287712097167969,13.071688652038574,0.7839765548706055,11.287712097167969,13.287712097167969,1,1,1,0.8217723965644836,1,1,0.7880644798278809,1,1
Scene4_t094,1P0A3423.dng,94,7,test,11.287712097167969,12.287712097167969,12.866448402404785,0.5787363052368164,11.287712097167969,13.287712097167969,1,1,1,0.798182487487793,1,1,0.7880644798278809,1,1
Scene4_t094,1P0A3424.dng,94,8,test,10.287712097167969,12.287712097167969,12.59737491607666,0.3096628189086914,11.287712097167969,13.287712097167969,1,1,1,0.7563014030456543,1,1,0.7880644798278809,0,0
Scene4_t094,1P0A3425.dng,94,9,test,9.38082218170166,12.287712097167969,12.428817749023438,0.14110565185546875,11.287712097167969,13.287712097167969,1,1,1,0.7157440781593323,1,1,0.7880644798278809,0,0
Scene4_t094,1P0A3426.dng,94,10,test,8.38082218170166,12.287712097167969,12.431153297424316,0.14344120025634766,11.287712097167969,13.287712097167969,1,1,1,0.6691229939460754,1,1,0.7880644798278809,0,0
Scene4_t094,1P0A3427.dng,94,11,test,7.380821704864502,12.287712097167969,12.432121276855469,0.1444091796875,11.287712097167969,13.287712097167969,1,1,1,0.6299741864204407,1,1,0.7880644798278809,0,0
Scene4_t094,1P0A3428.dng,94,12,test,6.321928024291992,12.287712097167969,12.529183387756348,0.2414712905883789,11.287712097167969,13.287712097167969,1,1,1,0.5901400446891785,1,1,0.7880644798278809,0,0
Scene4_t094,1P0A3429.dng,94,13,test,5.321928024291992,12.287712097167969,12.561524391174316,0.27381229400634766,11.287712097167969,13.287712097167969,1,1,1,0.5534622669219971,1,1,0.7880644798278809,0,0
Scene4_t094,1P0A3430.dng,94,14,test,4.321928024291992,12.287712097167969,12.590834617614746,0.30312252044677734,11.287712097167969,13.287712097167969,1,1,1,0.5339272618293762,1,1,0.7880644798278809,0,0
Scene4_t095,1P0A3431.dng,95,0,test,17.194602966308594,12.287712097167969,13.537099838256836,1.2493877410888672,11.287712097167969,13.287712097167969,0,1,1,0.8537007570266724,1,1,0.7880644798278809,1,1
Scene4_t095,1P0A3432.dng,95,1,test,16.28771209716797,12.287712097167969,13.294207572937012,1.006495475769043,11.287712097167969,13.287712097167969,0,1,1,0.8521901369094849,1,1,0.7880644798278809,1,1
Scene4_t095,1P0A3433.dng,95,2,test,15.872674942016602,12.287712097167969,13.212904930114746,0.9251928329467773,11.287712097167969,13.287712097167969,1,1,1,0.8514306545257568,1,1,0.7880644798278809,1,1
Scene4_t095,1P0A3434.dng,95,3,test,15.287712097167969,12.287712097167969,13.186273574829102,0.8985614776611328,11.287712097167969,13.287712097167969,1,1,1,0.8501438498497009,1,1,0.7880644798278809,1,1
Scene4_t095,1P0A3435.dng,95,4,test,14.287712097167969,12.287712097167969,13.163092613220215,0.8753805160522461,11.287712097167969,13.287712097167969,1,1,1,0.8467634916305542,1,1,0.7880644798278809,1,1
Scene4_t095,1P0A3436.dng,95,5,test,13.287712097167969,12.287712097167969,13.1685152053833,0.880803108215332,11.287712097167969,13.287712097167969,1,1,1,0.8370726704597473,1,1,0.7880644798278809,1,1
Scene4_t095,1P0A3437.dng,95,6,test,12.287712097167969,12.287712097167969,13.116539001464844,0.828826904296875,11.287712097167969,13.287712097167969,1,1,1,0.8185408711433411,1,1,0.7880644798278809,1,1
Scene4_t095,1P0A3438.dng,95,7,test,11.287712097167969,12.287712097167969,12.889354705810547,0.6016426086425781,11.287712097167969,13.287712097167969,1,1,1,0.7926709055900574,1,1,0.7880644798278809,1,1
Scene4_t095,1P0A3439.dng,95,8,test,10.287712097167969,12.287712097167969,12.616358757019043,0.3286466598510742,11.287712097167969,13.287712097167969,1,1,1,0.7501127123832703,1,1,0.7880644798278809,0,0
Scene4_t095,1P0A3440.dng,95,9,test,9.38082218170166,12.287712097167969,12.479731559753418,0.19201946258544922,11.287712097167969,13.287712097167969,1,1,1,0.7075581550598145,1,1,0.7880644798278809,0,0
Scene4_t095,1P0A3441.dng,95,10,test,8.38082218170166,12.287712097167969,12.462970733642578,0.17525863647460938,11.287712097167969,13.287712097167969,1,1,1,0.6639360785484314,1,1,0.7880644798278809,0,0
Scene4_t095,1P0A3442.dng,95,11,test,7.380821704864502,12.287712097167969,12.57247543334961,0.2847633361816406,11.287712097167969,13.287712097167969,1,1,1,0.6201919317245483,1,1,0.7880644798278809,0,0
Scene4_t095,1P0A3443.dng,95,12,test,6.321928024291992,12.287712097167969,12.633177757263184,0.34546566009521484,11.287712097167969,13.287712097167969,1,1,1,0.5816484093666077,1,1,0.7880644798278809,0,0
Scene4_t095,1P0A3444.dng,95,13,test,5.321928024291992,12.287712097167969,12.657708168029785,0.3699960708618164,11.287712097167969,13.287712097167969,1,1,1,0.5478101968765259,1,1,0.7880644798278809,0,0
Scene4_t095,1P0A3445.dng,95,14,test,4.321928024291992,12.287712097167969,12.450614929199219,0.16290283203125,11.287712097167969,13.287712097167969,1,1,1,0.5233241319656372,1,1,0.7880644798278809,0,0
Scene4_t096,1P0A3446.dng,96,0,test,17.194602966308594,12.287712097167969,13.541470527648926,1.253758430480957,11.287712097167969,13.287712097167969,0,1,1,0.853729248046875,1,1,0.7880644798278809,1,1
Scene4_t096,1P0A3447.dng,96,1,test,16.28771209716797,12.287712097167969,13.313521385192871,1.0258092880249023,11.287712097167969,13.287712097167969,0,1,1,0.8523380756378174,1,1,0.7880644798278809,1,1
Scene4_t096,1P0A3448.dng,96,2,test,15.872674942016602,12.287712097167969,13.239645004272461,0.9519329071044922,11.287712097167969,13.287712097167969,1,1,1,0.8515493273735046,1,1,0.7880644798278809,1,1
Scene4_t096,1P0A3449.dng,96,3,test,15.287712097167969,12.287712097167969,13.217074394226074,0.9293622970581055,11.287712097167969,13.287712097167969,1,1,1,0.8503674864768982,1,1,0.7880644798278809,1,1
Scene4_t096,1P0A3450.dng,96,4,test,14.287712097167969,12.287712097167969,13.217188835144043,0.9294767379760742,11.287712097167969,13.287712097167969,1,1,1,0.845771849155426,1,1,0.7880644798278809,1,1
Scene4_t096,1P0A3451.dng,96,5,test,13.287712097167969,12.287712097167969,13.25167179107666,0.9639596939086914,11.287712097167969,13.287712097167969,1,1,1,0.8343884944915771,1,1,0.7880644798278809,1,1
Scene4_t096,1P0A3452.dng,96,6,test,12.287712097167969,12.287712097167969,13.167354583740234,0.8796424865722656,11.287712097167969,13.287712097167969,1,1,1,0.813834011554718,1,1,0.7880644798278809,1,1
Scene4_t096,1P0A3453.dng,96,7,test,11.287712097167969,12.287712097167969,12.926548957824707,0.6388368606567383,11.287712097167969,13.287712097167969,1,1,1,0.7841970920562744,1,1,0.7880644798278809,0,0
Scene4_t096,1P0A3454.dng,96,8,test,10.287712097167969,12.287712097167969,12.65122127532959,0.3635091781616211,11.287712097167969,13.287712097167969,1,1,1,0.7408601641654968,1,1,0.7880644798278809,0,0
Scene4_t096,1P0A3455.dng,96,9,test,9.38082218170166,12.287712097167969,12.532486915588379,0.24477481842041016,11.287712097167969,13.287712097167969,1,1,1,0.6984689831733704,1,1,0.7880644798278809,0,0
Scene4_t096,1P0A3456.dng,96,10,test,8.38082218170166,12.287712097167969,12.580111503601074,0.29239940643310547,11.287712097167969,13.287712097167969,1,1,1,0.6538164019584656,1,1,0.7880644798278809,0,0
Scene4_t096,1P0A3457.dng,96,11,test,7.380821704864502,12.287712097167969,12.648033142089844,0.360321044921875,11.287712097167969,13.287712097167969,1,1,1,0.6124558448791504,1,1,0.7880644798278809,0,0
Scene4_t096,1P0A3458.dng,96,12,test,6.321928024291992,12.287712097167969,12.75800609588623,0.4702939987182617,11.287712097167969,13.287712097167969,1,1,1,0.5732799768447876,1,1,0.7880644798278809,0,0
Scene4_t096,1P0A3459.dng,96,13,test,5.321928024291992,12.287712097167969,12.755206108093262,0.46749401092529297,11.287712097167969,13.287712097167969,1,1,1,0.5414255261421204,1,1,0.7880644798278809,0,0
Scene4_t096,1P0A3460.dng,96,14,test,4.321928024291992,12.287712097167969,12.423457145690918,0.13574504852294922,11.287712097167969,13.287712097167969,1,1,1,0.5190994739532471,1,1,0.7880644798278809,0,0
Scene4_t097,1P0A3461.dng,97,0,test,17.194602966308594,13.287712097167969,13.546622276306152,0.2589101791381836,11.287712097167969,14.287712097167969,1,1,1,0.8537780046463013,1,1,0.7880644798278809,1,1
Scene4_t097,1P0A3462.dng,97,1,test,16.28771209716797,13.287712097167969,13.337672233581543,0.04996013641357422,11.287712097167969,14.287712097167969,1,1,1,0.8525170087814331,1,1,0.7880644798278809,1,1
Scene4_t097,1P0A3463.dng,97,2,test,15.872674942016602,13.287712097167969,13.257200241088867,0.030511856079101562,11.287712097167969,14.287712097167969,1,1,1,0.8516381978988647,1,1,0.7880644798278809,1,1
Scene4_t097,1P0A3464.dng,97,3,test,15.287712097167969,13.287712097167969,13.254324913024902,0.033387184143066406,11.287712097167969,14.287712097167969,1,1,1,0.8503378033638,1,1,0.7880644798278809,1,1
Scene4_t097,1P0A3465.dng,97,4,test,14.287712097167969,13.287712097167969,13.272931098937988,0.014780998229980469,11.287712097167969,14.287712097167969,1,1,1,0.8444252014160156,1,1,0.7880644798278809,1,1
Scene4_t097,1P0A3466.dng,97,5,test,13.287712097167969,13.287712097167969,13.3102388381958,0.02252674102783203,11.287712097167969,14.287712097167969,1,1,1,0.83209627866745,1,1,0.7880644798278809,1,1
Scene4_t097,1P0A3467.dng,97,6,test,12.287712097167969,13.287712097167969,13.210211753845215,0.0775003433227539,11.287712097167969,14.287712097167969,1,1,1,0.8094720840454102,1,1,0.7880644798278809,1,1
Scene4_t097,1P0A3468.dng,97,7,test,11.287712097167969,13.287712097167969,12.963092803955078,0.3246192932128906,11.287712097167969,14.287712097167969,1,1,1,0.7753993272781372,1,1,0.7880644798278809,0,0
Scene4_t097,1P0A3469.dng,97,8,test,10.287712097167969,13.287712097167969,12.681544303894043,0.6061677932739258,11.287712097167969,14.287712097167969,1,1,1,0.7328811287879944,1,1,0.7880644798278809,0,0
Scene4_t097,1P0A3470.dng,97,9,test,9.38082218170166,13.287712097167969,12.559293746948242,0.7284183502197266,11.287712097167969,14.287712097167969,1,1,1,0.6915636658668518,1,1,0.7880644798278809,0,0
Scene4_t097,1P0A3471.dng,97,10,test,8.38082218170166,13.287712097167969,12.648571968078613,0.6391401290893555,11.287712097167969,14.287712097167969,1,1,1,0.6480815410614014,1,1,0.7880644798278809,0,0
Scene4_t097,1P0A3472.dng,97,11,test,7.380821704864502,13.287712097167969,12.8225736618042,0.46513843536376953,11.287712097167969,14.287712097167969,1,1,1,0.6038215160369873,1,1,0.7880644798278809,0,0
Scene4_t097,1P0A3473.dng,97,12,test,6.321928024291992,13.287712097167969,12.884552955627441,0.40315914154052734,11.287712097167969,14.287712097167969,1,1,1,0.5663360953330994,1,1,0.7880644798278809,0,0
Scene4_t097,1P0A3474.dng,97,13,test,5.321928024291992,13.287712097167969,12.78783893585205,0.49987316131591797,11.287712097167969,14.287712097167969,1,1,1,0.5386841893196106,1,1,0.7880644798278809,0,0
Scene4_t097,1P0A3475.dng,97,14,test,4.321928024291992,13.287712097167969,12.479196548461914,0.8085155487060547,11.287712097167969,14.287712097167969,1,1,1,0.5185483694076538,1,1,0.7880644798278809,0,0
Scene4_t098,1P0A3476.dng,98,0,test,17.194602966308594,13.287712097167969,13.551253318786621,0.26354122161865234,11.287712097167969,14.287712097167969,1,1,1,0.8538212776184082,1,1,0.7880644798278809,1,1
Scene4_t098,1P0A3477.dng,98,1,test,16.28771209716797,13.287712097167969,13.346510887145996,0.058798789978027344,11.287712097167969,14.287712097167969,1,1,1,0.8525737524032593,1,1,0.7880644798278809,1,1
Scene4_t098,1P0A3478.dng,98,2,test,15.872674942016602,13.287712097167969,13.286643981933594,0.001068115234375,11.287712097167969,14.287712097167969,1,1,1,0.8516685366630554,1,1,0.7880644798278809,1,1
Scene4_t098,1P0A3479.dng,98,3,test,15.287712097167969,13.287712097167969,13.292882919311523,0.0051708221435546875,11.287712097167969,14.287712097167969,1,1,1,0.8502369523048401,1,1,0.7880644798278809,1,1
Scene4_t098,1P0A3480.dng,98,4,test,14.287712097167969,13.287712097167969,13.29916000366211,0.011447906494140625,11.287712097167969,14.287712097167969,1,1,1,0.8439666032791138,1,1,0.7880644798278809,1,1
Scene4_t098,1P0A3481.dng,98,5,test,13.287712097167969,13.287712097167969,13.357195854187012,0.06948375701904297,11.287712097167969,14.287712097167969,1,1,1,0.8300521969795227,1,1,0.7880644798278809,1,1
Scene4_t098,1P0A3482.dng,98,6,test,12.287712097167969,13.287712097167969,13.229813575744629,0.057898521423339844,11.287712097167969,14.287712097167969,1,1,1,0.8065367937088013,1,1,0.7880644798278809,1,1
Scene4_t098,1P0A3483.dng,98,7,test,11.287712097167969,13.287712097167969,12.979130744934082,0.3085813522338867,11.287712097167969,14.287712097167969,1,1,1,0.7710615992546082,1,1,0.7880644798278809,0,0
Scene4_t098,1P0A3484.dng,98,8,test,10.287712097167969,13.287712097167969,12.690680503845215,0.5970315933227539,11.287712097167969,14.287712097167969,1,1,1,0.7289643287658691,1,1,0.7880644798278809,0,0
Scene4_t098,1P0A3485.dng,98,9,test,9.38082218170166,13.287712097167969,12.583454132080078,0.7042579650878906,11.287712097167969,14.287712097167969,1,1,1,0.686869204044342,1,1,0.7880644798278809,0,0
Scene4_t098,1P0A3486.dng,98,10,test,8.38082218170166,13.287712097167969,12.659716606140137,0.627995491027832,11.287712097167969,14.287712097167969,1,1,1,0.6475387811660767,1,1,0.7880644798278809,0,0
Scene4_t098,1P0A3487.dng,98,11,test,7.380821704864502,13.287712097167969,12.854509353637695,0.43320274353027344,11.287712097167969,14.287712097167969,1,1,1,0.6015989780426025,1,1,0.7880644798278809,0,0
Scene4_t098,1P0A3488.dng,98,12,test,6.321928024291992,13.287712097167969,12.903368949890137,0.38434314727783203,11.287712097167969,14.287712097167969,1,1,1,0.5649409294128418,1,1,0.7880644798278809,0,0
Scene4_t098,1P0A3489.dng,98,13,test,5.321928024291992,13.287712097167969,12.804280281066895,0.4834318161010742,11.287712097167969,14.287712097167969,1,1,1,0.5379455089569092,1,1,0.7880644798278809,0,0
Scene4_t098,1P0A3490.dng,98,14,test,4.321928024291992,13.287712097167969,12.404643058776855,0.8830690383911133,11.287712097167969,14.287712097167969,1,1,1,0.5173361897468567,1,1,0.7880644798278809,0,0
Scene4_t099,1P0A3491.dng,99,0,test,17.194602966308594,13.287712097167969,13.551965713500977,0.2642536163330078,11.287712097167969,14.287712097167969,1,1,1,0.8538301587104797,1,1,0.7880644798278809,1,1
Scene4_t099,1P0A3492.dng,99,1,test,16.28771209716797,13.287712097167969,13.352099418640137,0.06438732147216797,11.287712097167969,14.287712097167969,1,1,1,0.8526090979576111,1,1,0.7880644798278809,1,1
Scene4_t099,1P0A3493.dng,99,2,test,15.872674942016602,13.287712097167969,13.274970054626465,0.012742042541503906,11.287712097167969,14.287712097167969,1,1,1,0.8517469763755798,1,1,0.7880644798278809,1,1
Scene4_t099,1P0A3494.dng,99,3,test,15.287712097167969,13.287712097167969,13.286227226257324,0.0014848709106445312,11.287712097167969,14.287712097167969,1,1,1,0.850195586681366,1,1,0.7880644798278809,1,1
Scene4_t099,1P0A3495.dng,99,4,test,14.287712097167969,13.287712097167969,13.31371021270752,0.02599811553955078,11.287712097167969,14.287712097167969,1,1,1,0.8436068296432495,1,1,0.7880644798278809,1,1
Scene4_t099,1P0A3496.dng,99,5,test,13.287712097167969,13.287712097167969,13.355706214904785,0.0679941177368164,11.287712097167969,14.287712097167969,1,1,1,0.8301075100898743,1,1,0.7880644798278809,1,1
Scene4_t099,1P0A3497.dng,99,6,test,12.287712097167969,13.287712097167969,13.242752075195312,0.04496002197265625,11.287712097167969,14.287712097167969,1,1,1,0.8048260807991028,1,1,0.7880644798278809,1,1
Scene4_t099,1P0A3498.dng,99,7,test,11.287712097167969,13.287712097167969,12.978784561157227,0.3089275360107422,11.287712097167969,14.287712097167969,1,1,1,0.7694697976112366,1,1,0.7880644798278809,0,0
Scene4_t099,1P0A3499.dng,99,8,test,10.287712097167969,13.287712097167969,12.686423301696777,0.6012887954711914,11.287712097167969,14.287712097167969,1,1,1,0.727435290813446,1,1,0.7880644798278809,0,0
Scene4_t099,1P0A3500.dng,99,9,test,9.38082218170166,13.287712097167969,12.566777229309082,0.7209348678588867,11.287712097167969,14.287712097167969,1,1,1,0.686913788318634,1,1,0.7880644798278809,0,0
Scene4_t099,1P0A3501.dng,99,10,test,8.38082218170166,13.287712097167969,12.63272476196289,0.6549873352050781,11.287712097167969,14.287712097167969,1,1,1,0.6474722623825073,1,1,0.7880644798278809,0,0
Scene4_t099,1P0A3502.dng,99,11,test,7.380821704864502,13.287712097167969,12.851484298706055,0.43622779846191406,11.287712097167969,14.287712097167969,1,1,1,0.6019955277442932,1,1,0.7880644798278809,0,0
Scene4_t099,1P0A3503.dng,99,12,test,6.321928024291992,13.287712097167969,12.89121150970459,0.3965005874633789,11.287712097167969,14.287712097167969,1,1,1,0.5640259385108948,1,1,0.7880644798278809,0,0
Scene4_t099,1P0A3504.dng,99,13,test,5.321928024291992,13.287712097167969,12.817736625671387,0.46997547149658203,11.287712097167969,14.287712097167969,1,1,1,0.5370916724205017,1,1,0.7880644798278809,0,0
Scene4_t099,1P0A3505.dng,99,14,test,4.321928024291992,13.287712097167969,12.689224243164062,0.5984878540039062,11.287712097167969,14.287712097167969,1,1,1,0.5201712846755981,1,1,0.7880644798278809,0,0
