scene_id,filename,frame_index,exposure_time_us,sensor_gain_code,isp_gain_code,hdr_mode,time_index,exposure_index,iso,aperture,entropy,saturated_ratio,dark_ratio,mean_linear_luma,score,simulation_domain
SIHDR_001,SIHDR_001_e00.jpg,0,15000000.000000,32,1024,SDR,0,0,100,14.0,0.0004579051744848127,0.9997397739751098,0.0,0.9999850988388062,-1.9990216427757348,reference
SIHDR_001,SIHDR_001_e01.jpg,1,8000000.000000,32,1024,SDR,0,1,100,14.0,0.08861786900710067,0.9371639938689604,0.0,0.9902259111404419,-1.7857101187308202,reference
SIHDR_001,SIHDR_001_e02.jpg,2,6000000.000000,32,1024,SDR,0,2,100,14.0,0.2049704864283962,0.844164645863836,0.0,0.964451253414154,-1.4833588052992759,reference
SIHDR_001,SIHDR_001_e03.jpg,3,4000000.000000,32,1024,SDR,0,3,100,14.0,0.427942737149809,0.6412140830893118,0.0,0.8864014148712158,-0.8544854290288146,reference
SIHDR_001,SIHDR_001_e04.jpg,4,2000000.000000,32,1024,SDR,0,4,100,14.0,0.6575856011691711,0.4154522785505124,0.0,0.688636839389801,-0.17331895593185376,reference
SIHDR_001,SIHDR_001_e05.jpg,5,1000000.000000,32,1024,SDR,0,5,100,14.0,0.7423246203111712,0.3079589128843338,0.0,0.5187827944755554,0.1264067945425036,reference
SIHDR_001,SIHDR_001_e06.jpg,6,500000.000000,32,1024,SDR,0,6,100,14.0,0.7689591941562414,0.24305682650073207,0.0,0.3932041525840759,0.2828455411547772,reference
SIHDR_001,SIHDR_001_e07.jpg,7,250000.000000,32,1024,SDR,0,7,100,14.0,0.7567631450585338,0.20669667368228403,0.0,0.30672940611839294,0.34336979769396575,reference
SIHDR_001,SIHDR_001_e08.jpg,8,125000.000000,32,1024,SDR,0,8,100,14.0,0.732147009501768,0.1773754918557833,0.0032628340043923867,0.24836798012256622,0.37413319178580906,reference
SIHDR_001,SIHDR_001_e09.jpg,9,66666.666667,32,1024,SDR,0,9,100,14.0,0.7549128992597538,0.0,0.12189301564787701,0.1639290153980255,0.6330198836118768,reference
SIHDR_001,SIHDR_001_e10.jpg,10,33333.333333,32,1024,SDR,0,10,100,14.0,0.6729876866824455,0.0,0.44954760706442165,0.08196450769901276,0.2234400796180238,reference
SIHDR_001,SIHDR_001_e11.jpg,11,16666.666667,32,1024,SDR,0,11,100,14.0,0.5993847265395156,0.0,0.6209407599743777,0.04098225384950638,-0.02155603343486212,reference
SIHDR_001,SIHDR_001_e12.jpg,12,8000.000000,32,1024,SDR,0,12,100,14.0,0.5244801541973577,0.0,0.7183496522693997,0.01967148296535015,-0.193869498072042,reference
SIHDR_001,SIHDR_001_e13.jpg,13,4000.000000,32,1024,SDR,0,13,100,14.0,0.4457635843064682,0.0,0.7721292208089312,0.009835741482675076,-0.32636563650246303,reference
SIHDR_001,SIHDR_001_e14.jpg,14,2000.000000,32,1024,SDR,0,14,100,14.0,0.377896261542066,0.0,0.8032233711566618,0.004917870741337538,-0.42532710961459574,reference
SIHDR_002,SIHDR_002_e00.jpg,15,15000000.000000,32,1024,SDR,1,0,100,14.0,-0.0,1.0,0.0,1.0,-2.0,reference
SIHDR_002,SIHDR_002_e01.jpg,16,8000000.000000,32,1024,SDR,1,1,100,14.0,-0.0,1.0,0.0,1.0,-2.0,reference
SIHDR_002,SIHDR_002_e02.jpg,17,6000000.000000,32,1024,SDR,1,2,100,14.0,0.00024677203671983955,0.9998184137079063,0.0,0.9999931454658508,-1.9993900553790926,reference
SIHDR_002,SIHDR_002_e03.jpg,18,4000000.000000,32,1024,SDR,1,3,100,14.0,0.06640572189457727,0.9494689673316252,0.0,0.9944135546684265,-1.8325322127686732,reference
SIHDR_002,SIHDR_002_e04.jpg,19,2000000.000000,32,1024,SDR,1,4,100,14.0,0.48840333220655774,0.5578087824853587,0.0,0.8685469627380371,-0.6272142327641597,reference
SIHDR_002,SIHDR_002_e05.jpg,20,1000000.000000,32,1024,SDR,1,5,100,14.0,0.7550982217111368,0.2610281501647145,0.0,0.6239168047904968,0.23304192138170787,reference
SIHDR_002,SIHDR_002_e06.jpg,21,500000.000000,32,1024,SDR,1,6,100,14.0,0.8445185023331944,0.10827976299414349,0.0,0.39340364933013916,0.6279589763449074,reference
SIHDR_002,SIHDR_002_e07.jpg,22,250000.000000,32,1024,SDR,1,7,100,14.0,0.8252533573884503,0.05716965592972181,0.0,0.2338077872991562,0.7109140455290066,reference
SIHDR_002,SIHDR_002_e08.jpg,23,125000.000000,32,1024,SDR,1,8,100,14.0,0.7667144058136927,0.040824030014641285,0.0,0.14002636075019836,0.6850663457844101,reference
SIHDR_002,SIHDR_002_e09.jpg,24,66666.666667,32,1024,SDR,1,9,100,14.0,0.7132189514445263,0.0,0.0,0.08381461352109909,0.7132189514445263,reference
SIHDR_002,SIHDR_002_e10.jpg,25,33333.333333,32,1024,SDR,1,10,100,14.0,0.6321830153256393,0.0,0.12348582769033675,0.041907306760549545,0.5086971876353025,reference
SIHDR_002,SIHDR_002_e11.jpg,26,16666.666667,32,1024,SDR,1,11,100,14.0,0.5536796634901598,0.0,0.523564753385798,0.020953653380274773,0.030114910104361847,reference
SIHDR_002,SIHDR_002_e12.jpg,27,8000.000000,32,1024,SDR,1,12,100,14.0,0.47409348785939104,0.0,0.8048504987188873,0.010057748295366764,-0.3307570108594962,reference
SIHDR_002,SIHDR_002_e13.jpg,28,4000.000000,32,1024,SDR,1,13,100,14.0,0.4005060522174196,0.0,0.9158898014275256,0.005028874147683382,-0.5153837492101061,reference
SIHDR_002,SIHDR_002_e14.jpg,29,2000.000000,32,1024,SDR,1,14,100,14.0,0.3340211795445234,0.0,0.9505985198572474,0.002514437073841691,-0.6165773403127239,reference
SIHDR_003,SIHDR_003_e00.jpg,30,15000000.000000,32,1024,SDR,2,0,100,14.0,0.5061956027217639,0.5763477420387995,0.0,0.826322078704834,-0.646499881355835,reference
SIHDR_003,SIHDR_003_e01.jpg,31,8000000.000000,32,1024,SDR,2,1,100,14.0,0.609207674598221,0.4687457105600293,0.0,0.6710527539253235,-0.32828374652183756,reference
SIHDR_003,SIHDR_003_e02.jpg,32,6000000.000000,32,1024,SDR,2,2,100,14.0,0.6593284719017632,0.4128157027818448,0.0,0.6125421524047852,-0.1663029336619264,reference
SIHDR_003,SIHDR_003_e03.jpg,33,4000000.000000,32,1024,SDR,2,3,100,14.0,0.7589056182153394,0.2948032004941435,0.0,0.5193657279014587,0.16929921722705243,reference
SIHDR_003,SIHDR_003_e04.jpg,34,2000000.000000,32,1024,SDR,2,4,100,14.0,0.7588292363265442,0.25325854456442165,0.0,0.39387500286102295,0.2523121471977009,reference
SIHDR_003,SIHDR_003_e05.jpg,35,1000000.000000,32,1024,SDR,2,5,100,14.0,0.7780636275094069,0.1917594138909224,0.0,0.3080974817276001,0.3945447997275621,reference
SIHDR_003,SIHDR_003_e06.jpg,36,500000.000000,32,1024,SDR,2,6,100,14.0,0.8310360722429729,0.05292739979868229,0.05364802571376281,0.22072330117225647,0.6715332469318456,reference
SIHDR_003,SIHDR_003_e07.jpg,37,250000.000000,32,1024,SDR,2,7,100,14.0,0.7922025284404982,0.0014426816434846266,0.2273989407942899,0.11579872667789459,0.5619182243592391,reference
SIHDR_003,SIHDR_003_e08.jpg,38,125000.000000,32,1024,SDR,2,8,100,14.0,0.7179488017526275,0.0,0.5012124816983895,0.05798114091157913,0.21673632005423804,reference
SIHDR_003,SIHDR_003_e09.jpg,39,66666.666667,32,1024,SDR,2,9,100,14.0,0.6430092196092025,0.0,0.5698063460834554,0.030923279002308846,0.07320287352574717,reference
SIHDR_003,SIHDR_003_e10.jpg,40,33333.333333,32,1024,SDR,2,10,100,14.0,0.5802852829547767,0.0,0.7219713694180088,0.015461639501154423,-0.1416860864632321,reference
SIHDR_003,SIHDR_003_e11.jpg,41,16666.666667,32,1024,SDR,2,11,100,14.0,0.4899274938532106,0.0,0.758581739568082,0.007730819750577211,-0.26865424571487134,reference
SIHDR_003,SIHDR_003_e12.jpg,42,8000.000000,32,1024,SDR,2,12,100,14.0,0.4487731774098385,0.0,0.8302125274524158,0.0037107921671122313,-0.3814393500425773,reference
SIHDR_003,SIHDR_003_e13.jpg,43,4000.000000,32,1024,SDR,2,13,100,14.0,0.3745905797738125,0.0,0.9851256519948756,0.0018553960835561156,-0.6105350722210631,reference
SIHDR_003,SIHDR_003_e14.jpg,44,2000.000000,32,1024,SDR,2,14,100,14.0,0.3122154597952073,0.0,0.9998555888543191,0.0009276980417780578,-0.6876401290591119,reference
SIHDR_004,SIHDR_004_e00.jpg,45,15000000.000000,32,1024,SDR,3,0,100,14.0,0.1588385965193315,0.8813240643301611,0.0,0.9765814542770386,-1.6038095321409906,reference
SIHDR_004,SIHDR_004_e01.jpg,46,8000000.000000,32,1024,SDR,3,1,100,14.0,0.42018401643521447,0.6578828468155198,0.0,0.875607430934906,-0.8955816771958252,reference
SIHDR_004,SIHDR_004_e02.jpg,47,6000000.000000,32,1024,SDR,3,2,100,14.0,0.49101569841517567,0.6002770978221084,0.0,0.8118175268173218,-0.709538497229041,reference
SIHDR_004,SIHDR_004_e03.jpg,48,4000000.000000,32,1024,SDR,3,3,100,14.0,0.5259059389520963,0.5614805431002928,0.0,0.734957754611969,-0.5970551472484894,reference
SIHDR_004,SIHDR_004_e04.jpg,49,2000000.000000,32,1024,SDR,3,4,100,14.0,0.7648973126878302,0.30245842102855053,0.0,0.5717786550521851,0.15998047063072918,reference
SIHDR_004,SIHDR_004_e05.jpg,50,1000000.000000,32,1024,SDR,3,5,100,14.0,0.8445185465277545,0.17732544838945827,0.0,0.4004949927330017,0.48986764974883795,reference
SIHDR_004,SIHDR_004_e06.jpg,51,500000.000000,32,1024,SDR,3,6,100,14.0,0.8396565663010561,0.1242522076317716,0.0,0.27480098605155945,0.591152151037513,reference
SIHDR_004,SIHDR_004_e07.jpg,52,250000.000000,32,1024,SDR,3,7,100,14.0,0.8499153091857824,0.035327827598828694,0.009707002653733528,0.1726304143667221,0.7695526513343915,reference
SIHDR_004,SIHDR_004_e08.jpg,53,125000.000000,32,1024,SDR,3,8,100,14.0,0.7925528544401903,0.009441057375549048,0.18011501418374817,0.09449940919876099,0.593555725505344,reference
SIHDR_004,SIHDR_004_e09.jpg,54,66666.666667,32,1024,SDR,3,9,100,14.0,0.7233954414106472,0.0002859626647144949,0.38740363058199123,0.050996799021959305,0.33541988549922697,reference
SIHDR_004,SIHDR_004_e10.jpg,55,33333.333333,32,1024,SDR,3,10,100,14.0,0.651028029660928,0.00013011301244509517,0.5061853724377745,0.02559087797999382,0.1445824311982633,reference
SIHDR_004,SIHDR_004_e11.jpg,56,16666.666667,32,1024,SDR,3,11,100,14.0,0.5736665624139051,4.7183839677891656e-05,0.7329108711566618,0.012834045104682446,-0.1593386764221124,reference
SIHDR_004,SIHDR_004_e12.jpg,57,8000.000000,32,1024,SDR,3,12,100,14.0,0.4820957668154556,2.287701317715959e-05,0.8388814856332357,0.006177018862217665,-0.35683147284413447,reference
SIHDR_004,SIHDR_004_e13.jpg,58,4000.000000,32,1024,SDR,3,13,100,14.0,0.437885587703205,0.0,0.9073509562591509,0.003093478037044406,-0.46946536855594584,reference
SIHDR_004,SIHDR_004_e14.jpg,59,2000.000000,32,1024,SDR,3,14,100,14.0,0.37643380588935793,0.0,0.9799440085102489,0.001546739018522203,-0.603510202620891,reference
SIHDR_005,SIHDR_005_e00.jpg,60,15000000.000000,32,1024,SDR,4,0,100,14.0,0.10516784431658206,0.9206081853953147,0.0,0.9883183240890503,-1.7360485264740475,reference
SIHDR_005,SIHDR_005_e01.jpg,61,8000000.000000,32,1024,SDR,4,1,100,14.0,0.34741148426287544,0.722893599011713,0.0,0.9083146452903748,-1.0983757137605505,reference
SIHDR_005,SIHDR_005_e02.jpg,62,6000000.000000,32,1024,SDR,4,2,100,14.0,0.4177947684206546,0.6674726047767203,0.0,0.8531317114830017,-0.917150441132786,reference
SIHDR_005,SIHDR_005_e03.jpg,63,4000000.000000,32,1024,SDR,4,3,100,14.0,0.5656112302157127,0.5086861159407028,0.0,0.7715251445770264,-0.4517610016656929,reference
SIHDR_005,SIHDR_005_e04.jpg,64,2000000.000000,32,1024,SDR,4,4,100,14.0,0.7479970030440928,0.3098448366581259,0.0,0.5721278786659241,0.12830732972784098,reference
SIHDR_005,SIHDR_005_e05.jpg,65,1000000.000000,32,1024,SDR,4,5,100,14.0,0.8353325655933418,0.17733545708272327,0.0,0.40400099754333496,0.48066165142789524,reference
SIHDR_005,SIHDR_005_e06.jpg,66,500000.000000,32,1024,SDR,4,6,100,14.0,0.8309746189054262,0.12456962618960468,0.0,0.2758772373199463,0.5818353665262168,reference
SIHDR_005,SIHDR_005_e07.jpg,67,250000.000000,32,1024,SDR,4,7,100,14.0,0.841134736536603,0.039011026720351394,0.0008278619143484627,0.17468050122261047,0.7622848211815517,reference
SIHDR_005,SIHDR_005_e08.jpg,68,125000.000000,32,1024,SDR,4,8,100,14.0,0.7907203195278707,0.007109031844802343,0.1400845305636896,0.09572811424732208,0.6364177252745764,reference
SIHDR_005,SIHDR_005_e09.jpg,69,66666.666667,32,1024,SDR,4,9,100,14.0,0.7270561262644653,0.00033743594436310396,0.3189999313689605,0.05163711681962013,0.4073813230067786,reference
SIHDR_005,SIHDR_005_e10.jpg,70,33333.333333,32,1024,SDR,4,10,100,14.0,0.652633420666878,0.00013869189238653002,0.5805671211566618,0.02592378668487072,0.07178891572544321,reference
SIHDR_005,SIHDR_005_e11.jpg,71,16666.666667,32,1024,SDR,4,11,100,14.0,0.5739055644000238,5.862234626647145e-05,0.7209218864385066,0.013002689927816391,-0.14713356673101574,reference
SIHDR_005,SIHDR_005_e12.jpg,72,8000.000000,32,1024,SDR,4,12,100,14.0,0.490777794186968,2.859626647144949e-05,0.8404714380490483,0.006262999959290028,-0.34975083639502325,reference
SIHDR_005,SIHDR_005_e13.jpg,73,4000.000000,32,1024,SDR,4,13,100,14.0,0.4209859248413772,1.1438506588579795e-05,0.9051376052342606,0.0031407817732542753,-0.4841745574060605,reference
SIHDR_005,SIHDR_005_e14.jpg,74,2000.000000,32,1024,SDR,4,14,100,14.0,0.3753699772572103,0.0,0.9781066983894583,0.001571211381815374,-0.6027367211322481,reference
SIHDR_006,SIHDR_006_e00.jpg,75,15000000.000000,32,1024,SDR,5,0,100,14.0,0.20672966373087545,0.8502270543557833,0.0,0.9573730826377869,-1.493724444980691,reference
SIHDR_006,SIHDR_006_e01.jpg,76,8000000.000000,32,1024,SDR,5,1,100,14.0,0.5003847488632053,0.5828476734077599,0.0,0.8450801968574524,-0.6653105979523145,reference
SIHDR_006,SIHDR_006_e02.jpg,77,6000000.000000,32,1024,SDR,5,2,100,14.0,0.6576546810849236,0.41712373032576866,0.0,0.7555087208747864,-0.17659277956661368,reference
SIHDR_006,SIHDR_006_e03.jpg,78,4000000.000000,32,1024,SDR,5,3,100,14.0,0.7290071731049402,0.33585743045387995,0.0,0.6249993443489075,0.05729231219718034,reference
SIHDR_006,SIHDR_006_e04.jpg,79,2000000.000000,32,1024,SDR,5,4,100,14.0,0.7646842431886771,0.2647842697657394,0.0,0.45566466450691223,0.23511570365719836,reference
SIHDR_006,SIHDR_006_e05.jpg,80,1000000.000000,32,1024,SDR,5,5,100,14.0,0.7622982258013239,0.22177977443265007,0.0,0.3486230969429016,0.31873867693602376,reference
SIHDR_006,SIHDR_006_e06.jpg,81,500000.000000,32,1024,SDR,5,6,100,14.0,0.7640518825900111,0.16809028413250365,0.0004275141837481698,0.2711687982082367,0.42744380014125566,reference
SIHDR_006,SIHDR_006_e07.jpg,82,250000.000000,32,1024,SDR,5,7,100,14.0,0.7543374581568197,0.11821696559297218,0.039076798133235724,0.20179910957813263,0.47882672883763966,reference
SIHDR_006,SIHDR_006_e08.jpg,83,125000.000000,32,1024,SDR,5,8,100,14.0,0.6975719506570766,0.1081024661420205,0.21249742633601756,0.1569228321313858,0.268869592037018,reference
SIHDR_006,SIHDR_006_e09.jpg,84,66666.666667,32,1024,SDR,5,9,100,14.0,0.6510808053998991,0.09465650164714495,0.5330172492679356,0.13064658641815186,-0.0712494471623264,reference
SIHDR_006,SIHDR_006_e10.jpg,85,33333.333333,32,1024,SDR,5,10,100,14.0,0.6108549471561765,0.06539966142020498,0.696506394125183,0.10720333456993103,-0.21645076980941647,reference
SIHDR_006,SIHDR_006_e11.jpg,86,16666.666667,32,1024,SDR,5,11,100,14.0,0.5834060749959081,0.0007077575951683748,0.7443951317715959,0.05821925029158592,-0.16240457196602454,reference
SIHDR_006,SIHDR_006_e12.jpg,87,8000.000000,32,1024,SDR,5,12,100,14.0,0.4964236353574869,0.00026451546486090774,0.7939910665263543,0.028165558353066444,-0.29809646209858925,reference
SIHDR_006,SIHDR_006_e13.jpg,88,4000.000000,32,1024,SDR,5,13,100,14.0,0.4445072984217702,0.00015013039897510981,0.8621545571010248,0.014179117977619171,-0.4179475194772048,reference
SIHDR_006,SIHDR_006_e14.jpg,89,2000.000000,32,1024,SDR,5,14,100,14.0,0.4124102942425762,7.435029282576867e-05,0.8858065290995608,0.007144789677113295,-0.47354493544263615,reference
SIHDR_007,SIHDR_007_e00.jpg,90,15000000.000000,32,1024,SDR,6,0,100,14.0,0.3548632309199354,0.7546726299414348,0.0,0.8690459728240967,-1.1544820289629343,reference
SIHDR_007,SIHDR_007_e01.jpg,91,8000000.000000,32,1024,SDR,6,1,100,14.0,0.5724243206656632,0.5549991993045388,0.0,0.7686295509338379,-0.5375740779434144,reference
SIHDR_007,SIHDR_007_e02.jpg,92,6000000.000000,32,1024,SDR,6,2,100,14.0,0.6841237576311082,0.44234849698023426,0.0,0.6982757449150085,-0.2005732363293603,reference
SIHDR_007,SIHDR_007_e03.jpg,93,4000000.000000,32,1024,SDR,6,3,100,14.0,0.8071438313152351,0.3037638405929722,0.0,0.5854313373565674,0.1996161501292908,reference
SIHDR_007,SIHDR_007_e04.jpg,94,2000000.000000,32,1024,SDR,6,4,100,14.0,0.9234726525172979,0.11555751281112737,0.003451569363103953,0.39645010232925415,0.6889060575319392,reference
SIHDR_007,SIHDR_007_e05.jpg,95,1000000.000000,32,1024,SDR,6,5,100,14.0,0.8942969276114505,0.0775016013909224,0.02301570506954612,0.2441568374633789,0.7162780197600597,reference
SIHDR_007,SIHDR_007_e06.jpg,96,500000.000000,32,1024,SDR,6,6,100,14.0,0.8497664211563455,0.050704040080527084,0.07824796394582724,0.1525873839855194,0.6701103770494641,reference
SIHDR_007,SIHDR_007_e07.jpg,97,250000.000000,32,1024,SDR,6,7,100,14.0,0.7893819780907769,0.035608071010248904,0.17232825082357248,0.09671058505773544,0.5458375852467067,reference
SIHDR_007,SIHDR_007_e08.jpg,98,125000.000000,32,1024,SDR,6,8,100,14.0,0.7271692304697127,0.022209290355051245,0.29066103129575405,0.06243142858147621,0.39208961846385615,reference
SIHDR_007,SIHDR_007_e09.jpg,99,66666.666667,32,1024,SDR,6,9,100,14.0,0.6688773729271569,0.0015785139092240118,0.5256708684114202,0.03841552510857582,0.14004947669728862,reference
SIHDR_007,SIHDR_007_e10.jpg,100,33333.333333,32,1024,SDR,6,10,100,14.0,0.5919986190481309,0.0,0.7191789439970717,0.01923365704715252,-0.12718032494894083,reference
SIHDR_007,SIHDR_007_e11.jpg,101,16666.666667,32,1024,SDR,6,11,100,14.0,0.5190455089738656,0.0,0.8980771870424598,0.00961682852357626,-0.37903167806859417,reference
SIHDR_007,SIHDR_007_e12.jpg,102,8000.000000,32,1024,SDR,6,12,100,14.0,0.4418500766802557,0.0,0.9337252928257687,0.004616077058017254,-0.49187521614551294,reference
SIHDR_007,SIHDR_007_e13.jpg,103,4000.000000,32,1024,SDR,6,13,100,14.0,0.3609533648334296,0.0,0.9561862303257687,0.002308038529008627,-0.5952328654923391,reference
SIHDR_007,SIHDR_007_e14.jpg,104,2000.000000,32,1024,SDR,6,14,100,14.0,0.2871524407576829,0.0,0.9677505604868228,0.0011540192645043135,-0.68059811972914,reference
SIHDR_008,SIHDR_008_e00.jpg,105,15000000.000000,32,1024,SDR,7,0,100,14.0,-0.0,1.0,0.0,1.0,-2.0,reference
SIHDR_008,SIHDR_008_e01.jpg,106,8000000.000000,32,1024,SDR,7,1,100,14.0,-0.0,1.0,0.0,1.0,-2.0,reference
SIHDR_008,SIHDR_008_e02.jpg,107,6000000.000000,32,1024,SDR,7,2,100,14.0,-0.0,1.0,0.0,1.0,-2.0,reference
SIHDR_008,SIHDR_008_e03.jpg,108,4000000.000000,32,1024,SDR,7,3,100,14.0,-0.0,1.0,0.0,1.0,-2.0,reference
SIHDR_008,SIHDR_008_e04.jpg,109,2000000.000000,32,1024,SDR,7,4,100,14.0,0.03017527064404449,0.9817755993777453,0.0,0.9972923994064331,-1.933375928111446,reference
SIHDR_008,SIHDR_008_e05.jpg,110,1000000.000000,32,1024,SDR,7,5,100,14.0,0.24447192801954865,0.8187983276903368,0.0,0.9480420351028442,-1.393124727361125,reference
SIHDR_008,SIHDR_008_e06.jpg,111,500000.000000,32,1024,SDR,7,6,100,14.0,0.49479614296783136,0.6025033171669106,0.0,0.8188945651054382,-0.7102104913659899,reference
SIHDR_008,SIHDR_008_e07.jpg,112,250000.000000,32,1024,SDR,7,7,100,14.0,0.6338672896722367,0.4681151628843338,0.0,0.6690738797187805,-0.3023630360964309,reference
SIHDR_008,SIHDR_008_e08.jpg,113,125000.000000,32,1024,SDR,7,8,100,14.0,0.7257150209683852,0.3608019536969253,0.0,0.5331154465675354,0.004111113574534642,reference
SIHDR_008,SIHDR_008_e09.jpg,114,66666.666667,32,1024,SDR,7,9,100,14.0,0.712815753076157,0.33849257640922403,0.0,0.44648289680480957,0.0358306002577089,reference
SIHDR_008,SIHDR_008_e10.jpg,115,33333.333333,32,1024,SDR,7,10,100,14.0,0.8181030827613226,0.18280592285871156,9.722730600292826e-05,0.35567188262939453,0.45239400973789656,reference
SIHDR_008,SIHDR_008_e11.jpg,116,16666.666667,32,1024,SDR,7,11,100,14.0,0.8780739289285985,0.015762262079062957,0.044999084919472916,0.21230971813201904,0.8015503198509997,reference
SIHDR_008,SIHDR_008_e12.jpg,117,8000.000000,32,1024,SDR,7,12,100,14.0,0.8025164622016407,0.005486193722547585,0.2604304881954612,0.10639454424381256,0.5311135865610843,reference
SIHDR_008,SIHDR_008_e13.jpg,118,4000.000000,32,1024,SDR,7,13,100,14.0,0.7248384635224321,0.002580813049048316,0.45383990666178625,0.05498979240655899,0.26583693076254916,reference
SIHDR_008,SIHDR_008_e14.jpg,119,2000.000000,32,1024,SDR,7,14,100,14.0,0.6460195289857155,0.0013211475109809663,0.5779348348279648,0.028381913900375366,0.06544239913578875,reference
SIHDR_009,SIHDR_009_e00.jpg,120,15000000.000000,32,1024,SDR,8,0,100,14.0,0.014293104661140995,0.9914511461383602,0.0,0.9990655183792114,-1.9686091876155793,reference
SIHDR_009,SIHDR_009_e01.jpg,121,8000000.000000,32,1024,SDR,8,1,100,14.0,0.10874592288036457,0.9298633670387995,0.0,0.9804410338401794,-1.7509808111972343,reference
SIHDR_009,SIHDR_009_e02.jpg,122,6000000.000000,32,1024,SDR,8,2,100,14.0,0.1810476997863111,0.8776537335285505,0.0,0.9602226614952087,-1.5742597672707899,reference
SIHDR_009,SIHDR_009_e03.jpg,123,4000000.000000,32,1024,SDR,8,3,100,14.0,0.33954049138331827,0.7412223760065886,0.0,0.9109674692153931,-1.142904260629859,reference
SIHDR_009,SIHDR_009_e04.jpg,124,2000000.000000,32,1024,SDR,8,4,100,14.0,0.7399056671830518,0.310369578147877,0.0,0.6900023818016052,0.1191665108872978,reference
SIHDR_009,SIHDR_009_e05.jpg,125,1000000.000000,32,1024,SDR,8,5,100,14.0,0.8451862561130525,0.15390510614934114,0.0,0.44962435960769653,0.5373760438143702,reference
SIHDR_009,SIHDR_009_e06.jpg,126,500000.000000,32,1024,SDR,8,6,100,14.0,0.8644839142308621,0.06092863515739385,0.0,0.2694660425186157,0.7426266439160745,reference
SIHDR_009,SIHDR_009_e07.jpg,127,250000.000000,32,1024,SDR,8,7,100,14.0,0.8115338742953703,0.03922406890556369,0.0,0.15845616161823273,0.7330857364842429,reference
SIHDR_009,SIHDR_009_e08.jpg,128,125000.000000,32,1024,SDR,8,8,100,14.0,0.7455380535030375,0.028935132229136164,0.024012284956076133,0.09530890733003616,0.663655504088689,reference
SIHDR_009,SIHDR_009_e09.jpg,129,66666.666667,32,1024,SDR,8,9,100,14.0,0.6878563439157183,0.00020303349194729137,0.10602351756954612,0.05542685464024544,0.5814267593622776,reference
SIHDR_009,SIHDR_009_e10.jpg,130,33333.333333,32,1024,SDR,8,10,100,14.0,0.6067177051176156,6.434159956076135e-05,0.40079669198389456,0.02776653692126274,0.2057923299345995,reference
SIHDR_009,SIHDR_009_e11.jpg,131,16666.666667,32,1024,SDR,8,11,100,14.0,0.5239561091510669,1.4298133235724744e-05,0.7537861456808199,0.013897448778152466,-0.22985863279622443,reference
SIHDR_009,SIHDR_009_e12.jpg,132,8000.000000,32,1024,SDR,8,12,100,14.0,0.45076754127432306,1.4298133235724744e-06,0.8937934663250366,0.006673627998679876,-0.44302878467736073,reference
SIHDR_009,SIHDR_009_e13.jpg,133,4000.000000,32,1024,SDR,8,13,100,14.0,0.36564555139092986,0.0,0.9478032348096632,0.0033370142336934805,-0.5821576834187334,reference
SIHDR_009,SIHDR_009_e14.jpg,134,2000.000000,32,1024,SDR,8,14,100,14.0,0.3005389079543806,0.0,0.9661663273243045,0.0016685071168467402,-0.6656274193699239,reference
SIHDR_010,SIHDR_010_e00.jpg,135,15000000.000000,32,1024,SDR,9,0,100,14.0,0.07376556869441218,0.9468795754026355,0.0,0.992896318435669,-1.8199935821108588,reference
SIHDR_010,SIHDR_010_e01.jpg,136,8000000.000000,32,1024,SDR,9,1,100,14.0,0.3227265784144195,0.7456948320827232,0.0,0.9211692214012146,-1.168663085751027,reference
SIHDR_010,SIHDR_010_e02.jpg,137,6000000.000000,32,1024,SDR,9,2,100,14.0,0.47103946611587705,0.6045894148060029,0.0,0.8580821752548218,-0.7381393634961289,reference
SIHDR_010,SIHDR_010_e03.jpg,138,4000000.000000,32,1024,SDR,9,3,100,14.0,0.6848689483847114,0.3756820209553441,0.0,0.7295669317245483,-0.06649509352597682,reference
SIHDR_010,SIHDR_010_e04.jpg,139,2000000.000000,32,1024,SDR,9,4,100,14.0,0.8629581818153017,0.1321018827781845,0.0,0.4707919657230377,0.5987544162589327,reference
SIHDR_010,SIHDR_010_e05.jpg,140,1000000.000000,32,1024,SDR,9,5,100,14.0,0.8620419716550316,0.06278596266471449,0.0,0.27891838550567627,0.7364700463256026,reference
SIHDR_010,SIHDR_010_e06.jpg,141,500000.000000,32,1024,SDR,9,6,100,14.0,0.8203504638778972,0.026784692990483163,0.0,0.15945670008659363,0.766781077896931,reference
SIHDR_010,SIHDR_010_e07.jpg,142,250000.000000,32,1024,SDR,9,7,100,14.0,0.7495502219002029,0.018753431551976573,2.573663982430454e-05,0.09044034034013748,0.7120176221564255,reference
SIHDR_010,SIHDR_010_e08.jpg,143,125000.000000,32,1024,SDR,9,8,100,14.0,0.675506822552909,0.012916933565153733,0.10467520360541728,0.0530119426548481,0.5449977518171842,reference
SIHDR_010,SIHDR_010_e09.jpg,144,66666.666667,32,1024,SDR,9,9,100,14.0,0.6102458533751177,0.0,0.34579320323938506,0.03011472523212433,0.26445265013573266,reference
SIHDR_010,SIHDR_010_e10.jpg,145,33333.333333,32,1024,SDR,9,10,100,14.0,0.5327241556130387,0.0,0.7213236639824304,0.015057362616062164,-0.18859950836939177,reference
SIHDR_010,SIHDR_010_e11.jpg,146,16666.666667,32,1024,SDR,9,11,100,14.0,0.4501327975535678,0.0,0.8947986250915081,0.007528681308031082,-0.4446658275379403,reference
SIHDR_010,SIHDR_010_e12.jpg,147,8000.000000,32,1024,SDR,9,12,100,14.0,0.3726815188813788,0.0,0.9520597890739385,0.0036137683782726526,-0.5793782701925597,reference
SIHDR_010,SIHDR_010_e13.jpg,148,4000.000000,32,1024,SDR,9,13,100,14.0,0.2953356184223486,0.0,0.9772273631954612,0.0018068841891363263,-0.6818917447731125,reference
SIHDR_010,SIHDR_010_e14.jpg,149,2000.000000,32,1024,SDR,9,14,100,14.0,0.2616922680267882,0.0,0.9829680636896047,0.0009034420945681632,-0.7212757956628164,reference
SIHDR_011,SIHDR_011_e00.jpg,150,15000000.000000,32,1024,SDR,10,0,100,14.0,-0.0,1.0,0.0,1.0,-2.0,reference
SIHDR_011,SIHDR_011_e01.jpg,151,8000000.000000,32,1024,SDR,10,1,100,14.0,-0.0,1.0,0.0,1.0,-2.0,reference
SIHDR_011,SIHDR_011_e02.jpg,152,6000000.000000,32,1024,SDR,10,2,100,14.0,-0.0,1.0,0.0,1.0,-2.0,reference
SIHDR_011,SIHDR_011_e03.jpg,153,4000000.000000,32,1024,SDR,10,3,100,14.0,0.0027226330574685476,0.9985101345168375,0.0,0.9998773336410522,-1.9942976359762064,reference
SIHDR_011,SIHDR_011_e04.jpg,154,2000000.000000,32,1024,SDR,10,4,100,14.0,0.19555367665255838,0.8522659681551976,0.0,0.9663177132606506,-1.508978259657837,reference
SIHDR_011,SIHDR_011_e05.jpg,155,1000000.000000,32,1024,SDR,10,5,100,14.0,0.41930336370806237,0.6673181849377745,0.0,0.8539820313453674,-0.9153330061674867,reference
SIHDR_011,SIHDR_011_e06.jpg,156,500000.000000,32,1024,SDR,10,6,100,14.0,0.6835929916478962,0.4040109123352855,0.0,0.684773325920105,-0.12442883302267482,reference
SIHDR_011,SIHDR_011_e07.jpg,157,250000.000000,32,1024,SDR,10,7,100,14.0,0.7904794620605372,0.2700459827964861,0.0,0.49842023849487305,0.250387496467565,reference
SIHDR_011,SIHDR_011_e08.jpg,158,125000.000000,32,1024,SDR,10,8,100,14.0,0.8729375636416052,0.023857865117130308,0.0,0.3061967194080353,0.8252218334073447,reference
SIHDR_011,SIHDR_011_e09.jpg,159,66666.666667,32,1024,SDR,10,9,100,14.0,0.8167343539499838,0.0006105302891654465,0.0,0.1685311645269394,0.8155132933716529,reference
SIHDR_011,SIHDR_011_e10.jpg,160,33333.333333,32,1024,SDR,10,10,100,14.0,0.7389774186665038,0.0,0.012898345991947292,0.0842728391289711,0.7260790726745565,reference
SIHDR_011,SIHDR_011_e11.jpg,161,16666.666667,32,1024,SDR,10,11,100,14.0,0.6595557071962893,0.0,0.20426456121888725,0.04213641956448555,0.45529114597740206,reference
SIHDR_011,SIHDR_011_e12.jpg,162,8000.000000,32,1024,SDR,10,12,100,14.0,0.5686538977505001,0.0,0.41677771550146414,0.020225482061505318,0.15187618224903598,reference
SIHDR_011,SIHDR_011_e13.jpg,163,4000.000000,32,1024,SDR,10,13,100,14.0,0.4906360813894062,0.0,0.6606752722364568,0.010112741030752659,-0.17003919084705066,reference
SIHDR_011,SIHDR_011_e14.jpg,164,2000.000000,32,1024,SDR,10,14,100,14.0,0.43373373877174903,0.0,0.7633129918557833,0.005056370515376329,-0.32957925308403424,reference
SIHDR_012,SIHDR_012_e00.jpg,165,15000000.000000,32,1024,SDR,11,0,100,14.0,0.2560230029883784,0.801135843704246,0.0,0.9501731395721436,-1.3462486844201136,reference
SIHDR_012,SIHDR_012_e01.jpg,166,8000000.000000,32,1024,SDR,11,1,100,14.0,0.4968179017935339,0.5901511598645681,0.0,0.8162927627563477,-0.6834844179356023,reference
SIHDR_012,SIHDR_012_e02.jpg,167,6000000.000000,32,1024,SDR,11,2,100,14.0,0.5216060770058276,0.5655898265922401,0.0,0.7557374835014343,-0.6095735761786526,reference
SIHDR_012,SIHDR_012_e03.jpg,168,4000000.000000,32,1024,SDR,11,3,100,14.0,0.5216180158983011,0.5539597250183016,0.0,0.6897919178009033,-0.586301434138302,reference
SIHDR_012,SIHDR_012_e04.jpg,169,2000000.000000,32,1024,SDR,11,4,100,14.0,0.533462872053569,0.5154863081076134,0.0,0.6173977851867676,-0.49750974416165783,reference
SIHDR_012,SIHDR_012_e05.jpg,170,1000000.000000,32,1024,SDR,11,5,100,14.0,0.6860536153696613,0.3503900530746706,0.0,0.5205835700035095,-0.014726490779679913,reference
SIHDR_012,SIHDR_012_e06.jpg,171,500000.000000,32,1024,SDR,11,6,100,14.0,0.7946511256039773,0.19506514229502195,0.0,0.40047892928123474,0.40452084101393343,reference
SIHDR_012,SIHDR_012_e07.jpg,172,250000.000000,32,1024,SDR,11,7,100,14.0,0.8236705285743978,0.0023134379575402634,0.034345545845534405,0.21483314037322998,0.7846981068137829,reference
SIHDR_012,SIHDR_012_e08.jpg,173,125000.000000,32,1024,SDR,11,8,100,14.0,0.7434546874256046,0.0009622643667642753,0.2793697954795022,0.1081714853644371,0.46216036321257387,reference
SIHDR_012,SIHDR_012_e09.jpg,174,66666.666667,32,1024,SDR,11,9,100,14.0,0.6775222990415634,0.0002788135980966325,0.42856795616764276,0.05793638899922371,0.24839671567772736,reference
SIHDR_012,SIHDR_012_e10.jpg,175,33333.333333,32,1024,SDR,11,10,100,14.0,0.6035670818789063,2.1447199853587116e-05,0.44778464723645683,0.029005425050854683,0.15573954024274228,reference
SIHDR_012,SIHDR_012_e11.jpg,176,16666.666667,32,1024,SDR,11,11,100,14.0,0.5406587194141507,0.0,0.5346029122437774,0.014506876468658447,0.00605580717037324,reference
SIHDR_012,SIHDR_012_e12.jpg,177,8000.000000,32,1024,SDR,11,12,100,14.0,0.44339912829957173,0.0,0.6810157965775988,0.006963299121707678,-0.23761666827802708,reference
SIHDR_012,SIHDR_012_e13.jpg,178,4000.000000,32,1024,SDR,11,13,100,14.0,0.44816527261032163,0.0,0.9908420456625183,0.003481649560853839,-0.5426767730521966,reference
SIHDR_012,SIHDR_012_e14.jpg,179,2000.000000,32,1024,SDR,11,14,100,14.0,0.35631142019117346,0.0,0.9981726985724744,0.0017408247804269195,-0.6418612783813009,reference
SIHDR_013,SIHDR_013_e00.jpg,180,15000000.000000,32,1024,SDR,12,0,100,14.0,0.10437184057001285,0.9278544793191801,0.0,0.9860000014305115,-1.7513371180683472,reference
SIHDR_013,SIHDR_013_e01.jpg,181,8000000.000000,32,1024,SDR,12,1,100,14.0,0.31448157367230006,0.7649815840043924,0.0,0.9117661118507385,-1.2154815943364847,reference
SIHDR_013,SIHDR_013_e02.jpg,182,6000000.000000,32,1024,SDR,12,2,100,14.0,0.3713457479597113,0.7205229685212299,0.0,0.8679640889167786,-1.0697001890827484,reference
SIHDR_013,SIHDR_013_e03.jpg,183,4000000.000000,32,1024,SDR,12,3,100,14.0,0.4102156837718551,0.68756005215959,0.0,0.8121258616447449,-0.964904420547325,reference
SIHDR_013,SIHDR_013_e04.jpg,184,2000000.000000,32,1024,SDR,12,4,100,14.0,0.4760065508365991,0.621575597090044,0.0,0.736988365650177,-0.7671446433434888,reference
SIHDR_013,SIHDR_013_e05.jpg,185,1000000.000000,32,1024,SDR,12,5,100,14.0,0.579154689430549,0.5236962962115667,0.0,0.648002028465271,-0.4682379029925843,reference
SIHDR_013,SIHDR_013_e06.jpg,186,500000.000000,32,1024,SDR,12,6,100,14.0,0.8301310806823782,0.1874270795204978,0.0,0.5244282484054565,0.45527692164138256,reference
SIHDR_013,SIHDR_013_e07.jpg,187,250000.000000,32,1024,SDR,12,7,100,14.0,0.8518871536098284,0.0044753157027818445,0.005896550146412884,0.2720462381839752,0.8370399720578517,reference
SIHDR_013,SIHDR_013_e08.jpg,188,125000.000000,32,1024,SDR,12,8,100,14.0,0.7737786076342319,0.002037483986090776,0.12939095671669107,0.13742715120315552,0.6403126829453593,reference
SIHDR_013,SIHDR_013_e09.jpg,189,66666.666667,32,1024,SDR,12,9,100,14.0,0.7008581821387466,0.0014641288433382138,0.269106595442899,0.07405661046504974,0.42882332900917125,reference
SIHDR_013,SIHDR_013_e10.jpg,190,33333.333333,32,1024,SDR,12,10,100,14.0,0.6241031478431415,0.0012096220717423133,0.32288759379575405,0.037674255669116974,0.2987963099039028,reference
SIHDR_013,SIHDR_013_e11.jpg,191,16666.666667,32,1024,SDR,12,11,100,14.0,0.5520752834837984,0.0010523426061493412,0.41743542963030744,0.019402440637350082,0.1325351686411923,reference
SIHDR_013,SIHDR_013_e12.jpg,192,8000.000000,32,1024,SDR,12,12,100,14.0,0.4703725927404192,0.0005519079428989751,0.5139749954245973,0.009733811020851135,-0.044706218569976086,reference
SIHDR_013,SIHDR_013_e13.jpg,193,4000.000000,32,1024,SDR,12,13,100,14.0,0.41424509102438023,0.00019731423865300147,0.9900199030014641,0.00502312695607543,-0.5761694404543899,reference
SIHDR_013,SIHDR_013_e14.jpg,194,2000.000000,32,1024,SDR,12,14,100,14.0,0.38377460692945625,0.00017443722547584188,0.9967800603953147,0.002603556727990508,-0.6133543279168101,reference
SIHDR_014,SIHDR_014_e00.jpg,195,15000000.000000,32,1024,SDR,13,0,100,14.0,0.15650192670536747,0.9007495081442167,0.0,0.9621986746788025,-1.644997089583066,reference
SIHDR_014,SIHDR_014_e01.jpg,196,8000000.000000,32,1024,SDR,13,1,100,14.0,0.2702654440514847,0.8188869761163983,0.0,0.9120243787765503,-1.3675085081813119,reference
SIHDR_014,SIHDR_014_e02.jpg,197,6000000.000000,32,1024,SDR,13,2,100,14.0,0.32468375762749446,0.7774824418923866,0.0,0.8828039169311523,-1.2302811261572786,reference
SIHDR_014,SIHDR_014_e03.jpg,198,4000000.000000,32,1024,SDR,13,3,100,14.0,0.38598695640651903,0.7300355165629575,0.0,0.8378265500068665,-1.074084076719396,reference
SIHDR_014,SIHDR_014_e04.jpg,199,2000000.000000,32,1024,SDR,13,4,100,14.0,0.4040640974336833,0.7070584164531479,0.0,0.7749959826469421,-1.0100527354726125,reference
SIHDR_014,SIHDR_014_e05.jpg,200,1000000.000000,32,1024,SDR,13,5,100,14.0,0.4038372323706951,0.6929633167093704,0.0,0.7384753823280334,-0.9820894010480457,reference
SIHDR_014,SIHDR_014_e06.jpg,201,500000.000000,32,1024,SDR,13,6,100,14.0,0.6136299959267612,0.4855531661786237,0.003378648883601757,0.6698855757713318,-0.360854985314088,reference
SIHDR_014,SIHDR_014_e07.jpg,202,250000.000000,32,1024,SDR,13,7,100,14.0,0.8911537315272708,0.129488184022694,0.04845208409590044,0.46634092926979065,0.5837252793859824,reference
SIHDR_014,SIHDR_014_e08.jpg,203,125000.000000,32,1024,SDR,13,8,100,14.0,0.9075119751860173,0.001085228312591508,0.12348439787701318,0.25176408886909485,0.7818571206838212,reference
SIHDR_014,SIHDR_014_e09.jpg,204,66666.666667,32,1024,SDR,13,9,100,14.0,0.8337489950661863,0.000587653275988287,0.2094161786237189,0.1346176266670227,0.6231575098904908,reference
SIHDR_014,SIHDR_014_e10.jpg,205,33333.333333,32,1024,SDR,13,10,100,14.0,0.7532903407044517,0.0004217949304538799,0.28303440702781846,0.06754837185144424,0.4694123438157255,reference
SIHDR_014,SIHDR_014_e11.jpg,206,16666.666667,32,1024,SDR,13,11,100,14.0,0.6697019979091176,0.0003102694912152269,0.29391671623352855,0.03395220637321472,0.3751647426931586,reference
SIHDR_014,SIHDR_014_e12.jpg,207,8000.000000,32,1024,SDR,13,12,100,14.0,0.5909772081185324,0.00023734901171303075,0.33795067715959004,0.01643427275121212,0.2525518329355163,reference
SIHDR_014,SIHDR_014_e13.jpg,208,4000.000000,32,1024,SDR,13,13,100,14.0,0.519661971243892,9.293786603221084e-05,0.6543855234260615,0.008301765657961369,-0.13490942791423388,reference
SIHDR_014,SIHDR_014_e14.jpg,209,2000.000000,32,1024,SDR,13,14,100,14.0,0.4504698414982653,0.0,0.9372397739751098,0.0041519468650221825,-0.4867699324768445,reference
SIHDR_015,SIHDR_015_e00.jpg,210,15000000.000000,32,1024,SDR,14,0,100,14.0,0.1660443186788931,0.8912827141288433,0.0,0.9645096063613892,-1.6165211095787935,reference
SIHDR_015,SIHDR_015_e01.jpg,211,8000000.000000,32,1024,SDR,14,1,100,14.0,0.3290371336460498,0.766216942715959,0.0,0.8982934355735779,-1.2033967517858681,reference
SIHDR_015,SIHDR_015_e02.jpg,212,6000000.000000,32,1024,SDR,14,2,100,14.0,0.40524850428724307,0.7036125663433382,0.0,0.8562752604484558,-1.0019766283994334,reference
SIHDR_015,SIHDR_015_e03.jpg,213,4000000.000000,32,1024,SDR,14,3,100,14.0,0.5042259786381066,0.618745996522694,0.0,0.7885172963142395,-0.7332660144072815,reference
SIHDR_015,SIHDR_015_e04.jpg,214,2000000.000000,32,1024,SDR,14,4,100,14.0,0.5159866985176594,0.5929178486456809,0.0,0.6928075551986694,-0.6698489987737023,reference
SIHDR_015,SIHDR_015_e05.jpg,215,1000000.000000,32,1024,SDR,14,5,100,14.0,0.515501756817132,0.5715578674048316,0.0,0.6392368078231812,-0.6276139779925313,reference
SIHDR_015,SIHDR_015_e06.jpg,216,500000.000000,32,1024,SDR,14,6,100,14.0,0.6963770296627483,0.37986279511347,0.002869635340409956,0.5577529072761536,-0.06621819590460165,reference
SIHDR_015,SIHDR_015_e07.jpg,217,250000.000000,32,1024,SDR,14,7,100,14.0,0.8986540080565678,0.0931737852306003,0.039216919838945825,0.3816642761230469,0.6730895177564213,reference
SIHDR_015,SIHDR_015_e08.jpg,218,125000.000000,32,1024,SDR,14,8,100,14.0,0.8813550100427311,0.0005290309297218155,0.14214918100292825,0.20052014291286469,0.7381477671803591,reference
SIHDR_015,SIHDR_015_e09.jpg,219,66666.666667,32,1024,SDR,14,9,100,14.0,0.8069669066994027,0.00038747941068814054,0.27686476253660325,0.10714787244796753,0.5293271853414232,reference
SIHDR_015,SIHDR_015_e10.jpg,220,33333.333333,32,1024,SDR,14,10,100,14.0,0.7257424994362388,0.00028310303806734993,0.399828708363836,0.05373389646410942,0.32534758499626815,reference
SIHDR_015,SIHDR_015_e11.jpg,221,16666.666667,32,1024,SDR,14,11,100,14.0,0.647151890759979,0.00021447199853587116,0.4079386095351391,0.026987729594111443,0.2387843372277682,reference
SIHDR_015,SIHDR_015_e12.jpg,222,8000.000000,32,1024,SDR,14,12,100,14.0,0.5604773436201111,0.0001229639458272328,0.47115637582357245,0.013039090670645237,0.08907503990488425,reference
SIHDR_015,SIHDR_015_e13.jpg,223,4000.000000,32,1024,SDR,14,13,100,14.0,0.49631557352430034,1.286831991215227e-05,0.7253142729685212,0.006553202867507935,-0.2290244360840452,reference
SIHDR_015,SIHDR_015_e14.jpg,224,2000.000000,32,1024,SDR,14,14,100,14.0,0.44049714954151403,0.0,0.9652112120241582,0.0032767383381724358,-0.5247140624826441,reference
SIHDR_018,SIHDR_018_e00.jpg,225,15000000.000000,32,1024,SDR,15,0,100,14.0,0.6494106142006573,0.41382086154831627,0.0,0.5516615509986877,-0.17823110889597527,reference
SIHDR_018,SIHDR_018_e01.jpg,226,8000000.000000,32,1024,SDR,15,1,100,14.0,0.6612234468958755,0.37662855737554907,0.0,0.4766506552696228,-0.0920336678552226,reference
SIHDR_018,SIHDR_018_e02.jpg,227,6000000.000000,32,1024,SDR,15,2,100,14.0,0.6805109561784052,0.3443991352489019,0.0,0.447685182094574,-0.008287314319398664,reference
SIHDR_018,SIHDR_018_e03.jpg,228,4000000.000000,32,1024,SDR,15,3,100,14.0,0.7428946497761261,0.2622005970900439,0.0,0.3957599401473999,0.21849345559603828,reference
SIHDR_018,SIHDR_018_e04.jpg,229,2000000.000000,32,1024,SDR,15,4,100,14.0,0.772460436107747,0.18653773563323572,0.021232727855051245,0.30831629037857056,0.37815223698622424,reference
SIHDR_018,SIHDR_018_e05.jpg,230,1000000.000000,32,1024,SDR,15,5,100,14.0,0.8249764968533019,1.286831991215227e-05,0.2817118297035139,0.19041134417057037,0.5432389305099636,reference
SIHDR_018,SIHDR_018_e06.jpg,231,500000.000000,32,1024,SDR,15,6,100,14.0,0.7449570754022107,0.0,0.4626218200951684,0.09520570933818817,0.2823352553070423,reference
SIHDR_018,SIHDR_018_e07.jpg,232,250000.000000,32,1024,SDR,15,7,100,14.0,0.6683314903813361,0.0,0.531791899249634,0.047602854669094086,0.1365395911317021,reference
SIHDR_018,SIHDR_018_e08.jpg,233,125000.000000,32,1024,SDR,15,8,100,14.0,0.6077308242991973,0.0,0.6009548293374817,0.023801427334547043,0.006775994961715659,reference
SIHDR_018,SIHDR_018_e09.jpg,234,66666.666667,32,1024,SDR,15,9,100,14.0,0.5156584102104506,0.0,0.6416201500732065,0.012694098986685276,-0.12596173986275594,reference
SIHDR_018,SIHDR_018_e10.jpg,235,33333.333333,32,1024,SDR,15,10,100,14.0,0.4905160908859589,0.0,0.7595497231881405,0.006347049493342638,-0.26903363230218164,reference
SIHDR_018,SIHDR_018_e11.jpg,236,16666.666667,32,1024,SDR,15,11,100,14.0,0.4260418492793307,0.0,0.8589660733894583,0.003173524746671319,-0.4329242241101276,reference
SIHDR_018,SIHDR_018_e12.jpg,237,8000.000000,32,1024,SDR,15,12,100,14.0,0.3499437822736142,0.0,1.0,0.0015232915757223964,-0.6500562177263858,reference
SIHDR_018,SIHDR_018_e13.jpg,238,4000.000000,32,1024,SDR,15,13,100,14.0,0.27259824685305084,0.0,1.0,0.0007616457878611982,-0.7274017531469492,reference
SIHDR_018,SIHDR_018_e14.jpg,239,2000.000000,32,1024,SDR,15,14,100,14.0,0.2222270621040294,0.0,1.0,0.0003808228939305991,-0.7777729378959706,reference
SIHDR_019,SIHDR_019_e00.jpg,240,15000000.000000,32,1024,SDR,16,0,100,14.0,0.6704923598191018,0.2999405197657394,0.0,0.3876782953739166,0.07061132028762307,reference
SIHDR_019,SIHDR_019_e01.jpg,241,8000000.000000,32,1024,SDR,16,1,100,14.0,0.6348575112008913,0.2903593406844802,0.0,0.34407949447631836,0.05413882983193086,reference
SIHDR_019,SIHDR_019_e02.jpg,242,6000000.000000,32,1024,SDR,16,2,100,14.0,0.6180174470165208,0.2862557764458272,8.006954612005857e-05,0.33006003499031067,0.045425824578746325,reference
SIHDR_019,SIHDR_019_e03.jpg,243,4000000.000000,32,1024,SDR,16,3,100,14.0,0.5947155316067315,0.2799460102489019,0.008081304904831626,0.3142600953578949,0.02674220620409605,reference
SIHDR_019,SIHDR_019_e04.jpg,244,2000000.000000,32,1024,SDR,16,4,100,14.0,0.5558549374291656,0.2686905197657394,0.2234469367679356,0.2939050495624542,-0.20497303887024876,reference
SIHDR_019,SIHDR_019_e05.jpg,245,1000000.000000,32,1024,SDR,16,5,100,14.0,0.5273162950470246,0.2471117770863836,0.5645818081991215,0.2768097519874573,-0.5314890673248641,reference
SIHDR_019,SIHDR_019_e06.jpg,246,500000.000000,32,1024,SDR,16,6,100,14.0,0.6430814621544757,0.035383590318448024,0.6618105440153733,0.20503628253936768,-0.08949626249779363,reference
SIHDR_019,SIHDR_019_e07.jpg,247,250000.000000,32,1024,SDR,16,7,100,14.0,0.5873976893984337,0.0,0.6887224903916545,0.10348419100046158,-0.10132480099322072,reference
SIHDR_019,SIHDR_019_e08.jpg,248,125000.000000,32,1024,SDR,16,8,100,14.0,0.5053432306726311,0.0,0.7033394719985359,0.05174209550023079,-0.19799624132590476,reference
SIHDR_019,SIHDR_019_e09.jpg,249,66666.666667,32,1024,SDR,16,9,100,14.0,0.45819889462277863,0.0,0.712435944363104,0.027595778927206993,-0.25423704974032535,reference
SIHDR_019,SIHDR_019_e10.jpg,250,33333.333333,32,1024,SDR,16,10,100,14.0,0.443315294308628,0.0,0.7231209393301611,0.013797889463603497,-0.2798056450215331,reference
SIHDR_019,SIHDR_019_e11.jpg,251,16666.666667,32,1024,SDR,16,11,100,14.0,0.3430392027338886,0.0,0.7349698023426061,0.006898944731801748,-0.3919305996087175,reference
SIHDR_019,SIHDR_019_e12.jpg,252,8000.000000,32,1024,SDR,16,12,100,14.0,0.28617345217071316,0.0,0.8056855096998536,0.003311494365334511,-0.5195120575291405,reference
SIHDR_019,SIHDR_019_e13.jpg,253,4000.000000,32,1024,SDR,16,13,100,14.0,0.24123207681111428,0.0,1.0,0.0016557471826672554,-0.7587679231888858,reference
SIHDR_019,SIHDR_019_e14.jpg,254,2000.000000,32,1024,SDR,16,14,100,14.0,0.21690589060615928,0.0,1.0,0.0008278735913336277,-0.7830941093938407,reference
SIHDR_020,SIHDR_020_e00.jpg,255,15000000.000000,32,1024,SDR,17,0,100,14.0,0.6798563101327599,0.2758896298499268,0.0,0.37582409381866455,0.1280770504329063,reference
SIHDR_020,SIHDR_020_e01.jpg,256,8000000.000000,32,1024,SDR,17,1,100,14.0,0.6471193030398075,0.2629083546852123,0.0,0.32562506198883057,0.1213025936693829,reference
SIHDR_020,SIHDR_020_e02.jpg,257,6000000.000000,32,1024,SDR,17,2,100,14.0,0.6319012146354791,0.25700322565885797,0.0,0.3091115951538086,0.11789476331776316,reference
SIHDR_020,SIHDR_020_e03.jpg,258,4000000.000000,32,1024,SDR,17,3,100,14.0,0.6109616292987086,0.24820415446559296,4.575402635431918e-05,0.29006320238113403,0.11450756634116832,reference
SIHDR_020,SIHDR_020_e04.jpg,259,2000000.000000,32,1024,SDR,17,4,100,14.0,0.5743624959844269,0.23333266608711567,0.1873598782942899,0.26491081714630127,-0.07966271448409434,reference
SIHDR_020,SIHDR_020_e05.jpg,260,1000000.000000,32,1024,SDR,17,5,100,14.0,0.571834639700456,0.18482767889824306,0.5490140007320644,0.2400754690170288,-0.3468347188280945,reference
SIHDR_020,SIHDR_020_e06.jpg,261,500000.000000,32,1024,SDR,17,6,100,14.0,0.5517292364782302,0.0,0.6721824098645681,0.1254805028438568,-0.12045317338633788,reference
SIHDR_020,SIHDR_020_e07.jpg,262,250000.000000,32,1024,SDR,17,7,100,14.0,0.4816324290988125,0.0,0.711214883784773,0.0627402514219284,-0.22958245468596056,reference
SIHDR_020,SIHDR_020_e08.jpg,263,125000.000000,32,1024,SDR,17,8,100,14.0,0.41608419833842397,0.0,0.7283983803074671,0.0313701257109642,-0.3123141819690431,reference
SIHDR_020,SIHDR_020_e09.jpg,264,66666.666667,32,1024,SDR,17,9,100,14.0,0.37022144490378356,0.0,0.7410193425146413,0.016730738803744316,-0.37079789761085774,reference
SIHDR_020,SIHDR_020_e10.jpg,265,33333.333333,32,1024,SDR,17,10,100,14.0,0.3880119117820639,0.0,0.7558936905197657,0.008365369401872158,-0.36788177873770184,reference
SIHDR_020,SIHDR_020_e11.jpg,266,16666.666667,32,1024,SDR,17,11,100,14.0,0.28542282639475625,0.0,0.7718675649707174,0.004182684700936079,-0.48644473857596116,reference
SIHDR_020,SIHDR_020_e12.jpg,267,8000.000000,32,1024,SDR,17,12,100,14.0,0.2122354603232488,0.0,1.0,0.002007689094170928,-0.7877645396767512,reference
SIHDR_020,SIHDR_020_e13.jpg,268,4000.000000,32,1024,SDR,17,13,100,14.0,0.2072132964517148,0.0,1.0,0.001003844547085464,-0.7927867035482852,reference
SIHDR_020,SIHDR_020_e14.jpg,269,2000.000000,32,1024,SDR,17,14,100,14.0,0.16076207870282458,0.0,1.0,0.000501922273542732,-0.8392379212971754,reference
SIHDR_021,SIHDR_021_e00.jpg,270,15000000.000000,32,1024,SDR,18,0,100,14.0,0.6878991813297813,0.20061281799048317,0.0,0.2770082354545593,0.286673545348815,reference
SIHDR_021,SIHDR_021_e01.jpg,271,8000000.000000,32,1024,SDR,18,1,100,14.0,0.6425854516550741,0.1917851505307467,0.0,0.2388797402381897,0.25901515059358066,reference
SIHDR_021,SIHDR_021_e02.jpg,272,6000000.000000,32,1024,SDR,18,2,100,14.0,0.6217364410309744,0.1879575402635432,0.003468727122986823,0.22656354308128357,0.24235263338090116,reference
SIHDR_021,SIHDR_021_e03.jpg,273,4000000.000000,32,1024,SDR,18,3,100,14.0,0.591894039582156,0.18265722227306003,0.059051290263543194,0.21270443499088287,0.16752830477249278,reference
SIHDR_021,SIHDR_021_e04.jpg,274,2000000.000000,32,1024,SDR,18,4,100,14.0,0.5454120832362886,0.17118868960468522,0.4606586864019034,0.19446374475955963,-0.2576239823749852,reference
SIHDR_021,SIHDR_021_e05.jpg,275,1000000.000000,32,1024,SDR,18,5,100,14.0,0.5025344406543113,0.15716222090043924,0.7127805293740849,0.1789499670267105,-0.5245705305206521,reference
SIHDR_021,SIHDR_021_e06.jpg,276,500000.000000,32,1024,SDR,18,6,100,14.0,0.5327514594341187,0.02259962939238653,0.769688529465593,0.14654640853405,-0.2821363288162473,reference
SIHDR_021,SIHDR_021_e07.jpg,277,250000.000000,32,1024,SDR,18,7,100,14.0,0.48408417659479025,0.0,0.7898531867679356,0.07330609112977982,-0.30576901017314534,reference
SIHDR_021,SIHDR_021_e08.jpg,278,125000.000000,32,1024,SDR,18,8,100,14.0,0.3785980422593635,0.0,0.8023955092423133,0.03665304556488991,-0.4237974669829498,reference
SIHDR_021,SIHDR_021_e09.jpg,279,66666.666667,32,1024,SDR,18,9,100,14.0,0.400830806552085,0.0,0.8107899432650073,0.01954829692840576,-0.40995913671292233,reference
SIHDR_021,SIHDR_021_e10.jpg,280,33333.333333,32,1024,SDR,18,10,100,14.0,0.3259105247223526,0.0,0.8203010614934114,0.00977414846420288,-0.4943905367710588,reference
SIHDR_021,SIHDR_021_e11.jpg,281,16666.666667,32,1024,SDR,18,11,100,14.0,0.24621758308207342,0.0,0.8324587641837482,0.00488707423210144,-0.5862411811016748,reference
SIHDR_021,SIHDR_021_e12.jpg,282,8000.000000,32,1024,SDR,18,12,100,14.0,0.2096560822864814,0.0,0.8505787884333821,0.002345795277506113,-0.6409227061469007,reference
SIHDR_021,SIHDR_021_e13.jpg,283,4000.000000,32,1024,SDR,18,13,100,14.0,0.17514249875900675,0.0,1.0,0.0011728976387530565,-0.8248575012409932,reference
SIHDR_021,SIHDR_021_e14.jpg,284,2000.000000,32,1024,SDR,18,14,100,14.0,0.16516498096431506,0.0,1.0,0.0005864488193765283,-0.8348350190356849,reference
SIHDR_022,SIHDR_022_e00.jpg,285,15000000.000000,32,1024,SDR,19,0,100,14.0,0.5970523996131271,0.38601385203147875,0.0,0.46349745988845825,-0.17497530444983045,reference
SIHDR_022,SIHDR_022_e01.jpg,286,8000000.000000,32,1024,SDR,19,1,100,14.0,0.573057281349715,0.37368886118228406,0.0,0.4238728880882263,-0.1743204410148531,reference
SIHDR_022,SIHDR_022_e02.jpg,287,6000000.000000,32,1024,SDR,19,2,100,14.0,0.560703453089532,0.3687202598828697,0.0,0.41061973571777344,-0.17673706667620748,reference
SIHDR_022,SIHDR_022_e03.jpg,288,4000000.000000,32,1024,SDR,19,3,100,14.0,0.542805677750317,0.36192292734260617,0.0024635683565153734,0.3953680992126465,-0.18350374529141075,reference
SIHDR_022,SIHDR_022_e04.jpg,289,2000000.000000,32,1024,SDR,19,4,100,14.0,0.5150871049326156,0.34833541132869694,0.2295951340592972,0.3747430443763733,-0.41117885178407554,reference
SIHDR_022,SIHDR_022_e05.jpg,290,1000000.000000,32,1024,SDR,19,5,100,14.0,0.4966688859018114,0.33014389641288433,0.5267961314970717,0.35662633180618286,-0.690415038421029,reference
SIHDR_022,SIHDR_022_e06.jpg,291,500000.000000,32,1024,SDR,19,6,100,14.0,0.6201925549281865,0.0,0.5687397053440703,0.25138717889785767,0.05145284958411622,reference
SIHDR_022,SIHDR_022_e07.jpg,292,250000.000000,32,1024,SDR,19,7,100,14.0,0.553698311350657,0.0,0.5960319820644217,0.12569358944892883,-0.042333670713764704,reference
SIHDR_022,SIHDR_022_e08.jpg,293,125000.000000,32,1024,SDR,19,8,100,14.0,0.4716255367747238,0.0,0.6183270612188873,0.06284679472446442,-0.14670152444416346,reference
SIHDR_022,SIHDR_022_e09.jpg,294,66666.666667,32,1024,SDR,19,9,100,14.0,0.4297622717384815,0.0,0.6296526125549048,0.03351829946041107,-0.19989034081642326,reference
SIHDR_022,SIHDR_022_e10.jpg,295,33333.333333,32,1024,SDR,19,10,100,14.0,0.4044871428482517,0.0,0.6418346220717424,0.016759149730205536,-0.23734747922349064,reference
SIHDR_022,SIHDR_022_e11.jpg,296,16666.666667,32,1024,SDR,19,11,100,14.0,0.3337370032390536,0.0,0.6561413341874085,0.008379574865102768,-0.3224043309483549,reference
SIHDR_022,SIHDR_022_e12.jpg,297,8000.000000,32,1024,SDR,19,12,100,14.0,0.3015891616375997,0.0,0.6979762422218155,0.004022195935249329,-0.39638708058421585,reference
SIHDR_022,SIHDR_022_e13.jpg,298,4000.000000,32,1024,SDR,19,13,100,14.0,0.26644197897749156,0.0,1.0,0.0020110979676246643,-0.7335580210225084,reference
SIHDR_022,SIHDR_022_e14.jpg,299,2000.000000,32,1024,SDR,19,14,100,14.0,0.2021005473263393,0.0,1.0,0.0010055489838123322,-0.7978994526736607,reference
SIHDR_023,SIHDR_023_e00.jpg,300,15000000.000000,32,1024,SDR,20,0,100,14.0,0.702856306270768,0.07248724606515373,0.047508407302342605,0.12246090918779373,0.5103734068381179,reference
SIHDR_023,SIHDR_023_e01.jpg,301,8000000.000000,32,1024,SDR,20,1,100,14.0,0.6539212291661813,0.05612017295021962,0.2390562088213763,0.0950743779540062,0.30262467444436575,reference
SIHDR_023,SIHDR_023_e02.jpg,302,6000000.000000,32,1024,SDR,20,2,100,14.0,0.6331223992806032,0.04645177525622255,0.38579223096632503,0.08374573290348053,0.15442661780183303,reference
SIHDR_023,SIHDR_023_e03.jpg,303,4000000.000000,32,1024,SDR,20,3,100,14.0,0.5974518324407332,0.03934846266471449,0.6126907370973645,0.06986849009990692,-0.09393582998606032,reference
SIHDR_023,SIHDR_023_e04.jpg,304,2000000.000000,32,1024,SDR,20,4,100,14.0,0.533538950392385,0.028284567166910687,0.822198423773792,0.05147835612297058,-0.34522860771522845,reference
SIHDR_023,SIHDR_023_e05.jpg,305,1000000.000000,32,1024,SDR,20,5,100,14.0,0.4826432021554881,0.001567075402635432,0.8772919907576867,0.032157327979803085,-0.39778293940746945,reference
SIHDR_023,SIHDR_023_e06.jpg,306,500000.000000,32,1024,SDR,20,6,100,14.0,0.40328469301827985,0.0,0.8993883258601757,0.016112731769680977,-0.49610363284189585,reference
SIHDR_023,SIHDR_023_e07.jpg,307,250000.000000,32,1024,SDR,20,7,100,14.0,0.34769009603235695,0.0,0.9164431391837482,0.008056365884840488,-0.5687530431513912,reference
SIHDR_023,SIHDR_023_e08.jpg,308,125000.000000,32,1024,SDR,20,8,100,14.0,0.32750025452220344,0.0,0.9320881565702782,0.004028182942420244,-0.6045879020480748,reference
SIHDR_023,SIHDR_023_e09.jpg,309,66666.666667,32,1024,SDR,20,9,100,14.0,0.2362976777458711,0.0,0.9517395108894583,0.0021483644377440214,-0.7154418331435872,reference
SIHDR_023,SIHDR_023_e10.jpg,310,33333.333333,32,1024,SDR,20,10,100,14.0,0.16758514221738585,0.0,0.9636770223279648,0.0010741822188720107,-0.796091880110579,reference
SIHDR_023,SIHDR_023_e11.jpg,311,16666.666667,32,1024,SDR,20,11,100,14.0,0.13194710000086834,0.0,0.97761913204612,0.0005370911094360054,-0.8456720320452518,reference
SIHDR_023,SIHDR_023_e12.jpg,312,8000.000000,32,1024,SDR,20,12,100,14.0,0.10531235882790001,0.0,1.0,0.00025780373835004866,-0.8946876411721,reference
SIHDR_023,SIHDR_023_e13.jpg,313,4000.000000,32,1024,SDR,20,13,100,14.0,0.08348637525787694,0.0,1.0,0.00012890186917502433,-0.9165136247421231,reference
SIHDR_023,SIHDR_023_e14.jpg,314,2000.000000,32,1024,SDR,20,14,100,14.0,0.06174803851782953,0.0,1.0,6.445093458751217e-05,-0.9382519614821705,reference
SIHDR_025,SIHDR_025_e00.jpg,315,15000000.000000,32,1024,SDR,21,0,100,14.0,0.6287980998217685,0.153112989568082,0.0,0.2060043066740036,0.3225721206856045,reference
SIHDR_025,SIHDR_025_e01.jpg,316,8000000.000000,32,1024,SDR,21,1,100,14.0,0.5895323288044467,0.13765813735358712,0.13108814513177158,0.17730164527893066,0.1831279089655009,reference
SIHDR_025,SIHDR_025_e02.jpg,317,6000000.000000,32,1024,SDR,21,2,100,14.0,0.5745091365789443,0.12910499405197656,0.36684863424231334,0.16616405546665192,-0.050549485767322155,reference
SIHDR_025,SIHDR_025_e03.jpg,318,4000000.000000,32,1024,SDR,21,3,100,14.0,0.5512351754769708,0.11660842560395315,0.6095294198389458,0.15142957866191864,-0.29151109556988136,reference
SIHDR_025,SIHDR_025_e04.jpg,319,2000000.000000,32,1024,SDR,21,4,100,14.0,0.5207334985474376,0.08688546623352855,0.7390061653550513,0.12628407776355743,-0.3920435992746708,reference
SIHDR_025,SIHDR_025_e05.jpg,320,1000000.000000,32,1024,SDR,21,5,100,14.0,0.49151311992166286,0.0,0.7590821742313324,0.08026669174432755,-0.26756905430966954,reference
SIHDR_025,SIHDR_025_e06.jpg,321,500000.000000,32,1024,SDR,21,6,100,14.0,0.46445520306425087,0.0,0.8169524386896047,0.04013334587216377,-0.3524972356253538,reference
SIHDR_025,SIHDR_025_e07.jpg,322,250000.000000,32,1024,SDR,21,7,100,14.0,0.3632093538294858,0.0,0.835068173499268,0.020066672936081886,-0.47185881966978216,reference
SIHDR_025,SIHDR_025_e08.jpg,323,125000.000000,32,1024,SDR,21,8,100,14.0,0.40841331453642965,0.0,0.8513694752013177,0.010033336468040943,-0.442956160664888,reference
SIHDR_025,SIHDR_025_e09.jpg,324,66666.666667,32,1024,SDR,21,9,100,14.0,0.3084511720778624,0.0,0.8681826500732065,0.005351115949451923,-0.5597314779953442,reference
SIHDR_025,SIHDR_025_e10.jpg,325,33333.333333,32,1024,SDR,21,10,100,14.0,0.2563326573808398,0.0,0.8900058908308931,0.0026755579747259617,-0.6336732334500532,reference
SIHDR_025,SIHDR_025_e11.jpg,326,16666.666667,32,1024,SDR,21,11,100,14.0,0.2215876746583703,0.0,0.9279245401720352,0.0013377789873629808,-0.7063368655136649,reference
SIHDR_025,SIHDR_025_e12.jpg,327,8000.000000,32,1024,SDR,21,12,100,14.0,0.17391624309990425,0.0,1.0,0.0006421338766813278,-0.8260837569000957,reference
SIHDR_025,SIHDR_025_e13.jpg,328,4000.000000,32,1024,SDR,21,13,100,14.0,0.14196335334697413,0.0,1.0,0.0003210669383406639,-0.8580366466530258,reference
SIHDR_025,SIHDR_025_e14.jpg,329,2000.000000,32,1024,SDR,21,14,100,14.0,0.11822958073148375,0.0,1.0,0.00016053346917033195,-0.8817704192685163,reference
SIHDR_027,SIHDR_027_e00.jpg,330,15000000.000000,32,1024,SDR,22,0,100,14.0,0.7253663473846709,0.06968624176427525,0.3338857178806735,0.14078138768672943,0.2521081459754469,reference
SIHDR_027,SIHDR_027_e01.jpg,331,8000000.000000,32,1024,SDR,22,1,100,14.0,0.69927288308969,0.022898460377013177,0.5905715249816984,0.09295234084129333,0.06290443735396534,reference
SIHDR_027,SIHDR_027_e02.jpg,332,6000000.000000,32,1024,SDR,22,2,100,14.0,0.676173083691697,0.013031318631039531,0.662918649341142,0.07398856431245804,-0.012808202911523958,reference
SIHDR_027,SIHDR_027_e03.jpg,333,4000000.000000,32,1024,SDR,22,3,100,14.0,0.6391576804201679,0.003999187866032211,0.730646046852123,0.05175323784351349,-0.09948674216401954,reference
SIHDR_027,SIHDR_027_e04.jpg,334,2000000.000000,32,1024,SDR,22,4,100,14.0,0.5618975539813047,0.0,0.7827841896961932,0.026112638413906097,-0.22088663571488854,reference
SIHDR_027,SIHDR_027_e05.jpg,335,1000000.000000,32,1024,SDR,22,5,100,14.0,0.48498384841089787,0.0,0.8203039211200586,0.013056319206953049,-0.3353200727091607,reference
SIHDR_027,SIHDR_027_e06.jpg,336,500000.000000,32,1024,SDR,22,6,100,14.0,0.43788708337650095,0.0,0.8555788456259151,0.006528159603476524,-0.4176917622494142,reference
SIHDR_027,SIHDR_027_e07.jpg,337,250000.000000,32,1024,SDR,22,7,100,14.0,0.3840952088361456,0.0,0.8906807627196194,0.003264079801738262,-0.5065855538834738,reference
SIHDR_027,SIHDR_027_e08.jpg,338,125000.000000,32,1024,SDR,22,8,100,14.0,0.2922146376316505,0.0,0.951961131954612,0.001632039900869131,-0.6597464943229614,reference
SIHDR_027,SIHDR_027_e09.jpg,339,66666.666667,32,1024,SDR,22,9,100,14.0,0.23255265011502738,0.0,0.9841948435212299,0.0008704211795702577,-0.7516421934062025,reference
SIHDR_027,SIHDR_027_e10.jpg,340,33333.333333,32,1024,SDR,22,10,100,14.0,0.18693680976830054,0.0,0.9991421120058566,0.00043521058978512883,-0.812205302237556,reference
SIHDR_027,SIHDR_027_e11.jpg,341,16666.666667,32,1024,SDR,22,11,100,14.0,0.14648098358366698,0.0,1.0,0.00021760529489256442,-0.853519016416333,reference
SIHDR_027,SIHDR_027_e12.jpg,342,8000.000000,32,1024,SDR,22,12,100,14.0,0.10557976707957649,0.0,1.0,0.00010445060615893453,-0.8944202329204235,reference
SIHDR_027,SIHDR_027_e13.jpg,343,4000.000000,32,1024,SDR,22,13,100,14.0,0.07029365468175146,0.0,1.0,5.222530307946727e-05,-0.9297063453182486,reference
SIHDR_027,SIHDR_027_e14.jpg,344,2000.000000,32,1024,SDR,22,14,100,14.0,0.026534014530116102,0.0,1.0,2.6112651539733633e-05,-0.9734659854698839,reference
SIHDR_028,SIHDR_028_e00.jpg,345,15000000.000000,32,1024,SDR,23,0,100,14.0,0.7755918263459539,0.0,0.0009536854868228404,0.18935588002204895,0.7746381408591311,reference
SIHDR_028,SIHDR_028_e01.jpg,346,8000000.000000,32,1024,SDR,23,1,100,14.0,0.70145755642278,0.0,0.0508799071193265,0.10098973661661148,0.6505776493034534,reference
SIHDR_028,SIHDR_028_e02.jpg,347,6000000.000000,32,1024,SDR,23,2,100,14.0,0.6693375799274843,0.0,0.14696622209004392,0.07574234157800674,0.5223713578374404,reference
SIHDR_028,SIHDR_028_e03.jpg,348,4000000.000000,32,1024,SDR,23,3,100,14.0,0.6212819848221937,0.0,0.3883701843887262,0.05049486830830574,0.23291180043346743,reference
SIHDR_028,SIHDR_028_e04.jpg,349,2000000.000000,32,1024,SDR,23,4,100,14.0,0.5423330163150596,0.0,0.6040274981698389,0.02524743415415287,-0.061694481854779326,reference
SIHDR_028,SIHDR_028_e05.jpg,350,1000000.000000,32,1024,SDR,23,5,100,14.0,0.47649222120068696,0.0,0.6488564353038068,0.012623717077076435,-0.1723642141031198,reference
SIHDR_028,SIHDR_028_e06.jpg,351,500000.000000,32,1024,SDR,23,6,100,14.0,0.42374514738308866,0.0,0.6672481240849195,0.0063118585385382175,-0.24350297670183085,reference
SIHDR_028,SIHDR_028_e07.jpg,352,250000.000000,32,1024,SDR,23,7,100,14.0,0.3196462269986008,0.0,0.9478732956625183,0.0031559292692691088,-0.6282270686639175,reference
SIHDR_028,SIHDR_028_e08.jpg,353,125000.000000,32,1024,SDR,23,8,100,14.0,0.3339584256352059,0.0,1.0,0.0015779646346345544,-0.666041574364794,reference
SIHDR_028,SIHDR_028_e09.jpg,354,66666.666667,32,1024,SDR,23,9,100,14.0,0.2691078288656064,0.0,1.0,0.0008415815536864102,-0.7308921711343936,reference
SIHDR_028,SIHDR_028_e10.jpg,355,33333.333333,32,1024,SDR,23,10,100,14.0,0.21840310298391066,0.0,1.0,0.0004207907768432051,-0.7815968970160894,reference
SIHDR_028,SIHDR_028_e11.jpg,356,16666.666667,32,1024,SDR,23,11,100,14.0,0.15476854570854623,0.0,1.0,0.00021039538842160255,-0.8452314542914537,reference
SIHDR_028,SIHDR_028_e12.jpg,357,8000.000000,32,1024,SDR,23,12,100,14.0,0.11563915114198775,0.0,1.0,0.00010098978236783296,-0.8843608488580122,reference
SIHDR_028,SIHDR_028_e13.jpg,358,4000.000000,32,1024,SDR,23,13,100,14.0,-0.0,0.0,1.0,5.049489118391648e-05,-1.0,reference
SIHDR_028,SIHDR_028_e14.jpg,359,2000.000000,32,1024,SDR,23,14,100,14.0,-0.0,0.0,1.0,2.524744559195824e-05,-1.0,reference
SIHDR_029,SIHDR_029_e00.jpg,360,15000000.000000,32,1024,SDR,24,0,100,14.0,-0.0,1.0,0.0,1.0,-2.0,reference
SIHDR_029,SIHDR_029_e01.jpg,361,8000000.000000,32,1024,SDR,24,1,100,14.0,-0.0,1.0,0.0,1.0,-2.0,reference
SIHDR_029,SIHDR_029_e02.jpg,362,6000000.000000,32,1024,SDR,24,2,100,14.0,-0.0,1.0,0.0,1.0,-2.0,reference
SIHDR_029,SIHDR_029_e03.jpg,363,4000000.000000,32,1024,SDR,24,3,100,14.0,-0.0,1.0,0.0,1.0,-2.0,reference
SIHDR_029,SIHDR_029_e04.jpg,364,2000000.000000,32,1024,SDR,24,4,100,14.0,0.0009005054032136945,0.9996196696559297,0.0,0.9999517202377319,-1.9983388339086459,reference
SIHDR_029,SIHDR_029_e05.jpg,365,1000000.000000,32,1024,SDR,24,5,100,14.0,0.012055303031491967,0.994405140464861,0.0,0.9984046816825867,-1.9767549778982298,reference
SIHDR_029,SIHDR_029_e06.jpg,366,500000.000000,32,1024,SDR,24,6,100,14.0,0.03999126966281919,0.9794635912335286,0.0,0.9928377866744995,-1.9189359128042378,reference
SIHDR_029,SIHDR_029_e07.jpg,367,250000.000000,32,1024,SDR,24,7,100,14.0,0.10261117578990049,0.9391800306551976,0.0,0.9778810739517212,-1.7757488855204948,reference
SIHDR_029,SIHDR_029_e08.jpg,368,125000.000000,32,1024,SDR,24,8,100,14.0,0.5034192869478238,0.5502665172035139,0.0,0.875408411026001,-0.5971137474592041,reference
SIHDR_029,SIHDR_029_e09.jpg,369,66666.666667,32,1024,SDR,24,9,100,14.0,0.8490735017078368,0.07604891105417276,0.0,0.5775707960128784,0.6969756795994912,reference
SIHDR_029,SIHDR_029_e10.jpg,370,33333.333333,32,1024,SDR,24,10,100,14.0,0.8237764520052564,0.002763829154465593,0.0,0.2983091175556183,0.8182487936963252,reference
SIHDR_029,SIHDR_029_e11.jpg,371,16666.666667,32,1024,SDR,24,11,100,14.0,0.7425591834634071,0.00033171669106881406,0.001624267935578331,0.1494879275560379,0.7402714821456912,reference
SIHDR_029,SIHDR_029_e12.jpg,372,8000.000000,32,1024,SDR,24,12,100,14.0,0.6551711003925523,0.0001730074121522694,0.008884859992679356,0.07187584787607193,0.6459402255755684,reference
SIHDR_029,SIHDR_029_e13.jpg,373,4000.000000,32,1024,SDR,24,13,100,14.0,0.5729720591756703,9.007823938506589e-05,0.027802720076866766,0.03599816933274269,0.5449891826200334,reference
SIHDR_029,SIHDR_029_e14.jpg,374,2000.000000,32,1024,SDR,24,14,100,14.0,0.49144774269925895,3.860495973645681e-05,0.12026445827232797,0.01802949234843254,0.3711060745074581,reference
SIHDR_030,SIHDR_030_e00.jpg,375,15000000.000000,32,1024,SDR,25,0,100,14.0,-0.0,1.0,0.0,1.0,-2.0,reference
SIHDR_030,SIHDR_030_e01.jpg,376,8000000.000000,32,1024,SDR,25,1,100,14.0,-0.0,1.0,0.0,1.0,-2.0,reference
SIHDR_030,SIHDR_030_e02.jpg,377,6000000.000000,32,1024,SDR,25,2,100,14.0,-0.0,1.0,0.0,1.0,-2.0,reference
SIHDR_030,SIHDR_030_e03.jpg,378,4000000.000000,32,1024,SDR,25,3,100,14.0,-0.0,1.0,0.0,1.0,-2.0,reference
SIHDR_030,SIHDR_030_e04.jpg,379,2000000.000000,32,1024,SDR,25,4,100,14.0,0.01687923546108604,0.9911937797401171,0.0,0.9984581470489502,-1.9655083240191482,reference
SIHDR_030,SIHDR_030_e05.jpg,380,1000000.000000,32,1024,SDR,25,5,100,14.0,0.054406710698264533,0.970535836841142,0.0,0.9892016649246216,-1.8866649629840193,reference
SIHDR_030,SIHDR_030_e06.jpg,381,500000.000000,32,1024,SDR,25,6,100,14.0,0.1289107258831433,0.9230846220717424,0.0,0.9680430293083191,-1.7172585182603415,reference
SIHDR_030,SIHDR_030_e07.jpg,382,250000.000000,32,1024,SDR,25,7,100,14.0,0.28663391856061865,0.8061401903367497,0.0,0.9142978191375732,-1.3256464621128807,reference
SIHDR_030,SIHDR_030_e08.jpg,383,125000.000000,32,1024,SDR,25,8,100,14.0,0.7007185044064816,0.3606146481515373,0.0,0.7606450319290161,-0.020510791896592995,reference
SIHDR_030,SIHDR_030_e09.jpg,384,66666.666667,32,1024,SDR,25,9,100,14.0,0.8939404691687862,0.054969173224743775,0.0,0.46970561146736145,0.7840021227192987,reference
SIHDR_030,SIHDR_030_e10.jpg,385,33333.333333,32,1024,SDR,25,10,100,14.0,0.8538629963860904,0.0057106744143484624,0.0003574533308931186,0.24438558518886566,0.8420841942265004,reference
SIHDR_030,SIHDR_030_e11.jpg,386,16666.666667,32,1024,SDR,25,11,100,14.0,0.7750054227263831,0.0012224903916544655,0.014305282302342607,0.12333028018474579,0.7582551596407315,reference
SIHDR_030,SIHDR_030_e12.jpg,387,8000.000000,32,1024,SDR,25,12,100,14.0,0.6883876746288041,0.0005433290629575403,0.041065668466325034,0.059594400227069855,0.6462353480365639,reference
SIHDR_030,SIHDR_030_e13.jpg,388,4000.000000,32,1024,SDR,25,13,100,14.0,0.6067364716795369,0.0002730943448023426,0.11147539577232797,0.029986590147018433,0.4947148872176043,reference
SIHDR_030,SIHDR_030_e14.jpg,389,2000.000000,32,1024,SDR,25,14,100,14.0,0.5260613758979665,0.00010151674597364568,0.27095105463030744,0.015074227005243301,0.2549072877757118,reference
SIHDR_031,SIHDR_031_e00.jpg,390,15000000.000000,32,1024,SDR,26,0,100,14.0,-0.0,1.0,0.0,1.0,-2.0,reference
SIHDR_031,SIHDR_031_e01.jpg,391,8000000.000000,32,1024,SDR,26,1,100,14.0,-0.0,1.0,0.0,1.0,-2.0,reference
SIHDR_031,SIHDR_031_e02.jpg,392,6000000.000000,32,1024,SDR,26,2,100,14.0,-0.0,1.0,0.0,1.0,-2.0,reference
SIHDR_031,SIHDR_031_e03.jpg,393,4000000.000000,32,1024,SDR,26,3,100,14.0,-0.0,1.0,0.0,1.0,-2.0,reference
SIHDR_031,SIHDR_031_e04.jpg,394,2000000.000000,32,1024,SDR,26,4,100,14.0,-0.0,1.0,0.0,1.0,-2.0,reference
SIHDR_031,SIHDR_031_e05.jpg,395,1000000.000000,32,1024,SDR,26,5,100,14.0,0.004212579695917692,0.9976965707357247,0.0,0.9998028874397278,-1.9911805617755318,reference
SIHDR_031,SIHDR_031_e06.jpg,396,500000.000000,32,1024,SDR,26,6,100,14.0,0.05393518909695261,0.9693762582357247,0.0,0.9916165471076965,-1.8848173273744968,reference
SIHDR_031,SIHDR_031_e07.jpg,397,250000.000000,32,1024,SDR,26,7,100,14.0,0.16743329266089865,0.891324178715227,0.0,0.9623230695724487,-1.6152150647695553,reference
SIHDR_031,SIHDR_031_e08.jpg,398,125000.000000,32,1024,SDR,26,8,100,14.0,0.532692946116871,0.544617324762079,0.0,0.8465527892112732,-0.556541703407287,reference
SIHDR_031,SIHDR_031_e09.jpg,399,66666.666667,32,1024,SDR,26,9,100,14.0,0.8172987558261174,0.20752167596998536,0.0,0.6010791063308716,0.4022554038861467,reference
SIHDR_031,SIHDR_031_e10.jpg,400,33333.333333,32,1024,SDR,26,10,100,14.0,0.8711209732987246,0.08583598325402636,0.0,0.3632819950580597,0.6994490067906719,reference
SIHDR_031,SIHDR_031_e11.jpg,401,16666.666667,32,1024,SDR,26,11,100,14.0,0.831806528087482,0.05338922950219619,0.0,0.21383079886436462,0.7250280690830896,reference
SIHDR_031,SIHDR_031_e12.jpg,402,8000.000000,32,1024,SDR,26,12,100,14.0,0.7757216046501414,0.02802005170204978,0.009153664897510981,0.12233886122703552,0.7105278363485308,reference
SIHDR_031,SIHDR_031_e13.jpg,403,4000.000000,32,1024,SDR,26,13,100,14.0,0.7082937003513065,0.01615689055636896,0.046537564055636894,0.07175469398498535,0.6294423551829316,reference
SIHDR_031,SIHDR_031_e14.jpg,404,2000.000000,32,1024,SDR,26,14,100,14.0,0.6355161733285979,0.009359558016105418,0.17390819454612005,0.041646603494882584,0.44288886275026695,reference
SIHDR_032,SIHDR_032_e00.jpg,405,15000000.000000,32,1024,SDR,27,0,100,14.0,-0.0,1.0,0.0,1.0,-2.0,reference
SIHDR_032,SIHDR_032_e01.jpg,406,8000000.000000,32,1024,SDR,27,1,100,14.0,-0.0,1.0,0.0,1.0,-2.0,reference
SIHDR_032,SIHDR_032_e02.jpg,407,6000000.000000,32,1024,SDR,27,2,100,14.0,-0.0,1.0,0.0,1.0,-2.0,reference
SIHDR_032,SIHDR_032_e03.jpg,408,4000000.000000,32,1024,SDR,27,3,100,14.0,-0.0,1.0,0.0,1.0,-2.0,reference
SIHDR_032,SIHDR_032_e04.jpg,409,2000000.000000,32,1024,SDR,27,4,100,14.0,0.006252505859506507,0.9968515510614934,0.0,0.9995781779289246,-1.9874505962634803,reference
SIHDR_032,SIHDR_032_e05.jpg,410,1000000.000000,32,1024,SDR,27,5,100,14.0,0.10799725225049699,0.9295974217606149,0.0,0.9830014109611511,-1.7511975912707327,reference
SIHDR_032,SIHDR_032_e06.jpg,411,500000.000000,32,1024,SDR,27,6,100,14.0,0.27826078903482415,0.8041842057101025,0.0,0.9200183749198914,-1.330107622385381,reference
SIHDR_032,SIHDR_032_e07.jpg,412,250000.000000,32,1024,SDR,27,7,100,14.0,0.42758387070569387,0.6849763794838946,0.0,0.8253290057182312,-0.9423688882620953,reference
SIHDR_032,SIHDR_032_e08.jpg,413,125000.000000,32,1024,SDR,27,8,100,14.0,0.45699188617239656,0.6519105165629575,0.0,0.7431315183639526,-0.8468291469535185,reference
SIHDR_032,SIHDR_032_e09.jpg,414,66666.666667,32,1024,SDR,27,9,100,14.0,0.45031176575928505,0.6417717102855052,0.0,0.6976915597915649,-0.8332316548117253,reference
SIHDR_032,SIHDR_032_e10.jpg,415,33333.333333,32,1024,SDR,27,10,100,14.0,0.5661299702687762,0.5055905700951684,1.7157759882869693e-05,0.6513305306434631,-0.44506832768144344,reference
SIHDR_032,SIHDR_032_e11.jpg,416,16666.666667,32,1024,SDR,27,11,100,14.0,0.8592271601226731,0.13427376921669107,0.011166842057101025,0.4635140299797058,0.5795127796321898,reference
SIHDR_032,SIHDR_032_e12.jpg,417,8000.000000,32,1024,SDR,27,12,100,14.0,0.8735601894707149,0.02771979090409956,0.11356006359809663,0.2516859173774719,0.7045605440644191,reference
SIHDR_032,SIHDR_032_e13.jpg,418,4000.000000,32,1024,SDR,27,13,100,14.0,0.8119760984734702,0.007369257869692533,0.24180573984260614,0.13262909650802612,0.555431842891479,reference
SIHDR_032,SIHDR_032_e14.jpg,419,2000.000000,32,1024,SDR,27,14,100,14.0,0.7355721862499717,0.0026751807284040997,0.3341902681185944,0.06840475648641586,0.396031556674569,reference
SIHDR_033,SIHDR_033_e00.jpg,420,15000000.000000,32,1024,SDR,28,0,100,14.0,-0.0,1.0,0.0,1.0,-2.0,reference
SIHDR_033,SIHDR_033_e01.jpg,421,8000000.000000,32,1024,SDR,28,1,100,14.0,-0.0,1.0,0.0,1.0,-2.0,reference
SIHDR_033,SIHDR_033_e02.jpg,422,6000000.000000,32,1024,SDR,28,2,100,14.0,-0.0,1.0,0.0,1.0,-2.0,reference
SIHDR_033,SIHDR_033_e03.jpg,423,4000000.000000,32,1024,SDR,28,3,100,14.0,-0.0,1.0,0.0,1.0,-2.0,reference
SIHDR_033,SIHDR_033_e04.jpg,424,2000000.000000,32,1024,SDR,28,4,100,14.0,0.003594686907069882,0.9981584004392386,0.0,0.9998134970664978,-1.9927221139714073,reference
SIHDR_033,SIHDR_033_e05.jpg,425,1000000.000000,32,1024,SDR,28,5,100,14.0,0.1156682271194804,0.9209799368594437,0.0,0.9832421541213989,-1.726291646599407,reference
SIHDR_033,SIHDR_033_e06.jpg,426,500000.000000,32,1024,SDR,28,6,100,14.0,0.387516888675036,0.6970540126281113,0.0,0.890381395816803,-1.0065911365811866,reference
SIHDR_033,SIHDR_033_e07.jpg,427,250000.000000,32,1024,SDR,28,7,100,14.0,0.6115734579550344,0.48901617404831627,0.0,0.7302407026290894,-0.36645889014159816,reference
SIHDR_033,SIHDR_033_e08.jpg,428,125000.000000,32,1024,SDR,28,8,100,14.0,0.7320970627858433,0.3564710491398243,0.0,0.567808210849762,0.019154964506194694,reference
SIHDR_033,SIHDR_033_e09.jpg,429,66666.666667,32,1024,SDR,28,9,100,14.0,0.7463487757200288,0.3122254758418741,0.0,0.4568689167499542,0.12189782403628058,reference
SIHDR_033,SIHDR_033_e10.jpg,430,33333.333333,32,1024,SDR,28,10,100,14.0,0.7942413334932001,0.22352557650073207,0.0,0.3614932894706726,0.347190180491736,reference
SIHDR_033,SIHDR_033_e11.jpg,431,16666.666667,32,1024,SDR,28,11,100,14.0,0.8673794299751002,0.07913301839311859,0.008427319729136164,0.25176382064819336,0.7006860734597269,reference
SIHDR_033,SIHDR_033_e12.jpg,432,8000.000000,32,1024,SDR,28,12,100,14.0,0.8366485348941564,0.026820438323572473,0.14471426610541727,0.14359085261821747,0.6382933921415942,reference
SIHDR_033,SIHDR_033_e13.jpg,433,4000.000000,32,1024,SDR,28,13,100,14.0,0.7716164117613777,0.012422218155197657,0.38261375594802344,0.08037767559289932,0.36415821950295896,reference
SIHDR_033,SIHDR_033_e14.jpg,434,2000.000000,32,1024,SDR,28,14,100,14.0,0.6976189362851478,0.006688666727672035,0.564148574762079,0.04457181319594383,0.1200930280677247,reference
SIHDR_034,SIHDR_034_e00.jpg,435,15000000.000000,32,1024,SDR,29,0,100,14.0,-0.0,1.0,0.0,1.0,-2.0,reference
SIHDR_034,SIHDR_034_e01.jpg,436,8000000.000000,32,1024,SDR,29,1,100,14.0,-0.0,1.0,0.0,1.0,-2.0,reference
SIHDR_034,SIHDR_034_e02.jpg,437,6000000.000000,32,1024,SDR,29,2,100,14.0,-0.0,1.0,0.0,1.0,-2.0,reference
SIHDR_034,SIHDR_034_e03.jpg,438,4000000.000000,32,1024,SDR,29,3,100,14.0,0.00036141309227516217,0.9998541590409956,0.0,0.9999865889549255,-1.9993469049897161,reference
SIHDR_034,SIHDR_034_e04.jpg,439,2000000.000000,32,1024,SDR,29,4,100,14.0,0.08156806773138413,0.9393816343338214,0.0,0.9921144247055054,-1.7971952009362586,reference
SIHDR_034,SIHDR_034_e05.jpg,440,1000000.000000,32,1024,SDR,29,5,100,14.0,0.399680669859468,0.6717134310944363,0.0,0.886021614074707,-0.9437461923294046,reference
SIHDR_034,SIHDR_034_e06.jpg,441,500000.000000,32,1024,SDR,29,6,100,14.0,0.579803111317051,0.5065556940885798,0.0,0.7280622124671936,-0.43330827686010864,reference
SIHDR_034,SIHDR_034_e07.jpg,442,250000.000000,32,1024,SDR,29,7,100,14.0,0.6791055246486738,0.398042871522694,0.0,0.5841940641403198,-0.11698021839671424,reference
SIHDR_034,SIHDR_034_e08.jpg,443,125000.000000,32,1024,SDR,29,8,100,14.0,0.7280314916708798,0.3234852557650073,0.0,0.4683818221092224,0.08106098014086516,reference
SIHDR_034,SIHDR_034_e09.jpg,444,66666.666667,32,1024,SDR,29,9,100,14.0,0.7471729301887903,0.2715830321193265,0.0,0.38661161065101624,0.20400686595013728,reference
SIHDR_034,SIHDR_034_e10.jpg,445,33333.333333,32,1024,SDR,29,10,100,14.0,0.7674444379443127,0.20626058061859442,0.0006863103953147877,0.3125818371772766,0.35423696631180907,reference
SIHDR_034,SIHDR_034_e11.jpg,446,16666.666667,32,1024,SDR,29,11,100,14.0,0.8342441459992664,0.05949167276720351,0.13889635569180087,0.22202624380588531,0.5763644447730585,reference
SIHDR_034,SIHDR_034_e12.jpg,447,8000.000000,32,1024,SDR,29,12,100,14.0,0.7921281698299537,0.005386106789897511,0.3939950700036603,0.11335768550634384,0.38736088624649834,reference
SIHDR_034,SIHDR_034_e13.jpg,448,4000.000000,32,1024,SDR,29,13,100,14.0,0.7199916247804964,0.0014355325768667642,0.5356137902635432,0.05792289972305298,0.18150676936321974,reference
SIHDR_034,SIHDR_034_e14.jpg,449,2000.000000,32,1024,SDR,29,14,100,14.0,0.6418671445798052,0.0006491352489019033,0.6309094184663251,0.029433080926537514,0.009659455615676271,reference
SIHDR_035,SIHDR_035_e00.jpg,450,15000000.000000,32,1024,SDR,30,0,100,14.0,-0.0,1.0,0.0,1.0,-2.0,reference
SIHDR_035,SIHDR_035_e01.jpg,451,8000000.000000,32,1024,SDR,30,1,100,14.0,-0.0,1.0,0.0,1.0,-2.0,reference
SIHDR_035,SIHDR_035_e02.jpg,452,6000000.000000,32,1024,SDR,30,2,100,14.0,-0.0,1.0,0.0,1.0,-2.0,reference
SIHDR_035,SIHDR_035_e03.jpg,453,4000000.000000,32,1024,SDR,30,3,100,14.0,-0.0,1.0,0.0,1.0,-2.0,reference
SIHDR_035,SIHDR_035_e04.jpg,454,2000000.000000,32,1024,SDR,30,4,100,14.0,1.8929234424187413e-05,0.9999814124267935,0.0,0.9999994039535522,-1.9999438956191629,reference
SIHDR_035,SIHDR_035_e05.jpg,455,1000000.000000,32,1024,SDR,30,5,100,14.0,0.10808693615095594,0.9253823320827232,0.0,0.9850340485572815,-1.7426777280144905,reference
SIHDR_035,SIHDR_035_e06.jpg,456,500000.000000,32,1024,SDR,30,6,100,14.0,0.321224370796031,0.758916315885798,0.0,0.9111964106559753,-1.196608260975565,reference
SIHDR_035,SIHDR_035_e07.jpg,457,250000.000000,32,1024,SDR,30,7,100,14.0,0.5940226451785425,0.5062111090775988,0.0,0.7641208171844482,-0.4183995729766551,reference
SIHDR_035,SIHDR_035_e08.jpg,458,125000.000000,32,1024,SDR,30,8,100,14.0,0.8296472516251762,0.23358145360541727,0.0,0.5545046329498291,0.36248434441434163,reference
SIHDR_035,SIHDR_035_e09.jpg,459,66666.666667,32,1024,SDR,30,9,100,14.0,0.9241121862787209,0.059543146046852125,0.0,0.35315486788749695,0.8050258941850167,reference
SIHDR_035,SIHDR_035_e10.jpg,460,33333.333333,32,1024,SDR,30,10,100,14.0,0.8875834136460314,0.00657571147510981,0.0,0.18710260093212128,0.8744319906958118,reference
SIHDR_035,SIHDR_035_e11.jpg,461,16666.666667,32,1024,SDR,30,11,100,14.0,0.8094268159149247,0.0010594916727672036,0.0036331556551976573,0.09482327848672867,0.8036746769141927,reference
SIHDR_035,SIHDR_035_e12.jpg,462,8000.000000,32,1024,SDR,30,12,100,14.0,0.7236063173401516,9.436767935578331e-05,0.12145120333089311,0.045718494802713394,0.6019663786505469,reference
SIHDR_035,SIHDR_035_e13.jpg,463,4000.000000,32,1024,SDR,30,13,100,14.0,0.640792646888796,1.4298133235724744e-06,0.3229533652086384,0.022867081686854362,0.3178364220535105,reference
SIHDR_035,SIHDR_035_e14.jpg,464,2000.000000,32,1024,SDR,30,14,100,14.0,0.5596303115899125,0.0,0.5916024203879942,0.011433540843427181,-0.031972108798081655,reference
SIHDR_036,SIHDR_036_e00.jpg,465,15000000.000000,32,1024,SDR,31,0,100,14.0,-0.0,1.0,0.0,1.0,-2.0,reference
SIHDR_036,SIHDR_036_e01.jpg,466,8000000.000000,32,1024,SDR,31,1,100,14.0,0.00014886019237122784,0.9999385180270863,0.0,0.9999951720237732,-1.9997281758618015,reference
SIHDR_036,SIHDR_036_e02.jpg,467,6000000.000000,32,1024,SDR,31,2,100,14.0,0.002146423127074743,0.9990005604868228,0.0,0.9998845458030701,-1.995854697846571,reference
SIHDR_036,SIHDR_036_e03.jpg,468,4000000.000000,32,1024,SDR,31,3,100,14.0,0.02321787962795187,0.9868013932101025,0.0,0.9978898763656616,-1.9503849067922532,reference
SIHDR_036,SIHDR_036_e04.jpg,469,2000000.000000,32,1024,SDR,31,4,100,14.0,0.21958396603823346,0.8377376349743777,0.0,0.958480179309845,-1.455891303910522,reference
SIHDR_036,SIHDR_036_e05.jpg,470,1000000.000000,32,1024,SDR,31,5,100,14.0,0.4985372530000911,0.5950239636713031,0.0,0.8232923150062561,-0.691510674342515,reference
SIHDR_036,SIHDR_036_e06.jpg,471,500000.000000,32,1024,SDR,31,6,100,14.0,0.5981297150596042,0.4977666315885798,0.0,0.6759778261184692,-0.3974035481175554,reference
SIHDR_036,SIHDR_036_e07.jpg,472,250000.000000,32,1024,SDR,31,7,100,14.0,0.5848971331146524,0.48173270497803805,0.0,0.5809115171432495,-0.3785682768414237,reference
SIHDR_036,SIHDR_036_e08.jpg,473,125000.000000,32,1024,SDR,31,8,100,14.0,0.583129762019433,0.452593109443631,0.0,0.526879608631134,-0.322056456867829,reference
SIHDR_036,SIHDR_036_e09.jpg,474,66666.666667,32,1024,SDR,31,9,100,14.0,0.6734738370689929,0.34433622346266474,0.00046611914348462666,0.464731901884079,-0.015664728999821215,reference
SIHDR_036,SIHDR_036_e10.jpg,475,33333.333333,32,1024,SDR,31,10,100,14.0,0.7814112649506653,0.1947362852306003,0.03260975247071742,0.36360377073287964,0.35932894201874727,reference
SIHDR_036,SIHDR_036_e11.jpg,476,16666.666667,32,1024,SDR,31,11,100,14.0,0.843712896279015,0.052015178898243045,0.2399269651354319,0.23280608654022217,0.4997555733470971,reference
SIHDR_036,SIHDR_036_e12.jpg,477,8000.000000,32,1024,SDR,31,12,100,14.0,0.7986924397076504,0.007670948480966325,0.45314501738653,0.1223841980099678,0.3302055253591877,reference
SIHDR_036,SIHDR_036_e13.jpg,478,4000.000000,32,1024,SDR,31,13,100,14.0,0.7251088133922706,0.0014326729502196194,0.5119989934114202,0.06287743151187897,0.21024447408041125,reference
SIHDR_036,SIHDR_036_e14.jpg,479,2000.000000,32,1024,SDR,31,14,100,14.0,0.654350275072375,0.0005476185029282577,0.5201489293557833,0.03183494135737419,0.13310610871073514,reference
SIHDR_037,SIHDR_037_e00.jpg,480,15000000.000000,32,1024,SDR,32,0,100,14.0,-0.0,1.0,0.0,1.0,-2.0,reference
SIHDR_037,SIHDR_037_e01.jpg,481,8000000.000000,32,1024,SDR,32,1,100,14.0,-0.0,1.0,0.0,1.0,-2.0,reference
SIHDR_037,SIHDR_037_e02.jpg,482,6000000.000000,32,1024,SDR,32,2,100,14.0,0.0001224828590809573,0.9999442372803806,0.0,0.999996542930603,-1.9997659917016803,reference
SIHDR_037,SIHDR_037_e03.jpg,483,4000000.000000,32,1024,SDR,32,3,100,14.0,0.009017314458617373,0.9951643713396779,0.0,0.9994130730628967,-1.9813114282207385,reference
SIHDR_037,SIHDR_037_e04.jpg,484,2000000.000000,32,1024,SDR,32,4,100,14.0,0.10063221148178418,0.9357413296120058,0.0,0.9837576746940613,-1.7708504477422276,reference
SIHDR_037,SIHDR_037_e05.jpg,485,1000000.000000,32,1024,SDR,32,5,100,14.0,0.39337372377038066,0.6876944546120058,0.0,0.897653341293335,-0.982015185453631,reference
SIHDR_037,SIHDR_037_e06.jpg,486,500000.000000,32,1024,SDR,32,6,100,14.0,0.6282470296854976,0.46463499725475843,0.0,0.7158855199813843,-0.30102296482401925,reference
SIHDR_037,SIHDR_037_e07.jpg,487,250000.000000,32,1024,SDR,32,7,100,14.0,0.6306448930187708,0.4352265968155198,0.0,0.5788892507553101,-0.23980830061226877,reference
SIHDR_037,SIHDR_037_e08.jpg,488,125000.000000,32,1024,SDR,32,8,100,14.0,0.629808290096365,0.4019448320827233,0.0,0.5015004873275757,-0.17408137406908164,reference
SIHDR_037,SIHDR_037_e09.jpg,489,66666.666667,32,1024,SDR,32,9,100,14.0,0.7095267665976618,0.2990711932650073,1.0008693265007321e-05,0.4284209609031677,0.11137437137438216,reference
SIHDR_037,SIHDR_037_e10.jpg,490,33333.333333,32,1024,SDR,32,10,100,14.0,0.7985430138386342,0.15996322520131773,0.013824865025622255,0.325162798166275,0.46479169841037654,reference
SIHDR_037,SIHDR_037_e11.jpg,491,16666.666667,32,1024,SDR,32,11,100,14.0,0.8338659087535506,0.04277858482796486,0.10848279648609077,0.20322957634925842,0.63982594261153,reference
SIHDR_037,SIHDR_037_e12.jpg,492,8000.000000,32,1024,SDR,32,12,100,14.0,0.781458653774155,0.004632595168374817,0.4223468383967789,0.10530537366867065,0.34984662504062647,reference
SIHDR_037,SIHDR_037_e13.jpg,493,4000.000000,32,1024,SDR,32,13,100,14.0,0.7040129798514667,0.000304550237920937,0.5546932192532943,0.05332131311297417,0.14871066012233058,reference
SIHDR_037,SIHDR_037_e14.jpg,494,2000.000000,32,1024,SDR,32,14,100,14.0,0.6277078063649278,0.00010437637262079063,0.5672770063140556,0.026737155392766,0.06022204730563063,reference
SIHDR_038,SIHDR_038_e00.jpg,495,15000000.000000,32,1024,SDR,33,0,100,14.0,-0.0,1.0,0.0,1.0,-2.0,reference
SIHDR_038,SIHDR_038_e01.jpg,496,8000000.000000,32,1024,SDR,33,1,100,14.0,-0.0,1.0,0.0,1.0,-2.0,reference
SIHDR_038,SIHDR_038_e02.jpg,497,6000000.000000,32,1024,SDR,33,2,100,14.0,0.0006292684567048543,0.9996897305087847,0.0,0.9999741911888123,-1.9987501925608646,reference
SIHDR_038,SIHDR_038_e03.jpg,498,4000000.000000,32,1024,SDR,33,3,100,14.0,0.027961328154783176,0.9820758601756955,0.0,0.9978725910186768,-1.9361903921966077,reference
SIHDR_038,SIHDR_038_e04.jpg,499,2000000.000000,32,1024,SDR,33,4,100,14.0,0.27697884209505136,0.7877342034224012,0.0,0.9381679892539978,-1.298489564749751,reference
SIHDR_038,SIHDR_038_e05.jpg,500,1000000.000000,32,1024,SDR,33,5,100,14.0,0.3828503120400717,0.7040071948206442,0.0,0.8322974443435669,-1.0251640776012167,reference
SIHDR_038,SIHDR_038_e06.jpg,501,500000.000000,32,1024,SDR,33,6,100,14.0,0.4128262149289026,0.6713874336566618,0.0,0.7589583396911621,-0.9299486523844209,reference
SIHDR_038,SIHDR_038_e07.jpg,502,250000.000000,32,1024,SDR,33,7,100,14.0,0.41281826467597393,0.6568476619692533,0.0,0.7098472118377686,-0.9008770592625326,reference
SIHDR_038,SIHDR_038_e08.jpg,503,125000.000000,32,1024,SDR,33,8,100,14.0,0.4341514682954036,0.6207262879758418,0.0,0.6786161065101624,-0.8073011076562802,reference
SIHDR_038,SIHDR_038_e09.jpg,504,66666.666667,32,1024,SDR,33,9,100,14.0,0.6035363635053146,0.45582877699487556,0.00010151674597364568,0.6105332970619202,-0.3082227072304102,reference
SIHDR_038,SIHDR_038_e10.jpg,505,33333.333333,32,1024,SDR,33,10,100,14.0,0.8269870665563359,0.17888823435212298,0.0566148883601757,0.45583730936050415,0.41259570949191426,reference
SIHDR_038,SIHDR_038_e11.jpg,506,16666.666667,32,1024,SDR,33,11,100,14.0,0.8818156454174383,0.0326683748169839,0.2555962893484627,0.2651413679122925,0.5608826064350079,reference
SIHDR_038,SIHDR_038_e12.jpg,507,8000.000000,32,1024,SDR,33,12,100,14.0,0.8228117822515264,0.0006233986090775988,0.3063031890556369,0.131063774228096,0.5152617959777342,reference
SIHDR_038,SIHDR_038_e13.jpg,508,4000.000000,32,1024,SDR,33,13,100,14.0,0.7406076712095286,6.14819729136164e-05,0.3375374611090776,0.0655941516160965,0.4029472461546238,reference
SIHDR_038,SIHDR_038_e14.jpg,509,2000.000000,32,1024,SDR,33,14,100,14.0,0.6741486577019836,1.4298133235724744e-05,0.34542145177525624,0.03281322494149208,0.32869860966025594,reference
SIHDR_039,SIHDR_039_e00.jpg,510,15000000.000000,32,1024,SDR,34,0,100,14.0,-0.0,1.0,0.0,1.0,-2.0,reference
SIHDR_039,SIHDR_039_e01.jpg,511,8000000.000000,32,1024,SDR,34,1,100,14.0,-0.0,0.9999971403733529,0.0,0.9999999403953552,-1.9999942807467057,reference
SIHDR_039,SIHDR_039_e02.jpg,512,6000000.000000,32,1024,SDR,34,2,100,14.0,0.002157847715687442,0.9989090524341142,0.0,0.999904990196228,-1.995660257152541,reference
SIHDR_039,SIHDR_039_e03.jpg,513,4000000.000000,32,1024,SDR,34,3,100,14.0,0.02307784700738762,0.9870701981149341,0.0,0.9978139996528625,-1.9510625492224807,reference
SIHDR_039,SIHDR_039_e04.jpg,514,2000000.000000,32,1024,SDR,34,4,100,14.0,0.18906453938484757,0.8658549139824304,0.0,0.9643685817718506,-1.5426452885800133,reference
SIHDR_039,SIHDR_039_e05.jpg,515,1000000.000000,32,1024,SDR,34,5,100,14.0,0.5127646573243084,0.5761876029465594,0.0,0.8334947824478149,-0.6396105485688103,reference
SIHDR_039,SIHDR_039_e06.jpg,516,500000.000000,32,1024,SDR,34,6,100,14.0,0.7177231944792104,0.36540166315885797,0.0,0.6355445384979248,-0.013080131838505538,reference
SIHDR_039,SIHDR_039_e07.jpg,517,250000.000000,32,1024,SDR,34,7,100,14.0,0.7377758973997456,0.31359237737920936,0.0,0.48271846771240234,0.11059114264132686,reference
SIHDR_039,SIHDR_039_e08.jpg,518,125000.000000,32,1024,SDR,34,8,100,14.0,0.7346917040920523,0.2755507640922401,0.0,0.38846075534820557,0.1835901759075721,reference
SIHDR_039,SIHDR_039_e09.jpg,519,66666.666667,32,1024,SDR,34,9,100,14.0,0.731988036391802,0.23825837298682284,0.00035888314421669105,0.32571980357170105,0.25511240727393963,reference
SIHDR_039,SIHDR_039_e10.jpg,520,33333.333333,32,1024,SDR,34,10,100,14.0,0.7297792338772657,0.19154923133235724,0.031118457174231333,0.2688361704349518,0.3155623140383199,reference
SIHDR_039,SIHDR_039_e11.jpg,521,16666.666667,32,1024,SDR,34,11,100,14.0,0.7688867614191913,0.08434897739751097,0.2078262262079063,0.20178423821926117,0.3923625804162631,reference
SIHDR_039,SIHDR_039_e12.jpg,522,8000.000000,32,1024,SDR,34,12,100,14.0,0.7416200808280204,0.0,0.5182529968887262,0.10699936747550964,0.22336708393929428,reference
SIHDR_039,SIHDR_039_e13.jpg,523,4000.000000,32,1024,SDR,34,13,100,14.0,0.6617816002349398,0.0,0.6612371888726208,0.05349968373775482,0.000544411362318975,reference
SIHDR_039,SIHDR_039_e14.jpg,524,2000.000000,32,1024,SDR,34,14,100,14.0,0.5856559436101378,0.0,0.696476368045388,0.02674984186887741,-0.1108204244352502,reference
SIHDR_040,SIHDR_040_e00.jpg,525,15000000.000000,32,1024,SDR,35,0,100,14.0,-0.0,1.0,0.0,1.0,-2.0,reference
SIHDR_040,SIHDR_040_e01.jpg,526,8000000.000000,32,1024,SDR,35,1,100,14.0,0.008342852995050578,0.9959836543740849,0.0,0.9992596507072449,-1.983624455753119,reference
SIHDR_040,SIHDR_040_e02.jpg,527,6000000.000000,32,1024,SDR,35,2,100,14.0,0.01906052576388875,0.9903358917459737,0.0,0.9976806640625,-1.9616112577280587,reference
SIHDR_040,SIHDR_040_e03.jpg,528,4000000.000000,32,1024,SDR,35,3,100,14.0,0.0605319396098043,0.9645506382686676,0.0,0.9911432266235352,-1.868569336927531,reference
SIHDR_040,SIHDR_040_e04.jpg,529,2000000.000000,32,1024,SDR,35,4,100,14.0,0.24100433495664111,0.8302068081991215,0.0,0.9450728893280029,-1.419409281441602,reference
SIHDR_040,SIHDR_040_e05.jpg,530,1000000.000000,32,1024,SDR,35,5,100,14.0,0.4397640626324768,0.6686150256222547,0.0,0.8360255360603333,-0.8974659886120326,reference
SIHDR_040,SIHDR_040_e06.jpg,531,500000.000000,32,1024,SDR,35,6,100,14.0,0.5021162849803943,0.6096380856515373,0.0,0.7316673398017883,-0.7171598863226804,reference
SIHDR_040,SIHDR_040_e07.jpg,532,250000.000000,32,1024,SDR,35,7,100,14.0,0.5042119775362987,0.5902169312774525,0.0,0.6647510528564453,-0.6762218850186063,reference
SIHDR_040,SIHDR_040_e08.jpg,533,125000.000000,32,1024,SDR,35,8,100,14.0,0.5003797791913124,0.5716422263909224,0.0002459278916544656,0.6227584481239319,-0.643150601482187,reference
SIHDR_040,SIHDR_040_e09.jpg,534,66666.666667,32,1024,SDR,35,9,100,14.0,0.7644504998022049,0.2655220534407028,0.007642352214494876,0.5141459703445435,0.22576404070630446,reference
SIHDR_040,SIHDR_040_e10.jpg,535,33333.333333,32,1024,SDR,35,10,100,14.0,0.809479403252401,0.17367513497437775,0.05865523197291362,0.36108261346817017,0.40347390133073185,reference
SIHDR_040,SIHDR_040_e11.jpg,536,16666.666667,32,1024,SDR,35,11,100,14.0,0.8523566082355737,0.05292739979868229,0.2276891928989751,0.23124457895755768,0.5188126157392341,reference
SIHDR_040,SIHDR_040_e12.jpg,537,8000.000000,32,1024,SDR,35,12,100,14.0,0.8077094641265913,0.0017672492679355783,0.3623675992862372,0.11841261386871338,0.4418073663044829,reference
SIHDR_040,SIHDR_040_e13.jpg,538,4000.000000,32,1024,SDR,35,13,100,14.0,0.7291717410264237,0.0005833638360175696,0.39787844299048314,0.05958998203277588,0.33012657036390536,reference
SIHDR_040,SIHDR_040_e14.jpg,539,2000.000000,32,1024,SDR,35,14,100,14.0,0.6561415184298429,0.0003016906112737921,0.4152978587115666,0.030001988634467125,0.24024027849572877,reference
SIHDR_041,SIHDR_041_e00.jpg,540,15000000.000000,32,1024,SDR,36,0,100,14.0,0.0017462809215374336,0.9993766013909224,0.0,0.9996627569198608,-1.9970069218603075,reference
SIHDR_041,SIHDR_041_e01.jpg,541,8000000.000000,32,1024,SDR,36,1,100,14.0,0.07137536149561788,0.9535167688506588,0.0,0.9913641810417175,-1.8356581762056998,reference
SIHDR_041,SIHDR_041_e02.jpg,542,6000000.000000,32,1024,SDR,36,2,100,14.0,0.1623196353281476,0.8842809182833089,0.0,0.9727792143821716,-1.6062422012384703,reference
SIHDR_041,SIHDR_041_e03.jpg,543,4000000.000000,32,1024,SDR,36,3,100,14.0,0.3477093759962227,0.7274489842606149,0.0,0.9139606356620789,-1.1071885925250071,reference
SIHDR_041,SIHDR_041_e04.jpg,544,2000000.000000,32,1024,SDR,36,4,100,14.0,0.5853040759580955,0.5071991100841874,0.0,0.7459696531295776,-0.42909414421027925,reference
SIHDR_041,SIHDR_041_e05.jpg,545,1000000.000000,32,1024,SDR,36,5,100,14.0,0.6549521792302904,0.4269179515922401,0.0,0.6020976305007935,-0.19888372395418985,reference
SIHDR_041,SIHDR_041_e06.jpg,546,500000.000000,32,1024,SDR,36,6,100,14.0,0.6937300014757649,0.3648154396961933,0.00020303349194729137,0.4964388608932495,-0.03610391140856896,reference
SIHDR_041,SIHDR_041_e07.jpg,547,250000.000000,32,1024,SDR,36,7,100,14.0,0.7185369533791707,0.30833209416178625,0.0004632595168374817,0.4138600826263428,0.10140950553876069,reference
SIHDR_041,SIHDR_041_e08.jpg,548,125000.000000,32,1024,SDR,36,8,100,14.0,0.7526152355362935,0.2357419015373353,0.00514303852489019,0.34095150232315063,0.27598839393673275,reference
SIHDR_041,SIHDR_041_e09.jpg,549,66666.666667,32,1024,SDR,36,9,100,14.0,0.7779296617692236,0.16627156158491949,0.08911597501830161,0.27333441376686096,0.35627056358108306,reference
SIHDR_041,SIHDR_041_e10.jpg,550,33333.333333,32,1024,SDR,36,10,100,14.0,0.794234420691708,0.08547710010980966,0.3675034887445095,0.19770267605781555,0.25577673172757914,reference
SIHDR_041,SIHDR_041_e11.jpg,551,16666.666667,32,1024,SDR,36,11,100,14.0,0.7823369614348522,0.010852283125915081,0.5175309411603221,0.1206340342760086,0.2431014540227,reference
SIHDR_041,SIHDR_041_e12.jpg,552,8000.000000,32,1024,SDR,36,12,100,14.0,0.7061246026003064,0.0,0.5945735724743777,0.058253031224012375,0.11155103012592871,reference
SIHDR_041,SIHDR_041_e13.jpg,553,4000.000000,32,1024,SDR,36,13,100,14.0,0.6315996492064959,0.0,0.6553363492862372,0.029126515612006187,-0.02373670007974127,reference
SIHDR_041,SIHDR_041_e14.jpg,554,2000.000000,32,1024,SDR,36,14,100,14.0,0.5506509465815025,0.0,0.713522602489019,0.014563257806003094,-0.1628716559075165,reference
SIHDR_042,SIHDR_042_e00.jpg,555,15000000.000000,32,1024,SDR,37,0,100,14.0,0.0002392856504920632,0.9998412907210834,0.0,0.9999919533729553,-1.9994432957916748,reference
SIHDR_042,SIHDR_042_e01.jpg,556,8000000.000000,32,1024,SDR,37,1,100,14.0,0.09539311015753059,0.9346217857796486,0.0,0.9873642921447754,-1.7738504614017667,reference
SIHDR_042,SIHDR_042_e02.jpg,557,6000000.000000,32,1024,SDR,37,2,100,14.0,0.17958113691169617,0.8728123856149341,0.0,0.965416669845581,-1.566043634318172,reference
SIHDR_042,SIHDR_042_e03.jpg,558,4000000.000000,32,1024,SDR,37,3,100,14.0,0.34174081100340725,0.7363309846266471,0.0,0.9107227921485901,-1.130921158249887,reference
SIHDR_042,SIHDR_042_e04.jpg,559,2000000.000000,32,1024,SDR,37,4,100,14.0,0.6748544200491434,0.4057996088030747,0.0,0.7252672910690308,-0.13674479755700597,reference
SIHDR_042,SIHDR_042_e05.jpg,560,1000000.000000,32,1024,SDR,37,5,100,14.0,0.7779937719438473,0.2760254621156662,0.0,0.5200738310813904,0.22594284771251494,reference
SIHDR_042,SIHDR_042_e06.jpg,561,500000.000000,32,1024,SDR,37,6,100,14.0,0.7734323192795807,0.23641820323938506,0.0,0.3861399292945862,0.30059591280081055,reference
SIHDR_042,SIHDR_042_e07.jpg,562,250000.000000,32,1024,SDR,37,7,100,14.0,0.7597289262699362,0.20034258327232796,0.0,0.30099350214004517,0.35904375972528024,reference
SIHDR_042,SIHDR_042_e08.jpg,563,125000.000000,32,1024,SDR,37,8,100,14.0,0.7440776370627097,0.16197640236090777,0.007306346083455344,0.23932769894599915,0.41281848625743883,reference
SIHDR_042,SIHDR_042_e09.jpg,564,66666.666667,32,1024,SDR,37,9,100,14.0,0.7253675048128665,0.1271861845717423,0.10655683793923865,0.19394278526306152,0.36443829773014325,reference
SIHDR_042,SIHDR_042_e10.jpg,565,33333.333333,32,1024,SDR,37,10,100,14.0,0.7035313085826481,0.0837713328147877,0.357856538250366,0.1476690024137497,0.17813210470270668,reference
SIHDR_042,SIHDR_042_e11.jpg,566,16666.666667,32,1024,SDR,37,11,100,14.0,0.6807594037788802,0.031258578879941434,0.6522708295204978,0.10177987813949585,-0.0340285835015004,reference
SIHDR_042,SIHDR_042_e12.jpg,567,8000.000000,32,1024,SDR,37,12,100,14.0,0.6240299847876216,0.0,0.7390948137811127,0.05260638892650604,-0.11506482899349113,reference
SIHDR_042,SIHDR_042_e13.jpg,568,4000.000000,32,1024,SDR,37,13,100,14.0,0.5389733407718605,0.0,0.7756837367313324,0.02630319446325302,-0.23671039595947185,reference
SIHDR_042,SIHDR_042_e14.jpg,569,2000.000000,32,1024,SDR,37,14,100,14.0,0.47325636337507687,0.0,0.8134465364202049,0.01315159723162651,-0.34019017304512805,reference
SIHDR_043,SIHDR_043_e00.jpg,570,15000000.000000,32,1024,SDR,38,0,100,14.0,0.04070807007772493,0.9792920136346999,0.0,0.9924210906028748,-1.9178759571916748,reference
SIHDR_043,SIHDR_043_e01.jpg,571,8000000.000000,32,1024,SDR,38,1,100,14.0,0.18052610832147928,0.8764698480966325,0.0,0.9655846357345581,-1.5724135878717858,reference
SIHDR_043,SIHDR_043_e02.jpg,572,6000000.000000,32,1024,SDR,38,2,100,14.0,0.3240284674237108,0.7516056803623719,7.149066617862372e-05,0.9263980984687805,-1.1792543839672116,reference
SIHDR_043,SIHDR_043_e03.jpg,573,4000000.000000,32,1024,SDR,38,3,100,14.0,0.5695129741849241,0.5065399661420205,0.00029311173133235723,0.8231034874916077,-0.4438600698304492,reference
SIHDR_043,SIHDR_043_e04.jpg,574,2000000.000000,32,1024,SDR,38,4,100,14.0,0.832280369486443,0.18522230737554904,0.0006505650622254758,0.5539273023605347,0.46118518967311944,reference
SIHDR_043,SIHDR_043_e05.jpg,575,1000000.000000,32,1024,SDR,38,5,100,14.0,0.84160942808577,0.11778802159590043,0.0010966668191800877,0.34739989042282104,0.6049367180747891,reference
SIHDR_043,SIHDR_043_e06.jpg,576,500000.000000,32,1024,SDR,38,6,100,14.0,0.8131327384506712,0.07956339220351391,0.0027466713945827233,0.22124390304088593,0.6512592826490606,reference
SIHDR_043,SIHDR_043_e07.jpg,577,250000.000000,32,1024,SDR,38,7,100,14.0,0.7736687965168039,0.045719710834553444,0.008434468795754026,0.1404409408569336,0.6737949060519429,reference
SIHDR_043,SIHDR_043_e08.jpg,578,125000.000000,32,1024,SDR,38,8,100,14.0,0.7225488562666812,0.016650176153001465,0.03507618045387994,0.08408090472221375,0.6541723235067983,reference
SIHDR_043,SIHDR_043_e09.jpg,579,66666.666667,32,1024,SDR,38,9,100,14.0,0.6601215962261605,0.004273712024158126,0.2034166819180088,0.049201980233192444,0.44815749025983553,reference
SIHDR_043,SIHDR_043_e10.jpg,580,33333.333333,32,1024,SDR,38,10,100,14.0,0.5819184112528448,0.0006062408491947292,0.6259980096998536,0.025222158059477806,-0.04529208014539832,reference
SIHDR_043,SIHDR_043_e11.jpg,581,16666.666667,32,1024,SDR,38,11,100,14.0,0.502593997575722,0.0002130421852122987,0.8416753408674963,0.012793026864528656,-0.3395074276621989,reference
SIHDR_043,SIHDR_043_e12.jpg,582,8000.000000,32,1024,SDR,38,12,100,14.0,0.42527368607323396,0.0,0.896099755215959,0.00615992397069931,-0.470826069142725,reference
SIHDR_043,SIHDR_043_e13.jpg,583,4000.000000,32,1024,SDR,38,13,100,14.0,0.35424599920046945,0.0,0.9324756359809663,0.003079961985349655,-0.5782296367804969,reference
SIHDR_043,SIHDR_043_e14.jpg,584,2000.000000,32,1024,SDR,38,14,100,14.0,0.2814196878332024,0.0,0.9650053189055637,0.0015399809926748276,-0.6835856310723614,reference
SIHDR_044,SIHDR_044_e00.jpg,585,15000000.000000,32,1024,SDR,39,0,100,14.0,-0.0,1.0,0.0,1.0,-2.0,reference
SIHDR_044,SIHDR_044_e01.jpg,586,8000000.000000,32,1024,SDR,39,1,100,14.0,0.000652936192784092,0.9996983093887262,0.0,0.9999740719795227,-1.9987436825846683,reference
SIHDR_044,SIHDR_044_e02.jpg,587,6000000.000000,32,1024,SDR,39,2,100,14.0,0.0059788690429091245,0.9970317075402635,0.0,0.9996098279953003,-1.9880845460376178,reference
SIHDR_044,SIHDR_044_e03.jpg,588,4000000.000000,32,1024,SDR,39,3,100,14.0,0.03179262261230422,0.9820958775622255,0.0,0.9964641332626343,-1.9323991325121468,reference
SIHDR_044,SIHDR_044_e04.jpg,589,2000000.000000,32,1024,SDR,39,4,100,14.0,0.20757280740534548,0.8509391013909224,0.0,0.9598191380500793,-1.4943053953764993,reference
SIHDR_044,SIHDR_044_e05.jpg,590,1000000.000000,32,1024,SDR,39,5,100,14.0,0.5096134921803472,0.5852197337115667,0.0,0.8239211440086365,-0.6608259752427861,reference
SIHDR_044,SIHDR_044_e06.jpg,591,500000.000000,32,1024,SDR,39,6,100,14.0,0.5673222918671615,0.5219876692898975,0.0,0.6802941560745239,-0.4766530467126334,reference
SIHDR_044,SIHDR_044_e07.jpg,592,250000.000000,32,1024,SDR,39,7,100,14.0,0.5787909683787742,0.4852743525805271,0.0,0.5951426029205322,-0.39175773678228,reference
SIHDR_044,SIHDR_044_e08.jpg,593,125000.000000,32,1024,SDR,39,8,100,14.0,0.7976345496682438,0.2238244074853587,0.0,0.4696044921875,0.34998573469752636,reference
SIHDR_044,SIHDR_044_e09.jpg,594,66666.666667,32,1024,SDR,39,9,100,14.0,0.8878079767671477,0.045658228861639824,0.001624267935578331,0.3129090666770935,0.7948672511082897,reference
SIHDR_044,SIHDR_044_e10.jpg,595,33333.333333,32,1024,SDR,39,10,100,14.0,0.8371164353580047,0.009917185212298682,0.03560521138360176,0.16456833481788635,0.7816768535498057,reference
SIHDR_044,SIHDR_044_e11.jpg,596,16666.666667,32,1024,SDR,39,11,100,14.0,0.7625820841539888,0.002187614385065886,0.2309877722364568,0.08471787720918655,0.5272190831474002,reference
SIHDR_044,SIHDR_044_e12.jpg,597,8000.000000,32,1024,SDR,39,12,100,14.0,0.6794950226473472,0.00034315519765739386,0.45530260569180087,0.04109757021069527,0.22350610656023157,reference
SIHDR_044,SIHDR_044_e13.jpg,598,4000.000000,32,1024,SDR,39,13,100,14.0,0.6022095712170424,0.0,0.48197291361639827,0.020581407472491264,0.12023665760064417,reference
SIHDR_044,SIHDR_044_e14.jpg,599,2000.000000,32,1024,SDR,39,14,100,14.0,0.5276433426355548,0.0,0.5790958432467057,0.010290703736245632,-0.05145250061115092,reference
SIHDR_045,SIHDR_045_e00.jpg,600,15000000.000000,32,1024,SDR,40,0,100,14.0,-0.0,1.0,0.0,1.0,-2.0,reference
SIHDR_045,SIHDR_045_e01.jpg,601,8000000.000000,32,1024,SDR,40,1,100,14.0,9.94122263641964e-06,0.9999942807467057,0.0,0.9999997615814209,-1.999978620270775,reference
SIHDR_045,SIHDR_045_e02.jpg,602,6000000.000000,32,1024,SDR,40,2,100,14.0,0.0012995716259048599,0.9993837504575402,0.0,0.999941885471344,-1.9974679292891757,reference
SIHDR_045,SIHDR_045_e03.jpg,603,4000000.000000,32,1024,SDR,40,3,100,14.0,0.021982603381573183,0.9873861868594437,0.0,0.998132586479187,-1.9527897703373143,reference
SIHDR_045,SIHDR_045_e04.jpg,604,2000000.000000,32,1024,SDR,40,4,100,14.0,0.14001474586091964,0.9091639595534406,0.0,0.9719018340110779,-1.6783131732459617,reference
SIHDR_045,SIHDR_045_e05.jpg,605,1000000.000000,32,1024,SDR,40,5,100,14.0,0.2614707622380121,0.8235052731515373,0.0,0.9149267077445984,-1.3855397840650625,reference
SIHDR_045,SIHDR_045_e06.jpg,606,500000.000000,32,1024,SDR,40,6,100,14.0,0.3279225818431802,0.7733388428806734,0.0,0.8536908626556396,-1.2187551039181668,reference
SIHDR_045,SIHDR_045_e07.jpg,607,250000.000000,32,1024,SDR,40,7,100,14.0,0.38129110688190476,0.7286900622254758,0.0,0.8008430004119873,-1.076089017569047,reference
SIHDR_045,SIHDR_045_e08.jpg,608,125000.000000,32,1024,SDR,40,8,100,14.0,0.7234801897462836,0.3434225727489019,0.0,0.6756168603897095,0.03663504424847974,reference
SIHDR_045,SIHDR_045_e09.jpg,609,66666.666667,32,1024,SDR,40,9,100,14.0,0.8245850597743098,0.2054112715043924,0.00023019994509516838,0.48013198375701904,0.4135323168204299,reference
SIHDR_045,SIHDR_045_e10.jpg,610,33333.333333,32,1024,SDR,40,10,100,14.0,0.8570351355974629,0.11537592651903368,0.029761564330161056,0.3160179853439331,0.5965217182292345,reference
SIHDR_045,SIHDR_045_e11.jpg,611,16666.666667,32,1024,SDR,40,11,100,14.0,0.8619302480844427,0.030703811310395315,0.116812888909224,0.19141510128974915,0.6837097365544281,reference
SIHDR_045,SIHDR_045_e12.jpg,612,8000.000000,32,1024,SDR,40,12,100,14.0,0.7986642266118388,0.006951752379209371,0.1968552685761347,0.09861024469137192,0.5879054532772854,reference
SIHDR_045,SIHDR_045_e13.jpg,613,4000.000000,32,1024,SDR,40,13,100,14.0,0.7251704737276999,1.8587573206442167e-05,0.2413196033125915,0.05026472359895706,0.48381369526869555,reference
SIHDR_045,SIHDR_045_e14.jpg,614,2000.000000,32,1024,SDR,40,14,100,14.0,0.6508949047858781,0.0,0.3028845053989751,0.02513241022825241,0.348010399386903,reference
SIHDR_046,SIHDR_046_e00.jpg,615,15000000.000000,32,1024,SDR,41,0,100,14.0,-0.0,1.0,0.0,1.0,-2.0,reference
SIHDR_046,SIHDR_046_e01.jpg,616,8000000.000000,32,1024,SDR,41,1,100,14.0,-0.0,1.0,0.0,1.0,-2.0,reference
SIHDR_046,SIHDR_046_e02.jpg,617,6000000.000000,32,1024,SDR,41,2,100,14.0,7.552789738013083e-05,0.9999728335468521,0.0,0.9999973177909851,-1.999870139196324,reference
SIHDR_046,SIHDR_046_e03.jpg,618,4000000.000000,32,1024,SDR,41,3,100,14.0,0.0003787258952000839,0.9998684571742313,0.0,0.9999717473983765,-1.9993581884532625,reference
SIHDR_046,SIHDR_046_e04.jpg,619,2000000.000000,32,1024,SDR,41,4,100,14.0,0.0389508964688482,0.9765796577598829,0.0,0.9959537982940674,-1.9142084190509174,reference
SIHDR_046,SIHDR_046_e05.jpg,620,1000000.000000,32,1024,SDR,41,5,100,14.0,0.2285110531521762,0.837368743136896,0.0,0.9495363235473633,-1.446226433121616,reference
SIHDR_046,SIHDR_046_e06.jpg,621,500000.000000,32,1024,SDR,41,6,100,14.0,0.31814198970497704,0.7711698160688141,0.0,0.8707778453826904,-1.224197642432651,reference
SIHDR_046,SIHDR_046_e07.jpg,622,250000.000000,32,1024,SDR,41,7,100,14.0,0.3497288359972967,0.74212744784041,0.0,0.8121814131736755,-1.1345260596835232,reference
SIHDR_046,SIHDR_046_e08.jpg,623,125000.000000,32,1024,SDR,41,8,100,14.0,0.44221939790941817,0.6561913776537335,0.0,0.761353611946106,-0.8701633573980487,reference
SIHDR_046,SIHDR_046_e09.jpg,624,66666.666667,32,1024,SDR,41,9,100,14.0,0.5827499319625274,0.5265673613653001,1.4298133235724744e-05,0.6741896271705627,-0.47039908890130855,reference
SIHDR_046,SIHDR_046_e10.jpg,625,33333.333333,32,1024,SDR,41,10,100,14.0,0.7730937176613484,0.30605583135065884,0.0007406433016105417,0.5529541969299316,0.16024141165842015,reference
SIHDR_046,SIHDR_046_e11.jpg,626,16666.666667,32,1024,SDR,41,11,100,14.0,0.8746563545392374,0.15796577598828698,0.05000057192532943,0.38355451822280884,0.508724230637334,reference
SIHDR_046,SIHDR_046_e12.jpg,627,8000.000000,32,1024,SDR,41,12,100,14.0,0.9025592844196709,0.04812894628477306,0.19672372575036604,0.22891825437545776,0.6095776660997588,reference
SIHDR_046,SIHDR_046_e13.jpg,628,4000.000000,32,1024,SDR,41,13,100,14.0,0.8526961614007735,0.0,0.23991266700219618,0.11878550797700882,0.6127834943985774,reference
SIHDR_046,SIHDR_046_e14.jpg,629,2000.000000,32,1024,SDR,41,14,100,14.0,0.7735102789412819,0.0,0.26598531295754024,0.05939275398850441,0.5075249659837416,reference
SIHDR_047,SIHDR_047_e00.jpg,630,15000000.000000,32,1024,SDR,42,0,100,14.0,0.005765897075174217,0.9968987349011713,0.0,0.9996586441993713,-1.9880315727271685,reference
SIHDR_047,SIHDR_047_e01.jpg,631,8000000.000000,32,1024,SDR,42,1,100,14.0,0.14325760644359262,0.8980271435761347,0.0,0.9776818752288818,-1.6527966807086767,reference
SIHDR_047,SIHDR_047_e02.jpg,632,6000000.000000,32,1024,SDR,42,2,100,14.0,0.2581316479426162,0.8051450402635432,0.0,0.9448691606521606,-1.3521584325844702,reference
SIHDR_047,SIHDR_047_e03.jpg,633,4000000.000000,32,1024,SDR,42,3,100,14.0,0.4390845669447421,0.6457022671120058,0.0,0.8682126998901367,-0.8523199672792696,reference
SIHDR_047,SIHDR_047_e04.jpg,634,2000000.000000,32,1024,SDR,42,4,100,14.0,0.6229223878321194,0.47234312088213765,0.0,0.6998563408851624,-0.3217638539321559,reference
SIHDR_047,SIHDR_047_e05.jpg,635,1000000.000000,32,1024,SDR,42,5,100,14.0,0.6726735357150552,0.40578531066983897,0.0,0.5647958517074585,-0.13889708562462277,reference
SIHDR_047,SIHDR_047_e06.jpg,636,500000.000000,32,1024,SDR,42,6,100,14.0,0.6913178638425017,0.3588116535505124,0.0,0.4716437757015228,-0.02630544325852313,reference
SIHDR_047,SIHDR_047_e07.jpg,637,250000.000000,32,1024,SDR,42,7,100,14.0,0.720979914360155,0.29597850704612005,1.4298133235724744e-06,0.39905375242233276,0.12902147045459128,reference
SIHDR_047,SIHDR_047_e08.jpg,638,125000.000000,32,1024,SDR,42,8,100,14.0,0.8218240156600007,0.13756233986090777,0.016171188689604685,0.3048070967197418,0.5305281472485806,reference
SIHDR_047,SIHDR_047_e09.jpg,639,66666.666667,32,1024,SDR,42,9,100,14.0,0.837514799772635,0.054169907576866766,0.1632360678989751,0.20153790712356567,0.5659389167199265,reference
SIHDR_047,SIHDR_047_e10.jpg,640,33333.333333,32,1024,SDR,42,10,100,14.0,0.7945800060083226,0.015534921760614934,0.4223697154099561,0.11518094688653946,0.3411404470771366,reference
SIHDR_047,SIHDR_047_e11.jpg,641,16666.666667,32,1024,SDR,42,11,100,14.0,0.7271767059607802,0.000862177434114202,0.55267432284041,0.06045815348625183,0.17277802825214184,reference
SIHDR_047,SIHDR_047_e12.jpg,642,8000.000000,32,1024,SDR,42,12,100,14.0,0.6500251467598633,0.0,0.6105917711383602,0.02907058224081993,0.039433375621503175,reference
SIHDR_047,SIHDR_047_e13.jpg,643,4000.000000,32,1024,SDR,42,13,100,14.0,0.5623936149256613,0.0,0.6578885660688141,0.014535291120409966,-0.09549495114315276,reference
SIHDR_047,SIHDR_047_e14.jpg,644,2000.000000,32,1024,SDR,42,14,100,14.0,0.5091630463385727,0.0,0.750809274341142,0.007267645560204983,-0.2416462280025693,reference
SIHDR_049,SIHDR_049_e00.jpg,645,15000000.000000,32,1024,SDR,43,0,100,14.0,0.08779195243101927,0.9419896138360175,0.0,0.9885125160217285,-1.7961872752410157,reference
SIHDR_049,SIHDR_049_e01.jpg,646,8000000.000000,32,1024,SDR,43,1,100,14.0,0.4413498968006577,0.6191177479868228,0.0,0.8916894197463989,-0.796885599172988,reference
SIHDR_049,SIHDR_049_e02.jpg,647,6000000.000000,32,1024,SDR,43,2,100,14.0,0.6158644239012588,0.43525519308199123,0.0,0.7961838841438293,-0.2546459622627236,reference
SIHDR_049,SIHDR_049_e03.jpg,648,4000000.000000,32,1024,SDR,43,3,100,14.0,0.7524108441683482,0.27867490620424595,0.0,0.6427802443504333,0.19506103175985634,reference
SIHDR_049,SIHDR_049_e04.jpg,649,2000000.000000,32,1024,SDR,43,4,100,14.0,0.8261621853184037,0.15522339403367497,0.0,0.421687513589859,0.5157153972510538,reference
SIHDR_049,SIHDR_049_e05.jpg,650,1000000.000000,32,1024,SDR,43,5,100,14.0,0.8251250471487884,0.09315662747071743,0.0,0.26905685663223267,0.6388117922073535,reference
SIHDR_049,SIHDR_049_e06.jpg,651,500000.000000,32,1024,SDR,43,6,100,14.0,0.7946530047582471,0.05164771687408492,0.00033028687774524156,0.168849915266037,0.6910272841323319,reference
SIHDR_049,SIHDR_049_e07.jpg,652,250000.000000,32,1024,SDR,43,7,100,14.0,0.7482409875684598,0.017685360999267936,0.006494212115666179,0.0999905914068222,0.7063760534542578,reference
SIHDR_049,SIHDR_049_e08.jpg,653,125000.000000,32,1024,SDR,43,8,100,14.0,0.677330650011594,7.006085285505125e-05,0.12349011713030747,0.051319971680641174,0.5537004111755764,reference
SIHDR_049,SIHDR_049_e09.jpg,654,66666.666667,32,1024,SDR,43,9,100,14.0,0.603691458715247,8.578879941434847e-06,0.512123387170571,0.02738031931221485,0.09155091378479308,reference
SIHDR_049,SIHDR_049_e10.jpg,655,33333.333333,32,1024,SDR,43,10,100,14.0,0.5244296321558615,0.0,0.764993022510981,0.013690532185137272,-0.24056339035511953,reference
SIHDR_049,SIHDR_049_e11.jpg,656,16666.666667,32,1024,SDR,43,11,100,14.0,0.44638356043298816,0.0,0.8665898380307467,0.006845266092568636,-0.4202062775977586,reference
SIHDR_049,SIHDR_049_e12.jpg,657,8000.000000,32,1024,SDR,43,12,100,14.0,0.38209379650824005,0.0,0.9219007366398243,0.0032857281621545553,-0.5398069401315843,reference
SIHDR_049,SIHDR_049_e13.jpg,658,4000.000000,32,1024,SDR,43,13,100,14.0,0.2880572368672574,0.0,0.9615137147693997,0.0016428640810772777,-0.6734564779021424,reference
SIHDR_049,SIHDR_049_e14.jpg,659,2000.000000,32,1024,SDR,43,14,100,14.0,0.29685271524250073,0.0,0.9970045410871157,0.0008214320405386388,-0.7001518258446149,reference
SIHDR_050,SIHDR_050_e00.jpg,660,15000000.000000,32,1024,SDR,44,0,100,14.0,0.2612992773888329,0.8011372735175696,0.0,0.9486891627311707,-1.3409752696463062,reference
SIHDR_050,SIHDR_050_e01.jpg,661,8000000.000000,32,1024,SDR,44,1,100,14.0,0.678312890455035,0.364287838579795,0.0,0.7629813551902771,-0.050262786704555085,reference
SIHDR_050,SIHDR_050_e02.jpg,662,6000000.000000,32,1024,SDR,44,2,100,14.0,0.7912689349803504,0.22223731469619326,0.0,0.6413695216178894,0.3467943055879639,reference
SIHDR_050,SIHDR_050_e03.jpg,663,4000000.000000,32,1024,SDR,44,3,100,14.0,0.8500791446475837,0.12392049094070279,0.0,0.4807770550251007,0.6022381627661781,reference
SIHDR_050,SIHDR_050_e04.jpg,664,2000000.000000,32,1024,SDR,44,4,100,14.0,0.8492833299212633,0.05083558290629575,0.0,0.27896878123283386,0.7476121641086718,reference
SIHDR_050,SIHDR_050_e05.jpg,665,1000000.000000,32,1024,SDR,44,5,100,14.0,0.8025477032609692,0.016246968795754026,0.0010895177525622256,0.1536724865436554,0.7689642479168989,reference
SIHDR_050,SIHDR_050_e06.jpg,666,500000.000000,32,1024,SDR,44,6,100,14.0,0.731900748414541,0.0038690748535871156,0.008094173224743777,0.08074808120727539,0.716068425482623,reference
SIHDR_050,SIHDR_050_e07.jpg,667,250000.000000,32,1024,SDR,44,7,100,14.0,0.652335995708211,0.0007821078879941435,0.041521778916544655,0.04123722389340401,0.609250001015678,reference
SIHDR_050,SIHDR_050_e08.jpg,668,125000.000000,32,1024,SDR,44,8,100,14.0,0.571087101074154,8.864842606149341e-05,0.3281821925329429,0.02076391875743866,0.24272761168908807,reference
SIHDR_050,SIHDR_050_e09.jpg,669,66666.666667,32,1024,SDR,44,9,100,14.0,0.498554989282,1.1438506588579795e-05,0.7413024455527086,0.011093107052147388,-0.2427703332838858,reference
SIHDR_050,SIHDR_050_e10.jpg,670,33333.333333,32,1024,SDR,44,10,100,14.0,0.42108878340725636,0.0,0.9031544541544656,0.005548638291656971,-0.48206567074720924,reference
SIHDR_050,SIHDR_050_e11.jpg,671,16666.666667,32,1024,SDR,44,11,100,14.0,0.34518706669146687,0.0,0.9621671394582724,0.0027743191458284855,-0.6169800727668056,reference
SIHDR_050,SIHDR_050_e12.jpg,672,8000.000000,32,1024,SDR,44,12,100,14.0,0.2694125013087658,0.0,0.989869772602489,0.00133167312014848,-0.7204572712937232,reference
SIHDR_050,SIHDR_050_e13.jpg,673,4000.000000,32,1024,SDR,44,13,100,14.0,0.22189688906958324,0.0,0.9977280266288433,0.00066583656007424,-0.77583113755926,reference
SIHDR_050,SIHDR_050_e14.jpg,674,2000.000000,32,1024,SDR,44,14,100,14.0,0.2042075569575363,0.0,0.9995782050695461,0.00033291828003712,-0.7953706481120097,reference
SIHDR_051,SIHDR_051_e00.jpg,675,15000000.000000,32,1024,SDR,45,0,100,14.0,0.0005529036597611837,0.9997383441617862,0.0,0.9999776482582092,-1.9989237846638113,reference
SIHDR_051,SIHDR_051_e01.jpg,676,8000000.000000,32,1024,SDR,45,1,100,14.0,0.04501036260472139,0.9725332860541728,0.0,0.9951110482215881,-1.9000562095036242,reference
SIHDR_051,SIHDR_051_e02.jpg,677,6000000.000000,32,1024,SDR,45,2,100,14.0,0.11664974360654679,0.9202736090775988,0.0,0.9828500747680664,-1.7238974745486508,reference
SIHDR_051,SIHDR_051_e03.jpg,678,4000000.000000,32,1024,SDR,45,3,100,14.0,0.3068799444965425,0.7595897579612005,0.0,0.9336386919021606,-1.2122995714258586,reference
SIHDR_051,SIHDR_051_e04.jpg,679,2000000.000000,32,1024,SDR,45,4,100,14.0,0.6257787352035779,0.45394857247437775,0.0,0.7549201846122742,-0.28211840974517766,reference
SIHDR_051,SIHDR_051_e05.jpg,680,1000000.000000,32,1024,SDR,45,5,100,14.0,0.802411711990849,0.24619383693265007,0.0,0.537234365940094,0.3100240381255489,reference
SIHDR_051,SIHDR_051_e06.jpg,681,500000.000000,32,1024,SDR,45,6,100,14.0,0.829547262427798,0.17107716416544655,0.0,0.36750805377960205,0.4873929340969049,reference
SIHDR_051,SIHDR_051_e07.jpg,682,250000.000000,32,1024,SDR,45,7,100,14.0,0.805809905371707,0.13663725064055637,0.0,0.25816938281059265,0.5325354040905943,reference
SIHDR_051,SIHDR_051_e08.jpg,683,125000.000000,32,1024,SDR,45,8,100,14.0,0.7619271633587735,0.11671280197657394,0.0027523906478770133,0.19149494171142578,0.5257491687577487,reference
SIHDR_051,SIHDR_051_e09.jpg,684,66666.666667,32,1024,SDR,45,9,100,14.0,0.7226858049115408,0.0963422515556369,0.05812763085651537,0.15138791501522064,0.47187367094375154,reference
SIHDR_051,SIHDR_051_e10.jpg,685,33333.333333,32,1024,SDR,45,10,100,14.0,0.7063805491295613,0.03325888771961932,0.33503528779282576,0.1079995185136795,0.30482748589749686,reference
SIHDR_051,SIHDR_051_e11.jpg,686,16666.666667,32,1024,SDR,45,11,100,14.0,0.6503830160191632,0.001175306551976574,0.6212267226390923,0.060735106468200684,0.026805680276117738,reference
SIHDR_051,SIHDR_051_e12.jpg,687,8000.000000,32,1024,SDR,45,12,100,14.0,0.5675346245417329,5.433290629575403e-05,0.7869635340409956,0.02927825041115284,-0.21953757531185425,reference
SIHDR_051,SIHDR_051_e13.jpg,688,4000.000000,32,1024,SDR,45,13,100,14.0,0.4962901587291096,5.719253294289898e-06,0.8441303303440703,0.014650766737759113,-0.34785161012154925,reference
SIHDR_051,SIHDR_051_e14.jpg,689,2000.000000,32,1024,SDR,45,14,100,14.0,0.41035930492734596,0.0,0.8706948320827232,0.007325669284909964,-0.4603355271553773,reference
SIHDR_052,SIHDR_052_e00.jpg,690,15000000.000000,32,1024,SDR,46,0,100,14.0,-0.0,1.0,0.0,1.0,-2.0,reference
SIHDR_052,SIHDR_052_e01.jpg,691,8000000.000000,32,1024,SDR,46,1,100,14.0,0.0003202443924004023,0.9998870447474377,0.0,0.9999778270721436,-1.999453845102475,reference
SIHDR_052,SIHDR_052_e02.jpg,692,6000000.000000,32,1024,SDR,46,2,100,14.0,0.009677249045924267,0.9938203468155198,0.0,0.9995278120040894,-1.9779634445851153,reference
SIHDR_052,SIHDR_052_e03.jpg,693,4000000.000000,32,1024,SDR,46,3,100,14.0,0.08139882119367649,0.9350678875366032,0.0,0.9919096827507019,-1.78873695387953,reference
SIHDR_052,SIHDR_052_e04.jpg,694,2000000.000000,32,1024,SDR,46,4,100,14.0,0.2902441943513172,0.7782917162335286,0.0,0.909815788269043,-1.26633923811574,reference
SIHDR_052,SIHDR_052_e05.jpg,695,1000000.000000,32,1024,SDR,46,5,100,14.0,0.5936958541434103,0.4797567029648609,0.0,0.7729873061180115,-0.3658175517863115,reference
SIHDR_052,SIHDR_052_e06.jpg,696,500000.000000,32,1024,SDR,46,6,100,14.0,0.8510336228908749,0.16118714540629575,0.0,0.5230094194412231,0.5286593320782834,reference
SIHDR_052,SIHDR_052_e07.jpg,697,250000.000000,32,1024,SDR,46,7,100,14.0,0.8808287770761819,0.056972341691068816,0.0,0.30812549591064453,0.7668840936940443,reference
SIHDR_052,SIHDR_052_e08.jpg,698,125000.000000,32,1024,SDR,46,8,100,14.0,0.840730885709518,0.019847238744509516,2.1447199853587116e-05,0.17045773565769196,0.8010149610206454,reference
SIHDR_052,SIHDR_052_e09.jpg,699,66666.666667,32,1024,SDR,46,9,100,14.0,0.7767696256193273,0.011871740025622255,0.0013912083638360176,0.09746571630239487,0.7516349372042468,reference
SIHDR_052,SIHDR_052_e10.jpg,700,33333.333333,32,1024,SDR,46,10,100,14.0,0.701867301143465,0.009984386438506588,0.13537615528916544,0.054054856300354004,0.5465223729772863,reference
SIHDR_052,SIHDR_052_e11.jpg,701,16666.666667,32,1024,SDR,46,11,100,14.0,0.6217630837201282,0.008521687408491947,0.25993291315885797,0.03160450980067253,0.34478679574428633,reference
SIHDR_052,SIHDR_052_e12.jpg,702,8000.000000,32,1024,SDR,46,12,100,14.0,0.5509578273950816,0.004207940611273792,0.6598030861090776,0.018526894971728325,-0.11726113993654352,reference
SIHDR_052,SIHDR_052_e13.jpg,703,4000.000000,32,1024,SDR,46,13,100,14.0,0.476545566355193,0.0005161626098096633,0.8866644170937042,0.010005508549511433,-0.41115117595813055,reference
SIHDR_052,SIHDR_052_e14.jpg,704,2000.000000,32,1024,SDR,46,14,100,14.0,0.3920349267643423,0.0002130421852122987,0.9600195598462665,0.005149900447577238,-0.5684107174523487,reference
SIHDR_053,SIHDR_053_e00.jpg,705,15000000.000000,32,1024,SDR,47,0,100,14.0,-0.0,1.0,0.0,1.0,-2.0,reference
SIHDR_053,SIHDR_053_e01.jpg,706,8000000.000000,32,1024,SDR,47,1,100,14.0,-0.0,1.0,0.0,1.0,-2.0,reference
SIHDR_053,SIHDR_053_e02.jpg,707,6000000.000000,32,1024,SDR,47,2,100,14.0,-0.0,1.0,0.0,1.0,-2.0,reference
SIHDR_053,SIHDR_053_e03.jpg,708,4000000.000000,32,1024,SDR,47,3,100,14.0,-0.0,1.0,0.0,1.0,-2.0,reference
SIHDR_053,SIHDR_053_e04.jpg,709,2000000.000000,32,1024,SDR,47,4,100,14.0,0.006023844308683674,0.9965055362371888,0.0,0.9997223615646362,-1.986987228165694,reference
SIHDR_053,SIHDR_053_e05.jpg,710,1000000.000000,32,1024,SDR,47,5,100,14.0,0.11121592835660393,0.9258227145863837,0.0,0.981401264667511,-1.7404295008161634,reference
SIHDR_053,SIHDR_053_e06.jpg,711,500000.000000,32,1024,SDR,47,6,100,14.0,0.326779002493322,0.7587361594070278,0.0,0.9019544720649719,-1.1906933163207336,reference
SIHDR_053,SIHDR_053_e07.jpg,712,250000.000000,32,1024,SDR,47,7,100,14.0,0.476946476080432,0.6334630650622255,0.0,0.7924736142158508,-0.7899796540440189,reference
SIHDR_053,SIHDR_053_e08.jpg,713,125000.000000,32,1024,SDR,47,8,100,14.0,0.6373507657703202,0.48040440840043924,0.0,0.6651321649551392,-0.32345805103055825,reference
SIHDR_053,SIHDR_053_e09.jpg,714,66666.666667,32,1024,SDR,47,9,100,14.0,0.7979497382523656,0.28555802754392384,0.0,0.5407947897911072,0.2268336831645179,reference
SIHDR_053,SIHDR_053_e10.jpg,715,33333.333333,32,1024,SDR,47,10,100,14.0,0.941902898368693,0.01854324899341142,0.0,0.3210931122303009,0.9048164003818702,reference
SIHDR_053,SIHDR_053_e11.jpg,716,16666.666667,32,1024,SDR,47,11,100,14.0,0.8717681327233281,0.0016099698023426061,0.01394925878477306,0.16238956153392792,0.8545989343338698,reference
SIHDR_053,SIHDR_053_e12.jpg,717,8000.000000,32,1024,SDR,47,12,100,14.0,0.7862328689843506,0.0007706693814055637,0.14285264915812593,0.07849974185228348,0.6418388810634136,reference
SIHDR_053,SIHDR_053_e13.jpg,718,4000.000000,32,1024,SDR,47,13,100,14.0,0.703833381557519,0.0004403825036603221,0.2899189581808199,0.03953304886817932,0.41303365836937844,reference
SIHDR_053,SIHDR_053_e14.jpg,719,2000.000000,32,1024,SDR,47,14,100,14.0,0.6241194864720526,0.0002559365849194729,0.42038513451683746,0.01992887631058693,0.20322247878537625,reference
SIHDR_054,SIHDR_054_e00.jpg,720,15000000.000000,32,1024,SDR,48,0,100,14.0,-0.0,1.0,0.0,1.0,-2.0,reference
SIHDR_054,SIHDR_054_e01.jpg,721,8000000.000000,32,1024,SDR,48,1,100,14.0,0.0070675147992045355,0.9960422767203514,0.0,0.999631941318512,-1.9850170386414983,reference
SIHDR_054,SIHDR_054_e02.jpg,722,6000000.000000,32,1024,SDR,48,2,100,14.0,0.048184664786937594,0.9690459713579795,0.0,0.9954173564910889,-1.8899072779290216,reference
SIHDR_054,SIHDR_054_e03.jpg,723,4000000.000000,32,1024,SDR,48,3,100,14.0,0.13367039009391993,0.909801656295754,0.0,0.9759134650230408,-1.685932922497588,reference
SIHDR_054,SIHDR_054_e04.jpg,724,2000000.000000,32,1024,SDR,48,4,100,14.0,0.3740718216213106,0.7115737669289898,0.0,0.8957006335258484,-1.049075712236669,reference
SIHDR_054,SIHDR_054_e05.jpg,725,1000000.000000,32,1024,SDR,48,5,100,14.0,0.6968007021624419,0.3873893324487555,0.0,0.7061221599578857,-0.07797796273506907,reference
SIHDR_054,SIHDR_054_e06.jpg,726,500000.000000,32,1024,SDR,48,6,100,14.0,0.7900887621809217,0.26639280975475843,0.0,0.5081773400306702,0.25730314267140486,reference
SIHDR_054,SIHDR_054_e07.jpg,727,250000.000000,32,1024,SDR,48,7,100,14.0,0.8187627016657973,0.19277458135065886,0.0,0.3631459176540375,0.4332135389644796,reference
SIHDR_054,SIHDR_054_e08.jpg,728,125000.000000,32,1024,SDR,48,8,100,14.0,0.785593792973338,0.1694328788433382,0.0,0.2707582414150238,0.44672803528666155,reference
SIHDR_054,SIHDR_054_e09.jpg,729,66666.666667,32,1024,SDR,48,9,100,14.0,0.7442993623134772,0.15561945232430455,0.020366260980966326,0.21960611641407013,0.4126941966839017,reference
SIHDR_054,SIHDR_054_e10.jpg,730,33333.333333,32,1024,SDR,48,10,100,14.0,0.6955858274408316,0.14224926793557832,0.12709610633235724,0.18374961614608765,0.28399118523731776,reference
SIHDR_054,SIHDR_054_e11.jpg,731,16666.666667,32,1024,SDR,48,11,100,14.0,0.6977747416940022,0.059962081350658857,0.37404202507320644,0.14841432869434357,0.2038085539194781,reference
SIHDR_054,SIHDR_054_e12.jpg,732,8000.000000,32,1024,SDR,48,12,100,14.0,0.6608454986856785,0.004838488286969253,0.6649532737005857,0.08297235518693924,-0.013784751588845623,reference
SIHDR_054,SIHDR_054_e13.jpg,733,4000.000000,32,1024,SDR,48,13,100,14.0,0.5894287573415212,4.289439970717423e-05,0.7652718361090776,0.041682399809360504,-0.17592886756697068,reference
SIHDR_054,SIHDR_054_e14.jpg,734,2000.000000,32,1024,SDR,48,14,100,14.0,0.504120281483606,0.0,0.8165649592789166,0.020845182240009308,-0.3124446777953106,reference
SIHDR_055,SIHDR_055_e00.jpg,735,15000000.000000,32,1024,SDR,49,0,100,14.0,-0.0,0.9999985701866764,0.0,1.0,-1.9999971403733527,reference
SIHDR_055,SIHDR_055_e01.jpg,736,8000000.000000,32,1024,SDR,49,1,100,14.0,0.012058950940683865,0.9935429630307467,0.0,0.9990864992141724,-1.9750269751208096,reference
SIHDR_055,SIHDR_055_e02.jpg,737,6000000.000000,32,1024,SDR,49,2,100,14.0,0.04144780431956146,0.9750168717972182,0.0,0.9954996705055237,-1.908585939274875,reference
SIHDR_055,SIHDR_055_e03.jpg,738,4000000.000000,32,1024,SDR,49,3,100,14.0,0.1397503436691037,0.9032674094070278,0.0,0.9771957397460938,-1.6667844751449519,reference
SIHDR_055,SIHDR_055_e04.jpg,739,2000000.000000,32,1024,SDR,49,4,100,14.0,0.4892484269111801,0.5887313552342606,0.0,0.8577114939689636,-0.688214283557341,reference
SIHDR_055,SIHDR_055_e05.jpg,740,1000000.000000,32,1024,SDR,49,5,100,14.0,0.6706164428328215,0.4087493136896047,0.0,0.6617161631584167,-0.1468821845463879,reference
SIHDR_055,SIHDR_055_e06.jpg,741,500000.000000,32,1024,SDR,49,6,100,14.0,0.7311997847253068,0.3247692281295754,0.0,0.5107400417327881,0.08166132846615592,reference
SIHDR_055,SIHDR_055_e07.jpg,742,250000.000000,32,1024,SDR,49,7,100,14.0,0.7198443440144371,0.2956353518484627,0.0,0.4086160659790039,0.12857364031751173,reference
SIHDR_055,SIHDR_055_e08.jpg,743,125000.000000,32,1024,SDR,49,8,100,14.0,0.7114700823517374,0.25828719802342603,0.00013297263909224012,0.3445119261741638,0.19476271366579306,reference
SIHDR_055,SIHDR_055_e09.jpg,744,66666.666667,32,1024,SDR,49,9,100,14.0,0.7964368417311921,0.11381171074304539,0.01645715135431918,0.26802510023117065,0.5523562688907823,reference
SIHDR_055,SIHDR_055_e10.jpg,745,33333.333333,32,1024,SDR,49,10,100,14.0,0.7941145606451379,0.03890093109443631,0.1717305888543192,0.1641685962677002,0.5445821096019461,reference
SIHDR_055,SIHDR_055_e11.jpg,746,16666.666667,32,1024,SDR,49,11,100,14.0,0.7363013135513751,0.01728930270863836,0.48739619555270863,0.09514503180980682,0.21432651258138968,reference
SIHDR_055,SIHDR_055_e12.jpg,747,8000.000000,32,1024,SDR,49,12,100,14.0,0.666419070340005,0.004493903275988287,0.6198641105417276,0.05007234588265419,0.03756715324630078,reference
SIHDR_055,SIHDR_055_e13.jpg,748,4000.000000,32,1024,SDR,49,13,100,14.0,0.5921556623131735,0.0007649501281112738,0.6873913341874085,0.025923775508999825,-0.09676557213045756,reference
SIHDR_055,SIHDR_055_e14.jpg,749,2000.000000,32,1024,SDR,49,14,100,14.0,0.5164481257536119,0.0001515602122986823,0.7114822588762811,0.013133457861840725,-0.1953372535472666,reference
SIHDR_056,SIHDR_056_e00.jpg,750,15000000.000000,32,1024,SDR,50,0,100,14.0,-0.0,1.0,0.0,1.0,-2.0,reference
SIHDR_056,SIHDR_056_e01.jpg,751,8000000.000000,32,1024,SDR,50,1,100,14.0,0.0019626847652005203,0.9991778573389458,0.0,0.9998472929000854,-1.996393029912691,reference
SIHDR_056,SIHDR_056_e02.jpg,752,6000000.000000,32,1024,SDR,50,2,100,14.0,0.008252473364068766,0.9960351276537335,0.0,0.999302089214325,-1.9838177819433982,reference
SIHDR_056,SIHDR_056_e03.jpg,753,4000000.000000,32,1024,SDR,50,3,100,14.0,0.035574395094680154,0.9800827004026355,0.0,0.9957619309425354,-1.9245910057105908,reference
SIHDR_056,SIHDR_056_e04.jpg,754,2000000.000000,32,1024,SDR,50,4,100,14.0,0.20746773062991666,0.8539931826500732,0.0,0.9566961526870728,-1.5005186346702297,reference
SIHDR_056,SIHDR_056_e05.jpg,755,1000000.000000,32,1024,SDR,50,5,100,14.0,0.5406733727417149,0.5511115368777453,0.0,0.8143007755279541,-0.5615497010137757,reference
SIHDR_056,SIHDR_056_e06.jpg,756,500000.000000,32,1024,SDR,50,6,100,14.0,0.6497404349968104,0.43956036099926793,0.0,0.6471723914146423,-0.2293802870017254,reference
SIHDR_056,SIHDR_056_e07.jpg,757,250000.000000,32,1024,SDR,50,7,100,14.0,0.6919377807114723,0.37607807924597364,0.0,0.5241962671279907,-0.06021837778047501,reference
SIHDR_056,SIHDR_056_e08.jpg,758,125000.000000,32,1024,SDR,50,8,100,14.0,0.6838170525869881,0.34782496797218154,9.150805270863836e-05,0.44028031826019287,-0.011924391410083618,reference
SIHDR_056,SIHDR_056_e09.jpg,759,66666.666667,32,1024,SDR,50,9,100,14.0,0.7568993044297594,0.2382969779465593,0.0026122689421669105,0.3728986978530884,0.27769307959447387,reference
SIHDR_056,SIHDR_056_e10.jpg,760,33333.333333,32,1024,SDR,50,10,100,14.0,0.8529592853223441,0.06021801793557833,0.04276142706808199,0.25133970379829407,0.6897618223831055,reference
SIHDR_056,SIHDR_056_e11.jpg,761,16666.666667,32,1024,SDR,50,11,100,14.0,0.8192092139094359,0.0024221037701317714,0.22619074853587115,0.1366724669933319,0.5881742578333012,reference
SIHDR_056,SIHDR_056_e12.jpg,762,8000.000000,32,1024,SDR,50,12,100,14.0,0.7346476879069112,2.859626647144949e-05,0.4973748627379209,0.06605469435453415,0.23721563263604734,reference
SIHDR_056,SIHDR_056_e13.jpg,763,4000.000000,32,1024,SDR,50,13,100,14.0,0.6551471851576373,5.719253294289898e-06,0.5842317327049781,0.03303214907646179,0.0709040139460706,reference
SIHDR_056,SIHDR_056_e14.jpg,764,2000.000000,32,1024,SDR,50,14,100,14.0,0.5787109297765615,0.0,0.6395097456076134,0.016516925767064095,-0.060798815831051956,reference
SIHDR_057,SIHDR_057_e00.jpg,765,15000000.000000,32,1024,SDR,51,0,100,14.0,0.0058158929778293145,0.9972604776720352,0.0,0.9995367527008057,-1.988705062366241,reference
SIHDR_057,SIHDR_057_e01.jpg,766,8000000.000000,32,1024,SDR,51,1,100,14.0,0.01818851753413871,0.9913639275256223,0.0,0.9970647096633911,-1.9645393375171059,reference
SIHDR_057,SIHDR_057_e02.jpg,767,6000000.000000,32,1024,SDR,51,2,100,14.0,0.030611324952207638,0.9845308496522694,0.0,0.9947721362113953,-1.9384503743523314,reference
SIHDR_057,SIHDR_057_e03.jpg,768,4000000.000000,32,1024,SDR,51,3,100,14.0,0.13711163742358473,0.9033632068997072,0.0,0.9794883728027344,-1.6696147763758296,reference
SIHDR_057,SIHDR_057_e04.jpg,769,2000000.000000,32,1024,SDR,51,4,100,14.0,0.4950944718162358,0.5809932055270863,0.0,0.8513520359992981,-0.6668919392379369,reference
SIHDR_057,SIHDR_057_e05.jpg,770,1000000.000000,32,1024,SDR,51,5,100,14.0,0.7613108048712917,0.28967303028916547,0.0,0.6421830654144287,0.18196474429296072,reference
SIHDR_057,SIHDR_057_e06.jpg,771,500000.000000,32,1024,SDR,51,6,100,14.0,0.80725381213513,0.2036654694363104,0.0,0.4419797956943512,0.39992287326250925,reference
SIHDR_057,SIHDR_057_e07.jpg,772,250000.000000,32,1024,SDR,51,7,100,14.0,0.8671791726147614,0.06350944820644217,4.289439970717423e-06,0.27685222029685974,0.7401559867619063,reference
SIHDR_057,SIHDR_057_e08.jpg,773,125000.000000,32,1024,SDR,51,8,100,14.0,0.83281104090685,0.016212653275988288,0.004310887170571011,0.1552777886390686,0.7960748471843023,reference
SIHDR_057,SIHDR_057_e09.jpg,774,66666.666667,32,1024,SDR,51,9,100,14.0,0.7671473833534926,0.010526285688140556,0.01264383922035139,0.08864044398069382,0.7334509727568601,reference
SIHDR_057,SIHDR_057_e10.jpg,775,33333.333333,32,1024,SDR,51,10,100,14.0,0.6912752746303815,0.006447028275988287,0.1857699258784773,0.04835891351103783,0.4926112921999276,reference
SIHDR_057,SIHDR_057_e11.jpg,776,16666.666667,32,1024,SDR,51,11,100,14.0,0.617019750112179,0.003653173041727672,0.4757775324853587,0.02653738483786583,0.13393587154336495,reference
SIHDR_057,SIHDR_057_e12.jpg,777,8000.000000,32,1024,SDR,51,12,100,14.0,0.5369502513101805,0.0,0.7399812980417276,0.012987165711820126,-0.20303104673154715,reference
SIHDR_057,SIHDR_057_e13.jpg,778,4000.000000,32,1024,SDR,51,13,100,14.0,0.4569367743911112,0.0,0.8469513520314788,0.006493582855910063,-0.39001457764036757,reference
SIHDR_057,SIHDR_057_e14.jpg,779,2000.000000,32,1024,SDR,51,14,100,14.0,0.3786891688672269,0.0,0.9549480119875549,0.0032467914279550314,-0.5762588431203279,reference
SIHDR_058,SIHDR_058_e00.jpg,780,15000000.000000,32,1024,SDR,52,0,100,14.0,-0.0,1.0,0.0,1.0,-2.0,reference
SIHDR_058,SIHDR_058_e01.jpg,781,8000000.000000,32,1024,SDR,52,1,100,14.0,1.4911833217291827e-05,0.9999957105600292,0.0,0.9999995827674866,-1.9999765092868411,reference
SIHDR_058,SIHDR_058_e02.jpg,782,6000000.000000,32,1024,SDR,52,2,100,14.0,0.0008948213430779464,0.999498135523426,0.0,0.999963641166687,-1.9981014497037741,reference
SIHDR_058,SIHDR_058_e03.jpg,783,4000000.000000,32,1024,SDR,52,3,100,14.0,0.01861531045044271,0.9897053440702782,0.0,0.998349666595459,-1.9607953776901137,reference
SIHDR_058,SIHDR_058_e04.jpg,784,2000000.000000,32,1024,SDR,52,4,100,14.0,0.23929672725226925,0.812667288158858,0.0,0.9578598141670227,-1.3860378490654468,reference
SIHDR_058,SIHDR_058_e05.jpg,785,1000000.000000,32,1024,SDR,52,5,100,14.0,0.48043559402274294,0.6063795410871157,0.0,0.8153806328773499,-0.7323234881514884,reference
SIHDR_058,SIHDR_058_e06.jpg,786,500000.000000,32,1024,SDR,52,6,100,14.0,0.5819681619644127,0.5077767546669106,0.0,0.6832588315010071,-0.43358534736940857,reference
SIHDR_058,SIHDR_058_e07.jpg,787,250000.000000,32,1024,SDR,52,7,100,14.0,0.637116877412702,0.4402752676610542,0.0,0.5747913718223572,-0.2434336579094064,reference
SIHDR_058,SIHDR_058_e08.jpg,788,125000.000000,32,1024,SDR,52,8,100,14.0,0.6535557663935423,0.398032862829429,0.0,0.492810994386673,-0.14250995926531573,reference
SIHDR_058,SIHDR_058_e09.jpg,789,66666.666667,32,1024,SDR,52,9,100,14.0,0.6236679608855921,0.39020892432284043,0.00010580618594436311,0.44633182883262634,-0.15685569394603316,reference
SIHDR_058,SIHDR_058_e10.jpg,790,33333.333333,32,1024,SDR,52,10,100,14.0,0.7530036418353901,0.1685764206625183,0.024392615300146414,0.3810143768787384,0.39145818521020714,reference
SIHDR_058,SIHDR_058_e11.jpg,791,16666.666667,32,1024,SDR,52,11,100,14.0,0.7891421306607835,0.024734340684480233,0.27428251967423134,0.21837380528450012,0.46539092961759176,reference
SIHDR_058,SIHDR_058_e12.jpg,792,8000.000000,32,1024,SDR,52,12,100,14.0,0.7138972666009828,0.0203519628477306,0.4229959736456808,0.11668600142002106,0.2501973672598408,reference
SIHDR_058,SIHDR_058_e13.jpg,793,4000.000000,32,1024,SDR,52,13,100,14.0,0.6468060022639669,0.014339597822108346,0.5176110107064422,0.06664291024208069,0.10051579591330795,reference
SIHDR_058,SIHDR_058_e14.jpg,794,2000.000000,32,1024,SDR,52,14,100,14.0,0.5945508850780978,0.00865037060761347,0.5818325059480234,0.03877774253487587,-0.004582362085152503,reference
SIHDR_059,SIHDR_059_e00.jpg,795,15000000.000000,32,1024,SDR,53,0,100,14.0,-0.0,1.0,0.0,1.0,-2.0,reference
SIHDR_059,SIHDR_059_e01.jpg,796,8000000.000000,32,1024,SDR,53,1,100,14.0,-0.0,1.0,0.0,1.0,-2.0,reference
SIHDR_059,SIHDR_059_e02.jpg,797,6000000.000000,32,1024,SDR,53,2,100,14.0,0.0005026886931660553,0.999792677068082,0.0,0.9999777674674988,-1.9990826654429978,reference
SIHDR_059,SIHDR_059_e03.jpg,798,4000000.000000,32,1024,SDR,53,3,100,14.0,0.014715497544646544,0.9916084256039531,0.0,0.9989914298057556,-1.9685013536632596,reference
SIHDR_059,SIHDR_059_e04.jpg,799,2000000.000000,32,1024,SDR,53,4,100,14.0,0.11671490175886196,0.9251935967240117,0.0,0.9783928394317627,-1.7336722916891614,reference
SIHDR_059,SIHDR_059_e05.jpg,800,1000000.000000,32,1024,SDR,53,5,100,14.0,0.37740695079636083,0.7106286603221084,0.0,0.8950801491737366,-1.0438503698478558,reference
SIHDR_059,SIHDR_059_e06.jpg,801,500000.000000,32,1024,SDR,53,6,100,14.0,0.6191433576535023,0.4852285985541728,0.0,0.7319165468215942,-0.3513138394548433,reference
SIHDR_059,SIHDR_059_e07.jpg,802,250000.000000,32,1024,SDR,53,7,100,14.0,0.7656237519930422,0.3227703491032211,0.0,0.5592625737190247,0.1200830537866,reference
SIHDR_059,SIHDR_059_e08.jpg,803,125000.000000,32,1024,SDR,53,8,100,14.0,0.7863584823986222,0.2647942784590044,0.0,0.4205324053764343,0.2567699254806134,reference
SIHDR_059,SIHDR_059_e09.jpg,804,66666.666667,32,1024,SDR,53,9,100,14.0,0.7771849416169719,0.23213305270863835,0.00010008693265007321,0.3390094041824341,0.31281874926704517,reference
SIHDR_059,SIHDR_059_e10.jpg,805,33333.333333,32,1024,SDR,53,10,100,14.0,0.8025811731507981,0.15125137262079064,0.021846117770863836,0.26735222339630127,0.47823231013835305,reference
SIHDR_059,SIHDR_059_e11.jpg,806,16666.666667,32,1024,SDR,53,11,100,14.0,0.835939440075485,0.03128145589311859,0.11974400622254758,0.16993865370750427,0.6536325220667003,reference
SIHDR_059,SIHDR_059_e12.jpg,807,8000.000000,32,1024,SDR,53,12,100,14.0,0.7726682068109322,0.005859375,0.38390630719253294,0.08736798912286758,0.37704314961839924,reference
SIHDR_059,SIHDR_059_e13.jpg,808,4000.000000,32,1024,SDR,53,13,100,14.0,0.6938752522255048,0.0030469321925329427,0.5747463511163983,0.04574459791183472,0.1130350367240407,reference
SIHDR_059,SIHDR_059_e14.jpg,809,2000.000000,32,1024,SDR,53,14,100,14.0,0.616261723373021,0.001597101482430454,0.7103326889641288,0.023905081674456596,-0.09726516855596878,reference
SIHDR_060,SIHDR_060_e00.jpg,810,15000000.000000,32,1024,SDR,54,0,100,14.0,-0.0,1.0,0.0,1.0,-2.0,reference
SIHDR_060,SIHDR_060_e01.jpg,811,8000000.000000,32,1024,SDR,54,1,100,14.0,0.01075496127105978,0.993953319454612,0.0,0.999335765838623,-1.9771516776381641,reference
SIHDR_060,SIHDR_060_e02.jpg,812,6000000.000000,32,1024,SDR,54,2,100,14.0,0.04232553668841212,0.9736785665263543,0.0,0.9955974221229553,-1.9050315963642965,reference
SIHDR_060,SIHDR_060_e03.jpg,813,4000000.000000,32,1024,SDR,54,3,100,14.0,0.16002611889691043,0.8872377722364568,0.0,0.9728389978408813,-1.6144494255760033,reference
SIHDR_060,SIHDR_060_e04.jpg,814,2000000.000000,32,1024,SDR,54,4,100,14.0,0.45356305491170773,0.6347384585468521,0.0,0.8574524521827698,-0.8159138621819964,reference
SIHDR_060,SIHDR_060_e05.jpg,815,1000000.000000,32,1024,SDR,54,5,100,14.0,0.7121780117795306,0.3694451752379209,0.0,0.6727040410041809,-0.02671233869631129,reference
SIHDR_060,SIHDR_060_e06.jpg,816,500000.000000,32,1024,SDR,54,6,100,14.0,0.8216478015625156,0.22040429401537334,0.0,0.4664740562438965,0.3808392135317689,reference
SIHDR_060,SIHDR_060_e07.jpg,817,250000.000000,32,1024,SDR,54,7,100,14.0,0.7882324672174844,0.19968915858345535,0.0,0.336045503616333,0.3888541500505737,reference
SIHDR_060,SIHDR_060_e08.jpg,818,125000.000000,32,1024,SDR,54,8,100,14.0,0.7343347624418529,0.19255724972547583,0.0,0.2657429277896881,0.34922026299090125,reference
SIHDR_060,SIHDR_060_e09.jpg,819,66666.666667,32,1024,SDR,54,9,100,14.0,0.7137427078528055,0.16030924002562225,0.017097707723279648,0.22561225295066833,0.3760265200782813,reference
SIHDR_060,SIHDR_060_e10.jpg,820,33333.333333,32,1024,SDR,54,10,100,14.0,0.6953410752248316,0.12077919106881406,0.17517643896412885,0.18219007551670074,0.2786062541230746,reference
SIHDR_060,SIHDR_060_e11.jpg,821,16666.666667,32,1024,SDR,54,11,100,14.0,0.6676932857101328,0.08315222364568083,0.42626452690336747,0.13958582282066345,0.07512431151540366,reference
SIHDR_060,SIHDR_060_e12.jpg,822,8000.000000,32,1024,SDR,54,12,100,14.0,0.64762113628719,0.014679893393118594,0.7190559800512445,0.08885855972766876,-0.1007946305502917,reference
SIHDR_060,SIHDR_060_e13.jpg,823,4000.000000,32,1024,SDR,54,13,100,14.0,0.5870704099980201,0.0017500915080527087,0.790323595351391,0.047002553939819336,-0.20675336836947633,reference
SIHDR_060,SIHDR_060_e14.jpg,824,2000.000000,32,1024,SDR,54,14,100,14.0,0.5002010985602853,2.859626647144949e-06,0.8028959439055637,0.02374352514743805,-0.30270056459857275,reference
SIHDR_061,SIHDR_061_e00.jpg,825,15000000.000000,32,1024,SDR,55,0,100,14.0,0.0002582922135925378,0.9998827553074671,0.0,0.9999922513961792,-1.9995072184013416,reference
SIHDR_061,SIHDR_061_e01.jpg,826,8000000.000000,32,1024,SDR,55,1,100,14.0,0.030580932980082447,0.9821130353221084,0.0,0.9970239996910095,-1.9336451376641344,reference
SIHDR_061,SIHDR_061_e02.jpg,827,6000000.000000,32,1024,SDR,55,2,100,14.0,0.08291713970577573,0.9467280151903368,0.0,0.9886429309844971,-1.8105388906748978,reference
SIHDR_061,SIHDR_061_e03.jpg,828,4000000.000000,32,1024,SDR,55,3,100,14.0,0.19659056086086177,0.8626335445644217,0.0,0.9596972465515137,-1.5286765282679815,reference
SIHDR_061,SIHDR_061_e04.jpg,829,2000000.000000,32,1024,SDR,55,4,100,14.0,0.4688934011095982,0.6283371842972182,0.0,0.8477745652198792,-0.7877809674848382,reference
SIHDR_061,SIHDR_061_e05.jpg,830,1000000.000000,32,1024,SDR,55,5,100,14.0,0.7240819188413489,0.3690934411603221,0.0,0.658627986907959,-0.014104963479295352,reference
SIHDR_061,SIHDR_061_e06.jpg,831,500000.000000,32,1024,SDR,55,6,100,14.0,0.7963622032032962,0.2672163822291362,0.0,0.480826735496521,0.26192943874502383,reference
SIHDR_061,SIHDR_061_e07.jpg,832,250000.000000,32,1024,SDR,55,7,100,14.0,0.7982409538312111,0.2205730119875549,0.0,0.35830408334732056,0.35709492985610125,reference
SIHDR_061,SIHDR_061_e08.jpg,833,125000.000000,32,1024,SDR,55,8,100,14.0,0.7608671459447404,0.20286191434846265,0.001178166178623719,0.2839377224445343,0.35396515106919135,reference
SIHDR_061,SIHDR_061_e09.jpg,834,66666.666667,32,1024,SDR,55,9,100,14.0,0.7375791324512023,0.17419415721083456,0.039890361914348464,0.24101726710796356,0.34930045611518473,reference
SIHDR_061,SIHDR_061_e10.jpg,835,33333.333333,32,1024,SDR,55,10,100,14.0,0.7352696503226356,0.11755496202415813,0.19161500274524157,0.19238577783107758,0.3085447235290778,reference
SIHDR_061,SIHDR_061_e11.jpg,836,16666.666667,32,1024,SDR,55,11,100,14.0,0.7333356321011181,0.04300878477306003,0.4527160733894583,0.13017669320106506,0.19460198916553972,reference
SIHDR_061,SIHDR_061_e12.jpg,837,8000.000000,32,1024,SDR,55,12,100,14.0,0.681528669119207,0.00112097364568082,0.677299711749634,0.06972983479499817,0.0019870100782113376,reference
SIHDR_061,SIHDR_061_e13.jpg,838,4000.000000,32,1024,SDR,55,13,100,14.0,0.6040135547834552,6.577141288433382e-05,0.7550472410322109,0.03494255617260933,-0.15116522907452434,reference
SIHDR_061,SIHDR_061_e14.jpg,839,2000.000000,32,1024,SDR,55,14,100,14.0,0.5227358746994899,2.573663982430454e-05,0.7866975887628112,0.017492258921265602,-0.26401318734296986,reference
SIHDR_062,SIHDR_062_e00.jpg,840,15000000.000000,32,1024,SDR,56,0,100,14.0,0.019498426484998402,0.9881668649341142,0.0,0.9986944198608398,-1.95683530338323,reference
SIHDR_062,SIHDR_062_e01.jpg,841,8000000.000000,32,1024,SDR,56,1,100,14.0,0.09417292461242734,0.9425572497254758,0.0,0.9807074666023254,-1.7909415748385242,reference
SIHDR_062,SIHDR_062_e02.jpg,842,6000000.000000,32,1024,SDR,56,2,100,14.0,0.13959375266627472,0.9107867976756955,0.0,0.9671028256416321,-1.6819798426851162,reference
SIHDR_062,SIHDR_062_e03.jpg,843,4000000.000000,32,1024,SDR,56,3,100,14.0,0.22585577464187975,0.8488215478587116,0.0,0.9371296763420105,-1.4717873210755434,reference
SIHDR_062,SIHDR_062_e04.jpg,844,2000000.000000,32,1024,SDR,56,4,100,14.0,0.49306447196083375,0.6065082242862372,0.0,0.8182270526885986,-0.7199519766116407,reference
SIHDR_062,SIHDR_062_e05.jpg,845,1000000.000000,32,1024,SDR,56,5,100,14.0,0.7425436811444023,0.34763766242679356,0.0,0.6408782005310059,0.04726835629081516,reference
SIHDR_062,SIHDR_062_e06.jpg,846,500000.000000,32,1024,SDR,56,6,100,14.0,0.8959867094525991,0.13475132686676428,0.0,0.4266113042831421,0.6264840557190705,reference
SIHDR_062,SIHDR_062_e07.jpg,847,250000.000000,32,1024,SDR,56,7,100,14.0,0.9118046279626215,0.04272568173499268,1.572794655929722e-05,0.2520217001438141,0.8263375365460768,reference
SIHDR_062,SIHDR_062_e08.jpg,848,125000.000000,32,1024,SDR,56,8,100,14.0,0.8618239949977556,0.009310944363103953,0.02828742679355783,0.13470309972763062,0.8149146794779899,reference
SIHDR_062,SIHDR_062_e09.jpg,849,66666.666667,32,1024,SDR,56,9,100,14.0,0.7960579727617442,0.0004918557833089312,0.0775487852306003,0.0736565813422203,0.717525475964526,reference
SIHDR_062,SIHDR_062_e10.jpg,850,33333.333333,32,1024,SDR,56,10,100,14.0,0.7144875677713699,1.4298133235724744e-05,0.24960823114934114,0.036863528192043304,0.4648507403555573,reference
SIHDR_062,SIHDR_062_e11.jpg,851,16666.666667,32,1024,SDR,56,11,100,14.0,0.6322354171382905,1.4298133235724744e-06,0.46376567075402636,0.01843510940670967,0.16846688675761695,reference
SIHDR_062,SIHDR_062_e12.jpg,852,8000.000000,32,1024,SDR,56,12,100,14.0,0.5487812869245563,0.0,0.7431254575402635,0.008848868310451508,-0.1943441706157072,reference
SIHDR_062,SIHDR_062_e13.jpg,853,4000.000000,32,1024,SDR,56,13,100,14.0,0.46545612613496085,0.0,0.9047615643301611,0.004424434155225754,-0.43930543819520024,reference
SIHDR_062,SIHDR_062_e14.jpg,854,2000.000000,32,1024,SDR,56,14,100,14.0,0.3962006757153716,0.0,0.9782925741215227,0.002212217077612877,-0.5820918984061512,reference
SIHDR_063,SIHDR_063_e00.jpg,855,15000000.000000,32,1024,SDR,57,0,100,14.0,0.6523960057602828,0.02297995973645681,0.0,0.13168610632419586,0.6064360862873691,reference
SIHDR_063,SIHDR_063_e01.jpg,856,8000000.000000,32,1024,SDR,57,1,100,14.0,0.5937199419668446,0.011208306643484626,0.00557055270863836,0.07741323113441467,0.5657327759712371,reference
SIHDR_063,SIHDR_063_e02.jpg,857,6000000.000000,32,1024,SDR,57,2,100,14.0,0.5616409157592741,0.009023551885065886,0.038390487737920934,0.060503728687763214,0.5052033242512214,reference
SIHDR_063,SIHDR_063_e03.jpg,858,4000000.000000,32,1024,SDR,57,3,100,14.0,0.5205692211101046,0.007568001921669107,0.12860741901537334,0.0430523045361042,0.37682579825139306,reference
SIHDR_063,SIHDR_063_e04.jpg,859,2000000.000000,32,1024,SDR,57,4,100,14.0,0.454665170438437,0.006222547584187409,0.2122257618045388,0.02486911229789257,0.22999431346552338,reference
SIHDR_063,SIHDR_063_e05.jpg,860,1000000.000000,32,1024,SDR,57,5,100,14.0,0.3878035517021751,0.0050272236456808195,0.9174397190702782,0.015240222215652466,-0.5396906146594647,reference
SIHDR_063,SIHDR_063_e06.jpg,861,500000.000000,32,1024,SDR,57,6,100,14.0,0.360491467973663,0.003209930911420205,0.9602197337115667,0.009636834263801575,-0.6061481275607441,reference
SIHDR_063,SIHDR_063_e07.jpg,862,250000.000000,32,1024,SDR,57,7,100,14.0,0.2861547640966735,0.0017500915080527087,0.9668154625732065,0.0059613073244690895,-0.6841608814926384,reference
SIHDR_063,SIHDR_063_e08.jpg,863,125000.000000,32,1024,SDR,57,8,100,14.0,0.28112049223162355,0.0009451066068814056,0.9818270726573939,0.00360353896394372,-0.7025967936395332,reference
SIHDR_063,SIHDR_063_e09.jpg,864,66666.666667,32,1024,SDR,57,9,100,14.0,0.18208658139063247,0.00041178623718887263,0.9904860221449487,0.0022033280692994595,-0.809223013228694,reference
SIHDR_063,SIHDR_063_e10.jpg,865,33333.333333,32,1024,SDR,57,10,100,14.0,0.21512106893793384,0.00011867450585651538,0.9929781867679356,0.0012192375725135207,-0.7780944668417148,reference
SIHDR_063,SIHDR_063_e11.jpg,866,16666.666667,32,1024,SDR,57,11,100,14.0,0.06364567446725151,0.0,0.9940305293740849,0.0006184352678246796,-0.9303848549068333,reference
SIHDR_063,SIHDR_063_e12.jpg,867,8000.000000,32,1024,SDR,57,12,100,14.0,0.048835811508434225,0.0,0.9954846495241582,0.0002968490298371762,-0.946648838015724,reference
SIHDR_063,SIHDR_063_e13.jpg,868,4000.000000,32,1024,SDR,57,13,100,14.0,0.03642563612696125,0.0,0.9974420639641288,0.0001484245149185881,-0.9610164278371676,reference
SIHDR_063,SIHDR_063_e14.jpg,869,2000.000000,32,1024,SDR,57,14,100,14.0,0.02000893444279358,0.0,0.9985830549963397,7.421225745929405e-05,-0.9785741205535461,reference
SIHDR_064,SIHDR_064_e00.jpg,870,15000000.000000,32,1024,SDR,58,0,100,14.0,0.7654721656267044,0.012999862737920937,0.0009922904465592972,0.13663409650325775,0.7384801497043032,reference
SIHDR_064,SIHDR_064_e01.jpg,871,8000000.000000,32,1024,SDR,58,1,100,14.0,0.6966402122032463,0.007292047950219619,0.030312042459736458,0.07767996937036514,0.6517440738430706,reference
SIHDR_064,SIHDR_064_e02.jpg,872,6000000.000000,32,1024,SDR,58,2,100,14.0,0.6700816971194311,0.002805293740849195,0.0712633258601757,0.059465646743774414,0.593207783777557,reference
SIHDR_064,SIHDR_064_e03.jpg,873,4000000.000000,32,1024,SDR,58,3,100,14.0,0.622039329134595,0.0014569797767203514,0.12039171165812591,0.04018460586667061,0.4987336579230285,reference
SIHDR_064,SIHDR_064_e04.jpg,874,2000000.000000,32,1024,SDR,58,4,100,14.0,0.5451329917974465,0.001223920204978038,0.24713036465959004,0.02074575237929821,0.29555478672790036,reference
SIHDR_064,SIHDR_064_e05.jpg,875,1000000.000000,32,1024,SDR,58,5,100,14.0,0.4640734129485143,0.001009448206442167,0.6004929996339677,0.010925219394266605,-0.13843848309833778,reference
SIHDR_064,SIHDR_064_e06.jpg,876,500000.000000,32,1024,SDR,58,6,100,14.0,0.3931132444182602,0.0007964060212298683,0.9827307146778916,0.005906124599277973,-0.5912102823020913,reference
SIHDR_064,SIHDR_064_e07.jpg,877,250000.000000,32,1024,SDR,58,7,100,14.0,0.3048713123414539,0.0005561973828696926,0.9856175077781845,0.003279252676293254,-0.6818585902024699,reference
SIHDR_064,SIHDR_064_e08.jpg,878,125000.000000,32,1024,SDR,58,8,100,14.0,0.2543936367364823,0.00038318997071742314,0.9881997506405563,0.0018638368928804994,-0.7345724938455089,reference
SIHDR_064,SIHDR_064_e09.jpg,879,66666.666667,32,1024,SDR,58,9,100,14.0,0.18824867425777014,0.00023019994509516838,0.9956476482430454,0.001131443539634347,-0.8078593738754656,reference
SIHDR_064,SIHDR_064_e10.jpg,880,33333.333333,32,1024,SDR,58,10,100,14.0,0.1873915301195912,6.291178623718887e-05,0.998618800329429,0.000629801768809557,-0.8113530937823121,reference
SIHDR_064,SIHDR_064_e11.jpg,881,16666.666667,32,1024,SDR,58,11,100,14.0,0.07745513109296745,8.578879941434847e-06,0.998836131954612,0.0003285714192315936,-0.9213981586215274,reference
SIHDR_064,SIHDR_064_e12.jpg,882,8000.000000,32,1024,SDR,58,12,100,14.0,0.0233725748690965,0.0,0.9990677617130308,0.0001589252206031233,-0.9756951868439343,reference
SIHDR_064,SIHDR_064_e13.jpg,883,4000.000000,32,1024,SDR,58,13,100,14.0,0.01916137086380828,0.0,0.9992908125915081,7.946261030156165e-05,-0.9801294417276998,reference
SIHDR_064,SIHDR_064_e14.jpg,884,2000.000000,32,1024,SDR,58,14,100,14.0,0.01207489796966542,0.0,0.999518152909956,3.973130515078083e-05,-0.9874432549402906,reference
SIHDR_066,SIHDR_066_e00.jpg,885,15000000.000000,32,1024,SDR,59,0,100,14.0,0.7646006244593552,0.211144822931918,0.03160888314421669,0.29962411522865295,0.3107020954513025,reference
SIHDR_066,SIHDR_066_e01.jpg,886,8000000.000000,32,1024,SDR,59,1,100,14.0,0.7766432330582748,0.15132715272693997,0.1906112737920937,0.2442520409822464,0.2833776538123011,reference
SIHDR_066,SIHDR_066_e02.jpg,887,6000000.000000,32,1024,SDR,59,2,100,14.0,0.7922624102188305,0.10738327004026355,0.3142515213213763,0.2151455134153366,0.2632443488169271,reference
SIHDR_066,SIHDR_066_e03.jpg,888,4000000.000000,32,1024,SDR,59,3,100,14.0,0.791362359537848,0.06890699350292825,0.44639486868594436,0.171235591173172,0.20715350384604714,reference
SIHDR_066,SIHDR_066_e04.jpg,889,2000000.000000,32,1024,SDR,59,4,100,14.0,0.75414422735158,0.03305728404099561,0.5411042734260615,0.10882839560508728,0.14692538584352732,reference
SIHDR_066,SIHDR_066_e05.jpg,890,1000000.000000,32,1024,SDR,59,5,100,14.0,0.6930590349723733,0.022277921394582723,0.6263111388177159,0.0673322081565857,0.022192053365491904,reference
SIHDR_066,SIHDR_066_e06.jpg,891,500000.000000,32,1024,SDR,59,6,100,14.0,0.62627989799116,0.013368754575402635,0.6999736914348462,0.042437031865119934,-0.10043130259449151,reference
SIHDR_066,SIHDR_066_e07.jpg,892,250000.000000,32,1024,SDR,59,7,100,14.0,0.5746071961785942,0.0014727077232796486,0.7547484100475842,0.024675609543919563,-0.1830866293155493,reference
SIHDR_066,SIHDR_066_e08.jpg,893,125000.000000,32,1024,SDR,59,8,100,14.0,0.5205849224199578,0.0,0.8026056918008785,0.012373032979667187,-0.2820207693809207,reference
SIHDR_066,SIHDR_066_e09.jpg,894,66666.666667,32,1024,SDR,59,9,100,14.0,0.4393297475624873,0.0,0.8749985701866764,0.006598950829356909,-0.43566882262418904,reference
SIHDR_066,SIHDR_066_e10.jpg,895,33333.333333,32,1024,SDR,59,10,100,14.0,0.36603348037798406,0.0,0.9438069065702782,0.0032994754146784544,-0.5777734261922942,reference
SIHDR_066,SIHDR_066_e11.jpg,896,16666.666667,32,1024,SDR,59,11,100,14.0,0.29822116832105283,0.0,0.9716182055270863,0.0016497377073392272,-0.6733970372060335,reference
SIHDR_066,SIHDR_066_e12.jpg,897,8000.000000,32,1024,SDR,59,12,100,14.0,0.23300616373783753,0.0,0.9799540172035139,0.0007918740739114583,-0.7469478534656764,reference
SIHDR_066,SIHDR_066_e13.jpg,898,4000.000000,32,1024,SDR,59,13,100,14.0,0.18199157760689988,0.0,0.9897839838030746,0.0003959370369557291,-0.8077924061961748,reference
SIHDR_066,SIHDR_066_e14.jpg,899,2000.000000,32,1024,SDR,59,14,100,14.0,0.13298936401153158,0.0,1.0,0.00019796851847786456,-0.8670106359884684,reference
SIHDR_067,SIHDR_067_e00.jpg,900,15000000.000000,32,1024,SDR,60,0,100,14.0,-0.0,1.0,0.0,1.0,-2.0,reference
SIHDR_067,SIHDR_067_e01.jpg,901,8000000.000000,32,1024,SDR,60,1,100,14.0,0.024837269665187522,0.9786485976390923,0.0,0.9986822605133057,-1.932459925612997,reference
SIHDR_067,SIHDR_067_e02.jpg,902,6000000.000000,32,1024,SDR,60,2,100,14.0,0.16630625488186482,0.863675878477306,0.0,0.9776033759117126,-1.5610455020727472,reference
SIHDR_067,SIHDR_067_e03.jpg,903,4000000.000000,32,1024,SDR,60,3,100,14.0,0.3674481011293886,0.6848577049780381,0.0,0.9072170853614807,-1.0022673088266876,reference
SIHDR_067,SIHDR_067_e04.jpg,904,2000000.000000,32,1024,SDR,60,4,100,14.0,0.5587837625506016,0.5098814398792094,0.0,0.7320212721824646,-0.46097911720781726,reference
SIHDR_067,SIHDR_067_e05.jpg,905,1000000.000000,32,1024,SDR,60,5,100,14.0,0.5755988008984558,0.4736342423133236,0.0,0.6097856760025024,-0.3716696837281913,reference
SIHDR_067,SIHDR_067_e06.jpg,906,500000.000000,32,1024,SDR,60,6,100,14.0,0.56342405759318,0.4559460216874085,0.0,0.5360711216926575,-0.34846798578163696,reference
SIHDR_067,SIHDR_067_e07.jpg,907,250000.000000,32,1024,SDR,60,7,100,14.0,0.5499827268504341,0.43761581487920936,0.0,0.49102309346199036,-0.3252489029079846,reference
SIHDR_067,SIHDR_067_e08.jpg,908,125000.000000,32,1024,SDR,60,8,100,14.0,0.5563020971937082,0.40516620150073207,0.0,0.45575621724128723,-0.254030305807756,reference
SIHDR_067,SIHDR_067_e09.jpg,909,66666.666667,32,1024,SDR,60,9,100,14.0,0.7707735116552513,0.019587012719619327,0.09732596312225476,0.3569803535938263,0.634273523093758,reference
SIHDR_067,SIHDR_067_e10.jpg,910,33333.333333,32,1024,SDR,60,10,100,14.0,0.6955684089117252,0.001588522602489019,0.40686196010248904,0.1796584278345108,0.2855294036042581,reference
SIHDR_067,SIHDR_067_e11.jpg,911,16666.666667,32,1024,SDR,60,11,100,14.0,0.6285727001887956,0.0010695003660322108,0.5028253111273792,0.09046806395053864,0.12360838832935206,reference
SIHDR_067,SIHDR_067_e12.jpg,912,8000.000000,32,1024,SDR,60,12,100,14.0,0.5358521822567083,0.0005976619692532943,0.5342983620058566,0.04383985698223114,0.00035849631234508017,reference
SIHDR_067,SIHDR_067_e13.jpg,913,4000.000000,32,1024,SDR,60,13,100,14.0,0.48663763319373293,0.00032027818448023427,0.5494901285688141,0.022131292149424553,-0.06349305174404163,reference
SIHDR_067,SIHDR_067_e14.jpg,914,2000.000000,32,1024,SDR,60,14,100,14.0,0.3943760577036118,0.0001558496522693997,0.5711961246339677,0.011171710677444935,-0.17713176623489474,reference
SIHDR_068,SIHDR_068_e00.jpg,915,15000000.000000,32,1024,SDR,61,0,100,14.0,-0.0,1.0,0.0,1.0,-2.0,reference
SIHDR_068,SIHDR_068_e01.jpg,916,8000000.000000,32,1024,SDR,61,1,100,14.0,0.019786822298892753,0.9855760431918009,0.0,0.9989414215087891,-1.951365264084709,reference
SIHDR_068,SIHDR_068_e02.jpg,917,6000000.000000,32,1024,SDR,61,2,100,14.0,0.12344633850219171,0.905410699579063,0.0,0.98530113697052,-1.6873750606559341,reference
SIHDR_068,SIHDR_068_e03.jpg,918,4000000.000000,32,1024,SDR,61,3,100,14.0,0.2370179069891718,0.8222913616398243,0.0,0.9408721923828125,-1.4075648162904768,reference
SIHDR_068,SIHDR_068_e04.jpg,919,2000000.000000,32,1024,SDR,61,4,100,14.0,0.4021034443244062,0.6895246156661786,0.0,0.8438456058502197,-0.976945787007951,reference
SIHDR_068,SIHDR_068_e05.jpg,920,1000000.000000,32,1024,SDR,61,5,100,14.0,0.6211762269971913,0.4836772510980966,0.0,0.7086697816848755,-0.3461782751990019,reference
SIHDR_068,SIHDR_068_e06.jpg,921,500000.000000,32,1024,SDR,61,6,100,14.0,0.6713462795890108,0.419142626738653,0.0,0.574657142162323,-0.16693897388829515,reference
SIHDR_068,SIHDR_068_e07.jpg,922,250000.000000,32,1024,SDR,61,7,100,14.0,0.6788336277372892,0.3830183931185944,0.0,0.4857531189918518,-0.08720315849989968,reference
SIHDR_068,SIHDR_068_e08.jpg,923,125000.000000,32,1024,SDR,61,8,100,14.0,0.6788206307432105,0.3498052594253294,0.0,0.42555320262908936,-0.020789888107448307,reference
SIHDR_068,SIHDR_068_e09.jpg,924,66666.666667,32,1024,SDR,61,9,100,14.0,0.8321534058173743,0.08228718658491947,0.0632735290080527,0.3483240306377411,0.6043055036394827,reference
SIHDR_068,SIHDR_068_e10.jpg,925,33333.333333,32,1024,SDR,61,10,100,14.0,0.7991546166536673,0.004113572931918009,0.20627630856515372,0.1792462170124054,0.5846511622246775,reference
SIHDR_068,SIHDR_068_e11.jpg,926,16666.666667,32,1024,SDR,61,11,100,14.0,0.7247740386568989,0.0019130902269399708,0.3627994029099561,0.09095899015665054,0.3581484552930629,reference
SIHDR_068,SIHDR_068_e12.jpg,927,8000.000000,32,1024,SDR,61,12,100,14.0,0.6393746332584277,0.0011524295387994143,0.5478901674597365,0.044386930763721466,0.08917960672109237,reference
SIHDR_068,SIHDR_068_e13.jpg,928,4000.000000,32,1024,SDR,61,13,100,14.0,0.567353776623787,0.0006634333821376281,0.5950497003111274,0.022625461220741272,-0.0290227904516156,reference
SIHDR_068,SIHDR_068_e14.jpg,929,2000.000000,32,1024,SDR,61,14,100,14.0,0.481957686356375,0.0002287701317715959,0.6269631336932651,0.011507462710142136,-0.14546298760043325,reference
SIHDR_069,SIHDR_069_e00.jpg,930,15000000.000000,32,1024,SDR,62,0,100,14.0,0.05110039947886733,0.9705773014275256,0.0,0.9925610423088074,-1.890054203376184,reference
SIHDR_069,SIHDR_069_e01.jpg,931,8000000.000000,32,1024,SDR,62,1,100,14.0,0.1597024092372125,0.8927125274524158,0.0,0.966144859790802,-1.625722645667619,reference
SIHDR_069,SIHDR_069_e02.jpg,932,6000000.000000,32,1024,SDR,62,2,100,14.0,0.32046304698846456,0.7504446719436311,0.0,0.9280447959899902,-1.1804262968987975,reference
SIHDR_069,SIHDR_069_e03.jpg,933,4000000.000000,32,1024,SDR,62,3,100,14.0,0.543975592194453,0.5261169701683748,0.0,0.831588089466095,-0.5082583481422965,reference
SIHDR_069,SIHDR_069_e04.jpg,934,2000000.000000,32,1024,SDR,62,4,100,14.0,0.7184314300841123,0.33775765236090777,0.0,0.6224689483642578,0.04291612536229672,reference
SIHDR_069,SIHDR_069_e05.jpg,935,1000000.000000,32,1024,SDR,62,5,100,14.0,0.8375042245929413,0.16925558199121524,0.0,0.4198751747608185,0.4989930606105108,reference
SIHDR_069,SIHDR_069_e06.jpg,936,500000.000000,32,1024,SDR,62,6,100,14.0,0.8210139669428029,0.126953125,7.149066617862372e-06,0.28076913952827454,0.567100567876185,reference
SIHDR_069,SIHDR_069_e07.jpg,937,250000.000000,32,1024,SDR,62,7,100,14.0,0.7814636642850012,0.10435778504758418,0.0057335514275256225,0.19718390703201294,0.5670145427623072,reference
SIHDR_069,SIHDR_069_e08.jpg,938,125000.000000,32,1024,SDR,62,8,100,14.0,0.7370445619650866,0.08435612646412885,0.04648895040263543,0.14509038627147675,0.5218433586341934,reference
SIHDR_069,SIHDR_069_e09.jpg,939,66666.666667,32,1024,SDR,62,9,100,14.0,0.725687158760486,0.014755673499267936,0.20124050603953147,0.10371364653110504,0.4949353057224186,reference
SIHDR_069,SIHDR_069_e10.jpg,940,33333.333333,32,1024,SDR,62,10,100,14.0,0.6466902878087897,0.001968852946559297,0.5488581510797951,0.053648605942726135,0.09389443083587601,reference
SIHDR_069,SIHDR_069_e11.jpg,941,16666.666667,32,1024,SDR,62,11,100,14.0,0.5835128082713207,0.0008836246339677891,0.7456648060029283,0.027470821514725685,-0.1639192469995432,reference
SIHDR_069,SIHDR_069_e12.jpg,942,8000.000000,32,1024,SDR,62,12,100,14.0,0.4852167472134636,0.0004889961566617862,0.8503314307284041,0.013499735854566097,-0.3660926758282641,reference
SIHDR_069,SIHDR_069_e13.jpg,943,4000.000000,32,1024,SDR,62,13,100,14.0,0.4253155987131174,0.00016585834553440703,0.8811968109443631,0.006891144439578056,-0.45621292892231446,reference
SIHDR_069,SIHDR_069_e14.jpg,944,2000.000000,32,1024,SDR,62,14,100,14.0,0.36364272789894025,4.146458638360176e-05,0.9023265922401171,0.00348679325543344,-0.5387667935139441,reference
SIHDR_070,SIHDR_070_e00.jpg,945,15000000.000000,32,1024,SDR,63,0,100,14.0,0.05514530208748298,0.9693462321559297,0.0,0.9900469183921814,-1.8835471622243765,reference
SIHDR_070,SIHDR_070_e01.jpg,946,8000000.000000,32,1024,SDR,63,1,100,14.0,0.21538632031088276,0.8490903527635432,0.0,0.9541823267936707,-1.4827943852162035,reference
SIHDR_070,SIHDR_070_e02.jpg,947,6000000.000000,32,1024,SDR,63,2,100,14.0,0.3309441652886233,0.7537346724011713,0.0,0.9140762686729431,-1.1765251795137193,reference
SIHDR_070,SIHDR_070_e03.jpg,948,4000000.000000,32,1024,SDR,63,3,100,14.0,0.5034282168510011,0.595011095351391,0.0,0.8326768279075623,-0.6865939738517808,reference
SIHDR_070,SIHDR_070_e04.jpg,949,2000000.000000,32,1024,SDR,63,4,100,14.0,0.7803153802494406,0.29510632091874084,0.0,0.6255546808242798,0.1901027384119589,reference
SIHDR_070,SIHDR_070_e05.jpg,950,1000000.000000,32,1024,SDR,63,5,100,14.0,0.8898847415321792,0.11482973782942898,0.0,0.3939518928527832,0.6602252658733212,reference
SIHDR_070,SIHDR_070_e06.jpg,951,500000.000000,32,1024,SDR,63,6,100,14.0,0.8587153034539908,0.07913587801976574,0.00017014778550512446,0.2422359585762024,0.7002733996289542,reference
SIHDR_070,SIHDR_070_e07.jpg,952,250000.000000,32,1024,SDR,63,7,100,14.0,0.8045834032401853,0.061943802617130304,0.011575768667642752,0.15569256246089935,0.669120029338282,reference
SIHDR_070,SIHDR_070_e08.jpg,953,125000.000000,32,1024,SDR,63,8,100,14.0,0.754325943705227,0.038404785871156664,0.05048670845534407,0.10192615538835526,0.6270296635075696,reference
SIHDR_070,SIHDR_070_e09.jpg,954,66666.666667,32,1024,SDR,63,9,100,14.0,0.707575149842499,0.0034558588030746706,0.21722438918374817,0.06559676676988602,0.48343904305260144,reference
SIHDR_070,SIHDR_070_e10.jpg,955,33333.333333,32,1024,SDR,63,10,100,14.0,0.6281048830627407,0.0007120470351390922,0.4927336886896047,0.03335515782237053,0.13394710030285778,reference
SIHDR_070,SIHDR_070_e11.jpg,956,16666.666667,32,1024,SDR,63,11,100,14.0,0.5495700141539677,0.0004017775439238653,0.7963302411237189,0.016931286081671715,-0.24756378205759888,reference
SIHDR_070,SIHDR_070_e12.jpg,957,8000.000000,32,1024,SDR,63,12,100,14.0,0.4672664720427962,0.00020017386530014642,0.9029485610358712,0.008270634338259697,-0.43608243672367525,reference
SIHDR_070,SIHDR_070_e13.jpg,958,4000.000000,32,1024,SDR,63,13,100,14.0,0.3901123843455017,0.0001172446925329429,0.9267349354868228,0.0042096879333257675,-0.536857040526387,reference
SIHDR_070,SIHDR_070_e14.jpg,959,2000.000000,32,1024,SDR,63,14,100,14.0,0.3334871376198172,5.2903092972181553e-05,0.9447677411237189,0.0021427422761917114,-0.611386409689846,reference
SIHDR_071,SIHDR_071_e00.jpg,960,15000000.000000,32,1024,SDR,64,0,100,14.0,0.10442503312726122,0.9351908514824304,0.0,0.9799756407737732,-1.7659566698375997,reference
SIHDR_071,SIHDR_071_e01.jpg,961,8000000.000000,32,1024,SDR,64,1,100,14.0,0.3570883402405361,0.7250011438506588,0.0,0.9046872854232788,-1.0929139474607816,reference
SIHDR_071,SIHDR_071_e02.jpg,962,6000000.000000,32,1024,SDR,64,2,100,14.0,0.449333213132667,0.6455635752196194,0.0,0.8480072021484375,-0.8417939373065717,reference
SIHDR_071,SIHDR_071_e03.jpg,963,4000000.000000,32,1024,SDR,64,3,100,14.0,0.5362048657830335,0.5677302571376281,0.0,0.7649872303009033,-0.5992556484922228,reference
SIHDR_071,SIHDR_071_e04.jpg,964,2000000.000000,32,1024,SDR,64,4,100,14.0,0.7113850300803087,0.38433811081625185,0.0,0.6210793852806091,-0.057291191552194976,reference
SIHDR_071,SIHDR_071_e05.jpg,965,1000000.000000,32,1024,SDR,64,5,100,14.0,0.8381073020054611,0.22085611502562225,0.0,0.4472314417362213,0.39639507195421664,reference
SIHDR_071,SIHDR_071_e06.jpg,966,500000.000000,32,1024,SDR,64,6,100,14.0,0.8396816391287484,0.169162644125183,0.00015299002562225476,0.31803828477859497,0.5012033608527601,reference
SIHDR_071,SIHDR_071_e07.jpg,967,250000.000000,32,1024,SDR,64,7,100,14.0,0.8162988602890348,0.1346626784407028,0.02283697840409956,0.23334725201129913,0.5241365250035296,reference
SIHDR_071,SIHDR_071_e08.jpg,968,125000.000000,32,1024,SDR,64,8,100,14.0,0.7856986237241274,0.1023102923682284,0.10587195735724744,0.1752329170703888,0.4752060816304231,reference
SIHDR_071,SIHDR_071_e09.jpg,969,66666.666667,32,1024,SDR,64,9,100,14.0,0.7643773354491904,0.06412855737554905,0.33263749084919475,0.13135775923728943,0.3034827298488975,reference
SIHDR_071,SIHDR_071_e10.jpg,970,33333.333333,32,1024,SDR,64,10,100,14.0,0.7212637463317445,0.027328022053440704,0.4646507252013177,0.08639147132635117,0.20195697702354537,reference
SIHDR_071,SIHDR_071_e11.jpg,971,16666.666667,32,1024,SDR,64,11,100,14.0,0.6628937086874963,0.01044192670204978,0.6831976917093704,0.05191420391201973,-0.04118783642597368,reference
SIHDR_071,SIHDR_071_e12.jpg,972,8000.000000,32,1024,SDR,64,12,100,14.0,0.5900837295796028,0.0011338419655929721,0.7996588465409956,0.026805400848388672,-0.2118428008925788,reference
SIHDR_071,SIHDR_071_e13.jpg,973,4000.000000,32,1024,SDR,64,13,100,14.0,0.517328723341737,0.00026594527818448024,0.8434240025622255,0.013637184165418148,-0.32662716977685746,reference
SIHDR_071,SIHDR_071_e14.jpg,974,2000.000000,32,1024,SDR,64,14,100,14.0,0.4684021281155586,0.0001286831991215227,0.8748684571742313,0.006903358735144138,-0.4067236954569158,reference
SIHDR_072,SIHDR_072_e00.jpg,975,15000000.000000,32,1024,SDR,65,0,100,14.0,0.0035727584247008553,0.9986059320095169,0.0,0.999424159526825,-1.9936391055943328,reference
SIHDR_072,SIHDR_072_e01.jpg,976,8000000.000000,32,1024,SDR,65,1,100,14.0,0.027729005305431344,0.9828250823572474,0.0,0.9973927140235901,-1.9379211594090635,reference
SIHDR_072,SIHDR_072_e02.jpg,977,6000000.000000,32,1024,SDR,65,2,100,14.0,0.079377022080959,0.9495104319180088,0.0,0.9889854192733765,-1.8196438417550584,reference
SIHDR_072,SIHDR_072_e03.jpg,978,4000000.000000,32,1024,SDR,65,3,100,14.0,0.17660501515907998,0.8796097181551976,0.0,0.9637525081634521,-1.5826144211513153,reference
SIHDR_072,SIHDR_072_e04.jpg,979,2000000.000000,32,1024,SDR,65,4,100,14.0,0.34321317965846543,0.7512224903916545,7.149066617862372e-06,0.8884221911430359,-1.1592389501914613,reference
SIHDR_072,SIHDR_072_e05.jpg,980,1000000.000000,32,1024,SDR,65,5,100,14.0,0.5186959026286334,0.6017512353587116,0.0001672881588579795,0.7742642760276794,-0.6849738562476477,reference
SIHDR_072,SIHDR_072_e06.jpg,981,500000.000000,32,1024,SDR,65,6,100,14.0,0.6455071069083171,0.4781124176427526,0.0003803303440702782,0.6522793769836426,-0.3110980587212583,reference
SIHDR_072,SIHDR_072_e07.jpg,982,250000.000000,32,1024,SDR,65,7,100,14.0,0.7808415452924545,0.32616329612005857,0.0006777315153733528,0.5216962099075317,0.12783722153696406,reference
SIHDR_072,SIHDR_072_e08.jpg,983,125000.000000,32,1024,SDR,65,8,100,14.0,0.8826575865048109,0.1791112852306003,0.0017500915080527087,0.38075822591781616,0.5226849245355575,reference
SIHDR_072,SIHDR_072_e09.jpg,984,66666.666667,32,1024,SDR,65,9,100,14.0,0.9144708716564472,0.08725435807101024,0.03961726756954612,0.2587718963623047,0.7003448879448807,reference
SIHDR_072,SIHDR_072_e10.jpg,985,33333.333333,32,1024,SDR,65,10,100,14.0,0.8862700168755335,0.04080115300146413,0.15174465821742314,0.15840747952461243,0.6529230526551821,reference
SIHDR_072,SIHDR_072_e11.jpg,986,16666.666667,32,1024,SDR,65,11,100,14.0,0.8323937872039394,0.01741798590775988,0.2967091416544656,0.09148299694061279,0.500848673733954,reference
SIHDR_072,SIHDR_072_e12.jpg,987,8000.000000,32,1024,SDR,65,12,100,14.0,0.7562270023171962,0.007363538616398243,0.4374642546669107,0.04954685643315315,0.30403567041748897,reference
SIHDR_072,SIHDR_072_e13.jpg,988,4000.000000,32,1024,SDR,65,13,100,14.0,0.6823362889636934,0.0023977969436310394,0.5701623696010248,0.02688964270055294,0.10737832547540649,reference
SIHDR_072,SIHDR_072_e14.jpg,989,2000.000000,32,1024,SDR,65,14,100,14.0,0.5999065174368995,0.001066640739385066,0.7265610701866764,0.014201316051185131,-0.128787834228547,reference
SIHDR_073,SIHDR_073_e00.jpg,990,15000000.000000,32,1024,SDR,66,0,100,14.0,0.08086987467556714,0.9471297927342606,0.0,0.9895849823951721,-1.813389710792954,reference
SIHDR_073,SIHDR_073_e01.jpg,991,8000000.000000,32,1024,SDR,66,1,100,14.0,0.27478314583094837,0.79777149295388,0.0,0.9347849488258362,-1.3207598400768115,reference
SIHDR_073,SIHDR_073_e02.jpg,992,6000000.000000,32,1024,SDR,66,2,100,14.0,0.3628085056334613,0.7265796577598829,0.0,0.8907406330108643,-1.0903508098863044,reference
SIHDR_073,SIHDR_073_e03.jpg,993,4000000.000000,32,1024,SDR,66,3,100,14.0,0.5116292261879716,0.5924846152086384,0.0,0.8113621473312378,-0.6733400042293052,reference
SIHDR_073,SIHDR_073_e04.jpg,994,2000000.000000,32,1024,SDR,66,4,100,14.0,0.6659343192398887,0.43916144308199123,0.0,0.659389853477478,-0.2123885669240938,reference
SIHDR_073,SIHDR_073_e05.jpg,995,1000000.000000,32,1024,SDR,66,5,100,14.0,0.8266125921838706,0.2463639847181552,0.0,0.48519110679626465,0.3338846227475602,reference
SIHDR_073,SIHDR_073_e06.jpg,996,500000.000000,32,1024,SDR,66,6,100,14.0,0.829062104997382,0.1972298796669107,0.0,0.3497720956802368,0.4346023456635606,reference
SIHDR_073,SIHDR_073_e07.jpg,997,250000.000000,32,1024,SDR,66,7,100,14.0,0.8210636471695043,0.15128568814055637,0.002284841691068814,0.26082485914230347,0.5162074291973228,reference
SIHDR_073,SIHDR_073_e08.jpg,998,125000.000000,32,1024,SDR,66,8,100,14.0,0.8063384134362819,0.10493257000366032,0.08438615254392387,0.19207075238227844,0.5120871208850374,reference
SIHDR_073,SIHDR_073_e09.jpg,999,66666.666667,32,1024,SDR,66,9,100,14.0,0.7820694479225899,0.06702106972913617,0.2496625640556369,0.14161847531795502,0.39836474440868064,reference
SIHDR_073,SIHDR_073_e10.jpg,1000,33333.333333,32,1024,SDR,66,10,100,14.0,0.7477929112053249,0.024715753111273792,0.45224995424597364,0.09199970960617065,0.24611145073680368,reference
SIHDR_073,SIHDR_073_e11.jpg,1001,16666.666667,32,1024,SDR,66,11,100,14.0,0.6875976734652273,0.0061539165446559295,0.637852591965593,0.05226270854473114,0.03743724841032248,reference
SIHDR_073,SIHDR_073_e12.jpg,1002,8000.000000,32,1024,SDR,66,12,100,14.0,0.6047757598283535,0.0009279488469985359,0.7765988172584187,0.026171743869781494,-0.17367895512406228,reference
SIHDR_073,SIHDR_073_e13.jpg,1003,4000.000000,32,1024,SDR,66,13,100,14.0,0.5316376043540505,0.00040606698389458273,0.816780861090776,0.013377983123064041,-0.2859553907045146,reference
SIHDR_073,SIHDR_073_e14.jpg,1004,2000.000000,32,1024,SDR,66,14,100,14.0,0.48096206003687664,0.00016585834553440703,0.8665369349377745,0.00681391591206193,-0.38590659159196666,reference
SIHDR_074,SIHDR_074_e00.jpg,1005,15000000.000000,32,1024,SDR,67,0,100,14.0,0.011752659549986019,0.9934428760980967,0.0,0.999059796333313,-1.9751330926462074,reference
SIHDR_074,SIHDR_074_e01.jpg,1006,8000000.000000,32,1024,SDR,67,1,100,14.0,0.20375517671712576,0.8443948458089312,0.0,0.9642720222473145,-1.4850345149007367,reference
SIHDR_074,SIHDR_074_e02.jpg,1007,6000000.000000,32,1024,SDR,67,2,100,14.0,0.31427529805472404,0.7508378706076134,0.0,0.9222685694694519,-1.1874004431605027,reference
SIHDR_074,SIHDR_074_e03.jpg,1008,4000000.000000,32,1024,SDR,67,3,100,14.0,0.48821685483846494,0.5871085171120058,0.0,0.8386708498001099,-0.6860001793855468,reference
SIHDR_074,SIHDR_074_e04.jpg,1009,2000000.000000,32,1024,SDR,67,4,100,14.0,0.7850433414206449,0.2507735290080527,0.0,0.6002046465873718,0.2834962834045395,reference
SIHDR_074,SIHDR_074_e05.jpg,1010,1000000.000000,32,1024,SDR,67,5,100,14.0,0.8382293014967654,0.146681689238653,0.0,0.390667587518692,0.5448659230194595,reference
SIHDR_074,SIHDR_074_e06.jpg,1011,500000.000000,32,1024,SDR,67,6,100,14.0,0.7961112048144002,0.12657279465592972,0.0,0.26193562150001526,0.5429656155025409,reference
SIHDR_074,SIHDR_074_e07.jpg,1012,250000.000000,32,1024,SDR,67,7,100,14.0,0.744844075755163,0.11371734306368961,0.00031455893118594437,0.19079512357711792,0.5170948306965979,reference
SIHDR_074,SIHDR_074_e08.jpg,1013,125000.000000,32,1024,SDR,67,8,100,14.0,0.6938902945999161,0.09715438552342606,0.028776422950219618,0.1465437412261963,0.4708051006028444,reference
SIHDR_074,SIHDR_074_e09.jpg,1014,66666.666667,32,1024,SDR,67,9,100,14.0,0.6401612537685032,0.08940908674963396,0.21238304127013177,0.12142390012741089,0.2489600389991035,reference
SIHDR_074,SIHDR_074_e10.jpg,1015,33333.333333,32,1024,SDR,67,10,100,14.0,0.5892023572620914,0.07265453422401172,0.5357467629026355,0.10208521038293839,-0.09185347408856753,reference
SIHDR_074,SIHDR_074_e11.jpg,1016,16666.666667,32,1024,SDR,67,11,100,14.0,0.5618522449932849,0.006394125183016105,0.7870593315336749,0.06214307248592377,-0.23799533690642227,reference
SIHDR_074,SIHDR_074_e12.jpg,1017,8000.000000,32,1024,SDR,67,12,100,14.0,0.49849027893941084,0.00015441983894582724,0.8630910848279648,0.030417300760746002,-0.3649096455664456,reference
SIHDR_074,SIHDR_074_e13.jpg,1018,4000.000000,32,1024,SDR,67,13,100,14.0,0.4082323721256153,6.577141288433382e-05,0.8774607087298683,0.015255986712872982,-0.4693598794300216,reference
SIHDR_074,SIHDR_074_e14.jpg,1019,2000.000000,32,1024,SDR,67,14,100,14.0,0.3625814865011474,3.574533308931186e-05,0.8949687728770132,0.007651403080672026,-0.5324587770420444,reference
SIHDR_075,SIHDR_075_e00.jpg,1020,15000000.000000,32,1024,SDR,68,0,100,14.0,-0.0,1.0,0.0,1.0,-2.0,reference
SIHDR_075,SIHDR_075_e01.jpg,1021,8000000.000000,32,1024,SDR,68,1,100,14.0,0.07145601572051562,0.9544890419106882,0.0,0.9886648058891296,-1.8375220681008608,reference
SIHDR_075,SIHDR_075_e02.jpg,1022,6000000.000000,32,1024,SDR,68,2,100,14.0,0.10482347752179567,0.9327029762994143,0.0,0.9773368239402771,-1.760582475077033,reference
SIHDR_075,SIHDR_075_e03.jpg,1023,4000000.000000,32,1024,SDR,68,3,100,14.0,0.2751628291495091,0.784377001738653,0.0,0.9406228065490723,-1.2935911743277968,reference
SIHDR_075,SIHDR_075_e04.jpg,1024,2000000.000000,32,1024,SDR,68,4,100,14.0,0.5918114435621988,0.4838016448572474,0.0,0.7637665271759033,-0.375791846152296,reference
SIHDR_075,SIHDR_075_e05.jpg,1025,1000000.000000,32,1024,SDR,68,5,100,14.0,0.7032121951162077,0.36055030655197656,0.0,0.5846044421195984,-0.01788841798774543,reference
SIHDR_075,SIHDR_075_e06.jpg,1026,500000.000000,32,1024,SDR,68,6,100,14.0,0.7479658317293189,0.2852077232796486,0.0,0.4496594965457916,0.17755038517002164,reference
SIHDR_075,SIHDR_075_e07.jpg,1027,250000.000000,32,1024,SDR,68,7,100,14.0,0.7869453329443142,0.20429029785871156,0.0,0.34657174348831177,0.3783647372268911,reference
SIHDR_075,SIHDR_075_e08.jpg,1028,125000.000000,32,1024,SDR,68,8,100,14.0,0.7906817164957906,0.14716353632869691,0.00782965775988287,0.25723421573638916,0.48852498607851386,reference
SIHDR_075,SIHDR_075_e09.jpg,1029,66666.666667,32,1024,SDR,68,9,100,14.0,0.7802258670490306,0.10704297446925329,0.0582977786420205,0.19495362043380737,0.5078421394685035,reference
SIHDR_075,SIHDR_075_e10.jpg,1030,33333.333333,32,1024,SDR,68,10,100,14.0,0.7464856522791882,0.0706756725841874,0.3432595740300146,0.14074088633060455,0.2618747330807988,reference
SIHDR_075,SIHDR_075_e11.jpg,1031,16666.666667,32,1024,SDR,68,11,100,14.0,0.727357537736693,0.01316858071010249,0.564148574762079,0.08889919519424438,0.13687180155440892,reference
SIHDR_075,SIHDR_075_e12.jpg,1032,8000.000000,32,1024,SDR,68,12,100,14.0,0.6614646897343286,0.0026923384882869693,0.6689481721266471,0.045312441885471344,-0.012868159368892518,reference
SIHDR_075,SIHDR_075_e13.jpg,1033,4000.000000,32,1024,SDR,68,13,100,14.0,0.5797122874596466,0.0004618297035139092,0.7368685944363104,0.02323337458074093,-0.15807996638369148,reference
SIHDR_075,SIHDR_075_e14.jpg,1034,2000.000000,32,1024,SDR,68,14,100,14.0,0.5061365675114885,0.00016013909224011713,0.820577015464861,0.01174134761095047,-0.31476072613785266,reference
SIHDR_076,SIHDR_076_e00.jpg,1035,15000000.000000,32,1024,SDR,69,0,100,14.0,0.9029540932743725,0.11071902452415813,0.0,0.4010341167449951,0.6815160442260562,reference
SIHDR_076,SIHDR_076_e01.jpg,1036,8000000.000000,32,1024,SDR,69,1,100,14.0,0.8551528708328539,0.09727020040263543,0.0,0.2605215609073639,0.660612470027583,reference
SIHDR_076,SIHDR_076_e02.jpg,1037,6000000.000000,32,1024,SDR,69,2,100,14.0,0.8262085586707714,0.09613349881039532,0.0,0.2195391207933426,0.6339415610499808,reference
SIHDR_076,SIHDR_076_e03.jpg,1038,4000000.000000,32,1024,SDR,69,3,100,14.0,0.7849371069995775,0.094913868045388,0.0025479273426061494,0.17815981805324554,0.5925614435661954,reference
SIHDR_076,SIHDR_076_e04.jpg,1039,2000000.000000,32,1024,SDR,69,4,100,14.0,0.7159863233416662,0.0914494303623719,0.06879975750366032,0.13590563833713531,0.4642877051132621,reference
SIHDR_076,SIHDR_076_e05.jpg,1040,1000000.000000,32,1024,SDR,69,5,100,14.0,0.6583305892442439,0.0785353564238653,0.22113778825036604,0.10977671295404434,0.28012208814614725,reference
SIHDR_076,SIHDR_076_e06.jpg,1041,500000.000000,32,1024,SDR,69,6,100,14.0,0.623292595890268,0.00018730554538799415,0.4876478426976574,0.0696132481098175,0.13527014210183463,reference
SIHDR_076,SIHDR_076_e07.jpg,1042,250000.000000,32,1024,SDR,69,7,100,14.0,0.5455627946201167,9.293786603221084e-05,0.781574567624451,0.034865956753492355,-0.2361976487363987,reference
SIHDR_076,SIHDR_076_e08.jpg,1043,125000.000000,32,1024,SDR,69,8,100,14.0,0.4654204950326637,7.435029282576867e-05,0.8986205161054173,0.017474744468927383,-0.4333487216584051,reference
SIHDR_076,SIHDR_076_e09.jpg,1044,66666.666667,32,1024,SDR,69,9,100,14.0,0.4004147664829452,5.719253294289898e-05,0.9035319248718887,0.00935081671923399,-0.5032315434548293,reference
SIHDR_076,SIHDR_076_e10.jpg,1045,33333.333333,32,1024,SDR,69,10,100,14.0,0.34289181050437906,4.861365300146413e-05,0.9054650324853587,0.004702071193605661,-0.5626704492869825,reference
SIHDR_076,SIHDR_076_e11.jpg,1046,16666.666667,32,1024,SDR,69,11,100,14.0,0.2846078688259674,3.288570644216691e-05,0.9130358940336749,0.0023714271374046803,-0.6284937966205919,reference
SIHDR_076,SIHDR_076_e12.jpg,1047,8000.000000,32,1024,SDR,69,12,100,14.0,0.2287929699608053,1.4298133235724744e-05,0.935024993136896,0.0011478564701974392,-0.7062606194425621,reference
SIHDR_076,SIHDR_076_e13.jpg,1048,4000.000000,32,1024,SDR,69,13,100,14.0,0.11933196737620473,0.0,0.999862737920937,0.0005751485005021095,-0.8805307705447323,reference
SIHDR_076,SIHDR_076_e14.jpg,1049,2000.000000,32,1024,SDR,69,14,100,14.0,0.09225811916932697,0.0,0.9999084919472914,0.00028757425025105476,-0.9076503727779643,reference
SIHDR_077,SIHDR_077_e00.jpg,1050,15000000.000000,32,1024,SDR,70,0,100,14.0,0.3463460101708458,0.7329251692898975,0.0,0.907705545425415,-1.1195043284089492,reference
SIHDR_077,SIHDR_077_e01.jpg,1051,8000000.000000,32,1024,SDR,70,1,100,14.0,0.4666376829575656,0.6317029648609077,0.0,0.793587327003479,-0.7967682467642498,reference
SIHDR_077,SIHDR_077_e02.jpg,1052,6000000.000000,32,1024,SDR,70,2,100,14.0,0.48993640614837924,0.608753031204246,0.0,0.7495847940444946,-0.7275696562601126,reference
SIHDR_077,SIHDR_077_e03.jpg,1053,4000000.000000,32,1024,SDR,70,3,100,14.0,0.4936671726483198,0.5960219733711567,0.0,0.6996673345565796,-0.6983767740939937,reference
SIHDR_077,SIHDR_077_e04.jpg,1054,2000000.000000,32,1024,SDR,70,4,100,14.0,0.4832104084953095,0.583659807375549,0.0,0.644415020942688,-0.6841092062557885,reference
SIHDR_077,SIHDR_077_e05.jpg,1055,1000000.000000,32,1024,SDR,70,5,100,14.0,0.5746810167578665,0.4821116055087848,0.0,0.5934565663337708,-0.38954219425970305,reference
SIHDR_077,SIHDR_077_e06.jpg,1056,500000.000000,32,1024,SDR,70,6,100,14.0,0.78486313491014,0.2259090753111274,0.006076706625183016,0.46888792514801025,0.32696827766270226,reference
SIHDR_077,SIHDR_077_e07.jpg,1057,250000.000000,32,1024,SDR,70,7,100,14.0,0.837741412892044,0.001741512628111274,0.10797664256954612,0.2497393935918808,0.7262817450662753,reference
SIHDR_077,SIHDR_077_e08.jpg,1058,125000.000000,32,1024,SDR,70,8,100,14.0,0.759311011169686,0.0,0.31527669747437775,0.12500888109207153,0.44403431369530827,reference
SIHDR_077,SIHDR_077_e09.jpg,1059,66666.666667,32,1024,SDR,70,9,100,14.0,0.6852568392627102,0.0,0.3851945689970717,0.06667141616344452,0.3000622702656385,reference
SIHDR_077,SIHDR_077_e10.jpg,1060,33333.333333,32,1024,SDR,70,10,100,14.0,0.6074515166298944,0.0,0.40723943081991215,0.03333570808172226,0.20021208580998223,reference
SIHDR_077,SIHDR_077_e11.jpg,1061,16666.666667,32,1024,SDR,70,11,100,14.0,0.5429782488809592,0.0,0.4252078948572474,0.01666785404086113,0.11777035402371183,reference
SIHDR_077,SIHDR_077_e12.jpg,1062,8000.000000,32,1024,SDR,70,12,100,14.0,0.4636180294416503,0.0,0.612976699762079,0.00800057128071785,-0.1493586703204287,reference
SIHDR_077,SIHDR_077_e13.jpg,1063,4000.000000,32,1024,SDR,70,13,100,14.0,0.43888426493250415,0.0,0.9741032210834554,0.004000285640358925,-0.5352189561509513,reference
SIHDR_077,SIHDR_077_e14.jpg,1064,2000.000000,32,1024,SDR,70,14,100,14.0,0.3607320851481419,0.0,0.9995753454428989,0.0020001428201794624,-0.638843260294757,reference
SIHDR_078,SIHDR_078_e00.jpg,1065,15000000.000000,32,1024,SDR,71,0,100,14.0,0.3220245228760555,0.7691409109626647,0.0,0.8969975113868713,-1.216257299049274,reference
SIHDR_078,SIHDR_078_e01.jpg,1066,8000000.000000,32,1024,SDR,71,1,100,14.0,0.4503533793534862,0.6642369372254758,0.0,0.8079410195350647,-0.8781204950974655,reference
SIHDR_078,SIHDR_078_e02.jpg,1067,6000000.000000,32,1024,SDR,71,2,100,14.0,0.5012418615734905,0.617532085010981,0.0,0.7661027312278748,-0.7338223084484715,reference
SIHDR_078,SIHDR_078_e03.jpg,1068,4000000.000000,32,1024,SDR,71,3,100,14.0,0.5743361150429456,0.5509199418923866,0.0,0.7031598687171936,-0.5275037687418276,reference
SIHDR_078,SIHDR_078_e04.jpg,1069,2000000.000000,32,1024,SDR,71,4,100,14.0,0.6364229857085345,0.48176845031112736,0.0,0.6063466668128967,-0.3271139149137202,reference
SIHDR_078,SIHDR_078_e05.jpg,1070,1000000.000000,32,1024,SDR,71,5,100,14.0,0.6923693428629715,0.4078199350292826,2.573663982430454e-05,0.5248101949691772,-0.12329626383541803,reference
SIHDR_078,SIHDR_078_e06.jpg,1071,500000.000000,32,1024,SDR,71,6,100,14.0,0.8946672463856419,0.1364013314421669,0.026620264458272327,0.3861643075942993,0.5952443190430358,reference
SIHDR_078,SIHDR_078_e07.jpg,1072,250000.000000,32,1024,SDR,71,7,100,14.0,0.9113668119608457,0.00016585834553440703,0.14005307467057102,0.20916339755058289,0.7709820205992058,reference
SIHDR_078,SIHDR_078_e08.jpg,1073,125000.000000,32,1024,SDR,71,8,100,14.0,0.8299875378712255,0.0,0.26535762490849196,0.10459456592798233,0.5646299129627335,reference
SIHDR_078,SIHDR_078_e09.jpg,1074,66666.666667,32,1024,SDR,71,9,100,14.0,0.7546045929968576,0.0,0.3627822451500732,0.055783770978450775,0.3918223478467844,reference
SIHDR_078,SIHDR_078_e10.jpg,1075,33333.333333,32,1024,SDR,71,10,100,14.0,0.6782644217929689,0.0,0.4697122643667643,0.027891885489225388,0.2085521574262046,reference
SIHDR_078,SIHDR_078_e11.jpg,1076,16666.666667,32,1024,SDR,71,11,100,14.0,0.5907913487978761,0.0,0.5371679973462665,0.013945942744612694,0.05362335145160957,reference
SIHDR_078,SIHDR_078_e12.jpg,1077,8000.000000,32,1024,SDR,71,12,100,14.0,0.5262627224015161,0.0,0.6831404991764275,0.006694052368402481,-0.15687777677491144,reference
SIHDR_078,SIHDR_078_e13.jpg,1078,4000.000000,32,1024,SDR,71,13,100,14.0,0.45327732578095187,0.0,0.9450308267752562,0.0033470261842012405,-0.4917535009943043,reference
SIHDR_078,SIHDR_078_e14.jpg,1079,2000.000000,32,1024,SDR,71,14,100,14.0,0.37634426287771855,0.0,0.9999613950402635,0.0016735130921006203,-0.623617132162545,reference
SIHDR_079,SIHDR_079_e00.jpg,1080,15000000.000000,32,1024,SDR,72,0,100,14.0,0.18647961537895233,0.857204543374817,0.0,0.9713349938392639,-1.5279294713706817,reference
SIHDR_079,SIHDR_079_e01.jpg,1081,8000000.000000,32,1024,SDR,72,1,100,14.0,0.4796022909557611,0.5994892706808199,0.0,0.8418620228767395,-0.7193762504058787,reference
SIHDR_079,SIHDR_079_e02.jpg,1082,6000000.000000,32,1024,SDR,72,2,100,14.0,0.5344887111211215,0.5491998764641288,0.0,0.7735913991928101,-0.5639110418071361,reference
SIHDR_079,SIHDR_079_e03.jpg,1083,4000000.000000,32,1024,SDR,72,3,100,14.0,0.5951706465127646,0.48792093704245976,0.0,0.6876309514045715,-0.3806712275721549,reference
SIHDR_079,SIHDR_079_e04.jpg,1084,2000000.000000,32,1024,SDR,72,4,100,14.0,0.5993271693466955,0.4589958135065886,0.0,0.5763542652130127,-0.31866445766648166,reference
SIHDR_079,SIHDR_079_e05.jpg,1085,1000000.000000,32,1024,SDR,72,5,100,14.0,0.5659551949526683,0.45330801610541727,0.0,0.51595538854599,-0.3406608372581662,reference
SIHDR_079,SIHDR_079_e06.jpg,1086,500000.000000,32,1024,SDR,72,6,100,14.0,0.536220164237771,0.44429590272694,1.1438506588579795e-05,0.48291242122650146,-0.35238307972269756,reference
SIHDR_079,SIHDR_079_e07.jpg,1087,250000.000000,32,1024,SDR,72,7,100,14.0,0.6291178428819183,0.3197720305636896,0.014795708272327965,0.43913307785987854,-0.025221926517788824,reference
SIHDR_079,SIHDR_079_e08.jpg,1088,125000.000000,32,1024,SDR,72,8,100,14.0,0.7435754111462148,0.0009436767935578331,0.24143684800512444,0.2532285451889038,0.5002512095539747,reference
SIHDR_079,SIHDR_079_e09.jpg,1089,66666.666667,32,1024,SDR,72,9,100,14.0,0.6731064646619861,1.4298133235724744e-05,0.4367965318448023,0.1351414918899536,0.23628133655071232,reference
SIHDR_079,SIHDR_079_e10.jpg,1090,33333.333333,32,1024,SDR,72,10,100,14.0,0.5977224427945051,0.0,0.5304678921120058,0.06757098436355591,0.0672545506824993,reference
SIHDR_079,SIHDR_079_e11.jpg,1091,16666.666667,32,1024,SDR,72,11,100,14.0,0.5271292454951951,0.0,0.5426956556551976,0.033785492181777954,-0.015566410160002486,reference
SIHDR_079,SIHDR_079_e12.jpg,1092,8000.000000,32,1024,SDR,72,12,100,14.0,0.4329571131848667,0.0,0.5483605760431918,0.01621703803539276,-0.11540346285832509,reference
SIHDR_079,SIHDR_079_e13.jpg,1093,4000.000000,32,1024,SDR,72,13,100,14.0,0.4184061458084188,0.0,0.5713076500732065,0.00810851901769638,-0.1529015042647877,reference
SIHDR_079,SIHDR_079_e14.jpg,1094,2000.000000,32,1024,SDR,72,14,100,14.0,0.36059623966332754,0.0,0.8904920273609077,0.00405425950884819,-0.5298957876975802,reference
SIHDR_080,SIHDR_080_e00.jpg,1095,15000000.000000,32,1024,SDR,73,0,100,14.0,-0.0,1.0,0.0,1.0,-2.0,reference
SIHDR_080,SIHDR_080_e01.jpg,1096,8000000.000000,32,1024,SDR,73,1,100,14.0,0.007933006878074238,0.9945037975841874,0.0,0.9996636509895325,-1.9810745882903005,reference
SIHDR_080,SIHDR_080_e02.jpg,1097,6000000.000000,32,1024,SDR,73,2,100,14.0,0.06110425475615194,0.9575431231698389,0.0,0.9938077330589294,-1.8539819915835258,reference
SIHDR_080,SIHDR_080_e03.jpg,1098,4000000.000000,32,1024,SDR,73,3,100,14.0,0.28432062965120436,0.7597298796669106,0.0,0.9498469829559326,-1.2351391296826169,reference
SIHDR_080,SIHDR_080_e04.jpg,1099,2000000.000000,32,1024,SDR,73,4,100,14.0,0.5542713355961926,0.5126481286603221,0.0,0.769376277923584,-0.47102492172445154,reference
SIHDR_080,SIHDR_080_e05.jpg,1100,1000000.000000,32,1024,SDR,73,5,100,14.0,0.5791537480480307,0.47034281204245976,0.0,0.6254926323890686,-0.36153187603688886,reference
SIHDR_080,SIHDR_080_e06.jpg,1101,500000.000000,32,1024,SDR,73,6,100,14.0,0.5514389613722973,0.4619955618594436,0.0,0.5451295375823975,-0.37255216234658994,reference
SIHDR_080,SIHDR_080_e07.jpg,1102,250000.000000,32,1024,SDR,73,7,100,14.0,0.5238523819909675,0.4514664165446559,0.0,0.5017765164375305,-0.3790804510983443,reference
SIHDR_080,SIHDR_080_e08.jpg,1103,125000.000000,32,1024,SDR,73,8,100,14.0,0.761942039416366,0.1258421600475842,0.0,0.4016988277435303,0.5102577193211976,reference
SIHDR_080,SIHDR_080_e09.jpg,1104,66666.666667,32,1024,SDR,73,9,100,14.0,0.7835094971358147,0.01786551747803807,0.02652732659224012,0.23642070591449738,0.7212511355874985,reference
SIHDR_080,SIHDR_080_e10.jpg,1105,33333.333333,32,1024,SDR,73,10,100,14.0,0.7141051301261263,0.004563964128843338,0.3408045845534407,0.12236812710762024,0.3641726173149989,reference
SIHDR_080,SIHDR_080_e11.jpg,1106,16666.666667,32,1024,SDR,73,11,100,14.0,0.6407001160946839,0.0025193310761346998,0.5098271069729137,0.06268654018640518,0.1258343469695008,reference
SIHDR_080,SIHDR_080_e12.jpg,1107,8000.000000,32,1024,SDR,73,12,100,14.0,0.5606735695934175,0.0020389137994143484,0.5336334988103953,0.03125946968793869,0.022962243184193487,reference
SIHDR_080,SIHDR_080_e13.jpg,1108,4000.000000,32,1024,SDR,73,13,100,14.0,0.5110110117374723,0.0016471449487554905,0.5397187843155198,0.016514919698238373,-0.03200206247555848,reference
SIHDR_080,SIHDR_080_e14.jpg,1109,2000.000000,32,1024,SDR,73,14,100,14.0,0.40374646476539205,0.001509882869692533,0.6043635043008785,0.00903992634266615,-0.2036368052748715,reference
SIHDR_081,SIHDR_081_e00.jpg,1110,15000000.000000,32,1024,SDR,74,0,100,14.0,0.051751330131834195,0.9671300215043924,0.0,0.9941666126251221,-1.8825087128769507,reference
SIHDR_081,SIHDR_081_e01.jpg,1111,8000000.000000,32,1024,SDR,74,1,100,14.0,0.2513531211834631,0.8170167802891655,0.0,0.9424659013748169,-1.3826804393948677,reference
SIHDR_081,SIHDR_081_e02.jpg,1112,6000000.000000,32,1024,SDR,74,2,100,14.0,0.33253909688564814,0.7526108391288433,0.0,0.9018300175666809,-1.1726825813720385,reference
SIHDR_081,SIHDR_081_e03.jpg,1113,4000000.000000,32,1024,SDR,74,3,100,14.0,0.4280159605411325,0.674657416727672,0.0,0.8363968133926392,-0.9212988729142115,reference
SIHDR_081,SIHDR_081_e04.jpg,1114,2000000.000000,32,1024,SDR,74,4,100,14.0,0.4781635579580669,0.6252159018118595,0.0,0.7373372316360474,-0.772268245665652,reference
SIHDR_081,SIHDR_081_e05.jpg,1115,1000000.000000,32,1024,SDR,74,5,100,14.0,0.4656892542515893,0.6158291773426061,0.0,0.6783725023269653,-0.7659691004336229,reference
SIHDR_081,SIHDR_081_e06.jpg,1116,500000.000000,32,1024,SDR,74,6,100,14.0,0.4541099113585827,0.6052771550146413,0.0,0.6441684365272522,-0.7564443986706999,reference
SIHDR_081,SIHDR_081_e07.jpg,1117,250000.000000,32,1024,SDR,74,7,100,14.0,0.5059693338379502,0.5407768461749634,0.003014046486090776,0.6140968203544617,-0.5785984049980674,reference
SIHDR_081,SIHDR_081_e08.jpg,1118,125000.000000,32,1024,SDR,74,8,100,14.0,0.8438802515929239,0.04193070552708638,0.07521961932650073,0.45896586775779724,0.6847992212122505,reference
SIHDR_081,SIHDR_081_e09.jpg,1119,66666.666667,32,1024,SDR,74,9,100,14.0,0.798047988433161,0.001781547401171303,0.22710153962298682,0.24856889247894287,0.5673833540078316,reference
SIHDR_081,SIHDR_081_e10.jpg,1120,33333.333333,32,1024,SDR,74,10,100,14.0,0.7186607206113669,0.00023019994509516838,0.3509376715775988,0.12459054589271545,0.36726264914357776,reference
SIHDR_081,SIHDR_081_e11.jpg,1121,16666.666667,32,1024,SDR,74,11,100,14.0,0.6381287730543824,0.00013154282576866765,0.3779911694729136,0.0623805932700634,0.2598745179299315,reference
SIHDR_081,SIHDR_081_e12.jpg,1122,8000.000000,32,1024,SDR,74,12,100,14.0,0.5610318211466996,8.864842606149341e-05,0.38730354364934116,0.02999872900545597,0.17355098064523544,reference
SIHDR_081,SIHDR_081_e13.jpg,1123,4000.000000,32,1024,SDR,74,13,100,14.0,0.478267005417683,6.291178623718887e-05,0.3989365048499268,0.015036837197840214,0.07920467699528183,reference
SIHDR_081,SIHDR_081_e14.jpg,1124,2000.000000,32,1024,SDR,74,14,100,14.0,0.4390179656917512,4.289439970717423e-05,0.5391311310395315,0.007543653249740601,-0.1001989541471946,reference
SIHDR_082,SIHDR_082_e00.jpg,1125,15000000.000000,32,1024,SDR,75,0,100,14.0,0.1863281711423108,0.8753774707174231,0.0,0.9576727151870728,-1.5644267702925354,reference
SIHDR_082,SIHDR_082_e01.jpg,1126,8000000.000000,32,1024,SDR,75,1,100,14.0,0.41652129755256784,0.6851694042825769,0.0,0.8647654056549072,-0.9538175110125859,reference
SIHDR_082,SIHDR_082_e02.jpg,1127,6000000.000000,32,1024,SDR,75,2,100,14.0,0.5466527056444753,0.5584021550146413,0.0,0.8030821681022644,-0.5701516043848073,reference
SIHDR_082,SIHDR_082_e03.jpg,1128,4000000.000000,32,1024,SDR,75,3,100,14.0,0.7379884037312735,0.34989676747803805,0.0,0.6817097663879395,0.0381948687751974,reference
SIHDR_082,SIHDR_082_e04.jpg,1129,2000000.000000,32,1024,SDR,75,4,100,14.0,0.8468835380275803,0.20093023654831627,0.0,0.4638957977294922,0.4450230649309478,reference
SIHDR_082,SIHDR_082_e05.jpg,1130,1000000.000000,32,1024,SDR,75,5,100,14.0,0.8070565643335068,0.18330349789531478,0.0,0.3258736729621887,0.44044956854287726,reference
SIHDR_082,SIHDR_082_e06.jpg,1131,500000.000000,32,1024,SDR,75,6,100,14.0,0.7534417959483427,0.17492765144582723,0.01009448206442167,0.25245946645736694,0.3934920109922666,reference
SIHDR_082,SIHDR_082_e07.jpg,1132,250000.000000,32,1024,SDR,75,7,100,14.0,0.696828681785787,0.16836480829062958,0.04890247529282577,0.2117658108472824,0.3111965899117021,reference
SIHDR_082,SIHDR_082_e08.jpg,1133,125000.000000,32,1024,SDR,75,8,100,14.0,0.6434482014514484,0.15956001784407028,0.19456613744509516,0.18776477873325348,0.1297620283182127,reference
SIHDR_082,SIHDR_082_e09.jpg,1134,66666.666667,32,1024,SDR,75,9,100,14.0,0.6782304927942673,0.0025851024890190337,0.3951861045021962,0.12804065644741058,0.27787418331403296,reference
SIHDR_082,SIHDR_082_e10.jpg,1135,33333.333333,32,1024,SDR,75,10,100,14.0,0.6021491769681345,1.4298133235724744e-06,0.7172629941434846,0.0642007440328598,-0.11511667680199722,reference
SIHDR_082,SIHDR_082_e11.jpg,1136,16666.666667,32,1024,SDR,75,11,100,14.0,0.5198250087315435,0.0,0.8090026766105417,0.0321003720164299,-0.28917766787899823,reference
SIHDR_082,SIHDR_082_e12.jpg,1137,8000.000000,32,1024,SDR,75,12,100,14.0,0.44159356062135063,0.0,0.8187525736639825,0.015408176928758621,-0.37715901304263183,reference
SIHDR_082,SIHDR_082_e13.jpg,1138,4000.000000,32,1024,SDR,75,13,100,14.0,0.3710148144188083,0.0,0.8274629964311859,0.007704088464379311,-0.45644818201237763,reference
SIHDR_082,SIHDR_082_e14.jpg,1139,2000.000000,32,1024,SDR,75,14,100,14.0,0.3287311420961024,0.0,0.8338042185212299,0.0038520442321896553,-0.5050730764251274,reference
SIHDR_083,SIHDR_083_e00.jpg,1140,15000000.000000,32,1024,SDR,76,0,100,14.0,0.0006908422704287738,0.9997254758418741,0.0,0.9999530911445618,-1.9987601094133194,reference
SIHDR_083,SIHDR_083_e01.jpg,1141,8000000.000000,32,1024,SDR,76,1,100,14.0,0.13787416009540984,0.8985147099194729,0.0,0.9785148501396179,-1.659155259743536,reference
SIHDR_083,SIHDR_083_e02.jpg,1142,6000000.000000,32,1024,SDR,76,2,100,14.0,0.2537872313962353,0.8064047058016105,0.0,0.9450026750564575,-1.3590221802069857,reference
SIHDR_083,SIHDR_083_e03.jpg,1143,4000000.000000,32,1024,SDR,76,3,100,14.0,0.3799729760515414,0.7036383029831625,0.0,0.8788239359855652,-1.0273036299147837,reference
SIHDR_083,SIHDR_083_e04.jpg,1144,2000000.000000,32,1024,SDR,76,4,100,14.0,0.6492930287161286,0.4389626990300146,0.0,0.7246677875518799,-0.22863236934390063,reference
SIHDR_083,SIHDR_083_e05.jpg,1145,1000000.000000,32,1024,SDR,76,5,100,14.0,0.8318371060964407,0.21943917002196192,0.0,0.5140576362609863,0.39295876605251684,reference
SIHDR_083,SIHDR_083_e06.jpg,1146,500000.000000,32,1024,SDR,76,6,100,14.0,0.8611883672078134,0.13568928440702782,0.0,0.33658814430236816,0.5898097983937578,reference
SIHDR_083,SIHDR_083_e07.jpg,1147,250000.000000,32,1024,SDR,76,7,100,14.0,0.8136731409238206,0.11906770452049781,1.4298133235724744e-06,0.2308412343263626,0.5755363020695013,reference
SIHDR_083,SIHDR_083_e08.jpg,1148,125000.000000,32,1024,SDR,76,8,100,14.0,0.7551087474725832,0.1097224446376281,0.010908045845534406,0.17225505411624908,0.5247558123517926,reference
SIHDR_083,SIHDR_083_e09.jpg,1149,66666.666667,32,1024,SDR,76,9,100,14.0,0.7110215436413259,0.09635226024890191,0.16550232201683748,0.1398795247077942,0.35281470112668456,reference
SIHDR_083,SIHDR_083_e10.jpg,1150,33333.333333,32,1024,SDR,76,10,100,14.0,0.6764252867048312,0.013202896229868229,0.3488973279648609,0.08470508456230164,0.30112216628023375,reference
SIHDR_083,SIHDR_083_e11.jpg,1151,16666.666667,32,1024,SDR,76,11,100,14.0,0.6098158499303535,0.008440188049048317,0.6388749084919473,0.047483962029218674,-0.045939434659690415,reference
SIHDR_083,SIHDR_083_e12.jpg,1152,8000.000000,32,1024,SDR,76,12,100,14.0,0.5383843982420545,0.005384676976573939,0.8273085765922401,0.026200175285339355,-0.2996935323033335,reference
SIHDR_083,SIHDR_083_e13.jpg,1153,4000.000000,32,1024,SDR,76,13,100,14.0,0.4512811142212479,0.0033343246705710102,0.8710279785871157,0.015203507617115974,-0.4264155137070098,reference
SIHDR_083,SIHDR_083_e14.jpg,1154,2000.000000,32,1024,SDR,76,14,100,14.0,0.4048979452338923,0.0014541201500732064,0.8841693928440703,0.008714740164577961,-0.4821796879103244,reference
SIHDR_084,SIHDR_084_e00.jpg,1155,15000000.000000,32,1024,SDR,77,0,100,14.0,0.052784021845868334,0.9669126898792094,0.0,0.9940337538719177,-1.8810413579125504,reference
SIHDR_084,SIHDR_084_e01.jpg,1156,8000000.000000,32,1024,SDR,77,1,100,14.0,0.2796585025016994,0.7865832036969254,0.0,0.9397358894348145,-1.2935079048921514,reference
SIHDR_084,SIHDR_084_e02.jpg,1157,6000000.000000,32,1024,SDR,77,2,100,14.0,0.40395389207372706,0.6790455138177159,0.0,0.8855857849121094,-0.9541371355617048,reference
SIHDR_084,SIHDR_084_e03.jpg,1158,4000000.000000,32,1024,SDR,77,3,100,14.0,0.538189392991007,0.5578459576317716,0.0,0.792773425579071,-0.5775025222725362,reference
SIHDR_084,SIHDR_084_e04.jpg,1159,2000000.000000,32,1024,SDR,77,4,100,14.0,0.7041333913587585,0.38644279602855053,0.0,0.6290637254714966,-0.06875220069834254,reference
SIHDR_084,SIHDR_084_e05.jpg,1160,1000000.000000,32,1024,SDR,77,5,100,14.0,0.759916156476735,0.30332917734260617,0.0,0.47805318236351013,0.1532578017915227,reference
SIHDR_084,SIHDR_084_e06.jpg,1161,500000.000000,32,1024,SDR,77,6,100,14.0,0.7296167625534059,0.28681626326866766,0.0,0.3852290213108063,0.1559842360160706,reference
SIHDR_084,SIHDR_084_e07.jpg,1162,250000.000000,32,1024,SDR,77,7,100,14.0,0.6887879084067757,0.2762985564604685,0.0019903001464128844,0.33289143443107605,0.1342004953394258,reference
SIHDR_084,SIHDR_084_e08.jpg,1163,125000.000000,32,1024,SDR,77,8,100,14.0,0.6470960142457827,0.265210354136164,0.06956327781844802,0.3017743229866028,0.04711202815500663,reference
SIHDR_084,SIHDR_084_e09.jpg,1164,66666.666667,32,1024,SDR,77,9,100,14.0,0.6915283955213121,0.1641711658125915,0.2887465112554905,0.2677164673805237,0.07443955264063856,reference
SIHDR_084,SIHDR_084_e10.jpg,1165,33333.333333,32,1024,SDR,77,10,100,14.0,0.7161138903721538,0.0,0.48691291864934116,0.14665290713310242,0.22920097172281262,reference
SIHDR_084,SIHDR_084_e11.jpg,1166,16666.666667,32,1024,SDR,77,11,100,14.0,0.637313283139539,0.0,0.6543197520131772,0.07332645356655121,-0.017006468873638103,reference
SIHDR_084,SIHDR_084_e12.jpg,1167,8000.000000,32,1024,SDR,77,12,100,14.0,0.5594324948686034,0.0,0.7046363126830161,0.035196706652641296,-0.14520381781441272,reference
SIHDR_084,SIHDR_084_e13.jpg,1168,4000.000000,32,1024,SDR,77,13,100,14.0,0.4736623154098032,0.0,0.7170470923316252,0.017598353326320648,-0.24338477692182203,reference
SIHDR_084,SIHDR_084_e14.jpg,1169,2000.000000,32,1024,SDR,77,14,100,14.0,0.4364651532364279,0.0,0.727064364476574,0.008799176663160324,-0.29059921124014604,reference
SIHDR_085,SIHDR_085_e00.jpg,1170,15000000.000000,32,1024,SDR,78,0,100,14.0,0.05260274769149343,0.9648380307467057,0.0,0.9950379133224487,-1.877073313801918,reference
SIHDR_085,SIHDR_085_e01.jpg,1171,8000000.000000,32,1024,SDR,78,1,100,14.0,0.27138552130782734,0.7945343955893118,0.0,0.9388003945350647,-1.3176832698707963,reference
SIHDR_085,SIHDR_085_e02.jpg,1172,6000000.000000,32,1024,SDR,78,2,100,14.0,0.3958702940206107,0.6862288959553441,0.0,0.8871980309486389,-0.9765874978900775,reference
SIHDR_085,SIHDR_085_e03.jpg,1173,4000000.000000,32,1024,SDR,78,3,100,14.0,0.5324625796327026,0.5632463625549048,0.0,0.7955300807952881,-0.594030145477107,reference
SIHDR_085,SIHDR_085_e04.jpg,1174,2000000.000000,32,1024,SDR,78,4,100,14.0,0.7013329123335971,0.3879398105783309,0.0,0.6296549439430237,-0.07454670882306469,reference
SIHDR_085,SIHDR_085_e05.jpg,1175,1000000.000000,32,1024,SDR,78,5,100,14.0,0.8032001293472776,0.2521390007320644,0.0,0.459227979183197,0.29892212788314876,reference
SIHDR_085,SIHDR_085_e06.jpg,1176,500000.000000,32,1024,SDR,78,6,100,14.0,0.7608492437106783,0.24083060715592972,0.0,0.35184064507484436,0.27918802939881887,reference
SIHDR_085,SIHDR_085_e07.jpg,1177,250000.000000,32,1024,SDR,78,7,100,14.0,0.7101670962099367,0.2341419404282577,0.00031312911786237187,0.2943057715892792,0.2415700862355589,reference
SIHDR_085,SIHDR_085_e08.jpg,1178,125000.000000,32,1024,SDR,78,8,100,14.0,0.6583246146257821,0.22767203513909223,0.07799917642752562,0.2618092894554138,0.12498136792007199,reference
SIHDR_085,SIHDR_085_e09.jpg,1179,66666.666667,32,1024,SDR,78,9,100,14.0,0.607736002216104,0.22503402955710103,0.2792654191068814,0.24523280560970306,-0.12159747600497944,reference
SIHDR_085,SIHDR_085_e10.jpg,1180,33333.333333,32,1024,SDR,78,10,100,14.0,0.6956821370345329,0.017882675237920937,0.4866655609443631,0.18345260620117188,0.17325122561432793,reference
SIHDR_085,SIHDR_085_e11.jpg,1181,16666.666667,32,1024,SDR,78,11,100,14.0,0.626296669869502,0.0001458409590043924,0.681925157851391,0.09279273450374603,-0.055920169899897676,reference
SIHDR_085,SIHDR_085_e12.jpg,1182,8000.000000,32,1024,SDR,78,12,100,14.0,0.5501893523467994,0.0,0.7536445941617862,0.044552769511938095,-0.20345524181498675,reference
SIHDR_085,SIHDR_085_e13.jpg,1183,4000.000000,32,1024,SDR,78,13,100,14.0,0.46454423791436006,0.0,0.7619031959187409,0.022276384755969048,-0.29735895800438084,reference
SIHDR_085,SIHDR_085_e14.jpg,1184,2000.000000,32,1024,SDR,78,14,100,14.0,0.4314647807059471,0.0,0.7698043443448024,0.011138192377984524,-0.33833956363885526,reference
SIHDR_086,SIHDR_086_e00.jpg,1185,15000000.000000,32,1024,SDR,79,0,100,14.0,0.006904873417356351,0.9959879438140556,0.0,0.9996474385261536,-1.9850710142107548,reference
SIHDR_086,SIHDR_086_e01.jpg,1186,8000000.000000,32,1024,SDR,79,1,100,14.0,0.176725808935806,0.8684757618045388,0.0,0.9715359210968018,-1.5602257146732716,reference
SIHDR_086,SIHDR_086_e02.jpg,1187,6000000.000000,32,1024,SDR,79,2,100,14.0,0.27195130067680534,0.7946873856149341,0.0,0.9348992705345154,-1.317423470553063,reference
SIHDR_086,SIHDR_086_e03.jpg,1188,4000000.000000,32,1024,SDR,79,3,100,14.0,0.4054701519115429,0.6831490780563689,0.0,0.8669469952583313,-0.960828004201195,reference
SIHDR_086,SIHDR_086_e04.jpg,1189,2000000.000000,32,1024,SDR,79,4,100,14.0,0.5240838022698822,0.5778747826683748,0.0,0.7405394911766052,-0.6316657630668674,reference
SIHDR_086,SIHDR_086_e05.jpg,1190,1000000.000000,32,1024,SDR,79,5,100,14.0,0.623272076122691,0.47815102260248904,0.0,0.628803551197052,-0.3330299690822871,reference
SIHDR_086,SIHDR_086_e06.jpg,1191,500000.000000,32,1024,SDR,79,6,100,14.0,0.6336896542839866,0.4440914394216691,0.0,0.5433517694473267,-0.25449322455935164,reference
SIHDR_086,SIHDR_086_e07.jpg,1192,250000.000000,32,1024,SDR,79,7,100,14.0,0.671730971503912,0.3822820392569546,0.0,0.4790700674057007,-0.09283310700999714,reference
SIHDR_086,SIHDR_086_e08.jpg,1193,125000.000000,32,1024,SDR,79,8,100,14.0,0.7991589042676991,0.21632074716325037,0.018863527177891654,0.3880103528499603,0.3476538827633067,reference
SIHDR_086,SIHDR_086_e09.jpg,1194,66666.666667,32,1024,SDR,79,9,100,14.0,0.8669645042933087,0.08408017249267935,0.18333638360175694,0.2718571424484253,0.5154677757061931,reference
SIHDR_086,SIHDR_086_e10.jpg,1195,33333.333333,32,1024,SDR,79,10,100,14.0,0.852377131766605,0.007250583363836017,0.36080910276354317,0.15210585296154022,0.47706686227538986,reference
SIHDR_086,SIHDR_086_e11.jpg,1196,16666.666667,32,1024,SDR,79,11,100,14.0,0.777004951058824,0.00012725338579795022,0.4512705321193265,0.07667939364910126,0.32547991216790156,reference
SIHDR_086,SIHDR_086_e12.jpg,1197,8000.000000,32,1024,SDR,79,12,100,14.0,0.7033539383076644,0.0,0.5348559892020498,0.03681771084666252,0.16849794910561455,reference
SIHDR_086,SIHDR_086_e13.jpg,1198,4000.000000,32,1024,SDR,79,13,100,14.0,0.6075163933952098,0.0,0.5696933908308931,0.01840885542333126,0.0378230025643167,reference
SIHDR_086,SIHDR_086_e14.jpg,1199,2000.000000,32,1024,SDR,79,14,100,14.0,0.5674802524391196,0.0,0.6576698046303074,0.00920442771166563,-0.09018955219118785,reference
SIHDR_087,SIHDR_087_e00.jpg,1200,15000000.000000,32,1024,SDR,80,0,100,14.0,0.03749855734659457,0.9777678326317716,0.0,0.9960622191429138,-1.9180371079169487,reference
SIHDR_087,SIHDR_087_e01.jpg,1201,8000000.000000,32,1024,SDR,80,1,100,14.0,0.1534200896315789,0.8987906638909224,0.0,0.9686991572380066,-1.644161238150266,reference
SIHDR_087,SIHDR_087_e02.jpg,1202,6000000.000000,32,1024,SDR,80,2,100,14.0,0.2377018665953656,0.8346864133418741,0.0,0.9420748949050903,-1.4316709600883826,reference
SIHDR_087,SIHDR_087_e03.jpg,1203,4000000.000000,32,1024,SDR,80,3,100,14.0,0.34648269724384756,0.7497512124816984,0.0,0.8897837400436401,-1.1530197277195493,reference
SIHDR_087,SIHDR_087_e04.jpg,1204,2000000.000000,32,1024,SDR,80,4,100,14.0,0.49166174269127305,0.6281455893118595,0.0,0.7825789451599121,-0.7646294359324459,reference
SIHDR_087,SIHDR_087_e05.jpg,1205,1000000.000000,32,1024,SDR,80,5,100,14.0,0.6212968993379262,0.5028553372071742,0.0,0.6747669577598572,-0.38441377507642227,reference
SIHDR_087,SIHDR_087_e06.jpg,1206,500000.000000,32,1024,SDR,80,6,100,14.0,0.6788176241231169,0.4329017203513909,0.0,0.565010130405426,-0.18698581657966495,reference
SIHDR_087,SIHDR_087_e07.jpg,1207,250000.000000,32,1024,SDR,80,7,100,14.0,0.7271657780031218,0.36106217972181553,0.0011095351390922401,0.47920331358909607,0.003931883420398455,reference
SIHDR_087,SIHDR_087_e08.jpg,1208,125000.000000,32,1024,SDR,80,8,100,14.0,0.8058501307558142,0.24803829612005857,0.04161471678257687,0.39111632108688354,0.2681588217331202,reference
SIHDR_087,SIHDR_087_e09.jpg,1209,66666.666667,32,1024,SDR,80,9,100,14.0,0.88207014125887,0.11528441846632503,0.14497020269033675,0.28485989570617676,0.5065311016358831,reference
SIHDR_087,SIHDR_087_e10.jpg,1210,33333.333333,32,1024,SDR,80,10,100,14.0,0.8917691793819577,0.009855703239385066,0.28867073114934116,0.16646511852741241,0.5833870417538464,reference
SIHDR_087,SIHDR_087_e11.jpg,1211,16666.666667,32,1024,SDR,80,11,100,14.0,0.8177779173865499,0.0006133899158125916,0.3963399638543192,0.0843866690993309,0.4202111737006055,reference
SIHDR_087,SIHDR_087_e12.jpg,1212,8000.000000,32,1024,SDR,80,12,100,14.0,0.7329010641856945,6.577141288433382e-05,0.5354179058382138,0.04060159623622894,0.197351615521712,reference
SIHDR_087,SIHDR_087_e13.jpg,1213,4000.000000,32,1024,SDR,80,13,100,14.0,0.6537993788940816,0.0,0.5938286397327965,0.020304124802350998,0.059970739161285036,reference
SIHDR_087,SIHDR_087_e14.jpg,1214,2000.000000,32,1024,SDR,80,14,100,14.0,0.5865572478891643,0.0,0.6675784109626647,0.010152062401175499,-0.08102116307350038,reference
SIHDR_088,SIHDR_088_e00.jpg,1215,15000000.000000,32,1024,SDR,81,0,100,14.0,0.021233755480972616,0.9879323755490483,0.0,0.9982205033302307,-1.9546309956171242,reference
SIHDR_088,SIHDR_088_e01.jpg,1216,8000000.000000,32,1024,SDR,81,1,100,14.0,0.12237874460356675,0.9191197497254758,0.0,0.9792044162750244,-1.715860754847385,reference
SIHDR_088,SIHDR_088_e02.jpg,1217,6000000.000000,32,1024,SDR,81,2,100,14.0,0.21866725317344052,0.8452141288433382,0.0,0.9538536071777344,-1.4717610045132359,reference
SIHDR_088,SIHDR_088_e03.jpg,1218,4000000.000000,32,1024,SDR,81,3,100,14.0,0.3261469284010116,0.76273534727306,0.0,0.9014235734939575,-1.1993237661451084,reference
SIHDR_088,SIHDR_088_e04.jpg,1219,2000000.000000,32,1024,SDR,81,4,100,14.0,0.4702295678925703,0.6434088465409956,0.0,0.7975979447364807,-0.8165881251894209,reference
SIHDR_088,SIHDR_088_e05.jpg,1220,1000000.000000,32,1024,SDR,81,5,100,14.0,0.6255954930315406,0.49757789622986826,0.0,0.6764867901802063,-0.3695602994281959,reference
SIHDR_088,SIHDR_088_e06.jpg,1221,500000.000000,32,1024,SDR,81,6,100,14.0,0.6676402556914324,0.43959467651903367,0.0,0.5699032545089722,-0.21154909734663496,reference
SIHDR_088,SIHDR_088_e07.jpg,1222,250000.000000,32,1024,SDR,81,7,100,14.0,0.6995379258429931,0.38407645497803805,0.0,0.4893396198749542,-0.06861498411308298,reference
SIHDR_088,SIHDR_088_e08.jpg,1223,125000.000000,32,1024,SDR,81,8,100,14.0,0.787044205265872,0.2669275599377745,0.023223028001464127,0.4043155610561371,0.2299660573888589,reference
SIHDR_088,SIHDR_088_e09.jpg,1224,66666.666667,32,1024,SDR,81,9,100,14.0,0.8616229666681242,0.14271967651903367,0.13000434663250365,0.30378350615501404,0.4461792669975532,reference
SIHDR_088,SIHDR_088_e10.jpg,1225,33333.333333,32,1024,SDR,81,10,100,14.0,0.892294253537159,0.018697668832357246,0.27180179355783307,0.18562689423561096,0.5830971223146114,reference
SIHDR_088,SIHDR_088_e11.jpg,1226,16666.666667,32,1024,SDR,81,11,100,14.0,0.8259724336070771,0.0009393873535871157,0.39365620424597364,0.09509959816932678,0.4304374546539292,reference
SIHDR_088,SIHDR_088_e12.jpg,1227,8000.000000,32,1024,SDR,81,12,100,14.0,0.7426833039529169,5.719253294289898e-06,0.5242253271412884,0.04573195055127144,0.2184465383050399,reference
SIHDR_088,SIHDR_088_e13.jpg,1228,4000.000000,32,1024,SDR,81,13,100,14.0,0.6590645113964992,0.0,0.578489602397511,0.022866209968924522,0.08057490899898823,reference
SIHDR_088,SIHDR_088_e14.jpg,1229,2000.000000,32,1024,SDR,81,14,100,14.0,0.5941955403815019,0.0,0.6518476047767203,0.011433104984462261,-0.057652064395218416,reference
SIHDR_089,SIHDR_089_e00.jpg,1230,15000000.000000,32,1024,SDR,82,0,100,14.0,0.0027054172544143753,0.998758922035139,0.0,0.9998428821563721,-1.9948124268158638,reference
SIHDR_089,SIHDR_089_e01.jpg,1231,8000000.000000,32,1024,SDR,82,1,100,14.0,0.04248663808044343,0.9741518347364568,0.0,0.9954116344451904,-1.9058170313924703,reference
SIHDR_089,SIHDR_089_e02.jpg,1232,6000000.000000,32,1024,SDR,82,2,100,14.0,0.1068657696163569,0.930279442715959,0.0,0.9838930368423462,-1.753693115815561,reference
SIHDR_089,SIHDR_089_e03.jpg,1233,4000000.000000,32,1024,SDR,82,3,100,14.0,0.18284644209691983,0.8776265670754027,0.0,0.9563754796981812,-1.5724066920538855,reference
SIHDR_089,SIHDR_089_e04.jpg,1234,2000000.000000,32,1024,SDR,82,4,100,14.0,0.3326812202905834,0.7647485244326501,0.0,0.8832762837409973,-1.1968158285747168,reference
SIHDR_089,SIHDR_089_e05.jpg,1235,1000000.000000,32,1024,SDR,82,5,100,14.0,0.6178877514251032,0.4837916361639824,0.0,0.755611777305603,-0.3496955209028616,reference
SIHDR_089,SIHDR_089_e06.jpg,1236,500000.000000,32,1024,SDR,82,6,100,14.0,0.6290648371094433,0.44969344802342603,0.0,0.6072794198989868,-0.2703220589374088,reference
SIHDR_089,SIHDR_089_e07.jpg,1237,250000.000000,32,1024,SDR,82,7,100,14.0,0.6262124901474604,0.421470362829429,0.0,0.5227912664413452,-0.21672823551139764,reference
SIHDR_089,SIHDR_089_e08.jpg,1238,125000.000000,32,1024,SDR,82,8,100,14.0,0.7583520289633605,0.25827004026354317,0.00320707128477306,0.4302085340023041,0.2386048771515011,reference
SIHDR_089,SIHDR_089_e09.jpg,1239,66666.666667,32,1024,SDR,82,9,100,14.0,0.848396314806947,0.10978678623718888,0.05576843887262079,0.3044508695602417,0.5730543034599483,reference
SIHDR_089,SIHDR_089_e10.jpg,1240,33333.333333,32,1024,SDR,82,10,100,14.0,0.8462865667236641,0.02978730096998536,0.15679618868960468,0.18296128511428833,0.6299157760940887,reference
SIHDR_089,SIHDR_089_e11.jpg,1241,16666.666667,32,1024,SDR,82,11,100,14.0,0.7888259084506376,3.145589311859444e-05,0.2650316274707174,0.09431445598602295,0.523731369193683,reference
SIHDR_089,SIHDR_089_e12.jpg,1242,8000.000000,32,1024,SDR,82,12,100,14.0,0.716606066950717,0.0,0.536982121614202,0.04527267813682556,0.17962394533651505,reference
SIHDR_089,SIHDR_089_e13.jpg,1243,4000.000000,32,1024,SDR,82,13,100,14.0,0.6278045619906315,0.0,0.5555897122071742,0.02263633906841278,0.07221484978345727,reference
SIHDR_089,SIHDR_089_e14.jpg,1244,2000.000000,32,1024,SDR,82,14,100,14.0,0.5558196074986194,0.0,0.6146881863103953,0.01131816953420639,-0.058868578811775985,reference
SIHDR_090,SIHDR_090_e00.jpg,1245,15000000.000000,32,1024,SDR,83,0,100,14.0,4.970611564006594e-06,0.9999899913067349,0.0,0.9999996423721313,-1.999975012001906,reference
SIHDR_090,SIHDR_090_e01.jpg,1246,8000000.000000,32,1024,SDR,83,1,100,14.0,0.017707967315383034,0.989909807375549,0.0,0.9986581206321716,-1.962111647435715,reference
SIHDR_090,SIHDR_090_e02.jpg,1247,6000000.000000,32,1024,SDR,83,2,100,14.0,0.06355832527721979,0.9596120630490483,0.0,0.9925013184547424,-1.8556658008208768,reference
SIHDR_090,SIHDR_090_e03.jpg,1248,4000000.000000,32,1024,SDR,83,3,100,14.0,0.1615092617899385,0.8900645131771596,0.0,0.9688382148742676,-1.6186197645643807,reference
SIHDR_090,SIHDR_090_e04.jpg,1249,2000000.000000,32,1024,SDR,83,4,100,14.0,0.36385007795754837,0.7287258075585652,0.0,0.8873305916786194,-1.093601537159582,reference
SIHDR_090,SIHDR_090_e05.jpg,1250,1000000.000000,32,1024,SDR,83,5,100,14.0,0.5434873981514702,0.56634619784041,0.0,0.7488279938697815,-0.5892049975293497,reference
SIHDR_090,SIHDR_090_e06.jpg,1251,500000.000000,32,1024,SDR,83,6,100,14.0,0.5597578447102267,0.5324710605783309,0.0,0.6437867879867554,-0.5051842764464352,reference
SIHDR_090,SIHDR_090_e07.jpg,1252,250000.000000,32,1024,SDR,83,7,100,14.0,0.5554752839387317,0.5099200448389458,0.0,0.5844147205352783,-0.46436480573915995,reference
SIHDR_090,SIHDR_090_e08.jpg,1253,125000.000000,32,1024,SDR,83,8,100,14.0,0.740724589885641,0.29860364430819913,0.00023162975841874086,0.4961257874965668,0.14328567151082405,reference
SIHDR_090,SIHDR_090_e09.jpg,1254,66666.666667,32,1024,SDR,83,9,100,14.0,0.8629191103334675,0.11520291910688141,0.028895097456076133,0.351794958114624,0.6036181746636285,reference
SIHDR_090,SIHDR_090_e10.jpg,1255,33333.333333,32,1024,SDR,83,10,100,14.0,0.861257248811604,0.042116581259150805,0.14932827370058566,0.21257774531841278,0.6276958125927168,reference
SIHDR_090,SIHDR_090_e11.jpg,1256,16666.666667,32,1024,SDR,83,11,100,14.0,0.8116938836585694,0.0005490483162518302,0.35472810669838944,0.11136940121650696,0.4558676803276763,reference
SIHDR_090,SIHDR_090_e12.jpg,1257,8000.000000,32,1024,SDR,83,12,100,14.0,0.7277154748458089,1.4298133235724744e-05,0.4604270566434846,0.053489767014980316,0.26725982193585285,reference
SIHDR_090,SIHDR_090_e13.jpg,1258,4000.000000,32,1024,SDR,83,13,100,14.0,0.655294652625884,2.859626647144949e-06,0.46975086932650073,0.026749061420559883,0.18553806404608902,reference
SIHDR_090,SIHDR_090_e14.jpg,1259,2000.000000,32,1024,SDR,83,14,100,14.0,0.5725017499028754,0.0,0.5273551885065886,0.013374985195696354,0.04514656139628681,reference
SIHDR_091,SIHDR_091_e00.jpg,1260,15000000.000000,32,1024,SDR,84,0,100,14.0,0.003707867488307704,0.9982270314787701,0.0,0.999784529209137,-1.9927461954692325,reference
SIHDR_091,SIHDR_091_e01.jpg,1261,8000000.000000,32,1024,SDR,84,1,100,14.0,0.042587259562243795,0.9762965547218155,0.0,0.9939408898353577,-1.9100058498813872,reference
SIHDR_091,SIHDR_091_e02.jpg,1262,6000000.000000,32,1024,SDR,84,2,100,14.0,0.06902357297063362,0.9604999771229868,0.0,0.9873396158218384,-1.85197638127534,reference
SIHDR_091,SIHDR_091_e03.jpg,1263,4000000.000000,32,1024,SDR,84,3,100,14.0,0.121581741247389,0.9264003591691069,0.0,0.9723374843597412,-1.7312189770908248,reference
SIHDR_091,SIHDR_091_e04.jpg,1264,2000000.000000,32,1024,SDR,84,4,100,14.0,0.24452491525475217,0.8397136369875549,0.0,0.9241102337837219,-1.4349023587203575,reference
SIHDR_091,SIHDR_091_e05.jpg,1265,1000000.000000,32,1024,SDR,84,5,100,14.0,0.45171512180766205,0.669209827964861,0.0,0.8315852284431458,-0.8867045341220599,reference
SIHDR_091,SIHDR_091_e06.jpg,1266,500000.000000,32,1024,SDR,84,6,100,14.0,0.5538086427250882,0.5768410276354319,0.0,0.7235393524169922,-0.5998734125457755,reference
SIHDR_091,SIHDR_091_e07.jpg,1267,250000.000000,32,1024,SDR,84,7,100,14.0,0.6529077213332576,0.4746451203330893,0.0,0.6221126914024353,-0.29638251933292104,reference
SIHDR_091,SIHDR_091_e08.jpg,1268,125000.000000,32,1024,SDR,84,8,100,14.0,0.8069346199186386,0.2981732704978038,0.006399844436310395,0.49145105481147766,0.2041882344867206,reference
SIHDR_091,SIHDR_091_e09.jpg,1269,66666.666667,32,1024,SDR,84,9,100,14.0,0.9003118158089137,0.15791001326866763,0.0340238378477306,0.36153674125671387,0.5504679514238479,reference
SIHDR_091,SIHDR_091_e10.jpg,1270,33333.333333,32,1024,SDR,84,10,100,14.0,0.9278103568522743,0.05444014229502196,0.09997969665080528,0.22995442152023315,0.718950375611425,reference
SIHDR_091,SIHDR_091_e11.jpg,1271,16666.666667,32,1024,SDR,84,11,100,14.0,0.886354408858109,0.0016900393484626647,0.20003231378111275,0.12195231020450592,0.6829420163800709,reference
SIHDR_091,SIHDR_091_e12.jpg,1272,8000.000000,32,1024,SDR,84,12,100,14.0,0.8025596605457036,0.00018301610541727673,0.36192435715592974,0.058758966624736786,0.4402692711789393,reference
SIHDR_091,SIHDR_091_e13.jpg,1273,4000.000000,32,1024,SDR,84,13,100,14.0,0.7181261131504796,5.0043466325036605e-05,0.45602037198023426,0.029425600543618202,0.26200565423759525,reference
SIHDR_091,SIHDR_091_e14.jpg,1274,2000.000000,32,1024,SDR,84,14,100,14.0,0.643475014905369,2.4306826500732065e-05,0.6075505581991215,0.014728117734193802,0.03587584305324598,reference
SIHDR_092,SIHDR_092_e00.jpg,1275,15000000.000000,32,1024,SDR,85,0,100,14.0,0.00026980748747340886,0.9998670273609077,0.0,0.9999927878379822,-1.999464247234342,reference
SIHDR_092,SIHDR_092_e01.jpg,1276,8000000.000000,32,1024,SDR,85,1,100,14.0,0.01625526691775114,0.9916327324304539,0.0,0.9983901977539062,-1.9670101979431567,reference
SIHDR_092,SIHDR_092_e02.jpg,1277,6000000.000000,32,1024,SDR,85,2,100,14.0,0.03963377278793748,0.9777206487920937,0.0,0.9949566125869751,-1.91580752479625,reference
SIHDR_092,SIHDR_092_e03.jpg,1278,4000000.000000,32,1024,SDR,85,3,100,14.0,0.10311858420909902,0.9355554538799414,0.0,0.9820696711540222,-1.767992323550784,reference
SIHDR_092,SIHDR_092_e04.jpg,1279,2000000.000000,32,1024,SDR,85,4,100,14.0,0.32940583272991913,0.7581513657576867,0.0,0.9110340476036072,-1.1868968987854542,reference
SIHDR_092,SIHDR_092_e05.jpg,1280,1000000.000000,32,1024,SDR,85,5,100,14.0,0.5270587224280914,0.5879163616398243,0.0,0.7815681099891663,-0.6487740008515572,reference
SIHDR_092,SIHDR_092_e06.jpg,1281,500000.000000,32,1024,SDR,85,6,100,14.0,0.6248799865781655,0.4904931712115666,0.0,0.6543585062026978,-0.35610635584496775,reference
SIHDR_092,SIHDR_092_e07.jpg,1282,250000.000000,32,1024,SDR,85,7,100,14.0,0.6538351119290436,0.44288610678989754,0.0,0.5578258037567139,-0.23193710165075143,reference
SIHDR_092,SIHDR_092_e08.jpg,1283,125000.000000,32,1024,SDR,85,8,100,14.0,0.7396271057369915,0.33627636575768666,0.0011795959919472913,0.4716929495334625,0.06589477822967092,reference
SIHDR_092,SIHDR_092_e09.jpg,1284,66666.666667,32,1024,SDR,85,9,100,14.0,0.8198855848140858,0.22106486777086384,0.016508624633967788,0.37674379348754883,0.3612472246383903,reference
SIHDR_092,SIHDR_092_e10.jpg,1285,33333.333333,32,1024,SDR,85,10,100,14.0,0.8739931330396767,0.10492542093704246,0.10415189192898976,0.2630477249622345,0.5599903992366021,reference
SIHDR_092,SIHDR_092_e11.jpg,1286,16666.666667,32,1024,SDR,85,11,100,14.0,0.874621207785525,0.011555751281112739,0.2999748352855051,0.15375055372714996,0.5515348699377944,reference
SIHDR_092,SIHDR_092_e12.jpg,1287,8000.000000,32,1024,SDR,85,12,100,14.0,0.7972066258217819,0.000473268210102489,0.4510260340409956,0.07503363490104675,0.3452340553605814,reference
SIHDR_092,SIHDR_092_e13.jpg,1288,4000.000000,32,1024,SDR,85,13,100,14.0,0.7159925583448056,0.0,0.528213076500732,0.03756901994347572,0.18777948184407356,reference
SIHDR_092,SIHDR_092_e14.jpg,1289,2000.000000,32,1024,SDR,85,14,100,14.0,0.6381332243061242,0.0,0.5865408812225475,0.01878450997173786,0.05159234308357663,reference
SIHDR_093,SIHDR_093_e00.jpg,1290,15000000.000000,32,1024,SDR,86,0,100,14.0,0.294625377903108,0.7579183061859444,0.0,0.9388296604156494,-1.2212112344687807,reference
SIHDR_093,SIHDR_093_e01.jpg,1291,8000000.000000,32,1024,SDR,86,1,100,14.0,0.4548397718398646,0.6229038936676428,0.0,0.8163324594497681,-0.7909680154954208,reference
SIHDR_093,SIHDR_093_e02.jpg,1292,6000000.000000,32,1024,SDR,86,2,100,14.0,0.5387606199576455,0.5435435349560761,0.0,0.7567973136901855,-0.5483264499545067,reference
SIHDR_093,SIHDR_093_e03.jpg,1293,4000000.000000,32,1024,SDR,86,3,100,14.0,0.6557681922022548,0.4233334095900439,0.0,0.6640893816947937,-0.190898626977833,reference
SIHDR_093,SIHDR_093_e04.jpg,1294,2000000.000000,32,1024,SDR,86,4,100,14.0,0.8124887931103234,0.23232035825402636,0.0,0.48433104157447815,0.3478480766022707,reference
SIHDR_093,SIHDR_093_e05.jpg,1295,1000000.000000,32,1024,SDR,86,5,100,14.0,0.867803579003214,0.1200085216874085,0.0,0.3224983215332031,0.627786535628397,reference
SIHDR_093,SIHDR_093_e06.jpg,1296,500000.000000,32,1024,SDR,86,6,100,14.0,0.8539002699384787,0.06509082174231333,0.00013011301244509517,0.20668499171733856,0.7235885134414068,reference
SIHDR_093,SIHDR_093_e07.jpg,1297,250000.000000,32,1024,SDR,86,7,100,14.0,0.8197950956870277,0.019851528184480233,0.0255050100658858,0.12187497317790985,0.7545870292521815,reference
SIHDR_093,SIHDR_093_e08.jpg,1298,125000.000000,32,1024,SDR,86,8,100,14.0,0.7576315667153718,0.0034644376830161054,0.29089409086749635,0.06693458557128906,0.4598086004818432,reference
SIHDR_093,SIHDR_093_e09.jpg,1299,66666.666667,32,1024,SDR,86,9,100,14.0,0.6831430283767689,1.0008693265007321e-05,0.4312045319363104,0.035787709057331085,0.25191847905392845,reference
SIHDR_093,SIHDR_093_e10.jpg,1300,33333.333333,32,1024,SDR,86,10,100,14.0,0.6054581888315168,0.0,0.6481215112554904,0.017896486446261406,-0.04266332242397364,reference
SIHDR_093,SIHDR_093_e11.jpg,1301,16666.666667,32,1024,SDR,86,11,100,14.0,0.5474971371237454,0.0,0.8063103381222547,0.008948243223130703,-0.25881320099850935,reference
SIHDR_093,SIHDR_093_e12.jpg,1302,8000.000000,32,1024,SDR,86,12,100,14.0,0.4384959663000065,0.0,0.8963328147877013,0.0042951577343046665,-0.45783684848769485,reference
SIHDR_093,SIHDR_093_e13.jpg,1303,4000.000000,32,1024,SDR,86,13,100,14.0,0.4138661728673263,0.0,0.9519597021412884,0.0021475788671523333,-0.5380935292739621,reference
SIHDR_093,SIHDR_093_e14.jpg,1304,2000.000000,32,1024,SDR,86,14,100,14.0,0.33654516696685605,0.0,0.9838688460834554,0.0010737894335761666,-0.6473236791165993,reference
SIHDR_096,SIHDR_096_e00.jpg,1305,15000000.000000,32,1024,SDR,87,0,100,14.0,0.5063497566574809,0.0015299002562225476,0.5034973233894583,0.014820878393948078,-0.0002073672444224961,reference
SIHDR_096,SIHDR_096_e01.jpg,1306,8000000.000000,32,1024,SDR,87,1,100,14.0,0.4378964137351406,0.0007606606881405564,0.9243943310761347,0.008420339785516262,-0.4880192387172752,reference
SIHDR_096,SIHDR_096_e02.jpg,1307,6000000.000000,32,1024,SDR,87,2,100,14.0,0.42919717864968193,0.0003960582906295754,0.9534753042642753,0.006450891029089689,-0.5250702421958525,reference
SIHDR_096,SIHDR_096_e03.jpg,1308,4000000.000000,32,1024,SDR,87,3,100,14.0,0.39508208508535847,0.000111525439238653,0.968542677068082,0.004368641413748264,-0.5736836428612008,reference
SIHDR_096,SIHDR_096_e04.jpg,1309,2000000.000000,32,1024,SDR,87,4,100,14.0,0.29798276946253405,3.860495973645681e-05,0.9816612143118595,0.0022172387689352036,-0.6837556547687984,reference
SIHDR_096,SIHDR_096_e05.jpg,1310,1000000.000000,32,1024,SDR,87,5,100,14.0,0.29112396303391697,1.8587573206442167e-05,0.990846335102489,0.0011218712897971272,-0.6997595472149849,reference
SIHDR_096,SIHDR_096_e06.jpg,1311,500000.000000,32,1024,SDR,87,6,100,14.0,0.21406468007272608,7.149066617862372e-06,0.9960508556002928,0.0005664635100401938,-0.7820004736608025,reference
SIHDR_096,SIHDR_096_e07.jpg,1312,250000.000000,32,1024,SDR,87,7,100,14.0,0.16598945498138695,5.719253294289898e-06,0.997889595534407,0.00028638914227485657,-0.8319115790596087,reference
SIHDR_096,SIHDR_096_e08.jpg,1313,125000.000000,32,1024,SDR,87,8,100,14.0,0.04907417177805984,1.4298133235724744e-06,0.9986902909956076,0.00014419248327612877,-0.9496189788441949,reference
SIHDR_096,SIHDR_096_e09.jpg,1314,66666.666667,32,1024,SDR,87,9,100,14.0,0.031658909899636316,1.4298133235724744e-06,0.9995009951500732,7.75699591031298e-05,-0.9678449448770841,reference
SIHDR_096,SIHDR_096_e10.jpg,1315,33333.333333,32,1024,SDR,87,10,100,14.0,0.019022778309291936,0.0,0.9999156410139092,3.8812333514215425e-05,-0.9808928627046173,reference
SIHDR_096,SIHDR_096_e11.jpg,1316,16666.666667,32,1024,SDR,87,11,100,14.0,0.009189408624881405,0.0,0.9999685441068814,1.9406166757107712e-05,-0.990779135482,reference
SIHDR_096,SIHDR_096_e12.jpg,1317,8000.000000,32,1024,SDR,87,12,100,14.0,0.004806393018626981,0.0,0.9999871316800878,9.314954695582855e-06,-0.9951807386614608,reference
SIHDR_096,SIHDR_096_e13.jpg,1318,4000.000000,32,1024,SDR,87,13,100,14.0,0.0029691092402933145,0.0,0.9999928509333821,4.657477347791428e-06,-0.9970237416930887,reference
SIHDR_096,SIHDR_096_e14.jpg,1319,2000.000000,32,1024,SDR,87,14,100,14.0,0.0015590855835465297,0.0,0.9999985701866764,2.328738673895714e-06,-0.9984394846031298,reference
SIHDR_097,SIHDR_097_e00.jpg,1320,15000000.000000,32,1024,SDR,88,0,100,14.0,0.456774632564932,0.00048327690336749635,0.5627802434114202,0.012902994640171528,-0.10697216465322318,reference
SIHDR_097,SIHDR_097_e01.jpg,1321,8000000.000000,32,1024,SDR,88,1,100,14.0,0.39362604558892467,0.00023734901171303075,0.9397405174780381,0.007033174391835928,-0.5465891699125395,reference
SIHDR_097,SIHDR_097_e02.jpg,1322,6000000.000000,32,1024,SDR,88,2,100,14.0,0.3564596510794203,0.00016442853221083456,0.9562234054721815,0.005323066376149654,-0.600092611457183,reference
SIHDR_097,SIHDR_097_e03.jpg,1323,4000000.000000,32,1024,SDR,88,3,100,14.0,0.3244878367824497,0.00010723599926793558,0.9713937248352855,0.0035921339876949787,-0.6471203600513717,reference
SIHDR_097,SIHDR_097_e04.jpg,1324,2000000.000000,32,1024,SDR,88,4,100,14.0,0.2399325913549075,4.0034773060029284e-05,0.9873818974194729,0.001827926142141223,-0.7475293756106854,reference
SIHDR_097,SIHDR_097_e05.jpg,1325,1000000.000000,32,1024,SDR,88,5,100,14.0,0.17378340559521174,2.0017386530014642e-05,0.9950557055270863,0.0009267284185625613,-0.8213123347049346,reference
SIHDR_097,SIHDR_097_e06.jpg,1326,500000.000000,32,1024,SDR,88,6,100,14.0,0.20091168374137147,5.719253294289898e-06,0.9980096998535871,0.000468167825601995,-0.7971094546188042,reference
SIHDR_097,SIHDR_097_e07.jpg,1327,250000.000000,32,1024,SDR,88,7,100,14.0,0.12122799150132872,0.0,0.9991521206991215,0.00023451739980373532,-0.8779241291977928,reference
SIHDR_097,SIHDR_097_e08.jpg,1328,125000.000000,32,1024,SDR,88,8,100,14.0,0.04407835565512414,0.0,0.999615380215959,0.00011725869990186766,-0.9555370245608348,reference
SIHDR_097,SIHDR_097_e09.jpg,1329,66666.666667,32,1024,SDR,88,9,100,14.0,0.025099384933064028,0.0,0.9998141242679356,6.253798346733674e-05,-0.9747147393348715,reference
SIHDR_097,SIHDR_097_e10.jpg,1330,33333.333333,32,1024,SDR,88,10,100,14.0,0.011891877404023173,0.0,0.99991993045388,3.126899173366837e-05,-0.9880280530498567,reference
SIHDR_097,SIHDR_097_e11.jpg,1331,16666.666667,32,1024,SDR,88,11,100,14.0,0.005333914323211865,0.0,0.9999714037335286,1.5634495866834186e-05,-0.9946374894103167,reference
SIHDR_097,SIHDR_097_e12.jpg,1332,8000.000000,32,1024,SDR,88,12,100,14.0,0.0024624150740714962,0.0,0.9999899913067349,7.504557743231999e-06,-0.9975275762326634,reference
SIHDR_097,SIHDR_097_e13.jpg,1333,4000.000000,32,1024,SDR,88,13,100,14.0,0.0011507033952046948,0.0,0.9999985701866764,3.7522788716159994e-06,-0.9988478667914716,reference
SIHDR_097,SIHDR_097_e14.jpg,1334,2000.000000,32,1024,SDR,88,14,100,14.0,0.0005718404153959759,0.0,1.0,1.8761394358079997e-06,-0.9994281595846041,reference
SIHDR_098,SIHDR_098_e00.jpg,1335,15000000.000000,32,1024,SDR,89,0,100,14.0,0.45828823382932454,0.0003016906112737921,0.4071121774341142,0.013325839303433895,0.05057267517266273,reference
SIHDR_098,SIHDR_098_e01.jpg,1336,8000000.000000,32,1024,SDR,89,1,100,14.0,0.37272731883694693,0.00014727077232796486,0.9464191755124451,0.007201092783361673,-0.5739863982201541,reference
SIHDR_098,SIHDR_098_e02.jpg,1337,6000000.000000,32,1024,SDR,89,2,100,14.0,0.38323366056918234,0.0001172446925329429,0.9632866832906296,0.005433245096355677,-0.5802875121065132,reference
SIHDR_098,SIHDR_098_e03.jpg,1338,4000000.000000,32,1024,SDR,89,3,100,14.0,0.3624782706156637,7.435029282576867e-05,0.9757174803257687,0.003652287181466818,-0.6133879102957565,reference
SIHDR_098,SIHDR_098_e04.jpg,1339,2000000.000000,32,1024,SDR,89,4,100,14.0,0.2452633934935916,4.861365300146413e-05,0.9862280380673499,0.0018548015505075455,-0.7410618718797612,reference
SIHDR_098,SIHDR_098_e05.jpg,1340,1000000.000000,32,1024,SDR,89,5,100,14.0,0.26075780695291984,3.288570644216691e-05,0.9930439581808199,0.0009463874739594758,-0.7323519226407844,reference
SIHDR_098,SIHDR_098_e06.jpg,1341,500000.000000,32,1024,SDR,89,6,100,14.0,0.19751065687465494,1.8587573206442167e-05,0.9977580527086384,0.00048519117990508676,-0.8002845709803963,reference
SIHDR_098,SIHDR_098_e07.jpg,1342,250000.000000,32,1024,SDR,89,7,100,14.0,0.14103219109890577,1.0008693265007321e-05,0.9992679355783309,0.000248491094680503,-0.8582557618659552,reference
SIHDR_098,SIHDR_098_e08.jpg,1343,125000.000000,32,1024,SDR,89,8,100,14.0,0.03998319609488294,5.719253294289898e-06,0.9997712298682284,0.0001283547026105225,-0.959799472279934,reference
SIHDR_098,SIHDR_098_e09.jpg,1344,66666.666667,32,1024,SDR,89,9,100,14.0,0.024594698651866077,2.859626647144949e-06,0.9998756062408491,7.013458525761962e-05,-0.9752866268422774,reference
SIHDR_098,SIHDR_098_e10.jpg,1345,33333.333333,32,1024,SDR,89,10,100,14.0,0.014192583492467605,0.0,0.9999370882137628,3.551761619746685e-05,-0.9857445047212952,reference
SIHDR_098,SIHDR_098_e11.jpg,1346,16666.666667,32,1024,SDR,89,11,100,14.0,0.006638746325903406,0.0,0.9999585354136163,1.7758808098733425e-05,-0.9933197890877129,reference
SIHDR_098,SIHDR_098_e12.jpg,1347,8000.000000,32,1024,SDR,89,12,100,14.0,0.002247656969137018,0.0,0.9999728335468521,8.524228178430349e-06,-0.9977251765777151,reference
SIHDR_098,SIHDR_098_e13.jpg,1348,4000.000000,32,1024,SDR,89,13,100,14.0,0.0008234726087454021,0.0,0.9999871316800878,4.262114089215174e-06,-0.9991636590713424,reference
SIHDR_098,SIHDR_098_e14.jpg,1349,2000.000000,32,1024,SDR,89,14,100,14.0,0.00039630331760594136,0.0,0.9999914211200586,2.131057044607587e-06,-0.9995951178024526,reference
SIHDR_099,SIHDR_099_e00.jpg,1350,15000000.000000,32,1024,SDR,90,0,100,14.0,0.5846084429611643,0.003382938323572474,0.4573672561310395,0.025811661034822464,0.12047531018297991,reference
SIHDR_099,SIHDR_099_e01.jpg,1351,8000000.000000,32,1024,SDR,90,1,100,14.0,0.5153816555291507,0.0018501784407027818,0.8296062866032211,0.01488739624619484,-0.31792498795547597,reference
SIHDR_099,SIHDR_099_e02.jpg,1352,6000000.000000,32,1024,SDR,90,2,100,14.0,0.4787579193739166,0.00139263817715959,0.8686473394033675,0.01156163215637207,-0.39267469638377006,reference
SIHDR_099,SIHDR_099_e03.jpg,1353,4000000.000000,32,1024,SDR,90,3,100,14.0,0.43166139185117797,0.0008507389275256223,0.9051004300878477,0.008067873306572437,-0.475140516091721,reference
SIHDR_099,SIHDR_099_e04.jpg,1354,2000000.000000,32,1024,SDR,90,4,100,14.0,0.357316256090116,0.00017157759882869693,0.9496062294106882,0.0042437175288796425,-0.5926331285182296,reference
SIHDR_099,SIHDR_099_e05.jpg,1355,1000000.000000,32,1024,SDR,90,5,100,14.0,0.2889820717682898,3.7175146412884335e-05,0.9716310738469985,0.0021539689041674137,-0.6827233523715345,reference
SIHDR_099,SIHDR_099_e06.jpg,1356,500000.000000,32,1024,SDR,90,6,100,14.0,0.26952522062661227,2.1447199853587116e-05,0.9857619189238653,0.0010895183077082038,-0.7162795926969603,reference
SIHDR_099,SIHDR_099_e07.jpg,1357,250000.000000,32,1024,SDR,90,7,100,14.0,0.18474439609481577,1.0008693265007321e-05,0.9941692212664714,0.0005519614787772298,-0.8094448425581857,reference
SIHDR_099,SIHDR_099_e08.jpg,1358,125000.000000,32,1024,SDR,90,8,100,14.0,0.11503174168305735,0.0,0.9972304515922401,0.00027754760230891407,-0.8821987099091828,reference
SIHDR_099,SIHDR_099_e09.jpg,1359,66666.666667,32,1024,SDR,90,9,100,14.0,0.07634160436070096,0.0,0.9984715295571011,0.000148025355883874,-0.9221299251964001,reference
SIHDR_099,SIHDR_099_e10.jpg,1360,33333.333333,32,1024,SDR,90,10,100,14.0,0.04471403244624358,0.0,0.9994009082174231,7.4012677941937e-05,-0.9546868757711795,reference
SIHDR_099,SIHDR_099_e11.jpg,1361,16666.666667,32,1024,SDR,90,11,100,14.0,0.02783988982104112,0.0,0.9999156410139092,3.70063389709685e-05,-0.972075751192868,reference
SIHDR_099,SIHDR_099_e12.jpg,1362,8000.000000,32,1024,SDR,90,12,100,14.0,0.012717079491805538,0.0,0.9999714037335286,1.7763044525054283e-05,-0.987254324241723,reference
SIHDR_099,SIHDR_099_e13.jpg,1363,4000.000000,32,1024,SDR,90,13,100,14.0,0.006388237456929656,0.0,0.9999828422401171,8.881522262527142e-06,-0.9935946047831875,reference
SIHDR_099,SIHDR_099_e14.jpg,1364,2000.000000,32,1024,SDR,90,14,100,14.0,0.003448748174867108,0.0,0.9999942807467057,4.440761131263571e-06,-0.9965455325718386,reference
SIHDR_100,SIHDR_100_e00.jpg,1365,15000000.000000,32,1024,SDR,91,0,100,14.0,0.48449990785693503,0.002848188140556369,0.5648763497437774,0.014608751982450485,-0.08607281816795515,reference
SIHDR_100,SIHDR_100_e01.jpg,1366,8000000.000000,32,1024,SDR,91,1,100,14.0,0.41750759553159394,0.002344893850658858,0.9556057261163983,0.008970716968178749,-0.542787918286122,reference
SIHDR_100,SIHDR_100_e02.jpg,1367,6000000.000000,32,1024,SDR,91,2,100,14.0,0.3889523095837791,0.0021847547584187407,0.9650839586383602,0.007290420588105917,-0.5805011585714186,reference
SIHDR_100,SIHDR_100_e03.jpg,1368,4000000.000000,32,1024,SDR,91,3,100,14.0,0.34115947789575046,0.0019602740666178624,0.9740031341508053,0.005544409621506929,-0.6367642043882906,reference
SIHDR_100,SIHDR_100_e04.jpg,1369,2000000.000000,32,1024,SDR,91,4,100,14.0,0.26455761218480967,0.0014970145497803806,0.9846666819180088,0.0036208145320415497,-0.7231030988327598,reference
SIHDR_100,SIHDR_100_e05.jpg,1370,1000000.000000,32,1024,SDR,91,5,100,14.0,0.21106694074099455,0.0006677228221083455,0.9903930842789166,0.002333455951884389,-0.7806615891821387,reference
SIHDR_100,SIHDR_100_e06.jpg,1371,500000.000000,32,1024,SDR,91,6,100,14.0,0.20986273134353192,2.859626647144949e-05,0.9945023677708639,0.0012734349584206939,-0.7846968289602748,reference
SIHDR_100,SIHDR_100_e07.jpg,1372,250000.000000,32,1024,SDR,91,7,100,14.0,0.09207521317033733,4.289439970717423e-06,0.9963911511713031,0.0006409706547856331,-0.9043245168809072,reference
SIHDR_100,SIHDR_100_e08.jpg,1373,125000.000000,32,1024,SDR,91,8,100,14.0,0.04397033735417277,1.4298133235724744e-06,0.9973419770314788,0.0003217305929865688,-0.9533744993039531,reference
SIHDR_100,SIHDR_100_e09.jpg,1374,66666.666667,32,1024,SDR,91,9,100,14.0,0.029702029142666023,0.0,0.9977666315885798,0.00017176444816868752,-0.9680646024459137,reference
SIHDR_100,SIHDR_100_e10.jpg,1375,33333.333333,32,1024,SDR,91,10,100,14.0,0.019689053335035244,0.0,0.9981469619326501,8.588222408434376e-05,-0.9784579085976148,reference
SIHDR_100,SIHDR_100_e11.jpg,1376,16666.666667,32,1024,SDR,91,11,100,14.0,0.012734775646344036,0.0,0.9986931506222547,4.294111204217188e-05,-0.9859583749759107,reference
SIHDR_100,SIHDR_100_e12.jpg,1377,8000.000000,32,1024,SDR,91,12,100,14.0,0.008155579552313762,0.0,0.9996468361090776,2.0611736545106396e-05,-0.9914912565567638,reference
SIHDR_100,SIHDR_100_e13.jpg,1378,4000.000000,32,1024,SDR,91,13,100,14.0,0.005896078044294001,0.0,0.9999914211200586,1.0305868272553198e-05,-0.9940953430757645,reference
SIHDR_100,SIHDR_100_e14.jpg,1379,2000.000000,32,1024,SDR,91,14,100,14.0,0.004620533298202078,0.0,0.9999971403733529,5.152934136276599e-06,-0.9953766070751507,reference
SIHDR_101,SIHDR_101_e00.jpg,1380,15000000.000000,32,1024,SDR,92,0,100,14.0,0.4605067148860154,0.0003631725841874085,0.7747171829245973,0.009089339524507523,-0.31493681320695677,reference
SIHDR_101,SIHDR_101_e01.jpg,1381,8000000.000000,32,1024,SDR,92,1,100,14.0,0.39244593313404624,0.00019731423865300147,0.9632823938506588,0.004969585221260786,-0.5712310891939185,reference
SIHDR_101,SIHDR_101_e02.jpg,1382,6000000.000000,32,1024,SDR,92,2,100,14.0,0.37187435596117285,0.00015299002562225476,0.972034281204246,0.003770256182178855,-0.6004659052943175,reference
SIHDR_101,SIHDR_101_e03.jpg,1383,4000000.000000,32,1024,SDR,92,3,100,14.0,0.31589299319284975,8.721861273792094e-05,0.9806617747986823,0.0025516424793750048,-0.6649432188313085,reference
SIHDR_101,SIHDR_101_e04.jpg,1384,2000000.000000,32,1024,SDR,92,4,100,14.0,0.24483842814103451,3.0026079795021963e-05,0.9911809114202049,0.001301983487792313,-0.7464025354387605,reference
SIHDR_101,SIHDR_101_e05.jpg,1385,1000000.000000,32,1024,SDR,92,5,100,14.0,0.19257409280716467,1.0008693265007321e-05,0.9966227809297218,0.000658468168694526,-0.8040687055090872,reference
SIHDR_101,SIHDR_101_e06.jpg,1386,500000.000000,32,1024,SDR,92,6,100,14.0,0.1905856193058633,0.0,0.9986473965959004,0.0003314712375868112,-0.8080617772900371,reference
SIHDR_101,SIHDR_101_e07.jpg,1387,250000.000000,32,1024,SDR,92,7,100,14.0,0.05809111723058671,0.0,0.9994023380307467,0.0001657356187934056,-0.94131122080016,reference
SIHDR_101,SIHDR_101_e08.jpg,1388,125000.000000,32,1024,SDR,92,8,100,14.0,0.031838381495111916,0.0,0.9996911603221084,8.28678093967028e-05,-0.9678527788269965,reference
SIHDR_101,SIHDR_101_e09.jpg,1389,66666.666667,32,1024,SDR,92,9,100,14.0,0.01851997759750499,0.0,0.9998341416544656,4.4196174712851644e-05,-0.9813141640569606,reference
SIHDR_101,SIHDR_101_e10.jpg,1390,33333.333333,32,1024,SDR,92,10,100,14.0,0.00879924422777839,0.0,0.9999385180270863,2.2098087356425822e-05,-0.991139273799308,reference
SIHDR_101,SIHDR_101_e11.jpg,1391,16666.666667,32,1024,SDR,92,11,100,14.0,0.0038282143626222048,0.0,0.9999771229868228,1.1049043678212911e-05,-0.9961489086242007,reference
SIHDR_101,SIHDR_101_e12.jpg,1392,8000.000000,32,1024,SDR,92,12,100,14.0,0.0016984925741084422,0.0,0.9999957105600292,5.303539637679933e-06,-0.9982972179859207,reference
SIHDR_101,SIHDR_101_e13.jpg,1393,4000.000000,32,1024,SDR,92,13,100,14.0,0.0008788082183584854,0.0,1.0,2.6517698188399663e-06,-0.9991211917816415,reference
SIHDR_101,SIHDR_101_e14.jpg,1394,2000.000000,32,1024,SDR,92,14,100,14.0,0.0004763666927545939,0.0,1.0,1.3258849094199832e-06,-0.9995236333072454,reference
SIHDR_103,SIHDR_103_e00.jpg,1395,15000000.000000,32,1024,SDR,93,0,100,14.0,0.5637466059907698,0.017788307558565152,0.5786526011163983,0.03114660456776619,-0.050482610242758796,reference
SIHDR_103,SIHDR_103_e01.jpg,1396,8000000.000000,32,1024,SDR,93,1,100,14.0,0.4942196285219136,0.01395497803806735,0.8465981881405563,0.023922152817249298,-0.38028851569477745,reference
SIHDR_103,SIHDR_103_e02.jpg,1397,6000000.000000,32,1024,SDR,93,2,100,14.0,0.4724066702097161,0.011581487920937043,0.8993482910871157,0.0210846159607172,-0.45010459671927366,reference
SIHDR_103,SIHDR_103_e03.jpg,1398,4000000.000000,32,1024,SDR,93,3,100,14.0,0.42691123104086914,0.008923464952415812,0.9415349331991215,0.01739124022424221,-0.532470632063084,reference
SIHDR_103,SIHDR_103_e04.jpg,1399,2000000.000000,32,1024,SDR,93,4,100,14.0,0.34681994331229743,0.005354650896778917,0.9710848851573939,0.012021465227007866,-0.6349742436386543,reference
SIHDR_103,SIHDR_103_e05.jpg,1400,1000000.000000,32,1024,SDR,93,5,100,14.0,0.30088378573803093,0.003032634059297218,0.977154442715959,0.00802998524159193,-0.6823359250965224,reference
SIHDR_103,SIHDR_103_e06.jpg,1401,500000.000000,32,1024,SDR,93,6,100,14.0,0.25880400324191627,0.0011324121522693997,0.9793720831808199,0.004855722654610872,-0.7228329042434425,reference
SIHDR_103,SIHDR_103_e07.jpg,1402,250000.000000,32,1024,SDR,93,7,100,14.0,0.1785607443651641,0.0006019514092240118,0.9809334393301611,0.002825414529070258,-0.803576597783445,reference
SIHDR_103,SIHDR_103_e08.jpg,1403,125000.000000,32,1024,SDR,93,8,100,14.0,0.09761370668108027,0.000334576317715959,0.9833469642203514,0.0016412785043939948,-0.886402410174703,reference
SIHDR_103,SIHDR_103_e09.jpg,1404,66666.666667,32,1024,SDR,93,9,100,14.0,0.06102947456800639,9.865711932650073e-05,0.9877164737371888,0.0009662642260082066,-0.9268843134078355,reference
SIHDR_103,SIHDR_103_e10.jpg,1405,33333.333333,32,1024,SDR,93,10,100,14.0,0.043011720516933555,8.578879941434847e-06,0.992354788158858,0.0005021007382310927,-0.9493602254018073,reference
SIHDR_103,SIHDR_103_e11.jpg,1406,16666.666667,32,1024,SDR,93,11,100,14.0,0.036911396738440294,0.0,0.9952916247254758,0.00025167412240989506,-0.9583802279870355,reference
SIHDR_103,SIHDR_103_e12.jpg,1407,8000.000000,32,1024,SDR,93,12,100,14.0,0.032392824289460755,0.0,0.9980211383601757,0.00012080359738320112,-0.9656283140707149,reference
SIHDR_103,SIHDR_103_e13.jpg,1408,4000.000000,32,1024,SDR,93,13,100,14.0,0.028438290764205412,0.0,0.9990863492862372,6.040179869160056e-05,-0.9706480585220317,reference
SIHDR_103,SIHDR_103_e14.jpg,1409,2000.000000,32,1024,SDR,93,14,100,14.0,0.021844962396836292,0.0,0.9994809777635432,3.020089934580028e-05,-0.9776360153667069,reference
SIHDR_104,SIHDR_104_e00.jpg,1410,15000000.000000,32,1024,SDR,94,0,100,14.0,0.5385962524859718,0.0024850155563689606,0.7384714151720352,0.011545375920832157,-0.2048451937988014,reference
SIHDR_104,SIHDR_104_e01.jpg,1411,8000000.000000,32,1024,SDR,94,1,100,14.0,0.46849394172143394,0.001955984626647145,0.9026154145314788,0.007169835735112429,-0.4380334420633391,reference
SIHDR_104,SIHDR_104_e02.jpg,1412,6000000.000000,32,1024,SDR,94,2,100,14.0,0.42922796043037487,0.00168146046852123,0.9524615666178624,0.005827003158628941,-0.52659652712453,reference
SIHDR_104,SIHDR_104_e03.jpg,1413,4000000.000000,32,1024,SDR,94,3,100,14.0,0.38743055541656995,0.0013440245241581258,0.9813766814604685,0.004382497631013393,-0.5966341750922148,reference
SIHDR_104,SIHDR_104_e04.jpg,1414,2000000.000000,32,1024,SDR,94,4,100,14.0,0.3360453109266029,0.0008321513543191801,0.9919215547218155,0.002711207140237093,-0.6575405465038511,reference
SIHDR_104,SIHDR_104_e05.jpg,1415,1000000.000000,32,1024,SDR,94,5,100,14.0,0.26678289934570476,0.0005619166361639825,0.9950628545937042,0.001693519065156579,-0.7294037885203275,reference
SIHDR_104,SIHDR_104_e06.jpg,1416,500000.000000,32,1024,SDR,94,6,100,14.0,0.1980620151220962,0.0003217079978038067,0.9964712207174231,0.0010512706357985735,-0.7990526215909345,reference
SIHDR_104,SIHDR_104_e07.jpg,1417,250000.000000,32,1024,SDR,94,7,100,14.0,0.11628355167579507,0.00018158629209370425,0.9971618205527086,0.0006420988938771188,-0.881241441461101,reference
SIHDR_104,SIHDR_104_e08.jpg,1418,125000.000000,32,1024,SDR,94,8,100,14.0,0.0381707161888419,8.292917276720352e-05,0.9976908514824304,0.0003839248965959996,-0.9596859936391229,reference
SIHDR_104,SIHDR_104_e09.jpg,1419,66666.666667,32,1024,SDR,94,9,100,14.0,0.019287128232079353,3.860495973645681e-05,0.9982270314787701,0.0002310192649019882,-0.9790171131661637,reference
SIHDR_104,SIHDR_104_e10.jpg,1420,33333.333333,32,1024,SDR,94,10,100,14.0,0.011837761958120295,7.149066617862372e-06,0.9988118251281113,0.00012454068928491324,-0.9869883613032268,reference
SIHDR_104,SIHDR_104_e11.jpg,1421,16666.666667,32,1024,SDR,94,11,100,14.0,0.00833117736682491,0.0,0.9992450585651538,6.310531171038747e-05,-0.9909138811983289,reference
SIHDR_104,SIHDR_104_e12.jpg,1422,8000.000000,32,1024,SDR,94,12,100,14.0,0.006501694622460373,0.0,0.9995424597364568,3.0290555514511652e-05,-0.9930407651139964,reference
SIHDR_104,SIHDR_104_e13.jpg,1423,4000.000000,32,1024,SDR,94,13,100,14.0,0.005322124482414501,0.0,0.999742633601757,1.5145277757255826e-05,-0.9944205091193424,reference
SIHDR_104,SIHDR_104_e14.jpg,1424,2000.000000,32,1024,SDR,94,14,100,14.0,0.0041033774360352375,0.0,0.9998498696010248,7.572638878627913e-06,-0.9957464921649896,reference
SIHDR_105,SIHDR_105_e00.jpg,1425,15000000.000000,32,1024,SDR,95,0,100,14.0,0.6804519664981771,0.022220728861639824,0.46080023792093705,0.06130567565560341,0.17521027085396035,reference
SIHDR_105,SIHDR_105_e01.jpg,1426,8000000.000000,32,1024,SDR,95,1,100,14.0,0.6207053076493403,0.01449830710102489,0.6854768141471449,0.04083407297730446,-0.09376812069985441,reference
SIHDR_105,SIHDR_105_e02.jpg,1427,6000000.000000,32,1024,SDR,95,2,100,14.0,0.5841744998948989,0.012406490208638361,0.7506777315153733,0.033939313143491745,-0.19131621203775118,reference
SIHDR_105,SIHDR_105_e03.jpg,1428,4000000.000000,32,1024,SDR,95,3,100,14.0,0.5536511177487646,0.009602626281112739,0.8174957677525623,0.02620905078947544,-0.28304990256602314,reference
SIHDR_105,SIHDR_105_e04.jpg,1429,2000000.000000,32,1024,SDR,95,4,100,14.0,0.47015466340679746,0.006774455527086384,0.8786231469619327,0.016960429027676582,-0.422017394609308,reference
SIHDR_105,SIHDR_105_e05.jpg,1430,1000000.000000,32,1024,SDR,95,5,100,14.0,0.415078965036828,0.00475555911420205,0.9180645474926794,0.01126380730420351,-0.5124967006842556,reference
SIHDR_105,SIHDR_105_e06.jpg,1431,500000.000000,32,1024,SDR,95,6,100,14.0,0.3716063686499666,0.0024435509699853586,0.9464935258052709,0.00735462736338377,-0.579774259095275,reference
SIHDR_105,SIHDR_105_e07.jpg,1432,250000.000000,32,1024,SDR,95,7,100,14.0,0.2985662414674422,0.0008836246339677891,0.9680894262445096,0.004311559721827507,-0.671290434045003,reference
SIHDR_105,SIHDR_105_e08.jpg,1433,125000.000000,32,1024,SDR,95,8,100,14.0,0.21170716908741102,0.00047040858345534406,0.9806231698389458,0.0024603374768048525,-0.7698568179184455,reference
SIHDR_105,SIHDR_105_e09.jpg,1434,66666.666667,32,1024,SDR,95,9,100,14.0,0.15571735635542217,0.000250217331625183,0.9869744006222547,0.0014667415525764227,-0.8317574789300829,reference
SIHDR_105,SIHDR_105_e10.jpg,1435,33333.333333,32,1024,SDR,95,10,100,14.0,0.11199426378111364,0.00017014778550512446,0.991585548590776,0.0008328153053298593,-0.8799315803806725,reference
SIHDR_105,SIHDR_105_e11.jpg,1436,16666.666667,32,1024,SDR,95,11,100,14.0,0.08167331987442314,0.0001344024524158126,0.9938589517752562,0.0004896590253338218,-0.9124544368056646,reference
SIHDR_105,SIHDR_105_e12.jpg,1437,8000.000000,32,1024,SDR,95,12,100,14.0,0.052679840748401485,9.579749267935579e-05,0.9960208295204978,0.00029385817470028996,-0.943532583757455,reference
SIHDR_105,SIHDR_105_e13.jpg,1438,4000.000000,32,1024,SDR,95,13,100,14.0,0.0352037959454963,4.289439970717423e-05,0.9985029854502196,0.00018229206034447998,-0.9633849783041377,reference
SIHDR_105,SIHDR_105_e14.jpg,1439,2000.000000,32,1024,SDR,95,14,100,14.0,0.023570490284270124,0.0,0.9993322771778916,9.503346518613398e-05,-0.9757617868936215,reference
SIHDR_106,SIHDR_106_e00.jpg,1440,15000000.000000,32,1024,SDR,96,0,100,14.0,0.7932752977873606,0.06145480646046852,0.006735850567349926,0.15287484228610992,0.6636298342990736,reference
SIHDR_106,SIHDR_106_e01.jpg,1441,8000000.000000,32,1024,SDR,96,1,100,14.0,0.7515425742459309,0.03323172126647145,0.16952009745607613,0.10227200388908386,0.5155590342569119,reference
SIHDR_106,SIHDR_106_e02.jpg,1442,6000000.000000,32,1024,SDR,96,2,100,14.0,0.7300035569522053,0.023447508693265007,0.33415738241215226,0.08354873210191727,0.34895115715352304,reference
SIHDR_106,SIHDR_106_e03.jpg,1443,4000000.000000,32,1024,SDR,96,3,100,14.0,0.6944627796161086,0.014163730783308931,0.4655972616215227,0.061592526733875275,0.20053805642796796,reference
SIHDR_106,SIHDR_106_e04.jpg,1444,2000000.000000,32,1024,SDR,96,4,100,14.0,0.6248845347145082,0.006644342514641288,0.6451503591691069,0.03539690375328064,-0.03355450948388128,reference
SIHDR_106,SIHDR_106_e05.jpg,1445,1000000.000000,32,1024,SDR,96,5,100,14.0,0.5571970790040698,0.004096415172035139,0.7842726253660323,0.020230786874890327,-0.23526837670603273,reference
SIHDR_106,SIHDR_106_e06.jpg,1446,500000.000000,32,1024,SDR,96,6,100,14.0,0.4784641576604951,0.002233368411420205,0.8664582952049781,0.011590376496315002,-0.3924608743673234,reference
SIHDR_106,SIHDR_106_e07.jpg,1447,250000.000000,32,1024,SDR,96,7,100,14.0,0.41708037423297006,0.0008521687408491948,0.9110670410871157,0.006387641653418541,-0.495691004335844,reference
SIHDR_106,SIHDR_106_e08.jpg,1448,125000.000000,32,1024,SDR,96,8,100,14.0,0.3822310723643067,0.0007120470351390922,0.9485424482979502,0.003577388357371092,-0.5677354700039217,reference
SIHDR_106,SIHDR_106_e09.jpg,1449,66666.666667,32,1024,SDR,96,9,100,14.0,0.30934312293013627,0.0005461886896046852,0.9737886621522694,0.0022007913794368505,-0.6655379166013425,reference
SIHDR_106,SIHDR_106_e10.jpg,1450,33333.333333,32,1024,SDR,96,10,100,14.0,0.22716580301325098,0.00027738378477306004,0.9887445095168375,0.0012964042834937572,-0.7621334740731326,reference
SIHDR_106,SIHDR_106_e11.jpg,1451,16666.666667,32,1024,SDR,96,11,100,14.0,0.15778945647551168,3.0026079795021963e-05,0.9942435715592972,0.0007294707465916872,-0.8365141672433756,reference
SIHDR_106,SIHDR_106_e12.jpg,1452,8000.000000,32,1024,SDR,96,12,100,14.0,0.10699937698835214,0.0,0.9966628157027818,0.0003501459723338485,-0.8896634387144297,reference
SIHDR_106,SIHDR_106_e13.jpg,1453,4000.000000,32,1024,SDR,96,13,100,14.0,0.07189090250481765,0.0,0.9986116512628112,0.00017507298616692424,-0.9267207487579935,reference
SIHDR_106,SIHDR_106_e14.jpg,1454,2000.000000,32,1024,SDR,96,14,100,14.0,0.04210125991992247,0.0,0.9992050237920937,8.753649308346212e-05,-0.9571037638721713,reference
SIHDR_107,SIHDR_107_e00.jpg,1455,15000000.000000,32,1024,SDR,97,0,100,14.0,0.7466874637088613,0.03442704520497804,0.10223880170204978,0.10282832384109497,0.5755945715968555,reference
SIHDR_107,SIHDR_107_e01.jpg,1456,8000000.000000,32,1024,SDR,97,1,100,14.0,0.6935032323922656,0.022839838030746705,0.3090984741032211,0.06746743619441986,0.33872508222755116,reference
SIHDR_107,SIHDR_107_e02.jpg,1457,6000000.000000,32,1024,SDR,97,2,100,14.0,0.6620339167847259,0.019629907119326502,0.5243640190336749,0.055854812264442444,0.098410083512398,reference
SIHDR_107,SIHDR_107_e03.jpg,1458,4000000.000000,32,1024,SDR,97,3,100,14.0,0.6293506055613511,0.015762262079062957,0.6386132526537335,0.043040208518505096,-0.040787171250508236,reference
SIHDR_107,SIHDR_107_e04.jpg,1459,2000000.000000,32,1024,SDR,97,4,100,14.0,0.5596363045895187,0.008387284956076135,0.7370487509150805,0.027092741802334785,-0.19418701623771406,reference
SIHDR_107,SIHDR_107_e05.jpg,1460,1000000.000000,32,1024,SDR,97,5,100,14.0,0.4915025680593204,0.00264086520863836,0.863665869784041,0.01611321233212948,-0.3774450321419973,reference
SIHDR_107,SIHDR_107_e06.jpg,1461,500000.000000,32,1024,SDR,97,6,100,14.0,0.41182011840040283,0.0010537724194729136,0.918858093887262,0.008764970116317272,-0.5091455203258051,reference
SIHDR_107,SIHDR_107_e07.jpg,1462,250000.000000,32,1024,SDR,97,7,100,14.0,0.3908208239868092,0.0005218818631039532,0.9480963465409956,0.004728394560515881,-0.5583192862803943,reference
SIHDR_107,SIHDR_107_e08.jpg,1463,125000.000000,32,1024,SDR,97,8,100,14.0,0.31638756729374107,0.00032456762445095167,0.9700082357247438,0.0025640244130045176,-0.6542698036799046,reference
SIHDR_107,SIHDR_107_e09.jpg,1464,66666.666667,32,1024,SDR,97,9,100,14.0,0.24064954122395446,0.0001844459187408492,0.9793692235541728,0.001483244588598609,-0.7390885741677,reference
SIHDR_107,SIHDR_107_e10.jpg,1465,33333.333333,32,1024,SDR,97,10,100,14.0,0.18449990307248276,0.0,0.9867356217972182,0.0007740537403151393,-0.8022357187247354,reference
SIHDR_107,SIHDR_107_e11.jpg,1466,16666.666667,32,1024,SDR,97,11,100,14.0,0.10873316826036189,0.0,0.9932026674597365,0.00038702687015756965,-0.8844694991993747,reference
SIHDR_107,SIHDR_107_e12.jpg,1467,8000.000000,32,1024,SDR,97,12,100,14.0,0.07531709493654776,0.0,0.9984715295571011,0.00018577292212285101,-0.9231544346205534,reference
SIHDR_107,SIHDR_107_e13.jpg,1468,4000.000000,32,1024,SDR,97,13,100,14.0,0.048804566592968994,0.0,0.9992021641654466,9.288646106142551e-05,-0.9503975975724777,reference
SIHDR_107,SIHDR_107_e14.jpg,1469,2000.000000,32,1024,SDR,97,14,100,14.0,0.031799380703107095,0.0,0.9995510386163983,4.6443230530712754e-05,-0.9677516579132912,reference
SIHDR_108,SIHDR_108_e00.jpg,1470,15000000.000000,32,1024,SDR,98,0,100,14.0,0.719696410582707,0.0006534246888726208,0.3256242564970717,0.03855375200510025,0.39276530470788995,reference
SIHDR_108,SIHDR_108_e01.jpg,1471,8000000.000000,32,1024,SDR,98,1,100,14.0,0.6483406581494474,0.0004146458638360176,0.5931237417642753,0.020794019103050232,0.05438762465750013,reference
SIHDR_108,SIHDR_108_e02.jpg,1472,6000000.000000,32,1024,SDR,98,2,100,14.0,0.6177198376935474,0.0003574533308931186,0.6442109718155198,0.015690162777900696,-0.027206040783758545,reference
SIHDR_108,SIHDR_108_e03.jpg,1473,4000000.000000,32,1024,SDR,98,3,100,14.0,0.5732725384130161,0.00026451546486090774,0.7128076958272328,0.01056225597858429,-0.14006418834393852,reference
SIHDR_108,SIHDR_108_e04.jpg,1474,2000000.000000,32,1024,SDR,98,4,100,14.0,0.4877868830855132,0.00016585834553440703,0.8237068768301611,0.0053818244487047195,-0.33625171043571667,reference
SIHDR_108,SIHDR_108_e05.jpg,1475,1000000.000000,32,1024,SDR,98,5,100,14.0,0.43254764665828166,8.435898609077599e-05,0.9528847913616398,0.0027494935784488916,-0.5205058626755397,reference
SIHDR_108,SIHDR_108_e06.jpg,1476,500000.000000,32,1024,SDR,98,6,100,14.0,0.3566172099906066,4.432421303074671e-05,0.9985158537701317,0.0014041903195902705,-0.6419872922055867,reference
SIHDR_108,SIHDR_108_e07.jpg,1477,250000.000000,32,1024,SDR,98,7,100,14.0,0.2950290599179456,2.4306826500732065e-05,0.9991235244326501,0.0007176481885835528,-0.7041430781677059,reference
SIHDR_108,SIHDR_108_e08.jpg,1478,125000.000000,32,1024,SDR,98,8,100,14.0,0.2039215105002151,7.149066617862372e-06,0.9994552411237189,0.0003664178657345474,-0.7955480287567395,reference
SIHDR_108,SIHDR_108_e09.jpg,1479,66666.666667,32,1024,SDR,98,9,100,14.0,0.143333777800519,0.0,0.9996325379758418,0.00019617049838416278,-0.8562987601753228,reference
SIHDR_108,SIHDR_108_e10.jpg,1480,33333.333333,32,1024,SDR,98,10,100,14.0,0.083910133868819,0.0,0.9997740894948756,9.808524919208139e-05,-0.9158639556260566,reference
SIHDR_108,SIHDR_108_e11.jpg,1481,16666.666667,32,1024,SDR,98,11,100,14.0,0.017226072854280777,0.0,0.9998570186676428,4.9042624596040696e-05,-0.982630945813362,reference
SIHDR_108,SIHDR_108_e12.jpg,1482,8000.000000,32,1024,SDR,98,12,100,14.0,0.002332917965160366,0.0,0.9999313689604685,2.354045500396751e-05,-0.9975984509953082,reference
SIHDR_108,SIHDR_108_e13.jpg,1483,4000.000000,32,1024,SDR,98,13,100,14.0,0.0015939377824382847,0.0,0.9999656844802343,1.1770227501983754e-05,-0.9983717466977959,reference
SIHDR_108,SIHDR_108_e14.jpg,1484,2000.000000,32,1024,SDR,98,14,100,14.0,0.0010042276301327434,0.0,0.9999785528001464,5.885113750991877e-06,-0.9989743251700136,reference
SIHDR_109,SIHDR_109_e00.jpg,1485,15000000.000000,32,1024,SDR,99,0,100,14.0,0.6632843018706306,0.00966124862737921,0.4928738103953148,0.049731187522411346,0.15108799422055735,reference
SIHDR_109,SIHDR_109_e01.jpg,1486,8000000.000000,32,1024,SDR,99,1,100,14.0,0.5961698918445691,0.006395554996339678,0.6572208432467057,0.03004518151283264,-0.07384206139481597,reference
SIHDR_109,SIHDR_109_e02.jpg,1487,6000000.000000,32,1024,SDR,99,2,100,14.0,0.5758264950861767,0.005547675695461201,0.7212564627562226,0.024006934836506844,-0.15652531906096834,reference
SIHDR_109,SIHDR_109_e03.jpg,1488,4000000.000000,32,1024,SDR,99,3,100,14.0,0.5167800725803983,0.004759848554172767,0.7910656684663251,0.017692433670163155,-0.2838052929942724,reference
SIHDR_109,SIHDR_109_e04.jpg,1489,2000000.000000,32,1024,SDR,99,4,100,14.0,0.4625793362049276,0.003797584187408492,0.8768558976939971,0.010936437174677849,-0.4218717298638865,reference
SIHDR_109,SIHDR_109_e05.jpg,1490,1000000.000000,32,1024,SDR,99,5,100,14.0,0.37247938408724623,0.0029611433931185944,0.9285465089677891,0.007135928608477116,-0.5619894116667801,reference
SIHDR_109,SIHDR_109_e06.jpg,1491,500000.000000,32,1024,SDR,99,6,100,14.0,0.36919192514023075,0.0021390007320644215,0.9630078696925329,0.004809753969311714,-0.598093946016431,reference
SIHDR_109,SIHDR_109_e07.jpg,1492,250000.000000,32,1024,SDR,99,7,100,14.0,0.288039708597477,0.0010566320461200586,0.9822760340409956,0.0031870328821241856,-0.6963495895357588,reference
SIHDR_109,SIHDR_109_e08.jpg,1493,125000.000000,32,1024,SDR,99,8,100,14.0,0.20835638327123518,0.0,0.9916770566434846,0.0017592638032510877,-0.7833206733722494,reference
SIHDR_109,SIHDR_109_e09.jpg,1494,66666.666667,32,1024,SDR,99,9,100,14.0,0.14593919016653326,0.0,0.9941949579062958,0.0009382741409353912,-0.8482557677397625,reference
SIHDR_109,SIHDR_109_e10.jpg,1495,33333.333333,32,1024,SDR,99,10,100,14.0,0.09702995762144716,0.0,0.995531833363836,0.0004691370704676956,-0.8985018757423888,reference
SIHDR_109,SIHDR_109_e11.jpg,1496,16666.666667,32,1024,SDR,99,11,100,14.0,0.0598059554721296,0.0,0.9964154579978038,0.0002345685352338478,-0.9366095025256742,reference
SIHDR_109,SIHDR_109_e12.jpg,1497,8000.000000,32,1024,SDR,99,12,100,14.0,0.034583991981978264,0.0,0.997327678898243,0.00011259289021836594,-0.9627436869162648,reference
SIHDR_109,SIHDR_109_e13.jpg,1498,4000.000000,32,1024,SDR,99,13,100,14.0,0.01811410295978132,0.0,0.9981569706259151,5.629644510918297e-05,-0.9800428676661338,reference
SIHDR_109,SIHDR_109_e14.jpg,1499,2000.000000,32,1024,SDR,99,14,100,14.0,0.011960473696946425,0.0,0.9994037678440703,2.8148222554591484e-05,-0.9874432941471238,reference
SIHDR_110,SIHDR_110_e00.jpg,1500,15000000.000000,32,1024,SDR,100,0,100,14.0,0.9030723847155847,0.023082906295754026,0.0,0.2382543981075287,0.8569065721240766,reference
SIHDR_110,SIHDR_110_e01.jpg,1501,8000000.000000,32,1024,SDR,100,1,100,14.0,0.842834613445875,0.007852534773060029,0.036922069454612,0.13205283880233765,0.7902074744451429,reference
SIHDR_110,SIHDR_110_e02.jpg,1502,6000000.000000,32,1024,SDR,100,2,100,14.0,0.8114787994577509,0.0056620607613469985,0.08417882961200586,0.10067269951105118,0.7159758483230511,reference
SIHDR_110,SIHDR_110_e03.jpg,1503,4000000.000000,32,1024,SDR,100,3,100,14.0,0.7667201852936961,0.0037203742679355785,0.1605351505307467,0.06859458982944489,0.5987442862270782,reference
SIHDR_110,SIHDR_110_e04.jpg,1504,2000000.000000,32,1024,SDR,100,4,100,14.0,0.6868418245857041,0.0022748329978038067,0.26598531295754024,0.03569916635751724,0.41630684563255627,reference
SIHDR_110,SIHDR_110_e05.jpg,1505,1000000.000000,32,1024,SDR,100,5,100,14.0,0.6083457502406174,0.001594241855783309,0.45503952004026355,0.018786398693919182,0.15011774648878723,reference
SIHDR_110,SIHDR_110_e06.jpg,1506,500000.000000,32,1024,SDR,100,6,100,14.0,0.5321417687734615,0.0011409910322108345,0.7793354799597365,0.010055146180093288,-0.24947569325069663,reference
SIHDR_110,SIHDR_110_e07.jpg,1507,250000.000000,32,1024,SDR,100,7,100,14.0,0.45331374923542783,0.0007863973279648609,0.8821333386713031,0.005492273718118668,-0.43039238409180497,reference
SIHDR_110,SIHDR_110_e08.jpg,1508,125000.000000,32,1024,SDR,100,8,100,14.0,0.3946571871977102,0.00047755765007320646,0.9881025233345534,0.0030584887135773897,-0.5944004514369896,reference
SIHDR_110,SIHDR_110_e09.jpg,1509,66666.666667,32,1024,SDR,100,9,100,14.0,0.33453201650462,0.00020875274524158126,0.9937345580161054,0.0017811473226174712,-0.6596200470019686,reference
SIHDR_110,SIHDR_110_e10.jpg,1510,33333.333333,32,1024,SDR,100,10,100,14.0,0.26694825418338497,5.433290629575403e-05,0.9968000777818448,0.0009414533851668239,-0.7299604894110513,reference
SIHDR_110,SIHDR_110_e11.jpg,1511,16666.666667,32,1024,SDR,100,11,100,14.0,0.18616155548960175,2.7166453147877014e-05,0.9979267706808199,0.00048771771253086627,-0.8118195480975139,reference
SIHDR_110,SIHDR_110_e12.jpg,1512,8000.000000,32,1024,SDR,100,12,100,14.0,0.11762401794664422,1.286831991215227e-05,0.9985759059297218,0.0002438100491417572,-0.8809776246229019,reference
SIHDR_110,SIHDR_110_e13.jpg,1513,4000.000000,32,1024,SDR,100,13,100,14.0,0.043919074132098675,4.289439970717423e-06,0.9989805431002928,0.00012597876775544137,-0.9550700478481355,reference
SIHDR_110,SIHDR_110_e14.jpg,1514,2000.000000,32,1024,SDR,100,14,100,14.0,0.01347518431596374,0.0,0.9992951020314788,6.371003109961748e-05,-0.985819917715515,reference
SIHDR_111,SIHDR_111_e00.jpg,1515,15000000.000000,32,1024,SDR,101,0,100,14.0,0.6252000493853164,0.004079257412152269,0.4288653573389458,0.0262627974152565,0.18817617722206603,reference
SIHDR_111,SIHDR_111_e01.jpg,1516,8000000.000000,32,1024,SDR,101,1,100,14.0,0.5555154305925593,0.0026508739019033673,0.6942401400073206,0.015452037565410137,-0.1440264572185681,reference
SIHDR_111,SIHDR_111_e02.jpg,1517,6000000.000000,32,1024,SDR,101,2,100,14.0,0.5238739180216104,0.002372060303806735,0.8389515464860908,0.012211253866553307,-0.3198217490720938,reference
SIHDR_111,SIHDR_111_e03.jpg,1518,4000000.000000,32,1024,SDR,101,3,100,14.0,0.47570160992829225,0.0020703696925329427,0.9095900439238653,0.00887669250369072,-0.43802917338063896,reference
SIHDR_111,SIHDR_111_e04.jpg,1519,2000000.000000,32,1024,SDR,101,4,100,14.0,0.39861940957418573,0.0011710171120058565,0.9572543008784773,0.005181037355214357,-0.5609769255283032,reference
SIHDR_111,SIHDR_111_e05.jpg,1520,1000000.000000,32,1024,SDR,101,5,100,14.0,0.3405297425155227,0.000783537701317716,0.9792362509150805,0.0030627334490418434,-0.6402735838021932,reference
SIHDR_111,SIHDR_111_e06.jpg,1521,500000.000000,32,1024,SDR,101,6,100,14.0,0.26925554208490105,0.00045897007686676426,0.9860536008418741,0.0018289427971467376,-0.7177159989107066,reference
SIHDR_111,SIHDR_111_e07.jpg,1522,250000.000000,32,1024,SDR,101,7,100,14.0,0.22478968160619303,0.00026594527818448024,0.9940090821742313,0.0010798677103593946,-0.7697512911244073,reference
SIHDR_111,SIHDR_111_e08.jpg,1523,125000.000000,32,1024,SDR,101,8,100,14.0,0.11500640844436427,0.00013869189238653002,0.996615631863104,0.0006369808106683195,-0.8818866072035128,reference
SIHDR_111,SIHDR_111_e09.jpg,1524,66666.666667,32,1024,SDR,101,9,100,14.0,0.06815795624803604,3.4315519765739386e-05,0.9975464403367497,0.0003785270673688501,-0.9294571151282451,reference
SIHDR_111,SIHDR_111_e10.jpg,1525,33333.333333,32,1024,SDR,101,10,100,14.0,0.03696860353792154,8.578879941434847e-06,0.9981927159590044,0.00019586546113714576,-0.9612412701809657,reference
SIHDR_111,SIHDR_111_e11.jpg,1526,16666.666667,32,1024,SDR,101,11,100,14.0,0.025181172545503547,0.0,0.9989462275805271,0.00010014235158450902,-0.9737650550350235,reference
SIHDR_111,SIHDR_111_e12.jpg,1527,8000.000000,32,1024,SDR,101,12,100,14.0,0.013930449579434559,0.0,0.9993322771778916,4.806833021575585e-05,-0.9854018275984571,reference
SIHDR_111,SIHDR_111_e13.jpg,1528,4000.000000,32,1024,SDR,101,13,100,14.0,0.008352594807517225,0.0,0.9996439764824304,2.4034165107877925e-05,-0.9912913816749132,reference
SIHDR_111,SIHDR_111_e14.jpg,1529,2000.000000,32,1024,SDR,101,14,100,14.0,0.005400429870437468,0.0,0.9997683702415813,1.2017082553938963e-05,-0.9943679403711438,reference
SIHDR_112,SIHDR_112_e00.jpg,1530,15000000.000000,32,1024,SDR,102,0,100,14.0,0.6537139388747739,0.004541087115666179,0.3981729845351391,0.02873782068490982,0.2464587801083024,reference
SIHDR_112,SIHDR_112_e01.jpg,1531,8000000.000000,32,1024,SDR,102,1,100,14.0,0.5804013832719602,0.002938266379941435,0.6438049048316252,0.01698613539338112,-0.06928005431954787,reference
SIHDR_112,SIHDR_112_e02.jpg,1532,6000000.000000,32,1024,SDR,102,2,100,14.0,0.5508167681170847,0.0023034292642752563,0.7705149615666179,0.013384588994085789,-0.2243050519780837,reference
SIHDR_112,SIHDR_112_e03.jpg,1533,4000000.000000,32,1024,SDR,102,3,100,14.0,0.5045916114310257,0.0014326729502196194,0.8765370493228404,0.009518904611468315,-0.37481078379225385,reference
SIHDR_112,SIHDR_112_e04.jpg,1534,2000000.000000,32,1024,SDR,102,4,100,14.0,0.42234538670738037,0.0006205389824304538,0.946783777909956,0.005218863487243652,-0.5256794691674366,reference
SIHDR_112,SIHDR_112_e05.jpg,1535,1000000.000000,32,1024,SDR,102,5,100,14.0,0.36331813562803933,0.00018730554538799415,0.9765696490666179,0.0027755089104175568,-0.6136261245293546,reference
SIHDR_112,SIHDR_112_e06.jpg,1536,500000.000000,32,1024,SDR,102,6,100,14.0,0.2948660950539351,7.29204795021962e-05,0.9888188598096632,0.001444623339921236,-0.6940986057147325,reference
SIHDR_112,SIHDR_112_e07.jpg,1537,250000.000000,32,1024,SDR,102,7,100,14.0,0.23706355356492892,1.0008693265007321e-05,0.993518656204246,0.0007351076346822083,-0.756475120025847,reference
SIHDR_112,SIHDR_112_e08.jpg,1538,125000.000000,32,1024,SDR,102,8,100,14.0,0.1464029176450329,2.859626647144949e-06,0.9960565748535871,0.0003700309607665986,-0.8496593764618485,reference
SIHDR_112,SIHDR_112_e09.jpg,1539,66666.666667,32,1024,SDR,102,9,100,14.0,0.07898598806009903,0.0,0.9974906776171303,0.00019758232519961894,-0.9185046895570312,reference
SIHDR_112,SIHDR_112_e10.jpg,1540,33333.333333,32,1024,SDR,102,10,100,14.0,0.04456426538246014,0.0,0.9988718772877013,9.879116259980947e-05,-0.9543076119052412,reference
SIHDR_112,SIHDR_112_e11.jpg,1541,16666.666667,32,1024,SDR,102,11,100,14.0,0.023150743224065864,0.0,0.9995424597364568,4.9395581299904734e-05,-0.976391716512391,reference
SIHDR_112,SIHDR_112_e12.jpg,1542,8000.000000,32,1024,SDR,102,12,100,14.0,0.012989542902345953,0.0,0.9998570186676428,2.3709890228928998e-05,-0.9868674757652968,reference
SIHDR_112,SIHDR_112_e13.jpg,1543,4000.000000,32,1024,SDR,102,13,100,14.0,0.008408089375172826,0.0,0.9999671142935578,1.1854945114464499e-05,-0.991559024918385,reference
SIHDR_112,SIHDR_112_e14.jpg,1544,2000.000000,32,1024,SDR,102,14,100,14.0,0.005351629506286762,0.0,0.9999928509333821,5.9274725572322495e-06,-0.9946412214270953,reference
SIHDR_113,SIHDR_113_e00.jpg,1545,15000000.000000,32,1024,SDR,103,0,100,14.0,0.7291438248604049,0.011940371065153733,0.37925655426427524,0.052872173488140106,0.3260065284658222,reference
SIHDR_113,SIHDR_113_e01.jpg,1546,8000000.000000,32,1024,SDR,103,1,100,14.0,0.6619734196324988,0.0066500617679355785,0.576329154465593,0.032285116612911224,0.07234414163103464,reference
SIHDR_113,SIHDR_113_e02.jpg,1547,6000000.000000,32,1024,SDR,103,2,100,14.0,0.6335109571095836,0.004257984077598829,0.6401788982430454,0.02554481290280819,-0.015183909288659425,reference
SIHDR_113,SIHDR_113_e03.jpg,1548,4000000.000000,32,1024,SDR,103,3,100,14.0,0.5878516444438829,0.0017472318814055637,0.7115880650622255,0.01778978481888771,-0.1272308843811537,reference
SIHDR_113,SIHDR_113_e04.jpg,1549,2000000.000000,32,1024,SDR,103,4,100,14.0,0.5116710411982832,0.001058061859443631,0.8504701226207906,0.009556450881063938,-0.3409152051413946,reference
SIHDR_113,SIHDR_113_e05.jpg,1550,1000000.000000,32,1024,SDR,103,5,100,14.0,0.4373620266911142,0.0005161626098096633,0.9386052456991215,0.005130491219460964,-0.5022755442276267,reference
SIHDR_113,SIHDR_113_e06.jpg,1551,500000.000000,32,1024,SDR,103,6,100,14.0,0.38009133904975917,0.00026451546486090774,0.9719184663250366,0.0027406138833612204,-0.5923561582049993,reference
SIHDR_113,SIHDR_113_e07.jpg,1552,250000.000000,32,1024,SDR,103,7,100,14.0,0.3084535070635095,0.00017157759882869693,0.9809620355966325,0.0014728150563314557,-0.6728516837307804,reference
SIHDR_113,SIHDR_113_e08.jpg,1553,125000.000000,32,1024,SDR,103,8,100,14.0,0.2268530690701087,9.579749267935579e-05,0.9899155266288433,0.0007997576612979174,-0.7632540525440933,reference
SIHDR_113,SIHDR_113_e09.jpg,1554,66666.666667,32,1024,SDR,103,9,100,14.0,0.16294887067270333,5.2903092972181553e-05,0.9949227328879942,0.00045743348891846836,-0.8320796684012352,reference
SIHDR_113,SIHDR_113_e10.jpg,1555,33333.333333,32,1024,SDR,103,10,100,14.0,0.09470753135536876,3.860495973645681e-05,0.998481538250366,0.0002508990000933409,-0.9038512168144701,reference
SIHDR_113,SIHDR_113_e11.jpg,1556,16666.666667,32,1024,SDR,103,11,100,14.0,0.0470185699802175,1.4298133235724744e-05,0.9991535505124451,0.0001379675668431446,-0.9521635767986991,reference
SIHDR_113,SIHDR_113_e12.jpg,1557,8000.000000,32,1024,SDR,103,12,100,14.0,0.030632636617586737,4.289439970717423e-06,0.9996010820827232,7.134029874578118e-05,-0.9689770243450779,reference
SIHDR_113,SIHDR_113_e13.jpg,1558,4000.000000,32,1024,SDR,103,13,100,14.0,0.01837530429155329,0.0,0.9997698000549048,3.609057603171095e-05,-0.9813944957633515,reference
SIHDR_113,SIHDR_113_e14.jpg,1559,2000.000000,32,1024,SDR,103,14,100,14.0,0.01080337837546187,0.0,0.9998541590409956,1.8045288015855476e-05,-0.9890507806655338,reference
SIHDR_114,SIHDR_114_e00.jpg,1560,15000000.000000,32,1024,SDR,104,0,100,14.0,0.7582965752005927,0.0180456739568082,0.06456893987920936,0.07846767455339432,0.657636287407767,reference
SIHDR_114,SIHDR_114_e01.jpg,1561,8000000.000000,32,1024,SDR,104,1,100,14.0,0.6940721401315831,0.012179149890190337,0.22601345168374817,0.04871094226837158,0.4437003886674543,reference
SIHDR_114,SIHDR_114_e02.jpg,1562,6000000.000000,32,1024,SDR,104,2,100,14.0,0.6602513621049625,0.010330401262811128,0.3219753728953148,0.03923694044351578,0.3176151866840254,reference
SIHDR_114,SIHDR_114_e03.jpg,1563,4000000.000000,32,1024,SDR,104,3,100,14.0,0.6184722204077205,0.009302365483162519,0.48612366169472915,0.02940661646425724,0.1137438277466663,reference
SIHDR_114,SIHDR_114_e04.jpg,1564,2000000.000000,32,1024,SDR,104,4,100,14.0,0.5412592652827671,0.005912278092972181,0.7773737760797951,0.01850065030157566,-0.2479390669829723,reference
SIHDR_114,SIHDR_114_e05.jpg,1565,1000000.000000,32,1024,SDR,104,5,100,14.0,0.466586123603395,0.003164176885065886,0.9125426084370425,0.011311138980090618,-0.4522848386037792,reference
SIHDR_114,SIHDR_114_e06.jpg,1566,500000.000000,32,1024,SDR,104,6,100,14.0,0.3874515458350274,0.0013225773243045389,0.9583795639641288,0.006721267011016607,-0.5735731727777105,reference
SIHDR_114,SIHDR_114_e07.jpg,1567,250000.000000,32,1024,SDR,104,7,100,14.0,0.33373368761865724,0.0008264321010248902,0.975398631954612,0.0038477631751447916,-0.6433178085380045,reference
SIHDR_114,SIHDR_114_e08.jpg,1568,125000.000000,32,1024,SDR,104,8,100,14.0,0.2769488441428943,0.0006162495424597364,0.9837373032576867,0.0022709097247570753,-0.7080209581997119,reference
SIHDR_114,SIHDR_114_e09.jpg,1569,66666.666667,32,1024,SDR,104,9,100,14.0,0.2174618858525754,0.00043609306368960467,0.9894079428989752,0.0014524656580761075,-0.772818243173779,reference
SIHDR_114,SIHDR_114_e10.jpg,1570,33333.333333,32,1024,SDR,104,10,100,14.0,0.12387946577558205,0.0,0.9913024455527086,0.0008480935357511044,-0.8674229797771266,reference
SIHDR_114,SIHDR_114_e11.jpg,1571,16666.666667,32,1024,SDR,104,11,100,14.0,0.07118721124101964,0.0,0.9951543626464129,0.0004240467678755522,-0.9239671514053932,reference
SIHDR_114,SIHDR_114_e12.jpg,1572,8000.000000,32,1024,SDR,104,12,100,14.0,0.043428195819521086,0.0,0.9974291956442167,0.00020354246953502297,-0.9540009998246957,reference
SIHDR_114,SIHDR_114_e13.jpg,1573,4000.000000,32,1024,SDR,104,13,100,14.0,0.02954799140557839,0.0,0.9989576660871157,0.00010177123476751149,-0.9694096746815373,reference
SIHDR_114,SIHDR_114_e14.jpg,1574,2000.000000,32,1024,SDR,104,14,100,14.0,0.020129557324568028,0.0,0.9992550672584187,5.0885617383755744e-05,-0.9791255099338507,reference
SIHDR_115,SIHDR_115_e00.jpg,1575,15000000.000000,32,1024,SDR,105,0,100,14.0,0.733896564231097,0.014053635157393852,0.1995619051976574,0.059419337660074234,0.5062273887186519,reference
SIHDR_115,SIHDR_115_e01.jpg,1576,8000000.000000,32,1024,SDR,105,1,100,14.0,0.6668126788727259,0.008763325860175695,0.39204337481698387,0.03680790960788727,0.2572426523353906,reference
SIHDR_115,SIHDR_115_e02.jpg,1577,6000000.000000,32,1024,SDR,105,2,100,14.0,0.6352994389462538,0.007609466508052709,0.46676255948023426,0.02962852269411087,0.15331794644991414,reference
SIHDR_115,SIHDR_115_e03.jpg,1578,4000000.000000,32,1024,SDR,105,3,100,14.0,0.5899136353035787,0.006103873078330893,0.6377110404465594,0.021995391696691513,-0.060005151299642456,reference
SIHDR_115,SIHDR_115_e04.jpg,1579,2000000.000000,32,1024,SDR,105,4,100,14.0,0.5130785178075534,0.004209370424597365,0.8602343178074671,0.013462944887578487,-0.35557454084910833,reference
SIHDR_115,SIHDR_115_e05.jpg,1580,1000000.000000,32,1024,SDR,105,5,100,14.0,0.4380180149979112,0.0028110129941434844,0.9424614522327965,0.00845553632825613,-0.5100654632231723,reference
SIHDR_115,SIHDR_115_e06.jpg,1581,500000.000000,32,1024,SDR,105,6,100,14.0,0.3796047538733694,0.0012768232979502197,0.9678120424597365,0.005167903378605843,-0.5907609351822676,reference
SIHDR_115,SIHDR_115_e07.jpg,1582,250000.000000,32,1024,SDR,105,7,100,14.0,0.3137639912016102,0.00027166453147877014,0.9794106881405563,0.002845743205398321,-0.6661900260019037,reference
SIHDR_115,SIHDR_115_e08.jpg,1583,125000.000000,32,1024,SDR,105,8,100,14.0,0.24921119120889665,0.0,0.987629255124451,0.0014753711875528097,-0.7384180639155543,reference
SIHDR_115,SIHDR_115_e09.jpg,1584,66666.666667,32,1024,SDR,105,9,100,14.0,0.16633175447215004,0.0,0.9920259310944363,0.000786864897236228,-0.8256941766222863,reference
SIHDR_115,SIHDR_115_e10.jpg,1585,33333.333333,32,1024,SDR,105,10,100,14.0,0.0896557602171333,0.0,0.9945323938506588,0.000393432448618114,-0.9048766336335256,reference
SIHDR_115,SIHDR_115_e11.jpg,1586,16666.666667,32,1024,SDR,105,11,100,14.0,0.05416219464635431,0.0,0.9961266357064422,0.000196716224309057,-0.9419644410600879,reference
SIHDR_115,SIHDR_115_e12.jpg,1587,8000.000000,32,1024,SDR,105,12,100,14.0,0.035728009690763785,0.0,0.9978038067349927,9.442379086976871e-05,-0.9620757970442289,reference
SIHDR_115,SIHDR_115_e13.jpg,1588,4000.000000,32,1024,SDR,105,13,100,14.0,0.02344305632817695,0.0,0.9992665057650073,4.7211895434884354e-05,-0.9758234494368303,reference
SIHDR_115,SIHDR_115_e14.jpg,1589,2000.000000,32,1024,SDR,105,14,100,14.0,0.01496362785770819,0.0,0.999822703147877,2.3605947717442177e-05,-0.9848590752901688,reference
SIHDR_116,SIHDR_116_e00.jpg,1590,15000000.000000,32,1024,SDR,106,0,100,14.0,0.6353287170519273,0.01586234901171303,0.037263794838945825,0.054297804832458496,0.5663402241895554,reference
SIHDR_116,SIHDR_116_e01.jpg,1591,8000000.000000,32,1024,SDR,106,1,100,14.0,0.5698609408662402,0.010080183931185944,0.29969745150073207,0.03441660478711128,0.25000312150313625,reference
SIHDR_116,SIHDR_116_e02.jpg,1592,6000000.000000,32,1024,SDR,106,2,100,14.0,0.5402878496850546,0.009308084736456808,0.49746637079062955,0.028210479766130447,0.02420530942151139,reference
SIHDR_116,SIHDR_116_e03.jpg,1593,4000000.000000,32,1024,SDR,106,3,100,14.0,0.49283098890149374,0.008470214128843339,0.7325176724926794,0.021756576374173164,-0.2566271118488723,reference
SIHDR_116,SIHDR_116_e04.jpg,1594,2000000.000000,32,1024,SDR,106,4,100,14.0,0.4179511207876255,0.0071118914714494875,0.9198017706808199,0.014723464846611023,-0.5160744328360934,reference
SIHDR_116,SIHDR_116_e05.jpg,1595,1000000.000000,32,1024,SDR,106,5,100,14.0,0.3575950111443946,0.005017214952415813,0.9615065657027818,0.010293024592101574,-0.6139459844632188,reference
SIHDR_116,SIHDR_116_e06.jpg,1596,500000.000000,32,1024,SDR,106,6,100,14.0,0.27278949375383915,0.003139870058565154,0.9722802090959004,0.0071150315925478935,-0.7057704554591915,reference
SIHDR_116,SIHDR_116_e07.jpg,1597,250000.000000,32,1024,SDR,106,7,100,14.0,0.23994099180918863,0.001754380948023426,0.9790661031295754,0.004694074857980013,-0.7426338732164337,reference
SIHDR_116,SIHDR_116_e08.jpg,1598,125000.000000,32,1024,SDR,106,8,100,14.0,0.22465031093424917,0.0,0.9871559869143485,0.0028025414794683456,-0.7625056759800993,reference
SIHDR_116,SIHDR_116_e09.jpg,1599,66666.666667,32,1024,SDR,106,9,100,14.0,0.13270488921288917,0.0,0.9904845923316252,0.0014946887968108058,-0.8577797031187361,reference
SIHDR_116,SIHDR_116_e10.jpg,1600,33333.333333,32,1024,SDR,106,10,100,14.0,0.06738182362016006,0.0,0.9919959050146413,0.0007473443984054029,-0.9246140813944812,reference
SIHDR_116,SIHDR_116_e11.jpg,1601,16666.666667,32,1024,SDR,106,11,100,14.0,0.04841279302292654,0.0,0.9935472524707174,0.00037367219920270145,-0.9451344594477908,reference
SIHDR_116,SIHDR_116_e12.jpg,1602,8000.000000,32,1024,SDR,106,12,100,14.0,0.0362647986145376,0.0,0.9956304904831625,0.0001793626433936879,-0.959365691868625,reference
SIHDR_116,SIHDR_116_e13.jpg,1603,4000.000000,32,1024,SDR,106,13,100,14.0,0.02784891331672264,0.0,0.9974206167642753,8.968132169684395e-05,-0.9695717034475526,reference
SIHDR_116,SIHDR_116_e14.jpg,1604,2000.000000,32,1024,SDR,106,14,100,14.0,0.017865023710368126,0.0,0.9986359580893118,4.4840660848421976e-05,-0.9807709343789437,reference
SIHDR_117,SIHDR_117_e00.jpg,1605,15000000.000000,32,1024,SDR,107,0,100,14.0,0.7658868920034244,0.005391826043191801,0.1897347982247438,0.05393486097455025,0.5653684416922969,reference
SIHDR_117,SIHDR_117_e01.jpg,1606,8000000.000000,32,1024,SDR,107,1,100,14.0,0.6910437334354738,0.002483585743045388,0.38579652040629575,0.030413199216127396,0.3002800415430872,reference
SIHDR_117,SIHDR_117_e02.jpg,1607,6000000.000000,32,1024,SDR,107,2,100,14.0,0.663017545118331,0.0018158629209370425,0.4834098760065886,0.023323586210608482,0.17597594326986832,reference
SIHDR_117,SIHDR_117_e03.jpg,1608,4000000.000000,32,1024,SDR,107,3,100,14.0,0.6145187608431155,0.001419804630307467,0.6179252836749634,0.01607549749314785,-0.0062461320924627195,reference
SIHDR_117,SIHDR_117_e04.jpg,1609,2000000.000000,32,1024,SDR,107,4,100,14.0,0.5279656346350913,0.0009336681002928258,0.8224600796120058,0.008593106642365456,-0.2963617811775002,reference
SIHDR_117,SIHDR_117_e05.jpg,1610,1000000.000000,32,1024,SDR,107,5,100,14.0,0.4591490744478359,0.0005519079428989751,0.9419567281295754,0.004637228325009346,-0.48391146956753744,reference
SIHDR_117,SIHDR_117_e06.jpg,1611,500000.000000,32,1024,SDR,107,6,100,14.0,0.38289284082379166,0.00037604090409956074,0.9787972982247438,0.0025416756980121136,-0.5966565392091513,reference
SIHDR_117,SIHDR_117_e07.jpg,1612,250000.000000,32,1024,SDR,107,7,100,14.0,0.3154075257267116,0.00021876143850658859,0.9908749313689604,0.0014177688863128424,-0.675904928519262,reference
SIHDR_117,SIHDR_117_e08.jpg,1613,125000.000000,32,1024,SDR,107,8,100,14.0,0.24496330049916346,0.0,0.995829234535139,0.000759364222176373,-0.7508659340359756,reference
SIHDR_117,SIHDR_117_e09.jpg,1614,66666.666667,32,1024,SDR,107,9,100,14.0,0.16974891414056445,0.0,0.9980511644399708,0.0004049943236168474,-0.8283022502994063,reference
SIHDR_117,SIHDR_117_e10.jpg,1615,33333.333333,32,1024,SDR,107,10,100,14.0,0.09407877811714323,0.0,0.998758922035139,0.0002024971618084237,-0.9046801439179958,reference
SIHDR_117,SIHDR_117_e11.jpg,1616,16666.666667,32,1024,SDR,107,11,100,14.0,0.03946289435715463,0.0,0.9992121728587116,0.00010124858090421185,-0.9597492785015569,reference
SIHDR_117,SIHDR_117_e12.jpg,1617,8000.000000,32,1024,SDR,107,12,100,14.0,0.018897065232126316,0.0,0.999518152909956,4.859932596446015e-05,-0.9806210876778297,reference
SIHDR_117,SIHDR_117_e13.jpg,1618,4000.000000,32,1024,SDR,107,13,100,14.0,0.00999466445642712,0.0,0.9996611342423133,2.4299662982230075e-05,-0.9896664697858861,reference
SIHDR_117,SIHDR_117_e14.jpg,1619,2000.000000,32,1024,SDR,107,14,100,14.0,0.004963278350666117,0.0,0.9998470099743777,1.2149831491115037e-05,-0.9948837316237116,reference
SIHDR_118,SIHDR_118_e00.jpg,1620,15000000.000000,32,1024,SDR,108,0,100,14.0,0.551485741212807,0.0026637422218155197,0.5602766402818448,0.017999010160565376,-0.014118383512668808,reference
SIHDR_118,SIHDR_118_e01.jpg,1621,8000000.000000,32,1024,SDR,108,1,100,14.0,0.477663624293601,0.0019645635065885796,0.8382023243045388,0.01062378566712141,-0.36446782702411495,reference
SIHDR_118,SIHDR_118_e02.jpg,1622,6000000.000000,32,1024,SDR,108,2,100,14.0,0.45082611084747093,0.0018130032942898975,0.9165360770497804,0.008435569703578949,-0.46933597279088923,reference
SIHDR_118,SIHDR_118_e03.jpg,1623,4000000.000000,32,1024,SDR,108,3,100,14.0,0.39770056951832394,0.001651434388726208,0.9566480600292826,0.006196245551109314,-0.562250359288411,reference
SIHDR_118,SIHDR_118_e04.jpg,1624,2000000.000000,32,1024,SDR,108,4,100,14.0,0.3244883955771629,0.0014712779099560762,0.9770915309297218,0.0038683167658746243,-0.6555456911724711,reference
SIHDR_118,SIHDR_118_e05.jpg,1625,1000000.000000,32,1024,SDR,108,5,100,14.0,0.2511985787989882,0.0012925512445095169,0.9878565954428989,0.002618499333038926,-0.7392431191329297,reference
SIHDR_118,SIHDR_118_e06.jpg,1626,500000.000000,32,1024,SDR,108,6,100,14.0,0.22955496225053218,0.0009336681002928258,0.9933284910322109,0.0018694218015298247,-0.7656408649822644,reference
SIHDR_118,SIHDR_118_e07.jpg,1627,250000.000000,32,1024,SDR,108,7,100,14.0,0.1635457095998548,0.00044324213030746707,0.9961766791727672,0.0012344496790319681,-0.8335174538335274,reference
SIHDR_118,SIHDR_118_e08.jpg,1628,125000.000000,32,1024,SDR,108,8,100,14.0,0.06930983582621146,0.0002745241581259151,0.9976508167093704,0.0007891226559877396,-0.9288900291994108,reference
SIHDR_118,SIHDR_118_e09.jpg,1629,66666.666667,32,1024,SDR,108,9,100,14.0,0.04089751505751526,0.00014298133235724744,0.9981569706259151,0.0005105185555294156,-0.9575454182331143,reference
SIHDR_118,SIHDR_118_e10.jpg,1630,33333.333333,32,1024,SDR,108,10,100,14.0,0.02511996262970725,7.149066617862372e-05,0.9984086177708639,0.000301814783597365,-0.9734316364735138,reference
SIHDR_118,SIHDR_118_e11.jpg,1631,16666.666667,32,1024,SDR,108,11,100,14.0,0.015341025270123617,3.7175146412884335e-05,0.9985730463030746,0.00017409634892828763,-0.9833063713257768,reference
SIHDR_118,SIHDR_118_e12.jpg,1632,8000.000000,32,1024,SDR,108,12,100,14.0,0.00939307275244267,2.0017386530014642e-05,0.9987889481149341,9.681882511358708e-05,-0.9894359101355514,reference
SIHDR_118,SIHDR_118_e13.jpg,1633,4000.000000,32,1024,SDR,108,13,100,14.0,0.006137072931290535,7.149066617862372e-06,0.9993022510980967,5.51730117877014e-05,-0.9931794763000419,reference
SIHDR_118,SIHDR_118_e14.jpg,1634,2000.000000,32,1024,SDR,108,14,100,14.0,0.004502056872085607,0.0,0.9996168100292826,2.8819333238061517e-05,-0.995114753157197,reference
SIHDR_119,SIHDR_119_e00.jpg,1635,15000000.000000,32,1024,SDR,109,0,100,14.0,0.5804886069605432,0.0045539554355783305,0.5275424940519766,0.01963726617395878,0.043838202037409846,reference
SIHDR_119,SIHDR_119_e01.jpg,1636,8000000.000000,32,1024,SDR,109,1,100,14.0,0.5107067914364297,0.0037546897877013177,0.802082380124451,0.01237206719815731,-0.2988849682634239,reference
SIHDR_119,SIHDR_119_e02.jpg,1637,6000000.000000,32,1024,SDR,109,2,100,14.0,0.4769473191768196,0.0035244898426061494,0.9001518461749634,0.010183698497712612,-0.43025350668335605,reference
SIHDR_119,SIHDR_119_e03.jpg,1638,4000000.000000,32,1024,SDR,109,3,100,14.0,0.4271784811918879,0.003269983071010249,0.9586698160688141,0.007916448637843132,-0.5380313010189467,reference
SIHDR_119,SIHDR_119_e04.jpg,1639,2000000.000000,32,1024,SDR,109,4,100,14.0,0.35911772404284137,0.0024492702232796486,0.9785656684663251,0.00540811475366354,-0.6243464848700431,reference
SIHDR_119,SIHDR_119_e05.jpg,1640,1000000.000000,32,1024,SDR,109,5,100,14.0,0.2879496887531308,0.001993159773060029,0.9874433793923866,0.003766776528209448,-0.7034800101853758,reference
SIHDR_119,SIHDR_119_e06.jpg,1641,500000.000000,32,1024,SDR,109,6,100,14.0,0.2321878636344609,0.0013468841508052708,0.9921288776537335,0.0027240111958235502,-0.7626347823208831,reference
SIHDR_119,SIHDR_119_e07.jpg,1642,250000.000000,32,1024,SDR,109,7,100,14.0,0.1792208970094614,0.0008693265007320644,0.9944122895314788,0.0018721893429756165,-0.8169300455234815,reference
SIHDR_119,SIHDR_119_e08.jpg,1643,125000.000000,32,1024,SDR,109,8,100,14.0,0.07272113788344382,0.0006133899158125916,0.9957377264824304,0.0012915909755975008,-0.9242433684306117,reference
SIHDR_119,SIHDR_119_e09.jpg,1644,66666.666667,32,1024,SDR,109,9,100,14.0,0.04157493670653901,0.0003574533308931186,0.996418317624451,0.0009105081553570926,-0.9555582875796982,reference
SIHDR_119,SIHDR_119_e10.jpg,1645,33333.333333,32,1024,SDR,109,10,100,14.0,0.026519817889060434,0.00011581487920937043,0.996872998261347,0.0005533838411793113,-0.9705848101307053,reference
SIHDR_119,SIHDR_119_e11.jpg,1646,16666.666667,32,1024,SDR,109,11,100,14.0,0.018160094699238016,0.0,0.9977809297218155,0.0002969319757539779,-0.9796208350225775,reference
SIHDR_119,SIHDR_119_e12.jpg,1647,8000.000000,32,1024,SDR,109,12,100,14.0,0.012746588050476756,0.0,0.9981226551061494,0.00014252732216846198,-0.9853760670556726,reference
SIHDR_119,SIHDR_119_e13.jpg,1648,4000.000000,32,1024,SDR,109,13,100,14.0,0.009775746738244785,0.0,0.9989033331808199,7.126366108423099e-05,-0.9891275864425751,reference
SIHDR_119,SIHDR_119_e14.jpg,1649,2000.000000,32,1024,SDR,109,14,100,14.0,0.007930984672557227,0.0,0.9992193219253295,3.5631830542115495e-05,-0.9912883372527722,reference
SIHDR_120,SIHDR_120_e00.jpg,1650,15000000.000000,32,1024,SDR,110,0,100,14.0,0.673621952875199,0.004985759059297218,0.20587024158125916,0.03845890611410141,0.4577801931753454,reference
SIHDR_120,SIHDR_120_e01.jpg,1651,8000000.000000,32,1024,SDR,110,1,100,14.0,0.60425775936073,0.002356332357247438,0.5564576088945827,0.02207847684621811,0.04308748575165244,reference
SIHDR_120,SIHDR_120_e02.jpg,1652,6000000.000000,32,1024,SDR,110,2,100,14.0,0.5656118839962013,0.00181443310761347,0.652481012079063,0.017065810039639473,-0.09049799429808858,reference
SIHDR_120,SIHDR_120_e03.jpg,1653,4000000.000000,32,1024,SDR,110,3,100,14.0,0.5223921935114337,0.001175306551976574,0.7571991100841874,0.011856733821332455,-0.23715752967670678,reference
SIHDR_120,SIHDR_120_e04.jpg,1654,2000000.000000,32,1024,SDR,110,4,100,14.0,0.4480522321961886,0.00047612783674963395,0.91788868045388,0.006300447508692741,-0.4707887039311906,reference
SIHDR_120,SIHDR_120_e05.jpg,1655,1000000.000000,32,1024,SDR,110,5,100,14.0,0.3723692479574019,0.00011867450585651538,0.9700940245241582,0.0032594026997685432,-0.5979621255784693,reference
SIHDR_120,SIHDR_120_e06.jpg,1656,500000.000000,32,1024,SDR,110,6,100,14.0,0.311705832627712,8.292917276720352e-05,0.9836286374450952,0.0016797685530036688,-0.6720886631629176,reference
SIHDR_120,SIHDR_120_e07.jpg,1657,250000.000000,32,1024,SDR,110,7,100,14.0,0.27034516262897385,5.57627196193265e-05,0.9915726802708639,0.0008733815629966557,-0.7213390430811286,reference
SIHDR_120,SIHDR_120_e08.jpg,1658,125000.000000,32,1024,SDR,110,8,100,14.0,0.18942371844248174,4.146458638360176e-05,0.9959178829612005,0.0004605707654263824,-0.806577093691486,reference
SIHDR_120,SIHDR_120_e09.jpg,1659,66666.666667,32,1024,SDR,110,9,100,14.0,0.12141478004291457,2.859626647144949e-05,0.9980340066800878,0.0002613095857668668,-0.8766764191701161,reference
SIHDR_120,SIHDR_120_e10.jpg,1660,33333.333333,32,1024,SDR,110,10,100,14.0,0.052061440378313124,1.8587573206442167e-05,0.9990706213396779,0.00014200579607859254,-0.9470463561077777,reference
SIHDR_120,SIHDR_120_e11.jpg,1661,16666.666667,32,1024,SDR,110,11,100,14.0,0.02923259413234683,1.4298133235724744e-05,0.9996883006954612,7.862083293730393e-05,-0.9704843028295859,reference
SIHDR_120,SIHDR_120_e12.jpg,1662,8000.000000,32,1024,SDR,110,12,100,14.0,0.016859602093911293,8.578879941434847e-06,0.9998913341874085,4.438140240381472e-05,-0.9830488898533801,reference
SIHDR_120,SIHDR_120_e13.jpg,1663,4000.000000,32,1024,SDR,110,13,100,14.0,0.009036391977789457,2.859626647144949e-06,0.9999270795204978,2.472713458701037e-05,-0.9908964067960025,reference
SIHDR_120,SIHDR_120_e14.jpg,1664,2000.000000,32,1024,SDR,110,14,100,14.0,0.004446559544428107,0.0,0.9999470969070278,1.2595425687322859e-05,-0.9955005373625997,reference
SIHDR_121,SIHDR_121_e00.jpg,1665,15000000.000000,32,1024,SDR,111,0,100,14.0,0.6760280388915024,0.002332025530746706,0.17154042368228403,0.03971010819077492,0.499823564147725,reference
SIHDR_121,SIHDR_121_e01.jpg,1666,8000000.000000,32,1024,SDR,111,1,100,14.0,0.6039079783702755,0.001422664256954612,0.5219176084370425,0.022004222497344017,0.07914504141932388,reference
SIHDR_121,SIHDR_121_e02.jpg,1667,6000000.000000,32,1024,SDR,111,2,100,14.0,0.574060719695454,0.0011324121522693997,0.6806268873535871,0.01681470312178135,-0.10883099196267187,reference
SIHDR_121,SIHDR_121_e03.jpg,1668,4000000.000000,32,1024,SDR,111,3,100,14.0,0.5313520268438937,0.0008693265007320644,0.7676052914531479,0.011532935313880444,-0.23799191761071836,reference
SIHDR_121,SIHDR_121_e04.jpg,1669,2000000.000000,32,1024,SDR,111,4,100,14.0,0.4560305771433643,0.000557627196193265,0.881254003477306,0.006105978507548571,-0.4263386807263282,reference
SIHDR_121,SIHDR_121_e05.jpg,1670,1000000.000000,32,1024,SDR,111,5,100,14.0,0.39095795304467745,0.0003746110907759883,0.9560761346998536,0.003278639167547226,-0.5658674038367282,reference
SIHDR_121,SIHDR_121_e06.jpg,1671,500000.000000,32,1024,SDR,111,6,100,14.0,0.31230683500540163,0.0002444980783308931,0.9835986113653001,0.001789069501683116,-0.6717807725165603,reference
SIHDR_121,SIHDR_121_e07.jpg,1672,250000.000000,32,1024,SDR,111,7,100,14.0,0.28096000893716017,0.00016585834553440703,0.9952387216325037,0.000991395441815257,-0.7146104293864124,reference
SIHDR_121,SIHDR_121_e08.jpg,1673,125000.000000,32,1024,SDR,111,8,100,14.0,0.19161522299709496,0.00010580618594436311,0.9980039806002928,0.0005584483151324093,-0.8066003699750866,reference
SIHDR_121,SIHDR_121_e09.jpg,1674,66666.666667,32,1024,SDR,111,9,100,14.0,0.1259260436342223,8.149935944363104e-05,0.9987903779282576,0.00034094322472810745,-0.8730273330129226,reference
SIHDR_121,SIHDR_121_e10.jpg,1675,33333.333333,32,1024,SDR,111,10,100,14.0,0.06206167037502719,6.291178623718887e-05,0.9992421989385066,0.00020489563758019358,-0.9373063521359538,reference
SIHDR_121,SIHDR_121_e11.jpg,1676,16666.666667,32,1024,SDR,111,11,100,14.0,0.032466767066233505,4.146458638360176e-05,0.9994938460834554,0.00012795878865290433,-0.967110008189989,reference
SIHDR_121,SIHDR_121_e12.jpg,1677,8000.000000,32,1024,SDR,111,12,100,14.0,0.011772732466876277,2.859626647144949e-05,0.9996725727489019,7.891980931162834e-05,-0.9879570328149685,reference
SIHDR_121,SIHDR_121_e13.jpg,1678,4000.000000,32,1024,SDR,111,13,100,14.0,0.005131482361727114,1.286831991215227e-05,0.9997912472547584,4.9693142500473186e-05,-0.9946855015328556,reference
SIHDR_121,SIHDR_121_e14.jpg,1679,2000.000000,32,1024,SDR,111,14,100,14.0,0.003142826295002482,0.0,0.9998613081076134,2.7559150112210773e-05,-0.9967184818126109,reference
SIHDR_122,SIHDR_122_e00.jpg,1680,15000000.000000,32,1024,SDR,112,0,100,14.0,0.637322827287817,0.0031270017386530015,0.22094905289165448,0.03217720612883568,0.41011977091885654,reference
SIHDR_122,SIHDR_122_e01.jpg,1681,8000000.000000,32,1024,SDR,112,1,100,14.0,0.5649951690325612,0.0019845808931185944,0.5909375571925329,0.018291041254997253,-0.029911549946208926,reference
SIHDR_122,SIHDR_122_e02.jpg,1682,6000000.000000,32,1024,SDR,112,2,100,14.0,0.5325083962773326,0.0016428555087847731,0.724796680545388,0.014167494140565395,-0.19557399528562502,reference
SIHDR_122,SIHDR_122_e03.jpg,1683,4000000.000000,32,1024,SDR,112,3,100,14.0,0.4852540825955967,0.0012639549780380673,0.833115048499268,0.009918278083205223,-0.35038887585974743,reference
SIHDR_122,SIHDR_122_e04.jpg,1684,2000000.000000,32,1024,SDR,112,4,100,14.0,0.40974052460069527,0.0009093612737920937,0.9249591073389458,0.0054726251401007175,-0.5170373052858348,reference
SIHDR_122,SIHDR_122_e05.jpg,1685,1000000.000000,32,1024,SDR,112,5,100,14.0,0.33465205189525604,0.0007134768484626647,0.9754515350475842,0.0031295171938836575,-0.6422264368492534,reference
SIHDR_122,SIHDR_122_e06.jpg,1686,500000.000000,32,1024,SDR,112,6,100,14.0,0.26826254824516804,0.0005676358894582724,0.9892663913799414,0.0018812757916748524,-0.72213911491369,reference
SIHDR_122,SIHDR_122_e07.jpg,1687,250000.000000,32,1024,SDR,112,7,100,14.0,0.255209359424131,0.0004203651171303075,0.9954002905380673,0.001182521227747202,-0.741031661348197,reference
SIHDR_122,SIHDR_122_e08.jpg,1688,125000.000000,32,1024,SDR,112,8,100,14.0,0.16019276858288972,0.00022734031844802343,0.9972790652452416,0.0007467514369636774,-0.8375409772992479,reference
SIHDR_122,SIHDR_122_e09.jpg,1689,66666.666667,32,1024,SDR,112,9,100,14.0,0.10083635207964724,0.00014441114568081992,0.9982356103587116,0.0004772935644723475,-0.8976880805704259,reference
SIHDR_122,SIHDR_122_e10.jpg,1690,33333.333333,32,1024,SDR,112,10,100,14.0,0.042539466842582974,9.579749267935579e-05,0.9988890350475842,0.0002971227513626218,-0.95654116319036,reference
SIHDR_122,SIHDR_122_e11.jpg,1691,16666.666667,32,1024,SDR,112,11,100,14.0,0.023678481260311742,7.578010614934114e-05,0.9991621293923866,0.00018939009169116616,-0.9756352083443736,reference
SIHDR_122,SIHDR_122_e12.jpg,1692,8000.000000,32,1024,SDR,112,12,100,14.0,0.011016279880094987,5.862234626647145e-05,0.9993365666178624,0.00012482103193178773,-0.9884375314303003,reference
SIHDR_122,SIHDR_122_e13.jpg,1693,4000.000000,32,1024,SDR,112,13,100,14.0,0.0067174048591472245,0.0,0.999478118136896,7.34590066713281e-05,-0.9927607132777488,reference
SIHDR_122,SIHDR_122_e14.jpg,1694,2000.000000,32,1024,SDR,112,14,100,14.0,0.004364438466919745,0.0,0.9996396870424598,3.672950333566405e-05,-0.9952752485755401,reference
SIHDR_123,SIHDR_123_e00.jpg,1695,15000000.000000,32,1024,SDR,113,0,100,14.0,0.4879044474468648,0.6178566526354319,0.0,0.7969534397125244,-0.747808857823999,reference
SIHDR_123,SIHDR_123_e01.jpg,1696,8000000.000000,32,1024,SDR,113,1,100,14.0,0.6735700396660613,0.4205667208089312,0.0,0.6395730972290039,-0.16756340195180108,reference
SIHDR_123,SIHDR_123_e02.jpg,1697,6000000.000000,32,1024,SDR,113,2,100,14.0,0.6906242949214295,0.39407799917642755,0.0,0.581188976764679,-0.09753170343142559,reference
SIHDR_123,SIHDR_123_e03.jpg,1698,4000000.000000,32,1024,SDR,113,3,100,14.0,0.7408551317934068,0.3290186333272328,0.0,0.5070837140083313,0.08281786513894118,reference
SIHDR_123,SIHDR_123_e04.jpg,1699,2000000.000000,32,1024,SDR,113,4,100,14.0,0.8612864401294583,0.15498032576866763,0.0,0.36437737941741943,0.551325788592123,reference
SIHDR_123,SIHDR_123_e05.jpg,1700,1000000.000000,32,1024,SDR,113,5,100,14.0,0.8819538370802203,0.06335359855417276,0.03002464998169839,0.22994832694530487,0.7252219899901764,reference
SIHDR_123,SIHDR_123_e06.jpg,1701,500000.000000,32,1024,SDR,113,6,100,14.0,0.8437883510109819,0.02113264092240117,0.14853329749267935,0.1307264268398285,0.6529897716735003,reference
SIHDR_123,SIHDR_123_e07.jpg,1702,250000.000000,32,1024,SDR,113,7,100,14.0,0.7707529406236483,0.017030506497071742,0.2619117747986823,0.07463744282722473,0.4747801528308226,reference
SIHDR_123,SIHDR_123_e08.jpg,1703,125000.000000,32,1024,SDR,113,8,100,14.0,0.7002927338248849,0.015787998718887263,0.5215058221998536,0.0453830324113369,0.14721091418725674,reference
SIHDR_123,SIHDR_123_e09.jpg,1704,66666.666667,32,1024,SDR,113,9,100,14.0,0.6288947951655472,0.014987303257686676,0.5962821993960469,0.0313553661108017,0.00263798925412706,reference
SIHDR_123,SIHDR_123_e10.jpg,1705,33333.333333,32,1024,SDR,113,10,100,14.0,0.5667801388769317,0.005507640922401171,0.7213779968887262,0.021336061879992485,-0.16561313985659687,reference
SIHDR_123,SIHDR_123_e11.jpg,1706,16666.666667,32,1024,SDR,113,11,100,14.0,0.51617275692943,0.0,0.882073286511713,0.01082604844123125,-0.36590052958228303,reference
SIHDR_123,SIHDR_123_e12.jpg,1707,8000.000000,32,1024,SDR,113,12,100,14.0,0.4325754975683304,0.0,0.9621142363653001,0.005196503363549709,-0.5295387387969697,reference
SIHDR_123,SIHDR_123_e13.jpg,1708,4000.000000,32,1024,SDR,113,13,100,14.0,0.36604585029111053,0.0,0.9807275462115667,0.0025982516817748547,-0.6146816959204562,reference
SIHDR_123,SIHDR_123_e14.jpg,1709,2000.000000,32,1024,SDR,113,14,100,14.0,0.2734318576307569,0.0,0.9836858299780381,0.0012991258408874273,-0.7102539723472812,reference
SIHDR_124,SIHDR_124_e00.jpg,1710,15000000.000000,32,1024,SDR,114,0,100,14.0,0.13804223552571668,0.9086220603038068,0.0,0.9756115674972534,-1.6792018850818968,reference
SIHDR_124,SIHDR_124_e01.jpg,1711,8000000.000000,32,1024,SDR,114,1,100,14.0,0.3126691754095166,0.7747672263909224,0.0,0.9101200699806213,-1.2368652773723283,reference
SIHDR_124,SIHDR_124_e02.jpg,1712,6000000.000000,32,1024,SDR,114,2,100,14.0,0.40392524845206434,0.6980963465409956,0.0,0.865497350692749,-0.9922674446299269,reference
SIHDR_124,SIHDR_124_e03.jpg,1713,4000000.000000,32,1024,SDR,114,3,100,14.0,0.54026973447939,0.5761275507869692,0.0,0.7856277227401733,-0.6119853670945484,reference
SIHDR_124,SIHDR_124_e04.jpg,1714,2000000.000000,32,1024,SDR,114,4,100,14.0,0.6753434560627749,0.44148060029282576,0.0,0.6417407393455505,-0.20761774452287662,reference
SIHDR_124,SIHDR_124_e05.jpg,1715,1000000.000000,32,1024,SDR,114,5,100,14.0,0.7858416035873645,0.3098391174048316,0.0,0.5054726004600525,0.16616336877770133,reference
SIHDR_124,SIHDR_124_e06.jpg,1716,500000.000000,32,1024,SDR,114,6,100,14.0,0.8606838377003819,0.19326214769399708,0.0006562843155197657,0.37169477343559265,0.473503257996868,reference
SIHDR_124,SIHDR_124_e07.jpg,1717,250000.000000,32,1024,SDR,114,7,100,14.0,0.8755605913152712,0.12043746568448023,0.020427742953879943,0.25963976979255676,0.6142579169924308,reference
SIHDR_124,SIHDR_124_e08.jpg,1718,125000.000000,32,1024,SDR,114,8,100,14.0,0.8576976699715745,0.07098737188872621,0.130247414897511,0.17445418238639832,0.585475511296611,reference
SIHDR_124,SIHDR_124_e09.jpg,1719,66666.666667,32,1024,SDR,114,9,100,14.0,0.8192010246974375,0.042412552617130304,0.2768061401903367,0.11899306625127792,0.4575697792728402,reference
SIHDR_124,SIHDR_124_e10.jpg,1720,33333.333333,32,1024,SDR,114,10,100,14.0,0.7610380147657286,0.024442658766471448,0.4621356835651537,0.0757155641913414,0.250017013667632,reference
SIHDR_124,SIHDR_124_e11.jpg,1721,16666.666667,32,1024,SDR,114,11,100,14.0,0.6992348027393698,0.005486193722547585,0.5921343109443631,0.043295133858919144,0.09612810434991148,reference
SIHDR_124,SIHDR_124_e12.jpg,1722,8000.000000,32,1024,SDR,114,12,100,14.0,0.6142943502813635,0.0012253500183016105,0.7356060692715959,0.022241074591875076,-0.1237624190268356,reference
SIHDR_124,SIHDR_124_e13.jpg,1723,4000.000000,32,1024,SDR,114,13,100,14.0,0.5469316257266675,0.00034744463762811126,0.8378777566800878,0.011427379213273525,-0.29164102022867644,reference
SIHDR_124,SIHDR_124_e14.jpg,1724,2000.000000,32,1024,SDR,114,14,100,14.0,0.48426826779462945,1.4298133235724744e-06,0.9008124199304539,0.005762163549661636,-0.4165470117624716,reference
SIHDR_125,SIHDR_125_e00.jpg,1725,15000000.000000,32,1024,SDR,115,0,100,14.0,0.10198184840015397,0.9312231195095169,0.0,0.9834474325180054,-1.7604643906188797,reference
SIHDR_125,SIHDR_125_e01.jpg,1726,8000000.000000,32,1024,SDR,115,1,100,14.0,0.30793487099499645,0.7704978038067349,0.0,0.9185311198234558,-1.2330607366184734,reference
SIHDR_125,SIHDR_125_e02.jpg,1727,6000000.000000,32,1024,SDR,115,2,100,14.0,0.42432178795623704,0.6701821010248902,0.0,0.8667160272598267,-0.9160424140935433,reference
SIHDR_125,SIHDR_125_e03.jpg,1728,4000000.000000,32,1024,SDR,115,3,100,14.0,0.5244596428671434,0.5823987120241582,0.0,0.783275842666626,-0.6403377811811729,reference
SIHDR_125,SIHDR_125_e04.jpg,1729,2000000.000000,32,1024,SDR,115,4,100,14.0,0.6695181121632062,0.435102203056369,0.0,0.6442335844039917,-0.20068629394953175,reference
SIHDR_125,SIHDR_125_e05.jpg,1730,1000000.000000,32,1024,SDR,115,5,100,14.0,0.8101776875488472,0.2668231835651537,0.004874233620058565,0.4812432527542114,0.2716570867984812,reference
SIHDR_125,SIHDR_125_e06.jpg,1731,500000.000000,32,1024,SDR,115,6,100,14.0,0.8211115532133193,0.21244595305636896,0.005168775164714495,0.35763391852378845,0.3910508719358669,reference
SIHDR_125,SIHDR_125_e07.jpg,1732,250000.000000,32,1024,SDR,115,7,100,14.0,0.8228599962173652,0.15898666270131773,0.008131348371156661,0.2698937654495239,0.49675532244357307,reference
SIHDR_125,SIHDR_125_e08.jpg,1733,125000.000000,32,1024,SDR,115,8,100,14.0,0.8171260471049732,0.10531575997437774,0.11530872529282576,0.19703854620456696,0.4911858018633919,reference
SIHDR_125,SIHDR_125_e09.jpg,1734,66666.666667,32,1024,SDR,115,9,100,14.0,0.7805135635674586,0.08040841187774524,0.30055676930819913,0.14678159356117249,0.319139970503769,reference
SIHDR_125,SIHDR_125_e10.jpg,1735,33333.333333,32,1024,SDR,115,10,100,14.0,0.7485085553442882,0.04061098782942899,0.4514721357979502,0.10387805104255676,0.21581444388747995,reference
SIHDR_125,SIHDR_125_e11.jpg,1736,16666.666667,32,1024,SDR,115,11,100,14.0,0.6977688125944769,0.0,0.6386389892935578,0.057123370468616486,0.05912982330091909,reference
SIHDR_125,SIHDR_125_e12.jpg,1737,8000.000000,32,1024,SDR,115,12,100,14.0,0.6135560232757084,0.0,0.7536603221083455,0.027419211342930794,-0.1401042988326372,reference
SIHDR_125,SIHDR_125_e13.jpg,1738,4000.000000,32,1024,SDR,115,13,100,14.0,0.5364214873071227,0.0,0.8048190428257687,0.013709605671465397,-0.26839755551864597,reference
SIHDR_125,SIHDR_125_e14.jpg,1739,2000.000000,32,1024,SDR,115,14,100,14.0,0.487333464181444,0.0,0.8650642272144948,0.0068548028357326984,-0.3777307630330508,reference
SIHDR_126,SIHDR_126_e00.jpg,1740,15000000.000000,32,1024,SDR,116,0,100,14.0,0.06542613123040535,0.9559803372071742,0.0,0.9930586814880371,-1.846534543183943,reference
SIHDR_126,SIHDR_126_e01.jpg,1741,8000000.000000,32,1024,SDR,116,1,100,14.0,0.3110506774682434,0.7600287106515373,0.0,0.9217455387115479,-1.2090067438348313,reference
SIHDR_126,SIHDR_126_e02.jpg,1742,6000000.000000,32,1024,SDR,116,2,100,14.0,0.37504206962558423,0.7101811287518301,0.0,0.873290479183197,-1.045320187878076,reference
SIHDR_126,SIHDR_126_e03.jpg,1743,4000000.000000,32,1024,SDR,116,3,100,14.0,0.40006311327193306,0.6871782920021962,0.0,0.8137266039848328,-0.9742934707324593,reference
SIHDR_126,SIHDR_126_e04.jpg,1744,2000000.000000,32,1024,SDR,116,4,100,14.0,0.42348040243856483,0.6567304172767203,0.0,0.7430858612060547,-0.8899804321148759,reference
SIHDR_126,SIHDR_126_e05.jpg,1745,1000000.000000,32,1024,SDR,116,5,100,14.0,0.6124147543891802,0.4735813392203514,0.0,0.6518181562423706,-0.33474792405152254,reference
SIHDR_126,SIHDR_126_e06.jpg,1746,500000.000000,32,1024,SDR,116,6,100,14.0,0.7897438710605109,0.26892929859077597,0.0,0.5073344111442566,0.251885273878959,reference
SIHDR_126,SIHDR_126_e07.jpg,1747,250000.000000,32,1024,SDR,116,7,100,14.0,0.8255011572473502,0.18806763588945827,0.0018844939604685212,0.35980549454689026,0.4474813915079651,reference
SIHDR_126,SIHDR_126_e08.jpg,1748,125000.000000,32,1024,SDR,116,8,100,14.0,0.8316500167487498,0.12609380719253294,0.10214586383601756,0.25584644079208374,0.4773165385276664,reference
SIHDR_126,SIHDR_126_e09.jpg,1749,66666.666667,32,1024,SDR,116,9,100,14.0,0.8254954565537688,0.0711961246339678,0.2783574876464129,0.18091663718223572,0.4047457196394203,reference
SIHDR_126,SIHDR_126_e10.jpg,1750,33333.333333,32,1024,SDR,116,10,100,14.0,0.8018062893084847,0.015477729227672035,0.31852666315885797,0.11042071878910065,0.4523241676942827,reference
SIHDR_126,SIHDR_126_e11.jpg,1751,16666.666667,32,1024,SDR,116,11,100,14.0,0.731045608296789,1.4298133235724744e-06,0.37662855737554907,0.0561600998044014,0.3544141912945928,reference
SIHDR_126,SIHDR_126_e12.jpg,1752,8000.000000,32,1024,SDR,116,12,100,14.0,0.6571972656463135,0.0,0.5880536237188873,0.026956865563988686,0.06914364192742628,reference
SIHDR_126,SIHDR_126_e13.jpg,1753,4000.000000,32,1024,SDR,116,13,100,14.0,0.5842132443423054,0.0,0.7767918420571011,0.013478432781994343,-0.19257859771479569,reference
SIHDR_126,SIHDR_126_e14.jpg,1754,2000.000000,32,1024,SDR,116,14,100,14.0,0.535249006844955,0.0,0.8332580298316252,0.006739216390997171,-0.2980090229866702,reference
SIHDR_128,SIHDR_128_e00.jpg,1755,15000000.000000,32,1024,SDR,117,0,100,14.0,0.24336321496494007,0.8227832174231332,0.0,0.9465306997299194,-1.4022032198813263,reference
SIHDR_128,SIHDR_128_e01.jpg,1756,8000000.000000,32,1024,SDR,117,1,100,14.0,0.4916573630705778,0.606207963488287,0.0,0.8278681635856628,-0.7207585639059961,reference
SIHDR_128,SIHDR_128_e02.jpg,1757,6000000.000000,32,1024,SDR,117,2,100,14.0,0.6031177658219425,0.4938803989751098,0.0,0.7576598525047302,-0.3846430321282771,reference
SIHDR_128,SIHDR_128_e03.jpg,1758,4000000.000000,32,1024,SDR,117,3,100,14.0,0.7817934097713684,0.2848760065885798,0.0,0.6320475339889526,0.21204139659420873,reference
SIHDR_128,SIHDR_128_e04.jpg,1759,2000000.000000,32,1024,SDR,117,4,100,14.0,0.8361536283661848,0.18869532393850658,0.0,0.4242164194583893,0.45876298048917163,reference
SIHDR_128,SIHDR_128_e05.jpg,1760,1000000.000000,32,1024,SDR,117,5,100,14.0,0.8123702802072031,0.156841942715959,0.0,0.29667091369628906,0.49868639477528515,reference
SIHDR_128,SIHDR_128_e06.jpg,1761,500000.000000,32,1024,SDR,117,6,100,14.0,0.7780607440218604,0.13067206945461202,0.0013011301244509517,0.2192544788122177,0.5154154749881854,reference
SIHDR_128,SIHDR_128_e07.jpg,1762,250000.000000,32,1024,SDR,117,7,100,14.0,0.7480136824552875,0.09447777498169839,0.05395972501830161,0.16713690757751465,0.5050984074735891,reference
SIHDR_128,SIHDR_128_e08.jpg,1763,125000.000000,32,1024,SDR,117,8,100,14.0,0.7345103607249927,0.02680614019033675,0.2478138154282577,0.10624460130929947,0.4330842649160615,reference
SIHDR_128,SIHDR_128_e09.jpg,1764,66666.666667,32,1024,SDR,117,9,100,14.0,0.6758436586379225,0.018162918649341143,0.46385860862005857,0.06670639663934708,0.1756592127191816,reference
SIHDR_128,SIHDR_128_e10.jpg,1765,33333.333333,32,1024,SDR,117,10,100,14.0,0.6023357632315758,0.0125966553806735,0.7618202667459737,0.04063664749264717,-0.18467781427574492,reference
SIHDR_128,SIHDR_128_e11.jpg,1766,16666.666667,32,1024,SDR,117,11,100,14.0,0.5332350650370378,0.007526537335285505,0.8220726002013177,0.025161704048514366,-0.30389060983485094,reference
SIHDR_128,SIHDR_128_e12.jpg,1767,8000.000000,32,1024,SDR,117,12,100,14.0,0.4508667983838386,0.0014326729502196194,0.8519699967972182,0.014207185246050358,-0.40396854431381884,reference
SIHDR_128,SIHDR_128_e13.jpg,1768,4000.000000,32,1024,SDR,117,13,100,14.0,0.3955268340955807,1.4298133235724744e-06,0.8769717125732065,0.007207556162029505,-0.48144773810427294,reference
SIHDR_128,SIHDR_128_e14.jpg,1769,2000.000000,32,1024,SDR,117,14,100,14.0,0.3565128316967549,0.0,0.944613321284773,0.003603838849812746,-0.5881004895880182,reference
SIHDR_129,SIHDR_129_e00.jpg,1770,15000000.000000,32,1024,SDR,118,0,100,14.0,0.0005879495542893049,0.9997369143484627,0.0,0.9999788999557495,-1.998885879142636,reference
SIHDR_129,SIHDR_129_e01.jpg,1771,8000000.000000,32,1024,SDR,118,1,100,14.0,0.01539688289679613,0.9922346838396779,0.0,0.9983787536621094,-1.9690724847825598,reference
SIHDR_129,SIHDR_129_e02.jpg,1772,6000000.000000,32,1024,SDR,118,2,100,14.0,0.03153058790917081,0.9833869989934114,0.0,0.9956032633781433,-1.935243410077652,reference
SIHDR_129,SIHDR_129_e03.jpg,1773,4000000.000000,32,1024,SDR,118,3,100,14.0,0.08052538482642295,0.952255673499268,0.0,0.9863203763961792,-1.823985962172113,reference
SIHDR_129,SIHDR_129_e04.jpg,1774,2000000.000000,32,1024,SDR,118,4,100,14.0,0.2642533967791168,0.8143273014275256,0.0,0.9338919520378113,-1.3644012060759345,reference
SIHDR_129,SIHDR_129_e05.jpg,1775,1000000.000000,32,1024,SDR,118,5,100,14.0,0.5151013203329323,0.5953957151354319,0.0,0.8155301213264465,-0.6756901099379314,reference
SIHDR_129,SIHDR_129_e06.jpg,1776,500000.000000,32,1024,SDR,118,6,100,14.0,0.7533135757172348,0.3475790400805271,0.0,0.6297374367713928,0.0581554955561806,reference
SIHDR_129,SIHDR_129_e07.jpg,1777,250000.000000,32,1024,SDR,118,7,100,14.0,0.8894755186918094,0.1580887399341142,0.0,0.42661052942276,0.573298038823581,reference
SIHDR_129,SIHDR_129_e08.jpg,1778,125000.000000,32,1024,SDR,118,8,100,14.0,0.9075288795606583,0.07068282165080528,0.0009822817532942898,0.2661416828632355,0.7651809545057535,reference
SIHDR_129,SIHDR_129_e09.jpg,1779,66666.666667,32,1024,SDR,118,9,100,14.0,0.8811684027054546,0.019338225201317717,0.013608963213762811,0.15757420659065247,0.8288829890890563,reference
SIHDR_129,SIHDR_129_e10.jpg,1780,33333.333333,32,1024,SDR,118,10,100,14.0,0.8100521239988261,0.009378145589311859,0.0736582631771596,0.0849795714020729,0.7176375696430427,reference
SIHDR_129,SIHDR_129_e11.jpg,1781,16666.666667,32,1024,SDR,118,11,100,14.0,0.7343365117631665,0.0025364888360175693,0.23540017615300146,0.045007556676864624,0.49386335793812985,reference
SIHDR_129,SIHDR_129_e12.jpg,1782,8000.000000,32,1024,SDR,118,12,100,14.0,0.6499877152728989,0.00028310303806734993,0.5045353678623719,0.022087782621383667,0.14488614133439237,reference
SIHDR_129,SIHDR_129_e13.jpg,1783,4000.000000,32,1024,SDR,118,13,100,14.0,0.5680875479914134,2.573663982430454e-05,0.7348868731698389,0.011094954796135426,-0.16685079845807416,reference
SIHDR_129,SIHDR_129_e14.jpg,1784,2000.000000,32,1024,SDR,118,14,100,14.0,0.4892487082241803,0.0,0.8745996522693997,0.005551706999540329,-0.3853509440452194,reference
SIHDR_130,SIHDR_130_e00.jpg,1785,15000000.000000,32,1024,SDR,119,0,100,14.0,0.18692913563778477,0.868856092148609,0.0,0.9636033177375793,-1.5507830486594334,reference
SIHDR_130,SIHDR_130_e01.jpg,1786,8000000.000000,32,1024,SDR,119,1,100,14.0,0.4045828872065729,0.6910044724560761,0.0,0.8691146373748779,-0.9774260577055793,reference
SIHDR_130,SIHDR_130_e02.jpg,1787,6000000.000000,32,1024,SDR,119,2,100,14.0,0.49851368945916397,0.605014069363104,0.0,0.8130291104316711,-0.711514449267044,reference
SIHDR_130,SIHDR_130_e03.jpg,1788,4000000.000000,32,1024,SDR,119,3,100,14.0,0.6486006388615473,0.4583595465775988,0.0,0.7149103283882141,-0.26811845429365033,reference
SIHDR_130,SIHDR_130_e04.jpg,1789,2000000.000000,32,1024,SDR,119,4,100,14.0,0.7306943568392873,0.3606003500183016,0.0,0.5573008060455322,0.009493656802684103,reference
SIHDR_130,SIHDR_130_e05.jpg,1790,1000000.000000,32,1024,SDR,119,5,100,14.0,0.7744693295313577,0.28608848828696926,0.0,0.43552806973457336,0.2022923529574192,reference
SIHDR_130,SIHDR_130_e06.jpg,1791,500000.000000,32,1024,SDR,119,6,100,14.0,0.7946320071501644,0.22375863607247437,0.0004017775439238653,0.34431880712509155,0.34671295746129177,reference
SIHDR_130,SIHDR_130_e07.jpg,1792,250000.000000,32,1024,SDR,119,7,100,14.0,0.8388416703260484,0.12135540583821376,0.03459719299048316,0.25628289580345154,0.5615336656591378,reference
SIHDR_130,SIHDR_130_e08.jpg,1793,125000.000000,32,1024,SDR,119,8,100,14.0,0.847681894772273,0.03143873535871157,0.1968452598828697,0.15953689813613892,0.5879591641719801,reference
SIHDR_130,SIHDR_130_e09.jpg,1794,66666.666667,32,1024,SDR,119,9,100,14.0,0.7951100414401266,0.009744177800146412,0.36346426610541727,0.09259366244077682,0.41215741973441655,reference
SIHDR_130,SIHDR_130_e10.jpg,1795,33333.333333,32,1024,SDR,119,10,100,14.0,0.7211446379694245,0.00405638039897511,0.5717323046303074,0.049313921481370926,0.14129957254116687,reference
SIHDR_130,SIHDR_130_e11.jpg,1796,16666.666667,32,1024,SDR,119,11,100,14.0,0.6448226447713729,0.0015156021229868228,0.6661057032393851,0.025877855718135834,-0.024314262713985957,reference
SIHDR_130,SIHDR_130_e12.jpg,1797,8000.000000,32,1024,SDR,119,12,100,14.0,0.557970527736165,0.0005461886896046852,0.7316512056185944,0.012871328741312027,-0.1747730552616389,reference
SIHDR_130,SIHDR_130_e13.jpg,1798,4000.000000,32,1024,SDR,119,13,100,14.0,0.4938570234400181,0.0002516471449487555,0.8056654923133236,0.006619280204176903,-0.3123117631632031,reference
SIHDR_130,SIHDR_130_e14.jpg,1799,2000.000000,32,1024,SDR,119,14,100,14.0,0.4436016101571118,7.149066617862372e-05,0.9172466942715959,0.0033783228136599064,-0.4737880654468413,reference
SIHDR_131,SIHDR_131_e00.jpg,1800,15000000.000000,32,1024,SDR,120,0,100,14.0,0.007249603687419841,0.9968243846083455,0.0,0.9990719556808472,-1.9863991655292712,reference
SIHDR_131,SIHDR_131_e01.jpg,1801,8000000.000000,32,1024,SDR,120,1,100,14.0,0.026514886200615845,0.9864696765190337,0.0,0.9960774183273315,-1.9464244668374515,reference
SIHDR_131,SIHDR_131_e02.jpg,1802,6000000.000000,32,1024,SDR,120,2,100,14.0,0.053649028835876085,0.9700797263909224,0.0,0.991552472114563,-1.8865104239459687,reference
SIHDR_131,SIHDR_131_e03.jpg,1803,4000000.000000,32,1024,SDR,120,3,100,14.0,0.11519159535136735,0.9283620630490483,0.0,0.9779418110847473,-1.7415325307467293,reference
SIHDR_131,SIHDR_131_e04.jpg,1804,2000000.000000,32,1024,SDR,120,4,100,14.0,0.3449600262794305,0.7460951798133236,0.0,0.9051038026809692,-1.1472303333472167,reference
SIHDR_131,SIHDR_131_e05.jpg,1805,1000000.000000,32,1024,SDR,120,5,100,14.0,0.6861697470669185,0.4037077919106881,0.0,0.7333070635795593,-0.12124583675445777,reference
SIHDR_131,SIHDR_131_e06.jpg,1806,500000.000000,32,1024,SDR,120,6,100,14.0,0.8395075299455819,0.21151228495607613,0.0,0.5041401982307434,0.4164829600334296,reference
SIHDR_131,SIHDR_131_e07.jpg,1807,250000.000000,32,1024,SDR,120,7,100,14.0,0.8723697074028837,0.12149838717057102,0.0009336681002928258,0.3281099498271942,0.6284392649614489,reference
SIHDR_131,SIHDR_131_e08.jpg,1808,125000.000000,32,1024,SDR,120,8,100,14.0,0.8474637044732644,0.08000091508052709,0.004403825036603221,0.21156977117061615,0.683058049275607,reference
SIHDR_131,SIHDR_131_e09.jpg,1809,66666.666667,32,1024,SDR,120,9,100,14.0,0.8101703369654683,0.050003431551976577,0.02325162426793558,0.14364853501319885,0.6869118495935795,reference
SIHDR_131,SIHDR_131_e10.jpg,1810,33333.333333,32,1024,SDR,120,10,100,14.0,0.7658952572457528,0.008556002928257686,0.1129752699487555,0.08201363682746887,0.6358079814404819,reference
SIHDR_131,SIHDR_131_e11.jpg,1811,16666.666667,32,1024,SDR,120,11,100,14.0,0.6903086665421915,0.001251086658125915,0.33283337527452417,0.04276220500469208,0.3549731179514155,reference
SIHDR_131,SIHDR_131_e12.jpg,1812,8000.000000,32,1024,SDR,120,12,100,14.0,0.6043094056197347,0.00013869189238653002,0.6920468063689604,0.02078819088637829,-0.0880147845339988,reference
SIHDR_131,SIHDR_131_e13.jpg,1813,4000.000000,32,1024,SDR,120,13,100,14.0,0.525551881399715,3.4315519765739386e-05,0.8306143049963397,0.010428010486066341,-0.3051310546361562,reference
SIHDR_131,SIHDR_131_e14.jpg,1814,2000.000000,32,1024,SDR,120,14,100,14.0,0.44478266602052124,1.1438506588579795e-05,0.8961683862554904,0.005223061423748732,-0.45140859724814636,reference
SIHDR_132,SIHDR_132_e00.jpg,1815,15000000.000000,32,1024,SDR,121,0,100,14.0,0.017126755201481682,0.9912152269399708,0.0,0.9979201555252075,-1.9653036986784598,reference
SIHDR_132,SIHDR_132_e01.jpg,1816,8000000.000000,32,1024,SDR,121,1,100,14.0,0.05041970348216884,0.9717769148060029,0.0,0.9911529421806335,-1.8931341261298371,reference
SIHDR_132,SIHDR_132_e02.jpg,1817,6000000.000000,32,1024,SDR,121,2,100,14.0,0.0890603283255833,0.9473871591325037,0.0,0.9828344583511353,-1.8057139899394241,reference
SIHDR_132,SIHDR_132_e03.jpg,1818,4000000.000000,32,1024,SDR,121,3,100,14.0,0.15703198914689392,0.9012928372071742,0.0,0.962751567363739,-1.6455536852674546,reference
SIHDR_132,SIHDR_132_e04.jpg,1819,2000000.000000,32,1024,SDR,121,4,100,14.0,0.3799179284539613,0.7206516517203514,0.0,0.8871680498123169,-1.0613853749867415,reference
SIHDR_132,SIHDR_132_e05.jpg,1820,1000000.000000,32,1024,SDR,121,5,100,14.0,0.6339462779401959,0.48221312225475843,0.0,0.7388529181480408,-0.330479966569321,reference
SIHDR_132,SIHDR_132_e06.jpg,1821,500000.000000,32,1024,SDR,121,6,100,14.0,0.8119382835951511,0.2803449281661786,0.0,0.5514864921569824,0.25124842726279384,reference
SIHDR_132,SIHDR_132_e07.jpg,1822,250000.000000,32,1024,SDR,121,7,100,14.0,0.890765874780805,0.15064227214494877,0.00014155151903367497,0.3727709650993347,0.5893397789718737,reference
SIHDR_132,SIHDR_132_e08.jpg,1823,125000.000000,32,1024,SDR,121,8,100,14.0,0.9020056283432991,0.070914451409224,0.01192607293191801,0.23789097368717194,0.748250652592933,reference
SIHDR_132,SIHDR_132_e09.jpg,1824,66666.666667,32,1024,SDR,121,9,100,14.0,0.8778313764169567,0.01802279694363104,0.04467308748169839,0.14363443851470947,0.7971126950479963,reference
SIHDR_132,SIHDR_132_e10.jpg,1825,33333.333333,32,1024,SDR,121,10,100,14.0,0.8086551318540853,0.005005776445827233,0.12837864888360176,0.07667478173971176,0.6702649300788291,reference
SIHDR_132,SIHDR_132_e11.jpg,1826,16666.666667,32,1024,SDR,121,11,100,14.0,0.7311748333719726,0.0006891700219619326,0.33660093338213765,0.03932147100567818,0.3931955599459111,reference
SIHDR_132,SIHDR_132_e12.jpg,1827,8000.000000,32,1024,SDR,121,12,100,14.0,0.6427074014636514,3.0026079795021963e-05,0.5910833981515373,0.018980208784341812,0.05156395115252399,reference
SIHDR_132,SIHDR_132_e13.jpg,1828,4000.000000,32,1024,SDR,121,13,100,14.0,0.5644162016521456,4.289439970717423e-06,0.7841410825402635,0.00949566625058651,-0.21973345976805936,reference
SIHDR_132,SIHDR_132_e14.jpg,1829,2000.000000,32,1024,SDR,121,14,100,14.0,0.48502924364920275,0.0,0.8794052548499268,0.004748315084725618,-0.3943760112007241,reference
SIHDR_133,SIHDR_133_e00.jpg,1830,15000000.000000,32,1024,SDR,122,0,100,14.0,0.00039350908562033564,0.999872746614202,0.0,0.9999565482139587,-1.9993519841427836,reference
SIHDR_133,SIHDR_133_e01.jpg,1831,8000000.000000,32,1024,SDR,122,1,100,14.0,0.00341888856201048,0.998411477397511,0.0,0.9997533559799194,-1.9934040662330115,reference
SIHDR_133,SIHDR_133_e02.jpg,1832,6000000.000000,32,1024,SDR,122,2,100,14.0,0.01822611924848407,0.9900999725475842,0.0,0.9984358549118042,-1.9619738258466843,reference
SIHDR_133,SIHDR_133_e03.jpg,1833,4000000.000000,32,1024,SDR,122,3,100,14.0,0.054721187462993794,0.9687871751464129,0.0,0.9916775822639465,-1.882853162829832,reference
SIHDR_133,SIHDR_133_e04.jpg,1834,2000000.000000,32,1024,SDR,122,4,100,14.0,0.16940222930189985,0.8898142958455344,0.0,0.9610694646835327,-1.6102263623891688,reference
SIHDR_133,SIHDR_133_e05.jpg,1835,1000000.000000,32,1024,SDR,122,5,100,14.0,0.44627949601430633,0.6538522030563689,0.0,0.863204300403595,-0.8614249100984315,reference
SIHDR_133,SIHDR_133_e06.jpg,1836,500000.000000,32,1024,SDR,122,6,100,14.0,0.7478420439154431,0.3405858231149341,2.859626647144949e-06,0.6674720048904419,0.06666753805892767,reference
SIHDR_133,SIHDR_133_e07.jpg,1837,250000.000000,32,1024,SDR,122,7,100,14.0,0.8888675519280554,0.14325156707540262,3.860495973645681e-05,0.44292354583740234,0.6023258128175137,reference
SIHDR_133,SIHDR_133_e08.jpg,1838,125000.000000,32,1024,SDR,122,8,100,14.0,0.8967247652770415,0.06560984397877014,0.00015870927891654466,0.26809054613113403,0.7653463680405846,reference
SIHDR_133,SIHDR_133_e09.jpg,1839,66666.666667,32,1024,SDR,122,9,100,14.0,0.8691013306154298,0.016800306551976573,0.006306906570278184,0.15966959297657013,0.8291938109411985,reference
SIHDR_133,SIHDR_133_e10.jpg,1840,33333.333333,32,1024,SDR,122,10,100,14.0,0.7989393019353802,0.0008521687408491948,0.045173522144948755,0.08203849196434021,0.7520614423087331,reference
SIHDR_133,SIHDR_133_e11.jpg,1841,16666.666667,32,1024,SDR,122,11,100,14.0,0.7165898462160399,0.0002573663982430454,0.16000325997437775,0.04122729226946831,0.5560718534451761,reference
SIHDR_133,SIHDR_133_e12.jpg,1842,8000.000000,32,1024,SDR,122,12,100,14.0,0.629178115242765,0.00013297263909224012,0.4510746476939971,0.019879132509231567,0.17783752227058347,reference
SIHDR_133,SIHDR_133_e13.jpg,1843,4000.000000,32,1024,SDR,122,13,100,14.0,0.5498565755930218,5.862234626647145e-05,0.7362437660139092,0.009983216412365437,-0.1865044351134203,reference
SIHDR_133,SIHDR_133_e14.jpg,1844,2000.000000,32,1024,SDR,122,14,100,14.0,0.46477356541185216,0.0,0.8912155129026355,0.005001792684197426,-0.4264419474907833,reference
SIHDR_134,SIHDR_134_e00.jpg,1845,15000000.000000,32,1024,SDR,123,0,100,14.0,-0.0,1.0,0.0,1.0,-2.0,reference
SIHDR_134,SIHDR_134_e01.jpg,1846,8000000.000000,32,1024,SDR,123,1,100,14.0,0.013148444154460264,0.9928666613286969,0.0,0.9990081787109375,-1.9725848785029336,reference
SIHDR_134,SIHDR_134_e02.jpg,1847,6000000.000000,32,1024,SDR,123,2,100,14.0,0.030969582780027205,0.9831939741947291,0.0,0.9960678219795227,-1.935418365609431,reference
SIHDR_134,SIHDR_134_e03.jpg,1848,4000000.000000,32,1024,SDR,123,3,100,14.0,0.08350718199863823,0.9488412792825769,0.0,0.9859763979911804,-1.8141753765665156,reference
SIHDR_134,SIHDR_134_e04.jpg,1849,2000000.000000,32,1024,SDR,123,4,100,14.0,0.30358246696070257,0.7717260134516838,0.0,0.9040006399154663,-1.239869559942665,reference
SIHDR_134,SIHDR_134_e05.jpg,1850,1000000.000000,32,1024,SDR,123,5,100,14.0,0.44210986168856664,0.6572351413799414,0.0,0.8055636286735535,-0.8723604210713163,reference
SIHDR_134,SIHDR_134_e06.jpg,1851,500000.000000,32,1024,SDR,123,6,100,14.0,0.6310917263270115,0.47858997529282576,0.0,0.6802036166191101,-0.32608822425864004,reference
SIHDR_134,SIHDR_134_e07.jpg,1852,250000.000000,32,1024,SDR,123,7,100,14.0,0.8089180207384151,0.2753219939604685,0.0,0.5236876010894775,0.25827403281747807,reference
SIHDR_134,SIHDR_134_e08.jpg,1853,125000.000000,32,1024,SDR,123,8,100,14.0,0.8917745771589333,0.1416015625,4.575402635431918e-05,0.35802772641181946,0.608525698132579,reference
SIHDR_134,SIHDR_134_e09.jpg,1854,66666.666667,32,1024,SDR,123,9,100,14.0,0.8936809127102974,0.07826798133235725,0.013886346998535871,0.2384033352136612,0.723258603047047,reference
SIHDR_134,SIHDR_134_e10.jpg,1855,33333.333333,32,1024,SDR,123,10,100,14.0,0.8693262585171383,0.020424883327232798,0.1371862989568082,0.14231619238853455,0.6912901929058645,reference
SIHDR_134,SIHDR_134_e11.jpg,1856,16666.666667,32,1024,SDR,123,11,100,14.0,0.8036258838750993,0.0,0.25869326500732065,0.07371004670858383,0.5449326188677786,reference
SIHDR_134,SIHDR_134_e12.jpg,1857,8000.000000,32,1024,SDR,123,12,100,14.0,0.7265938632244731,0.0,0.40076523609077597,0.03538081794977188,0.3258286271336971,reference
SIHDR_134,SIHDR_134_e13.jpg,1858,4000.000000,32,1024,SDR,123,13,100,14.0,0.6424679190420541,0.0,0.5729233391288433,0.01769040897488594,0.06954457991321084,reference
SIHDR_134,SIHDR_134_e14.jpg,1859,2000.000000,32,1024,SDR,123,14,100,14.0,0.5642332161645921,0.0,0.7733760180270863,0.00884520448744297,-0.20914280186249423,reference
SIHDR_135,SIHDR_135_e00.jpg,1860,15000000.000000,32,1024,SDR,124,0,100,14.0,-0.0,1.0,0.0,1.0,-2.0,reference
SIHDR_135,SIHDR_135_e01.jpg,1861,8000000.000000,32,1024,SDR,124,1,100,14.0,-0.0,1.0,0.0,1.0,-2.0,reference
SIHDR_135,SIHDR_135_e02.jpg,1862,6000000.000000,32,1024,SDR,124,2,100,14.0,4.970611564006594e-06,0.9999985701866764,0.0,0.9999999403953552,-1.9999921697617888,reference
SIHDR_135,SIHDR_135_e03.jpg,1863,4000000.000000,32,1024,SDR,124,3,100,14.0,0.002608915681169237,0.9987331853953147,0.0,0.9998707175254822,-1.9948574551094602,reference
SIHDR_135,SIHDR_135_e04.jpg,1864,2000000.000000,32,1024,SDR,124,4,100,14.0,0.07944122064178899,0.9489699624816984,0.0,0.9897451400756836,-1.8184987043216079,reference
SIHDR_135,SIHDR_135_e05.jpg,1865,1000000.000000,32,1024,SDR,124,5,100,14.0,0.2867356801554873,0.7904408400439239,0.0,0.9273421764373779,-1.2941459999323606,reference
SIHDR_135,SIHDR_135_e06.jpg,1866,500000.000000,32,1024,SDR,124,6,100,14.0,0.47708073324657363,0.63187597227306,0.0,0.8094190955162048,-0.7866712112995464,reference
SIHDR_135,SIHDR_135_e07.jpg,1867,250000.000000,32,1024,SDR,124,7,100,14.0,0.5764920968746936,0.5385177411237189,0.0,0.6920720338821411,-0.5005433853727441,reference
SIHDR_135,SIHDR_135_e08.jpg,1868,125000.000000,32,1024,SDR,124,8,100,14.0,0.6418498246034874,0.46455206808199123,0.0,0.5937544703483582,-0.2872543115604951,reference
SIHDR_135,SIHDR_135_e09.jpg,1869,66666.666667,32,1024,SDR,124,9,100,14.0,0.7127373455637714,0.37718332494509516,0.0,0.5129445195198059,-0.04162930432641887,reference
SIHDR_135,SIHDR_135_e10.jpg,1870,33333.333333,32,1024,SDR,124,10,100,14.0,0.8862153776291621,0.13763240071376281,0.004641174048316252,0.36714377999305725,0.6063094021533203,reference
SIHDR_135,SIHDR_135_e11.jpg,1871,16666.666667,32,1024,SDR,124,11,100,14.0,0.8835961702917937,0.07329223096632503,0.08491375366032211,0.23220789432525635,0.6520979546988215,reference
SIHDR_135,SIHDR_135_e12.jpg,1872,8000.000000,32,1024,SDR,124,12,100,14.0,0.8557314437706579,0.001741512628111274,0.27434400164714495,0.12724953889846802,0.5779044168672904,reference
SIHDR_135,SIHDR_135_e13.jpg,1873,4000.000000,32,1024,SDR,124,13,100,14.0,0.7754277511700532,0.0002559365849194729,0.4044984786786237,0.06381171941757202,0.3704173993215906,reference
SIHDR_135,SIHDR_135_e14.jpg,1874,2000.000000,32,1024,SDR,124,14,100,14.0,0.697704005917071,0.000111525439238653,0.4873733185395315,0.031984876841306686,0.21010763649906228,reference
SIHDR_136,SIHDR_136_e00.jpg,1875,15000000.000000,32,1024,SDR,125,0,100,14.0,0.0004649837384532493,0.9998055453879942,0.0,0.9999786615371704,-1.9991461070375351,reference
SIHDR_136,SIHDR_136_e01.jpg,1876,8000000.000000,32,1024,SDR,125,1,100,14.0,0.009580856221760182,0.9954303166178624,0.0,0.9990713596343994,-1.9812797770139647,reference
SIHDR_136,SIHDR_136_e02.jpg,1877,6000000.000000,32,1024,SDR,125,2,100,14.0,0.023621774592805424,0.9875763520314788,0.0,0.9971818327903748,-1.9515309294701522,reference
SIHDR_136,SIHDR_136_e03.jpg,1878,4000000.000000,32,1024,SDR,125,3,100,14.0,0.08228659097946471,0.9492044518667643,0.0,0.9878560304641724,-1.8161223127540638,reference
SIHDR_136,SIHDR_136_e04.jpg,1879,2000000.000000,32,1024,SDR,125,4,100,14.0,0.26567472476365483,0.8126158148792094,0.0,0.9318296313285828,-1.359556904994764,reference
SIHDR_136,SIHDR_136_e05.jpg,1880,1000000.000000,32,1024,SDR,125,5,100,14.0,0.5322391082622792,0.576891071101757,0.0,0.8058345913887024,-0.6215430339412348,reference
SIHDR_136,SIHDR_136_e06.jpg,1881,500000.000000,32,1024,SDR,125,6,100,14.0,0.7467456403080703,0.3545079154465593,0.0,0.6248893141746521,0.03772980941495174,reference
SIHDR_136,SIHDR_136_e07.jpg,1882,250000.000000,32,1024,SDR,125,7,100,14.0,0.8557015001593276,0.2067710239751098,0.0,0.4435681700706482,0.44215945220910796,reference
SIHDR_136,SIHDR_136_e08.jpg,1883,125000.000000,32,1024,SDR,125,8,100,14.0,0.8920582926487581,0.1104344916727672,0.0007120470351390922,0.29647892713546753,0.6704772622680847,reference
SIHDR_136,SIHDR_136_e09.jpg,1884,66666.666667,32,1024,SDR,125,9,100,14.0,0.8909499180102795,0.04009768484626647,0.009100761804538799,0.19040296971797943,0.8016537865132077,reference
SIHDR_136,SIHDR_136_e10.jpg,1885,33333.333333,32,1024,SDR,125,10,100,14.0,0.8382222482884641,0.0027266540080527085,0.08290343612737922,0.1007906123995781,0.7498655041449795,reference
SIHDR_136,SIHDR_136_e11.jpg,1886,16666.666667,32,1024,SDR,125,11,100,14.0,0.7578458324247763,0.000862177434114202,0.24690159452781846,0.051153089851140976,0.5092198830287294,reference
SIHDR_136,SIHDR_136_e12.jpg,1887,8000.000000,32,1024,SDR,125,12,100,14.0,0.6718684108386138,9.007823938506589e-05,0.5048384882869692,0.024719424545764923,0.1668497660728745,reference
SIHDR_136,SIHDR_136_e13.jpg,1888,4000.000000,32,1024,SDR,125,13,100,14.0,0.5913201504763552,2.4306826500732065e-05,0.7061862303257687,0.012382849119603634,-0.1149146935024149,reference
SIHDR_136,SIHDR_136_e14.jpg,1889,2000.000000,32,1024,SDR,125,14,100,14.0,0.5092707638569386,1.572794655929722e-05,0.8293675077781845,0.00620064465329051,-0.32012819981436447,reference
SIHDR_137,SIHDR_137_e00.jpg,1890,15000000.000000,32,1024,SDR,126,0,100,14.0,0.0016176109760569844,0.9992908125915081,0.0,0.9998981356620789,-1.9969640142069591,reference
SIHDR_137,SIHDR_137_e01.jpg,1891,8000000.000000,32,1024,SDR,126,1,100,14.0,0.04110118883131736,0.9753342903550513,0.0,0.9955678582191467,-1.9095673918787852,reference
SIHDR_137,SIHDR_137_e02.jpg,1892,6000000.000000,32,1024,SDR,126,2,100,14.0,0.1273756218719289,0.908902303715227,0.0,0.9824072122573853,-1.690428985558525,reference
SIHDR_137,SIHDR_137_e03.jpg,1893,4000000.000000,32,1024,SDR,126,3,100,14.0,0.3906557444697068,0.6636535733894583,0.0,0.9148510694503784,-0.9366514023092098,reference
SIHDR_137,SIHDR_137_e04.jpg,1894,2000000.000000,32,1024,SDR,126,4,100,14.0,0.6753662317965402,0.37620104319180087,0.0,0.694371223449707,-0.07703585458706153,reference
SIHDR_137,SIHDR_137_e05.jpg,1895,1000000.000000,32,1024,SDR,126,5,100,14.0,0.7865706922742657,0.231060692715959,0.0,0.48998701572418213,0.3244493068423477,reference
SIHDR_137,SIHDR_137_e06.jpg,1896,500000.000000,32,1024,SDR,126,6,100,14.0,0.8170766305371591,0.14858477077232796,0.0,0.3343072831630707,0.5199070889925032,reference
SIHDR_137,SIHDR_137_e07.jpg,1897,250000.000000,32,1024,SDR,126,7,100,14.0,0.8071756956360989,0.095713133693265,2.1447199853587116e-05,0.22591398656368256,0.6157279810497153,reference
SIHDR_137,SIHDR_137_e08.jpg,1898,125000.000000,32,1024,SDR,126,8,100,14.0,0.7848496064281777,0.044161214311859445,0.002736662701317716,0.1457976996898651,0.6937905151031412,reference
SIHDR_137,SIHDR_137_e09.jpg,1899,66666.666667,32,1024,SDR,126,9,100,14.0,0.7386510430650063,0.018388829154465592,0.062048178989751096,0.09092341363430023,0.639825205766324,reference
SIHDR_137,SIHDR_137_e10.jpg,1900,33333.333333,32,1024,SDR,126,10,100,14.0,0.671517638839151,0.0038190313872620793,0.4492759425329429,0.050006721168756485,0.214603633531684,reference
SIHDR_137,SIHDR_137_e11.jpg,1901,16666.666667,32,1024,SDR,126,11,100,14.0,0.5955354569838467,0.0009136507137628111,0.6722653390373353,0.025710567831993103,-0.07855718348101426,reference
SIHDR_137,SIHDR_137_e12.jpg,1902,8000.000000,32,1024,SDR,126,12,100,14.0,0.5124247815219071,0.0004861365300146413,0.8029202507320644,0.012672043405473232,-0.29146774227018657,reference
SIHDR_137,SIHDR_137_e13.jpg,1903,4000.000000,32,1024,SDR,126,13,100,14.0,0.45610894860375195,0.0002959713579795022,0.8703588259516838,0.006516947411000729,-0.41484182006389086,reference
SIHDR_137,SIHDR_137_e14.jpg,1904,2000.000000,32,1024,SDR,126,14,100,14.0,0.35752263518449784,0.0001787266654465593,0.9218035093338214,0.003373565385118127,-0.5646383274802167,reference
SIHDR_138,SIHDR_138_e00.jpg,1905,15000000.000000,32,1024,SDR,127,0,100,14.0,0.0014208410193624855,0.9993994784040996,0.0,0.999911904335022,-1.9973781157888366,reference
SIHDR_138,SIHDR_138_e01.jpg,1906,8000000.000000,32,1024,SDR,127,1,100,14.0,0.016932005136756422,0.9915569523243045,0.0,0.9980905055999756,-1.9661818995118525,reference
SIHDR_138,SIHDR_138_e02.jpg,1907,6000000.000000,32,1024,SDR,127,2,100,14.0,0.03661576020075103,0.9801727786420205,0.0,0.9950000047683716,-1.9237297970832898,reference
SIHDR_138,SIHDR_138_e03.jpg,1908,4000000.000000,32,1024,SDR,127,3,100,14.0,0.09462979417013317,0.9422484100475842,0.0,0.9837325811386108,-1.789867025925035,reference
SIHDR_138,SIHDR_138_e04.jpg,1909,2000000.000000,32,1024,SDR,127,4,100,14.0,0.3253484002896851,0.7597270200402635,0.0,0.9165805578231812,-1.1941056397908418,reference
SIHDR_138,SIHDR_138_e05.jpg,1910,1000000.000000,32,1024,SDR,127,5,100,14.0,0.5713931756390463,0.5386793100292826,0.0,0.7725021243095398,-0.5059654444195189,reference
SIHDR_138,SIHDR_138_e06.jpg,1911,500000.000000,32,1024,SDR,127,6,100,14.0,0.733174932360266,0.36932364110541727,0.0,0.6044694185256958,-0.0054723498505685475,reference
SIHDR_138,SIHDR_138_e07.jpg,1912,250000.000000,32,1024,SDR,127,7,100,14.0,0.8795084718840397,0.17329051519033675,2.4306826500732065e-05,0.43316611647605896,0.5329031346768655,reference
SIHDR_138,SIHDR_138_e08.jpg,1913,125000.000000,32,1024,SDR,127,8,100,14.0,0.9288904947931228,0.033594893850658857,0.0017000480417276721,0.25505346059799194,0.8600006590500775,reference
SIHDR_138,SIHDR_138_e09.jpg,1914,66666.666667,32,1024,SDR,127,9,100,14.0,0.8788552485649309,0.006203960010980967,0.015228941709370425,0.1431145966053009,0.8512183868335986,reference
SIHDR_138,SIHDR_138_e10.jpg,1915,33333.333333,32,1024,SDR,127,10,100,14.0,0.8007659896672205,9.865711932650073e-05,0.09191554950585651,0.07240422815084457,0.7086531259227109,reference
SIHDR_138,SIHDR_138_e11.jpg,1916,16666.666667,32,1024,SDR,127,11,100,14.0,0.7181685100483887,0.0,0.30762433656661786,0.036204542964696884,0.4105441734817708,reference
SIHDR_138,SIHDR_138_e12.jpg,1917,8000.000000,32,1024,SDR,127,12,100,14.0,0.6316468056649247,0.0,0.5260326111822841,0.0173781830817461,0.10561419448264064,reference
SIHDR_138,SIHDR_138_e13.jpg,1918,4000.000000,32,1024,SDR,127,13,100,14.0,0.5503619997875385,0.0,0.6888969276171303,0.00868909154087305,-0.13853492782959176,reference
SIHDR_138,SIHDR_138_e14.jpg,1919,2000.000000,32,1024,SDR,127,14,100,14.0,0.47291061563761855,0.0,0.8967374519582724,0.004344545770436525,-0.4238268363206538,reference
SIHDR_139,SIHDR_139_e00.jpg,1920,15000000.000000,32,1024,SDR,128,0,100,14.0,0.005858282893540213,0.997277635431918,0.0,0.999520480632782,-1.9886969879702958,reference
SIHDR_139,SIHDR_139_e01.jpg,1921,8000000.000000,32,1024,SDR,128,1,100,14.0,0.06480736650500168,0.9591859786786238,0.0,0.9919480681419373,-1.8535645908522458,reference
SIHDR_139,SIHDR_139_e02.jpg,1922,6000000.000000,32,1024,SDR,128,2,100,14.0,0.13529738548781522,0.9096915606698389,0.0,0.9767013788223267,-1.6840857358518626,reference
SIHDR_139,SIHDR_139_e03.jpg,1923,4000000.000000,32,1024,SDR,128,3,100,14.0,0.2750301740499723,0.7983376990300146,0.0,0.9349700212478638,-1.321645224010057,reference
SIHDR_139,SIHDR_139_e04.jpg,1924,2000000.000000,32,1024,SDR,128,4,100,14.0,0.5730890114425812,0.5253820461200586,0.0,0.7876881957054138,-0.47767508079753596,reference
SIHDR_139,SIHDR_139_e05.jpg,1925,1000000.000000,32,1024,SDR,128,5,100,14.0,0.7738482229061857,0.30715249816983897,0.0,0.589038074016571,0.15954322656650777,reference
SIHDR_139,SIHDR_139_e06.jpg,1926,500000.000000,32,1024,SDR,128,6,100,14.0,0.875684204215772,0.15451134699853586,0.0,0.4025268852710724,0.5666615102187003,reference
SIHDR_139,SIHDR_139_e07.jpg,1927,250000.000000,32,1024,SDR,128,7,100,14.0,0.9043043947501966,0.04692933290629575,0.00017586703879941435,0.2450817972421646,0.8102698618988057,reference
SIHDR_139,SIHDR_139_e08.jpg,1928,125000.000000,32,1024,SDR,128,8,100,14.0,0.8578269247852691,0.005266002470717423,0.006271161237188873,0.13069868087768555,0.8410237586066455,reference
SIHDR_139,SIHDR_139_e09.jpg,1929,66666.666667,32,1024,SDR,128,9,100,14.0,0.7867152332725466,0.0009922904465592972,0.07408577736090775,0.07091554254293442,0.7106448750185203,reference
SIHDR_139,SIHDR_139_e10.jpg,1930,33333.333333,32,1024,SDR,128,10,100,14.0,0.7050077986540798,2.4306826500732065e-05,0.27785562316983897,0.035566866397857666,0.4271035618312394,reference
SIHDR_139,SIHDR_139_e11.jpg,1931,16666.666667,32,1024,SDR,128,11,100,14.0,0.6243857138162482,0.0,0.5488638703330894,0.017783503979444504,0.07552184348315882,reference
SIHDR_139,SIHDR_139_e12.jpg,1932,8000.000000,32,1024,SDR,128,12,100,14.0,0.5392573835503371,0.0,0.7492321902452416,0.008536082692444324,-0.20997480669490443,reference
SIHDR_139,SIHDR_139_e13.jpg,1933,4000.000000,32,1024,SDR,128,13,100,14.0,0.45914085058548393,0.0,0.8898371728587116,0.004268041346222162,-0.4306963222732276,reference
SIHDR_139,SIHDR_139_e14.jpg,1934,2000.000000,32,1024,SDR,128,14,100,14.0,0.3815808370050496,0.0,0.9759962939238653,0.002134020673111081,-0.5944154569188158,reference
SIHDR_140,SIHDR_140_e00.jpg,1935,15000000.000000,32,1024,SDR,129,0,100,14.0,0.0026870027971099115,0.9988790263543191,0.0,0.9997574687004089,-1.9950710499115283,reference
SIHDR_140,SIHDR_140_e01.jpg,1936,8000000.000000,32,1024,SDR,129,1,100,14.0,0.012646668884849619,0.9943021939055637,0.0,0.9981480240821838,-1.9759577189262778,reference
SIHDR_140,SIHDR_140_e02.jpg,1937,6000000.000000,32,1024,SDR,129,2,100,14.0,0.021606888967917823,0.9895394857247438,0.0,0.9965925812721252,-1.95747208248157,reference
SIHDR_140,SIHDR_140_e03.jpg,1938,4000000.000000,32,1024,SDR,129,3,100,14.0,0.05076865340652021,0.9720628774707174,0.0,0.9915182590484619,-1.8933571015349147,reference
SIHDR_140,SIHDR_140_e04.jpg,1939,2000000.000000,32,1024,SDR,129,4,100,14.0,0.3368932862459925,0.730636038158858,0.0,0.9270926713943481,-1.1243787900717235,reference
SIHDR_140,SIHDR_140_e05.jpg,1940,1000000.000000,32,1024,SDR,129,5,100,14.0,0.6502963261111182,0.42432141059663253,0.0,0.7314525246620178,-0.19834649508214686,reference
SIHDR_140,SIHDR_140_e06.jpg,1941,500000.000000,32,1024,SDR,129,6,100,14.0,0.7859952782918104,0.261156833363836,0.0,0.5272182822227478,0.2636816115641384,reference
SIHDR_140,SIHDR_140_e07.jpg,1942,250000.000000,32,1024,SDR,129,7,100,14.0,0.859090542183604,0.13253368640190336,0.00017729685212298683,0.3559979796409607,0.5938458725276743,reference
SIHDR_140,SIHDR_140_e08.jpg,1943,125000.000000,32,1024,SDR,129,8,100,14.0,0.8760048316828989,0.03238956121888726,0.002480726116398243,0.21379904448986053,0.8087449831287261,reference
SIHDR_140,SIHDR_140_e09.jpg,1944,66666.666667,32,1024,SDR,129,9,100,14.0,0.8250747215769124,0.0030154762994143484,0.008471643942166911,0.11891371756792068,0.8105721250359168,reference
SIHDR_140,SIHDR_140_e10.jpg,1945,33333.333333,32,1024,SDR,129,10,100,14.0,0.7445790278358845,4.289439970717423e-06,0.057936035871156664,0.05972496047616005,0.6866344130847863,reference
SIHDR_140,SIHDR_140_e11.jpg,1946,16666.666667,32,1024,SDR,129,11,100,14.0,0.6624904353176576,0.0,0.3807821650805271,0.029862603172659874,0.2817082702371305,reference
SIHDR_140,SIHDR_140_e12.jpg,1947,8000.000000,32,1024,SDR,129,12,100,14.0,0.5774327428366867,0.0,0.642962744784041,0.01433404441922903,-0.06553000194735437,reference
SIHDR_140,SIHDR_140_e13.jpg,1948,4000.000000,32,1024,SDR,129,13,100,14.0,0.4975271761826145,0.0,0.7849417780014641,0.007167022209614515,-0.28741460181884965,reference
SIHDR_140,SIHDR_140_e14.jpg,1949,2000.000000,32,1024,SDR,129,14,100,14.0,0.43417310896536393,0.0,0.9052348325402635,0.0035835111048072577,-0.47106172357489956,reference
SIHDR_141,SIHDR_141_e00.jpg,1950,15000000.000000,32,1024,SDR,130,0,100,14.0,0.2039541403052845,0.862067338488287,0.0,0.9510096907615662,-1.5201805366712895,reference
SIHDR_141,SIHDR_141_e01.jpg,1951,8000000.000000,32,1024,SDR,130,1,100,14.0,0.37114561113028843,0.7302843040812591,0.0,0.8756004571914673,-1.0894229970322298,reference
SIHDR_141,SIHDR_141_e02.jpg,1952,6000000.000000,32,1024,SDR,130,2,100,14.0,0.44010370209344213,0.6729230531661786,0.0,0.8309018015861511,-0.905742404238915,reference
SIHDR_141,SIHDR_141_e03.jpg,1953,4000000.000000,32,1024,SDR,130,3,100,14.0,0.5250132438380751,0.5982839380490483,0.0,0.7637900114059448,-0.6715546322600215,reference
SIHDR_141,SIHDR_141_e04.jpg,1954,2000000.000000,32,1024,SDR,130,4,100,14.0,0.6426321485614909,0.483201123261347,0.001569935029282577,0.6474606990814209,-0.32534003299048575,reference
SIHDR_141,SIHDR_141_e05.jpg,1955,1000000.000000,32,1024,SDR,130,5,100,14.0,0.7826383352946246,0.3255642043374817,0.0037832860541727673,0.5221530199050903,0.12772664056548844,reference
SIHDR_141,SIHDR_141_e06.jpg,1956,500000.000000,32,1024,SDR,130,6,100,14.0,0.8695134317272643,0.19738715913250365,0.005507640922401171,0.38090816140174866,0.46923147253985575,reference
SIHDR_141,SIHDR_141_e07.jpg,1957,250000.000000,32,1024,SDR,130,7,100,14.0,0.8765787247217908,0.13540761118228403,0.05578559663250366,0.2707037329673767,0.549977905724719,reference
SIHDR_141,SIHDR_141_e08.jpg,1958,125000.000000,32,1024,SDR,130,8,100,14.0,0.8637852524088107,0.08351968566983894,0.17338202324304539,0.1876218467950821,0.5233638578260873,reference
SIHDR_141,SIHDR_141_e09.jpg,1959,66666.666667,32,1024,SDR,130,9,100,14.0,0.8324014824158531,0.05077982018667643,0.3096432329795022,0.12953907251358032,0.42119860906299805,reference
SIHDR_141,SIHDR_141_e10.jpg,1960,33333.333333,32,1024,SDR,130,10,100,14.0,0.7831482074326682,0.018481767020497804,0.43578851345168373,0.07989376783370972,0.31039615993998887,reference
SIHDR_141,SIHDR_141_e11.jpg,1961,16666.666667,32,1024,SDR,130,11,100,14.0,0.7212866016553425,0.003384368136896047,0.5552122414897511,0.044341180473566055,0.15930562389179936,reference
SIHDR_141,SIHDR_141_e12.jpg,1962,8000.000000,32,1024,SDR,130,12,100,14.0,0.6312135658940493,0.00012010431918008785,0.7359578033491947,0.021793182939291,-0.10498444609350555,reference
SIHDR_141,SIHDR_141_e13.jpg,1963,4000.000000,32,1024,SDR,130,13,100,14.0,0.5710109601129955,0.0,0.8250466119143485,0.010910402052104473,-0.254035651801353,reference
SIHDR_141,SIHDR_141_e14.jpg,1964,2000.000000,32,1024,SDR,130,14,100,14.0,0.49656912839436407,0.0,0.8833801358894583,0.0054552010260522366,-0.38681100749509423,reference
SIHDR_142,SIHDR_142_e00.jpg,1965,15000000.000000,32,1024,SDR,131,0,100,14.0,0.05881493618738393,0.964636427068082,0.0,0.992091715335846,-1.87045791794878,reference
SIHDR_142,SIHDR_142_e01.jpg,1966,8000000.000000,32,1024,SDR,131,1,100,14.0,0.1772503509545983,0.8834888017020498,0.0,0.9574300646781921,-1.5897272524495012,reference
SIHDR_142,SIHDR_142_e02.jpg,1967,6000000.000000,32,1024,SDR,131,2,100,14.0,0.24299179133921503,0.8347293077415813,0.0,0.9321050643920898,-1.4264668241439475,reference
SIHDR_142,SIHDR_142_e03.jpg,1968,4000000.000000,32,1024,SDR,131,3,100,14.0,0.3647822101204363,0.736120802068082,0.0,0.8815571069717407,-1.1074593940157276,reference
SIHDR_142,SIHDR_142_e04.jpg,1969,2000000.000000,32,1024,SDR,131,4,100,14.0,0.5936890674639024,0.5285161969253295,0.0,0.7487857341766357,-0.46334332638675657,reference
SIHDR_142,SIHDR_142_e05.jpg,1970,1000000.000000,32,1024,SDR,131,5,100,14.0,0.7540884049553965,0.35913908080161056,0.0,0.5861278176307678,0.03581024335217542,reference
SIHDR_142,SIHDR_142_e06.jpg,1971,500000.000000,32,1024,SDR,131,6,100,14.0,0.832417579274915,0.2488375617679356,4.0034773060029284e-05,0.43935322761535645,0.3347024209659838,reference
SIHDR_142,SIHDR_142_e07.jpg,1972,250000.000000,32,1024,SDR,131,7,100,14.0,0.8781376363010729,0.15170605325768668,0.004385237463396779,0.31616348028182983,0.5703402923223027,reference
SIHDR_142,SIHDR_142_e08.jpg,1973,125000.000000,32,1024,SDR,131,8,100,14.0,0.893306171301086,0.0638240071376281,0.06319488927525622,0.20436027646064758,0.7024632677505737,reference
SIHDR_142,SIHDR_142_e09.jpg,1974,66666.666667,32,1024,SDR,131,9,100,14.0,0.8573821378331297,0.02964288982430454,0.1488278390373353,0.12891432642936707,0.6492685191471853,reference
SIHDR_142,SIHDR_142_e10.jpg,1975,33333.333333,32,1024,SDR,131,10,100,14.0,0.7943605484386439,0.012103369784040996,0.32216982750732065,0.07413383573293686,0.4479839813632413,reference
SIHDR_142,SIHDR_142_e11.jpg,1976,16666.666667,32,1024,SDR,131,11,100,14.0,0.7231015166570808,0.0004017775439238653,0.5283946627928258,0.03888535127043724,0.19390329877640733,reference
SIHDR_142,SIHDR_142_e12.jpg,1977,8000.000000,32,1024,SDR,131,12,100,14.0,0.6346671278764372,0.0,0.6822397167825769,0.018667522817850113,-0.04757258890613969,reference
SIHDR_142,SIHDR_142_e13.jpg,1978,4000.000000,32,1024,SDR,131,13,100,14.0,0.5582272794052864,0.0,0.7831816778001464,0.009333761408925056,-0.22495439839485998,reference
SIHDR_142,SIHDR_142_e14.jpg,1979,2000.000000,32,1024,SDR,131,14,100,14.0,0.4882753846452073,0.0,0.8897327964860908,0.004666880704462528,-0.4014574118408835,reference
SIHDR_143,SIHDR_143_e00.jpg,1980,15000000.000000,32,1024,SDR,132,0,100,14.0,0.7934244565760289,0.02520045982796486,0.2763514595534407,0.0829424262046814,0.46667207736665844,reference
SIHDR_143,SIHDR_143_e01.jpg,1981,8000000.000000,32,1024,SDR,132,1,100,14.0,0.7340346375595898,0.012299254209370425,0.4455341210651537,0.05254913493990898,0.26390200807569514,reference
SIHDR_143,SIHDR_143_e02.jpg,1982,6000000.000000,32,1024,SDR,132,2,100,14.0,0.7070046532739968,0.007262021870424597,0.5194568997071742,0.04173339530825615,0.17302370982597337,reference
SIHDR_143,SIHDR_143_e03.jpg,1983,4000000.000000,32,1024,SDR,132,3,100,14.0,0.6612443531177202,0.0044867542093704246,0.6074161557467057,0.029621083289384842,0.044854688952273625,reference
SIHDR_143,SIHDR_143_e04.jpg,1984,2000000.000000,32,1024,SDR,132,4,100,14.0,0.5810105723008139,0.003122712298682284,0.7907682672950219,0.016542624682188034,-0.2160031195915726,reference
SIHDR_143,SIHDR_143_e05.jpg,1985,1000000.000000,32,1024,SDR,132,5,100,14.0,0.5135097921096242,0.0028982316068814056,0.8980585994692533,0.009748627431690693,-0.39034527057339186,reference
SIHDR_143,SIHDR_143_e06.jpg,1986,500000.000000,32,1024,SDR,132,6,100,14.0,0.44223959646315647,0.00277955710102489,0.9368937591508053,0.00629110261797905,-0.5002132768896986,reference
SIHDR_143,SIHDR_143_e07.jpg,1987,250000.000000,32,1024,SDR,132,7,100,14.0,0.36769245969541897,0.0023291659040995606,0.9610161397327965,0.004439657088369131,-0.5979820118455768,reference
SIHDR_143,SIHDR_143_e08.jpg,1988,125000.000000,32,1024,SDR,132,8,100,14.0,0.2851672981332129,0.0,0.9788502013177159,0.00263927667401731,-0.6936829031845031,reference
SIHDR_143,SIHDR_143_e09.jpg,1989,66666.666667,32,1024,SDR,132,9,100,14.0,0.22161985860711944,0.0,0.991298156112738,0.001407613861374557,-0.7696782975056186,reference
SIHDR_143,SIHDR_143_e10.jpg,1990,33333.333333,32,1024,SDR,132,10,100,14.0,0.13363725785356234,0.0,0.996241020772328,0.0007038069306872785,-0.8626037629187657,reference
SIHDR_143,SIHDR_143_e11.jpg,1991,16666.666667,32,1024,SDR,132,11,100,14.0,0.08710349550986551,0.0,0.9970002516471449,0.00035190346534363925,-0.9098967561372794,reference
SIHDR_143,SIHDR_143_e12.jpg,1992,8000.000000,32,1024,SDR,132,12,100,14.0,0.0567484406985512,0.0,0.9971332242862372,0.00016891372797545046,-0.940384783587686,reference
SIHDR_143,SIHDR_143_e13.jpg,1993,4000.000000,32,1024,SDR,132,13,100,14.0,0.03424370312141587,0.0,0.9973005124450952,8.445686398772523e-05,-0.9630568093236793,reference
SIHDR_143,SIHDR_143_e14.jpg,1994,2000.000000,32,1024,SDR,132,14,100,14.0,0.01884151091686375,0.0,0.998304241398243,4.2228431993862614e-05,-0.9794627304813793,reference
SIHDR_144,SIHDR_144_e00.jpg,1995,15000000.000000,32,1024,SDR,133,0,100,14.0,0.7827986403552889,1.8587573206442167e-05,0.1670393713396779,0.06179055571556091,0.6157220938691981,reference
SIHDR_144,SIHDR_144_e01.jpg,1996,8000000.000000,32,1024,SDR,133,1,100,14.0,0.7094977781163548,8.578879941434847e-06,0.3377390647877013,0.0329609289765358,0.37174155556877064,reference
SIHDR_144,SIHDR_144_e02.jpg,1997,6000000.000000,32,1024,SDR,133,2,100,14.0,0.6744327952338726,2.859626647144949e-06,0.4287895772327965,0.02472180686891079,0.2456374987477818,reference
SIHDR_144,SIHDR_144_e03.jpg,1998,4000000.000000,32,1024,SDR,133,3,100,14.0,0.629073965955276,0.0,0.5280286305819912,0.016481230035424232,0.10104533537328475,reference
SIHDR_144,SIHDR_144_e04.jpg,1999,2000000.000000,32,1024,SDR,133,4,100,14.0,0.5479869931171634,0.0,0.7089786557467057,0.008240615017712116,-0.16099166262954234,reference
SIHDR_144,SIHDR_144_e05.jpg,2000,1000000.000000,32,1024,SDR,133,5,100,14.0,0.466661477832647,0.0,0.8732742153184481,0.004120307508856058,-0.40661273748580107,reference
SIHDR_144,SIHDR_144_e06.jpg,2001,500000.000000,32,1024,SDR,133,6,100,14.0,0.3955449475627278,0.0,0.9928523631954612,0.002060153754428029,-0.5973074156327334,reference
SIHDR_144,SIHDR_144_e07.jpg,2002,250000.000000,32,1024,SDR,133,7,100,14.0,0.33787718936240024,0.0,0.9997555019216691,0.0010300768772140145,-0.6618783125592689,reference
SIHDR_144,SIHDR_144_e08.jpg,2003,125000.000000,32,1024,SDR,133,8,100,14.0,0.2621554819598749,0.0,0.9999828422401171,0.0005150384386070073,-0.7378273602802422,reference
SIHDR_144,SIHDR_144_e09.jpg,2004,66666.666667,32,1024,SDR,133,9,100,14.0,0.18563967925223668,0.0,0.9999971403733529,0.0002746871905401349,-0.8143574611211162,reference
SIHDR_144,SIHDR_144_e10.jpg,2005,33333.333333,32,1024,SDR,133,10,100,14.0,0.1240268171774385,0.0,1.0,0.00013734359527006745,-0.8759731828225615,reference
SIHDR_144,SIHDR_144_e11.jpg,2006,16666.666667,32,1024,SDR,133,11,100,14.0,0.033573021046330614,0.0,1.0,6.867179763503373e-05,-0.9664269789536694,reference
SIHDR_144,SIHDR_144_e12.jpg,2007,8000.000000,32,1024,SDR,133,12,100,14.0,0.0012771782411767007,0.0,1.0,3.2962470868369564e-05,-0.9987228217588233,reference
SIHDR_144,SIHDR_144_e13.jpg,2008,4000.000000,32,1024,SDR,133,13,100,14.0,5.688630130776931e-05,0.0,1.0,1.6481235434184782e-05,-0.9999431136986923,reference
SIHDR_144,SIHDR_144_e14.jpg,2009,2000.000000,32,1024,SDR,133,14,100,14.0,2.6127648185976317e-05,0.0,1.0,8.240617717092391e-06,-0.999973872351814,reference
SIHDR_145,SIHDR_145_e00.jpg,2010,15000000.000000,32,1024,SDR,134,0,100,14.0,0.4452529116619875,0.660283503385798,0.0,0.8587338924407959,-0.8753140951096086,reference
SIHDR_145,SIHDR_145_e01.jpg,2011,8000000.000000,32,1024,SDR,134,1,100,14.0,0.6187570649615345,0.49934228587115664,0.0,0.7221306562423706,-0.3799275067807788,reference
SIHDR_145,SIHDR_145_e02.jpg,2012,6000000.000000,32,1024,SDR,134,2,100,14.0,0.6858936648817773,0.4302179607430454,0.0,0.6562433838844299,-0.17454225660431355,reference
SIHDR_145,SIHDR_145_e03.jpg,2013,4000000.000000,32,1024,SDR,134,3,100,14.0,0.7594602277515682,0.346472364568082,0.0,0.5646066069602966,0.06651549861540418,reference
SIHDR_145,SIHDR_145_e04.jpg,2014,2000000.000000,32,1024,SDR,134,4,100,14.0,0.8147417170979511,0.25858888863469986,0.003442990483162518,0.4281054437160492,0.2941209493453888,reference
SIHDR_145,SIHDR_145_e05.jpg,2015,1000000.000000,32,1024,SDR,134,5,100,14.0,0.8301110574296938,0.197857567715959,0.01619263588945827,0.32431232929229736,0.41820328610831753,reference
SIHDR_145,SIHDR_145_e06.jpg,2016,500000.000000,32,1024,SDR,134,6,100,14.0,0.8194114660680009,0.15402949990849193,0.04952158446193265,0.24850048124790192,0.46183088178908427,reference
SIHDR_145,SIHDR_145_e07.jpg,2017,250000.000000,32,1024,SDR,134,7,100,14.0,0.8068086403780282,0.10253191343338214,0.16798590775988287,0.1870221495628357,0.4337589057513811,reference
SIHDR_145,SIHDR_145_e08.jpg,2018,125000.000000,32,1024,SDR,134,8,100,14.0,0.7997948347317257,0.0011581487920937043,0.39459702141288433,0.10495596379041672,0.402881515734654,reference
SIHDR_145,SIHDR_145_e09.jpg,2019,66666.666667,32,1024,SDR,134,9,100,14.0,0.724561848480128,2.4306826500732065e-05,0.5490912106515373,0.05609530583024025,0.17542202417558916,reference
SIHDR_145,SIHDR_145_e10.jpg,2020,33333.333333,32,1024,SDR,134,10,100,14.0,0.645476062800738,0.0,0.6855311470534406,0.028048383072018623,-0.040055084252702655,reference
SIHDR_145,SIHDR_145_e11.jpg,2021,16666.666667,32,1024,SDR,134,11,100,14.0,0.5705103951309697,0.0,0.7621062294106882,0.014024191536009312,-0.1915958342797185,reference
SIHDR_145,SIHDR_145_e12.jpg,2022,8000.000000,32,1024,SDR,134,12,100,14.0,0.48712768476203117,0.0,0.8170711131954612,0.006731611210852861,-0.32994342843343005,reference
SIHDR_145,SIHDR_145_e13.jpg,2023,4000.000000,32,1024,SDR,134,13,100,14.0,0.4298605856109455,0.0,0.8629995767752562,0.0033658056054264307,-0.4331389911643107,reference
SIHDR_145,SIHDR_145_e14.jpg,2024,2000.000000,32,1024,SDR,134,14,100,14.0,0.3541832387222883,0.0,0.9610375869326501,0.0016829028027132154,-0.6068543482103618,reference
SIHDR_146,SIHDR_146_e00.jpg,2025,15000000.000000,32,1024,SDR,135,0,100,14.0,0.006664435597593186,0.9968229547950219,0.0,0.9994792938232422,-1.9869814739924507,reference
SIHDR_146,SIHDR_146_e01.jpg,2026,8000000.000000,32,1024,SDR,135,1,100,14.0,0.053999513537572645,0.9688801130124451,0.0,0.9923326969146729,-1.8837607124873177,reference
SIHDR_146,SIHDR_146_e02.jpg,2027,6000000.000000,32,1024,SDR,135,2,100,14.0,0.10409804270803595,0.9347819248718887,0.0,0.9819899201393127,-1.7654658070357414,reference
SIHDR_146,SIHDR_146_e03.jpg,2028,4000000.000000,32,1024,SDR,135,3,100,14.0,0.23543760716860318,0.8319154351207906,0.0,0.9490800499916077,-1.4283932630729779,reference
SIHDR_146,SIHDR_146_e04.jpg,2029,2000000.000000,32,1024,SDR,135,4,100,14.0,0.5954765312825469,0.4916041361639824,0.0,0.7922117710113525,-0.38773174104541797,reference
SIHDR_146,SIHDR_146_e05.jpg,2030,1000000.000000,32,1024,SDR,135,5,100,14.0,0.7842709912650089,0.279474171852123,0.0,0.5747740268707275,0.22532264756076292,reference
SIHDR_146,SIHDR_146_e06.jpg,2031,500000.000000,32,1024,SDR,135,6,100,14.0,0.869796125851343,0.1396741741398243,0.0,0.3858184516429901,0.5904477775716944,reference
SIHDR_146,SIHDR_146_e07.jpg,2032,250000.000000,32,1024,SDR,135,7,100,14.0,0.8852726882784525,0.04660905472181552,0.0001229639458272328,0.23198430240154266,0.7919316148889942,reference
SIHDR_146,SIHDR_146_e08.jpg,2033,125000.000000,32,1024,SDR,135,8,100,14.0,0.8355462302652662,0.015114556643484626,0.007640922401171303,0.12913291156291962,0.7976761945771257,reference
SIHDR_146,SIHDR_146_e09.jpg,2034,66666.666667,32,1024,SDR,135,9,100,14.0,0.7711478353664675,0.004639744234992679,0.05213242359077599,0.07285536825656891,0.7097359233057061,reference
SIHDR_146,SIHDR_146_e10.jpg,2035,33333.333333,32,1024,SDR,135,10,100,14.0,0.6922624881549354,0.0002859626647144949,0.25764378202781846,0.03713688626885414,0.434046780797688,reference
SIHDR_146,SIHDR_146_e11.jpg,2036,16666.666667,32,1024,SDR,135,11,100,14.0,0.6105956436615698,0.0,0.584703571101757,0.01857898384332657,0.02589207255981285,reference
SIHDR_146,SIHDR_146_e12.jpg,2037,8000.000000,32,1024,SDR,135,12,100,14.0,0.5266433219952734,0.0,0.7713027887079063,0.008917910978198051,-0.24465946671263283,reference
SIHDR_146,SIHDR_146_e13.jpg,2038,4000.000000,32,1024,SDR,135,13,100,14.0,0.4470425917769462,0.0,0.9036591782576867,0.004458955489099026,-0.4566165864807405,reference
SIHDR_146,SIHDR_146_e14.jpg,2039,2000.000000,32,1024,SDR,135,14,100,14.0,0.3710005105410983,0.0,0.9673902475292826,0.002229477744549513,-0.5963897369881843,reference
SIHDR_147,SIHDR_147_e00.jpg,2040,15000000.000000,32,1024,SDR,136,0,100,14.0,0.023098120267536895,0.9878408674963397,0.0,0.9973546862602234,-1.9525836147251425,reference
SIHDR_147,SIHDR_147_e01.jpg,2041,8000000.000000,32,1024,SDR,136,1,100,14.0,0.12753274298868159,0.9161700448389458,0.0,0.9782974720001221,-1.70480734668921,reference
SIHDR_147,SIHDR_147_e02.jpg,2042,6000000.000000,32,1024,SDR,136,2,100,14.0,0.2351558525623635,0.8293489202049781,0.0,0.9513245224952698,-1.4235419878475928,reference
SIHDR_147,SIHDR_147_e03.jpg,2043,4000000.000000,32,1024,SDR,136,3,100,14.0,0.4466401067318255,0.6375523311676428,0.0,0.875342071056366,-0.82846455560346,reference
SIHDR_147,SIHDR_147_e04.jpg,2044,2000000.000000,32,1024,SDR,136,4,100,14.0,0.7297596653862879,0.34328531066983897,0.0,0.662307620048523,0.04318904404660995,reference
SIHDR_147,SIHDR_147_e05.jpg,2045,1000000.000000,32,1024,SDR,136,5,100,14.0,0.8284331554926578,0.2057472776354319,0.0,0.45851320028305054,0.416938600221794,reference
SIHDR_147,SIHDR_147_e06.jpg,2046,500000.000000,32,1024,SDR,136,6,100,14.0,0.8407480587786721,0.13884488241215226,0.0,0.3124869167804718,0.5630582939543676,reference
SIHDR_147,SIHDR_147_e07.jpg,2047,250000.000000,32,1024,SDR,136,7,100,14.0,0.8476035341777163,0.0600535894033675,0.0016142592423133235,0.2034817785024643,0.7258820961286679,reference
SIHDR_147,SIHDR_147_e08.jpg,2048,125000.000000,32,1024,SDR,136,8,100,14.0,0.8110918683553631,0.011072474377745242,0.022549585926061492,0.11529196798801422,0.7663973336738111,reference
SIHDR_147,SIHDR_147_e09.jpg,2049,66666.666667,32,1024,SDR,136,9,100,14.0,0.7445221476344205,0.0016056803623718887,0.13764955847364568,0.06350742280483246,0.603661228436031,reference
SIHDR_147,SIHDR_147_e10.jpg,2050,33333.333333,32,1024,SDR,136,10,100,14.0,0.6639485366298526,3.288570644216691e-05,0.4674059754758419,0.031944695860147476,0.19647678974112642,reference
SIHDR_147,SIHDR_147_e11.jpg,2051,16666.666667,32,1024,SDR,136,11,100,14.0,0.5831649267321658,0.0,0.7047792940153733,0.015973545610904694,-0.12161436728320751,reference
SIHDR_147,SIHDR_147_e12.jpg,2052,8000.000000,32,1024,SDR,136,12,100,14.0,0.4999000201061141,0.0,0.8182950334004392,0.007667299825698137,-0.31839501329432507,reference
SIHDR_147,SIHDR_147_e13.jpg,2053,4000.000000,32,1024,SDR,136,13,100,14.0,0.42679097112286807,0.0,0.8858908880856515,0.0038336499128490686,-0.45909991696278346,reference
SIHDR_147,SIHDR_147_e14.jpg,2054,2000.000000,32,1024,SDR,136,14,100,14.0,0.351753751838019,0.0,0.963235210010981,0.0019168249564245343,-0.611481458172962,reference
SIHDR_148,SIHDR_148_e00.jpg,2055,15000000.000000,32,1024,SDR,137,0,100,14.0,0.029074006779129895,0.9839532050695461,0.0,0.9967864155769348,-1.9388324033599622,reference
SIHDR_148,SIHDR_148_e01.jpg,2056,8000000.000000,32,1024,SDR,137,1,100,14.0,0.16610660787388334,0.8858422744326501,0.0,0.9697004556655884,-1.6055779409914168,reference
SIHDR_148,SIHDR_148_e02.jpg,2057,6000000.000000,32,1024,SDR,137,2,100,14.0,0.27998093577993055,0.7933161946376281,0.0,0.9358587265014648,-1.3066514534953257,reference
SIHDR_148,SIHDR_148_e03.jpg,2058,4000000.000000,32,1024,SDR,137,3,100,14.0,0.45012283704147404,0.6440122277635432,0.0,0.8602738976478577,-0.8379016184856123,reference
SIHDR_148,SIHDR_148_e04.jpg,2059,2000000.000000,32,1024,SDR,137,4,100,14.0,0.674862110851811,0.4243657348096633,0.0,0.6833013296127319,-0.17386935876751552,reference
SIHDR_148,SIHDR_148_e05.jpg,2060,1000000.000000,32,1024,SDR,137,5,100,14.0,0.8027542541905043,0.2702289989019034,2.859626647144949e-06,0.5081677436828613,0.26229339676005037,reference
SIHDR_148,SIHDR_148_e06.jpg,2061,500000.000000,32,1024,SDR,137,6,100,14.0,0.8812238403007516,0.13712624679721816,4.861365300146413e-05,0.3497208058834076,0.6069227330533139,reference
SIHDR_148,SIHDR_148_e07.jpg,2062,250000.000000,32,1024,SDR,137,7,100,14.0,0.8961764223342233,0.0438309274341142,0.0019488355600292826,0.21345028281211853,0.8065657319059657,reference
SIHDR_148,SIHDR_148_e08.jpg,2063,125000.000000,32,1024,SDR,137,8,100,14.0,0.8465089983473127,0.009872860999267936,0.03307730142752562,0.11731992661952972,0.7936859749212513,reference
SIHDR_148,SIHDR_148_e09.jpg,2064,66666.666667,32,1024,SDR,137,9,100,14.0,0.7788046038492896,0.00048184709004392385,0.17535087618960468,0.06394588947296143,0.6024900334795972,reference
SIHDR_148,SIHDR_148_e10.jpg,2065,33333.333333,32,1024,SDR,137,10,100,14.0,0.697073243538044,1.572794655929722e-05,0.43112303257686674,0.032014310359954834,0.2659187550680587,reference
SIHDR_148,SIHDR_148_e11.jpg,2066,16666.666667,32,1024,SDR,137,11,100,14.0,0.6157443837562121,0.0,0.6221232155929722,0.016008324921131134,-0.006378831836760135,reference
SIHDR_148,SIHDR_148_e12.jpg,2067,8000.000000,32,1024,SDR,137,12,100,14.0,0.533602899637177,0.0,0.7778827896229868,0.007683991454541683,-0.24427988998580985,reference
SIHDR_148,SIHDR_148_e13.jpg,2068,4000.000000,32,1024,SDR,137,13,100,14.0,0.4510045535873024,0.0,0.9027541064238653,0.0038419957272708416,-0.45174955283656293,reference
SIHDR_148,SIHDR_148_e14.jpg,2069,2000.000000,32,1024,SDR,137,14,100,14.0,0.389037773742445,0.0,0.9724017432284041,0.0019209978636354208,-0.5833639694859591,reference
SIHDR_149,SIHDR_149_e00.jpg,2070,15000000.000000,32,1024,SDR,138,0,100,14.0,0.11859737487961723,0.9240883510248902,0.0,0.9789698719978333,-1.7295793271701632,reference
SIHDR_149,SIHDR_149_e01.jpg,2071,8000000.000000,32,1024,SDR,138,1,100,14.0,0.2832437243543172,0.8013689032759883,0.0,0.920927107334137,-1.3194940821976595,reference
SIHDR_149,SIHDR_149_e02.jpg,2072,6000000.000000,32,1024,SDR,138,2,100,14.0,0.3520734758374973,0.7473033720717424,0.0,0.8831455707550049,-1.1425332683059874,reference
SIHDR_149,SIHDR_149_e03.jpg,2073,4000000.000000,32,1024,SDR,138,3,100,14.0,0.4292569010479572,0.6845574441800878,0.0,0.8254674077033997,-0.9398579873122184,reference
SIHDR_149,SIHDR_149_e04.jpg,2074,2000000.000000,32,1024,SDR,138,4,100,14.0,0.5391747016462961,0.5866423979685212,0.00011867450585651538,0.7272624373435974,-0.634228768796603,reference
SIHDR_149,SIHDR_149_e05.jpg,2075,1000000.000000,32,1024,SDR,138,5,100,14.0,0.6720071376900428,0.4546062866032211,0.00044324213030746707,0.6201908588409424,-0.23764867764670686,reference
SIHDR_149,SIHDR_149_e06.jpg,2076,500000.000000,32,1024,SDR,138,6,100,14.0,0.8092551812377611,0.2955152475292826,0.0007606606881405564,0.4920334815979004,0.2174640254910553,reference
SIHDR_149,SIHDR_149_e07.jpg,2077,250000.000000,32,1024,SDR,138,7,100,14.0,0.901837883780531,0.1513729067532943,0.01872769491215227,0.3490823805332184,0.5803643753617901,reference
SIHDR_149,SIHDR_149_e08.jpg,2078,125000.000000,32,1024,SDR,138,8,100,14.0,0.90344854977366,0.08525547904465593,0.1118114019033675,0.228571817278862,0.6211261897809807,reference
SIHDR_149,SIHDR_149_e09.jpg,2079,66666.666667,32,1024,SDR,138,9,100,14.0,0.8735976549701335,0.04893822062591508,0.2363953262262079,0.15220989286899567,0.5393258874920954,reference
SIHDR_149,SIHDR_149_e10.jpg,2080,33333.333333,32,1024,SDR,138,10,100,14.0,0.827867791909429,0.009931483345534406,0.3418683656661786,0.08715737611055374,0.46613645955218164,reference
SIHDR_149,SIHDR_149_e11.jpg,2081,16666.666667,32,1024,SDR,138,11,100,14.0,0.7564235085283625,0.00013297263909224012,0.4462418786603221,0.04563621059060097,0.3099156845898559,reference
SIHDR_149,SIHDR_149_e12.jpg,2082,8000.000000,32,1024,SDR,138,12,100,14.0,0.6666932445775045,8.578879941434847e-06,0.597913616398243,0.021931910887360573,0.06876247041937855,reference
SIHDR_149,SIHDR_149_e13.jpg,2083,4000.000000,32,1024,SDR,138,13,100,14.0,0.5972800185065789,0.0,0.7613913227489019,0.010966087691485882,-0.164111304242323,reference
SIHDR_149,SIHDR_149_e14.jpg,2084,2000.000000,32,1024,SDR,138,14,100,14.0,0.5289980251993094,0.0,0.8787618388543191,0.005483043845742941,-0.34976381365500975,reference
SIHDR_150,SIHDR_150_e00.jpg,2085,15000000.000000,32,1024,SDR,139,0,100,14.0,0.0006517743882678875,0.9997497826683748,0.0,0.9999622702598572,-1.9988477909484816,reference
SIHDR_150,SIHDR_150_e01.jpg,2086,8000000.000000,32,1024,SDR,139,1,100,14.0,0.008431874128744944,0.9959750754941434,0.0,0.9992163777351379,-1.9835182768595419,reference
SIHDR_150,SIHDR_150_e02.jpg,2087,6000000.000000,32,1024,SDR,139,2,100,14.0,0.030898390776830584,0.9822488675878477,0.0,0.9968036413192749,-1.9335993443988648,reference
SIHDR_150,SIHDR_150_e03.jpg,2088,4000000.000000,32,1024,SDR,139,3,100,14.0,0.10329344518065532,0.9343372529282576,0.0,0.9831511974334717,-1.76538106067586,reference
SIHDR_150,SIHDR_150_e04.jpg,2089,2000000.000000,32,1024,SDR,139,4,100,14.0,0.29936428498809803,0.7830072405746705,0.0,0.9211171269416809,-1.266650196161243,reference
SIHDR_150,SIHDR_150_e05.jpg,2090,1000000.000000,32,1024,SDR,139,5,100,14.0,0.5437714430266429,0.5677845900439239,0.0,0.7885711193084717,-0.5917977370612049,reference
SIHDR_150,SIHDR_150_e06.jpg,2091,500000.000000,32,1024,SDR,139,6,100,14.0,0.7574950989421004,0.3429864796852123,0.0,0.614215075969696,0.07152213957167586,reference
SIHDR_150,SIHDR_150_e07.jpg,2092,250000.000000,32,1024,SDR,139,7,100,14.0,0.8902815933622655,0.15860633235724744,0.0,0.4202686548233032,0.5730689286477706,reference
SIHDR_150,SIHDR_150_e08.jpg,2093,125000.000000,32,1024,SDR,139,8,100,14.0,0.9101959196720618,0.06824498993411421,0.0006133899158125916,0.261763334274292,0.7730925498880208,reference
SIHDR_150,SIHDR_150_e09.jpg,2094,66666.666667,32,1024,SDR,139,9,100,14.0,0.8857009054229201,0.005792173773792094,0.011357007229136164,0.15012246370315552,0.8627595506461998,reference
SIHDR_150,SIHDR_150_e10.jpg,2095,33333.333333,32,1024,SDR,139,10,100,14.0,0.806826328867968,2.287701317715959e-05,0.09498535871156662,0.07543835043907166,0.711795216130047,reference
SIHDR_150,SIHDR_150_e11.jpg,2096,16666.666667,32,1024,SDR,139,11,100,14.0,0.7238836672355626,0.0,0.2825940245241581,0.037720851600170135,0.44128964271140453,reference
SIHDR_150,SIHDR_150_e12.jpg,2097,8000.000000,32,1024,SDR,139,12,100,14.0,0.6368806866622861,0.0,0.5055419564421669,0.018106011673808098,0.13133873022011922,reference
SIHDR_150,SIHDR_150_e13.jpg,2098,4000.000000,32,1024,SDR,139,13,100,14.0,0.5592565997196056,0.0,0.7330424139824304,0.009053005836904049,-0.1737858142628248,reference
SIHDR_150,SIHDR_150_e14.jpg,2099,2000.000000,32,1024,SDR,139,14,100,14.0,0.47405392732479185,0.0,0.8777452415812591,0.0045265029184520245,-0.40369131425646726,reference
SIHDR_151,SIHDR_151_e00.jpg,2100,15000000.000000,32,1024,SDR,140,0,100,14.0,0.0068120954799405576,0.9969116032210834,0.0,0.9993382692337036,-1.9870111109622262,reference
SIHDR_151,SIHDR_151_e01.jpg,2101,8000000.000000,32,1024,SDR,140,1,100,14.0,0.034249088234386514,0.9819071422035139,0.0,0.9950595498085022,-1.9295651961726414,reference
SIHDR_151,SIHDR_151_e02.jpg,2102,6000000.000000,32,1024,SDR,140,2,100,14.0,0.06336362734103852,0.9639086520863837,0.0,0.9893990755081177,-1.8644536768317288,reference
SIHDR_151,SIHDR_151_e03.jpg,2103,4000000.000000,32,1024,SDR,140,3,100,14.0,0.1457557666655627,0.9066560669838946,0.0,0.9708565473556519,-1.6675563673022264,reference
SIHDR_151,SIHDR_151_e04.jpg,2104,2000000.000000,32,1024,SDR,140,4,100,14.0,0.37891665345695374,0.7191818036237189,0.0,0.8868311643600464,-1.059446953790484,reference
SIHDR_151,SIHDR_151_e05.jpg,2105,1000000.000000,32,1024,SDR,140,5,100,14.0,0.5696516419156534,0.5489224926793558,0.0,0.7542906999588013,-0.5281933434430581,reference
SIHDR_151,SIHDR_151_e06.jpg,2106,500000.000000,32,1024,SDR,140,6,100,14.0,0.7435049731006798,0.3681626326866764,0.0,0.597720742225647,0.0071797077273269005,reference
SIHDR_151,SIHDR_151_e07.jpg,2107,250000.000000,32,1024,SDR,140,7,100,14.0,0.8513554167922998,0.22483814513177158,0.00020589311859443632,0.4403146207332611,0.40147323341016217,reference
SIHDR_151,SIHDR_151_e08.jpg,2108,125000.000000,32,1024,SDR,140,8,100,14.0,0.9296603997786345,0.07003082677525622,0.005540526628843338,0.29018598794937134,0.7840582195992787,reference
SIHDR_151,SIHDR_151_e09.jpg,2109,66666.666667,32,1024,SDR,140,9,100,14.0,0.9077120498746182,0.010660688140556368,0.0291824899341142,0.16859190165996552,0.8572081836593912,reference
SIHDR_151,SIHDR_151_e10.jpg,2110,33333.333333,32,1024,SDR,140,10,100,14.0,0.833269787196805,9.579749267935579e-05,0.13373329978038068,0.08567094802856445,0.6993448924310657,reference
SIHDR_151,SIHDR_151_e11.jpg,2111,16666.666667,32,1024,SDR,140,11,100,14.0,0.7513670423985293,0.0,0.32934320095168373,0.04283970221877098,0.4220238414468455,reference
SIHDR_151,SIHDR_151_e12.jpg,2112,8000.000000,32,1024,SDR,140,12,100,14.0,0.6638553761537863,0.0,0.5174165560944363,0.02056305669248104,0.14643882005935005,reference
SIHDR_151,SIHDR_151_e13.jpg,2113,4000.000000,32,1024,SDR,140,13,100,14.0,0.5839956866041806,0.0,0.6839254666910688,0.01028152834624052,-0.09992978008688824,reference
SIHDR_151,SIHDR_151_e14.jpg,2114,2000.000000,32,1024,SDR,140,14,100,14.0,0.5033829996553095,0.0,0.8185824258784773,0.00514076417312026,-0.31519942622316777,reference
SIHDR_152,SIHDR_152_e00.jpg,2115,15000000.000000,32,1024,SDR,141,0,100,14.0,0.007185589654387384,0.9967185784224012,0.0,0.9992902874946594,-1.986251567190415,reference
SIHDR_152,SIHDR_152_e01.jpg,2116,8000000.000000,32,1024,SDR,141,1,100,14.0,0.046154893216661864,0.9736085056734992,0.0,0.9935705065727234,-1.9010621181303367,reference
SIHDR_152,SIHDR_152_e02.jpg,2117,6000000.000000,32,1024,SDR,141,2,100,14.0,0.09484097118310543,0.9421726299414348,0.0,0.983712375164032,-1.789504288699764,reference
SIHDR_152,SIHDR_152_e03.jpg,2118,4000000.000000,32,1024,SDR,141,3,100,14.0,0.17793074144313373,0.8834930911420205,0.0,0.9592629075050354,-1.5890554408409072,reference
SIHDR_152,SIHDR_152_e04.jpg,2119,2000000.000000,32,1024,SDR,141,4,100,14.0,0.368593433435181,0.7344536397327965,0.0,0.8792733550071716,-1.100313846030412,reference
SIHDR_152,SIHDR_152_e05.jpg,2120,1000000.000000,32,1024,SDR,141,5,100,14.0,0.5621768576230006,0.5624270795204978,0.0,0.7595478296279907,-0.5626773014179949,reference
SIHDR_152,SIHDR_152_e06.jpg,2121,500000.000000,32,1024,SDR,141,6,100,14.0,0.7575676312137937,0.35942504346632503,0.0,0.6012083888053894,0.0387175442811436,reference
SIHDR_152,SIHDR_152_e07.jpg,2122,250000.000000,32,1024,SDR,141,7,100,14.0,0.8675878308953008,0.21132640922401172,0.00021447199853587116,0.43409740924835205,0.4447205404487415,reference
SIHDR_152,SIHDR_152_e08.jpg,2123,125000.000000,32,1024,SDR,141,8,100,14.0,0.9315744079089147,0.07399855874816984,0.006614316434846266,0.2852330803871155,0.7769629739777287,reference
SIHDR_152,SIHDR_152_e09.jpg,2124,66666.666667,32,1024,SDR,141,9,100,14.0,0.9132886794111247,0.009576889641288434,0.04951300558199122,0.16657961905002594,0.8446218945465566,reference
SIHDR_152,SIHDR_152_e10.jpg,2125,33333.333333,32,1024,SDR,141,10,100,14.0,0.8364716143753452,4.861365300146413e-05,0.1527026331442167,0.08400703221559525,0.6836717539251256,reference
SIHDR_152,SIHDR_152_e11.jpg,2126,16666.666667,32,1024,SDR,141,11,100,14.0,0.7551552944080192,0.0,0.30906701821010246,0.04200689494609833,0.44608827619791674,reference
SIHDR_152,SIHDR_152_e12.jpg,2127,8000.000000,32,1024,SDR,141,12,100,14.0,0.6671760803491814,0.0,0.5092551816434846,0.02016330510377884,0.1579208987056968,reference
SIHDR_152,SIHDR_152_e13.jpg,2128,4000.000000,32,1024,SDR,141,13,100,14.0,0.586415856675277,0.0,0.6996348256771596,0.01008165255188942,-0.11321896900188266,reference
SIHDR_152,SIHDR_152_e14.jpg,2129,2000.000000,32,1024,SDR,141,14,100,14.0,0.5059992561022146,0.0,0.826951123261347,0.00504082627594471,-0.3209518671591324,reference
SIHDR_153,SIHDR_153_e00.jpg,2130,15000000.000000,32,1024,SDR,142,0,100,14.0,0.00196069051623734,0.9991592697657394,0.0,0.9998721480369568,-1.9963578490152416,reference
SIHDR_153,SIHDR_153_e01.jpg,2131,8000000.000000,32,1024,SDR,142,1,100,14.0,0.02140836508667479,0.988853175329429,0.0,0.9974929094314575,-1.9562979855721832,reference
SIHDR_153,SIHDR_153_e02.jpg,2132,6000000.000000,32,1024,SDR,142,2,100,14.0,0.049947516861100216,0.9713522602489019,0.0,0.9931104183197021,-1.8927570036367034,reference
SIHDR_153,SIHDR_153_e03.jpg,2133,4000000.000000,32,1024,SDR,142,3,100,14.0,0.14045170586901737,0.9066174620241582,0.0,0.9753378629684448,-1.672783218179299,reference
SIHDR_153,SIHDR_153_e04.jpg,2134,2000000.000000,32,1024,SDR,142,4,100,14.0,0.4784125392643161,0.6059134219436311,0.0,0.8617804050445557,-0.733414304622946,reference
SIHDR_153,SIHDR_153_e05.jpg,2135,1000000.000000,32,1024,SDR,142,5,100,14.0,0.7332280598769269,0.3406959187408492,0.0,0.6506683826446533,0.05183622239522845,reference
SIHDR_153,SIHDR_153_e06.jpg,2136,500000.000000,32,1024,SDR,142,6,100,14.0,0.865594255536945,0.15625142981332357,0.0,0.4411981999874115,0.5530913959102979,reference
SIHDR_153,SIHDR_153_e07.jpg,2137,250000.000000,32,1024,SDR,142,7,100,14.0,0.8821922952711073,0.06958758464494876,1.572794655929722e-05,0.2690778970718384,0.7430013980346505,reference
SIHDR_153,SIHDR_153_e08.jpg,2138,125000.000000,32,1024,SDR,142,8,100,14.0,0.8385462048485354,0.03843624176427526,0.002336314970717423,0.15939077734947205,0.7593374063492675,reference
SIHDR_153,SIHDR_153_e09.jpg,2139,66666.666667,32,1024,SDR,142,9,100,14.0,0.7824064803214973,0.02393507503660322,0.02143290172035139,0.09858383983373642,0.7131034285279394,reference
SIHDR_153,SIHDR_153_e10.jpg,2140,33333.333333,32,1024,SDR,142,10,100,14.0,0.7128113552103593,0.013696181826500732,0.15384362417642752,0.05823467671871185,0.5315753673809304,reference
SIHDR_153,SIHDR_153_e11.jpg,2141,16666.666667,32,1024,SDR,142,11,100,14.0,0.6410380665461617,0.0031598874450951683,0.4856318059114202,0.032386746257543564,0.1490864857445512,reference
SIHDR_153,SIHDR_153_e12.jpg,2142,8000.000000,32,1024,SDR,142,12,100,14.0,0.5577300199825552,0.00028882229136163983,0.7249110656112738,0.01604924350976944,-0.16775869021144185,reference
SIHDR_153,SIHDR_153_e13.jpg,2143,4000.000000,32,1024,SDR,142,13,100,14.0,0.47921765066915784,6.0052159590043926e-05,0.8878168466325037,0.00809595175087452,-0.40871930028252595,reference
SIHDR_153,SIHDR_153_e14.jpg,2144,2000.000000,32,1024,SDR,142,14,100,14.0,0.40449337904714505,2.859626647144949e-05,0.943854090409956,0.004069233778864145,-0.5394179038957538,reference
SIHDR_154,SIHDR_154_e00.jpg,2145,15000000.000000,32,1024,SDR,143,0,100,14.0,0.0007838357222391827,0.9996997392020498,0.0,0.9999486804008484,-1.9986156426818604,reference
SIHDR_154,SIHDR_154_e01.jpg,2146,8000000.000000,32,1024,SDR,143,1,100,14.0,0.02420879970579316,0.9861351002013177,0.0,0.9977916479110718,-1.9480614006968422,reference
SIHDR_154,SIHDR_154_e02.jpg,2147,6000000.000000,32,1024,SDR,143,2,100,14.0,0.0729219939696967,0.9535467949304539,0.0,0.9907208681106567,-1.834171595891211,reference
SIHDR_154,SIHDR_154_e03.jpg,2148,4000000.000000,32,1024,SDR,143,3,100,14.0,0.20248375056123782,0.854876807284041,0.0,0.9610550999641418,-1.5072698640068443,reference
SIHDR_154,SIHDR_154_e04.jpg,2149,2000000.000000,32,1024,SDR,143,4,100,14.0,0.44615438476036356,0.651849034590044,0.0,0.847156286239624,-0.8575436844197244,reference
SIHDR_154,SIHDR_154_e05.jpg,2150,1000000.000000,32,1024,SDR,143,5,100,14.0,0.6197995520866834,0.48927068081991215,0.0,0.7019161581993103,-0.35874180955314094,reference
SIHDR_154,SIHDR_154_e06.jpg,2151,500000.000000,32,1024,SDR,143,6,100,14.0,0.7845832589750307,0.3046317372803807,7.149066617862372e-06,0.5440421104431152,0.17531263534765146,reference
SIHDR_154,SIHDR_154_e07.jpg,2152,250000.000000,32,1024,SDR,143,7,100,14.0,0.9060749170187584,0.12067481469619326,3.0026079795021963e-05,0.3664637804031372,0.6646952615465768,reference
SIHDR_154,SIHDR_154_e08.jpg,2153,125000.000000,32,1024,SDR,143,8,100,14.0,0.8926927177528139,0.06370247300512445,0.0010165972730600292,0.22335000336170197,0.764271174469505,reference
SIHDR_154,SIHDR_154_e09.jpg,2154,66666.666667,32,1024,SDR,143,9,100,14.0,0.8615924092335123,0.019489785413616397,0.03323172126647145,0.13632649183273315,0.7893811171398081,reference
SIHDR_154,SIHDR_154_e10.jpg,2155,33333.333333,32,1024,SDR,143,10,100,14.0,0.7939739150154331,0.0006005215959004393,0.2068553829612006,0.07118996977806091,0.5859174888624317,reference
SIHDR_154,SIHDR_154_e11.jpg,2156,16666.666667,32,1024,SDR,143,11,100,14.0,0.7126872097853166,0.0,0.39611405334919475,0.035618700087070465,0.3165731564361219,reference
SIHDR_154,SIHDR_154_e12.jpg,2157,8000.000000,32,1024,SDR,143,12,100,14.0,0.6267274510876075,0.0,0.5687454245973645,0.017096972092986107,0.05798202649024298,reference
SIHDR_154,SIHDR_154_e13.jpg,2158,4000.000000,32,1024,SDR,143,13,100,14.0,0.5517321498243277,0.0,0.7688778253111274,0.008548486046493053,-0.21714567548679964,reference
SIHDR_154,SIHDR_154_e14.jpg,2159,2000.000000,32,1024,SDR,143,14,100,14.0,0.46351220633831475,0.0,0.90921972227306,0.004274243023246527,-0.4457075159347453,reference
SIHDR_155,SIHDR_155_e00.jpg,2160,15000000.000000,32,1024,SDR,144,0,100,14.0,0.039053736325439244,0.977736376738653,0.0,0.9952967166900635,-1.9164190171518667,reference
SIHDR_155,SIHDR_155_e01.jpg,2161,8000000.000000,32,1024,SDR,144,1,100,14.0,0.16647657692629156,0.8891322748901903,0.0,0.9661308526992798,-1.6117879728540891,reference
SIHDR_155,SIHDR_155_e02.jpg,2162,6000000.000000,32,1024,SDR,144,2,100,14.0,0.27005114584568757,0.8047346838396779,0.0,0.9357571601867676,-1.3394182218336683,reference
SIHDR_155,SIHDR_155_e03.jpg,2163,4000000.000000,32,1024,SDR,144,3,100,14.0,0.4771151316836944,0.6159321239019033,0.0,0.8566393852233887,-0.7547491161201123,reference
SIHDR_155,SIHDR_155_e04.jpg,2164,2000000.000000,32,1024,SDR,144,4,100,14.0,0.6443071665228631,0.45595889000732065,0.0,0.6839497089385986,-0.26761061349177817,reference
SIHDR_155,SIHDR_155_e05.jpg,2165,1000000.000000,32,1024,SDR,144,5,100,14.0,0.7248511802335619,0.35845705984626647,0.0,0.5416581630706787,0.00793706054102894,reference
SIHDR_155,SIHDR_155_e06.jpg,2166,500000.000000,32,1024,SDR,144,6,100,14.0,0.7955666254817513,0.25473411191434847,4.289439970717423e-06,0.42170459032058716,0.2860941122130836,reference
SIHDR_155,SIHDR_155_e07.jpg,2167,250000.000000,32,1024,SDR,144,7,100,14.0,0.8399910514119004,0.16093978770131773,0.0027052068081991217,0.30742090940475464,0.5154062692010659,reference
SIHDR_155,SIHDR_155_e08.jpg,2168,125000.000000,32,1024,SDR,144,8,100,14.0,0.8374252613704231,0.1020457769033675,0.042213808565153735,0.21733349561691284,0.5911198989985342,reference
SIHDR_155,SIHDR_155_e09.jpg,2169,66666.666667,32,1024,SDR,144,9,100,14.0,0.8258373300199916,0.04561247483528551,0.1632517958455344,0.14853206276893616,0.5713605845038862,reference
SIHDR_155,SIHDR_155_e10.jpg,2170,33333.333333,32,1024,SDR,144,10,100,14.0,0.780337051912258,0.004519639915812591,0.4468252424963397,0.08335433155298233,0.32447252958429307,reference
SIHDR_155,SIHDR_155_e11.jpg,2171,16666.666667,32,1024,SDR,144,11,100,14.0,0.7018561924072829,0.0,0.5717766288433382,0.04197534918785095,0.13007956356394468,reference
SIHDR_155,SIHDR_155_e12.jpg,2172,8000.000000,32,1024,SDR,144,12,100,14.0,0.6172255503027114,0.0,0.6731604021778916,0.02014816552400589,-0.055934851875180214,reference
SIHDR_155,SIHDR_155_e13.jpg,2173,4000.000000,32,1024,SDR,144,13,100,14.0,0.5411799253118217,0.0,0.7890453422401171,0.010074082762002945,-0.24786541692829545,reference
SIHDR_155,SIHDR_155_e14.jpg,2174,2000.000000,32,1024,SDR,144,14,100,14.0,0.47898838797347104,0.0,0.8588545479502196,0.0050370413810014725,-0.3798661599767486,reference
SIHDR_156,SIHDR_156_e00.jpg,2175,15000000.000000,32,1024,SDR,145,0,100,14.0,-0.0,1.0,0.0,1.0,-2.0,reference
SIHDR_156,SIHDR_156_e01.jpg,2176,8000000.000000,32,1024,SDR,145,1,100,14.0,-0.0,1.0,0.0,1.0,-2.0,reference
SIHDR_156,SIHDR_156_e02.jpg,2177,6000000.000000,32,1024,SDR,145,2,100,14.0,-0.0,1.0,0.0,1.0,-2.0,reference
SIHDR_156,SIHDR_156_e03.jpg,2178,4000000.000000,32,1024,SDR,145,3,100,14.0,0.00047488374724303345,0.9997912472547584,0.0,0.9999836683273315,-1.9991076107622738,reference
SIHDR_156,SIHDR_156_e04.jpg,2179,2000000.000000,32,1024,SDR,145,4,100,14.0,0.06840032748292854,0.95404151034041,0.0,0.9926949739456177,-1.8396826931978913,reference
SIHDR_156,SIHDR_156_e05.jpg,2180,1000000.000000,32,1024,SDR,145,5,100,14.0,0.30021573384536343,0.7752404946010248,0.0,0.922953724861145,-1.2502652553566862,reference
SIHDR_156,SIHDR_156_e06.jpg,2181,500000.000000,32,1024,SDR,145,6,100,14.0,0.4243655348029805,0.676175878477306,0.0,0.818920910358429,-0.9279862221516315,reference
SIHDR_156,SIHDR_156_e07.jpg,2182,250000.000000,32,1024,SDR,145,7,100,14.0,0.45101936329316383,0.6444325928806734,0.0,0.7364634871482849,-0.8378458224681831,reference
SIHDR_156,SIHDR_156_e08.jpg,2183,125000.000000,32,1024,SDR,145,8,100,14.0,0.4641429481618467,0.6184071307650073,0.0,0.6844292283058167,-0.772671313368168,reference
SIHDR_156,SIHDR_156_e09.jpg,2184,66666.666667,32,1024,SDR,145,9,100,14.0,0.6277174732205678,0.4576303417825769,0.0,0.6130874156951904,-0.28754321034458596,reference
SIHDR_156,SIHDR_156_e10.jpg,2185,33333.333333,32,1024,SDR,145,10,100,14.0,0.7608929905650207,0.3045788341874085,0.0015756542825768668,0.49196287989616394,0.15015966790762683,reference
SIHDR_156,SIHDR_156_e11.jpg,2186,16666.666667,32,1024,SDR,145,11,100,14.0,0.8345860008893725,0.18823635386163984,0.08941194637628111,0.3655494153499603,0.3687013467898117,reference
SIHDR_156,SIHDR_156_e12.jpg,2187,8000.000000,32,1024,SDR,145,12,100,14.0,0.8779872952690765,0.07297338259516838,0.2643009928623719,0.23468546569347382,0.4677395372163678,reference
SIHDR_156,SIHDR_156_e13.jpg,2188,4000.000000,32,1024,SDR,145,13,100,14.0,0.8440528946921672,0.03486599789531479,0.3413350452964861,0.14153556525707245,0.43298585360505143,reference
SIHDR_156,SIHDR_156_e14.jpg,2189,2000.000000,32,1024,SDR,145,14,100,14.0,0.7863676752212311,0.016903253111273792,0.3614167734260615,0.08268048614263535,0.39114439557262204,reference
SIHDR_158,SIHDR_158_e00.jpg,2190,15000000.000000,32,1024,SDR,146,0,100,14.0,0.6434071132136271,0.012959827964860908,0.5358697268484627,0.0358259491622448,0.08161773043544263,reference
SIHDR_158,SIHDR_158_e01.jpg,2191,8000000.000000,32,1024,SDR,146,1,100,14.0,0.5766480986193893,0.009628362920937043,0.6826500732064422,0.02427825890481472,-0.12525870042892706,reference
SIHDR_158,SIHDR_158_e02.jpg,2192,6000000.000000,32,1024,SDR,146,2,100,14.0,0.5447217886703707,0.007822508693265007,0.7397210720168375,0.02036343701183796,-0.21064430073299678,reference
SIHDR_158,SIHDR_158_e03.jpg,2193,4000000.000000,32,1024,SDR,146,3,100,14.0,0.5044926018800987,0.004752699487554904,0.8343575562774525,0.015613777562975883,-0.3393703533724636,reference
SIHDR_158,SIHDR_158_e04.jpg,2194,2000000.000000,32,1024,SDR,146,4,100,14.0,0.42738361580903267,0.00045325082357247436,0.9478118136896047,0.008744968101382256,-0.5213346995277169,reference
SIHDR_158,SIHDR_158_e05.jpg,2195,1000000.000000,32,1024,SDR,146,5,100,14.0,0.371184956182919,0.0,0.9707117038799414,0.004398617893457413,-0.5995267476970224,reference
SIHDR_158,SIHDR_158_e06.jpg,2196,500000.000000,32,1024,SDR,146,6,100,14.0,0.3233347737824995,0.0,0.9797281066983895,0.0021993089467287064,-0.65639333291589,reference
SIHDR_158,SIHDR_158_e07.jpg,2197,250000.000000,32,1024,SDR,146,7,100,14.0,0.235174073881629,0.0,0.9845437179721815,0.0010996544733643532,-0.7493696440905525,reference
SIHDR_158,SIHDR_158_e08.jpg,2198,125000.000000,32,1024,SDR,146,8,100,14.0,0.17035394313996277,0.0,0.9880424711749634,0.0005498272366821766,-0.8176885280350006,reference
SIHDR_158,SIHDR_158_e09.jpg,2199,66666.666667,32,1024,SDR,146,9,100,14.0,0.0931949303058877,0.0,0.9915455138177159,0.00029324128990992904,-0.8983505835118283,reference
SIHDR_158,SIHDR_158_e10.jpg,2200,33333.333333,32,1024,SDR,146,10,100,14.0,0.05163165649446092,0.0,0.996725727489019,0.00014662064495496452,-0.9450940709945581,reference
SIHDR_158,SIHDR_158_e11.jpg,2201,16666.666667,32,1024,SDR,146,11,100,14.0,0.03518776959106457,0.0,1.0,7.331032247748226e-05,-0.9648122304089354,reference
SIHDR_158,SIHDR_158_e12.jpg,2202,8000.000000,32,1024,SDR,146,12,100,14.0,0.025530444500645084,0.0,1.0,3.5188950278097764e-05,-0.9744695554993549,reference
SIHDR_158,SIHDR_158_e13.jpg,2203,4000.000000,32,1024,SDR,146,13,100,14.0,0.01936945404648988,0.0,1.0,1.7594475139048882e-05,-0.9806305459535101,reference
SIHDR_158,SIHDR_158_e14.jpg,2204,2000.000000,32,1024,SDR,146,14,100,14.0,0.013542716433146515,0.0,1.0,8.797237569524441e-06,-0.9864572835668535,reference
SIHDR_159,SIHDR_159_e00.jpg,2205,15000000.000000,32,1024,SDR,147,0,100,14.0,0.8322297269008069,0.02114407942898975,0.3159244029099561,0.11052434891462326,0.47401716513287123,reference
SIHDR_159,SIHDR_159_e01.jpg,2206,8000000.000000,32,1024,SDR,147,1,100,14.0,0.7710916472970646,0.010819397419472914,0.4314847753477306,0.06518127024173737,0.31796807711038816,reference
SIHDR_159,SIHDR_159_e02.jpg,2207,6000000.000000,32,1024,SDR,147,2,100,14.0,0.7373200200647889,0.009897167825768667,0.470920456625183,0.05145488306879997,0.2466052277880686,reference
SIHDR_159,SIHDR_159_e03.jpg,2208,4000000.000000,32,1024,SDR,147,3,100,14.0,0.6974723065233485,0.00886913204612006,0.532503946284773,0.03739984706044197,0.1472300961463353,reference
SIHDR_159,SIHDR_159_e04.jpg,2209,2000000.000000,32,1024,SDR,147,4,100,14.0,0.6182458877592883,0.007749588213762811,0.6545285047584187,0.022794241085648537,-0.05178179342665601,reference
SIHDR_159,SIHDR_159_e05.jpg,2210,1000000.000000,32,1024,SDR,147,5,100,14.0,0.545515887785822,0.006858814513177159,0.7957354387811127,0.015014514327049255,-0.263937180021645,reference
SIHDR_159,SIHDR_159_e06.jpg,2211,500000.000000,32,1024,SDR,147,6,100,14.0,0.49920603121820256,0.005929435852855052,0.9036091347913616,0.010673855431377888,-0.41626197527886916,reference
SIHDR_159,SIHDR_159_e07.jpg,2212,250000.000000,32,1024,SDR,147,7,100,14.0,0.416294846920133,0.004794164073938506,0.9572400027452416,0.00798632949590683,-0.5505334839729856,reference
SIHDR_159,SIHDR_159_e08.jpg,2213,125000.000000,32,1024,SDR,147,8,100,14.0,0.33888019529931207,0.003394376830161054,0.9844393415995608,0.005978274159133434,-0.6523478999605709,reference
SIHDR_159,SIHDR_159_e09.jpg,2214,66666.666667,32,1024,SDR,147,9,100,14.0,0.2690735998635813,0.0018244418008784772,0.9898254483894583,0.004378540441393852,-0.724400732127634,reference
SIHDR_159,SIHDR_159_e10.jpg,2215,33333.333333,32,1024,SDR,147,10,100,14.0,0.19818893275945337,0.0,0.9915111982979502,0.0023566444870084524,-0.7933222655384968,reference
SIHDR_159,SIHDR_159_e11.jpg,2216,16666.666667,32,1024,SDR,147,11,100,14.0,0.12348474655050823,0.0,0.9924877607979502,0.0011783222435042262,-0.869003014247442,reference
SIHDR_159,SIHDR_159_e12.jpg,2217,8000.000000,32,1024,SDR,147,12,100,14.0,0.06857995493097861,0.0,0.9934471655380673,0.0005655947024933994,-0.9248672106070888,reference
SIHDR_159,SIHDR_159_e13.jpg,2218,4000.000000,32,1024,SDR,147,13,100,14.0,0.03641332091926875,0.0,0.9944237280380673,0.0002827973512466997,-0.9580104071187986,reference
SIHDR_159,SIHDR_159_e14.jpg,2219,2000.000000,32,1024,SDR,147,14,100,14.0,0.020431636130957234,0.0,0.9956848233894583,0.00014139867562334985,-0.9752531872585011,reference
SIHDR_160,SIHDR_160_e00.jpg,2220,15000000.000000,32,1024,SDR,148,0,100,14.0,0.86385288998573,0.04933284910322108,0.07391419976207907,0.15620452165603638,0.6912729920172088,reference
SIHDR_160,SIHDR_160_e01.jpg,2221,8000000.000000,32,1024,SDR,148,1,100,14.0,0.8078499579326838,0.03759551153001464,0.18016934709004392,0.10250706970691681,0.5524895877826105,reference
SIHDR_160,SIHDR_160_e02.jpg,2222,6000000.000000,32,1024,SDR,148,2,100,14.0,0.7773195769458582,0.0362729342057101,0.2595068287884334,0.0860789492726326,0.4452668797460046,reference
SIHDR_160,SIHDR_160_e03.jpg,2223,4000000.000000,32,1024,SDR,148,3,100,14.0,0.7335882044995777,0.03507618045387994,0.35721169244143486,0.06925533711910248,0.306224151150383,reference
SIHDR_160,SIHDR_160_e04.jpg,2224,2000000.000000,32,1024,SDR,148,4,100,14.0,0.6612304520838456,0.03222513268667643,0.580700093795754,0.05142032727599144,0.016080092914738664,reference
SIHDR_160,SIHDR_160_e05.jpg,2225,1000000.000000,32,1024,SDR,148,5,100,14.0,0.5850425105954568,0.028600555911420206,0.7479982613469985,0.04080609977245331,-0.22015686257438216,reference
SIHDR_160,SIHDR_160_e06.jpg,2226,500000.000000,32,1024,SDR,148,6,100,14.0,0.5221116421120585,0.018550398060029283,0.8559119921303074,0.03257584199309349,-0.3709011461383075,reference
SIHDR_160,SIHDR_160_e07.jpg,2227,250000.000000,32,1024,SDR,148,7,100,14.0,0.46822132407929673,0.0034715867496339678,0.9279059525988287,0.01948408968746662,-0.4666278020187999,reference
SIHDR_160,SIHDR_160_e08.jpg,2228,125000.000000,32,1024,SDR,148,8,100,14.0,0.3990849099481137,0.0,0.9562191160322109,0.010105700232088566,-0.5571342060840971,reference
SIHDR_160,SIHDR_160_e09.jpg,2229,66666.666667,32,1024,SDR,148,9,100,14.0,0.33227714232089106,0.0,0.9633467354502196,0.005389704834669828,-0.6310695931293286,reference
SIHDR_160,SIHDR_160_e10.jpg,2230,33333.333333,32,1024,SDR,148,10,100,14.0,0.246300285801454,0.0,0.9655386392752562,0.002694852417334914,-0.7192383534738022,reference
SIHDR_160,SIHDR_160_e11.jpg,2231,16666.666667,32,1024,SDR,148,11,100,14.0,0.17290518968496948,0.0,0.9687728770131772,0.001347426208667457,-0.7958676873282077,reference
SIHDR_160,SIHDR_160_e12.jpg,2232,8000.000000,32,1024,SDR,148,12,100,14.0,0.11048848951380986,0.0,0.9731681231698389,0.000646764412522316,-0.8626796336560291,reference
SIHDR_160,SIHDR_160_e13.jpg,2233,4000.000000,32,1024,SDR,148,13,100,14.0,0.07221157576254017,0.0,0.9936244623901903,0.000323382206261158,-0.9214128866276501,reference
SIHDR_160,SIHDR_160_e14.jpg,2234,2000.000000,32,1024,SDR,148,14,100,14.0,0.053033656962871795,0.0,0.9984986960102489,0.000161691103130579,-0.9454650390473771,reference
SIHDR_161,SIHDR_161_e00.jpg,2235,15000000.000000,32,1024,SDR,149,0,100,14.0,0.8125525720408548,0.04470740300146413,0.002266254117862372,0.13683342933654785,0.7208715119200642,reference
SIHDR_161,SIHDR_161_e01.jpg,2236,8000000.000000,32,1024,SDR,149,1,100,14.0,0.7525320716117734,0.03446850979136164,0.10021418603587115,0.09090549498796463,0.583380865993179,reference
SIHDR_161,SIHDR_161_e02.jpg,2237,6000000.000000,32,1024,SDR,149,2,100,14.0,0.7239763791619568,0.031087001281112737,0.18419427159590043,0.07629198580980301,0.4776081050038309,reference
SIHDR_161,SIHDR_161_e03.jpg,2238,4000000.000000,32,1024,SDR,149,3,100,14.0,0.6835815294286678,0.028889378202781844,0.3606318059114202,0.06074649095535278,0.26517096711168386,reference
SIHDR_161,SIHDR_161_e04.jpg,2239,2000000.000000,32,1024,SDR,149,4,100,14.0,0.6089046051199036,0.026817578696925328,0.6241378225658858,0.044219981878995895,-0.06886837483983277,reference
SIHDR_161,SIHDR_161_e05.jpg,2240,1000000.000000,32,1024,SDR,149,5,100,14.0,0.5359531345323671,0.02442550100658858,0.7994043397693997,0.03484341502189636,-0.31230220725020974,reference
SIHDR_161,SIHDR_161_e06.jpg,2241,500000.000000,32,1024,SDR,149,6,100,14.0,0.46317645001510677,0.021561584919472913,0.8919590158308931,0.028838422149419785,-0.47190573565473215,reference
SIHDR_161,SIHDR_161_e07.jpg,2242,250000.000000,32,1024,SDR,149,7,100,14.0,0.3927181000614779,0.01730646046852123,0.9388969276171303,0.024049097672104836,-0.5807917484926949,reference
SIHDR_161,SIHDR_161_e08.jpg,2243,125000.000000,32,1024,SDR,149,8,100,14.0,0.36337689219860736,0.009238023883601757,0.9591859786786238,0.018324444070458412,-0.61428513424722,reference
SIHDR_161,SIHDR_161_e09.jpg,2244,66666.666667,32,1024,SDR,149,9,100,14.0,0.30971897809405474,0.0026294267020497805,0.9679249977122987,0.012561042793095112,-0.6634648730223435,reference
SIHDR_161,SIHDR_161_e10.jpg,2245,33333.333333,32,1024,SDR,149,10,100,14.0,0.22886832551331016,0.0,0.9717211520863837,0.006376176606863737,-0.7428528265730735,reference
SIHDR_161,SIHDR_161_e11.jpg,2246,16666.666667,32,1024,SDR,149,11,100,14.0,0.15213978355368687,0.0,0.9738229776720352,0.0031880883034318686,-0.8216831941183483,reference
SIHDR_161,SIHDR_161_e12.jpg,2247,8000.000000,32,1024,SDR,149,12,100,14.0,0.10149975463610093,0.0,0.9764695621339677,0.0015302823157981038,-0.8749698074978668,reference
SIHDR_161,SIHDR_161_e13.jpg,2248,4000.000000,32,1024,SDR,149,13,100,14.0,0.0712396657103997,0.0,0.9796537564055637,0.0007651411578990519,-0.908414090695164,reference
SIHDR_161,SIHDR_161_e14.jpg,2249,2000.000000,32,1024,SDR,149,14,100,14.0,0.05535814820159913,0.0,0.9848954520497804,0.00038257057894952595,-0.9295373038481812,reference
SIHDR_162,SIHDR_162_e00.jpg,2250,15000000.000000,32,1024,SDR,150,0,100,14.0,0.451036338507908,0.0006162495424597364,0.9061756497071742,0.007095850072801113,-0.4563718102841857,reference
SIHDR_162,SIHDR_162_e01.jpg,2251,8000000.000000,32,1024,SDR,150,1,100,14.0,0.39821453421902026,0.0002016036786237189,0.9411932078147877,0.003949418663978577,-0.5433818809530149,reference
SIHDR_162,SIHDR_162_e02.jpg,2252,6000000.000000,32,1024,SDR,150,2,100,14.0,0.3792926191243115,6.14819729136164e-05,0.9545476642569546,0.002985707949846983,-0.5753780090784704,reference
SIHDR_162,SIHDR_162_e03.jpg,2253,4000000.000000,32,1024,SDR,150,3,100,14.0,0.3468058341040499,2.859626647144949e-05,0.9729078971449487,0.002004864625632763,-0.6261592555738418,reference
SIHDR_162,SIHDR_162_e04.jpg,2254,2000000.000000,32,1024,SDR,150,4,100,14.0,0.2779102787606888,0.0,0.9867442006771596,0.0010091026779264212,-0.7088339219164708,reference
SIHDR_162,SIHDR_162_e05.jpg,2255,1000000.000000,32,1024,SDR,150,5,100,14.0,0.19512966624690267,0.0,0.99408057284041,0.0005045513389632106,-0.7989509065935073,reference
SIHDR_162,SIHDR_162_e06.jpg,2256,500000.000000,32,1024,SDR,150,6,100,14.0,0.11386489264626919,0.0,0.9973219596449487,0.0002522756694816053,-0.8834570669986795,reference
SIHDR_162,SIHDR_162_e07.jpg,2257,250000.000000,32,1024,SDR,150,7,100,14.0,0.07731990183892992,0.0,0.9988003866215227,0.00012613783474080265,-0.9214804847825928,reference
SIHDR_162,SIHDR_162_e08.jpg,2258,125000.000000,32,1024,SDR,150,8,100,14.0,0.04566650922055702,0.0,0.9995639069363104,6.306891737040132e-05,-0.9538973977157533,reference
SIHDR_162,SIHDR_162_e09.jpg,2259,66666.666667,32,1024,SDR,150,9,100,14.0,0.025373829705648346,0.0,0.9999299391471449,3.363675932632759e-05,-0.9745561094414965,reference
SIHDR_162,SIHDR_162_e10.jpg,2260,33333.333333,32,1024,SDR,150,10,100,14.0,0.013384504997954462,0.0,0.9999771229868228,1.6818379663163796e-05,-0.9865926179888683,reference
SIHDR_162,SIHDR_162_e11.jpg,2261,16666.666667,32,1024,SDR,150,11,100,14.0,0.006520213455235059,0.0,1.0,8.409189831581898e-06,-0.993479786544765,reference
SIHDR_162,SIHDR_162_e12.jpg,2262,8000.000000,32,1024,SDR,150,12,100,14.0,0.003097962904526708,0.0,1.0,4.0364097912970465e-06,-0.9969020370954733,reference
SIHDR_162,SIHDR_162_e13.jpg,2263,4000.000000,32,1024,SDR,150,13,100,14.0,0.0013754310628884914,0.0,1.0,2.0182048956485232e-06,-0.9986245689371115,reference
SIHDR_162,SIHDR_162_e14.jpg,2264,2000.000000,32,1024,SDR,150,14,100,14.0,0.00046972330059429627,0.0,1.0,1.0091024478242616e-06,-0.9995302766994058,reference
SIHDR_163,SIHDR_163_e00.jpg,2265,15000000.000000,32,1024,SDR,151,0,100,14.0,0.7841442389717591,0.026949121522694,0.02676038616398243,0.11185263097286224,0.7034856097623886,reference
SIHDR_163,SIHDR_163_e01.jpg,2266,8000000.000000,32,1024,SDR,151,1,100,14.0,0.7313863414693937,0.016079680636896045,0.08711566617862372,0.069034643471241,0.6121113140169779,reference
SIHDR_163,SIHDR_163_e02.jpg,2267,6000000.000000,32,1024,SDR,151,2,100,14.0,0.7010758025204348,0.012849732338945827,0.1750177296852123,0.05532697215676308,0.5003586081573308,reference
SIHDR_163,SIHDR_163_e03.jpg,2268,4000000.000000,32,1024,SDR,151,3,100,14.0,0.6569048843751847,0.009185120790629575,0.4093198092057101,0.04044586792588234,0.22921483358821548,reference
SIHDR_163,SIHDR_163_e04.jpg,2269,2000000.000000,32,1024,SDR,151,4,100,14.0,0.5828359420400795,0.004967171486090776,0.634628362920937,0.023514874279499054,-0.0617267638530391,reference
SIHDR_163,SIHDR_163_e05.jpg,2270,1000000.000000,32,1024,SDR,151,5,100,14.0,0.5157801657413947,0.0024635683565153734,0.8468098005124451,0.013447347097098827,-0.3359567714840812,reference
SIHDR_163,SIHDR_163_e06.jpg,2271,500000.000000,32,1024,SDR,151,6,100,14.0,0.44795389890152876,0.0011352717789165447,0.9225770383418741,0.0075403922237455845,-0.4768936829981784,reference
SIHDR_163,SIHDR_163_e07.jpg,2272,250000.000000,32,1024,SDR,151,7,100,14.0,0.36098488118191624,0.000361742770863836,0.95988086795388,0.004086995497345924,-0.5996194723136914,reference
SIHDR_163,SIHDR_163_e08.jpg,2273,125000.000000,32,1024,SDR,151,8,100,14.0,0.3190232000786163,7.149066617862372e-05,0.9773846426610542,0.0021246494725346565,-0.6585044239147951,reference
SIHDR_163,SIHDR_163_e09.jpg,2274,66666.666667,32,1024,SDR,151,9,100,14.0,0.26408756208121514,1.4298133235724744e-05,0.9861794244143485,0.0011491822078824043,-0.7221204585996048,reference
SIHDR_163,SIHDR_163_e10.jpg,2275,33333.333333,32,1024,SDR,151,10,100,14.0,0.18188276698577163,2.859626647144949e-06,0.9921960788799414,0.0005767277325503528,-0.8103190311474641,reference
SIHDR_163,SIHDR_163_e11.jpg,2276,16666.666667,32,1024,SDR,151,11,100,14.0,0.1058645332652935,0.0,0.9959135935212299,0.0002887987357098609,-0.8900490602559363,reference
SIHDR_163,SIHDR_163_e12.jpg,2277,8000.000000,32,1024,SDR,151,12,100,14.0,0.06220382551709644,0.0,0.9980711818265008,0.00013862340711057186,-0.9358673563094043,reference
SIHDR_163,SIHDR_163_e13.jpg,2278,4000.000000,32,1024,SDR,151,13,100,14.0,0.039030291491194864,0.0,0.9992064536054173,6.931170355528593e-05,-0.9601761621142224,reference
SIHDR_163,SIHDR_163_e14.jpg,2279,2000.000000,32,1024,SDR,151,14,100,14.0,0.02390802821014262,0.0,0.9997783789348462,3.4655851777642965e-05,-0.9758703507247036,reference
SIHDR_164,SIHDR_164_e00.jpg,2280,15000000.000000,32,1024,SDR,152,0,100,14.0,0.8394284846976797,0.04011770223279649,0.042814330161054175,0.14676368236541748,0.7163787500710326,reference
SIHDR_164,SIHDR_164_e01.jpg,2281,8000000.000000,32,1024,SDR,152,1,100,14.0,0.7882451241116349,0.020416304447291363,0.18106869967057102,0.09114575386047363,0.5663438155464812,reference
SIHDR_164,SIHDR_164_e02.jpg,2282,6000000.000000,32,1024,SDR,152,2,100,14.0,0.7609164084105141,0.015023048590775988,0.2971638222913616,0.07266046106815338,0.43370648893760055,reference
SIHDR_164,SIHDR_164_e03.jpg,2283,4000000.000000,32,1024,SDR,152,3,100,14.0,0.7199258050837859,0.009441057375549048,0.4758189970717423,0.05230250954627991,0.22522469326094546,reference
SIHDR_164,SIHDR_164_e04.jpg,2284,2000000.000000,32,1024,SDR,152,4,100,14.0,0.6460814227959818,0.003846197840409956,0.6159192555819912,0.02913195826113224,0.022469771533170646,reference
SIHDR_164,SIHDR_164_e05.jpg,2285,1000000.000000,32,1024,SDR,152,5,100,14.0,0.5690190120133457,0.0008006954612005857,0.7436316114568082,0.015493224374949932,-0.17621399036586372,reference
SIHDR_164,SIHDR_164_e06.jpg,2286,500000.000000,32,1024,SDR,152,6,100,14.0,0.4963663800656895,0.00012439375915080527,0.8535284933199122,0.007892472669482231,-0.3574109007725243,reference
SIHDR_164,SIHDR_164_e07.jpg,2287,250000.000000,32,1024,SDR,152,7,100,14.0,0.42712888465285564,0.0,0.9363418512079063,0.0039612953551113605,-0.5092129665550507,reference
SIHDR_164,SIHDR_164_e08.jpg,2288,125000.000000,32,1024,SDR,152,8,100,14.0,0.3821456983393281,0.0,0.9678649455527086,0.0019806476775556803,-0.5857192472133805,reference
SIHDR_164,SIHDR_164_e09.jpg,2289,66666.666667,32,1024,SDR,152,9,100,14.0,0.3014766831528389,0.0,0.9834270337664714,0.0010563456453382969,-0.6819503506136326,reference
SIHDR_164,SIHDR_164_e10.jpg,2290,33333.333333,32,1024,SDR,152,10,100,14.0,0.22409081865965694,0.0,0.9924806117313324,0.0005281728226691484,-0.7683897930716754,reference
SIHDR_164,SIHDR_164_e11.jpg,2291,16666.666667,32,1024,SDR,152,11,100,14.0,0.15824161282639973,0.0,0.9972933633784773,0.0002640864113345742,-0.8390517505520776,reference
SIHDR_164,SIHDR_164_e12.jpg,2292,8000.000000,32,1024,SDR,152,12,100,14.0,0.08550580798030323,0.0,0.9996182398426061,0.00012676147161982954,-0.9141124318623028,reference
SIHDR_164,SIHDR_164_e13.jpg,2293,4000.000000,32,1024,SDR,152,13,100,14.0,0.050480299194279245,0.0,0.9999428074670571,6.338073580991477e-05,-0.9494625082727779,reference
SIHDR_164,SIHDR_164_e14.jpg,2294,2000.000000,32,1024,SDR,152,14,100,14.0,0.027005834512564473,0.0,1.0,3.1690367904957384e-05,-0.9729941654874356,reference
SIHDR_165,SIHDR_165_e00.jpg,2295,15000000.000000,32,1024,SDR,153,0,100,14.0,0.7295470426462165,0.01993445735724744,0.017124874176427527,0.08557701110839844,0.6725532537552942,reference
SIHDR_165,SIHDR_165_e01.jpg,2296,8000000.000000,32,1024,SDR,153,1,100,14.0,0.6667387766083462,0.010387593795754026,0.19405855371522693,0.05253102257847786,0.4519050353016112,reference
SIHDR_165,SIHDR_165_e02.jpg,2297,6000000.000000,32,1024,SDR,153,2,100,14.0,0.635500751583023,0.007981217972181553,0.3744337939238653,0.041619252413511276,0.24510452171479463,reference
SIHDR_165,SIHDR_165_e03.jpg,2298,4000000.000000,32,1024,SDR,153,3,100,14.0,0.5917180165973767,0.005330344070278184,0.6011092491764275,0.029898233711719513,-0.020051920719607152,reference
SIHDR_165,SIHDR_165_e04.jpg,2299,2000000.000000,32,1024,SDR,153,4,100,14.0,0.5165879553825345,0.002437831716691069,0.8072311379026355,0.01665707491338253,-0.2955188459534831,reference
SIHDR_165,SIHDR_165_e05.jpg,2300,1000000.000000,32,1024,SDR,153,5,100,14.0,0.4404909970928368,0.0010251761530014642,0.8844725132686676,0.00910122413188219,-0.44603186848183374,reference
SIHDR_165,SIHDR_165_e06.jpg,2301,500000.000000,32,1024,SDR,153,6,100,14.0,0.3719155835028882,0.00038890922401171304,0.9352980874816984,0.004866525996476412,-0.5641603224268337,reference
SIHDR_165,SIHDR_165_e07.jpg,2302,250000.000000,32,1024,SDR,153,7,100,14.0,0.30082607473580875,8.006954612005857e-05,0.9692204085834554,0.0025198226794600487,-0.6685544729398867,reference
SIHDR_165,SIHDR_165_e08.jpg,2303,125000.000000,32,1024,SDR,153,8,100,14.0,0.29531631063473923,7.149066617862372e-06,0.9827249954245973,0.0012759091332554817,-0.6874229829230938,reference
SIHDR_165,SIHDR_165_e09.jpg,2304,66666.666667,32,1024,SDR,153,9,100,14.0,0.2104589495857221,0.0,0.9913839449121523,0.0006808153702877462,-0.7809249953264302,reference
SIHDR_165,SIHDR_165_e10.jpg,2305,33333.333333,32,1024,SDR,153,10,100,14.0,0.13680365393725616,0.0,0.9958349537884333,0.0003404076851438731,-0.8590312998511772,reference
SIHDR_165,SIHDR_165_e11.jpg,2306,16666.666667,32,1024,SDR,153,11,100,14.0,0.08889166367471073,0.0,0.9980626029465594,0.00017020384257193655,-0.9091709392718487,reference
SIHDR_165,SIHDR_165_e12.jpg,2307,8000.000000,32,1024,SDR,153,12,100,14.0,0.05190332329092253,0.0,0.999230760431918,8.16978354123421e-05,-0.9473274371409955,reference
SIHDR_165,SIHDR_165_e13.jpg,2308,4000.000000,32,1024,SDR,153,13,100,14.0,0.02893281676076578,0.0,0.9997783789348462,4.084891770617105e-05,-0.9708455621740805,reference
SIHDR_165,SIHDR_165_e14.jpg,2309,2000.000000,32,1024,SDR,153,14,100,14.0,0.016030559368643903,0.0,0.9999542459736457,2.0424458853085525e-05,-0.9839236866050017,reference
SIHDR_166,SIHDR_166_e00.jpg,2310,15000000.000000,32,1024,SDR,154,0,100,14.0,0.8586761436391636,0.011671566160322108,0.024567052525622256,0.12653948366641998,0.810765958792897,reference
SIHDR_166,SIHDR_166_e01.jpg,2311,8000000.000000,32,1024,SDR,154,1,100,14.0,0.7893212657952632,0.007822508693265007,0.10756342651903368,0.07186903059482574,0.6661128218896994,reference
SIHDR_166,SIHDR_166_e02.jpg,2312,6000000.000000,32,1024,SDR,154,2,100,14.0,0.7567719587642913,0.006482773609077599,0.17286014137994143,0.055662281811237335,0.5709462701661946,reference
SIHDR_166,SIHDR_166_e03.jpg,2313,4000000.000000,32,1024,SDR,154,3,100,14.0,0.7110577919597142,0.005168775164714495,0.2843183793923865,0.039000920951366425,0.4164018622378987,reference
SIHDR_166,SIHDR_166_e04.jpg,2314,2000000.000000,32,1024,SDR,154,4,100,14.0,0.6313431865452457,0.004003477306002928,0.48923922492679356,0.02171851322054863,0.13409700700644628,reference
SIHDR_166,SIHDR_166_e05.jpg,2315,1000000.000000,32,1024,SDR,154,5,100,14.0,0.5521296059059561,0.003452999176427526,0.7602131565702782,0.012688780203461647,-0.21498954901717726,reference
SIHDR_166,SIHDR_166_e06.jpg,2316,500000.000000,32,1024,SDR,154,6,100,14.0,0.4716099749541243,0.0027481012079062957,0.9034289783125915,0.007905206643044949,-0.4373152057742798,reference
SIHDR_166,SIHDR_166_e07.jpg,2317,250000.000000,32,1024,SDR,154,7,100,14.0,0.40290723667231326,0.0012868319912152269,0.9781252859626647,0.004956504795700312,-0.5777917132727819,reference
SIHDR_166,SIHDR_166_e08.jpg,2318,125000.000000,32,1024,SDR,154,8,100,14.0,0.3425552059641281,0.0004503911969253294,0.9895552136713031,0.0027627255767583847,-0.6479007901010256,reference
SIHDR_166,SIHDR_166_e09.jpg,2319,66666.666667,32,1024,SDR,154,9,100,14.0,0.2749339575305835,0.00036603221083455345,0.9931154488469985,0.0016653519123792648,-0.7189135557380841,reference
SIHDR_166,SIHDR_166_e10.jpg,2320,33333.333333,32,1024,SDR,154,10,100,14.0,0.20441618212091975,4.575402635431918e-05,0.9952530197657394,0.0009400223498232663,-0.7909283456975283,reference
SIHDR_166,SIHDR_166_e11.jpg,2321,16666.666667,32,1024,SDR,154,11,100,14.0,0.11895008189305258,0.0,0.9962024158125915,0.00047107681166380644,-0.8772523339195389,reference
SIHDR_166,SIHDR_166_e12.jpg,2322,8000.000000,32,1024,SDR,154,12,100,14.0,0.05109550996908547,0.0,0.9967042802891655,0.00022611694294027984,-0.94560877032008,reference
SIHDR_166,SIHDR_166_e13.jpg,2323,4000.000000,32,1024,SDR,154,13,100,14.0,0.020672063905309387,0.0,0.9976837024158126,0.00011305847147013992,-0.9770116385105032,reference
SIHDR_166,SIHDR_166_e14.jpg,2324,2000.000000,32,1024,SDR,154,14,100,14.0,0.01427972710048528,0.0,0.9994352237371888,5.652923573506996e-05,-0.9851554966367035,reference
SIHDR_167,SIHDR_167_e00.jpg,2325,15000000.000000,32,1024,SDR,155,0,100,14.0,0.8223703429164368,0.036354433565153735,0.09602626281112737,0.1268271952867508,0.653635212975002,reference
SIHDR_167,SIHDR_167_e01.jpg,2326,8000000.000000,32,1024,SDR,155,1,100,14.0,0.7677279785613922,0.020164657302342605,0.2889066503477306,0.08065851777791977,0.4384920136089763,reference
SIHDR_167,SIHDR_167_e02.jpg,2327,6000000.000000,32,1024,SDR,155,2,100,14.0,0.7427436748529797,0.010958089311859444,0.3823663982430454,0.06419051438570023,0.3384610979862154,reference
SIHDR_167,SIHDR_167_e03.jpg,2328,4000000.000000,32,1024,SDR,155,3,100,14.0,0.7029033851907379,0.003144159498535871,0.4736585491398243,0.044805172830820084,0.2229565170538419,reference
SIHDR_167,SIHDR_167_e04.jpg,2329,2000000.000000,32,1024,SDR,155,4,100,14.0,0.6239650699939557,0.0009279488469985359,0.5910319248718887,0.02303480915725231,0.031077247428069943,reference
SIHDR_167,SIHDR_167_e05.jpg,2330,1000000.000000,32,1024,SDR,155,5,100,14.0,0.5487466650405546,0.0007463625549048316,0.7253543077415813,0.01192465703934431,-0.17810036781083638,reference
SIHDR_167,SIHDR_167_e06.jpg,2331,500000.000000,32,1024,SDR,155,6,100,14.0,0.4668652734507597,0.0005919427159590044,0.9339855188506588,0.006293317768722773,-0.46830413083181716,reference
SIHDR_167,SIHDR_167_e07.jpg,2332,250000.000000,32,1024,SDR,155,7,100,14.0,0.43250207154799886,0.00041607567715959003,0.9537255215959004,0.0033893396612256765,-0.5220556014022207,reference
SIHDR_167,SIHDR_167_e08.jpg,2333,125000.000000,32,1024,SDR,155,8,100,14.0,0.3469370074102447,0.0002173316251830161,0.9675603953147877,0.0018450720235705376,-0.621058051154909,reference
SIHDR_167,SIHDR_167_e09.jpg,2334,66666.666667,32,1024,SDR,155,9,100,14.0,0.2883999891266812,4.289439970717423e-05,0.9862823709736457,0.0010324115864932537,-0.6979681706463788,reference
SIHDR_167,SIHDR_167_e10.jpg,2335,33333.333333,32,1024,SDR,155,10,100,14.0,0.20731957288844552,1.1438506588579795e-05,0.9984886873169839,0.0005260503967292607,-0.7911919914417156,reference
SIHDR_167,SIHDR_167_e11.jpg,2336,16666.666667,32,1024,SDR,155,11,100,14.0,0.14178909736428594,0.0,0.9991278138726208,0.00026394581072963774,-0.8573387165083349,reference
SIHDR_167,SIHDR_167_e12.jpg,2337,8000.000000,32,1024,SDR,155,12,100,14.0,0.06064974902501449,0.0,0.9993065405380673,0.00012669397983700037,-0.9386567915130528,reference
SIHDR_167,SIHDR_167_e13.jpg,2338,4000.000000,32,1024,SDR,155,13,100,14.0,0.04230057970251732,0.0,0.9994695392569546,6.334698991850019e-05,-0.9571689595544373,reference
SIHDR_167,SIHDR_167_e14.jpg,2339,2000.000000,32,1024,SDR,155,14,100,14.0,0.02541830111552214,0.0,0.9996468361090776,3.167349495925009e-05,-0.9742285349935554,reference
SIHDR_168,SIHDR_168_e00.jpg,2340,15000000.000000,32,1024,SDR,156,0,100,14.0,0.8045121319481426,0.01003728953147877,0.13491861502562225,0.08513321727514267,0.6495189378595629,reference
SIHDR_168,SIHDR_168_e01.jpg,2341,8000000.000000,32,1024,SDR,156,1,100,14.0,0.7382029261812254,0.005489053349194729,0.25186304676061494,0.04875568300485611,0.47536177272222097,reference
SIHDR_168,SIHDR_168_e02.jpg,2342,6000000.000000,32,1024,SDR,156,2,100,14.0,0.7060824101662324,0.0042837207174231335,0.4160942647327965,0.03775475546717644,0.2814207039985897,reference
SIHDR_168,SIHDR_168_e03.jpg,2343,4000000.000000,32,1024,SDR,156,3,100,14.0,0.6617439926780554,0.0032628340043923867,0.5181529099560761,0.026392940431833267,0.13706541471319456,reference
SIHDR_168,SIHDR_168_e04.jpg,2344,2000000.000000,32,1024,SDR,156,4,100,14.0,0.5822395900978106,0.0019917299597364568,0.6635320392569546,0.014443933963775635,-0.08527590907861693,reference
SIHDR_168,SIHDR_168_e05.jpg,2345,1000000.000000,32,1024,SDR,156,5,100,14.0,0.5010528137112675,0.0008478793008784774,0.8716499473828697,0.007870657369494438,-0.37229289227335916,reference
SIHDR_168,SIHDR_168_e06.jpg,2346,500000.000000,32,1024,SDR,156,6,100,14.0,0.43637481570957487,0.0005447588762811128,0.9441800878477306,0.004263103939592838,-0.5088947898907179,reference
SIHDR_168,SIHDR_168_e07.jpg,2347,250000.000000,32,1024,SDR,156,7,100,14.0,0.3729510626588939,0.0003517340775988287,0.9828694065702782,0.0023461144883185625,-0.6106218120665821,reference
SIHDR_168,SIHDR_168_e08.jpg,2348,125000.000000,32,1024,SDR,156,8,100,14.0,0.2986001476941194,0.00021161237188872621,0.9917256702964861,0.0013083950616419315,-0.6935487473461441,reference
SIHDR_168,SIHDR_168_e09.jpg,2349,66666.666667,32,1024,SDR,156,9,100,14.0,0.23250505655613576,0.00011295525256222548,0.995401720351391,0.0007674710359424353,-0.7631225743003797,reference
SIHDR_168,SIHDR_168_e10.jpg,2350,33333.333333,32,1024,SDR,156,10,100,14.0,0.15049058295694553,1.0008693265007321e-05,0.9971761186859444,0.00041328498627990484,-0.8467055531155289,reference
SIHDR_168,SIHDR_168_e11.jpg,2351,16666.666667,32,1024,SDR,156,11,100,14.0,0.079562749011698,0.0,0.9983585743045388,0.00020664911426138133,-0.9187958252928408,reference
SIHDR_168,SIHDR_168_e12.jpg,2352,8000.000000,32,1024,SDR,156,12,100,14.0,0.03766312467429147,0.0,0.9992736548316252,9.919158765114844e-05,-0.9616105301573338,reference
SIHDR_168,SIHDR_168_e13.jpg,2353,4000.000000,32,1024,SDR,156,13,100,14.0,0.017290551749786782,0.0,0.9995238721632503,4.959579382557422e-05,-0.9822333204134636,reference
SIHDR_168,SIHDR_168_e14.jpg,2354,2000.000000,32,1024,SDR,156,14,100,14.0,0.009829507619824195,0.0,0.9996983093887262,2.479789691278711e-05,-0.989868801768902,reference
SIHDR_169,SIHDR_169_e00.jpg,2355,15000000.000000,32,1024,SDR,157,0,100,14.0,0.596957845440254,0.0024278230234260614,0.48515281844802344,0.018751025199890137,0.10694938094537848,reference
SIHDR_169,SIHDR_169_e01.jpg,2356,8000000.000000,32,1024,SDR,157,1,100,14.0,0.5273004500201668,0.0017071971083455345,0.678573675420937,0.010917550884187222,-0.15468761961746136,reference
SIHDR_169,SIHDR_169_e02.jpg,2357,6000000.000000,32,1024,SDR,157,2,100,14.0,0.49477725048674176,0.0015184617496339678,0.8794338511163983,0.008589944802224636,-0.38769352412892444,reference
SIHDR_169,SIHDR_169_e03.jpg,2358,4000000.000000,32,1024,SDR,157,3,100,14.0,0.4541731600724274,0.0012224903916544655,0.955245413158858,0.0061764842830598354,-0.5035172338697396,reference
SIHDR_169,SIHDR_169_e04.jpg,2359,2000000.000000,32,1024,SDR,157,4,100,14.0,0.3790233926171824,9.293786603221084e-05,0.9808219138909224,0.0033199163153767586,-0.6019843970058045,reference
SIHDR_169,SIHDR_169_e05.jpg,2360,1000000.000000,32,1024,SDR,157,5,100,14.0,0.31973895193069535,2.7166453147877014e-05,0.988755948023426,0.0016822878969833255,-0.6690713289990264,reference
SIHDR_169,SIHDR_169_e06.jpg,2361,500000.000000,32,1024,SDR,157,6,100,14.0,0.22990679161362207,0.0,0.9938189170021962,0.0008481577970087528,-0.7639121253885741,reference
SIHDR_169,SIHDR_169_e07.jpg,2362,250000.000000,32,1024,SDR,157,7,100,14.0,0.1959124983171018,0.0,0.9965941846632503,0.0004240788985043764,-0.8006816863461486,reference
SIHDR_169,SIHDR_169_e08.jpg,2363,125000.000000,32,1024,SDR,157,8,100,14.0,0.06720071519004359,0.0,0.9978867359077599,0.0002120394492521882,-0.9306860207177163,reference
SIHDR_169,SIHDR_169_e09.jpg,2364,66666.666667,32,1024,SDR,157,9,100,14.0,0.03696970675938952,0.0,0.9984086177708639,0.00011308772809570655,-0.9614389110114744,reference
SIHDR_169,SIHDR_169_e10.jpg,2365,33333.333333,32,1024,SDR,157,10,100,14.0,0.021990089239125998,0.0,0.9989576660871157,5.6543864047853276e-05,-0.9769675768479896,reference
SIHDR_169,SIHDR_169_e11.jpg,2366,16666.666667,32,1024,SDR,157,11,100,14.0,0.013366127206033994,0.0,0.99993994784041,2.8271932023926638e-05,-0.9865738206343759,reference
SIHDR_169,SIHDR_169_e12.jpg,2367,8000.000000,32,1024,SDR,157,12,100,14.0,0.007608237575002788,0.0,0.9999785528001464,1.3570520422945265e-05,-0.9923703152251435,reference
SIHDR_169,SIHDR_169_e13.jpg,2368,4000.000000,32,1024,SDR,157,13,100,14.0,0.004805220727047205,0.0,1.0,6.785260211472632e-06,-0.9951947792729527,reference
SIHDR_169,SIHDR_169_e14.jpg,2369,2000.000000,32,1024,SDR,157,14,100,14.0,0.0031404331272327046,0.0,1.0,3.392630105736316e-06,-0.9968595668727673,reference
SIHDR_170,SIHDR_170_e00.jpg,2370,15000000.000000,32,1024,SDR,158,0,100,14.0,0.8163364216116147,0.013936390464860908,0.08224286237188873,0.10329360514879227,0.7062207783100042,reference
SIHDR_170,SIHDR_170_e01.jpg,2371,8000000.000000,32,1024,SDR,158,1,100,14.0,0.7462274734668038,0.012157702690336749,0.24842863515739386,0.06109614670276642,0.4734834329287365,reference
SIHDR_170,SIHDR_170_e02.jpg,2372,6000000.000000,32,1024,SDR,158,2,100,14.0,0.7146480910750653,0.011411340135431918,0.3307958912884334,0.048756685107946396,0.36102951951576806,reference
SIHDR_170,SIHDR_170_e03.jpg,2373,4000000.000000,32,1024,SDR,158,3,100,14.0,0.6692765277893353,0.01030895406295754,0.45178240528916547,0.03609982505440712,0.19687621437425473,reference
SIHDR_170,SIHDR_170_e04.jpg,2374,2000000.000000,32,1024,SDR,158,4,100,14.0,0.5905347968319082,0.007347810669838946,0.6071030266288433,0.02240905538201332,-0.03126385113661301,reference
SIHDR_170,SIHDR_170_e05.jpg,2375,1000000.000000,32,1024,SDR,158,5,100,14.0,0.5225477679454259,0.003138440245241581,0.7374147831259151,0.013676733709871769,-0.22114389567097237,reference
SIHDR_170,SIHDR_170_e06.jpg,2376,500000.000000,32,1024,SDR,158,6,100,14.0,0.43573616639098484,0.0004132160505124451,0.954813609535139,0.007490499410778284,-0.5199038752451791,reference
SIHDR_170,SIHDR_170_e07.jpg,2377,250000.000000,32,1024,SDR,158,7,100,14.0,0.39677999295577,5.433290629575403e-05,0.9843635614934114,0.003812807612121105,-0.5876922343502329,reference
SIHDR_170,SIHDR_170_e08.jpg,2378,125000.000000,32,1024,SDR,158,8,100,14.0,0.32427598985470035,1.7157759882869693e-05,0.9867070255307467,0.001924446551129222,-0.6624653511958121,reference
SIHDR_170,SIHDR_170_e09.jpg,2379,66666.666667,32,1024,SDR,158,9,100,14.0,0.25789984901855434,2.859626647144949e-06,0.9883227145863837,0.0010283732553943992,-0.7304285848211236,reference
SIHDR_170,SIHDR_170_e10.jpg,2380,33333.333333,32,1024,SDR,158,10,100,14.0,0.17806511837376834,0.0,0.9903973737188873,0.0005143216112628579,-0.8123322553451189,reference
SIHDR_170,SIHDR_170_e11.jpg,2381,16666.666667,32,1024,SDR,158,11,100,14.0,0.11697859468595335,0.0,0.9937874611090776,0.00025716080563142896,-0.8768088664231242,reference
SIHDR_170,SIHDR_170_e12.jpg,2382,8000.000000,32,1024,SDR,158,12,100,14.0,0.027963205177621492,0.0,0.9981441023060029,0.00012343718844931573,-0.9701808971283814,reference
SIHDR_170,SIHDR_170_e13.jpg,2383,4000.000000,32,1024,SDR,158,13,100,14.0,0.023361469588373013,0.0,0.9998255627745242,6.171859422465786e-05,-0.9764640931861511,reference
SIHDR_170,SIHDR_170_e14.jpg,2384,2000.000000,32,1024,SDR,158,14,100,14.0,0.019285189707225064,0.0,0.9999556757869692,3.085929711232893e-05,-0.9806704860797442,reference
SIHDR_171,SIHDR_171_e00.jpg,2385,15000000.000000,32,1024,SDR,159,0,100,14.0,0.9148800980704089,0.042346781204245974,0.033660665263543194,0.2099507451057434,0.7965258703983739,reference
SIHDR_171,SIHDR_171_e01.jpg,2386,8000000.000000,32,1024,SDR,159,1,100,14.0,0.8560911802522783,0.0323824121522694,0.07438889778550513,0.12890122830867767,0.7169374581622343,reference
SIHDR_171,SIHDR_171_e02.jpg,2387,6000000.000000,32,1024,SDR,159,2,100,14.0,0.8282405551244946,0.028700642844070277,0.1006688666727672,0.10422501713037491,0.6701704027635869,reference
SIHDR_171,SIHDR_171_e03.jpg,2388,4000000.000000,32,1024,SDR,159,3,100,14.0,0.7854479573400052,0.02445981652635432,0.19587012719619326,0.07823842018842697,0.5406581970911033,reference
SIHDR_171,SIHDR_171_e04.jpg,2389,2000000.000000,32,1024,SDR,159,4,100,14.0,0.7181455276104783,0.015537781387262079,0.33921177251098095,0.048977211117744446,0.3478581923249732,reference
SIHDR_171,SIHDR_171_e05.jpg,2390,1000000.000000,32,1024,SDR,159,5,100,14.0,0.6451871151038855,0.004654042368228404,0.5148529008052709,0.028852535411715508,0.12102612956215775,reference
SIHDR_171,SIHDR_171_e06.jpg,2391,500000.000000,32,1024,SDR,159,6,100,14.0,0.5709692435661915,0.0016071101756954611,0.7905123307101025,0.015687018632888794,-0.22275730749530198,reference
SIHDR_171,SIHDR_171_e07.jpg,2392,250000.000000,32,1024,SDR,159,7,100,14.0,0.4939730797731505,0.0006577141288433382,0.9351022030563689,0.008347840048372746,-0.44244455154090506,reference
SIHDR_171,SIHDR_171_e08.jpg,2393,125000.000000,32,1024,SDR,159,8,100,14.0,0.4205539774024986,0.00015870927891654466,0.9613778825036603,0.004339604638516903,-0.5411413236589948,reference
SIHDR_171,SIHDR_171_e09.jpg,2394,66666.666667,32,1024,SDR,159,9,100,14.0,0.35322752477289815,1.7157759882869693e-05,0.970221277909956,0.0023414825554937124,-0.6170280686568237,reference
SIHDR_171,SIHDR_171_e10.jpg,2395,33333.333333,32,1024,SDR,159,10,100,14.0,0.27439155719331104,2.859626647144949e-06,0.97761913204612,0.0011745431693270802,-0.7032332941061032,reference
SIHDR_171,SIHDR_171_e11.jpg,2396,16666.666667,32,1024,SDR,159,11,100,14.0,0.20899103581114045,0.0,0.9879523929355783,0.0005874119233340025,-0.7789613571244379,reference
SIHDR_171,SIHDR_171_e12.jpg,2397,8000.000000,32,1024,SDR,159,12,100,14.0,0.10855985741067818,0.0,0.9970074007137628,0.00028195782215334475,-0.8884475433030846,reference
SIHDR_171,SIHDR_171_e13.jpg,2398,4000.000000,32,1024,SDR,159,13,100,14.0,0.058723465193205836,0.0,0.9987918077415813,0.00014097891107667238,-0.9400683425483755,reference
SIHDR_171,SIHDR_171_e14.jpg,2399,2000.000000,32,1024,SDR,159,14,100,14.0,0.043194951838233624,0.0,0.9995696261896047,7.048945553833619e-05,-0.956374674351371,reference
SIHDR_172,SIHDR_172_e00.jpg,2400,15000000.000000,32,1024,SDR,160,0,100,14.0,0.868828083977204,0.08206270589311859,0.005707814787701318,0.22821134328842163,0.6989948574032655,reference
SIHDR_172,SIHDR_172_e01.jpg,2401,8000000.000000,32,1024,SDR,160,1,100,14.0,0.8186531925643199,0.06831076134699854,0.02546640510614934,0.15616574883460999,0.6565652647641734,reference
SIHDR_172,SIHDR_172_e02.jpg,2402,6000000.000000,32,1024,SDR,160,2,100,14.0,0.7937068099753656,0.06288033034407028,0.04321181826500732,0.13342192769050598,0.6247343310222176,reference
SIHDR_172,SIHDR_172_e03.jpg,2403,4000000.000000,32,1024,SDR,160,3,100,14.0,0.7576311265962002,0.056134471083455345,0.10126366901537336,0.10862351953983307,0.5440985154139163,reference
SIHDR_172,SIHDR_172_e04.jpg,2404,2000000.000000,32,1024,SDR,160,4,100,14.0,0.6994516756963222,0.040030483620058566,0.31367673636530014,0.07819640636444092,0.3057139720909049,reference
SIHDR_172,SIHDR_172_e05.jpg,2405,1000000.000000,32,1024,SDR,160,5,100,14.0,0.6459839739286828,0.013884917185212299,0.5843804332906296,0.05161421000957489,0.033833706267628605,reference
SIHDR_172,SIHDR_172_e06.jpg,2406,500000.000000,32,1024,SDR,160,6,100,14.0,0.5735888777461543,0.003125571925329429,0.7656207105600292,0.028393391519784927,-0.19828297666453376,reference
SIHDR_172,SIHDR_172_e07.jpg,2407,250000.000000,32,1024,SDR,160,7,100,14.0,0.5014370941439908,0.0014212344436310396,0.902039199762079,0.015208790078759193,-0.40344457450535026,reference
SIHDR_172,SIHDR_172_e08.jpg,2408,125000.000000,32,1024,SDR,160,8,100,14.0,0.4233279590730015,0.000587653275988287,0.9226428097547584,0.008045917376875877,-0.5004901572337335,reference
SIHDR_172,SIHDR_172_e09.jpg,2409,66666.666667,32,1024,SDR,160,9,100,14.0,0.3747928257548619,0.00028167322474377743,0.935419621614202,0.004470360931009054,-0.5611901423088277,reference
SIHDR_172,SIHDR_172_e10.jpg,2410,33333.333333,32,1024,SDR,160,10,100,14.0,0.3052776108882078,9.007823938506589e-05,0.9475058336383602,0.0023113705683499575,-0.6424083792289225,reference
SIHDR_172,SIHDR_172_e11.jpg,2411,16666.666667,32,1024,SDR,160,11,100,14.0,0.2391389086103282,2.1447199853587116e-05,0.9673502127562226,0.0011785321403294802,-0.7282541985456016,reference
SIHDR_172,SIHDR_172_e12.jpg,2412,8000.000000,32,1024,SDR,160,12,100,14.0,0.13808821797883306,1.4298133235724744e-06,0.9943193516654466,0.0005687036318704486,-0.8562339933132607,reference
SIHDR_172,SIHDR_172_e13.jpg,2413,4000.000000,32,1024,SDR,160,13,100,14.0,0.10099724848954596,0.0,0.9976293695095169,0.0002843915135599673,-0.8966321210199709,reference
SIHDR_172,SIHDR_172_e14.jpg,2414,2000.000000,32,1024,SDR,160,14,100,14.0,0.0793458504064789,0.0,0.9989276400073206,0.00014219575677998364,-0.9195817896008417,reference
SIHDR_173,SIHDR_173_e00.jpg,2415,15000000.000000,32,1024,SDR,161,0,100,14.0,0.8110189164678765,0.03678766700219619,0.05560829978038068,0.11595295369625092,0.6818352826831033,reference
SIHDR_173,SIHDR_173_e01.jpg,2416,8000000.000000,32,1024,SDR,161,1,100,14.0,0.7515568140812346,0.02638434525988287,0.15517906982064422,0.07569417357444763,0.5436090537408247,reference
SIHDR_173,SIHDR_173_e02.jpg,2417,6000000.000000,32,1024,SDR,161,2,100,14.0,0.7219376362222293,0.023250194454612006,0.23669558702415813,0.0629158541560173,0.4387416602888471,reference
SIHDR_173,SIHDR_173_e03.jpg,2418,4000000.000000,32,1024,SDR,161,3,100,14.0,0.6797061457357553,0.01960703010614934,0.39841462298682284,0.04899214208126068,0.24207746253663376,reference
SIHDR_173,SIHDR_173_e04.jpg,2419,2000000.000000,32,1024,SDR,161,4,100,14.0,0.6097886358780696,0.012681014366764276,0.645093166636164,0.03234506770968437,-0.06066655949162292,reference
SIHDR_173,SIHDR_173_e05.jpg,2420,1000000.000000,32,1024,SDR,161,5,100,14.0,0.5335677565888931,0.005930865666178624,0.8548925352306003,0.02047751285135746,-0.3331865099740644,reference
SIHDR_173,SIHDR_173_e06.jpg,2421,500000.000000,32,1024,SDR,161,6,100,14.0,0.464424375097426,0.0013783400439238652,0.9227386072474377,0.011828725226223469,-0.46107091223785945,reference
SIHDR_173,SIHDR_173_e07.jpg,2422,250000.000000,32,1024,SDR,161,7,100,14.0,0.3937754632870112,0.00033600613103953146,0.9501509882869692,0.006219858303666115,-0.5570475372620372,reference
SIHDR_173,SIHDR_173_e08.jpg,2423,125000.000000,32,1024,SDR,161,8,100,14.0,0.3343842153292642,0.00011295525256222548,0.9681451889641288,0.00320466049015522,-0.633986884139989,reference
SIHDR_173,SIHDR_173_e09.jpg,2424,66666.666667,32,1024,SDR,161,9,100,14.0,0.27391792507791607,0.0,0.9757889709919473,0.0017275341087952256,-0.7018710459140312,reference
SIHDR_173,SIHDR_173_e10.jpg,2425,33333.333333,32,1024,SDR,161,10,100,14.0,0.1901838875528653,0.0,0.9822217011346999,0.0008637670543976128,-0.7920378135818346,reference
SIHDR_173,SIHDR_173_e11.jpg,2426,16666.666667,32,1024,SDR,161,11,100,14.0,0.11219853573206374,0.0,0.989465135431918,0.0004318835271988064,-0.8772665996998543,reference
SIHDR_173,SIHDR_173_e12.jpg,2427,8000.000000,32,1024,SDR,161,12,100,14.0,0.0756002181497331,0.0,0.9957663227489019,0.00020730415417347103,-0.9201661045991688,reference
SIHDR_173,SIHDR_173_e13.jpg,2428,4000.000000,32,1024,SDR,161,13,100,14.0,0.05288108721482865,0.0,0.9992593566983895,0.00010365207708673552,-0.9463782694835609,reference
SIHDR_173,SIHDR_173_e14.jpg,2429,2000.000000,32,1024,SDR,161,14,100,14.0,0.03699131746453559,0.0,0.9997597913616398,5.182603854336776e-05,-0.9627684738971043,reference
SIHDR_174,SIHDR_174_e00.jpg,2430,15000000.000000,32,1024,SDR,162,0,100,14.0,0.7472368319508046,0.01211766791727672,0.22865288707906295,0.056232135742902756,0.49434860903718825,reference
SIHDR_174,SIHDR_174_e01.jpg,2431,8000000.000000,32,1024,SDR,162,1,100,14.0,0.6792460561187424,0.008414451409224012,0.35027852763543194,0.034589920192956924,0.31213862566486245,reference
SIHDR_174,SIHDR_174_e02.jpg,2432,6000000.000000,32,1024,SDR,162,2,100,14.0,0.6471491899848805,0.0070146641654465595,0.44288610678989754,0.027844727039337158,0.19023375486408983,reference
SIHDR_174,SIHDR_174_e03.jpg,2433,4000000.000000,32,1024,SDR,162,3,100,14.0,0.6027017827457722,0.005235976390922401,0.6551890785139092,0.020560579374432564,-0.0629592485499817,reference
SIHDR_174,SIHDR_174_e04.jpg,2434,2000000.000000,32,1024,SDR,162,4,100,14.0,0.5253667157582735,0.002725224194729136,0.8638689032759883,0.012134440243244171,-0.34395263590717307,reference
SIHDR_174,SIHDR_174_e05.jpg,2435,1000000.000000,32,1024,SDR,162,5,100,14.0,0.4586651326928537,0.000865037060761347,0.9509159384150805,0.00681857718154788,-0.4939808798437495,reference
SIHDR_174,SIHDR_174_e06.jpg,2436,500000.000000,32,1024,SDR,162,6,100,14.0,0.3896379271227035,0.00031312911786237187,0.9707217125732065,0.0036619980819523335,-0.5817100436862277,reference
SIHDR_174,SIHDR_174_e07.jpg,2437,250000.000000,32,1024,SDR,162,7,100,14.0,0.3091322633745024,9.436767935578331e-05,0.9835042436859444,0.001918414724059403,-0.6745607156701535,reference
SIHDR_174,SIHDR_174_e08.jpg,2438,125000.000000,32,1024,SDR,162,8,100,14.0,0.24236705722609508,4.7183839677891656e-05,0.9892549528733529,0.0009898645803332329,-0.7469822633266135,reference
SIHDR_174,SIHDR_174_e09.jpg,2439,66666.666667,32,1024,SDR,162,9,100,14.0,0.17030596582000593,3.7175146412884335e-05,0.9925263657576867,0.000546895491424948,-0.8222947502305066,reference
SIHDR_174,SIHDR_174_e10.jpg,2440,33333.333333,32,1024,SDR,162,10,100,14.0,0.0857735507652802,2.0017386530014642e-05,0.9955589998169839,0.0002863608824554831,-0.9098254838247637,reference
SIHDR_174,SIHDR_174_e11.jpg,2441,16666.666667,32,1024,SDR,162,11,100,14.0,0.04944745436463958,1.1438506588579795e-05,0.9979739545204978,0.0001506256521679461,-0.9485493771690353,reference
SIHDR_174,SIHDR_174_e12.jpg,2442,8000.000000,32,1024,SDR,162,12,100,14.0,0.030303110808432992,0.0,0.9993708821376281,7.525603723479435e-05,-0.9690677713291952,reference
SIHDR_174,SIHDR_174_e13.jpg,2443,4000.000000,32,1024,SDR,162,13,100,14.0,0.019970872232926127,0.0,0.9997669404282576,3.7628018617397174e-05,-0.9797960681953315,reference
SIHDR_174,SIHDR_174_e14.jpg,2444,2000.000000,32,1024,SDR,162,14,100,14.0,0.013639272592860562,0.0,0.9999299391471449,1.8814009308698587e-05,-0.9862906665542843,reference
SIHDR_175,SIHDR_175_e00.jpg,2445,15000000.000000,32,1024,SDR,163,0,100,14.0,0.7723716342933743,0.07482356103587115,0.003457288616398243,0.15935483574867249,0.6192672236052338,reference
SIHDR_175,SIHDR_175_e01.jpg,2446,8000000.000000,32,1024,SDR,163,1,100,14.0,0.7238682793237289,0.058179104136163985,0.03752688049048316,0.11513035744428635,0.5699831905609177,reference
SIHDR_175,SIHDR_175_e02.jpg,2447,6000000.000000,32,1024,SDR,163,2,100,14.0,0.7005220542057389,0.05210954657759883,0.09934914897510981,0.09999565035104752,0.49695381207543143,reference
SIHDR_175,SIHDR_175_e03.jpg,2448,4000000.000000,32,1024,SDR,163,3,100,14.0,0.6649547004911733,0.0429944866398243,0.28586543740849196,0.0824422612786293,0.29310028980303277,reference
SIHDR_175,SIHDR_175_e04.jpg,2449,2000000.000000,32,1024,SDR,163,4,100,14.0,0.6065154574375328,0.02562654419838946,0.6354004621156661,0.05737219750881195,-0.08013809307491226,reference
SIHDR_175,SIHDR_175_e05.jpg,2450,1000000.000000,32,1024,SDR,163,5,100,14.0,0.5442516086534716,0.014339597822108346,0.8147519559846267,0.03804880380630493,-0.29917954297537186,reference
SIHDR_175,SIHDR_175_e06.jpg,2451,500000.000000,32,1024,SDR,163,6,100,14.0,0.4769663325335143,0.007959770772327965,0.8724692304172768,0.024103417992591858,-0.4114224394284184,reference
SIHDR_175,SIHDR_175_e07.jpg,2452,250000.000000,32,1024,SDR,163,7,100,14.0,0.404057533335495,0.004862795113469986,0.9081387834004392,0.015059652738273144,-0.5138068402918842,reference
SIHDR_175,SIHDR_175_e08.jpg,2453,125000.000000,32,1024,SDR,163,8,100,14.0,0.3523532190032765,0.0029611433931185944,0.931363241215227,0.009411893784999847,-0.5849323089981877,reference
SIHDR_175,SIHDR_175_e09.jpg,2454,66666.666667,32,1024,SDR,163,9,100,14.0,0.3338596679313988,0.0013854891105417276,0.9461375022877013,0.005953028332442045,-0.615048812577386,reference
SIHDR_175,SIHDR_175_e10.jpg,2455,33333.333333,32,1024,SDR,163,10,100,14.0,0.234266967244691,0.0,0.9626718635614934,0.003307056613266468,-0.7284048963168024,reference
SIHDR_175,SIHDR_175_e11.jpg,2456,16666.666667,32,1024,SDR,163,11,100,14.0,0.17072471312129936,0.0,0.9779637170571011,0.001653528306633234,-0.8072390039358017,reference
SIHDR_175,SIHDR_175_e12.jpg,2457,8000.000000,32,1024,SDR,163,12,100,14.0,0.1260534468041001,0.0,0.9885429058382138,0.0007936938782222569,-0.8624894590341137,reference
SIHDR_175,SIHDR_175_e13.jpg,2458,4000.000000,32,1024,SDR,163,13,100,14.0,0.09674235877870209,0.0,0.9932970351390923,0.00039684693911112845,-0.8965546763603902,reference
SIHDR_175,SIHDR_175_e14.jpg,2459,2000.000000,32,1024,SDR,163,14,100,14.0,0.07364510832854512,0.0,0.9957934892020498,0.00019842346955556422,-0.9221483808735047,reference
SIHDR_176,SIHDR_176_e00.jpg,2460,15000000.000000,32,1024,SDR,164,0,100,14.0,0.7388529867981423,0.03319311630673499,0.16773140098828698,0.08440358191728592,0.5047353531963853,reference
SIHDR_176,SIHDR_176_e01.jpg,2461,8000000.000000,32,1024,SDR,164,1,100,14.0,0.6747742724564801,0.027596826958272327,0.3529222524707174,0.058889687061309814,0.2666583660692181,reference
SIHDR_176,SIHDR_176_e02.jpg,2462,6000000.000000,32,1024,SDR,164,2,100,14.0,0.6451470487318253,0.025457826226207906,0.4760148814970717,0.05075974017381668,0.11821651478233774,reference
SIHDR_176,SIHDR_176_e03.jpg,2463,4000000.000000,32,1024,SDR,164,3,100,14.0,0.6024428494772186,0.022031993502928258,0.6811930934297218,0.04166436195373535,-0.12281423095835975,reference
SIHDR_176,SIHDR_176_e04.jpg,2464,2000000.000000,32,1024,SDR,164,4,100,14.0,0.5380252554822867,0.014791418832357248,0.8343403985175696,0.029904766008257866,-0.3258979806999973,reference
SIHDR_176,SIHDR_176_e05.jpg,2465,1000000.000000,32,1024,SDR,164,5,100,14.0,0.4609697490928311,0.005327484443631039,0.8958023540446559,0.01954074390232563,-0.4454875738390869,reference
SIHDR_176,SIHDR_176_e06.jpg,2466,500000.000000,32,1024,SDR,164,6,100,14.0,0.4049598904630491,4.289439970717423e-05,0.9340384219436311,0.010441000573337078,-0.5291643202799963,reference
SIHDR_176,SIHDR_176_e07.jpg,2467,250000.000000,32,1024,SDR,164,7,100,14.0,0.34980442675398943,0.0,0.959753614568082,0.005228571593761444,-0.6099491878140926,reference
SIHDR_176,SIHDR_176_e08.jpg,2468,125000.000000,32,1024,SDR,164,8,100,14.0,0.2913361963139532,0.0,0.9690674185578331,0.002614285796880722,-0.6777312222438798,reference
SIHDR_176,SIHDR_176_e09.jpg,2469,66666.666667,32,1024,SDR,164,9,100,14.0,0.20262685017665757,0.0,0.9738615826317716,0.0013942861696705222,-0.771234732455114,reference
SIHDR_176,SIHDR_176_e10.jpg,2470,33333.333333,32,1024,SDR,164,10,100,14.0,0.1386258109872583,0.0,0.9796909315519766,0.0006971430848352611,-0.8410651205647184,reference
SIHDR_176,SIHDR_176_e11.jpg,2471,16666.666667,32,1024,SDR,164,11,100,14.0,0.09870970675478202,0.0,0.9879237966691069,0.00034857154241763055,-0.8892140899143248,reference
SIHDR_176,SIHDR_176_e12.jpg,2472,8000.000000,32,1024,SDR,164,12,100,14.0,0.06554389117858647,0.0,0.9976436676427526,0.0001673142978688702,-0.9320997764641661,reference
SIHDR_176,SIHDR_176_e13.jpg,2473,4000.000000,32,1024,SDR,164,13,100,14.0,0.04727439850402642,0.0,0.9999685441068814,8.36571489344351e-05,-0.952694145602855,reference
SIHDR_176,SIHDR_176_e14.jpg,2474,2000.000000,32,1024,SDR,164,14,100,14.0,0.037126290388135454,0.0,1.0,4.182857446721755e-05,-0.9628737096118646,reference
SIHDR_177,SIHDR_177_e00.jpg,2475,15000000.000000,32,1024,SDR,165,0,100,14.0,0.7736044611530772,0.04059668969619327,0.04647608208272328,0.12706473469734192,0.6459349996779674,reference
SIHDR_177,SIHDR_177_e01.jpg,2476,8000000.000000,32,1024,SDR,165,1,100,14.0,0.7172069190590243,0.030003202781844804,0.33548996842972184,0.08362000435590744,0.32171054506561286,reference
SIHDR_177,SIHDR_177_e02.jpg,2477,6000000.000000,32,1024,SDR,165,2,100,14.0,0.6879734879447779,0.025400633693265007,0.4720929035505124,0.06954999268054962,0.16507931700773543,reference
SIHDR_177,SIHDR_177_e03.jpg,2478,4000000.000000,32,1024,SDR,165,3,100,14.0,0.6509757411844747,0.018374531021229868,0.6132655220534406,0.05349058285355568,0.0009611570885742493,reference
SIHDR_177,SIHDR_177_e04.jpg,2479,2000000.000000,32,1024,SDR,165,4,100,14.0,0.5872057747583187,0.008779053806734993,0.7185441068814056,0.03296957165002823,-0.14889643973655686,reference
SIHDR_177,SIHDR_177_e05.jpg,2480,1000000.000000,32,1024,SDR,165,5,100,14.0,0.5267374465777838,0.0007120470351390922,0.7950834439055637,0.018121015280485153,-0.2697700913980582,reference
SIHDR_177,SIHDR_177_e06.jpg,2481,500000.000000,32,1024,SDR,165,6,100,14.0,0.4339415852039206,0.00023877882503660323,0.8700356881405563,0.009232715703547001,-0.4365716605867089,reference
SIHDR_177,SIHDR_177_e07.jpg,2482,250000.000000,32,1024,SDR,165,7,100,14.0,0.4102617021860662,0.0001172446925329429,0.9380304607430454,0.0047026886604726315,-0.5280032479420451,reference
SIHDR_177,SIHDR_177_e08.jpg,2483,125000.000000,32,1024,SDR,165,8,100,14.0,0.35073706265927246,5.2903092972181553e-05,0.963679881954612,0.002389779081568122,-0.6130486254812839,reference
SIHDR_177,SIHDR_177_e09.jpg,2484,66666.666667,32,1024,SDR,165,9,100,14.0,0.268438487590255,1.7157759882869693e-05,0.9732081579428989,0.001290082116611302,-0.7048039858724097,reference
SIHDR_177,SIHDR_177_e10.jpg,2485,33333.333333,32,1024,SDR,165,10,100,14.0,0.2052292691565193,0.0,0.9849097501830161,0.0006460612057708204,-0.7796804810264968,reference
SIHDR_177,SIHDR_177_e11.jpg,2486,16666.666667,32,1024,SDR,165,11,100,14.0,0.14977679298183597,0.0,0.9945724286237189,0.0003230306028854102,-0.8447956356418829,reference
SIHDR_177,SIHDR_177_e12.jpg,2487,8000.000000,32,1024,SDR,165,12,100,14.0,0.09110864423064931,0.0,0.9996139504026355,0.0001550547021906823,-0.9085053061719861,reference
SIHDR_177,SIHDR_177_e13.jpg,2488,4000.000000,32,1024,SDR,165,13,100,14.0,0.05332680849259299,0.0,0.9997955366947291,7.752735109534115e-05,-0.9464687282021361,reference
SIHDR_177,SIHDR_177_e14.jpg,2489,2000.000000,32,1024,SDR,165,14,100,14.0,0.037618231380780756,0.0,0.9999084919472914,3.876367554767057e-05,-0.9622902605665106,reference
SIHDR_178,SIHDR_178_e00.jpg,2490,15000000.000000,32,1024,SDR,166,0,100,14.0,0.41412458054972917,0.7101124977122987,0.0,0.8287668824195862,-1.0061004148748682,reference
SIHDR_178,SIHDR_178_e01.jpg,2491,8000000.000000,32,1024,SDR,166,1,100,14.0,0.5258237091378871,0.6138388771961932,0.0,0.7461134791374207,-0.7018540452544993,reference
SIHDR_178,SIHDR_178_e02.jpg,2492,6000000.000000,32,1024,SDR,166,2,100,14.0,0.6136974956129265,0.5284818814055637,0.00024878751830161055,0.7015365958213806,-0.44351505471650254,reference
SIHDR_178,SIHDR_178_e03.jpg,2493,4000000.000000,32,1024,SDR,166,3,100,14.0,0.7970744032818319,0.3190514046486091,0.004190782851390923,0.6070802211761475,0.15478081113322276,reference
SIHDR_178,SIHDR_178_e04.jpg,2494,2000000.000000,32,1024,SDR,166,4,100,14.0,0.9139473923853637,0.15015899524158127,0.0268762010431918,0.40884652733802795,0.5867532008590094,reference
SIHDR_178,SIHDR_178_e05.jpg,2495,1000000.000000,32,1024,SDR,166,5,100,14.0,0.9425747736822944,0.03208215135431918,0.060635523426061495,0.23782429099082947,0.8177749475475945,reference
SIHDR_178,SIHDR_178_e06.jpg,2496,500000.000000,32,1024,SDR,166,6,100,14.0,0.8844393738477514,0.0065371065153733525,0.12639978724377746,0.12588277459144592,0.7449653735732272,reference
SIHDR_178,SIHDR_178_e07.jpg,2497,250000.000000,32,1024,SDR,166,7,100,14.0,0.808014604901422,0.0011438506588579795,0.21196410596632503,0.0643063634634018,0.5937627976173809,reference
SIHDR_178,SIHDR_178_e08.jpg,2498,125000.000000,32,1024,SDR,166,8,100,14.0,0.7255033634292043,0.00012439375915080527,0.3243688803989751,0.03231745958328247,0.4008856955119276,reference
SIHDR_178,SIHDR_178_e09.jpg,2499,66666.666667,32,1024,SDR,166,9,100,14.0,0.6550046191577393,4.289439970717423e-06,0.4406999222181552,0.017257779836654663,0.21429611805964272,reference
SIHDR_178,SIHDR_178_e10.jpg,2500,33333.333333,32,1024,SDR,166,10,100,14.0,0.5759200097118338,0.0,0.7516643027086384,0.00862893182784319,-0.1757442929968046,reference
SIHDR_178,SIHDR_178_e11.jpg,2501,16666.666667,32,1024,SDR,166,11,100,14.0,0.49857347891463966,0.0,0.9006908857979502,0.004314465913921595,-0.40211740688331055,reference
SIHDR_178,SIHDR_178_e12.jpg,2502,8000.000000,32,1024,SDR,166,12,100,14.0,0.41177994143393876,0.0,0.981582574579063,0.0020709442906081676,-0.5698026331451242,reference
SIHDR_178,SIHDR_178_e13.jpg,2503,4000.000000,32,1024,SDR,166,13,100,14.0,0.33891183563388155,0.0,0.9961366443997072,0.0010354721453040838,-0.6572248087658257,reference
SIHDR_178,SIHDR_178_e14.jpg,2504,2000.000000,32,1024,SDR,166,14,100,14.0,0.26398284571793745,0.0,0.9997211864019033,0.0005177360726520419,-0.7357383406839659,reference
SIHDR_179,SIHDR_179_e00.jpg,2505,15000000.000000,32,1024,SDR,167,0,100,14.0,0.44393857323403735,0.6829732110175696,0.0,0.8259971737861633,-0.9220078488011019,reference
SIHDR_179,SIHDR_179_e01.jpg,2506,8000000.000000,32,1024,SDR,167,1,100,14.0,0.5912498467881239,0.5495458912884333,0.0,0.7238209247589111,-0.5078419357887428,reference
SIHDR_179,SIHDR_179_e02.jpg,2507,6000000.000000,32,1024,SDR,167,2,100,14.0,0.683592765837159,0.45259739888360173,2.0017386530014642e-05,0.6680235266685486,-0.22162204931657448,reference
SIHDR_179,SIHDR_179_e03.jpg,2508,4000000.000000,32,1024,SDR,167,3,100,14.0,0.8745386944996413,0.21475653138726208,0.0021146939055636895,0.552308976650238,0.44291093781955343,reference
SIHDR_179,SIHDR_179_e04.jpg,2509,2000000.000000,32,1024,SDR,167,4,100,14.0,0.9402717495742096,0.07651074075768667,0.020331945461200585,0.3355506360530853,0.7669183225976357,reference
SIHDR_179,SIHDR_179_e05.jpg,2510,1000000.000000,32,1024,SDR,167,5,100,14.0,0.9105413751551547,0.02711355005490483,0.05059823389458273,0.19053953886032104,0.8057160411507622,reference
SIHDR_179,SIHDR_179_e06.jpg,2511,500000.000000,32,1024,SDR,167,6,100,14.0,0.8483662204884759,0.0034458501098096634,0.1116240963579795,0.10037004947662354,0.729850423910877,reference
SIHDR_179,SIHDR_179_e07.jpg,2512,250000.000000,32,1024,SDR,167,7,100,14.0,0.7697463342814111,0.00056048682284041,0.219509230874817,0.050902556627988815,0.5491161297609133,reference
SIHDR_179,SIHDR_179_e08.jpg,2513,125000.000000,32,1024,SDR,167,8,100,14.0,0.6862550810951881,0.00014727077232796486,0.3611265213213763,0.025567123666405678,0.32483401822915586,reference
SIHDR_179,SIHDR_179_e09.jpg,2514,66666.666667,32,1024,SDR,167,9,100,14.0,0.6152945251837826,5.433290629575403e-05,0.5073921348828697,0.013677665032446384,0.10779372448832136,reference
SIHDR_179,SIHDR_179_e10.jpg,2515,33333.333333,32,1024,SDR,167,10,100,14.0,0.5361486239822447,1.4298133235724744e-05,0.8483497094619327,0.0068521094508469105,-0.3122296817461594,reference
SIHDR_179,SIHDR_179_e11.jpg,2516,16666.666667,32,1024,SDR,167,11,100,14.0,0.4574472309924486,0.0,0.939907805636896,0.003428137395530939,-0.4824605746444474,reference
SIHDR_179,SIHDR_179_e12.jpg,2517,8000.000000,32,1024,SDR,167,12,100,14.0,0.3738525174980876,0.0,0.9853358345534406,0.0016455060103908181,-0.6114833170553531,reference
SIHDR_179,SIHDR_179_e13.jpg,2518,4000.000000,32,1024,SDR,167,13,100,14.0,0.30081331161644415,0.0,0.9979911122803806,0.0008227530051954091,-0.6971778006639364,reference
SIHDR_179,SIHDR_179_e14.jpg,2519,2000.000000,32,1024,SDR,167,14,100,14.0,0.23326613511872055,0.0,0.9997240460285505,0.00041137650259770453,-0.76645791090983,reference
SIHDR_180,SIHDR_180_e00.jpg,2520,15000000.000000,32,1024,SDR,168,0,100,14.0,0.45701884903481993,0.6700734352122987,0.0,0.8210030198097229,-0.8831280213897774,reference
SIHDR_180,SIHDR_180_e01.jpg,2521,8000000.000000,32,1024,SDR,168,1,100,14.0,0.6419811428776961,0.49667425420937045,0.00013869189238653002,0.7047742605209351,-0.3515060574334313,reference
SIHDR_180,SIHDR_180_e02.jpg,2522,6000000.000000,32,1024,SDR,168,2,100,14.0,0.7294302192963302,0.4019076569363104,0.0012153413250366033,0.639657735824585,-0.07560043590132721,reference
SIHDR_180,SIHDR_180_e03.jpg,2523,4000000.000000,32,1024,SDR,168,3,100,14.0,0.8963812388722525,0.18409418466325037,0.011864590959004393,0.5199645757675171,0.5163282785867475,reference
SIHDR_180,SIHDR_180_e04.jpg,2524,2000000.000000,32,1024,SDR,168,4,100,14.0,0.9395166346900569,0.0695389709919473,0.02871351116398243,0.3132123053073883,0.7717251815421798,reference
SIHDR_180,SIHDR_180_e05.jpg,2525,1000000.000000,32,1024,SDR,168,5,100,14.0,0.9064839113667221,0.02379638314421669,0.056667791453147875,0.1769130825996399,0.8022233536251409,reference
SIHDR_180,SIHDR_180_e06.jpg,2526,500000.000000,32,1024,SDR,168,6,100,14.0,0.8410668174840731,0.005354650896778917,0.12255501921669107,0.09407038986682892,0.7078024964738242,reference
SIHDR_180,SIHDR_180_e07.jpg,2527,250000.000000,32,1024,SDR,168,7,100,14.0,0.7646491854013647,0.001058061859443631,0.2116123718887262,0.04839932173490524,0.5509206897937513,reference
SIHDR_180,SIHDR_180_e08.jpg,2528,125000.000000,32,1024,SDR,168,8,100,14.0,0.6818297463882551,0.0008393004209370425,0.37779242542093705,0.024660810828208923,0.30235872012544396,reference
SIHDR_180,SIHDR_180_e09.jpg,2529,66666.666667,32,1024,SDR,168,9,100,14.0,0.6105058846144771,0.0007077575951683748,0.5653052937408491,0.013510563410818577,0.04378507568329115,reference
SIHDR_180,SIHDR_180_e10.jpg,2530,33333.333333,32,1024,SDR,168,10,100,14.0,0.5312223799114325,0.000587653275988287,0.8676307421303074,0.007076932117342949,-0.33758366877085155,reference
SIHDR_180,SIHDR_180_e11.jpg,2531,16666.666667,32,1024,SDR,168,11,100,14.0,0.4527004373502413,0.00027166453147877014,0.9464520612188873,0.003741478081792593,-0.4942949529316035,reference
SIHDR_180,SIHDR_180_e12.jpg,2532,8000.000000,32,1024,SDR,168,12,100,14.0,0.36548567948863103,3.7175146412884335e-05,0.9851885637811127,0.00185828295070678,-0.6197772345853074,reference
SIHDR_180,SIHDR_180_e13.jpg,2533,4000.000000,32,1024,SDR,168,13,100,14.0,0.29219880432856177,0.0,0.9964955275439239,0.0009312544134445488,-0.7042967232153621,reference
SIHDR_180,SIHDR_180_e14.jpg,2534,2000.000000,32,1024,SDR,168,14,100,14.0,0.2302012458224544,0.0,0.9990262971266471,0.0004656272067222744,-0.7688250513041928,reference
SIHDR_181,SIHDR_181_e00.jpg,2535,15000000.000000,32,1024,SDR,169,0,100,14.0,0.365229932418427,0.7424377173316252,0.0,0.8632670640945435,-1.1196455022448235,reference
SIHDR_181,SIHDR_181_e01.jpg,2536,8000000.000000,32,1024,SDR,169,1,100,14.0,0.5143090072674666,0.6167013634699854,0.0,0.7731258869171143,-0.7190937196725041,reference
SIHDR_181,SIHDR_181_e02.jpg,2537,6000000.000000,32,1024,SDR,169,2,100,14.0,0.5927062691346981,0.5420265030197657,0.0,0.7236282229423523,-0.4913467369048333,reference
SIHDR_181,SIHDR_181_e03.jpg,2538,4000000.000000,32,1024,SDR,169,3,100,14.0,0.7034449866029892,0.43077129849926793,0.0,0.6409993171691895,-0.1580976103955467,reference
SIHDR_181,SIHDR_181_e04.jpg,2539,2000000.000000,32,1024,SDR,169,4,100,14.0,0.8532923563855324,0.25110238607247437,9.722730600292826e-05,0.48250508308410645,0.3509903569345807,reference
SIHDR_181,SIHDR_181_e05.jpg,2540,1000000.000000,32,1024,SDR,169,5,100,14.0,0.9131973586372032,0.13829154465592972,0.04716096266471449,0.3303108811378479,0.5894533066606293,reference
SIHDR_181,SIHDR_181_e06.jpg,2541,500000.000000,32,1024,SDR,169,6,100,14.0,0.9154849227071046,0.0668737989568082,0.09880153047218156,0.21312232315540314,0.6829357943213067,reference
SIHDR_181,SIHDR_181_e07.jpg,2542,250000.000000,32,1024,SDR,169,7,100,14.0,0.8854723030346078,5.719253294289898e-05,0.1625769239568082,0.11821559071540833,0.7227809940119138,reference
SIHDR_181,SIHDR_181_e08.jpg,2543,125000.000000,32,1024,SDR,169,8,100,14.0,0.8065228715181889,0.0,0.2958469642203514,0.05910792574286461,0.5106759072978375,reference
SIHDR_181,SIHDR_181_e09.jpg,2544,66666.666667,32,1024,SDR,169,9,100,14.0,0.728279941506639,0.0,0.4328559663250366,0.031524211168289185,0.2954239751816024,reference
SIHDR_181,SIHDR_181_e10.jpg,2545,33333.333333,32,1024,SDR,169,10,100,14.0,0.653379587356809,0.0,0.6213096518118595,0.015762105584144592,0.032069935544949524,reference
SIHDR_181,SIHDR_181_e11.jpg,2546,16666.666667,32,1024,SDR,169,11,100,14.0,0.5766241527757435,0.0,0.7902449556185944,0.007881052792072296,-0.2136208028428509,reference
SIHDR_181,SIHDR_181_e12.jpg,2547,8000.000000,32,1024,SDR,169,12,100,14.0,0.48967618228435034,0.0,0.8879541087115667,0.0037829058710485697,-0.3982779264272163,reference
SIHDR_181,SIHDR_181_e13.jpg,2548,4000.000000,32,1024,SDR,169,13,100,14.0,0.4108773583370305,0.0,0.9574887902635432,0.0018914529355242848,-0.5466114319265127,reference
SIHDR_181,SIHDR_181_e14.jpg,2549,2000.000000,32,1024,SDR,169,14,100,14.0,0.3323068659721569,0.0,1.0,0.0009457264677621424,-0.6676931340278431,reference
SIHDR_182,SIHDR_182_e00.jpg,2550,15000000.000000,32,1024,SDR,170,0,100,14.0,0.18104116001085865,0.8863970420021962,0.0,0.9382537007331848,-1.5917529239935337,reference
SIHDR_182,SIHDR_182_e01.jpg,2551,8000000.000000,32,1024,SDR,170,1,100,14.0,0.3907934142181646,0.7145434892020498,0.0,0.864205002784729,-1.038293564185935,reference
SIHDR_182,SIHDR_182_e02.jpg,2552,6000000.000000,32,1024,SDR,170,2,100,14.0,0.4848778562688128,0.6305004918557833,0.0,0.8153248429298401,-0.7761231274427538,reference
SIHDR_182,SIHDR_182_e03.jpg,2553,4000000.000000,32,1024,SDR,170,3,100,14.0,0.5833541126327323,0.5391068242130308,0.0,0.7367543578147888,-0.4948595357933293,reference
SIHDR_182,SIHDR_182_e04.jpg,2554,2000000.000000,32,1024,SDR,170,4,100,14.0,0.7170632473812671,0.40067372803806733,0.0,0.5958526730537415,-0.08428420869486752,reference
SIHDR_182,SIHDR_182_e05.jpg,2555,1000000.000000,32,1024,SDR,170,5,100,14.0,0.8419081820324906,0.2445924460102489,0.008147076317715959,0.4539828896522522,0.3445762136942769,reference
SIHDR_182,SIHDR_182_e06.jpg,2556,500000.000000,32,1024,SDR,170,6,100,14.0,0.9304294232461764,0.0833709850841874,0.027323732613469986,0.30210429430007935,0.7363637204643316,reference
SIHDR_182,SIHDR_182_e07.jpg,2557,250000.000000,32,1024,SDR,170,7,100,14.0,0.9123921897758129,0.0013125686310395315,0.08760752196193265,0.16178523004055023,0.8221595305518012,reference
SIHDR_182,SIHDR_182_e08.jpg,2558,125000.000000,32,1024,SDR,170,8,100,14.0,0.8294219525933242,0.0002402086383601757,0.1735779076683748,0.08110051602125168,0.6553636276482291,reference
SIHDR_182,SIHDR_182_e09.jpg,2559,66666.666667,32,1024,SDR,170,9,100,14.0,0.7587834650007875,0.00013583226573938507,0.3430736982979502,0.04333675280213356,0.41543810217135857,reference
SIHDR_182,SIHDR_182_e10.jpg,2560,33333.333333,32,1024,SDR,170,10,100,14.0,0.674483602752587,8.435898609077599e-05,0.5061710743045388,0.021721774712204933,0.16814381047586668,reference
SIHDR_182,SIHDR_182_e11.jpg,2561,16666.666667,32,1024,SDR,170,11,100,14.0,0.5994012083668891,4.7183839677891656e-05,0.643721975658858,0.010892996564507484,-0.044415134971324655,reference
SIHDR_182,SIHDR_182_e12.jpg,2562,8000.000000,32,1024,SDR,170,12,100,14.0,0.5230096689272955,1.4298133235724744e-06,0.8122726596815519,0.0052377162501215935,-0.2892658503809036,reference
SIHDR_182,SIHDR_182_e13.jpg,2563,4000.000000,32,1024,SDR,170,13,100,14.0,0.435580080812007,0.0,0.9631437019582724,0.002619018778204918,-0.5275636211462653,reference
SIHDR_182,SIHDR_182_e14.jpg,2564,2000.000000,32,1024,SDR,170,14,100,14.0,0.3709182740087549,0.0,0.9996296783491947,0.001309509389102459,-0.6287114043404398,reference
SIHDR_183,SIHDR_183_e00.jpg,2565,15000000.000000,32,1024,SDR,171,0,100,14.0,0.14095665851914643,0.9181217400256223,0.0,0.9578361511230469,-1.6952868215320982,reference
SIHDR_183,SIHDR_183_e01.jpg,2566,8000000.000000,32,1024,SDR,171,1,100,14.0,0.22239784565312307,0.8615297286786238,0.0,0.9262145757675171,-1.5006616117041245,reference
SIHDR_183,SIHDR_183_e02.jpg,2567,6000000.000000,32,1024,SDR,171,2,100,14.0,0.29011348032293277,0.8076643713396779,0.0,0.9031924605369568,-1.325215262356423,reference
SIHDR_183,SIHDR_183_e03.jpg,2568,4000000.000000,32,1024,SDR,171,3,100,14.0,0.5984162289358911,0.4815554081259151,0.0,0.8108595609664917,-0.36469458731593907,reference
SIHDR_183,SIHDR_183_e04.jpg,2569,2000000.000000,32,1024,SDR,171,4,100,14.0,0.8716250081886833,0.08182249725475842,0.00012153413250366033,0.50445157289505,0.7078584795466627,reference
SIHDR_183,SIHDR_183_e05.jpg,2570,1000000.000000,32,1024,SDR,171,5,100,14.0,0.848275730063544,0.0013440245241581258,0.005097284498535871,0.2614825665950775,0.8404903965166919,reference
SIHDR_183,SIHDR_183_e06.jpg,2571,500000.000000,32,1024,SDR,171,6,100,14.0,0.7667574895501477,0.000862177434114202,0.021997677983162517,0.13125541806221008,0.7430354566987567,reference
SIHDR_183,SIHDR_183_e07.jpg,2572,250000.000000,32,1024,SDR,171,7,100,14.0,0.6851716419150571,0.0006562843155197657,0.055436722181551976,0.0659954696893692,0.6284223511024656,reference
SIHDR_183,SIHDR_183_e08.jpg,2573,125000.000000,32,1024,SDR,171,8,100,14.0,0.6078363844527855,0.00047612783674963395,0.09266191206076135,0.033273354172706604,0.514222216718525,reference
SIHDR_183,SIHDR_183_e09.jpg,2574,66666.666667,32,1024,SDR,171,9,100,14.0,0.5312981995339302,0.00032027818448023427,0.1700977420387994,0.017927896231412888,0.36055990112617037,reference
SIHDR_183,SIHDR_183_e10.jpg,2575,33333.333333,32,1024,SDR,171,10,100,14.0,0.4527636671968938,0.00015013039897510981,0.6686450517020498,0.009076948277652264,-0.21618164530310618,reference
SIHDR_183,SIHDR_183_e11.jpg,2576,16666.666667,32,1024,SDR,171,11,100,14.0,0.3772767781643045,7.149066617862372e-05,0.9637685303806734,0.004582918714731932,-0.5866347335487262,reference
SIHDR_183,SIHDR_183_e12.jpg,2577,8000.000000,32,1024,SDR,171,12,100,14.0,0.3172303356994116,4.146458638360176e-05,0.998866158034407,0.0022261692211031914,-0.6817187515077626,reference
SIHDR_183,SIHDR_183_e13.jpg,2578,4000.000000,32,1024,SDR,171,13,100,14.0,0.26415098759248884,0.0,0.9992136026720352,0.001123775728046894,-0.7350626150795463,reference
SIHDR_183,SIHDR_183_e14.jpg,2579,2000.000000,32,1024,SDR,171,14,100,14.0,0.16451888397487177,0.0,0.9994094870973645,0.000561887864023447,-0.8348906031224927,reference
SIHDR_184,SIHDR_184_e00.jpg,2580,15000000.000000,32,1024,SDR,172,0,100,14.0,0.8390697337173479,0.05916567532942899,0.0,0.42738813161849976,0.7207383830584899,reference
SIHDR_184,SIHDR_184_e01.jpg,2581,8000000.000000,32,1024,SDR,172,1,100,14.0,0.7886596750299532,0.04431563415080527,0.0,0.25115036964416504,0.7000284067283427,reference
SIHDR_184,SIHDR_184_e02.jpg,2582,6000000.000000,32,1024,SDR,172,2,100,14.0,0.7608985849793143,0.040226368045388,0.0,0.19882327318191528,0.6804458488885383,reference
SIHDR_184,SIHDR_184_e03.jpg,2583,4000000.000000,32,1024,SDR,172,3,100,14.0,0.7215780586901701,0.03598125228770132,2.1447199853587116e-05,0.14505483210086823,0.6495941069149138,reference
SIHDR_184,SIHDR_184_e04.jpg,2584,2000000.000000,32,1024,SDR,172,4,100,14.0,0.6513172517469379,0.03196061722181552,0.02477294564421669,0.08928265422582626,0.5626230716590901,reference
SIHDR_184,SIHDR_184_e05.jpg,2585,1000000.000000,32,1024,SDR,172,5,100,14.0,0.5843234445075375,0.0297072314238653,0.08358545708272327,0.05994404852390289,0.4413235245770837,reference
SIHDR_184,SIHDR_184_e06.jpg,2586,500000.000000,32,1024,SDR,172,6,100,14.0,0.5105795177280739,0.028184480234260616,0.42639321010248904,0.04439164325594902,0.027817347157063577,reference
SIHDR_184,SIHDR_184_e07.jpg,2587,250000.000000,32,1024,SDR,172,7,100,14.0,0.4533872754522264,0.021919038250366032,0.6971741169472914,0.03472820669412613,-0.28762491799579704,reference
SIHDR_184,SIHDR_184_e08.jpg,2588,125000.000000,32,1024,SDR,172,8,100,14.0,0.41406845991828584,0.01535905472181552,0.9468152338030746,0.02653011865913868,-0.5634648833284198,reference
SIHDR_184,SIHDR_184_e09.jpg,2589,66666.666667,32,1024,SDR,172,9,100,14.0,0.3367947370630642,0.005499062042459736,0.9586369303623719,0.018476327881217003,-0.6328403173842272,reference
SIHDR_184,SIHDR_184_e10.jpg,2590,33333.333333,32,1024,SDR,172,10,100,14.0,0.28826334786756763,0.0010623512994143484,0.965318448023426,0.010466460138559341,-0.6791798027546871,reference
SIHDR_184,SIHDR_184_e11.jpg,2591,16666.666667,32,1024,SDR,172,11,100,14.0,0.19918293200631335,0.0001787266654465593,0.9687485701866764,0.005451187491416931,-0.7699230915112562,reference
SIHDR_184,SIHDR_184_e12.jpg,2592,8000.000000,32,1024,SDR,172,12,100,14.0,0.22382732353610568,1.572794655929722e-05,0.9708203696925329,0.002648033667355776,-0.7470245020495458,reference
SIHDR_184,SIHDR_184_e13.jpg,2593,4000.000000,32,1024,SDR,172,13,100,14.0,0.0912827081347715,1.4298133235724744e-06,0.972833546852123,0.0013258409453555942,-0.8815536983439987,reference
SIHDR_184,SIHDR_184_e14.jpg,2594,2000.000000,32,1024,SDR,172,14,100,14.0,0.0700243246975591,0.0,0.9802557078147877,0.0006629204726777971,-0.9102313831172285,reference
SIHDR_185,SIHDR_185_e00.jpg,2595,15000000.000000,32,1024,SDR,173,0,100,14.0,0.8454999750377915,0.1590452850475842,0.010763634699853588,0.387071818113327,0.5166457702427695,reference
SIHDR_185,SIHDR_185_e01.jpg,2596,8000000.000000,32,1024,SDR,173,1,100,14.0,0.8188224235795097,0.1309680408125915,0.030060395314787703,0.2726871371269226,0.5268259466395391,reference
SIHDR_185,SIHDR_185_e02.jpg,2597,6000000.000000,32,1024,SDR,173,2,100,14.0,0.8024060108820305,0.12295679676061494,0.03575534178257687,0.23603853583335876,0.5207370755782237,reference
SIHDR_185,SIHDR_185_e03.jpg,2598,4000000.000000,32,1024,SDR,173,3,100,14.0,0.7709169031059226,0.11554321467789165,0.04224812408491947,0.19688913226127625,0.4975823496652199,reference
SIHDR_185,SIHDR_185_e04.jpg,2599,2000000.000000,32,1024,SDR,173,4,100,14.0,0.7168777385760278,0.10342554676061494,0.058051850750366035,0.1527508944272995,0.4519747943044319,reference
SIHDR_185,SIHDR_185_e05.jpg,2600,1000000.000000,32,1024,SDR,173,5,100,14.0,0.6673449357594938,0.087880616306735,0.18164491443997072,0.12382372468709946,0.3099387887060531,reference
SIHDR_185,SIHDR_185_e06.jpg,2601,500000.000000,32,1024,SDR,173,6,100,14.0,0.6240088257888069,0.06405706670937042,0.5687268370241582,0.10003688931465149,-0.0728321446540921,reference
SIHDR_185,SIHDR_185_e07.jpg,2602,250000.000000,32,1024,SDR,173,7,100,14.0,0.6016173184594391,0.0015813735358711568,0.7917462596083455,0.0627485066652298,-0.1932916882206488,reference
SIHDR_185,SIHDR_185_e08.jpg,2603,125000.000000,32,1024,SDR,173,8,100,14.0,0.5251319890182081,0.0,0.8508175672584187,0.03141174092888832,-0.3256855782402106,reference
SIHDR_185,SIHDR_185_e09.jpg,2604,66666.666667,32,1024,SDR,173,9,100,14.0,0.46321685026696496,0.0,0.8748284224011713,0.016752932220697403,-0.41161157213420635,reference
SIHDR_185,SIHDR_185_e10.jpg,2605,33333.333333,32,1024,SDR,173,10,100,14.0,0.3729493386601845,0.0,0.8877296280197657,0.008376466110348701,-0.5147802893595812,reference
SIHDR_185,SIHDR_185_e11.jpg,2606,16666.666667,32,1024,SDR,173,11,100,14.0,0.3463485109145241,0.0,0.9003791864934114,0.004188233055174351,-0.5540306755788873,reference
SIHDR_185,SIHDR_185_e12.jpg,2607,8000.000000,32,1024,SDR,173,12,100,14.0,0.25536989265517,0.0,0.9182804493045388,0.00201035151258111,-0.6629105566493687,reference
SIHDR_185,SIHDR_185_e13.jpg,2608,4000.000000,32,1024,SDR,173,13,100,14.0,0.1799509623011265,0.0,0.9590058221998536,0.001005175756290555,-0.7790548598987271,reference
SIHDR_185,SIHDR_185_e14.jpg,2609,2000.000000,32,1024,SDR,173,14,100,14.0,0.1427693378261091,0.0,0.9999685441068814,0.0005025878781452775,-0.8571992062807723,reference
SIHDR_187,SIHDR_187_e00.jpg,2610,15000000.000000,32,1024,SDR,174,0,100,14.0,0.8430647481697967,0.13244074853587115,0.012030449304538799,0.26139670610427856,0.5661528017935157,reference
SIHDR_187,SIHDR_187_e01.jpg,2611,8000000.000000,32,1024,SDR,174,1,100,14.0,0.8218327171913499,0.0985026994875549,0.09967228678623719,0.1918342262506485,0.5251550314300029,reference
SIHDR_187,SIHDR_187_e02.jpg,2612,6000000.000000,32,1024,SDR,174,2,100,14.0,0.8050535639245896,0.08695123764641288,0.11880604868228405,0.1667625606060028,0.5123450399494798,reference
SIHDR_187,SIHDR_187_e03.jpg,2613,4000000.000000,32,1024,SDR,174,3,100,14.0,0.7796809307057885,0.073054881954612,0.15123564467423134,0.13747982680797577,0.4823355221223331,reference
SIHDR_187,SIHDR_187_e04.jpg,2614,2000000.000000,32,1024,SDR,174,4,100,14.0,0.745627630832809,0.03457288616398243,0.34024409773060027,0.095439612865448,0.33623776077424394,reference
SIHDR_187,SIHDR_187_e05.jpg,2615,1000000.000000,32,1024,SDR,174,5,100,14.0,0.6967533597664685,0.0009980096998535872,0.6215198343704246,0.05201031267642975,0.07323750599633672,reference
SIHDR_187,SIHDR_187_e06.jpg,2616,500000.000000,32,1024,SDR,174,6,100,14.0,0.6099864802897924,0.0008064147144948756,0.7490677617130308,0.026449650526046753,-0.14069411085222816,reference
SIHDR_187,SIHDR_187_e07.jpg,2617,250000.000000,32,1024,SDR,174,7,100,14.0,0.5462519549886541,0.0005704955161054173,0.8372171829245973,0.013565827161073685,-0.29210621896815414,reference
SIHDR_187,SIHDR_187_e08.jpg,2618,125000.000000,32,1024,SDR,174,8,100,14.0,0.46730304848589066,0.0,0.8788247506405563,0.00688305776566267,-0.41152170215466566,reference
SIHDR_187,SIHDR_187_e09.jpg,2619,66666.666667,32,1024,SDR,174,9,100,14.0,0.40446272540457356,0.0,0.9098702873352855,0.0036709632258862257,-0.5054075619307119,reference
SIHDR_187,SIHDR_187_e10.jpg,2620,33333.333333,32,1024,SDR,174,10,100,14.0,0.3328075692430012,0.0,0.9342285871156661,0.0018354816129431129,-0.6014210178726649,reference
SIHDR_187,SIHDR_187_e11.jpg,2621,16666.666667,32,1024,SDR,174,11,100,14.0,0.25583048403712755,0.0,0.9817613012445096,0.0009177408064715564,-0.725930817207382,reference
SIHDR_187,SIHDR_187_e12.jpg,2622,8000.000000,32,1024,SDR,174,12,100,14.0,0.17509573870032613,0.0,0.9990691915263543,0.000440515810623765,-0.8239734528260282,reference
SIHDR_187,SIHDR_187_e13.jpg,2623,4000.000000,32,1024,SDR,174,13,100,14.0,0.13153968109118377,0.0,0.999260786511713,0.0002202579053118825,-0.8677211054205293,reference
SIHDR_187,SIHDR_187_e14.jpg,2624,2000.000000,32,1024,SDR,174,14,100,14.0,0.09448421908397754,0.0,0.9995381702964861,0.00011012895265594125,-0.9050539512125085,reference
SIHDR_190,SIHDR_190_e00.jpg,2625,15000000.000000,32,1024,SDR,175,0,100,14.0,0.717385656216667,0.39680179355783307,0.0005461886896046852,0.5454494953155518,-0.07676411958860388,reference
SIHDR_190,SIHDR_190_e01.jpg,2626,8000000.000000,32,1024,SDR,175,1,100,14.0,0.7555110943418231,0.3354971174963397,0.00238635843704246,0.4592895209789276,0.0821305009121012,reference
SIHDR_190,SIHDR_190_e02.jpg,2627,6000000.000000,32,1024,SDR,175,2,100,14.0,0.7635901491387876,0.3134293786603221,0.0200402635431918,0.4251384735107422,0.11669112827495162,reference
SIHDR_190,SIHDR_190_e03.jpg,2628,4000000.000000,32,1024,SDR,175,3,100,14.0,0.7911007080144534,0.2637076203330893,0.06144336795387994,0.3797837197780609,0.20224209939439486,reference
SIHDR_190,SIHDR_190_e04.jpg,2629,2000000.000000,32,1024,SDR,175,4,100,14.0,0.9148269778948386,0.003254255124450952,0.12872180408125916,0.24429216980934143,0.7795966635646776,reference
SIHDR_190,SIHDR_190_e05.jpg,2630,1000000.000000,32,1024,SDR,175,5,100,14.0,0.8346956853211404,0.0,0.25525313415080525,0.12222328782081604,0.5794425511703352,reference
SIHDR_190,SIHDR_190_e06.jpg,2631,500000.000000,32,1024,SDR,175,6,100,14.0,0.7563227020772181,0.0,0.4468395406295754,0.06111164391040802,0.30948316144764265,reference
SIHDR_190,SIHDR_190_e07.jpg,2632,250000.000000,32,1024,SDR,175,7,100,14.0,0.6700448471347221,0.0,0.5427928829612005,0.03055582195520401,0.12725196417352158,reference
SIHDR_190,SIHDR_190_e08.jpg,2633,125000.000000,32,1024,SDR,175,8,100,14.0,0.5980162653388935,0.0,0.623746053715227,0.015277910977602005,-0.02572978837633344,reference
SIHDR_190,SIHDR_190_e09.jpg,2634,66666.666667,32,1024,SDR,175,9,100,14.0,0.5310112320193314,0.0,0.679560246614202,0.00814821943640709,-0.14854901459487058,reference
SIHDR_190,SIHDR_190_e10.jpg,2635,33333.333333,32,1024,SDR,175,10,100,14.0,0.4577806606559163,0.0,0.7869864110541728,0.004074109718203545,-0.32920575039825645,reference
SIHDR_190,SIHDR_190_e11.jpg,2636,16666.666667,32,1024,SDR,175,11,100,14.0,0.38660512637083455,0.0,0.9998741764275256,0.0020370548591017723,-0.6132690500566911,reference
SIHDR_190,SIHDR_190_e12.jpg,2637,8000.000000,32,1024,SDR,175,12,100,14.0,0.29504602465637303,0.0,1.0,0.0009777862578630447,-0.7049539753436269,reference
SIHDR_190,SIHDR_190_e13.jpg,2638,4000.000000,32,1024,SDR,175,13,100,14.0,0.22573148529510334,0.0,1.0,0.0004888931289315224,-0.7742685147048967,reference
SIHDR_190,SIHDR_190_e14.jpg,2639,2000.000000,32,1024,SDR,175,14,100,14.0,0.158620569843075,0.0,1.0,0.0002444465644657612,-0.8413794301569251,reference
SIHDR_191,SIHDR_191_e00.jpg,2640,15000000.000000,32,1024,SDR,176,0,100,14.0,0.7126062945778959,0.03482310349560761,0.0010494829795021962,0.21349014341831207,0.6419106046071784,reference
SIHDR_191,SIHDR_191_e01.jpg,2641,8000000.000000,32,1024,SDR,176,1,100,14.0,0.652603968889595,0.024878751830161056,0.0033457631771595902,0.1272507756948471,0.5995007020521133,reference
SIHDR_191,SIHDR_191_e02.jpg,2642,6000000.000000,32,1024,SDR,176,2,100,14.0,0.6354871771221214,0.021361411054172767,0.008298636530014641,0.10113974660634995,0.5844657184837613,reference
SIHDR_191,SIHDR_191_e03.jpg,2643,4000000.000000,32,1024,SDR,176,3,100,14.0,0.5835549031833436,0.017039085377013177,0.027403802159590044,0.07370051741600037,0.5220729302697272,reference
SIHDR_191,SIHDR_191_e04.jpg,2644,2000000.000000,32,1024,SDR,176,4,100,14.0,0.5229519542114364,0.008510248901903368,0.06969625045754026,0.04273288697004318,0.43623520595008936,reference
SIHDR_191,SIHDR_191_e05.jpg,2645,1000000.000000,32,1024,SDR,176,5,100,14.0,0.45910123490278565,0.007091874084919473,0.3500697748901903,0.02516203001141548,0.09484771184275637,reference
SIHDR_191,SIHDR_191_e06.jpg,2646,500000.000000,32,1024,SDR,176,6,100,14.0,0.4047214489990291,0.0059365849194729136,0.8968618457174231,0.015793833881616592,-0.5040135665573398,reference
SIHDR_191,SIHDR_191_e07.jpg,2647,250000.000000,32,1024,SDR,176,7,100,14.0,0.30590440743825736,0.004931426153001464,0.9465964723645681,0.010578019544482231,-0.6505549172323137,reference
SIHDR_191,SIHDR_191_e08.jpg,2648,125000.000000,32,1024,SDR,176,8,100,14.0,0.24466929919851577,0.0038204612005856516,0.9689001303989752,0.00743915094062686,-0.7318717536016307,reference
SIHDR_191,SIHDR_191_e09.jpg,2649,66666.666667,32,1024,SDR,176,9,100,14.0,0.20730390828631792,0.0026923384882869693,0.9776134127928258,0.005458712112158537,-0.7756941814830818,reference
SIHDR_191,SIHDR_191_e10.jpg,2650,33333.333333,32,1024,SDR,176,10,100,14.0,0.17801055780219857,0.0011195438323572473,0.985528859352123,0.0036759180948138237,-0.8097573892146389,reference
SIHDR_191,SIHDR_191_e11.jpg,2651,16666.666667,32,1024,SDR,176,11,100,14.0,0.14062076369081108,0.0,0.9920659658674963,0.001957309665158391,-0.8514452021766852,reference
SIHDR_191,SIHDR_191_e12.jpg,2652,8000.000000,32,1024,SDR,176,12,100,14.0,0.08513428551090156,0.0,0.9933099034590044,0.0009395085508003831,-0.9081756179481029,reference
SIHDR_191,SIHDR_191_e13.jpg,2653,4000.000000,32,1024,SDR,176,13,100,14.0,0.052687821333098295,0.0,0.9944237280380673,0.00046975427540019155,-0.9417359067049691,reference
SIHDR_191,SIHDR_191_e14.jpg,2654,2000.000000,32,1024,SDR,176,14,100,14.0,0.03752117673876305,0.0,0.9954360358711567,0.00023487713770009577,-0.9579148591323936,reference
SIHDR_192,SIHDR_192_e00.jpg,2655,15000000.000000,32,1024,SDR,177,0,100,14.0,0.7612806832564606,0.07724423499267935,0.0,0.2712487578392029,0.6067922132711019,reference
SIHDR_192,SIHDR_192_e01.jpg,2656,8000000.000000,32,1024,SDR,177,1,100,14.0,0.7160986188577945,0.05834496248169839,0.0,0.17532967031002045,0.5994086938943977,reference
SIHDR_192,SIHDR_192_e02.jpg,2657,6000000.000000,32,1024,SDR,177,2,100,14.0,0.6944366522064537,0.0508227145863836,0.0,0.14501379430294037,0.5927912230336865,reference
SIHDR_192,SIHDR_192_e03.jpg,2658,4000000.000000,32,1024,SDR,177,3,100,14.0,0.6654755322727939,0.0399661420204978,0.00514875777818448,0.11154872179031372,0.5803944904536138,reference
SIHDR_192,SIHDR_192_e04.jpg,2659,2000000.000000,32,1024,SDR,177,4,100,14.0,0.6151216731377368,0.019981641196925328,0.06657353815885798,0.06900002062320709,0.5085848525850282,reference
SIHDR_192,SIHDR_192_e05.jpg,2660,1000000.000000,32,1024,SDR,177,5,100,14.0,0.5488419208804233,0.017379380948023427,0.22627939696193264,0.04374257102608681,0.28780376202244373,reference
SIHDR_192,SIHDR_192_e06.jpg,2661,500000.000000,32,1024,SDR,177,6,100,14.0,0.488937200889393,0.014657016379941434,0.7953522488103953,0.02978084236383438,-0.3357290806808852,reference
SIHDR_192,SIHDR_192_e07.jpg,2662,250000.000000,32,1024,SDR,177,7,100,14.0,0.40221028806543774,0.011784521412884334,0.8934431620607614,0.021386193111538887,-0.5148019168210922,reference
SIHDR_192,SIHDR_192_e08.jpg,2663,125000.000000,32,1024,SDR,177,8,100,14.0,0.33585655172181744,0.008776194180087848,0.929550237920937,0.01572311855852604,-0.6112460745592954,reference
SIHDR_192,SIHDR_192_e09.jpg,2664,66666.666667,32,1024,SDR,177,9,100,14.0,0.3027317703047771,0.005742130307467057,0.9467251555636896,0.011681370437145233,-0.6554776458738467,reference
SIHDR_192,SIHDR_192_e10.jpg,2665,33333.333333,32,1024,SDR,177,10,100,14.0,0.24700667849167904,0.0009994395131771596,0.9659132503660323,0.007438360713422298,-0.7209054509007076,reference
SIHDR_192,SIHDR_192_e11.jpg,2666,16666.666667,32,1024,SDR,177,11,100,14.0,0.23268583270609475,0.0,0.9807818791178624,0.00376350455917418,-0.7480960464117676,reference
SIHDR_192,SIHDR_192_e12.jpg,2667,8000.000000,32,1024,SDR,177,12,100,14.0,0.14831921766287956,0.0,0.9835714449121523,0.0018064825562760234,-0.8352522272492727,reference
SIHDR_192,SIHDR_192_e13.jpg,2668,4000.000000,32,1024,SDR,177,13,100,14.0,0.10160696885135474,0.0,0.9863595808931186,0.0009032412781380117,-0.8847526120417638,reference
SIHDR_192,SIHDR_192_e14.jpg,2669,2000.000000,32,1024,SDR,177,14,100,14.0,0.0753817657786988,0.0,0.98923779511347,0.00045162063906900585,-0.9138560293347712,reference
SIHDR_193,SIHDR_193_e00.jpg,2670,15000000.000000,32,1024,SDR,178,0,100,14.0,0.8431999691690145,0.07717703376647145,0.09234592331625183,0.19103024899959564,0.5964999783198198,reference
SIHDR_193,SIHDR_193_e01.jpg,2671,8000000.000000,32,1024,SDR,178,1,100,14.0,0.8081853942221683,0.04693362234626647,0.17913559205710103,0.12913860380649567,0.5351825574725343,reference
SIHDR_193,SIHDR_193_e02.jpg,2672,6000000.000000,32,1024,SDR,178,2,100,14.0,0.7879111387344108,0.03853489888360176,0.21367273288799415,0.10731402784585953,0.49716860807921304,reference
SIHDR_193,SIHDR_193_e03.jpg,2673,4000000.000000,32,1024,SDR,178,3,100,14.0,0.7519274409309956,0.02936550603953148,0.25837727626281115,0.0825609415769577,0.4348191525891215,reference
SIHDR_193,SIHDR_193_e04.jpg,2674,2000000.000000,32,1024,SDR,178,4,100,14.0,0.6974972654725674,0.013577507320644217,0.4676190176610542,0.05129234120249748,0.20272323317022478,reference
SIHDR_193,SIHDR_193_e05.jpg,2675,1000000.000000,32,1024,SDR,178,5,100,14.0,0.623812480141663,0.0003116993045387994,0.7419258441617862,0.028156274929642677,-0.11873676262920074,reference
SIHDR_193,SIHDR_193_e06.jpg,2676,500000.000000,32,1024,SDR,178,6,100,14.0,0.554299943733553,0.0,0.825649993136896,0.014090617187321186,-0.27135004940334306,reference
SIHDR_193,SIHDR_193_e07.jpg,2677,250000.000000,32,1024,SDR,178,7,100,14.0,0.487393033851073,0.0,0.8860395886713031,0.007045308593660593,-0.39864655482023004,reference
SIHDR_193,SIHDR_193_e08.jpg,2678,125000.000000,32,1024,SDR,178,8,100,14.0,0.40064201307863034,0.0,0.9341442281295754,0.0035226542968302965,-0.5335022150509451,reference
SIHDR_193,SIHDR_193_e09.jpg,2679,66666.666667,32,1024,SDR,178,9,100,14.0,0.35278111270501006,0.0,0.9590773128660323,0.0018787495791912079,-0.6062962001610221,reference
SIHDR_193,SIHDR_193_e10.jpg,2680,33333.333333,32,1024,SDR,178,10,100,14.0,0.2547993830554082,0.0,0.9751984580893118,0.0009393747895956039,-0.7203990750339035,reference
SIHDR_193,SIHDR_193_e11.jpg,2681,16666.666667,32,1024,SDR,178,11,100,14.0,0.18895203687113707,0.0,0.9903673476390923,0.00046968739479780197,-0.8014153107679552,reference
SIHDR_193,SIHDR_193_e12.jpg,2682,8000.000000,32,1024,SDR,178,12,100,14.0,0.13032729203865703,0.0,0.9999714037335286,0.00022544985404238105,-0.8696441116948715,reference
SIHDR_193,SIHDR_193_e13.jpg,2683,4000.000000,32,1024,SDR,178,13,100,14.0,0.08606031599347752,0.0,1.0,0.00011272492702119052,-0.9139396840065225,reference
SIHDR_193,SIHDR_193_e14.jpg,2684,2000.000000,32,1024,SDR,178,14,100,14.0,0.0527230923430542,0.0,1.0,5.636246351059526e-05,-0.9472769076569458,reference
SIHDR_194,SIHDR_194_e00.jpg,2685,15000000.000000,32,1024,SDR,179,0,100,14.0,0.8396393498121294,0.2292905838213763,0.02426250228770132,0.38924703001976013,0.3567956798816755,reference
SIHDR_194,SIHDR_194_e01.jpg,2686,8000000.000000,32,1024,SDR,179,1,100,14.0,0.9027643894392777,0.11026434388726208,0.08432038113103953,0.28207847476005554,0.597915320533714,reference
SIHDR_194,SIHDR_194_e02.jpg,2687,6000000.000000,32,1024,SDR,179,2,100,14.0,0.9147701664056748,0.0650922515556369,0.09709719299048317,0.23278222978115082,0.6874884703039178,reference
SIHDR_194,SIHDR_194_e03.jpg,2688,4000000.000000,32,1024,SDR,179,3,100,14.0,0.9056973168723438,0.02011461383601757,0.14030472181551976,0.16699635982513428,0.7251633673847888,reference
SIHDR_194,SIHDR_194_e04.jpg,2689,2000000.000000,32,1024,SDR,179,4,100,14.0,0.8393342468195643,0.00432232567715959,0.2810998696010249,0.08840501308441162,0.5495897258642202,reference
SIHDR_194,SIHDR_194_e05.jpg,2690,1000000.000000,32,1024,SDR,179,5,100,14.0,0.766305003748523,0.002532199396046852,0.4329860793374817,0.04558795690536499,0.3282545256189475,reference
SIHDR_194,SIHDR_194_e06.jpg,2691,500000.000000,32,1024,SDR,179,6,100,14.0,0.6785296020743438,0.002416384516837482,0.6048253340043924,0.024027295410633087,0.06887149903627643,reference
SIHDR_194,SIHDR_194_e07.jpg,2692,250000.000000,32,1024,SDR,179,7,100,14.0,0.6172680338002742,0.0018945026537335286,0.6988184022693997,0.013126401230692863,-0.08533937377659262,reference
SIHDR_194,SIHDR_194_e08.jpg,2693,125000.000000,32,1024,SDR,179,8,100,14.0,0.5311798592986959,0.0,0.8085279785871157,0.00667229387909174,-0.27734811928841974,reference
SIHDR_194,SIHDR_194_e09.jpg,2694,66666.666667,32,1024,SDR,179,9,100,14.0,0.46540168996881287,0.0,0.9195815794289898,0.0035585560835897923,-0.4541798894601769,reference
SIHDR_194,SIHDR_194_e10.jpg,2695,33333.333333,32,1024,SDR,179,10,100,14.0,0.3869284959809378,0.0,0.9857333226573939,0.0017792780417948961,-0.5988048266764561,reference
SIHDR_194,SIHDR_194_e11.jpg,2696,16666.666667,32,1024,SDR,179,11,100,14.0,0.30381264023665205,0.0,0.9971561012994143,0.0008896390208974481,-0.6933434610627622,reference
SIHDR_194,SIHDR_194_e12.jpg,2697,8000.000000,32,1024,SDR,179,12,100,14.0,0.2200004576601294,0.0,0.9975064055636896,0.0004270268836989999,-0.7775059479035602,reference
SIHDR_194,SIHDR_194_e13.jpg,2698,4000.000000,32,1024,SDR,179,13,100,14.0,0.15305341208359238,0.0,0.9976393782027818,0.00021351344184949994,-0.8445859661191895,reference
SIHDR_194,SIHDR_194_e14.jpg,2699,2000.000000,32,1024,SDR,179,14,100,14.0,0.08989667583017674,0.0,1.0,0.00010675672092474997,-0.9101033241698233,reference
SIHDR_195,SIHDR_195_e00.jpg,2700,15000000.000000,32,1024,SDR,180,0,100,14.0,0.8158513817719201,0.1522822680270864,0.0,0.4167315661907196,0.5112868457177473,reference
SIHDR_195,SIHDR_195_e01.jpg,2701,8000000.000000,32,1024,SDR,180,1,100,14.0,0.8130264790385344,0.09637656707540264,0.0,0.2733194828033447,0.6202733448877291,reference
SIHDR_195,SIHDR_195_e02.jpg,2702,6000000.000000,32,1024,SDR,180,2,100,14.0,0.7954337133419188,0.08545136346998536,0.0,0.22745248675346375,0.6245309864019482,reference
SIHDR_195,SIHDR_195_e03.jpg,2703,4000000.000000,32,1024,SDR,180,3,100,14.0,0.7658050105578882,0.07520246156661786,0.0,0.1779320389032364,0.6154000874246525,reference
SIHDR_195,SIHDR_195_e04.jpg,2704,2000000.000000,32,1024,SDR,180,4,100,14.0,0.702703425783853,0.06716691068814055,0.0026866192349926793,0.12357285618782043,0.5656829851725792,reference
SIHDR_195,SIHDR_195_e05.jpg,2705,1000000.000000,32,1024,SDR,180,5,100,14.0,0.627239160522159,0.06653350338579796,0.1119415149158126,0.09517186135053635,0.3822306388347505,reference
SIHDR_195,SIHDR_195_e06.jpg,2706,500000.000000,32,1024,SDR,180,6,100,14.0,0.559736688115565,0.06529242542093704,0.5370564719070278,0.08059640973806381,-0.10790463463333688,reference
SIHDR_195,SIHDR_195_e07.jpg,2707,250000.000000,32,1024,SDR,180,7,100,14.0,0.48355855841659406,0.06253431551976574,0.744622472090044,0.07211565971374512,-0.38613254471298136,reference
SIHDR_195,SIHDR_195_e08.jpg,2708,125000.000000,32,1024,SDR,180,8,100,14.0,0.43308191770308296,0.0,0.8827395795204978,0.06262116134166718,-0.4496576618174148,reference
SIHDR_195,SIHDR_195_e09.jpg,2709,66666.666667,32,1024,SDR,180,9,100,14.0,0.3884331175560243,0.0,0.9112958112188873,0.033397968858480453,-0.522862693662863,reference
SIHDR_195,SIHDR_195_e10.jpg,2710,33333.333333,32,1024,SDR,180,10,100,14.0,0.2991893893863973,0.0,0.9293386255490483,0.016698984429240227,-0.6301492361626511,reference
SIHDR_195,SIHDR_195_e11.jpg,2711,16666.666667,32,1024,SDR,180,11,100,14.0,0.3031497532837741,0.0,0.9330547103770132,0.008349492214620113,-0.6299049570932391,reference
SIHDR_195,SIHDR_195_e12.jpg,2712,8000.000000,32,1024,SDR,180,12,100,14.0,0.22374525219022687,0.0,0.9337052754392386,0.004007755313068628,-0.7099600232490118,reference
SIHDR_195,SIHDR_195_e13.jpg,2713,4000.000000,32,1024,SDR,180,13,100,14.0,0.155862232180645,0.0,0.9357885134516838,0.002003877656534314,-0.7799262812710388,reference
SIHDR_195,SIHDR_195_e14.jpg,2714,2000.000000,32,1024,SDR,180,14,100,14.0,0.09816479897174524,0.0,0.9384722730600292,0.001001938828267157,-0.840307474088284,reference
